,Id,Timestamp,Easting,Northing,Height,EastingDiff,NorthingDiff,HeightDiff,Type,LongitudinalDisplacement,TransverseDisplacement,HeightDisplacement,Name
2301,138,2026-02-09 18:00:20.270000+00:00,123928.09189449548,426940.43327111594,7.118906910926749,0.005275616800645366,0.0015499638975597918,0.000970847328821911,0,-0.00200400682028544,0.005120398165693741,0.000970847328821911,905_GSL_1
2302,134,2026-02-09 18:00:21.760000+00:00,123855.6296570836,426533.0794838702,6.047092305497598,0.015194942185189575,0.005185808229725808,0.001249386599817548,0,-0.013855720530914188,0.008111589460515658,0.001249386599817548,904_GSL_1
2303,137,2026-02-09 18:00:39.270000+00:00,123928.09745884527,426940.4267473815,7.129667190058905,0.008059583386057056,-0.007081189542077482,0.006803499093375187,0,-0.010459959367245765,0.0023852420680513828,0.006803499093375187,905_GSL_1
2304,142,2026-02-09 18:00:43.440000+00:00,124266.94398801072,427056.316043914,7.076131285126209,0.02449706477636937,0.0008895438513718545,-0.006669448127846422,0,-0.0010171276515556485,0.024492099180380422,-0.006669448127846422,906_GSL_1
2305,141,2026-02-09 18:00:55.150000+00:00,124266.9281888993,427056.31261602096,7.086376726900485,0.009560147853335366,-0.001902282063383609,0.002242026637387262,0,-0.002194917991898369,0.009497233230533229,0.002242026637387262,906_GSL_1
2306,125,2026-02-09 18:00:58.040000+00:00,124339.66236816236,426609.5898789828,6.674387558765811,0.004502598734688945,-0.0013548636343330145,0.0008716206366967683,0,-0.0006872355175742014,0.004651532884613961,0.0008716206366967683,17_P5_1
2307,122,2026-02-09 18:01:12.060000+00:00,124329.16506909914,426611.38924547785,8.079752486942263,0.015518196087214164,-0.0027934309910051525,-0.00391135150013433,0,0.0012327156166260255,0.015719353635288678,-0.00391135150013433,16_P5_1
2308,146,2026-02-09 18:01:18.610000+00:00,124350.92442839037,426607.5122936086,11.379108270804565,-0.001838184572989121,0.00042821181705221534,-0.00021324241951781175,0,3.0349298757343968e-05,-0.0018871583941745048,-0.00021324241951781175,13_P5_1
2309,120,2026-02-09 18:01:27.540000+00:00,124329.2710344712,426611.33038390096,11.350963513714781,0.010782636032672599,-0.0007911891443654895,-0.0070676529320916615,0,0.001976352891129699,0.010629451976700142,-0.0070676529320916615,15_P5_1
2310,148,2026-02-09 18:01:37.210000+00:00,124351.04054837064,426607.39841929433,8.016944270466379,-0.0005700440233340487,-3.660039510577917e-05,0.0014878552539965284,0,-0.00015660085805595746,-0.0005493322753278806,0.0014878552539965284,14_P5_1
2311,124,2026-02-09 18:01:42.260000+00:00,124339.67151186723,426609.5887603306,6.669376388829294,0.013746144002652727,-0.0014815734466537833,-0.005053807003899458,0,0.002889479477960104,0.01352044537602007,-0.005053807003899458,17_P5_1
2312,128,2026-02-09 18:01:54.540000+00:00,124898.93667516786,426720.78176341497,4.074457935672141,-0.0036262316425563768,0.012499380158260465,-0.006933995331538156,0,0.002133282802566683,-0.01283873688298291,-0.006933995331538156,901_GSL_1
2313,127,2026-02-09 18:01:58.560000+00:00,124898.9533606627,426720.77235336,4.08101577416139,0.013007238463615067,0.004181841446552426,0.00441607144488998,0,0.013579223218284493,0.0015102142634256508,0.00441607144488998,901_GSL_1
2314,154,2026-02-09 18:01:58.760000+00:00,124285.66533888795,426445.56120338355,7.895163798772587,0.0007138879445847124,-0.002621616469696164,-0.006436201227412397,11,-0.0012972058944640144,-0.002387418224562546,-0.006436201227412397,TS1-1
2315,131,2026-02-09 18:02:12.810000+00:00,124806.22218036994,426258.50733242725,4.617184734862638,0.0036358737852424383,0.0010483627556823194,0.005680262090075772,0,0.0030441418102776607,-0.0022476305943447314,0.005680262090075772,903_GSL_1
2316,3,2026-02-09 18:02:13.010000+00:00,124314.90194708471,426440.79299624695,7.048079921431927,-0.0022779152932344005,-0.0012037530541419983,-0.004120078568073282,11,0.000258848024496395,-0.0025633800340023067,-0.004120078568073282,TS2
2317,71,2026-02-09 18:05:48.740000+00:00,124806.21949313827,426258.5075637417,4.639859435693084,-0.008268797217169777,-0.007542390376329422,0.0483557725438164,0,0.00212585307180799,0.010988239564402747,0.0483557725438164,903_GSL_1
2318,67,2026-02-09 18:06:05.940000+00:00,123855.61461700013,426533.07437503216,6.0791979459961745,-0.003377474014996551,-0.016727672540582716,0.03478979765859869,0,0.012525116917837687,-0.011590677527281922,0.03478979765859869,904_GSL_1
2319,68,2026-02-09 18:06:20.900000+00:00,123928.08670844116,426940.4293193,7.119242454569454,-0.022241920698434114,-0.018415705242659897,0.00042917352922788865,0,-0.0009470315907367024,-0.02886077558046751,0.00042917352922788865,905_GSL_1
2320,67,2026-02-09 18:06:21.170000+00:00,123855.6299934319,426533.080621311,6.046433624014163,0.01199895775062032,-0.010481393721420318,0.002025475676587618,0,-0.013848323543031992,-0.007877724068035552,0.002025475676587618,904_GSL_1
2321,68,2026-02-09 18:06:22.860000+00:00,123928.08759923706,426940.4315242766,7.188334141860029,-0.02135112480027601,-0.016210728615988046,0.0695208608198028,0,0.020810853013962426,-0.016898717387110365,0.0695208608198028,905_GSL_1
2322,69,2026-02-09 18:06:38.180000+00:00,124266.92394841336,427056.3146834498,7.052032245494456,-0.01864878329797648,-0.00015493424143642187,-0.03846912543297609,0,0.001294276778955341,-0.018604461043887105,-0.03846912543297609,906_GSL_1
2323,68,2026-02-09 18:06:39.180000+00:00,123928.09932822787,426940.4280333355,7.127614819792738,-0.009622133991797455,-0.01970166974933818,0.008801538752511995,0,-0.01033415743361938,-0.01933769488861742,0.008801538752511995,905_GSL_1
2324,69,2026-02-09 18:06:39.620000+00:00,124266.91797967828,427056.31340303074,7.160070682601428,-0.0246175183710875,-0.001435353304259479,0.0695693116739955,0,0.016452041303894535,-0.01836879927468933,0.0695693116739955,906_GSL_1
2325,69,2026-02-09 18:06:55.430000+00:00,124266.92760178863,427056.31259832677,7.086630470008497,-0.01499540802615229,-0.00224005727795884,-0.0038709009189350496,0,-0.0017791758314539238,-0.015057046584244175,-0.0038709009189350496,906_GSL_1
2326,66,2026-02-09 18:06:55.610000+00:00,124898.93501962339,426720.78560793947,4.089564336186213,-0.0025860402965918183,0.011402784672100097,0.007277805782448965,0,0.0025973307154977367,-0.011400218236867645,0.007277805782448965,901_GSL_1
2327,71,2026-02-09 18:07:12.690000+00:00,124806.22076918991,426258.50356253324,4.614661954442369,-0.0069927455770084634,-0.011543598840944469,0.023158291293101207,0,-0.0025409030053071217,0.013255073625712047,0.023158291293101207,903_GSL_1
2328,66,2026-02-09 18:07:12.950000+00:00,124898.95391916821,426720.77087169426,4.081532515369961,0.01631350452953484,-0.0033334605395793915,-0.0007540150338032348,0,0.013518624482487088,0.009720554578087987,-0.0007540150338032348,901_GSL_1
2329,107,2026-02-09 18:07:21.800000+00:00,124409.92129559058,426969.5242891411,6.33818029667366,0.00017337393364869058,-0.001313708198722452,0.05238006155506891,0,-0.0012347952219051255,0.00048079986711695486,0.05238006155506891,38_P9_0
2330,106,2026-02-09 18:07:34.310000+00:00,124410.03262860367,426969.44960975903,8.972744712436608,0.0003981794434366748,-0.0012614550651051104,0.05181826216168517,0,-0.0011286900402673245,0.0006898366063469115,0.05181826216168517,37_P9_0
2331,104,2026-02-09 18:07:49.170000+00:00,124389.81641185109,426881.44508034876,10.774590753735588,0.0007524582179030403,-0.0010542473173700273,0.05180548938821339,0,0.0008758255480223826,-0.0009542328779197516,0.05180548938821339,33_P7_0
2332,164,2026-02-09 18:07:50.450000+00:00,124091.07053974191,427154.2045150339,9.831153100728775,-0.024788709459244274,0.009784092486370355,0.016519569099378018,0,0.015998656663445646,-0.021313178256699813,0.016519569099378018,907_GSL_1
2333,102,2026-02-09 18:07:55.760000+00:00,124282.39516881945,426301.79252648645,6.902789707869729,0.0018798736273311079,-0.001031378167681396,-0.0005082758970065271,0,0.0005761349620105579,-0.0020653654119922563,-0.0005082758970065271,02_P1_0
2334,105,2026-02-09 18:08:01.740000+00:00,124389.6877422436,426881.4728891105,7.11106319850567,0.0008693429845152423,-0.0010759967262856662,0.051149425269302995,0,0.0008697555532529179,-0.0010756632638930503,0.051149425269302995,34_P7_0
2335,122,2026-02-09 18:08:06.360000+00:00,124329.16515303282,426611.3892253038,8.078178686572612,0.015602129773469642,-0.0028136050677858293,-0.0054851518697862645,0,0.0012344834043504678,0.01580565967209345,-0.0054851518697862645,16_P5_1
2336,103,2026-02-09 18:08:09.810000+00:00,124282.3139678978,426301.7962966036,9.29886543417237,0.0022494906443171203,-0.0011475495994091034,0.0009139483812568017,0,0.000603694358373546,-0.0024520667535045206,0.0009139483812568017,01_P1_0
2337,120,2026-02-09 18:08:21.170000+00:00,124329.27086676363,426611.33026337845,11.351417548821043,0.010614928469294682,-0.0009117116569541395,-0.006613617825829365,0,0.0018171505696487717,0.010497899235603948,-0.006613617825829365,15_P5_1
2338,100,2026-02-09 18:08:22.950000+00:00,124292.48640113849,426345.9289565325,7.5884538385591105,0.0026778651808854192,-0.0012784472201019526,-4.5730409987676524e-05,0,0.0006282232984231509,-0.0029001249471192177,-4.5730409987676524e-05,06_P2_0
2339,124,2026-02-09 18:08:35.550000+00:00,124339.67201517138,426609.5884328072,6.668845852656325,0.014249448155169375,-0.00180909683695063,-0.005584343176868067,0,0.002735692502699133,0.014100907439700484,-0.005584343176868067,17_P5_1
2340,101,2026-02-09 18:08:36.250000+00:00,124292.40721880744,426345.8822118916,10.216925750138042,0.0018999366002390161,-0.0011816343176178634,0.0013072525377584299,0,0.0007115154510494179,-0.002121264836935258,0.0013072525377584299,05_P2_0
2341,98,2026-02-09 18:08:49.200000+00:00,124302.66302054813,426390.07707370725,7.981073862821342,0.0021749145817011595,-0.0008383013191632926,0.0020230676904713363,0,0.0003044803137500882,-0.0023109076740419326,0.0020230676904713363,10_P3_0
2342,170,2026-02-09 18:08:52.400000+00:00,124669.39584294242,426931.30284720316,13.788287162687261,0.007796125952154398,0.004350231436546892,0.0020970320158735234,0,0.008246246810115095,0.003421038871460362,0.0020970320158735234,908_GSL_1
2343,99,2026-02-09 18:09:02.660000+00:00,124302.53996908557,426390.1340838246,11.089584414058606,0.0018887944024754688,-0.0007324673933908343,0.001829211309239298,0,0.0002636385321520405,-0.0020086183065899164,0.001829211309239298,09_P3_0
2344,92,2026-02-09 18:09:09.530000+00:00,124278.3300397533,426395.63524474564,11.094749536678524,0.016063950723037124,-0.0030458795372396708,-0.007039446548695594,0,0.0006684088645868043,-0.01633649670453497,-0.007039446548695594,11_P3_0
2345,166,2026-02-09 18:09:19.910000+00:00,124091.07208532488,427154.21041996585,9.829328122247633,-0.00019551081641111523,0.02139198628719896,-0.0005254968151717776,0,0.020469437748316423,0.00621750915229248,-0.0005254968151717776,907_GSL_1
2346,93,2026-02-09 18:09:23.680000+00:00,124278.28416150567,426395.7882421451,7.941750418469423,0.01603792599053122,-0.0031079574255272746,-0.0069751018100943085,0,0.0007116614910114679,-0.01632078452032433,-0.0069751018100943085,12_P3_0
2347,125,2026-02-09 18:09:35.020000+00:00,124339.66166801803,426609.590082705,6.674370511269516,0.0038024544046493247,-0.0011511414195410907,0.0008545731404021595,0,-0.0005872544170799272,0.003929238897908886,0.0008545731404021595,17_P5_1
2348,94,2026-02-09 18:09:37.130000+00:00,124268.240017385,426351.55298702925,10.207170729195385,0.015794885912328027,-0.002985991246532649,-0.007323210095576016,0,5.213431120554398e-05,-0.01607457143196742,-0.007323210095576016,07_P2_0
2349,146,2026-02-09 18:09:50.090000+00:00,124350.92804475769,426607.51135151903,11.379386013460273,0.0017781827482394874,-0.0005138777778483927,6.450023619031242e-05,0,-0.00012675480892339496,0.0018466016016232987,6.450023619031242e-05,13_P5_1
2350,65,2026-02-09 18:09:50.400000+00:00,124372.12256929527,426824.9197049383,5.576659017259182,-0.0017931624606717378,-0.00017779826885089278,0.05202327662128603,0,0.0006370657476120318,0.0016855833020020753,0.05202327662128603,30_KW_1
2351,95,2026-02-09 18:09:50.550000+00:00,124268.12539333456,426351.5461676355,7.186447447354475,0.01584543232456781,-0.003023374534677714,-0.0072234108906457095,0,6.08531165591596e-05,-0.016131175283518595,-0.0072234108906457095,08_P2_0
2352,96,2026-02-09 18:10:04.170000+00:00,124258.07796672273,426307.3492194474,9.29900155325966,0.01698852630215697,-0.003190129529684782,-0.005544054916230223,0,-0.00020082828391444266,-0.01728428825076769,-0.005544054916230223,03_P1_0
2353,148,2026-02-09 18:10:05.190000+00:00,124351.042798439,426607.3979898359,8.01567000036545,0.0016800243320176378,-0.00046605884563177824,0.0002135851530677968,0,-9.93536619217957e-05,0.0017406382316913715,0.0002135851530677968,14_P5_1
2354,97,2026-02-09 18:10:18.030000+00:00,124258.00327557346,426307.3886853825,6.831976363714532,0.015405364581965841,-0.00316732213832438,-0.00508582688156789,0,7.818219350958422e-05,-0.015727398862361994,-0.00508582688156789,04_P1_0
2355,168,2026-02-09 18:10:28.090000+00:00,124669.36909482705,426931.3151229326,13.793850134582902,-0.007637144299224019,0.007382360228803009,-0.007489885352326198,0,0.00151026880463564,-0.010514005123297534,-0.007489885352326198,908_GSL_1
2356,134,2026-02-09 18:15:21.180000+00:00,123855.62951211442,426533.0782926884,6.048169734653683,0.015049973007990047,0.003994626458734274,0.002326815755902878,0,-0.013951188579678475,0.0069154222792464255,0.002326815755902878,904_GSL_1
2357,138,2026-02-09 18:15:21.310000+00:00,123928.09708236145,426940.4373510436,7.116270286169477,0.010463482773047872,0.005629891587886959,-0.0016657774284505322,0,-0.0019537951390481544,0.011720189230036423,-0.0016657774284505322,905_GSL_1
2358,142,2026-02-09 18:15:38.500000+00:00,124266.94494872488,427056.31616899744,7.074567306406203,0.02545777893101331,0.0010146272834390402,-0.008233426847852776,0,-0.0009670919968396403,0.025459629017216504,-0.008233426847852776,906_GSL_1
2359,137,2026-02-09 18:15:38.790000+00:00,123928.09714027024,426940.42639818415,7.132536474843649,0.007741008361335844,-0.0074303869041614234,0.009672783878118985,0,-0.010556412035903965,0.0019225048566978784,0.009672783878118985,905_GSL_1
2360,125,2026-02-09 18:15:52.990000+00:00,124339.66210440772,426609.58981884125,6.675408550610156,0.004238844092469662,-0.001415005186572671,0.0018926124810416667,0,-0.0007850093571894808,0.004399295310321583,0.0018926124810416667,17_P5_1
2361,141,2026-02-09 18:15:55.530000+00:00,124266.9281640126,427056.3125175422,7.088161160095314,0.009535261153359897,-0.0020007608109153807,0.004026459832216389,0,-0.002292586193310128,0.009469334592858827,0.004026459832216389,906_GSL_1
2362,122,2026-02-09 18:16:12.480000+00:00,124329.1643308828,426611.3895426244,8.079593527640057,0.01477997975598555,-0.002496284432709217,-0.004070310802340771,0,0.0013329660511083312,0.014929917583929314,-0.004070310802340771,16_P5_1
2363,146,2026-02-09 18:16:13.190000+00:00,124350.92613722307,426607.51188246865,11.378753006166821,-0.00012935187260154635,1.7071841284632683e-05,-0.0005685070572614137,0,-1.063089866483515e-05,-0.00013003975816630993,-0.0005685070572614137,13_P5_1
2364,120,2026-02-09 18:16:27.580000+00:00,124329.27092274852,426611.3302872639,11.352044195822947,0.010670913354260847,-0.000887826201505959,-0.005986970823926185,0,0.001854485529565668,0.010545971297080915,-0.005986970823926185,15_P5_1
2365,148,2026-02-09 18:16:29.210000+00:00,124351.04415909706,426607.3977569317,8.004919159570607,0.0030406823934754357,-0.0006989630055613816,-0.010537255641775545,0,-3.8546828641806905e-05,0.0031197456375699224,-0.010537255641775545,14_P5_1
2366,124,2026-02-09 18:16:42.840000+00:00,124339.67166181921,426609.58865902043,6.669469223552716,0.013896095988457091,-0.0015828835894353688,-0.004960972280477094,0,0.002840118395446429,0.013694551167452107,-0.004960972280477094,17_P5_1
2367,128,2026-02-09 18:16:47.600000+00:00,124898.93959765515,426720.77568335354,4.075973690610704,-0.0007037443574517965,0.006419318728148937,-0.005418240392975449,0,0.0021403333107486997,-0.006092772962544103,-0.005418240392975449,901_GSL_1
2368,127,2026-02-09 18:16:58.650000+00:00,124898.95352499228,426720.7717583515,4.082131974094874,0.013171568047255278,0.0035868328996002674,0.005532271378373643,0,0.013485536796715268,0.0021203472304246788,0.005532271378373643,901_GSL_1
2369,154,2026-02-09 18:16:58.850000+00:00,124285.66533079583,426445.56120965537,7.8951080062718955,0.0007057958282530308,-0.002615344652440399,-0.006491993728103829,11,-0.0012878891200624229,-0.002383173727753143,-0.006491993728103829,TS1-1
2370,131,2026-02-09 18:17:04.890000+00:00,124806.22141274661,426258.50549887057,4.610313668322401,0.002868250463507138,-0.0007851939299143851,-0.001190804450161842,0,0.0029622585740655457,-0.0002615614064774661,-0.001190804450161842,903_GSL_1
2371,3,2026-02-09 18:17:05.090000+00:00,124314.90193034029,426440.79297352914,7.066746545348322,-0.002294659716426395,-0.0012264708639122546,0.014546545348322226,11,0.00024920141611924014,-0.0025899020538274996,0.014546545348322226,TS2
2372,66,2026-02-09 18:18:01.780000+00:00,124898.91546971805,426720.8393552124,4.13067086409046,-0.022135945633635856,0.0651500576059334,0.04838433368669559,0,-0.04556513036831478,-0.05155917948988522,0.04838433368669559,901_GSL_1
2373,150,2026-02-09 18:18:16.460000+00:00,124401.11376230192,426812.31532768166,9.190444197817188,0.01058167198789306,-0.006103907362557948,0.00843017457337858,0,0.0014484096581925175,0.01212978056735176,0.00843017457337858,27_KW_1
2374,71,2026-02-09 18:18:17.690000+00:00,124806.19616767534,426258.5786643608,4.630162713360321,-0.031594260144629516,0.06355822872137651,0.03865905021105398,0,-0.07083929237644246,-0.004431745467672459,0.03865905021105398,903_GSL_1
2375,129,2026-02-09 18:18:33.640000+00:00,124898.9505880425,426720.76707574766,4.093288547247704,0.010916343715507537,-0.005426922463811934,0.0016038020020907595,0,0.011481826782063508,0.00409703567106959,0.0016038020020907595,901_GSL_1
2376,67,2026-02-09 18:18:35.900000+00:00,123855.59087477636,426533.14980498486,6.065262282951089,-0.027119697784655727,0.05870228016283363,0.020854134613513153,0,-0.010523204272633327,0.06380202094043184,0.020854134613513153,904_GSL_1
2377,149,2026-02-09 18:18:51.420000+00:00,124351.0513647459,426607.3905793103,8.020056857903773,0.010053053832962178,-0.006153155176434666,0.007831013935975406,0,0.004494561275410722,-0.010896060248332817,0.007831013935975406,14_P5_1
2378,147,2026-02-09 18:19:06.640000+00:00,124350.93751153011,426607.5040882679,11.380628285265562,0.011004184518242255,-0.005904472200199962,0.006408643593118768,0,0.004090585665147838,-0.011799236322344923,0.006408643593118768,13_P5_1
2379,110,2026-02-09 18:19:09.510000+00:00,124434.11891002639,426964.006421444,8.79008827277257,-0.021542857473832555,0.0719936020905152,0.045715100297964995,0,0.06591055447743185,-0.0360967070323982,0.045715100297964995,35_P9_0
2380,126,2026-02-09 18:19:20.650000+00:00,124339.66840926807,426609.5822107264,6.677547987295197,0.011588663925067522,-0.0062794346595183015,0.006890798159739475,0,0.00355694068539964,-0.01269159580871806,0.006890798159739475,17_P5_1
2381,111,2026-02-09 18:19:22.140000+00:00,124434.24047843207,426964.04977565596,6.506816380899821,-0.0212123272503959,0.07171187660424039,0.04552387128505231,0,0.06561847455118074,-0.03587160257161275,0.04552387128505231,36_P9_0
2382,121,2026-02-09 18:19:35.550000+00:00,124329.27166259456,426611.3207635999,11.361945343290625,0.012119824852561578,-0.006952892697881907,0.007645821216502924,0,0.003301171716792127,-0.013577007646064008,0.007645821216502924,15_P5_1
2383,123,2026-02-09 18:19:51.630000+00:00,124329.16438563363,426611.3822672166,8.084228627104073,0.014629021505243145,-0.008010803023353219,0.006112982050007432,0,0.0036069518199016107,-0.01628407608213435,0.006112982050007432,16_P5_1
2384,4,2026-02-09 18:19:51.830000+00:00,124378.97048514846,426782.7427405915,7.757879964768586,0.003485148452455178,-0.0006344084395095706,-0.006570035231414195,11,-0.0033559723079355955,0.0011341003800991877,-0.006570035231414195,TS3
2385,68,2026-02-09 18:20:10.170000+00:00,123928.09767939706,426940.4246830729,7.139037153672546,-0.01127096479467582,-0.02305193233769387,0.02022387263231984,0,0.0030276712198760145,-0.025480569830535045,0.02022387263231984,905_GSL_1
2386,69,2026-02-09 18:20:28.640000+00:00,124266.92995089918,427056.3081621467,7.112297931605406,-0.01264629747311119,-0.006676237331703305,0.02179656067797353,0,-0.0013855532866620828,-0.014233103202656378,0.02179656067797353,906_GSL_1
2387,66,2026-02-09 18:20:46.940000+00:00,124898.95088705054,426720.76780662895,4.094774496029972,0.013281386854941957,-0.006398525845725089,0.012487965626207576,0,0.01394521219403285,0.004781989821448228,0.012487965626207576,901_GSL_1
2388,113,2026-02-09 18:20:57.820000+00:00,124414.05713117197,426875.98941458715,7.342772867509488,-0.021615279183606617,0.07231765170581639,0.04600313065339723,0,-0.06517290262784613,0.03807303252290672,0.04600313065339723,32_P7_0
2389,112,2026-02-09 18:21:10.540000+00:00,124413.93067678859,426875.9417163457,10.70809599153264,-0.02172336055082269,0.07223625475307927,0.04595759904278829,0,-0.06497274022947155,0.03832132463063371,0.04595759904278829,31_P7_0
2390,68,2026-02-09 18:21:20.600000+00:00,123928.09144178385,426940.4328569692,7.121799333071598,-0.017508578006527387,-0.014878036046866328,0.002986052031372033,0,-0.0010470916148048203,-0.022952338869333417,0.002986052031372033,905_GSL_1
2391,67,2026-02-09 18:21:22.070000+00:00,123855.62953087669,426533.0783921073,6.04851386563292,0.011536402540514246,-0.01271059742430225,0.004105717295344036,0,-0.013839657830943729,-0.01015439518542884,0.004105717295344036,904_GSL_1
2392,149,2026-02-09 18:21:22.630000+00:00,124351.05122351734,426607.3904995311,8.019365199470128,0.009911825269227847,-0.006232934363652021,0.007139355502330247,0,0.0045955700710122345,-0.010769145122604419,0.007139355502330247,14_P5_1
2393,69,2026-02-09 18:21:36.410000+00:00,124266.94304825002,427056.31607112364,7.073317309802851,0.0004510533617576584,0.0012327395961619914,-0.017184061124581262,0,0.0011939737660776914,0.000545456407989464,-0.017184061124581262,906_GSL_1
2394,147,2026-02-09 18:21:37.430000+00:00,124350.93714919529,426607.50410466245,11.383518730171694,0.010641849701642059,-0.005888077663257718,0.009299088499250985,0,0.004131678333180518,-0.01143886610604479,0.009299088499250985,13_P5_1
2395,68,2026-02-09 18:21:40.270000+00:00,123928.09819683337,426940.42722784367,7.135511326061472,-0.010753528491477482,-0.020507161563728005,0.016698045021246166,0,-0.01032445141058129,-0.02072649882368962,0.016698045021246166,905_GSL_1
2396,126,2026-02-09 18:21:51.650000+00:00,124339.6679105288,426609.5823265434,6.677135661675043,0.011089924664702266,-0.006163617654237896,0.006478472539584779,0,0.0035544561934786087,-0.01217959165263952,0.006478472539584779,17_P5_1
2397,66,2026-02-09 18:21:57.310000+00:00,124898.93957209856,426720.7758521904,4.075960637891104,0.0019664348801597953,0.0016470355913043022,-0.00632589251266058,0,0.002485196285535695,-0.0006351313244453977,-0.00632589251266058,901_GSL_1
2398,69,2026-02-09 18:21:57.330000+00:00,124266.9284449758,427056.312622506,7.085324915343296,-0.014152220857795328,-0.0022158780484460294,-0.005176455584136264,0,-0.0017808639602500567,-0.01421351449460986,-0.005176455584136264,906_GSL_1
2399,121,2026-02-09 18:22:08.030000+00:00,124329.27177576881,426611.32075426314,11.36058359358837,0.012232999099069275,-0.006962229439523071,0.006284071514247813,0,0.0032786096470130565,-0.013688302469952377,0.006284071514247813,15_P5_1
2400,66,2026-02-09 18:22:13.950000+00:00,124898.95391159301,426720.7711332742,4.081564994412791,0.0163059293263359,-0.003071880608331412,-0.0007215359909729102,0,0.013618813088453882,0.009478803285703366,-0.0007215359909729102,901_GSL_1
2401,71,2026-02-09 18:22:14.170000+00:00,124806.22232130019,426258.50836288044,4.6115148277546485,-0.005440635301056318,-0.0067432516370899975,0.020011164605381104,0,-0.002755410740035775,0.008214600828641195,0.020011164605381104,903_GSL_1
2402,123,2026-02-09 18:22:22.790000+00:00,124329.16341736473,426611.38244584476,8.084904273067743,0.013660752607393079,-0.007832174887880683,0.006788628013676856,0,0.003705819762427159,-0.015304444621192561,0.006788628013676856,16_P5_1
2403,118,2026-02-09 18:22:39.840000+00:00,124372.27069201713,426775.10791161924,6.174456817695705,0.01066465514304582,-0.00475287955487147,0.008924748705343433,0,-0.003487249299380283,-0.011142882289030097,0.008924748705343433,22_P6_1
2404,164,2026-02-09 18:22:51.960000+00:00,124091.06963486792,427154.2043609165,9.834545037470395,-0.025693583447718993,0.009629975073039532,0.01991150584099799,0,0.016089641636862755,-0.022226562538764167,0.01991150584099799,907_GSL_1
2405,102,2026-02-09 18:22:56.700000+00:00,124282.39611582774,426301.7924068926,6.9035785537361045,0.002826881915098056,-0.0011509720352478325,0.0002805699693686492,0,0.000476906102228281,-0.0030147236287076827,0.0002805699693686492,02_P1_0
2406,74,2026-02-09 18:22:56.940000+00:00,124369.35765783188,426785.72101974103,7.238500426380289,0.01134462257323321,-0.005446555675007403,0.00844659162321637,0,-0.012449311298636887,-0.0018384989093550724,0.00844659162321637,21_P6_1
2407,122,2026-02-09 18:23:07.960000+00:00,124329.16518706197,426611.3891639609,8.07880524051804,0.015636158917914145,-0.002874947967939079,-0.0048585979243576105,0,0.0011837738336713667,0.015854131040058235,-0.0048585979243576105,16_P5_1
2408,103,2026-02-09 18:23:12.110000+00:00,124282.31639756852,426301.79582074215,9.298314980249195,0.004679161356762052,-0.0016234110807999969,0.00036349445808170344,0,0.0005123042966404675,-0.004926211409138184,0.00036349445808170344,01_P1_0
2409,73,2026-02-09 18:23:13.240000+00:00,124369.50083433704,426785.6881141097,11.414623076835895,0.011494772610603832,-0.008352544507943094,0.008568460772819364,0,-0.013460523431971353,-0.00455072588319803,0.008568460772819364,20_P6_1
2410,120,2026-02-09 18:23:22.970000+00:00,124329.27092776296,426611.33040155657,11.35146118057497,0.01067592779872939,-0.0007735335384495556,-0.0065699860719021785,0,0.001966297160038994,0.010521761448408332,-0.0065699860719021785,15_P5_1
2411,100,2026-02-09 18:23:26.450000+00:00,124292.48751286924,426345.928636506,7.58741591122225,0.0037895959248999134,-0.0015984736965037882,-0.0010836577468484876,0,0.0006839558326661966,-0.004055657758168754,-0.0010836577468484876,06_P2_0
2412,124,2026-02-09 18:23:37.800000+00:00,124339.6720559339,426609.5883719965,6.669553441614429,0.014290210674516857,-0.0018699075444601476,-0.004876754218764212,0,0.0026906706672657666,0.014158635764339024,-0.004876754218764212,17_P5_1
2413,152,2026-02-09 18:23:38.930000+00:00,124370.28424349253,426819.49231248634,9.736554950295911,0.008471830660710111,-0.006857551576104015,0.007633999068032082,0,-0.008625018316872117,0.006663856795902434,0.007633999068032082,29_KW_1
2414,101,2026-02-09 18:23:40.450000+00:00,124292.41008069906,426345.88151000446,10.21775931121796,0.0047618282260373235,-0.001883521443232894,0.00214081361767704,0,0.0007343295946792302,-0.005067881325345151,0.00214081361767704,05_P2_0
2415,117,2026-02-09 18:23:53.630000+00:00,124377.69157184788,426815.8995732465,7.625988824018761,0.011554703800356947,-0.006132792041171342,0.008553783846301677,0,-0.006580767017042589,0.011305566045167406,0.008553783846301677,26_KW_0
2416,98,2026-02-09 18:23:53.760000+00:00,124302.66361528503,426390.07692982943,7.981056159822618,0.0027696514734998345,-0.0009821791318245232,0.002005364691747502,0,0.00030476700727093765,-0.002922800404223746,0.002005364691747502,10_P3_0
2417,170,2026-02-09 18:23:54.360000+00:00,124669.39742781423,426931.30165499565,13.788611718328987,0.009380997755215503,0.003158023930154741,0.0024215876575990336,0,0.008293139917890007,0.005403708386755123,0.0024215876575990336,908_GSL_1
2418,99,2026-02-09 18:24:07.260000+00:00,124302.54170044599,426390.1335438384,11.088759860342375,0.0036201548209646717,-0.0012724535772576928,0.0010046575930076074,0,0.00037762284027896813,-0.003818646360234121,0.0010046575930076074,09_P3_0
2419,116,2026-02-09 18:24:07.310000+00:00,124377.69881307354,426815.89409920044,10.013989094868688,0.011453181970864534,-0.005962363153230399,0.008929339591563945,0,-0.006404087810266218,0.011212172445477977,0.008929339591563945,25_KW_0
2420,92,2026-02-09 18:24:11.830000+00:00,124278.3300172235,426395.6352576541,11.094898748417267,0.016041420924011618,-0.0030329710571095347,-0.0068902348099531,0,0.000658927309038734,-0.01631232397593871,-0.0068902348099531,11_P3_0
2421,115,2026-02-09 18:24:22.240000+00:00,124396.30087942533,426811.6278842902,7.655489221216113,0.010788665516884066,-0.006030046264640987,0.009216928443066763,0,0.0003708017279426801,0.012353917098130001,0.009216928443066763,24_KW_0
2422,166,2026-02-09 18:24:24.790000+00:00,124091.04993935612,427154.2031978968,9.832257120976692,-0.022341479576425627,0.014169917209073901,0.002403501913887496,0,0.0202083576648095,-0.017074851210683726,0.002403501913887496,907_GSL_1
2423,93,2026-02-09 18:24:25.550000+00:00,124278.28413362835,426395.78829658293,7.9415255951543084,0.01601004866824951,-0.003053519583772868,-0.007199925125209283,0,0.0006619238105092945,-0.01628519257108381,-0.007199925125209283,12_P3_0
2424,114,2026-02-09 18:24:36.540000+00:00,124396.3099965778,426811.6234770473,9.99921100506057,0.010975932775181718,-0.00606170849641785,0.00852692741038652,0,0.00044355411615640554,0.012530709075183786,0.00852692741038652,23_KW_0
2425,94,2026-02-09 18:24:39.370000+00:00,124268.23938980456,426351.553116509,10.20769911937816,0.01516730546427425,-0.002856511506251991,-0.006794819912800065,0,3.940806332506994e-05,-0.015433899702813236,-0.006794819912800065,07_P2_0
2426,125,2026-02-09 18:24:41.060000+00:00,124339.6595606625,426609.59029176907,6.6748557795366885,0.0016950988792814314,-0.0009420773712918162,0.0013398414075744824,0,-0.0006861631328127267,0.0018138495359896552,0.0013398414075744824,17_P5_1
2427,150,2026-02-09 18:24:51.240000+00:00,124401.11389957121,426812.31523114827,9.19031614171144,0.010718941281083971,-0.00620044075185433,0.008302118467630848,0,0.0014533029469827633,0.012297523256691699,0.008302118467630848,27_KW_1
2428,95,2026-02-09 18:24:53.130000+00:00,124268.12538529884,426351.54616797646,7.186603389742395,0.015837396611459553,-0.003023033554200083,-0.00706746850272566,0,6.199422994985481e-05,-0.016123213699940315,-0.00706746850272566,08_P2_0
2429,146,2026-02-09 18:24:56.190000+00:00,124350.92449081628,426607.5120853362,11.378727565491285,-0.0017757586610969156,0.000219939392991364,-0.0005939477327974174,0,-0.00016004192895556623,-0.0017821556441641963,-0.0005939477327974174,13_P5_1
2430,119,2026-02-09 18:25:06.490000+00:00,124400.82516174286,426811.33699465916,3.9928974198307987,0.011010355781763792,-0.006134222145192325,0.009363290744615949,0,0.0018037726684545924,0.012474093952192419,0.009363290744615949,28_KW_1
2431,96,2026-02-09 18:25:06.640000+00:00,124258.07764015453,426307.3493302454,9.298472378003808,0.016661958099575713,-0.0030793315381743014,-0.006073230172082944,0,-0.00024548310214700636,-0.016942339522054557,-0.006073230172082944,03_P1_0
2432,148,2026-02-09 18:25:13.700000+00:00,124351.04048045808,426607.3985945846,8.015730573427104,-0.0006379565893439576,0.00013868988025933504,0.0002741582147223198,0,3.107376184156817e-07,-0.0006528578683112091,0.0002741582147223198,14_P5_1
2433,97,2026-02-09 18:25:20.940000+00:00,124258.00332978851,426307.3888754919,6.832371056198475,0.015459579633898102,-0.002977212716359645,-0.004691134397624808,0,-0.0001188743157418948,-0.015743197480573873,-0.004691134397624808,04_P1_0
2434,169,2026-02-09 18:25:22.940000+00:00,124669.38714388535,426931.3021485723,13.81959361710338,0.008066437032539397,-1.0980642400681973e-05,0.007838404230486873,0,0.007176227129573529,0.003683651878123581,0.007838404230486873,908_GSL_1
2435,168,2026-02-09 18:25:32.030000+00:00,124669.3625821876,426931.31979640655,13.791740308579666,-0.014149783746688627,0.012055834173224866,-0.00959971135556259,0,0.0014835950639418263,-0.018529934251815292,-0.00959971135556259,908_GSL_1
2436,62,2026-02-09 18:25:39.910000+00:00,124390.6217078162,426780.8747919233,7.453457819491484,0.01102760317735374,-0.004453284665942192,0.008659945909155198,0,0.011591747165116248,0.002659167879829626,0.008659945909155198,19_P6_1
2437,72,2026-02-09 18:25:54.220000+00:00,124390.53384014551,426780.8815267831,10.99592135705045,0.009880442652502097,-0.005404148600064218,0.008836035483692939,0,0.010610792832370167,0.0037734658564084846,0.008836035483692939,18_P6_1
2438,138,2026-02-09 18:30:20.100000+00:00,123928.08929003662,426940.43138134235,7.118220856624512,0.002671157941222191,-0.0003398096887394786,0.0002847930265845733,0,-0.001903910149481434,0.0019041222424563968,0.0002847930265845733,905_GSL_1
2439,139,2026-02-09 18:30:20.910000+00:00,123928.09826578139,426940.4266754306,7.142281182574457,0.01139585769851692,-0.0044285819749347866,0.005679351835201629,0,-0.0122189626484465,-0.00041816598311432017,0.005679351835201629,905_GSL_1
2440,134,2026-02-09 18:30:21.440000+00:00,123855.6295820725,426533.07861419587,6.0471099723401265,0.015119931093067862,0.004316133912652731,0.0012670534423460111,0,-0.013955632000208459,0.00724442293670303,0.0012670534423460111,904_GSL_1
2441,137,2026-02-09 18:30:37.650000+00:00,123928.09569507524,426940.42553478165,7.12979098179918,0.006295813363976777,-0.008293789403978735,0.006927290833649735,0,-0.010409801604856144,0.0002454366295256999,0.006927290833649735,905_GSL_1
2442,143,2026-02-09 18:30:39.060000+00:00,124266.93012800028,427056.3083390167,7.11073071734,0.01056057219102513,-0.005887859326321632,0.005188979117222381,0,-0.009451435787294285,0.0075407515545241775,0.005188979117222381,906_GSL_1
2443,142,2026-02-09 18:30:39.550000+00:00,124266.94592388609,427056.3164957468,7.074325352333545,0.026432940139784478,0.0013413766282610595,-0.008475380920510034,0,-0.0007171233328751523,0.026457236246776053,-0.008475380920510034,906_GSL_1
2444,141,2026-02-09 18:30:54.030000+00:00,124266.92789186032,427056.3126086427,7.087708908220314,0.009263108877348714,-0.0019096603500656784,0.003574207957216302,0,-0.0021931725766375833,0.009200107758896868,0.003574207957216302,906_GSL_1
2445,125,2026-02-09 18:30:54.260000+00:00,124339.66267074969,426609.5896845349,6.6750873578780885,0.004805186064913869,-0.0015493115643039346,0.0015714197489744564,0,-0.0008357228227418191,0.0049791311295523015,0.0015714197489744564,17_P5_1
2446,152,2026-02-09 18:30:58.340000+00:00,124370.28421999027,426819.49241340254,9.736488357685309,0.00844832840084564,-0.006756635382771492,0.007567406457429371,0,-0.008521402254369948,0.006664238747484477,0.007567406457429371,29_KW_1
2447,122,2026-02-09 18:31:10.860000+00:00,124329.16465608531,426611.38935489836,8.078796403997838,0.015105182261322625,-0.002684010483790189,-0.004867434444559393,0,0.0012338347391117946,0.015292092573007537,-0.004867434444559393,16_P5_1
2448,146,2026-02-09 18:31:13.140000+00:00,124350.92565523752,426607.51196724485,11.37949790672741,-0.0006113374256528914,0.00010184803977608681,0.0001763935033274322,0,-2.9556838974019437e-05,-0.0006190580461313784,0.0001763935033274322,13_P5_1
2449,150,2026-02-09 18:31:14.740000+00:00,124401.11368900047,426812.3153926445,9.19023464147616,0.010508370542083867,-0.00603894452797249,0.008220618232350319,0,0.001456539639453412,0.012032173317417173,0.008220618232350319,27_KW_1
2450,120,2026-02-09 18:31:27.030000+00:00,124329.27059678499,426611.33043344406,11.351625515283036,0.010344949827413075,-0.0007416460430249572,-0.00640565136383664,0,0.0019129838705430368,0.010193552790655012,-0.00640565136383664,15_P5_1
2451,129,2026-02-09 18:31:31.310000+00:00,124898.95052468756,426720.7647792008,4.0945538183613746,0.010852988780243322,-0.00772346934536472,0.0028690731157610116,0,0.011690672939811853,0.006384944041041148,0.0028690731157610116,901_GSL_1
2452,148,2026-02-09 18:31:32.350000+00:00,124351.0420300539,426607.3981623481,8.014665616706873,0.0009116392320720479,-0.0002935466472990811,-0.000790798505509116,0,-9.363609353459649e-05,0.0009531463715406069,-0.000790798505509116,14_P5_1
2453,124,2026-02-09 18:31:41.780000+00:00,124339.67153935193,426609.5885951616,6.6696189822780765,0.013773628699709661,-0.001646742399316281,-0.004811213555116822,0,0.002741178321994665,0.01359818184516585,-0.004811213555116822,17_P5_1
2454,149,2026-02-09 18:31:48.670000+00:00,124351.05111820117,426607.39067038876,8.020858336805736,0.009806509100599214,-0.006062076718080789,0.008632492837937988,0,0.004443413461572855,-0.010638255105304887,0.008632492837937988,14_P5_1
2455,128,2026-02-09 18:31:53.230000+00:00,124898.93683763262,426720.78165724763,4.096468964648415,-0.0034637668868526816,0.012393212819006294,0.015077033644735671,0,0.002233890090630467,-0.012672771602401031,0.015077033644735671,901_GSL_1
2456,127,2026-02-09 18:31:57.930000+00:00,124898.95389171515,426720.7709040711,4.0794495464184335,0.013538290921133012,0.0027325525297783315,0.00284984370193353,0,0.013470350205097306,0.0030498901201953857,0.00284984370193353,901_GSL_1
2457,154,2026-02-09 18:31:58.130000+00:00,124285.66538152259,426445.56123882474,7.8953017394657445,0.0007565225823782384,-0.0025861752801574767,-0.0062982605342547515,11,-0.001330555605205016,-0.002343128417053439,-0.0062982605342547515,TS1-1
2458,147,2026-02-09 18:32:04.110000+00:00,124350.93713929829,426607.50398874906,11.380282009645736,0.010631952696712688,-0.006003991060424596,0.006062367973292737,0,0.004247698714127262,-0.011447418155758803,0.006062367973292737,13_P5_1
2459,131,2026-02-09 18:32:10.230000+00:00,124806.2224337285,426258.5080815369,4.61221877640522,0.0038892323500476778,0.001797472417820245,0.0007143036326571206,0,0.0030211005985400223,-0.0030380892908180067,0.0007143036326571206,903_GSL_1
2460,3,2026-02-09 18:32:10.430000+00:00,124314.90190965073,426440.79301012727,7.0579538828594135,-0.0023153492802521214,-0.001189872738905251,0.005753882859413473,11,0.000291133138071676,-0.0025868670086168786,0.005753882859413473,TS2
2461,126,2026-02-09 18:32:18.730000+00:00,124339.66749978504,426609.58231788495,6.677034723566337,0.010679180893930607,-0.006172276102006435,0.006377534430879628,0,0.003653867569926475,-0.011780965521812372,0.006377534430879628,17_P5_1
2462,121,2026-02-09 18:32:33.660000+00:00,124329.27167204981,426611.32083575404,11.36055228971808,0.012129280105000362,-0.006880738539621234,0.00625276764395899,0,0.0032292399895302777,-0.013565987166668153,0.00625276764395899,15_P5_1
2463,123,2026-02-09 18:32:49.920000+00:00,124329.16403420622,426611.3821615606,8.084471842138587,0.014277594091254286,-0.008116459066513926,0.006356197084521398,0,0.003806541082306556,-0.015976133631192744,0.006356197084521398,16_P5_1
2464,4,2026-02-09 18:32:50.120000+00:00,124378.97059355743,426782.74281706166,7.7588456369061465,0.003593557426938787,-0.0005579382996074855,-0.005604363093853593,11,-0.003413739212128121,0.0012535289061105382,-0.005604363093853593,TS3
2465,68,2026-02-09 18:36:20.140000+00:00,123928.09792834317,426940.42585429916,7.140313610979915,-0.011022018690709956,-0.021880706073716283,0.021500329939688534,0,0.003179397721678184,-0.02429283072081374,0.021500329939688534,905_GSL_1
2466,68,2026-02-09 18:36:20.200000+00:00,123928.07900046886,426940.4234781099,7.119595513068831,-0.0299498929962283,-0.024256895354483277,0.0007822320286052786,0,-0.0008475886763101681,-0.03853147617415752,0.0007822320286052786,905_GSL_1
2467,67,2026-02-09 18:36:21.680000+00:00,123855.6304881573,426533.0830760572,6.0475687154544335,0.012493683156208135,-0.00802664749789983,0.0031605671168577487,0,-0.013843530513224313,-0.00537362557243132,0.0031605671168577487,904_GSL_1
2468,69,2026-02-09 18:36:36+00:00,124266.92685935339,427056.3149095331,7.07817391953269,-0.015737843263195828,7.114902837201953e-05,-0.012327451394742894,0,0.0012935385436738073,-0.015684754725439187,-0.012327451394742894,906_GSL_1
2469,69,2026-02-09 18:36:37.660000+00:00,124266.93098683264,427056.3086409647,7.112503264878964,-0.011610364017542452,-0.006197419366799295,0.022001893951531848,0,-0.0013350489030907757,-0.013092983000606837,0.022001893951531848,906_GSL_1
2470,68,2026-02-09 18:36:40.020000+00:00,123928.09790698228,426940.42706990545,7.128821633828672,-0.011043379578040913,-0.02066509978612885,0.010008352788445585,0,-0.010282717388875413,-0.02105393798736647,0.010008352788445585,905_GSL_1
2471,66,2026-02-09 18:36:52.520000+00:00,124898.93817683014,426720.77869063016,4.080077226451112,0.0005711664562113583,0.004485475365072489,-0.002209303952652064,0,0.0024540477467810684,-0.003797811215409736,-0.002209303952652064,901_GSL_1
2472,66,2026-02-09 18:36:54.720000+00:00,124898.95044341916,426720.76388875605,4.098079124591044,0.012837755479267798,-0.01031639875145629,0.015792594187280073,0,0.013968298272973812,0.008724831935444719,0.015792594187280073,901_GSL_1
2473,69,2026-02-09 18:36:57.380000+00:00,124266.9282193733,427056.31281642604,7.0858996171642135,-0.014377823361428455,-0.0020219580037519336,-0.00460175376321903,0,-0.0015801171022116972,-0.01443306442598634,-0.00460175376321903,906_GSL_1
2474,71,2026-02-09 18:37:10.170000+00:00,124806.2240555004,426258.51253848214,4.616571464422135,-0.0037064350908622146,-0.002567649935372174,0.025067801272867563,0,-0.002581893878373004,0.0036965269205311534,0.025067801272867563,903_GSL_1
2475,66,2026-02-09 18:37:14.420000+00:00,124898.95357649196,426720.77184629586,4.079126982992978,0.01597082827356644,-0.0023588589392602444,-0.0031595474107861676,0,0.013605022549577538,0.008691083514991897,-0.0031595474107861676,901_GSL_1
2476,149,2026-02-09 18:37:30.140000+00:00,124351.05135765256,426607.39047771256,8.01905532096868,0.010045960487332195,-0.006254752923268825,0.006829477000882989,0,0.004596009468148113,-0.010905042558966587,0.006829477000882989,14_P5_1
2477,147,2026-02-09 18:37:45.040000+00:00,124350.93722681941,426607.5039725245,11.380174566927703,0.010719473822973669,-0.006020215630996972,0.00595492525525998,0,0.004249883157740574,-0.011536403617708208,0.00595492525525998,13_P5_1
2478,164,2026-02-09 18:37:51.380000+00:00,124091.07096175598,427154.20487875113,9.835312909486657,-0.02436669539019931,0.0101478096912615,0.020679377857259595,0,0.016237646414411524,-0.020809918901556774,0.020679377857259595,907_GSL_1
2479,102,2026-02-09 18:37:52.370000+00:00,124282.39560854383,426301.7925255103,6.903601329967095,0.0023195980029413477,-0.0010323543101549149,0.00030334620035876725,0,0.0004769388473106383,-0.0024937561334001605,0.00030334620035876725,02_P1_0
2480,126,2026-02-09 18:37:59.210000+00:00,124339.6687203276,426609.5821974018,6.67658725200048,0.011899723453097977,-0.006292759266216308,0.005930062865021846,0,0.0035010436518541333,-0.012997881780912346,0.005930062865021846,17_P5_1
2481,103,2026-02-09 18:38:06.300000+00:00,124282.31428596613,426301.79633690085,9.299614856492495,0.0025675589713500813,-0.001107252377551049,0.0016633707013813392,0,0.0004918474933721271,-0.0027525357295076647,0.0016633707013813392,01_P1_0
2482,122,2026-02-09 18:38:07.880000+00:00,124329.16501283737,426611.3892092548,8.079141959341364,0.01546193432295695,-0.0028296540258452296,-0.0045218791010341874,0,0.0011834104499320473,0.015674115433427428,-0.0045218791010341874,16_P5_1
2483,121,2026-02-09 18:38:13.740000+00:00,124329.2724017941,426611.3206780071,11.360638070819832,0.012859024383942597,-0.007038485491648316,0.006338548745709716,0,0.003177442584362111,-0.014310787705296181,0.006338548745709716,15_P5_1
2484,100,2026-02-09 18:38:19.760000+00:00,124292.48633987883,426345.9289710077,7.588453551371384,0.002616605517687276,-0.0012639720225706697,-4.601759771372116e-05,0,0.0006282267748059329,-0.002837178321581113,-4.601759771372116e-05,06_P2_0
2485,120,2026-02-09 18:38:23.950000+00:00,124329.27111381915,426611.3301888234,11.35187615579277,0.010861983988434076,-0.0009862667066045105,-0.006155010854103082,0,0.0018078607616769465,0.010755791818733923,-0.006155010854103082,15_P5_1
2486,123,2026-02-09 18:38:28.600000+00:00,124329.16393439179,426611.38224387134,8.085122052996555,0.014177779667079449,-0.008034148311708122,0.00700640794248919,0,0.003755378063189623,-0.0158573046570118,0.00700640794248919,16_P5_1
2487,101,2026-02-09 18:38:33.250000+00:00,124292.40772038694,426345.8821771583,10.21636702405176,0.002401516103418544,-0.0012163675855845213,0.0007485264514759393,0,0.0006296140403488841,-0.0026173299101249843,0.0007485264514759393,05_P2_0
2488,124,2026-02-09 18:38:38.360000+00:00,124339.6719522659,426609.5884537165,6.668873240452518,0.014186542670358904,-0.001788187539204955,-0.005556955380675355,0,0.002735890854816355,0.014034618229357507,-0.005556955380675355,17_P5_1
2489,118,2026-02-09 18:38:44.950000+00:00,124372.27068308469,426775.10770787694,6.174501969679973,0.010655722697265446,-0.004956621851306409,0.008969900689611343,0,-0.0033285102168975488,-0.011270915939437878,0.008969900689611343,22_P6_1
2490,98,2026-02-09 18:38:46.460000+00:00,124302.6632740464,426390.0770130656,7.981103467915849,0.0024284128448925912,-0.0008989429916255176,0.002052672784978782,0,0.00030393739321906294,-0.002571557797996219,0.002052672784978782,10_P3_0
2491,170,2026-02-09 18:38:56.140000+00:00,124669.39667282694,426931.3022510068,13.78864458505394,0.008626010472653434,0.0037540351040661335,0.0024544543825513188,0,0.00829283412930374,0.004441817008921308,0.0024544543825513188,908_GSL_1
2492,99,2026-02-09 18:38:59.620000+00:00,124302.54010276706,426390.13399758696,11.089559519447967,0.002022475891862996,-0.0008187050116248429,0.0018043166985997061,0,0.0003157130242146883,-0.002158937682187207,0.0018043166985997061,09_P3_0
2493,74,2026-02-09 18:39:02.210000+00:00,124369.35746157944,426785.7208936058,7.23849788679987,0.011148370133014396,-0.005572690919507295,0.008444052042797523,0,-0.012299275123207266,-0.0020171445537445717,0.008444052042797523,21_P6_1
2494,92,2026-02-09 18:39:13.750000+00:00,124278.32996287159,426395.63543516095,11.094384448943822,0.015987069011316635,-0.0028554642340168357,-0.007404534283397268,0,0.0004912554653709745,-0.016232643642737098,-0.007404534283397268,11_P3_0
2495,166,2026-02-09 18:39:17+00:00,124091.06277309454,427154.2073394012,9.829738173428693,-0.00950774115335662,0.018311421619728208,-0.00011544563411192144,0,0.02031792765122166,-0.0035898634423057103,-0.00011544563411192144,907_GSL_1
2496,73,2026-02-09 18:39:17.740000+00:00,124369.50060792208,426785.68823744415,11.414659852712441,0.011268357644439675,-0.008229210041463375,0.008605236649366077,0,-0.013207653396033294,-0.004500408168130294,0.008605236649366077,20_P6_1
2497,93,2026-02-09 18:39:27.900000+00:00,124278.28391295881,426395.7883291682,7.941342686944012,0.015789379132911563,-0.003020934294909239,-0.007382833335506156,0,0.0006621986902639033,-0.016062130316729303,-0.007382833335506156,12_P3_0
2498,125,2026-02-09 18:39:32.270000+00:00,124339.66041808743,426609.5901642448,6.6740480935877535,0.0025525238015688956,-0.0010696016252040863,0.0005321554586394939,0,-0.0006879324269509153,0.0026807040810511652,0.0005321554586394939,17_P5_1
2499,94,2026-02-09 18:39:41.860000+00:00,124268.23962019228,426351.5530316008,10.208051369666268,0.015397693190607242,-0.0029414197197183967,-0.0064425696246921405,0,8.082734572038723e-05,-0.015675916958819498,-0.0064425696246921405,07_P2_0
2500,152,2026-02-09 18:39:42.840000+00:00,124370.28413275385,426819.49244343257,9.736502897615674,0.008361091982806101,-0.006726605352014303,0.007581946387794858,0,-0.00847208026667097,0.0065862686448228255,0.007581946387794858,29_KW_1
2501,146,2026-02-09 18:39:48+00:00,124350.92805104992,426607.51143189357,11.38017868482648,0.001784474981832318,-0.000433503242675215,0.0008571716023979548,0,-4.686425088488412e-05,0.0018357777000999813,0.0008571716023979548,13_P5_1
2502,95,2026-02-09 18:39:56.040000+00:00,124268.12532409985,426351.5460813823,7.1861046100033334,0.015776197615195997,-0.0031096276943571866,-0.007566248241786866,0,0.00015835772370549327,-0.016078965091776642,-0.007566248241786866,08_P2_0
2503,117,2026-02-09 18:39:57.860000+00:00,124377.69150570553,426815.899520172,7.625875904670386,0.011488561445730738,-0.006185866543091834,0.008440864497926803,0,-0.00663120948636674,0.01123739514875193,0.008440864497926803,26_KW_0
2504,148,2026-02-09 18:40:03.020000+00:00,124351.04263524487,426607.3979171027,8.01666656580299,0.0015168302052188665,-0.0005387920537032187,0.0012101505906070287,0,-0.0002050263345022382,0.0015965697450342146,0.0012101505906070287,14_P5_1
2505,96,2026-02-09 18:40:10.050000+00:00,124258.07781657678,426307.3492383058,9.297913101478017,0.016838380353874527,-0.0031712711206637323,-0.006632506697874518,0,-0.0001898981529858948,-0.017133357877368815,-0.006632506697874518,03_P1_0
2506,116,2026-02-09 18:40:11.550000+00:00,124377.69872527935,426815.894137393,10.01411525477096,0.011365387777914293,-0.005924170603975654,0.00905549949383655,0,-0.006362503523197721,0.011125933021759094,0.00905549949383655,25_KW_0
2507,168,2026-02-09 18:40:19.880000+00:00,124669.37931242949,426931.3079013138,13.795523028429322,0.002580458138254471,0.00016074144514277577,-0.005816991505906088,0,0.00164171007775213,0.001997345747755609,-0.005816991505906088,908_GSL_1
2508,97,2026-02-09 18:40:24.390000+00:00,124258.00353288003,426307.3887364958,6.831889249672235,0.015662671154132113,-0.003116208827123046,-0.005172940923864999,0,-2.249896679352037e-05,-0.015969643669575564,-0.005172940923864999,04_P1_0
2509,115,2026-02-09 18:40:26.260000+00:00,124396.30085034079,426811.6279614543,7.6558758238010265,0.010759580982266925,-0.0059528821730054915,0.009603531027980061,0,0.0004220536393685261,0.012289314863129775,0.009603531027980061,24_KW_0
2510,114,2026-02-09 18:40:39.810000+00:00,124396.30987693598,426811.6234307569,9.999226409539391,0.010856290959054604,-0.006107998895458877,0.008542331889207944,0,0.00034234071560566295,0.012451887677336966,0.008542331889207944,23_KW_0
2511,150,2026-02-09 18:40:54.440000+00:00,124401.11390394252,426812.3151745608,9.190125965154845,0.010723312589107081,-0.006257028202526271,0.008111941911035814,0,0.001410601881197427,0.012334911314787547,0.008111941911035814,27_KW_1
2512,119,2026-02-09 18:41:09.440000+00:00,124400.8249721639,426811.33697551006,3.992613497461196,0.010820776820764877,-0.006153371243271977,0.009079368375013441,0,0.0016735320955861552,0.012335010295389782,0.009079368375013441,28_KW_1
2513,169,2026-02-09 18:41:26.040000+00:00,124669.38712071041,426931.30227294617,13.820347301524034,0.008043262088904157,0.0001133932382799685,0.008592088651141694,0,0.007212241752166789,0.0035623716770702917,0.008592088651141694,908_GSL_1
2514,62,2026-02-09 18:41:43.340000+00:00,124390.62172237992,426780.8748956187,7.45338202220599,0.011042166894185357,-0.0043495892896316946,0.008584148623661747,0,0.011589781846206723,0.002554473226490924,0.008584148623661747,19_P6_1
2515,72,2026-02-09 18:41:57.340000+00:00,124390.53388067079,426780.88165783446,10.99585170610526,0.00992096793197561,-0.005273097252938896,0.008766384538501981,0,0.01063008130991296,0.0036376545590365472,0.008766384538501981,18_P6_1
2516,139,2026-02-09 18:45:20.610000+00:00,123928.09777975196,426940.42603732157,7.140837177463284,0.010909828270087019,-0.005066691024694592,0.004235346724028588,0,-0.011970842114864176,-0.0011809529556696219,0.004235346724028588,905_GSL_1
2517,134,2026-02-09 18:45:21.480000+00:00,123855.62945438898,426533.07898213266,6.046749924384501,0.014992247568443418,0.004684070707298815,0.0009070054867201804,0,-0.013757144781610667,0.007579510076665556,0.0009070054867201804,904_GSL_1
2518,138,2026-02-09 18:45:21.710000+00:00,123928.09437840889,426940.4356360667,7.12335558986733,0.007759530213661492,0.003914914675988257,0.005419526269403008,0,-0.0016545752667010557,0.008532247461473146,0.005419526269403008,905_GSL_1
2519,142,2026-02-09 18:45:39.480000+00:00,124266.95480480671,427056.3174892138,7.04706660939808,0.03531386076065246,0.002334843622520566,-0.03573412385597585,0,-0.0004169116489683989,0.03538850719147855,-0.03573412385597585,906_GSL_1
2520,143,2026-02-09 18:45:39.520000+00:00,124266.93017999083,427056.3083643853,7.112442558986566,0.010612562735332176,-0.005862490739673376,0.006900820763788396,0,-0.009447667057121696,0.0075984783122606,0.006900820763788396,906_GSL_1
2521,137,2026-02-09 18:45:39.690000+00:00,123928.09794926475,426940.42722015735,7.126422159777737,0.008550002865376882,-0.006608413706999272,0.003558468812206783,0,-0.010363988602684669,0.0030596439276868548,0.003558468812206783,905_GSL_1
2522,125,2026-02-09 18:45:53.650000+00:00,124339.66421873191,426609.5897086411,6.674398756353685,0.006353168282657862,-0.0015252053271979094,0.0008828182245705918,0,-0.0005872717977549575,0.006507235231144206,0.0008828182245705918,17_P5_1
2523,152,2026-02-09 18:45:55.740000+00:00,124370.28410553478,426819.4922721117,9.73669897687067,0.008333872916409746,-0.006897926214151084,0.007778025642791064,0,-0.008632520121363963,0.006520308290026393,0.007778025642791064,29_KW_1
2524,141,2026-02-09 18:45:55.880000+00:00,124266.92841227991,427056.3127725136,7.086043466992301,0.009783528468688019,-0.001745789428241551,0.0019087667292030375,0,-0.002045357770958524,0.009725313445548604,0.0019087667292030375,906_GSL_1
2525,150,2026-02-09 18:46:12.240000+00:00,124401.11372231822,426812.31536638195,9.190262245074212,0.0105416882870486,-0.006065207067877054,0.008248221830402969,0,0.0014554591747779919,0.012074583525243345,0.008248221830402969,27_KW_1
2526,146,2026-02-09 18:46:12.590000+00:00,124350.92783121995,426607.5116276786,11.378411099712459,0.001564645004691556,-0.00023771822452545166,-0.0009104135116242418,0,9.807921867488985e-05,0.0015795582964366638,-0.0009104135116242418,13_P5_1
2527,122,2026-02-09 18:46:13.070000+00:00,124329.1645612696,426611.3894828548,8.079042869900363,0.015010366550995968,-0.0025560540379956365,-0.0046209685420350866,0,0.0013335675594105868,0.015167930439084302,-0.0046209685420350866,16_P5_1
2528,148,2026-02-09 18:46:27.780000+00:00,124351.04283059717,426607.39793609024,8.014915082960814,0.001712182507617399,-0.000519804481882602,-0.0005413322515686048,0,-0.0001450614284449869,0.001783458107372793,-0.0005413322515686048,14_P5_1
2529,129,2026-02-09 18:46:28.660000+00:00,124898.95065087217,426720.76458256005,4.09434910473124,0.010979173384839669,-0.007920110074337572,0.0026643594856263775,0,0.011839239950449266,0.006565271449047736,0.0026643594856263775,901_GSL_1
2530,120,2026-02-09 18:46:28.830000+00:00,124329.27031472036,426611.330446452,11.352077576196033,0.010062885194201954,-0.00072863808600232,-0.005953590450840096,0,0.001853847948560996,0.00991745026081191,-0.005953590450840096,15_P5_1
2531,124,2026-02-09 18:46:43.580000+00:00,124339.67203660119,426609.58847944014,6.668986963596467,0.014270877960370854,-0.0017624638858251274,-0.005443232236726381,0,0.0027866872908893863,0.014106686735425578,-0.005443232236726381,17_P5_1
2532,149,2026-02-09 18:46:45.440000+00:00,124351.0510729346,426607.39052475814,8.020212202002446,0.00976124253065791,-0.006207707338035107,0.007986358034647978,0,0.004594352831742422,-0.010616468725262658,0.007986358034647978,14_P5_1
2533,128,2026-02-09 18:46:48.590000+00:00,124898.94094400034,426720.7736769027,4.075251749189888,0.0006426008330890909,0.004412867885548621,-0.006140181813791834,0,0.002487043469251385,-0.003701479918633517,-0.006140181813791834,901_GSL_1
2534,147,2026-02-09 18:47:00.410000+00:00,124350.93775797835,426607.50379860145,11.380773895202063,0.011250632756855339,-0.00619413866661489,0.006554253529619913,0,0.004337648867758369,-0.012088378450020277,0.006554253529619913,13_P5_1
2535,127,2026-02-09 18:47:00.850000+00:00,124898.95371440034,426720.7717713915,4.078270794375451,0.01336097611056175,0.003599872929044068,0.0016710916589506297,0,0.01366368096588604,0.0021859986721747176,0.0016710916589506297,901_GSL_1
2536,154,2026-02-09 18:47:01.050000+00:00,124285.66539375317,426445.56125725363,7.894929187752874,0.000768753161537461,-0.0025677463854663074,-0.006670812247125291,11,-0.0013382241197171419,-0.002322382209899225,-0.006670812247125291,TS1-1
2537,131,2026-02-09 18:47:06.630000+00:00,124806.22131940919,426258.50488979975,4.615560050820463,0.0027749130385927856,-0.001394264749251306,0.0040555780479003545,0,0.003086615175979026,0.00034194051847217545,0.0040555780479003545,903_GSL_1
2538,3,2026-02-09 18:47:06.830000+00:00,124314.90196071683,426440.7929289742,7.048686067688248,-0.002264283175463788,-0.0012710258015431464,-0.0035139323117521215,11,0.00019528031790637135,-0.0025892760540960403,-0.0035139323117521215,TS2
2539,126,2026-02-09 18:47:14.740000+00:00,124339.66822360395,426609.5822109475,6.676058348207773,0.011402999807614833,-0.006279213528614491,0.005401159072315309,0,0.0035978443138612575,-0.012510493333342828,0.005401159072315309,17_P5_1
2540,121,2026-02-09 18:47:29.610000+00:00,124329.27218357354,426611.32064294186,11.360914111107512,0.012640803834074177,-0.007073550717905164,0.0066145890333899615,0,0.0032719135697515268,-0.014110975264750376,0.0066145890333899615,15_P5_1
2541,123,2026-02-09 18:47:44.420000+00:00,124329.1634205745,426611.38244420703,8.084529354191234,0.01366396238154266,-0.007833812618628144,0.006413709137168766,0,0.00370649600906353,-0.015307984042413509,0.006413709137168766,16_P5_1
2542,4,2026-02-09 18:47:44.620000+00:00,124378.97060122187,426782.74284812185,7.7586790845656255,0.003601221862481907,-0.0005268781096674502,-0.005770915434374579,11,-0.0034053905376570234,0.0012844122123759206,-0.005770915434374579,TS3
2543,68,2026-02-09 18:51:20.130000+00:00,123928.09846767799,426940.427692266,7.138529388995426,-0.010482683865120634,-0.02004273922648281,0.01971610795520018,0,0.003277162877807459,-0.022379862827755982,0.01971610795520018,905_GSL_1
2544,68,2026-02-09 18:51:20.780000+00:00,123928.09307770919,426940.43450254545,7.123898066935537,-0.015872652671532705,-0.013232459779828787,0.005084785895310695,0,-0.0007472690564138688,-0.020651408756141243,0.005084785895310695,905_GSL_1
2545,67,2026-02-09 18:51:22.140000+00:00,123855.6295951588,426533.0796647586,6.04631745966914,0.011600684651057236,-0.011437946115620434,0.0019093113315644672,0,-0.013648828506812594,-0.00889449133501919,0.0019093113315644672,904_GSL_1
2546,69,2026-02-09 18:51:37.220000+00:00,124266.94650965082,427056.31664149085,7.078324936046729,0.0039124541654018685,0.0018031068029813468,-0.01217643488070319,0,0.0014937161076449552,0.004040705870153142,-0.01217643488070319,906_GSL_1
2547,69,2026-02-09 18:51:37.430000+00:00,124266.92962280345,427056.30814053275,7.114280332870447,-0.012974393204785883,-0.0066978512913919985,0.02377896194301421,0,-0.0012812137688739981,-0.014544916026998686,0.02377896194301421,906_GSL_1
2548,68,2026-02-09 18:51:39.230000+00:00,123928.09837247197,426940.42765543284,7.130409028514633,-0.010577889886917546,-0.02007957239402458,0.011595747474406615,0,-0.010080727883350439,-0.02033371356463122,0.011595747474406615,905_GSL_1
2549,66,2026-02-09 18:51:54.910000+00:00,124898.95048889857,426720.7641452351,4.093053492924725,0.012883234885521233,-0.01005991967394948,0.010766962520960988,0,0.013983109069320864,0.008464773223028705,0.010766962520960988,901_GSL_1
2550,66,2026-02-09 18:51:55.780000+00:00,124898.94126307564,426720.7727177984,4.0693966090185345,0.0036574119585566223,-0.0014873563777655363,-0.012889921385229819,0,0.002655060358165581,0.0029222501131098383,-0.012889921385229819,901_GSL_1
2551,69,2026-02-09 18:51:55.970000+00:00,124266.92750743768,427056.3127955229,7.086629803584794,-0.015089758977410384,-0.0020428611314855516,-0.0038715673426388264,0,-0.0015791791871322166,-0.015145306226478226,-0.0038715673426388264,906_GSL_1
2552,66,2026-02-09 18:52:12.760000+00:00,124898.9538344547,426720.7713848536,4.078495841737556,0.01622879102069419,-0.0028203012188896537,-0.0037906886662080197,0,0.013651441953637204,0.009217694372515767,-0.0037906886662080197,901_GSL_1
2553,71,2026-02-09 18:52:13.550000+00:00,124806.2214900996,426258.5045555837,4.6104516726281215,-0.006271835882216692,-0.01055054838070646,0.01894800947885411,0,-0.002210420380457176,0.012073277856851803,0.01894800947885411,903_GSL_1
2554,149,2026-02-09 18:52:30.440000+00:00,124351.05198739373,426607.39042991487,8.020335716355207,0.010675701661966741,-0.006302550609689206,0.008109872387409567,0,0.004544116448982457,-0.011534459495836825,0.008109872387409567,14_P5_1
2555,147,2026-02-09 18:52:45.230000+00:00,124350.93786835317,426607.50388146745,11.38073690786324,0.011361007578670979,-0.006111272668931633,0.006517266190796178,0,0.004238375904364263,-0.012184265120636311,0.006517266190796178,13_P5_1
2556,164,2026-02-09 18:52:49.660000+00:00,124091.07308386796,427154.2054100338,9.835182089943698,-0.0222445834078826,0.010679092374630272,0.020548558314301246,0,0.01618805210942875,-0.018622875015382342,0.020548558314301246,907_GSL_1
2557,102,2026-02-09 18:52:54.990000+00:00,124282.39580561986,426301.79253113095,6.903246896543625,0.0025166740379063413,-0.0010267336620017886,-5.108722311053526e-05,0,0.00042658212194831777,-0.0026843729098233503,-5.108722311053526e-05,02_P1_0
2558,126,2026-02-09 18:52:59.940000+00:00,124339.66880886583,426609.58202067274,6.677035034214816,0.011988261685473844,-0.006469488318543881,0.006377845079358124,0,0.0036537752985360272,-0.013123361741984554,0.006377845079358124,17_P5_1
2559,122,2026-02-09 18:53:05.850000+00:00,124329.16518807727,426611.3892671549,8.078737079165121,0.015637174219591543,-0.002771753934212029,-0.004926759277276815,0,0.001283852791089912,0.015828946883999863,-0.004926759277276815,16_P5_1
2560,103,2026-02-09 18:53:08.480000+00:00,124282.31427033429,426301.79628037644,9.29907040460689,0.002551927129388787,-0.0011637767893262208,0.0011189188157771923,0,0.0005504478832533052,-0.002750221012374623,0.0011189188157771923,01_P1_0
2561,121,2026-02-09 18:53:15.440000+00:00,124329.2725468635,426611.3207024877,11.361327793105303,0.013004093794734217,-0.007014004862867296,0.007028271031181532,0,0.00311351630381342,-0.014443293802469679,0.007028271031181532,15_P5_1
2562,120,2026-02-09 18:53:21.560000+00:00,124329.27116672855,426611.33036284766,11.352780064575095,0.010914893384324387,-0.0008122424478642642,-0.0052511020717780355,0,0.00198961857873451,0.010762715888493724,-0.0052511020717780355,15_P5_1
2563,100,2026-02-09 18:53:22.880000+00:00,124292.48626187493,426345.9290403874,7.58837800949348,0.0025386016204720363,-0.0011945923324674368,-0.00012155947561787173,0,0.0005786492919182743,-0.0027453076376274697,-0.00012155947561787173,06_P2_0
2564,123,2026-02-09 18:53:30.830000+00:00,124329.16436245274,426611.3819095894,8.084294729155861,0.014605840609874576,-0.008368430251721293,0.00617908410179524,0,0.00395682527166805,-0.01636168507729184,0.00617908410179524,16_P5_1
2565,124,2026-02-09 18:53:36.160000+00:00,124339.67204930945,426609.5884313178,6.6701606922590635,0.014283586220699362,-0.0018105861963704228,-0.004269503574129807,0,0.0027449487558180883,0.01413380040988879,-0.004269503574129807,17_P5_1
2566,101,2026-02-09 18:53:36.580000+00:00,124292.40967382204,426345.88154852705,10.216026059343807,0.00435495120473206,-0.0018449988565407693,0.0004075617435237433,0,0.0007906991038820905,-0.004663090788667322,0.0004075617435237433,05_P2_0
2567,118,2026-02-09 18:53:47.330000+00:00,124372.27074456232,426775.10785447684,6.17450927583894,0.010717200333601795,-0.00481002195738256,0.008977206848578057,0,-0.003479133342014616,-0.011220085802236051,0.008977206848578057,22_P6_1
2568,98,2026-02-09 18:53:49.890000+00:00,124302.6644597746,426390.076679042,7.981298926543008,0.003614141052821651,-0.001232966547831893,0.002248131412137866,0,0.00035036558189151837,-0.0038025604553759704,0.002248131412137866,10_P3_0
2569,170,2026-02-09 18:53:53.950000+00:00,124669.39849580714,426931.30073759163,13.794675373321365,0.010448990666191094,0.0022406199132092297,0.008485242649976854,0,0.008235272162382788,0.006810438748649126,0.008485242649976854,908_GSL_1
2570,99,2026-02-09 18:54:02.990000+00:00,124302.54112139258,426390.13376084145,11.089708130975755,0.0030411014158744365,-0.0010554505279287696,0.0019529282263874848,0,0.000304134638737242,-0.00320464908532257,0.0019529282263874848,09_P3_0
2571,74,2026-02-09 18:54:04.830000+00:00,124369.35761360636,426785.72087923833,7.23851219141666,0.011300397061859258,-0.005587058374658227,0.008458356659588162,0,-0.012448727144853802,-0.0019857964423616197,0.008458356659588162,21_P6_1
2572,92,2026-02-09 18:54:11.680000+00:00,124278.32996164156,426395.63536083983,11.094801071377336,0.015985838981578127,-0.0029297853470779955,-0.006987911849883233,0,0.0005649600787501108,-0.016242275401996922,-0.006987911849883233,11_P3_0
2573,166,2026-02-09 18:54:19.650000+00:00,124091.05390108292,427154.2050342834,9.82794234442646,-0.01837975277157966,0.016006303834728897,-0.0019112746363436628,0,0.020774514006897928,-0.012745063443202196,-0.0019112746363436628,907_GSL_1
2574,73,2026-02-09 18:54:21.340000+00:00,124369.50084421635,426785.6881220555,11.414497454486414,0.011504651920404285,-0.008344598696567118,0.008442838423338372,0,-0.013467588467786592,-0.004540198682739913,0.008442838423338372,20_P6_1
2575,93,2026-02-09 18:54:25.030000+00:00,124278.28414192042,426395.78844723233,7.941733980860599,0.016018340742448345,-0.002902870182879269,-0.006991539418918613,0,0.0005116962980003935,-0.016271203469271807,-0.006991539418918613,12_P3_0
2576,125,2026-02-09 18:54:34.700000+00:00,124339.65841883067,426609.5904604523,6.675416993996255,0.0005532670475076884,-0.0007733941311016679,0.001901055867141288,0,-0.0006849355647175717,0.0006596257879020496,0.001901055867141288,17_P5_1
2577,94,2026-02-09 18:54:39.090000+00:00,124268.23964944281,426351.5528581755,10.207428168862343,0.015426943718921393,-0.0031148450216278434,-0.007065770428617668,0,0.0002459976000530451,-0.015736338112670816,-0.007065770428617668,07_P2_0
2578,152,2026-02-09 18:54:47.240000+00:00,124370.28413965364,426819.49234076723,9.736528913976532,0.008367991773411632,-0.006829270685557276,0.007607962748652497,0,-0.00857357307122605,0.006569327911502379,0.007607962748652497,29_KW_1
2579,146,2026-02-09 18:54:49.520000+00:00,124350.92555911464,426607.51196813025,11.378294118172619,-0.0007074603054206818,0.00010273343650624156,-0.0010273950514640973,0,-4.899150419903292e-05,-0.0007131998844914534,-0.0010273950514640973,13_P5_1
2580,95,2026-02-09 18:54:52.760000+00:00,124268.12530003309,426351.5460840194,7.186354228636627,0.015752130857435986,-0.003106990596279502,-0.007316629608493663,0,0.00016018696250018607,-0.016054823488665364,-0.007316629608493663,08_P2_0
2581,117,2026-02-09 18:55:01.650000+00:00,124377.6915101319,426815.8995211634,7.626074655608831,0.011492987818201073,-0.006184875150211155,0.008639615436371706,0,-0.006630392268390045,0.011241856963166328,0.008639615436371706,26_KW_0
2582,148,2026-02-09 18:55:04.780000+00:00,124351.040182568,426607.39850949467,8.01507949366352,-0.0009358466631965712,5.359994247555733e-05,-0.0003769215488613753,0,-0.00014598935650120018,-0.0009259422436836463,-0.0003769215488613753,14_P5_1
2583,96,2026-02-09 18:55:07.050000+00:00,124258.0775820084,426307.3491947581,9.299046420238428,0.01660381196415983,-0.0032148188329301775,-0.00549918793746329,0,-0.00010122827051322437,-0.01691187111785649,-0.00549918793746329,03_P1_0
2584,116,2026-02-09 18:55:15.550000+00:00,124377.69871124199,426815.8940006497,10.013905286293339,0.011351350418408401,-0.0060609139036387205,0.008845531016214991,0,-0.006498596046597039,0.0111065783701361,0.008845531016214991,25_KW_0
2585,97,2026-02-09 18:55:20.830000+00:00,124258.00355284817,426307.3885801348,6.831807664983379,0.015682639292208478,-0.0032725698547437787,-0.005254525612721217,0,0.00012688912757464246,-0.016019949680726286,-0.005254525612721217,04_P1_0
2586,168,2026-02-09 18:55:22.470000+00:00,124669.37088442585,426931.3139725136,13.792438757239289,-0.005847545500728302,0.006231941224541515,-0.008901262695939494,0,0.001626043612655541,-0.008389687835609255,-0.008901262695939494,908_GSL_1
2587,115,2026-02-09 18:55:30.650000+00:00,124396.30078903389,426811.6279956055,7.655174564197371,0.01069827408355195,-0.005918730923440307,0.00890227142432476,0,0.0004198481840690078,0.012219172296568284,0.00890227142432476,24_KW_0
2588,114,2026-02-09 18:55:44.440000+00:00,124396.30990972766,426811.6235220107,9.999303189951556,0.010889082637731917,-0.006016745115630329,0.008619112301373022,0,0.00043746983875542716,0.012433099477523512,0.008619112301373022,23_KW_0
2589,150,2026-02-09 18:55:59.640000+00:00,124401.11379989801,426812.31530775863,9.190274121503712,0.010619268083246425,-0.006123830389697105,0.008260098259903259,0,0.0014549683547912815,0.012171820749263026,0.008260098259903259,27_KW_1
2590,119,2026-02-09 18:56:14.860000+00:00,124400.82497159553,426811.33704849076,3.9926839543139243,0.010820208452059887,-0.006080390536226332,0.009149825227741548,0,0.0017312016244654983,0.012290280751655227,0.009149825227741548,28_KW_1
2591,169,2026-02-09 18:56:31.130000+00:00,124669.38748062936,426931.30140462203,13.816308394523475,0.008403181040193886,-0.0007549308938905597,0.004553181650582161,0,0.007137183179364027,0.004499332007423723,0.004553181650582161,908_GSL_1
2592,62,2026-02-09 18:56:48.740000+00:00,124390.62172221835,426780.8748925756,7.453394250501673,0.011042005324270576,-0.004352632386144251,0.00859637691934445,0,0.011590102021809106,0.0025575037427515187,0.00859637691934445,19_P6_1
2593,72,2026-02-09 18:57:03.340000+00:00,124390.53385892721,426780.88163161604,10.995914367410721,0.009899224358377978,-0.005299315671436489,0.008829045843963712,0,0.010612758041209956,0.0036669818982058965,0.008829045843963712,18_P6_1
2594,71,2026-02-09 18:57:08.290000+00:00,124806.22218759844,426258.5091656326,4.637412656977668,-0.005574337046709843,-0.005940499482676387,0.045908993828400746,0,0.002163492157388224,0.007853793306353298,0.045908993828400746,903_GSL_1
2595,67,2026-02-09 18:57:25.400000+00:00,123855.61415536405,426533.0743115574,6.0822673331060635,-0.0038391100970329717,-0.01679114729631692,0.03785918476848771,0,0.012936648399579366,-0.011372094004597929,0.03785918476848771,904_GSL_1
2596,68,2026-02-09 18:57:42.310000+00:00,123928.08730910918,426940.4302694011,7.188025534538078,-0.021641252678819,-0.01746560411993414,0.06921225349785232,0,0.021059883832318375,-0.018162390749898706,0.06921225349785232,905_GSL_1
2597,69,2026-02-09 18:57:59.040000+00:00,124266.91767564024,427056.31331388344,7.160443595013163,-0.02492155641084537,-0.00152450060704723,0.06994222408573059,0,0.01660489462159106,-0.01864632807406573,0.06994222408573059,906_GSL_1
2598,107,2026-02-09 18:58:41.290000+00:00,124409.92137639022,426969.5242736414,6.338264581433709,0.0002541735739214346,-0.0013292079092934728,0.05246434631511754,0,-0.0012306361885040672,0.0005629675331246928,0.05246434631511754,38_P9_0
2599,106,2026-02-09 18:58:53.800000+00:00,124410.03284210234,426969.44960831496,8.972751988719272,0.0006116781150922179,-0.0012628991389647126,0.05182553844434956,0,-0.0010787518958919715,0.0008974177950041209,0.05182553844434956,37_P9_0
2600,104,2026-02-09 18:59:08.600000+00:00,124389.81618444243,426881.4450780532,10.774606808433804,0.0005250495596555993,-0.0010565428528934717,0.05182154408642958,0,0.0009251051552168032,-0.0007322160144971627,0.05182154408642958,33_P7_0
2601,105,2026-02-09 18:59:21.160000+00:00,124389.68741771806,426881.47284359846,7.11143828760134,0.0005448174488265067,-0.0011215087724849582,0.05152451436497252,0,0.000982313255786127,-0.0007678988519417124,0.05152451436497252,34_P7_0
2602,139,2026-02-09 19:00:19.730000+00:00,123928.09863485084,426940.427355306,7.1381649599129275,0.01176492715603672,-0.003748706600163132,0.00156312917367174,0,-0.012342892198315705,0.0003454335561496043,0.00156312917367174,905_GSL_1
2603,134,2026-02-09 19:00:21.250000+00:00,123855.63051423505,426533.0822587898,6.048992424847465,0.016052093633334152,0.007960727845784277,0.003149505949684439,0,-0.014142329370486525,0.011001700678742635,0.003149505949684439,904_GSL_1
2604,138,2026-02-09 19:00:21.750000+00:00,123928.0884591579,426940.4304907003,7.1191180536791006,0.0018402792193228379,-0.0012304517440497875,0.0011819900811733675,0,-0.0020995181823157127,0.0007018992104514461,0.0011819900811733675,905_GSL_1
2605,143,2026-02-09 19:00:37.540000+00:00,124266.92938974436,427056.307820819,7.112823159417675,0.00982231626403518,-0.006406056985724717,0.007281421194897497,0,-0.009651131614844474,0.006661165171952422,0.007281421194897497,906_GSL_1
2606,142,2026-02-09 19:00:38.490000+00:00,124266.94013819078,427056.3157073332,7.07702517004728,0.0206472448335262,0.0005529630579985678,-0.005775563206775303,0,-0.0010534714778417111,0.020627764910538894,-0.005775563206775303,906_GSL_1
2607,137,2026-02-09 19:00:39.120000+00:00,123928.09689304087,426940.4259055527,7.127947502486354,0.007493778990465216,-0.007923018361907452,0.005083811520823822,0,-0.010810909637383117,0.001433588620698885,0.005083811520823822,905_GSL_1
2608,125,2026-02-09 19:00:53.140000+00:00,124339.66021381208,426609.5900942178,6.676079799369321,0.0023482484539272264,-0.0011396286427043378,0.0025638612402065775,0,-0.000786857154105552,0.002488750703400534,0.0025638612402065775,17_P5_1
2609,152,2026-02-09 19:00:54.740000+00:00,124370.28403896991,426819.49240685726,9.736515176875068,0.008267308046924882,-0.006763180659618229,0.007594225647189035,0,-0.008486062948699738,0.006486580810264255,0.007594225647189035,29_KW_1
2610,141,2026-02-09 19:00:55.760000+00:00,124266.92614334066,427056.3122564748,7.0884236485562,0.0075145892187720165,-0.002261828223709017,0.004288948293102557,0,-0.0024914882268227555,0.007441599589876825,0.004288948293102557,906_GSL_1
2611,122,2026-02-09 19:01:11.850000+00:00,124329.16473938647,426611.38932810357,8.079414525688561,0.015188483419478871,-0.0027108052745461464,-0.004249312753836776,0,0.0012290378004582174,0.015379465527297643,-0.004249312753836776,16_P5_1
2612,150,2026-02-09 19:01:12.040000+00:00,124401.11365436911,426812.31547004444,9.19012501767502,0.010473739181179553,-0.005961544578894973,0.008110994431211438,0,0.001497787522220748,0.011958087587060382,0.008110994431211438,27_KW_1
2613,146,2026-02-09 19:01:15.090000+00:00,124350.92532856745,426607.5118151005,11.382027594492023,-0.0009380074916407466,-5.029630847275257e-05,0.0027060812679398083,0,-0.00024725872467362415,-0.000906228942427312,0.0027060812679398083,13_P5_1
2614,120,2026-02-09 19:01:27.160000+00:00,124329.27052045439,426611.3302395742,11.35176254712972,0.010268619225826114,-0.0009355159127153456,-0.006268619517152629,0,0.001706077662203895,0.010169023052313247,-0.006268619517152629,15_P5_1
2615,129,2026-02-09 19:01:29.120000+00:00,124898.95066724851,426720.76598475,4.092226187331043,0.010995549731887877,-0.0065179201192222536,0.0005414420854297219,0,0.0116895766990052,0.005170995376623004,0.0005414420854297219,901_GSL_1
2616,148,2026-02-09 19:01:32.270000+00:00,124351.04223190433,426607.3979609647,8.014803581666657,0.0011134896631119773,-0.0004949300200678408,-0.0006528335457254286,0,-0.000247657059140656,0.001193097202946759,-0.0006528335457254286,14_P5_1
2617,124,2026-02-09 19:01:42.790000+00:00,124339.67182838844,426609.58833476616,6.669370644508254,0.014062665213714354,-0.0019071378628723323,-0.005059551324939626,0,0.0025841790851922055,0.013954130076671501,-0.005059551324939626,17_P5_1
2618,149,2026-02-09 19:01:46.230000+00:00,124351.05185270465,426607.3905138596,8.02074000354991,0.010541012583416887,-0.006218605907633901,0.008514159582112768,0,0.004482412061361897,-0.01138823901357755,0.008514159582112768,14_P5_1
2619,128,2026-02-09 19:01:50.600000+00:00,124898.93741744418,426720.7799450478,4.082899370998833,-0.0028839553269790486,0.010681012994609773,0.001507439995153348,0,0.0020165839365251566,-0.010878172003879253,0.001507439995153348,901_GSL_1
2620,127,2026-02-09 19:01:59.460000+00:00,124898.95214046205,426720.77392711694,4.0784290851605745,0.011787037816247903,0.005755598365794867,0.00182938244407449,0,0.013110316558308363,-0.00042517381262750575,0.00182938244407449,901_GSL_1
2621,154,2026-02-09 19:01:59.660000+00:00,124285.66540196122,426445.56122173136,7.894446614156941,0.000776961212977767,-0.0026032686582766473,-0.0071533858430585795,11,-0.0013543751910932587,-0.0023550677857311197,-0.0071533858430585795,TS1-1
2622,147,2026-02-09 19:02:01.430000+00:00,124350.93777194848,426607.5038539685,11.380566681989592,0.011264602886512876,-0.006138771597761661,0.006347040317148611,0,0.004280769524830811,-0.012093419995832414,0.006347040317148611,13_P5_1
2623,131,2026-02-09 19:02:09.700000+00:00,124806.22243381795,426258.5089917564,4.613197489555903,0.0038893218006705865,0.0027076919213868678,0.0016930167833404397,0,0.002704564836622582,-0.0038914969683683247,0.0016930167833404397,903_GSL_1
2624,3,2026-02-09 19:02:09.900000+00:00,124314.90203472422,426440.7930666399,7.072098954319337,-0.0021902757871430367,-0.0011333600850775838,0.01989895431933686,11,0.0002689415363732944,-0.0024514248012544233,0.01989895431933686,TS2
2625,126,2026-02-09 19:02:15.430000+00:00,124339.66859024944,426609.582024646,6.67796081495173,0.011769645294407383,-0.006465515063609928,0.007303625816271975,0,0.0036983179617580924,-0.012909294312535841,0.007303625816271975,17_P5_1
2626,121,2026-02-09 19:02:30.120000+00:00,124329.27284244087,426611.32060986455,11.360416838653432,0.013299671161803417,-0.007106628036126494,0.006117316579310028,0,0.003120127756493857,-0.014752973186416397,0.006117316579310028,15_P5_1
2627,123,2026-02-09 19:02:45.220000+00:00,124329.16408543744,426611.38231860375,8.086360809534808,0.014328825316624716,-0.007959415903314948,0.008245164480742417,0,0.003641439017869009,-0.015981472346296176,0.008245164480742417,16_P5_1
2628,4,2026-02-09 19:02:45.420000+00:00,124378.97055491254,426782.7428379148,7.758056842981523,0.003554912531399168,-0.0005370851722545922,-0.0063931570184774245,11,-0.003369829730269576,0.0012530407723397752,-0.0063931570184774245,TS3
2629,66,2026-02-09 19:06:15.490000+00:00,124898.9160646715,426720.84022825403,4.129947314602447,-0.021540992180234753,0.06602309923619032,0.04766078419868247,0,-0.045353216869706565,-0.05259419831530976,0.04766078419868247,901_GSL_1
2630,68,2026-02-09 19:06:21.050000+00:00,123928.08810136128,426940.43027649424,7.122021362692443,-0.02084900057525374,-0.017458510992582887,0.0032080816522173095,0,-0.0010427933425212936,-0.027173387957887426,0.0032080816522173095,905_GSL_1
2631,67,2026-02-09 19:06:21.370000+00:00,123855.63056957559,426533.0830051408,6.04770595774535,0.012575101442052983,-0.008097563870251179,0.0032978094077744657,0,-0.013937456773083697,-0.005426878993412663,0.0032978094077744657,904_GSL_1
2632,68,2026-02-09 19:06:21.740000+00:00,123928.0982110462,426940.42629771854,7.1388553079631425,-0.010739315650425851,-0.02143728669034317,0.020042026922916456,0,0.0030589556039349146,-0.023780936732950647,0.020042026922916456,905_GSL_1
2633,71,2026-02-09 19:06:31.830000+00:00,124806.19675592879,426258.5792177536,4.627275117886318,-0.031006006698589772,0.0641116215265356,0.035771454737050234,0,-0.07102426181411693,-0.005217921033755444,0.035771454737050234,903_GSL_1
2634,69,2026-02-09 19:06:37.040000+00:00,124266.93791417114,427056.31573460693,7.077439532078077,-0.004683025515987538,0.0008962228894233704,-0.013061838849355745,0,0.001257318284058848,-0.0045992493065160145,-0.013061838849355745,906_GSL_1
2635,69,2026-02-09 19:06:37.840000+00:00,124266.92914313004,427056.3077753533,7.113460218403031,-0.013454066618578508,-0.007063030730932951,0.022958847475598176,0,-0.0014373669744940896,-0.015127203570517767,0.022958847475598176,906_GSL_1
2636,68,2026-02-09 19:06:39.550000+00:00,123928.09950864811,426940.4280399971,7.126450408937875,-0.0094417137443088,-0.019695008115377277,0.00763712789764881,0,-0.01043442168579836,-0.01918755188076862,0.00763712789764881,905_GSL_1
2637,67,2026-02-09 19:06:48.970000+00:00,123855.58958410255,426533.1514311033,6.064681092664362,-0.02841037159669213,0.060328398598358035,0.020272944326785947,0,-0.010368357848349686,0.06587231624311585,0.020272944326785947,904_GSL_1
2638,66,2026-02-09 19:06:54.930000+00:00,124898.95041189453,426720.76494231453,4.095053323620397,0.012806230850401334,-0.009262840263545513,0.012766793216632877,0,0.013812327882071438,0.007682405666188341,0.012766793216632877,901_GSL_1
2639,66,2026-02-09 19:06:56.240000+00:00,124898.93802967665,426720.7789064322,4.083573769375532,0.0004240129637764767,0.0047012774157337844,0.0012872389717673016,0,0.0024146421239937144,-0.004056020185622128,0.0012872389717673016,901_GSL_1
2640,69,2026-02-09 19:06:56.590000+00:00,124266.92713591445,427056.31238769536,7.088957415984933,-0.01546128220797982,-0.0024506886838935316,-0.0015439549424991483,0,-0.001975422343863972,-0.015529160605245866,-0.0015439549424991483,906_GSL_1
2641,66,2026-02-09 19:07:13.970000+00:00,124898.95269256466,426720.7726601493,4.075777933292404,0.015086900981259532,-0.001545005477964878,-0.006508597111360537,0,0.013131800048470144,0.007586662680801807,-0.006508597111360537,901_GSL_1
2642,71,2026-02-09 19:07:14.670000+00:00,124806.2237491779,426258.5124890752,4.616801207248924,-0.00401275759213604,-0.0026170568889938295,0.02529754409965701,0,-0.002851903780872078,0.003849396716126183,0.02529754409965701,903_GSL_1
2643,110,2026-02-09 19:07:22.530000+00:00,124434.11901562635,426964.00643362367,8.789897318578264,-0.02143725751375314,0.07200578175252303,0.04552414610365929,0,0.06594450948814748,-0.03599597593996545,0.04552414610365929,35_P9_0
2644,149,2026-02-09 19:07:32.140000+00:00,124351.051566939,426607.3904579486,8.020626469408922,0.010255246932501905,-0.006274516868870705,0.008400625441124632,0,0.004582594153231462,-0.011114831641149658,0.008400625441124632,14_P5_1
2645,111,2026-02-09 19:07:34.790000+00:00,124434.2403609127,426964.049883886,6.506759804470271,-0.021329846611479297,0.07182010664837435,0.04546729485550216,0,0.06569945948412631,-0.03600931961238294,0.04546729485550216,36_P9_0
2646,147,2026-02-09 19:07:47.520000+00:00,124350.9372338363,426607.5040755356,11.379767958140572,0.010726490712841041,-0.0059172045439481735,0.005548316468129144,0,0.0041470581529174065,-0.011527047380136306,0.005548316468129144,13_P5_1
2647,164,2026-02-09 19:07:51.090000+00:00,124091.07016386837,427154.20386449806,9.83762816047918,-0.025164582999423146,0.009133556624874473,0.02299462884978354,0,0.015470868372931853,-0.021847890652007155,0.02299462884978354,907_GSL_1
2648,102,2026-02-09 19:07:57.950000+00:00,124282.39552777479,426301.79262631893,6.9021628229445025,0.002238828965346329,-0.0009315456845797598,-0.0011351608222334164,0,0.000397174509306807,-0.0023921506866603917,-0.0011351608222334164,02_P1_0
2649,126,2026-02-09 19:08:01.640000+00:00,124339.66850611316,426609.58210849453,6.675812205712763,0.011685509016388096,-0.006381666520610452,0.005155016577305105,0,0.00363518540669113,-0.012808677356048424,0.005155016577305105,17_P5_1
2650,122,2026-02-09 19:08:07.970000+00:00,124329.1653773925,426611.3890588169,8.078215506855983,0.015826489456230775,-0.00298009195830673,-0.0054483315864146675,0,0.0011303270343593918,0.01606490203467001,-0.0054483315864146675,16_P5_1
2651,103,2026-02-09 19:08:12.630000+00:00,124282.31662450868,426301.795833225,9.300569904727068,0.004906101516098715,-0.0016109282150864601,0.002618418935954381,0,0.00044834148200682534,-0.0051443086723037615,0.002618418935954381,01_P1_0
2652,121,2026-02-09 19:08:17.920000+00:00,124329.2726288575,426611.3207434186,11.36134808598956,0.013086087798001245,-0.006973073992412537,0.007048563915438066,0,0.0030513631975692297,-0.014510638765994325,0.007048563915438066,15_P5_1
2653,120,2026-02-09 19:08:22.920000+00:00,124329.27079121879,426611.33025969414,11.352341198085043,0.010539383627474308,-0.0009153959690593183,-0.005689968561830128,0,0.0017943796653853272,0.010425773767145305,-0.005689968561830128,15_P5_1
2654,100,2026-02-09 19:08:27.450000+00:00,124292.4875757787,426345.92871561524,7.5881041203679285,0.0038525053823832422,-0.0015193644794635475,-0.00039544860116969005,0,0.000592497706948344,-0.0040986842535145765,-0.00039544860116969005,06_P2_0
2655,123,2026-02-09 19:08:32.910000+00:00,124329.16440034618,426611.38206795906,8.084830545879074,0.014643734059063718,-0.008210060594137758,0.00671490082500803,0,0.0037941740687215753,-0.01635384619250888,0.00671490082500803,16_P5_1
2656,124,2026-02-09 19:08:37.660000+00:00,124339.67184162691,426609.58849209157,6.669878206548941,0.014075903687626123,-0.0017498124507255852,-0.004551989284252045,0,0.0027377591109649115,0.013917527915774755,-0.004551989284252045,17_P5_1
2657,101,2026-02-09 19:08:41.250000+00:00,124292.40962309882,426345.88167159323,10.21664977960944,0.004304227986722253,-0.0017219326691702008,0.0010312820091566977,0,0.0006826518735316814,-0.00458534808912065,0.0010312820091566977,05_P2_0
2658,118,2026-02-09 19:08:49.540000+00:00,124372.27074644572,426775.1079330153,6.17447126138469,0.010719083729782142,-0.0047314835246652365,0.008939192394328721,0,-0.003539292427322856,-0.011169561381905462,0.008939192394328721,22_P6_1
2659,170,2026-02-09 19:08:54.430000+00:00,124669.39489993385,426931.303096815,13.791662435089368,0.006853117374703288,0.004599843290634453,0.005472304417979856,0,0.007857571462765538,0.0025263306904258426,0.005472304417979856,908_GSL_1
2660,98,2026-02-09 19:08:55.300000+00:00,124302.66340297672,426390.0769801844,7.98118044079529,0.002557343163061887,-0.0009318241500295699,0.0021296456644197548,0,0.00030564287068828716,-0.00270460398872647,0.0021296456644197548,10_P3_0
2661,74,2026-02-09 19:09:08.020000+00:00,124369.35764219667,426785.7209595186,7.2385128730227315,0.011328987369779497,-0.005506778077688068,0.008459038265659302,0,-0.012452232412767394,-0.0019006492469559903,0.008459038265659302,21_P6_1
2662,99,2026-02-09 19:09:08.410000+00:00,124302.54141583487,426390.1336585449,11.08936537886438,0.003335543704451993,-0.0011577470577321947,0.001610176115013573,0,0.0003336850128223113,-0.0035149515453580084,0.001610176115013573,09_P3_0
2663,113,2026-02-09 19:09:11.250000+00:00,124414.05720416247,426875.9893173882,7.342550598657879,-0.021542288683122024,0.07222045277012512,0.045780861801787864,0,-0.06509567697216671,0.03797916322885702,0.045780861801787864,32_P7_0
2664,92,2026-02-09 19:09:11.870000+00:00,124278.33013267409,426395.63532961375,11.09477861131202,0.016156871512066573,-0.0029610114288516343,-0.007010371915200153,0,0.0005708861712584329,-0.016416034073998637,-0.007010371915200153,11_P3_0
2665,73,2026-02-09 19:09:23.740000+00:00,124369.5008324091,426785.6881453546,11.414582021640175,0.011492844671010971,-0.008321299566887319,0.008527405577099856,0,-0.01344937886166466,-0.004521472475783988,0.008527405577099856,20_P6_1
2666,112,2026-02-09 19:09:23.850000+00:00,124413.93080410545,426875.9415926272,10.70797277193811,-0.021596043690806255,0.07211253623245284,0.045834379448258744,0,-0.06488294873577426,0.038168179787919206,0.045834379448258744,31_P7_0
2667,93,2026-02-09 19:09:25.450000+00:00,124278.28402513835,426395.7882575087,7.941678488779272,0.01590155866870191,-0.0030925938044674695,-0.007047031500245993,0,0.0007165524271936807,-0.016183641652998938,-0.007047031500245993,12_P3_0
2668,166,2026-02-09 19:09:26.210000+00:00,124091.0455631009,427154.20163007075,9.823570753947655,-0.02671773479960393,0.012602091184817255,-0.0062828651151498605,0,0.02002254131755888,-0.021719758153328116,-0.0062828651151498605,907_GSL_1
2669,94,2026-02-09 19:09:39.070000+00:00,124268.23963085088,426351.5530405953,10.20701382878098,0.015408351784572005,-0.002932425180915743,-0.007480110509980875,0,7.003804066365979e-05,-0.015684754280244625,-0.007480110509980875,07_P2_0
2670,125,2026-02-09 19:09:42.220000+00:00,124339.65953323212,426609.5904428085,6.67430566191706,0.0016676684899721295,-0.0007910379208624363,0.0007897237879461727,0,-0.0005407018877777543,0.0017647947906886685,0.0007897237879461727,17_P5_1
2671,152,2026-02-09 19:09:48.940000+00:00,124370.28414073486,426819.49232705345,9.736533431804705,0.008369072995265014,-0.00684298446867615,0.007612480576826286,0,-0.008587166995747849,0.006567220281500842,0.007612480576826286,29_KW_1
2672,95,2026-02-09 19:09:52.860000+00:00,124268.12533040016,426351.5461147789,7.1863770474217095,0.01578249792510178,-0.0030762311071157455,-0.007293810823410851,0,0.00012437209985457885,-0.01607902267431097,-0.007293810823410851,08_P2_0
2673,146,2026-02-09 19:09:57.910000+00:00,124350.92477735307,426607.51200369955,11.381322548832681,-0.001489221875090152,0.00013830274110659957,0.002001035608598656,0,-0.0001793238776932477,-0.0014848408629660234,0.002001035608598656,13_P5_1
2674,117,2026-02-09 19:10:04.440000+00:00,124377.69148869041,426815.89960917295,7.626193331880575,0.011471546327811666,-0.006096865574363619,0.008758291708115706,0,-0.006541610238131303,0.011223879920747783,0.008758291708115706,26_KW_0
2675,96,2026-02-09 19:10:06.090000+00:00,124258.07768971194,426307.3493121415,9.2999926388355,0.016711515505448915,-0.0030974354594945908,-0.0045529693403913996,0,-0.00023744155835338162,-0.016994483764473715,-0.0045529693403913996,03_P1_0
2676,148,2026-02-09 19:10:14.260000+00:00,124351.04232329986,426607.3981405633,8.006874116622647,0.0012048851931467652,-0.0003153314464725554,-0.008582298589734805,0,-5.276654819822103e-05,0.0012443463911588433,-0.008582298589734805,14_P5_1
2677,116,2026-02-09 19:10:18.590000+00:00,124377.69872997263,426815.8940819106,10.014023030079837,0.011370081061613746,-0.0059796529822051525,0.008963274802713528,0,-0.006418126635930063,0.01112846097267846,0.008963274802713528,25_KW_0
2678,97,2026-02-09 19:10:20.490000+00:00,124258.00370670382,426307.3888297074,6.8320426906716945,0.015836494945688173,-0.003022997232619673,-0.005019499924405757,0,-0.00014805194101573098,-0.016121760606583723,-0.005019499924405757,04_P1_0
2679,168,2026-02-09 19:10:31.520000+00:00,124669.3620108316,426931.32002534333,13.798039234050165,-0.01472113975614775,0.012284770957194269,-0.0033007858850631067,0,0.0013344964605577232,-0.019127118768583952,-0.0033007858850631067,908_GSL_1
2680,115,2026-02-09 19:10:33.040000+00:00,124396.30083488995,426811.6279558154,7.655594758631506,0.010744130137027241,-0.005958521040156484,0.009322465858459417,0,0.0004092766651221204,0.01227895752899044,0.009322465858459417,24_KW_0
2681,114,2026-02-09 19:10:47.350000+00:00,124396.309928943,426811.62364533526,9.9996457986709,0.010908297976129688,-0.005893420544452965,0.00896172102071624,0,0.0005531271439183421,0.01238617862023942,0.00896172102071624,23_KW_0
2682,150,2026-02-09 19:11:02.830000+00:00,124401.1138764494,426812.3152951119,9.190306493607036,0.01069581946649123,-0.006136477109976113,0.008292470363226556,0,0.0014906826445753383,0.012240701394699382,0.008292470363226556,27_KW_1
2683,119,2026-02-09 19:11:17.940000+00:00,124400.8250018581,426811.33707504557,3.992703342485837,0.010850471022422425,-0.006053835735656321,0.009169213399654375,0,0.0017706712031375315,0.012298226376722692,0.009169213399654375,28_KW_1
2684,169,2026-02-09 19:11:34.230000+00:00,124669.38689225634,426931.30260982347,13.814140385681437,0.00781480802106671,0.00045027054147794843,0.0023851728085446666,0,0.007162289674231364,0.00315841330244321,0.0023851728085446666,908_GSL_1
2685,62,2026-02-09 19:11:51.740000+00:00,124390.62170672182,426780.8748163611,7.453427957991745,0.01102650880056899,-0.004428846877999604,0.008630084409416483,0,0.011586814006968767,0.0026352081826118844,0.008630084409416483,19_P6_1
2686,72,2026-02-09 19:12:06.160000+00:00,124390.53384710425,426780.88154607546,10.99589150058056,0.009887401392916217,-0.005384856252931058,0.008806179013802762,0,0.010614612760984955,0.0037533157479364356,0.008806179013802762,18_P6_1
2687,134,2026-02-09 19:15:20.170000+00:00,123855.62975519101,426533.07957093103,6.05085006708666,0.01529304959694855,0.005272869078908116,0.0050071481888798175,0,-0.013934497453829367,0.008216464872879114,0.0050071481888798175,904_GSL_1
2688,139,2026-02-09 19:15:20.510000+00:00,123928.09807861567,426940.42622831615,7.140460972747977,0.011208691983483732,-0.004875696438830346,0.0038591420087215056,0,-0.012189896787972885,-0.00090200224101923,0.0038591420087215056,905_GSL_1
2689,138,2026-02-09 19:15:21.770000+00:00,123928.0861458681,426940.42888982524,7.116553321291311,-0.0004730105720227584,-0.002831326797604561,-0.0013827423066166133,0,-0.0019492291933484527,-0.0021072864038561854,-0.0013827423066166133,905_GSL_1
2690,143,2026-02-09 19:15:36.520000+00:00,124266.92974846342,427056.30813065864,7.113168198572119,0.010181035322602838,-0.006096217373851687,0.007626460349341002,0,-0.009500383850628763,0.007110559274772275,0.007626460349341002,906_GSL_1
2691,137,2026-02-09 19:15:37.360000+00:00,123928.09937278616,426940.42800313706,7.126205237239588,0.009973524283850566,-0.005825433996506035,0.003341546274057805,0,-0.010563090831700808,0.004672042376674637,0.003341546274057805,905_GSL_1
2692,142,2026-02-09 19:15:44.220000+00:00,124266.94271425226,427056.31620923604,7.071396846265327,0.023223306314321235,0.0010548658901825547,-0.011403886988728296,0,-0.0007533056275038307,0.023235043121256183,-0.011403886988728296,906_GSL_1
2693,152,2026-02-09 19:15:52.640000+00:00,124370.28400437575,426819.4922890683,9.736640001792065,0.008232713880715892,-0.00688096962403506,0.007719050564185537,0,-0.008592711945054433,0.006425777948073226,0.007719050564185537,29_KW_1
2694,141,2026-02-09 19:15:53.360000+00:00,124266.92754590849,427056.3123496739,7.08850783011913,0.00891715704347007,-0.0021686291438527405,0.004373129856031888,0,-0.0024413972401788847,0.008846367707546543,0.004373129856031888,906_GSL_1
2695,125,2026-02-09 19:15:58.950000+00:00,124339.6610738655,426609.5899649303,6.674643831663202,0.003208301874110475,-0.0012689161230809987,0.0011278935340879315,0,-0.0007899896424505972,0.0033584617621251066,0.0011278935340879315,17_P5_1
2696,122,2026-02-09 19:16:08.910000+00:00,124329.16433999474,426611.3894325193,8.079683657182985,0.014789091685088351,-0.002606389520224184,-0.003980181259413129,0,0.0012287698020632702,0.014966650392610274,-0.003980181259413129,16_P5_1
2697,150,2026-02-09 19:16:09.240000+00:00,124401.11364542358,426812.3154109698,9.190192861465679,0.010464793653227389,-0.006020619242917746,0.008178838221869711,0,0.001445119788270944,0.01198630014100963,0.008178838221869711,27_KW_1
2698,146,2026-02-09 19:16:18.310000+00:00,124350.92348865705,426607.5123229046,11.379753986415622,-0.0027779178926721215,0.0004575077909976244,0.0004324731915392732,0,-0.00013947680330318838,-0.0028118832512378194,0.0004324731915392732,13_P5_1
2699,120,2026-02-09 19:16:24.970000+00:00,124329.2707729609,426611.3304590466,11.352928785301344,0.010521125732338987,-0.0007160435197874904,-0.005102381345528428,0,0.001982538662731802,0.010357429480749018,-0.005102381345528428,15_P5_1
2700,129,2026-02-09 19:16:27.010000+00:00,124898.95050233287,426720.76629658334,4.092132681267768,0.01083063408441376,-0.006206086778547615,0.00044793602215431605,0,0.011488919747205596,0.004880867834268605,0.00044793602215431605,901_GSL_1
2701,148,2026-02-09 19:16:34.370000+00:00,124351.03979115908,426607.3986932931,8.015098875052878,-0.0013272555806906894,0.00023739837342873216,-0.0003575401595039551,0,-4.933442556327425e-05,-0.0013474165943150355,-0.0003575401595039551,14_P5_1
2702,124,2026-02-09 19:16:40.180000+00:00,124339.67128287569,426609.58862294536,6.669820897818983,0.01351715245982632,-0.001618958660401404,-0.0046092980142100615,0,0.002687399698820204,0.013345872793678895,-0.0046092980142100615,17_P5_1
2703,149,2026-02-09 19:16:44.130000+00:00,124351.05145336155,426607.39052518434,8.01961489548348,0.01014166948152706,-0.006207281141541898,0.0073890515156822545,0,0.004534068474782633,-0.010992089069356259,0.0073890515156822545,14_P5_1
2704,128,2026-02-09 19:16:52.460000+00:00,124898.93886687572,426720.7773168948,4.076539377912814,-0.0014345237868838012,0.00805285997921601,-0.004852553090865186,0,0.0021875032706231133,-0.007881702974675428,-0.004852553090865186,901_GSL_1
2705,127,2026-02-09 19:16:56.870000+00:00,124898.95256740521,426720.77321132313,4.077802976531871,0.012213980982778594,0.005039804556872696,0.0012032738153706646,0,0.013206771456272493,0.00040267744031428524,0.0012032738153706646,901_GSL_1
2706,154,2026-02-09 19:16:57.070000+00:00,124285.66549496354,426445.56113032793,7.8932582241997595,0.0008699635363882408,-0.0026946720900014043,-0.008341775800239759,11,-0.0014658923937461384,-0.0024226542710908804,-0.008341775800239759,TS1-1
2707,147,2026-02-09 19:16:59.090000+00:00,124350.93790486665,426607.50383055455,11.380462891015974,0.011397521055187099,-0.006162185571156442,0.006243249343530266,0,0.0042828762042211475,-0.012228368191877368,0.006243249343530266,13_P5_1
2708,131,2026-02-09 19:17:09.730000+00:00,124806.22414525326,426258.5136004934,4.61351381274376,0.005600757111096755,0.007316428876947612,0.0020093399711971216,0,0.002705973517339577,-0.008807741995108089,0.0020093399711971216,903_GSL_1
2709,3,2026-02-09 19:17:09.930000+00:00,124314.90211987557,426440.7929664184,7.063106443679394,-0.0021051244402769953,-0.0012335816281847656,0.010906443679393973,11,0.00013833742518127911,-0.0024360080663332635,0.010906443679393973,TS2
2710,126,2026-02-09 19:17:14.820000+00:00,124339.668184722,426609.5820719633,6.676920336168735,0.011364117861376144,-0.006418197765015066,0.006263147033276795,0,0.0037419883743905783,-0.012503357961924408,0.006263147033276795,17_P5_1
2711,121,2026-02-09 19:17:31.010000+00:00,124329.27232562893,426611.32064835925,11.360072214934473,0.012782859223079868,-0.007068133330903947,0.005772692860350759,0,0.0032271354969084943,-0.014245897486122332,0.005772692860350759,15_P5_1
2712,123,2026-02-09 19:17:45.920000+00:00,124329.16459731113,426611.3819057683,8.084410541735917,0.014840699004707858,-0.008372251351829618,0.006294896681851014,0,0.0038949099518993586,-0.016588267423487752,0.006294896681851014,16_P5_1
2713,4,2026-02-09 19:17:46.120000+00:00,124378.97064754956,426782.7428911739,7.758564198707325,0.003647549558081664,-0.0004838260356336832,-0.005885801292675019,11,-0.0034250495411858343,0.001344522611130603,-0.005885801292675019,TS3
2714,68,2026-02-09 19:21:20.040000+00:00,123928.0979778779,426940.4256355517,7.140001438123819,-0.01097248395672068,-0.022099453548435122,0.021188157083592785,0,0.003060415639239435,-0.024482955447311362,0.021188157083592785,905_GSL_1
2715,68,2026-02-09 19:21:20.300000+00:00,123928.07883502619,426940.4231662117,7.118145777312636,-0.030115335670416243,-0.024568793538492173,-0.0006675037275902795,0,-0.0009929478226417675,-0.03885322525994992,-0.0006675037275902795,905_GSL_1
2716,67,2026-02-09 19:21:23.390000+00:00,123855.63001476531,426533.08072997775,6.045304225384548,0.012020291163935326,-0.010372726945206523,0.0008960770469723656,0,-0.01384755565326269,-0.007766985668545268,0.0008960770469723656,904_GSL_1
2717,69,2026-02-09 19:21:36.580000+00:00,124266.92908599327,427056.3150968935,7.074018695013705,-0.013511203389498405,0.000258509477134794,-0.01648267591372754,0,0.0013073548121240294,-0.013450288754423743,-0.01648267591372754,906_GSL_1
2718,69,2026-02-09 19:21:37.640000+00:00,124266.92990106199,427056.3081899871,7.1118329710923645,-0.012696134668658487,-0.006648396956734359,0.021331600164931963,0,-0.0013409024294302983,-0.014268671917658439,0.021331600164931963,906_GSL_1
2719,68,2026-02-09 19:21:41.660000+00:00,123928.09814041546,426940.42705025454,7.125743185034958,-0.010809946397785097,-0.020684750692453235,0.006929903994731923,0,-0.010435356813966321,-0.020876234825684882,0.006929903994731923,905_GSL_1
2720,66,2026-02-09 19:21:54.810000+00:00,124898.9507900547,426720.7669041632,4.0941010982647255,0.013184391020331532,-0.007300991623196751,0.011814567860961134,0,0.013955686306922213,0.005689592688564945,0.011814567860961134,901_GSL_1
2721,69,2026-02-09 19:21:58.270000+00:00,124266.9278653717,427056.31250905065,7.0881230846233265,-0.01473182495101355,-0.0023293333943001926,-0.00237828630410597,0,-0.001876492630539599,-0.014796325079445841,-0.00237828630410597,906_GSL_1
2722,66,2026-02-09 19:21:59.790000+00:00,124898.94060280948,426720.77359468315,4.088844932866353,0.002997145798872225,-0.0006104716449044645,0.006558402462588653,0,0.002438738616373909,0.0018461073993504445,0.006558402462588653,901_GSL_1
2723,66,2026-02-09 19:22:15.260000+00:00,124898.95300430797,426720.77238528087,4.079640000002799,0.015398644289234653,-0.0018198739271610975,-0.002646530400965297,0,0.013303675294074719,0.007965074433234487,-0.002646530400965297,901_GSL_1
2724,71,2026-02-09 19:22:16.570000+00:00,124806.22385958387,426258.5119776665,4.612790743246157,-0.0039023516146698967,-0.003128465556073934,0.021287080096889177,0,-0.002570508907701905,0.004290469533219284,0.021287080096889177,903_GSL_1
2725,149,2026-02-09 19:22:31.630000+00:00,124351.05102704006,426607.39054337103,8.020236385527475,0.00971534798736684,-0.00618909444892779,0.00801054155967762,0,0.00458319373414956,-0.010568217059118055,0.00801054155967762,14_P5_1
2726,147,2026-02-09 19:22:46.840000+00:00,124350.93686845039,426607.5040925027,11.38021066143771,0.010361104796174914,-0.005900237418245524,0.005991019765266614,0,0.004188067777003555,-0.011163573911799389,0.005991019765266614,13_P5_1
2727,164,2026-02-09 19:22:53.960000+00:00,124091.07216412965,427154.2045400699,9.829423035960774,-0.02316432171210181,0.009809128474444151,0.014789504331377046,0,0.015592677815175664,-0.019740141852631937,0.014789504331377046,907_GSL_1
2728,102,2026-02-09 19:23:00.220000+00:00,124282.39520848864,426301.7925968974,6.903522101115745,0.0019195428176317364,-0.0009609672124497592,0.00022411734900895652,0,0.0004985398067727197,-0.0020879560994398485,0.00022411734900895652,02_P1_0
2729,126,2026-02-09 19:23:01.440000+00:00,124339.66827683803,426609.5822086046,6.67632481148213,0.011456233885837719,-0.006281556445173919,0.005667622346671841,0,0.0035883392295878455,-0.012562924332906067,0.005667622346671841,17_P5_1
2730,122,2026-02-09 19:23:10.370000+00:00,124329.16497587864,426611.38942149567,8.079127211692297,0.015424975586938672,-0.002617413178086281,-0.004536626750100581,0,0.0013793435813928881,0.015584547952601767,-0.004536626750100581,16_P5_1
2731,103,2026-02-09 19:23:13.370000+00:00,124282.31361849242,426301.79650751484,9.298688521115535,0.0019000852626049891,-0.0009366383892484009,0.0007370353244215977,0,0.00047812091308135543,-0.0020637383239782993,0.0007370353244215977,01_P1_0
2732,121,2026-02-09 19:23:16.050000+00:00,124329.2718153088,426611.320804935,11.360481441924627,0.012272539097466506,-0.006911557575222105,0.006181919850504869,0,0.0032189284363090985,-0.013712160432855749,0.006181919850504869,15_P5_1
2733,120,2026-02-09 19:23:25.940000+00:00,124329.2707325623,426611.3303753883,11.35249184081292,0.010480727141839452,-0.0007997017819434404,-0.0055393258339524465,0,0.0018913580965901967,0.010339629050995804,-0.0055393258339524465,15_P5_1
2734,100,2026-02-09 19:23:26.530000+00:00,124292.4867464289,426345.92886446643,7.588846031393849,0.003023155586561188,-0.0013705132878385484,0.00034646242475044886,0,0.0006383993431907757,-0.003257333672086993,0.00034646242475044886,06_P2_0
2735,123,2026-02-09 19:23:31.650000+00:00,124329.16481768774,426611.38189612003,8.085659433315879,0.015061075609992258,-0.008381899620871991,0.0075437882618132335,0,0.0038426340379221634,-0.016802571334021462,0.0075437882618132335,16_P5_1
2736,101,2026-02-09 19:23:40.230000+00:00,124292.40773622057,426345.8821397952,10.217277453828888,0.00241734973678831,-0.0012537306756712496,0.00165895622860468,0,0.0006623172453284781,-0.0026413549976498987,0.00165895622860468,05_P2_0
2737,124,2026-02-09 19:23:40.670000+00:00,124339.67199278493,426609.58855337,6.67065478758765,0.014227061707060784,-0.0016885340446606278,-0.0037754082455432325,0,0.002843216320252198,0.014041956879037368,-0.0037754082455432325,17_P5_1
2738,118,2026-02-09 19:23:48.730000+00:00,124372.27058186366,426775.1079574152,6.174401973120469,0.01055450167041272,-0.004707083571702242,0.008869904130107464,0,-0.0034487578661654456,-0.011029968741673567,0.008869904130107464,22_P6_1
2739,98,2026-02-09 19:23:53.230000+00:00,124302.66333877601,426390.0769920988,7.98098623582095,0.0024931424559326842,-0.000919909740332514,0.0019354406900795595,0,0.0003091278357850679,-0.0026394001623618064,0.0019354406900795595,10_P3_0
2740,170,2026-02-09 19:23:57.540000+00:00,124669.39614267468,426931.3023095032,13.791396339625718,0.008095858211163431,0.0038125314749777317,0.005206208954330549,0,0.008010108905437685,0.003989545305669069,0.005206208954330549,908_GSL_1
2741,74,2026-02-09 19:24:06.130000+00:00,124369.35766838348,426785.7210379742,7.238478929258348,0.011355174181517214,-0.005428322532679886,0.008425094501276043,0,-0.01245398319534153,-0.0018179573101550217,0.008425094501276043,21_P6_1
2742,99,2026-02-09 19:24:06.180000+00:00,124302.54046016735,426390.1339480351,11.08942341099198,0.0023798761831130832,-0.0008682569023221731,0.001668208242612934,0,0.0002790927625104221,-0.0025178935492377935,0.001668208242612934,09_P3_0
2743,92,2026-02-09 19:24:15.870000+00:00,124278.3302148318,426395.635319771,11.09481364863235,0.01623902922437992,-0.002970854169689119,-0.006975334594869764,0,0.000568630968833473,-0.016498748542514,-0.006975334594869764,11_P3_0
2744,73,2026-02-09 19:24:22.240000+00:00,124369.50079089751,426785.68815165234,11.41461401661222,0.011451333077275194,-0.008315001847222447,0.008559400549144058,0,-0.013407875120608837,-0.004527821740767657,0.008559400549144058,20_P6_1
2745,166,2026-02-09 19:24:22.780000+00:00,124091.06367703306,427154.20745224674,9.828375036333666,-0.008603802634752356,0.01842426718212664,-0.0014785827291383669,0,0.020154988589342605,-0.0026935990680926917,-0.0014785827291383669,907_GSL_1
2746,93,2026-02-09 19:24:29.420000+00:00,124278.28399203267,426395.7883630276,7.941235013468192,0.0158684529887978,-0.002987074898555875,-0.007490506811326014,0,0.0006170610247076108,-0.016135354114461053,-0.007490506811326014,12_P3_0
2747,125,2026-02-09 19:24:37.920000+00:00,124339.66053008684,426609.5900450116,6.67479371878975,0.0026645232137525454,-0.001188834838103503,0.0012777806606356634,0,-0.000789653711971062,0.0028088181222865067,0.0012777806606356634,17_P5_1
2748,94,2026-02-09 19:24:43.760000+00:00,124268.23966073456,426351.55312492483,10.206533415703648,0.015438235466717742,-0.002848095668014139,-0.007960523587312807,0,-1.832999676116852e-05,-0.015698739671425897,-0.007960523587312807,07_P2_0
2749,152,2026-02-09 19:24:47.720000+00:00,124370.28416581899,426819.49237935524,9.736628089595003,0.008394157121074386,-0.006790682673454285,0.007707138367123889,0,-0.00854205199730122,0.006603680233039629,0.007707138367123889,29_KW_1
2750,146,2026-02-09 19:24:53.010000+00:00,124350.92752639769,426607.5115249054,11.378860863586652,0.001259822747670114,-0.0003404914168640971,-0.0004606496374304214,0,-6.675104885568431e-05,0.0013033157936516622,-0.0004606496374304214,13_P5_1
2751,95,2026-02-09 19:24:58.170000+00:00,124268.12524741872,426351.54613274185,7.186045211466223,0.015699516487075016,-0.0030582681647501886,-0.007625646778897099,0,0.00012195992771706333,-0.015994153552829734,-0.007625646778897099,08_P2_0
2752,117,2026-02-09 19:25:02.240000+00:00,124377.6914940181,426815.8995081017,7.62590153168562,0.011476874016807415,-0.006197936832904816,0.008466491513160257,0,-0.006642812626340649,0.01122524380998812,0.008466491513160257,26_KW_0
2753,148,2026-02-09 19:25:08.840000+00:00,124351.04254659868,426607.39799007156,8.015656042220767,0.0014281840121839195,-0.0004658231628127396,0.00019962700838505043,0,-0.0001525058970006346,0.0014944707233835845,0.00019962700838505043,14_P5_1
2754,96,2026-02-09 19:25:12.070000+00:00,124258.07735702465,426307.3494159298,9.298658894070973,0.01637882822251413,-0.0029936471255496144,-0.005886714104917701,0,-0.00027402351851359515,-0.016647908221943026,-0.005886714104917701,03_P1_0
2755,116,2026-02-09 19:25:16.130000+00:00,124377.69876391364,426815.89408976235,10.01392670991999,0.01140402206510771,-0.005971801234409213,0.008866954642865466,0,-0.0064116032992149,0.011162682131918455,0.008866954642865466,25_KW_0
2756,97,2026-02-09 19:25:26.260000+00:00,124258.0033887351,426307.38884341944,6.831909474236767,0.01551852622651495,-0.0030092851957306266,-0.0051527163593334535,0,-9.901109084374765e-05,-0.015807297379253852,-0.0051527163593334535,04_P1_0
2757,168,2026-02-09 19:25:26.400000+00:00,124669.37555209985,426931.31034780276,13.794693221144476,-0.001179871498607099,0.0026072303880937397,-0.006646798790752584,0,0.0014221197274781657,-0.0024834094568842694,-0.006646798790752584,908_GSL_1
2758,115,2026-02-09 19:25:30.840000+00:00,124396.30087761152,426811.62804709683,7.655675613006368,0.010786851707962342,-0.005867239611689001,0.009403320233321466,0,0.0005095375756713381,0.012268701719803998,0.009403320233321466,24_KW_0
2759,114,2026-02-09 19:25:44.620000+00:00,124396.3099528732,426811.6235546447,9.999122278235113,0.010932228178717196,-0.005984111106954515,0.008438200584929945,0,0.00048764236049959994,0.01245332901758245,0.008438200584929945,23_KW_0
2760,150,2026-02-09 19:25:59.420000+00:00,124401.11389070288,426812.3152879258,9.190234401477097,0.010710072951042093,-0.006143663194961846,0.008220378233287917,0,0.0014934632326872703,0.012256419854198189,0.008220378233287917,27_KW_1
2761,119,2026-02-09 19:26:14.530000+00:00,124400.82511856421,426811.3369906305,3.9927391578563634,0.010967177135171369,-0.006138250813819468,0.00920502877018059,0,0.0017743734853039015,0.012442214276495623,0.00920502877018059,28_KW_1
2762,169,2026-02-09 19:26:30.960000+00:00,124669.38719864581,426931.30199726974,13.817170355264295,0.008121197490254417,-0.00016228319145739079,0.0054151423914028385,0,0.007156067114348898,0.0038432912932639496,0.0054151423914028385,908_GSL_1
2763,62,2026-02-09 19:26:47.430000+00:00,124390.62175793147,426780.87482467823,7.453398893080975,0.011077718445449136,-0.004420529759954661,0.008601019498646778,0,0.011636072186727972,0.0026189221791692377,0.008601019498646778,19_P6_1
2764,72,2026-02-09 19:27:01.840000+00:00,124390.5338360801,426780.88150592544,10.995907866133585,0.009876377240289003,-0.005425006267614663,0.008822544566827517,0,0.010610077383340686,0.003794703982615697,0.008822544566827517,18_P6_1
2765,139,2026-02-09 19:30:20.640000+00:00,123928.09845691614,426940.4274612219,7.140406444593889,0.011586992448428646,-0.0036427907180041075,0.0038046138546334873,0,-0.012139967254064663,0.00038666947818132507,0.0038046138546334873,905_GSL_1
2766,134,2026-02-09 19:30:21.470000+00:00,123855.6300740966,426533.08207754104,6.047833566989369,0.01561195518297609,0.0077794790850020945,0.001990648091588554,0,-0.013747171665992002,0.010736326683507061,0.001990648091588554,904_GSL_1
2767,138,2026-02-09 19:30:21.820000+00:00,123928.09423863885,426940.43540756573,7.12013903028197,0.007619760173838586,0.0036864136927761137,0.0022029666840426287,0,-0.001749692507565501,0.00828184563669675,0.0022029666840426287,905_GSL_1
2768,143,2026-02-09 19:30:37.620000+00:00,124266.92978321148,427056.3080916666,7.113508263095464,0.010215783389867283,-0.0061352094053290784,0.007966524872686342,0,-0.009549637324929482,0.007127934601147819,0.007966524872686342,906_GSL_1
2769,137,2026-02-09 19:30:38.160000+00:00,123928.09806171141,426940.42699292535,7.125444224644206,0.008662449530675076,-0.006835645704995841,0.002580533678676389,0,-0.010614027204859053,0.003017699549364186,0.002580533678676389,905_GSL_1
2770,142,2026-02-09 19:30:38.540000+00:00,124266.94415374644,427056.3162710032,7.076749240490416,0.024662800497026183,0.0011166330659762025,-0.0060514927636390325,0,-0.0008036068255991365,0.024674983562912395,-0.0060514927636390325,906_GSL_1
2771,125,2026-02-09 19:30:53.070000+00:00,124339.66136667991,426609.5900231094,6.674668812182605,0.00350111628358718,-0.0012107370421290398,0.0011528740534911819,0,-0.0006899411670691929,0.0036397363369296246,0.0011528740534911819,17_P5_1
2772,141,2026-02-09 19:30:54.370000+00:00,124266.92885759313,427056.31263480615,7.084489406375163,0.010228841681964695,-0.0018834968795999885,0.00035470611206545044,0,-0.0021966731018241118,0.010166188564741638,0.00035470611206545044,906_GSL_1
2773,152,2026-02-09 19:30:54.620000+00:00,124370.28410291909,426819.4924083957,9.736768265757082,0.008331257224199362,-0.006761642231140286,0.00784731452920262,0,-0.008499300293318584,0.0065491638490503875,0.00784731452920262,29_KW_1
2774,122,2026-02-09 19:31:10.660000+00:00,124329.16464995896,426611.3893525082,8.078596546151347,0.015099055905011483,-0.0026864006649702787,-0.005067292291050407,0,0.0012299692497921813,0.015286772497815898,-0.005067292291050407,16_P5_1
2775,146,2026-02-09 19:31:10.940000+00:00,124350.92676796173,426607.5116972776,11.378533863266941,0.0005013867921661586,-0.00016811920795589685,-0.000787649957141312,0,-5.843996076896049e-05,0.0005255830613972554,-0.000787649957141312,13_P5_1
2776,150,2026-02-09 19:31:11.720000+00:00,124401.11376590919,426812.31537659175,9.190332053762212,0.01058527926215902,-0.006054997269529849,0.008318030518402963,0,0.001489740162027535,0.012103379827203222,0.008318030518402963,27_KW_1
2777,120,2026-02-09 19:31:26.180000+00:00,124329.27056395136,426611.330336583,11.351522156945801,0.010312116195564158,-0.0008385070832446218,-0.006509009701071378,0,0.0018109578371828027,0.010186425588567081,-0.006509009701071378,15_P5_1
2778,148,2026-02-09 19:31:28.260000+00:00,124351.04212809475,426607.39824053325,8.014591235980308,0.0010096800833707675,-0.00021536147687584162,-0.0008651792320737428,0,3.5541201256955246e-06,0.0010323864609282107,-0.0008651792320737428,14_P5_1
2779,129,2026-02-09 19:31:28.320000+00:00,124898.95065300835,426720.76455739624,4.092907453841647,0.010981309562339447,-0.007945273886434734,0.0012227085960336836,0,0.011844338814172505,0.006590005682051886,0.0012227085960336836,901_GSL_1
2780,124,2026-02-09 19:31:40.680000+00:00,124339.67148321061,426609.58855557913,6.669628751999598,0.013717487381654792,-0.001686324889305979,-0.004801443833595265,0,0.002686030468043975,0.013557226560874857,-0.004801443833595265,17_P5_1
2781,149,2026-02-09 19:31:45.570000+00:00,124351.05157761204,426607.390454733,8.019594057934645,0.01026591997651849,-0.006277732492890209,0.007368213966847392,0,0.004584090219702976,-0.011125877721519071,0.007368213966847392,14_P5_1
2782,128,2026-02-09 19:31:46.550000+00:00,124898.93694041898,426720.78134253446,4.077215590665006,-0.0033609805250307545,0.012078499654307961,-0.004176340338673867,0,0.0021905332478285243,-0.012344549731720124,-0.004176340338673867,901_GSL_1
2783,127,2026-02-09 19:31:56.960000+00:00,124898.95296873432,426720.77283892775,4.080218726887793,0.012615310086403042,0.004667409171815962,0.003619024171293006,0,0.013420453486908323,0.0009067442632761855,0.003619024171293006,901_GSL_1
2784,154,2026-02-09 19:31:57.160000+00:00,124285.66549051604,426445.5612356997,7.894700599753415,0.000865516034536995,-0.002589300333056599,-0.0068994002465840865,11,-0.0014373505225428506,-0.0023211242310900667,-0.0068994002465840865,TS1-1
2785,147,2026-02-09 19:32:00.540000+00:00,124350.93760556322,426607.5039236009,11.38019655682597,0.01109821762656793,-0.006069139228202403,0.005976915153526718,0,0.0042383164187259625,-0.011918118953623774,0.005976915153526718,13_P5_1
2786,131,2026-02-09 19:32:06.030000+00:00,124806.22131055513,426258.50542230107,4.621506390058948,0.0027660589839797467,-0.0008617634302936494,0.010001917286385442,0,0.002893083604034715,-0.00015422636840712705,0.010001917286385442,903_GSL_1
2787,3,2026-02-09 19:32:06.230000+00:00,124314.90205813042,426440.79294167383,7.049220025670662,-0.0021668695844709873,-0.0012583261705003679,-0.002979974329337942,11,0.00015191928555854898,-0.002501125562251318,-0.002979974329337942,TS2
2788,126,2026-02-09 19:32:14.920000+00:00,124339.66827100543,426609.58215572056,6.67679271333542,0.011450401289039291,-0.006334440491627902,0.006135524199962106,0,0.0036412017536738284,-0.01256894887454995,0.006135524199962106,17_P5_1
2789,121,2026-02-09 19:32:31.220000+00:00,124329.27219209539,426611.3205804035,11.359951267072592,0.012649325683014467,-0.007136089086998254,0.0056517449984703205,0,0.0033296019605932254,-0.014136582277076688,0.0056517449984703205,15_P5_1
2790,123,2026-02-09 19:32:46.100000+00:00,124329.16482714683,426611.38183939166,8.084645308117524,0.015070534704136662,-0.008438627992291003,0.006529663063458813,0,0.003894464191331999,-0.01682749557490055,0.006529663063458813,16_P5_1
2791,4,2026-02-09 19:32:46.300000+00:00,124378.97052918638,426782.7428790764,7.758677794999599,0.003529186375089921,-0.0004959235666319728,-0.005772205000400987,11,-0.0033273782618215963,0.001276577673633064,-0.005772205000400987,TS3
2792,68,2026-02-09 19:36:20.750000+00:00,123928.091909602,426940.43347724574,7.125098565659257,-0.01704075986344833,-0.014257759496103972,0.006285284619030662,0,-0.000842978682314842,-0.02220271581391829,0.006285284619030662,905_GSL_1
2793,67,2026-02-09 19:36:21.750000+00:00,123855.63046615534,426533.0837718469,6.048720167762314,0.012471681198803708,-0.007330857799388468,0.004312019424737912,0,-0.013683200968817253,-0.004696202641114124,0.004312019424737912,904_GSL_1
2794,68,2026-02-09 19:36:23.130000+00:00,123928.09775082888,426940.4252861536,7.139214897441714,-0.011199532978935167,-0.022448851610533893,0.020401616401487743,0,0.0031593685020266655,-0.024887725252550265,0.020401616401487743,905_GSL_1
2795,69,2026-02-09 19:36:36.970000+00:00,124266.94110498071,427056.3162842596,7.075493721394776,-0.0014922159462003037,0.0014458755613304675,-0.015007649532656764,0,0.001557429747079648,-0.0013753825474603727,-0.015007649532656764,906_GSL_1
2796,69,2026-02-09 19:36:39.310000+00:00,124266.9293464127,427056.3080182972,7.1124445516727715,-0.013250783958937973,-0.006820086855441332,0.021943180745338964,0,-0.0012895851086195914,-0.01484701419443782,0.021943180745338964,906_GSL_1
2797,68,2026-02-09 19:36:39.580000+00:00,123928.09858190267,426940.4274288389,7.124368209739548,-0.010368459188612178,-0.020306166319642216,0.005554928699321948,0,-0.010387050062814311,-0.020296662965607854,0.005554928699321948,905_GSL_1
2798,66,2026-02-09 19:36:55.760000+00:00,124898.93665741693,426720.7816700427,4.0851656729413435,-0.000948246757616289,0.007464887923561037,0.002879142537579149,0,0.002371893772763081,-0.0071412774456244815,0.002879142537579149,901_GSL_1
2799,66,2026-02-09 19:36:56.420000+00:00,124898.95058503999,426720.765568596,4.094740675437933,0.012979376304429024,-0.008636558777652681,0.01245414503416864,0,0.013910149188894343,0.007040035959746601,0.01245414503416864,901_GSL_1
2800,69,2026-02-09 19:36:56.870000+00:00,124266.92957814848,427056.3128107835,7.087380685445569,-0.013019048172282055,-0.0020276005379855633,-0.0031206854818632834,0,-0.0016274232650058053,-0.013075101252776512,-0.0031206854818632834,906_GSL_1
2801,66,2026-02-09 19:37:14.180000+00:00,124898.9530781201,426720.77244903834,4.078482371569649,0.01547245641995687,-0.0017561164568178356,-0.0038041588341153343,0,0.013397121515745753,0.007937127173588262,-0.0038041588341153343,901_GSL_1
2802,71,2026-02-09 19:37:16.330000+00:00,124806.2206528779,426258.5039956473,4.584959328584153,-0.007109057580237277,-0.011110484774690121,-0.006544334565114163,0,-0.002800601970057471,0.012889460819330664,-0.006544334565114163,903_GSL_1
2803,149,2026-02-09 19:37:32.520000+00:00,124351.050877484,426607.39061712584,8.01976130322436,0.00956579193007201,-0.006115339638199657,0.0075354592565624046,0,0.004533891734970454,-0.010408918285563264,0.0075354592565624046,14_P5_1
2804,147,2026-02-09 19:37:47.520000+00:00,124350.9371781636,426607.50400740624,11.380942781558476,0.01067081801011227,-0.005985333875287324,0.00672313988603257,0,0.004223131977594604,-0.011482845244250932,0.00672313988603257,13_P5_1
2805,164,2026-02-09 19:37:51.940000+00:00,124091.07047481187,427154.20405976713,9.835385388780294,-0.024853639493812807,0.009328825690317899,0.02075185715089667,0,0.0155768328886576,-0.02149634066550821,0.02075185715089667,907_GSL_1
2806,102,2026-02-09 19:37:58.970000+00:00,124282.39437798639,426301.7928424371,6.9035709475007945,0.0010890405683312565,-0.0007154275081120431,0.00027296373405860663,0,0.00044859860465732305,-0.0012233581530909812,0.00027296373405860663,02_P1_0
2807,126,2026-02-09 19:38:01.920000+00:00,124339.66799308477,426609.5823226835,6.6765825833995205,0.011172480633831583,-0.006167477578856051,0.005925394264062689,0,0.0035399364888102757,-0.01226095236326377,0.005925394264062689,17_P5_1
2808,122,2026-02-09 19:38:08.270000+00:00,124329.16454810342,426611.38948144374,8.079585429713822,0.014997200370999053,-0.0025574651081115007,-0.004078408728576122,0,0.001328864137701173,0.01515555234396403,-0.004078408728576122,16_P5_1
2809,103,2026-02-09 19:38:12.600000+00:00,124282.31408344691,426301.7965153321,9.299558975106851,0.0023650397488381714,-0.0009288211003877223,0.0016074893157380643,0,0.000364362673595233,-0.0025146294940210402,0.0016074893157380643,01_P1_0
2810,121,2026-02-09 19:38:16.520000+00:00,124329.27185630037,426611.32079204347,11.360433590225565,0.012313530663959682,-0.006924449116922915,0.006134068151443017,0,0.0032198897793407474,-0.013755120602671096,0.006134068151443017,15_P5_1
2811,120,2026-02-09 19:38:25.340000+00:00,124329.26986561823,426611.3305619702,11.351998192501185,0.009613783069653437,-0.0006131199188530445,-0.0060329741456879304,0,0.001851383309057025,0.00945373581121212,-0.0060329741456879304,15_P5_1
2812,100,2026-02-09 19:38:26.520000+00:00,124292.48950910996,426345.9283657186,7.588835852503726,0.005785836649010889,-0.0018692611483857036,0.00033628353462766825,0,0.0004883202327097526,-0.006060658901491494,0.00033628353462766825,06_P2_0
2813,123,2026-02-09 19:38:31.620000+00:00,124329.16411513419,426611.382047287,8.08512334786441,0.01435852206486743,-0.00823073263745755,0.007007702810344796,0,0.0038936694362249284,-0.016085753136176172,0.007007702810344796,16_P5_1
2814,124,2026-02-09 19:38:39.870000+00:00,124339.67152138185,426609.58864696504,6.669449355343187,0.013755658626905642,-0.001594938978087157,-0.004980840490006244,0,0.0027847687553609907,0.013564919372519342,-0.004980840490006244,17_P5_1
2815,101,2026-02-09 19:38:39.970000+00:00,124292.40875141954,426345.8818777364,10.21663606213432,0.003432548706769012,-0.0015157894813455641,0.0010175645340364525,0,0.0006831357675175265,-0.0036896251705610572,0.0010175645340364525,05_P2_0
2816,118,2026-02-09 19:38:48.320000+00:00,124372.27056509459,426775.10803165426,6.1744399755924455,0.010537732596276328,-0.00463284453144297,0.008907906602083848,0,-0.003493357055891262,-0.01096829582037248,0.008907906602083848,22_P6_1
2817,98,2026-02-09 19:38:53.020000+00:00,124302.66375662605,426390.0768383425,7.9809071501629445,0.0029109924944350496,-0.001073666091542691,0.0018563550320740418,0,0.000360529033365413,-0.003081664322226928,0.0018563550320740418,10_P3_0
2818,170,2026-02-09 19:38:56.110000+00:00,124669.39406324703,426931.3042020917,13.791803561241721,0.006016430561430752,0.005705119983758777,0.0056134305703334775,0,0.008206243770380137,0.0011846492775074466,0.0056134305703334775,908_GSL_1
2819,74,2026-02-09 19:39:06.120000+00:00,124369.35768351825,426785.7210906703,7.238501187903161,0.011370308944606222,-0.005375626380555332,0.008447353146088687,0,-0.012452815359357175,-0.001763143245704297,0.008447353146088687,21_P6_1
2820,99,2026-02-09 19:39:06.170000+00:00,124302.54093981773,426390.13387260755,11.089298308984464,0.002859526561223902,-0.0009436844266019762,0.0015431062350970137,0,0.0002386179874567684,-0.0030017484750422003,0.0015431062350970137,09_P3_0
2821,92,2026-02-09 19:39:13.450000+00:00,124278.3303440163,426395.6352858343,11.094581555824476,0.01636821372085251,-0.003004790865816176,-0.007207427402743605,0,0.0005833471783445837,-0.016631503077843387,-0.007207427402743605,11_P3_0
2822,73,2026-02-09 19:39:21.730000+00:00,124369.50084901428,426785.6881641839,11.414609903747719,0.011509449846926145,-0.008302470261696726,0.008555287684643531,0,-0.013459623765664999,-0.004498552690812091,0.008555287684643531,20_P6_1
2823,166,2026-02-09 19:39:22.830000+00:00,124091.05376830477,427154.2043304194,9.83165104434653,-0.018512530921725556,0.015302439860533923,0.0017974252837262839,0,0.020142679989213232,-0.013082465733387234,0.0017974252837262839,907_GSL_1
2824,93,2026-02-09 19:39:27.360000+00:00,124278.28441692873,426395.78819934657,7.941727083318827,0.016293349050101824,-0.0031507559469901025,-0.0069984369606910235,0,0.0007163692260989021,-0.016579725614069913,-0.0069984369606910235,12_P3_0
2825,125,2026-02-09 19:39:37.860000+00:00,124339.65833265243,426609.59042036784,6.675959996806365,0.0004670888010878116,-0.0008134786039590836,0.0024440586772511708,0,-0.0007370996466388239,0.0005801754028962188,0.0024440586772511708,17_P5_1
2826,165,2026-02-09 19:39:38.520000+00:00,124091.07259806152,427154.2003207315,9.877149094122778,-0.01118256563495379,0.004168937855865806,0.026413600396757886,0,0.01014547300172676,-0.0062848384702674604,0.026413600396757886,907_GSL_1
2827,94,2026-02-09 19:39:41.060000+00:00,124268.23998200266,426351.55320118606,10.207915233047629,0.015759503570734523,-0.0027718344354070723,-0.006578706243331567,0,-0.00015196338805869284,-0.016000685174766497,-0.006578706243331567,07_P2_0
2828,146,2026-02-09 19:39:53.760000+00:00,124350.92569108668,426607.51196276327,11.379240123398052,-0.0005754882586188614,9.736645733937621e-05,-8.13898260307866e-05,0,-2.6366391751437376e-05,-0.0005830709872811369,-8.13898260307866e-05,13_P5_1
2829,152,2026-02-09 19:39:55.320000+00:00,124370.28421640056,426819.49239545193,9.73655119458564,0.00844473869074136,-0.006774585985112935,0.007630243357761302,0,-0.008538042784562794,0.0066566096651048965,0.007630243357761302,29_KW_1
2830,95,2026-02-09 19:39:55.470000+00:00,124268.12561468098,426351.5462117201,7.186723179054624,0.016066778742242604,-0.002979289914947003,-0.006947679190496103,0,-2.3146062203882055e-05,-0.016340655182987256,-0.006947679190496103,08_P2_0
2831,96,2026-02-09 19:40:08.670000+00:00,124258.0777682438,426307.3494368055,9.298758816866844,0.01679004737525247,-0.0029727714136242867,-0.005786791309047246,0,-0.00037507781751787883,-0.017047063599684553,-0.005786791309047246,03_P1_0
2832,148,2026-02-09 19:40:08.860000+00:00,124351.0410459192,426607.3984111954,8.016807069031584,-7.24954588804394e-05,-4.469935083761811e-05,0.0013506538192018525,0,-5.905046540162251e-05,-6.137317051808333e-05,0.0013506538192018525,14_P5_1
2833,117,2026-02-09 19:40:09.720000+00:00,124377.69151964414,426815.8996091224,7.625889084870693,0.01150250005593989,-0.006096916098613292,0.008454044698233076,0,-0.006542873410305554,0.0112548079053862,0.008454044698233076,26_KW_0
2834,97,2026-02-09 19:40:22.480000+00:00,124258.00396763622,426307.38877517986,6.832339421344762,0.01609742734581232,-0.0030775247723795474,-0.004722769251338299,0,-0.000145864681631628,-0.016388320517153932,-0.004722769251338299,04_P1_0
2835,116,2026-02-09 19:40:23.420000+00:00,124377.69888772522,426815.8942397106,10.014004686005308,0.011527833645232022,-0.005821853002998978,0.00894493072818392,0,-0.006266593022070907,0.01129224215275265,0.00894493072818392,25_KW_0
2836,168,2026-02-09 19:40:26.080000+00:00,124669.37166344743,426931.3133227425,13.79616406392056,-0.005068523925729096,0.005582170153502375,-0.005175956014667804,0,0.0015556844477681566,-0.007377696409267143,-0.005175956014667804,908_GSL_1
2837,115,2026-02-09 19:40:37.820000+00:00,124396.3009435415,426811.628066594,7.655871477191712,0.010852781691937707,-0.005847742431797087,0.009599184418665807,0,0.0005601423250908472,0.012315242692579801,0.009599184418665807,24_KW_0
2838,114,2026-02-09 19:40:51.620000+00:00,124396.31008272029,426811.6234642054,9.999284313016766,0.011062075267545879,-0.006074550386983901,0.00860023536658261,0,0.00047682597886647047,0.012611197747031583,0.00860023536658261,23_KW_0
2839,150,2026-02-09 19:41:06.330000+00:00,124401.11390205582,426812.31540545466,9.190212957662443,0.010721425889641978,-0.006026134360581636,0.008198934418633286,0,0.001594386436565842,0.012195130189127249,0.008198934418633286,27_KW_1
2840,119,2026-02-09 19:41:22.230000+00:00,124400.82521456627,426811.33696399914,3.9926134696326554,0.011063179190387018,-0.00616488215746358,0.009079340546472636,0,0.0018114483917220077,0.012534686295961016,0.009079340546472636,28_KW_1
2841,169,2026-02-09 19:41:38.520000+00:00,124669.38759792826,426931.3010680331,13.818125837486424,0.008520479939761572,-0.0010915198363363743,0.006370624613531106,0,0.007088309563416428,0.00485240780336673,0.006370624613531106,908_GSL_1
2842,62,2026-02-09 19:41:54.820000+00:00,124390.62169120823,426780.87473025837,7.453362164293383,0.011010995207470842,-0.004514949629083276,0.008564290711054134,0,0.011585067958784173,0.00272267993022635,0.008564290711054134,19_P6_1
2843,72,2026-02-09 19:42:09.230000+00:00,124390.53393871423,426780.88150107337,10.995913804644907,0.009979011374525726,-0.0054298583418130875,0.008828483078149318,0,0.010712187146354723,0.0037832626351528404,0.008828483078149318,18_P6_1
2844,65,2026-02-09 19:42:35.080000+00:00,124372.12330949838,426824.91950001084,5.576398127064803,-0.001052959356456995,-0.0003827257314696908,0.05176238642690745,0,0.000642875456173524,0.0009175584666543175,0.05176238642690745,30_KW_1
2845,138,2026-02-09 19:45:20.540000+00:00,123928.08776118173,426940.43039245583,7.122487303611685,0.001142303051892668,-0.0013286962057463825,0.004551240013757507,0,-0.001749919051833041,8.985088513691435e-05,0.004551240013757507,905_GSL_1
2846,139,2026-02-09 19:45:20.800000+00:00,123928.09815436704,426940.4265914293,7.139211068901532,0.011284443346085027,-0.004512583313044161,0.002609238162276206,0,-0.012141526194301864,-0.0005342391423781637,0.002609238162276206,905_GSL_1
2847,134,2026-02-09 19:45:21.660000+00:00,123855.63008753488,426533.08018778515,6.0502156854605325,0.01562539346923586,0.005889723193831742,0.004372766562751984,0,-0.014137164114537705,0.00888720153743717,0.004372766562751984,904_GSL_1
2848,142,2026-02-09 19:45:37.250000+00:00,124266.9372864427,427056.31573576474,7.078870233193901,0.017795496751205064,0.000581394589971751,-0.003930500060154607,0,-0.0008034800850398068,0.01778685312370749,-0.003930500060154607,906_GSL_1
2849,143,2026-02-09 19:45:38.320000+00:00,124266.9300294893,427056.3082441075,7.112471668365028,0.010462061211001128,-0.005982768489047885,0.00692993014225074,0,-0.009501922452277586,0.007413616748064457,0.00692993014225074,906_GSL_1
2850,137,2026-02-09 19:45:38.820000+00:00,123928.09650753399,426940.4258091875,7.126078569543964,0.007108272111508995,-0.008019383531063795,0.003214878578433833,0,-0.010663231175876942,0.0010646809472136841,0.003214878578433833,905_GSL_1
2851,125,2026-02-09 19:45:51.790000+00:00,124339.65990860875,426609.5902394285,6.67579712983973,0.002043045125901699,-0.0009944179328158498,0.0022811917106162483,0,-0.0006874656092718169,0.002165708070734596,0.0022811917106162483,17_P5_1
2852,152,2026-02-09 19:45:54.720000+00:00,124370.28415408013,426819.49253227504,9.736603022235661,0.008382418265682645,-0.006637762882746756,0.007682071007781843,0,-0.008390541914683216,0.006627491112507408,0.007682071007781843,29_KW_1
2853,141,2026-02-09 19:45:54.870000+00:00,124266.92762886244,427056.3126498839,7.086611506667209,0.009000110992928967,-0.0018684191163629293,0.002476806404111187,0,-0.0021438757543985353,0.00893850013308348,0.002476806404111187,906_GSL_1
2854,122,2026-02-09 19:46:10.900000+00:00,124329.16438315008,426611.38952438306,8.079854837028018,0.014832247034064494,-0.002514525782316923,-0.00380900141438012,0,0.0013285739455591967,0.014985102043717714,-0.00380900141438012,16_P5_1
2855,150,2026-02-09 19:46:11.120000+00:00,124401.11384573049,426812.3153859639,9.190195193583563,0.010665100562619045,-0.00604562513763085,0.008181170339753407,0,0.0015450467229004123,0.012161693300670998,0.008181170339753407,27_KW_1
2856,146,2026-02-09 19:46:14.420000+00:00,124350.9247582561,426607.51230659493,11.377702951234006,-0.0015083188482094556,0.00044119812082499266,-0.0016185619900763726,0,0.00011270670264499486,-0.001567475272169324,-0.0016185619900763726,13_P5_1
2857,120,2026-02-09 19:46:26.270000+00:00,124329.27006689367,426611.330505658,11.352160107585423,0.009815058510866947,-0.0006694321054965258,-0.0058710590614499125,0,0.001848097028839619,0.009662714436823918,-0.0058710590614499125,15_P5_1
2858,129,2026-02-09 19:46:27.950000+00:00,124898.9505285604,426720.76482954575,4.092083124006451,0.010856861612410285,-0.007673124375287443,0.00039837876083748114,0,0.011688561119163063,0.006334494511265116,0.00039837876083748114,901_GSL_1
2859,148,2026-02-09 19:46:30.550000+00:00,124351.03558780588,426607.39965037326,8.01607704911652,-0.0055306087888311595,0.001194478536490351,0.0006206339041376907,0,-4.987034880779226e-06,-0.005658125809728491,0.0006206339041376907,14_P5_1
2860,124,2026-02-09 19:46:41.590000+00:00,124339.67126196704,426609.58867897594,6.669349859408395,0.01349624381691683,-0.001562928082421422,-0.005080336424798659,0,0.0027340869206489674,0.013308497663779468,-0.005080336424798659,17_P5_1
2861,149,2026-02-09 19:46:45.320000+00:00,124351.05047852025,426607.39068145375,8.020292107672063,0.009166828182060272,-0.006051011732779443,0.008066263704264998,0,0.004533145652933468,-0.010004802466762615,0.008066263704264998,14_P5_1
2862,128,2026-02-09 19:46:48.020000+00:00,124898.93639796239,426720.7823285659,4.085322778150381,-0.0039034371147863567,0.01306453108554706,0.003930847146701666,0,0.002127617513180808,-0.01346818612553017,0.003930847146701666,901_GSL_1
2863,127,2026-02-09 19:46:57.770000+00:00,124898.95197317007,426720.7744093857,4.077515496261128,0.011619745841016993,0.006237867113668472,0.0009157935446282295,0,0.013155141748042685,-0.0009336622122174229,0.0009157935446282295,901_GSL_1
2864,154,2026-02-09 19:46:57.970000+00:00,124285.66542671905,426445.5610607913,7.893623455112459,0.0008017190411919728,-0.00276420870795846,-0.007976544887540626,11,-0.001415452930710381,-0.002506012011764219,-0.007976544887540626,TS1-1
2865,147,2026-02-09 19:47:00.620000+00:00,124350.93694635211,426607.50416471914,11.379406004930093,0.010439006524393335,-0.0058280209777876735,0.005186363257649873,0,0.004104444081082285,-0.011229079415478741,0.005186363257649873,13_P5_1
2866,131,2026-02-09 19:47:04.530000+00:00,124806.22435695305,426258.5133457551,4.610732745500146,0.0058124569040955976,0.00706169061595574,-0.0007717272724168112,0,0.0029930633605663635,-0.008642551783881952,-0.0007717272724168112,903_GSL_1
2867,3,2026-02-09 19:47:04.730000+00:00,124314.90218795171,426440.79294263775,7.071021595619212,-0.0020370482961880043,-0.0012573622516356409,0.018821595619211706,11,8.084198473893377e-05,-0.002392486189373759,0.018821595619211706,TS2
2868,126,2026-02-09 19:47:15.120000+00:00,124339.66736061014,426609.5824160906,6.6764099234563705,0.01054000599833671,-0.00607407046481967,0.005752734320912722,0,0.0035889239244430234,-0.011623497043537672,0.005752734320912722,17_P5_1
2869,121,2026-02-09 19:47:29.910000+00:00,124329.27160470355,426611.3209093587,11.360065944495293,0.01206193384132348,-0.006807133904658258,0.005766422421171313,0,0.003177311315920747,-0.013480801637518986,0.005766422421171313,15_P5_1
2870,123,2026-02-09 19:47:45.120000+00:00,124329.16408003168,426611.38205728296,8.085012190179022,0.014323419556603767,-0.00822073669405654,0.006896545124956077,0,0.003893873555379211,-0.01604925569371444,0.006896545124956077,16_P5_1
2871,4,2026-02-09 19:47:45.320000+00:00,124378.97059632819,426782.7428102204,7.7589616738442455,0.0035963281843578443,-0.0005647795624099672,-0.005488326155754564,11,-0.003419478358812549,0.0012488875519177938,-0.005488326155754564,TS3
2872,66,2026-02-09 19:48:05.910000+00:00,124898.91681872553,426720.8422050842,4.133586535122213,-0.020786938155652024,0.06799992942251265,0.05130000471844909,0,-0.045420529189441235,-0.05470889075374058,0.05130000471844909,901_GSL_1
2873,71,2026-02-09 19:48:21.750000+00:00,124806.19641463668,426258.5791193254,4.629943684485981,-0.03134729880548548,0.0640131933032535,0.038440021336713315,0,-0.0711097349696673,-0.004873156248651093,0.038440021336713315,903_GSL_1
2874,67,2026-02-09 19:48:38.850000+00:00,123855.59055289975,426533.1497294614,6.065621590258435,-0.027441574391559698,0.05862675671232864,0.02121344192085939,0,-0.010214457627157031,0.06392027427254275,0.02121344192085939,904_GSL_1
2875,110,2026-02-09 19:49:13.180000+00:00,124434.11906075952,426964.0064240291,8.789886563411189,-0.021392124341218732,0.07199618720915169,0.04551339093658413,0,0.0659445477280697,-0.03594983423363338,0.04551339093658413,35_P9_0
2876,111,2026-02-09 19:49:25.630000+00:00,124434.24047639452,426964.04991651425,6.5068832865273905,-0.021214364795014262,0.07185273489449173,0.04559077691262203,0,0.06575572891724567,-0.03590332714437135,0.04559077691262203,36_P9_0
2877,113,2026-02-09 19:51:01.790000+00:00,124414.05699650662,426875.9894199011,7.342538654021165,-0.021749944527982734,0.07232296565780416,0.045768917165073475,0,-0.06514628271265446,0.03820514752272452,0.045768917165073475,32_P7_0
2878,112,2026-02-09 19:51:14.650000+00:00,124413.9305800334,426875.9417006071,10.708000075976218,-0.021820115740410984,0.0722205161000602,0.045861683486366545,0,-0.06493438450258941,0.03841153610510598,0.045861683486366545,31_P7_0
2879,67,2026-02-09 19:51:21.470000+00:00,123855.6302349551,426533.080636585,6.049030659746494,0.012240480951732025,-0.010466119681950659,0.004622511408918228,0,-0.014081948176345725,-0.007814587045093474,0.004622511408918228,904_GSL_1
2880,68,2026-02-09 19:51:21.560000+00:00,123928.08378174194,426940.4272482604,7.122940936637549,-0.025168619918986224,-0.02048674481920898,0.004127655597322644,0,-0.0007931543696072159,-0.032442827374625484,0.004127655597322644,905_GSL_1
2881,68,2026-02-09 19:51:21.610000+00:00,123928.09833536418,426940.426651934,7.138540691634868,-0.010614997678203508,-0.02108307124581188,0.019727410594642336,0,0.0030585631363231904,-0.02340553909666194,0.019727410594642336,905_GSL_1
2882,69,2026-02-09 19:51:37.210000+00:00,124266.92997614556,427056.3152159946,7.082215490959178,-0.012621051093447022,0.0003776105586439371,-0.008285879968254584,0,0.001356943901735918,-0.012553574139859188,-0.008285879968254584,906_GSL_1
2883,69,2026-02-09 19:51:39.400000+00:00,124266.93013079907,427056.3082306653,7.1120907913146825,-0.012466397587559186,-0.006607718765735626,0.02158942038724998,0,-0.0013903239983753491,-0.014040655799416844,0.02158942038724998,906_GSL_1
2884,68,2026-02-09 19:51:39.750000+00:00,123928.09759061704,426940.42665211705,7.125181516175806,-0.011359744821675122,-0.021082888182718307,0.006368235135579603,0,-0.010436079617405765,-0.021555050887384748,0.006368235135579603,905_GSL_1
2885,66,2026-02-09 19:51:54.550000+00:00,124898.94277572617,426720.7688719793,4.081817451184289,0.005170062489924021,-0.005333175475243479,-0.00046907921947525466,0,0.0023565811934809443,0.007044063591279525,-0.00046907921947525466,901_GSL_1
2886,69,2026-02-09 19:51:56.170000+00:00,124266.926996494,427056.31262579083,7.083044231192503,-0.01560070265259128,-0.0022125932155176997,-0.007457139734929896,0,-0.001733163573857252,-0.015661214385167516,-0.007457139734929896,906_GSL_1
2887,66,2026-02-09 19:51:56.600000+00:00,124898.95011119505,426720.76260717824,4.091880634491099,0.012505531369242817,-0.011597976554185152,0.009594104087335076,0,0.013790056944912366,0.010036717811845605,0.009594104087335076,901_GSL_1
2888,71,2026-02-09 19:52:11.480000+00:00,124806.21868113063,426258.4989466185,4.608010255752461,-0.009080804855329916,-0.016159513557795435,0.01650659260319376,0,-0.002893029505011573,0.01830904900666035,0.01650659260319376,903_GSL_1
2889,66,2026-02-09 19:52:14.620000+00:00,124898.9526982835,426720.7728078632,4.078548085327283,0.015092619811184704,-0.0013972916058264673,-0.003738445076481689,0,0.013197496671710638,0.007454238941492601,-0.003738445076481689,901_GSL_1
2890,149,2026-02-09 19:52:33.810000+00:00,124351.05095476101,426607.3906052486,8.020055638638036,0.009643068944569677,-0.006127216853201389,0.007829794670238144,0,0.004533460771505335,-0.010487101528501646,0.007829794670238144,14_P5_1
2891,147,2026-02-09 19:52:50.020000+00:00,124350.93697158668,426607.50403221376,11.380543103504799,0.010464241087902337,-0.0059605263522826135,0.006323461832355548,0,0.0042312938896262985,-0.01127494425536597,0.006323461832355548,13_P5_1
2892,164,2026-02-09 19:52:51.480000+00:00,124091.07226004511,427154.2045023649,9.833863339331266,-0.023068406255333684,0.009771423472557217,0.019229807701869106,0,0.015530921220440834,-0.019657633883192072,0.019229807701869106,907_GSL_1
2893,102,2026-02-09 19:52:52.940000+00:00,124282.39504914774,426301.7927878862,6.903840490483063,0.0017602019215701148,-0.0007699783891439438,0.0005425067163269404,0,0.00034885983878294634,-0.0018893052525550665,0.0005425067163269404,02_P1_0
2894,126,2026-02-09 19:53:04.520000+00:00,124339.66826103372,426609.58215817594,6.676762194099121,0.011440429574577138,-0.006331985117867589,0.006105004963663063,0,0.003641015802735991,-0.012558680993957233,0.006105004963663063,17_P5_1
2895,103,2026-02-09 19:53:06.310000+00:00,124282.31441818763,426301.7963723245,9.298747277504166,0.0026997804670827463,-0.0010718287085182965,0.0007957917130525516,0,0.00042717362412467814,-0.0028731783873782914,0.0007957917130525516,01_P1_0
2896,122,2026-02-09 19:53:07.380000+00:00,124329.1646759956,426611.3893448807,8.079282468909367,0.015125092555535957,-0.0026940281386487186,-0.004381369533030366,0,0.0012291930055365861,0.01531389228708692,-0.004381369533030366,16_P5_1
2897,121,2026-02-09 19:53:19.320000+00:00,124329.27227295845,426611.32071354374,11.35996930812928,0.012730188740533777,-0.007002948841545731,0.005669786055157999,0,0.0031792050967958656,-0.014177152492635,0.005669786055157999,15_P5_1
2898,100,2026-02-09 19:53:19.750000+00:00,124292.48676927912,426345.92905931146,7.587925368244901,0.0030460058042081073,-0.0011756682652048767,-0.00057420072419756,0,0.0004435227588349983,-0.003234754208819383,-0.00057420072419756,06_P2_0
2899,120,2026-02-09 19:53:22.360000+00:00,124329.27052350873,426611.3303367041,11.352024962488482,0.010271673570969142,-0.0008383860113099217,-0.0060062041583908155,0,0.0018007921826161638,0.010147281240191122,-0.0060062041583908155,15_P5_1
2900,123,2026-02-09 19:53:34.350000+00:00,124329.16390623024,426611.382212196,8.08514229152169,0.014149618116789497,-0.008065823640208691,0.007026646467624076,0,0.0037936574267433817,-0.015839108787253208,0.007026646467624076,16_P5_1
2901,124,2026-02-09 19:53:36.360000+00:00,124339.67144137046,426609.5887273633,6.669641124358211,0.013675647234776989,-0.0015145406941883266,-0.004789071474982087,0,0.0028361281088944354,0.013463786174563038,-0.004789071474982087,17_P5_1
2902,101,2026-02-09 19:53:37.780000+00:00,124292.4104777893,426345.8814516961,10.216130996479672,0.005158918458619155,-0.0019418298033997416,0.0005124988793880902,0,0.0006994697820583365,-0.005467712928825011,0.0005124988793880902,05_P2_0
2903,118,2026-02-09 19:53:50.640000+00:00,124372.2708192481,426775.1077438506,6.1744248091262754,0.010791886103106663,-0.004920648178085685,0.00889274013591379,0,-0.003445539353379734,-0.011349266175362893,0.00889274013591379,22_P6_1
2904,98,2026-02-09 19:53:50.940000+00:00,124302.66527759995,426390.0765828626,7.981379479921504,0.004431966401170939,-0.0013291459763422608,0.0023286847906334174,0,0.0002519315319122768,-0.004620117499670679,0.0023286847906334174,10_P3_0
2905,170,2026-02-09 19:53:51.380000+00:00,124669.39414461835,426931.30395199463,13.791363861028238,0.006097801873693243,0.005455022910609841,0.0051737303568497595,0,0.008060432122335197,0.0014035300664118249,0.0051737303568497595,908_GSL_1
2906,99,2026-02-09 19:54:04.040000+00:00,124302.54163739423,426390.1336702934,11.08954323857359,0.0035571030603023246,-0.0011459985980764031,0.0017880358242230443,0,0.0002697282434562586,-0.0037274041427094065,0.0017880358242230443,09_P3_0
2907,92,2026-02-09 19:54:07.470000+00:00,124278.33001785808,426395.6353576207,11.09416349343774,0.016042055503930897,-0.002933004463557154,-0.0076254897894791895,0,0.000559938819009748,-0.016298359687202012,-0.0076254897894791895,11_P3_0
2908,74,2026-02-09 19:54:08.020000+00:00,124369.35757053783,426785.7208942665,7.238494450883852,0.011257328529609367,-0.005572030204348266,0.008440616126780043,0,-0.012403139497810078,-0.0019842118887835455,0.008440616126780043,21_P6_1
2909,93,2026-02-09 19:54:21.140000+00:00,124278.28406254234,426395.78830230044,7.941501722211722,0.015938962664222345,-0.0030478020780719817,-0.007223798067795606,0,0.0006667396728315207,-0.0162140397966468,-0.007223798067795606,12_P3_0
2910,166,2026-02-09 19:54:21.590000+00:00,124091.04593291486,427154.2016674519,9.830306271045336,-0.02634792083699722,0.012639472319278866,0.00045265198253119365,0,0.019947498006491374,-0.021355713901050268,0.00045265198253119365,907_GSL_1
2911,73,2026-02-09 19:54:23.830000+00:00,124369.50057616351,426785.68810110097,11.414676841467767,0.011236599078984,-0.008365553221665323,0.008622225404691264,0,-0.013217935721493127,-0.004640023149599052,0.008622225404691264,20_P6_1
2912,94,2026-02-09 19:54:35.060000+00:00,124268.23984238389,426351.5530704654,10.207752560885563,0.015619884798070416,-0.0029025551048107445,-0.006741378405397569,0,2.0504301189462515e-06,-0.015887278654231205,-0.006741378405397569,07_P2_0
2913,125,2026-02-09 19:54:36.480000+00:00,124339.65844127064,426609.5905014098,6.674093718351772,0.0005757070175604895,-0.000732436659745872,0.0005777802226578643,0,-0.000641155637873712,0.0006758856993832889,0.0005777802226578643,17_P5_1
2914,165,2026-02-09 19:54:43.020000+00:00,124091.07188696743,427154.19948464877,9.860460141220047,-0.011893659728229977,0.0033328551216982305,0.009724647494026684,0,0.009920243878269659,-0.007359064233229864,0.009724647494026684,907_GSL_1
2915,95,2026-02-09 19:54:48.640000+00:00,124268.12518673111,426351.54613890056,7.186740849580637,0.015638828874216415,-0.0030521094449795783,-0.006930008664483012,0,0.00012705532711067817,-0.0159333674270385,-0.006930008664483012,08_P2_0
2916,146,2026-02-09 19:54:51.510000+00:00,124350.92567402554,426607.511855274,11.379580024421346,-0.0005925494042458013,-1.0122836101800203e-05,0.000258511197262834,0,-0.00013503441693917375,-0.0005770467697896725,0.000258511197262834,13_P5_1
2917,152,2026-02-09 19:55:00.320000+00:00,124370.28422095907,426819.49244684493,9.736572345021262,0.008449297209153883,-0.006723192986100912,0.007651393793382866,0,-0.008489082873214662,0.006672886873660124,0.007651393793382866,29_KW_1
2918,96,2026-02-09 19:55:02.290000+00:00,124258.07768678271,426307.34940627957,9.299169027384593,0.01670858627767302,-0.003003297373652458,-0.005376580791297769,0,-0.0003291804292051191,-0.016973163840547208,-0.005376580791297769,03_P1_0
2919,148,2026-02-09 19:55:06.660000+00:00,124351.04075013509,426607.3983756584,8.016354924039579,-0.0003682795795612037,-8.023635018616915e-05,0.0008985088271966646,0,-0.0001564772535325939,-0.00034290317837528257,0.0008985088271966646,14_P5_1
2920,117,2026-02-09 19:55:14.410000+00:00,124377.69157166503,426815.89961154,7.6259850376656,0.011554520940990187,-0.006094498501624912,0.008549997493140893,0,-0.006542495712609269,0.011306883567658172,0.008549997493140893,26_KW_0
2921,97,2026-02-09 19:55:16.460000+00:00,124258.00345392295,426307.3888766873,6.8325219455510435,0.015583714077365585,-0.0029760173056274652,-0.004540245045056679,0,-0.0001444406548834486,-0.015864676496723573,-0.004540245045056679,04_P1_0
2922,116,2026-02-09 19:55:28.230000+00:00,124377.69875275649,426815.8940825215,10.014027005199702,0.011392864922527224,-0.005979042092803866,0.008967249922578802,0,-0.006418403941686403,0.01115125133479719,0.008967249922578802,25_KW_0
2923,168,2026-02-09 19:55:29.080000+00:00,124669.35978877159,426931.32209489093,13.795711048122145,-0.01694319976377301,0.014354318554978818,-0.0056289718130830835,0,0.001710386118115113,-0.022140303944162238,-0.0056289718130830835,908_GSL_1
2924,115,2026-02-09 19:55:42.320000+00:00,124396.30080155333,426811.62797636545,7.65574738102256,0.010710793518228456,-0.005937971000093967,0.009475088249513597,0,0.00040977578854748683,0.01223979906661878,0.009475088249513597,24_KW_0
2925,114,2026-02-09 19:55:56.320000+00:00,124396.31004279561,426811.6236014984,9.999329875090336,0.011022150589269586,-0.0059372574323788285,0.008645797440152592,0,0.0005740598694999799,0.012506369764927918,0.008645797440152592,23_KW_0
2926,150,2026-02-09 19:56:11.230000+00:00,124401.11379311405,426812.31535493763,9.190358941102218,0.010612484125886112,-0.006076651392504573,0.008344917858408962,0,0.0014886897272730693,0.012138134715190969,0.008344917858408962,27_KW_1
2927,119,2026-02-09 19:56:26.720000+00:00,124400.8249786115,426811.3371476449,3.992639504219052,0.0108272244251566,-0.0059812364052049816,0.009105375132869131,0,0.0018142785793593306,0.012235700671564952,0.009105375132869131,28_KW_1
2928,169,2026-02-09 19:56:42.700000+00:00,124669.38748444474,426931.3014414485,13.817100668901105,0.008406996421399526,-0.0007181044202297926,0.005345456028212681,0,0.007157352558940922,0.004468284585251912,0.005345456028212681,908_GSL_1
2929,62,2026-02-09 19:56:58.830000+00:00,124390.6217455605,426780.8750751933,7.453332451501437,0.01106534746941179,-0.0041700146975927055,0.008534577919108166,0,0.011584363754061043,0.0023734897536230987,0.008534577919108166,19_P6_1
2930,72,2026-02-09 19:57:13.520000+00:00,124390.5340169499,426780.8817239364,10.995949788296436,0.010057247040094808,-0.005206995294429362,0.008864466729678,0,0.01075419067908021,0.0035508310097341444,0.008864466729678,18_P6_1
2931,138,2026-02-09 20:00:20.800000+00:00,123928.087013136,426940.42979222926,7.122824433018925,0.00039425732393283397,-0.0019289227784611285,0.004888369420998018,0,-0.0017665972358295104,-0.0008690892526664984,0.004888369420998018,905_GSL_1
2932,139,2026-02-09 20:00:21.020000+00:00,123928.0983999463,426940.4270098019,7.139752812109087,0.011530022617080249,-0.004094210686162114,0.003150981369831385,0,-0.012235219234916779,-5.8249176720206784e-05,0.003150981369831385,905_GSL_1
2933,134,2026-02-09 20:00:21.340000+00:00,123855.63002355245,426533.0796259809,6.049858593819212,0.015561411040835083,0.005327918974217027,0.004015674921431511,0,-0.01418649237293567,0.00832392145147249,0.004015674921431511,904_GSL_1
2934,143,2026-02-09 20:00:37.620000+00:00,124266.93000276228,427056.3082359982,7.1120900237720885,0.010435334188514389,-0.0059908778057433665,0.006548285549310862,0,-0.009499295868188717,0.007385810349442943,0.006548285549310862,906_GSL_1
2935,137,2026-02-09 20:00:38.150000+00:00,123928.0971514945,426940.4263508244,7.124457987178257,0.007752232617349364,-0.007477746636141092,0.0015942962127271088,0,-0.010601372783910021,0.0019038645971777176,0.0015942962127271088,905_GSL_1
2936,142,2026-02-09 20:00:40.130000+00:00,124266.93899510862,427056.31610451284,7.0790115590025255,0.019504162672092207,0.0009501426829956472,-0.0037891742515299143,0,-0.0005686497640005308,0.01951901047961672,-0.0037891742515299143,906_GSL_1
2937,141,2026-02-09 20:00:54.170000+00:00,124266.92937137299,427056.31261944654,7.088400305534023,0.010742621539975516,-0.0018988564843311906,0.004265605270925121,0,-0.00222780045541905,0.01067925459149969,0.004265605270925121,906_GSL_1
2938,152,2026-02-09 20:00:54.220000+00:00,124370.28412815856,426819.4924756998,9.736592743670705,0.008356496691703796,-0.006694338109809905,0.007671792442826231,0,-0.008439622410365421,0.006589231613577376,0.007671792442826231,29_KW_1
2939,125,2026-02-09 20:00:54.610000+00:00,124339.66022363375,426609.59020504536,6.675670444090702,0.0023580701235914603,-0.0010288010817021132,0.002154505961588171,0,-0.0006757773061862386,0.0024823882464130695,0.002154505961588171,17_P5_1
2940,150,2026-02-09 20:01:11.230000+00:00,124401.11378828323,426812.3153606447,9.190326806121426,0.010607653297483921,-0.00607094430597499,0.008312782877617053,0,0.0014903673951231393,0.012130848209149496,0.008312782877617053,27_KW_1
2941,122,2026-02-09 20:01:11.670000+00:00,124329.16427913994,426611.38961563184,8.079765539508498,0.014728236885275692,-0.0024232770083472133,-0.003898298933899369,0,0.0013904673730246574,0.014861353696501994,-0.003898298933899369,16_P5_1
2942,146,2026-02-09 20:01:13.610000+00:00,124350.92323892238,426607.5123364936,11.379809309201013,-0.0030276525649242103,0.00047109677689149976,0.000487795976930272,0,-0.0001789355219966838,-0.0030588550645719525,0.000487795976930272,13_P5_1
2943,120,2026-02-09 20:01:27.340000+00:00,124329.27028760986,426611.33057370444,11.351658870061998,0.010035774699645117,-0.0006013856618665159,-0.006372296584874704,0,0.0019700255126956327,0.009858876103068948,-0.006372296584874704,15_P5_1
2944,129,2026-02-09 20:01:28.020000+00:00,124898.95050924583,426720.765829894,4.0929820836556114,0.010837547044502571,-0.006672776129562408,0.0012973384099979057,0,0.011551008620106835,0.005343460215560874,0.0012973384099979057,901_GSL_1
2945,148,2026-02-09 20:01:28.510000+00:00,124351.04018946602,426607.398614642,8.015878030512223,-0.0009289486479246989,0.00015874725067988038,0.0004216152998406386,0,-4.176922328412465e-05,-0.0009414890398012012,0.0004216152998406386,14_P5_1
2946,124,2026-02-09 20:01:42.240000+00:00,124339.67128110059,426609.5887460464,6.67051287470067,0.013515377358999103,-0.0014958576066419482,-0.003917321132523632,0,0.00280377734488305,0.013305707336921801,-0.003917321132523632,17_P5_1
2947,149,2026-02-09 20:01:44.720000+00:00,124351.05095809876,426607.3906248731,8.020869939407822,0.009646406688261777,-0.006107592373155057,0.008644095440024202,0,0.004513555559795028,-0.010487309607359113,0.008644095440024202,14_P5_1
2948,128,2026-02-09 20:01:46.730000+00:00,124898.93216918205,426720.7912077783,4.083924147590147,-0.008132217451930046,0.021943743515294045,0.002532216586467406,0,0.0021526400596287515,-0.023302939319411332,0.002532216586467406,901_GSL_1
2949,127,2026-02-09 20:01:58.260000+00:00,124898.95273923251,426720.7727424757,4.080395239782854,0.012385808280669153,0.004570957098621875,0.003795537066354271,0,0.01317157905350226,0.0009007778862043523,0.003795537066354271,901_GSL_1
2950,154,2026-02-09 20:01:58.460000+00:00,124285.66541524164,426445.5609828904,7.89360684820558,0.0007902416400611401,-0.002842109592165798,-0.007993151794419617,11,-0.0014221835120516776,-0.00258446567816555,-0.007993151794419617,TS1-1
2951,147,2026-02-09 20:02:00.420000+00:00,124350.9371870233,426607.5040543498,11.379913776650962,0.010679677710868418,-0.005938390328083187,0.005694134978519116,0,0.004175378130899848,-0.01148417228888068,0.005694134978519116,13_P5_1
2952,131,2026-02-09 20:02:05.640000+00:00,124806.22385070608,426258.51372895617,4.61265241837901,0.005306209932314232,0.00744489167118445,0.00114794560644782,0,0.002385134972793553,-0.008825724163093865,0.00114794560644782,903_GSL_1
2953,3,2026-02-09 20:02:05.840000+00:00,124314.90220636452,426440.7928189061,7.070805429675686,-0.0020186354813631624,-0.001381093927193433,0.018605429675686125,11,-3.2387580488195564e-05,-0.002445661605165152,0.018605429675686125,TS2
2954,126,2026-02-09 20:02:14.420000+00:00,124339.66842420539,426609.582242817,6.676771792359956,0.011603601247770712,-0.006247344077564776,0.006114603224498083,0,0.0035223388243461992,-0.012699055049382735,0.006114603224498083,17_P5_1
2955,121,2026-02-09 20:02:29.610000+00:00,124329.27284933314,426611.32051542564,11.360040266506989,0.013306563429068774,-0.007201066939160228,0.005740744432866762,0,0.0032089077311302353,-0.014785902289924331,0.005740744432866762,15_P5_1
2956,123,2026-02-09 20:02:44.620000+00:00,124329.16309363436,426611.38252150145,8.085883218054772,0.013337022232008167,-0.007756518200039864,0.007767573000705852,0,0.003723574822121336,-0.014972465633578654,0.007767573000705852,16_P5_1
2957,4,2026-02-09 20:02:44.820000+00:00,124378.97057700944,426782.742815933,7.758682212079599,0.0035770094400504604,-0.0005590669461525977,-0.005767787920401446,11,-0.003399811404924785,0.0012445219144048285,-0.005767787920401446,TS3
2958,68,2026-02-09 20:06:21.040000+00:00,123928.08560290761,426940.4284478073,7.120780224504509,-0.023347454247414134,-0.01928719790885225,0.0019669434642830552,0,-0.0009594222481471402,-0.030268451099454877,0.0019669434642830552,905_GSL_1
2959,68,2026-02-09 20:06:21.720000+00:00,123928.09860612391,426940.4280529201,7.139560324935097,-0.010344237947720103,-0.019682085141539574,0.02074704389487092,0,0.0032655606601888483,-0.021993722918425895,0.02074704389487092,905_GSL_1
2960,67,2026-02-09 20:06:22.150000+00:00,123855.63050367542,426533.08170256426,6.048339430678579,0.01250920127495192,-0.00940014043590054,0.003931282341003595,0,-0.014132668897840307,-0.0067164296003105976,0.003931282341003595,904_GSL_1
2961,69,2026-02-09 20:06:37.240000+00:00,124266.93170645404,427056.3154361758,7.079177821393264,-0.010890742618357763,0.0005977917462587357,-0.011323549534168365,0,0.0014420395473731837,-0.010811389905790138,-0.011323549534168365,906_GSL_1
2962,69,2026-02-09 20:06:38.220000+00:00,124266.9301154632,427056.30844475224,7.112300105334801,-0.01248173345811665,-0.006393631803803146,0.021798734407368237,0,-0.0011863947788125643,-0.013973713364416704,0.021798734407368237,906_GSL_1
2963,68,2026-02-09 20:06:40.160000+00:00,123928.09823345071,426940.42719496647,7.124881831881959,-0.010716911143390462,-0.020540038764011115,0.006068550841733078,0,-0.010372545493679395,-0.02071607291124351,0.006068550841733078,905_GSL_1
2964,66,2026-02-09 20:06:55.110000+00:00,124898.95036726102,426720.765007759,4.093882348647439,0.01276159733242821,-0.009197395818773657,0.011595818243674394,0,0.013760263922535595,0.0076227024803805134,0.011595818243674394,901_GSL_1
2965,66,2026-02-09 20:06:55.480000+00:00,124898.93307369345,426720.7890381453,4.079045414358154,-0.004531970233074389,0.014832990476861596,-0.0032411160456105037,0,0.002325442299416967,-0.015334558317480861,-0.0032411160456105037,901_GSL_1
2966,69,2026-02-09 20:06:56.450000+00:00,124266.926765539,427056.3126353004,7.08519923392531,-0.01583165765623562,-0.002203083655331284,-0.0053021370021228975,0,-0.0017165763455689045,-0.01589176917106667,-0.0053021370021228975,906_GSL_1
2967,71,2026-02-09 20:07:12.960000+00:00,124806.2254128891,426258.51729257166,4.618064655783103,-0.0023490463790949434,0.002186439582146704,0.02656099263383549,0,-0.002962874581313578,-0.0012328467678194277,0.02656099263383549,903_GSL_1
2968,66,2026-02-09 20:07:15.160000+00:00,124898.95273975139,426720.77272539947,4.0792439769281845,0.01513408770551905,-0.0014797553303651512,-0.003042553475579801,0,0.013201566008973594,0.007546452241073284,-0.003042553475579801,901_GSL_1
2969,149,2026-02-09 20:07:31.250000+00:00,124351.051702608,426607.39045521896,8.020572456825507,0.010390915937023237,-0.006277246517129242,0.00834661285770899,0,0.00456394110324984,-0.011249239950021571,0.00834661285770899,14_P5_1
2970,147,2026-02-09 20:07:47.900000+00:00,124350.93744021223,426607.50401929714,11.38017858191924,0.01093286664399784,-0.005973442981485277,0.0059589402467974395,0,0.004169963683384644,-0.011739718778052117,0.0059589402467974395,13_P5_1
2971,164,2026-02-09 20:07:52.080000+00:00,124091.0719275163,427154.20429427986,9.833392632866309,-0.023400935067911632,0.009563338418956846,0.01875910123691149,0,0.015418313736005131,-0.0200333922565857,0.01875910123691149,907_GSL_1
2972,102,2026-02-09 20:08:00.830000+00:00,124282.39489567648,426301.79290699045,6.904651857087247,0.0016067306569311768,-0.0006508741644211113,0.0013538733205109565,0,0.0002678385398047238,-0.0017127413985855086,0.0013538733205109565,02_P1_0
2973,126,2026-02-09 20:08:02.220000+00:00,124339.66870181423,426609.5821236414,6.677549478847627,0.011881210084538907,-0.006366519664879888,0.006892289712169486,0,0.0035770725301715683,-0.012996163965961007,0.006892289712169486,17_P5_1
2974,122,2026-02-09 20:08:08.150000+00:00,124329.16511540269,426611.38929361705,8.079204852078993,0.015564499641186558,-0.002745291800238192,-0.004458986363404804,0,0.0012910224610888595,0.015751937568245868,-0.004458986363404804,16_P5_1
2975,103,2026-02-09 20:08:15.080000+00:00,124282.3169455027,426301.7958918547,9.300474971638817,0.00522709553479217,-0.00155229854863137,0.002523485847703455,0,0.00031797837652271634,-0.005443440848029055,0.002523485847703455,01_P1_0
2976,121,2026-02-09 20:08:16.900000+00:00,124329.2737553387,426611.3201410515,11.359682413734618,0.014212568989023566,-0.007575441093649715,0.005382891660495659,0,0.0033160567420378296,-0.015760336059700526,0.005382891660495659,15_P5_1
2977,120,2026-02-09 20:08:23.390000+00:00,124329.27040619052,426611.33038621716,11.351715077055031,0.010154355361009948,-0.0007888729451224208,-0.0063160895918414894,0,0.0018188493436583793,0.010021229484763387,-0.0063160895918414894,15_P5_1
2978,100,2026-02-09 20:08:30.240000+00:00,124292.48620613352,426345.92916665593,7.588503781651815,0.0024828602035995573,-0.001068323792424053,4.212682716442373e-06,0,0.00046858762288695265,-0.0026620173094393847,4.212682716442373e-06,06_P2_0
2979,123,2026-02-09 20:08:32.220000+00:00,124329.16366344343,426611.382509006,8.084263878620021,0.013906831300118938,-0.007769013638608158,0.006148233565955508,0,0.0035764534950980037,-0.01552309602251589,0.006148233565955508,16_P5_1
2980,124,2026-02-09 20:08:37.860000+00:00,124339.67162517863,426609.5885699902,6.6691421034896265,0.013859455400961451,-0.0016719138366170228,-0.005288092343566753,0,0.0027440961885501266,0.01368757597225658,-0.005288092343566753,17_P5_1
2981,101,2026-02-09 20:08:44.640000+00:00,124292.40891234744,426345.88193179347,10.217187183218346,0.0035934766056016088,-0.0014617324341088533,0.0015686856180625597,0,0.0005934156825514013,-0.00383374407748273,0.0015686856180625597,05_P2_0
2982,118,2026-02-09 20:08:48.130000+00:00,124372.27092545212,426775.10758552334,6.1744120897933,0.010898090127739124,-0.0050789754604920745,0.008880020802938482,0,-0.0033970065465130247,-0.011533633715510186,0.008880020802938482,22_P6_1
2983,170,2026-02-09 20:08:54.280000+00:00,124669.39550349896,426931.3029276759,13.793819015270394,0.007456682491465472,0.004430704168044031,0.007628884599006014,0,0.00809898183413985,0.0031047941080727354,0.007628884599006014,908_GSL_1
2984,98,2026-02-09 20:08:57.390000+00:00,124302.66345933505,426390.07702393114,7.980851579978597,0.0026137014938285574,-0.0008880774257704616,0.0018007848477266108,0,0.00024989169161357833,-0.002749121888070303,0.0018007848477266108,10_P3_0
2985,74,2026-02-09 20:09:06.620000+00:00,124369.3574734688,426785.7205912734,7.238548846907821,0.011160259498865344,-0.005875023314729333,0.00849501215074877,0,-0.012400259044329155,-0.0023023611063776217,0.00849501215074877,21_P6_1
2986,92,2026-02-09 20:09:10.370000+00:00,124278.3299733077,426395.6353517497,11.094580347205644,0.01599750512104947,-0.002938875462859869,-0.007208636021575288,0,0.0005722499308346031,-0.016255143466019105,-0.007208636021575288,11_P3_0
2987,99,2026-02-09 20:09:10.740000+00:00,124302.54094858258,426390.1338034543,11.089601360264446,0.002868291412596591,-0.0010128376889042556,0.0018461575150787723,0,0.00030371985630714724,-0.003026663189144941,0.0018461575150787723,09_P3_0
2988,73,2026-02-09 20:09:22.920000+00:00,124369.50065040488,426785.6880745808,11.41460167059623,0.011310840447549708,-0.00839207338867709,0.008547054533154963,0,-0.013296706267413078,-0.0046432326916714456,0.008547054533154963,20_P6_1
2989,93,2026-02-09 20:09:24.160000+00:00,124278.28410132033,426395.78835848684,7.941552879697262,0.015977740651578642,-0.0029916156781837344,-0.0071726405822554185,0,0.0006054541508035342,-0.016244118503825875,-0.0071726405822554185,12_P3_0
2990,166,2026-02-09 20:09:28.850000+00:00,124091.05590532016,427154.2047809026,9.826576426291984,-0.016375515537220053,0.015752923034597188,-0.003277192770820392,0,0.019932751375334047,-0.01090859825334111,-0.003277192770820392,907_GSL_1
2991,94,2026-02-09 20:09:38.060000+00:00,124268.24008953081,426351.55313510954,10.207228847015669,0.01586703171778936,-0.0028379109571687877,-0.007265092275291707,0,-0.00010662882761084158,-0.016118469667659972,-0.007265092275291707,07_P2_0
2992,165,2026-02-09 20:09:40.420000+00:00,124091.07171884397,427154.19924527965,9.858602214929466,-0.01206178318534512,0.003093486011493951,0.007866721203445337,0,0.009834037664242868,-0.007638584458643874,0.007866721203445337,907_GSL_1
2993,125,2026-02-09 20:09:45.430000+00:00,124339.66028773536,426609.59014797496,6.676979715058429,0.002422171732177958,-0.0010858714813366532,0.0034637769293146548,0,-0.0007229431639760528,0.0025540920022196776,0.0034637769293146548,17_P5_1
2994,95,2026-02-09 20:09:52.040000+00:00,124268.12540083709,426351.54622321995,7.1866232868869755,0.0158529348555021,-0.002967790060210973,-0.007047571358144822,0,4.836390579875374e-06,-0.01612833835159737,-0.007047571358144822,08_P2_0
2995,152,2026-02-09 20:09:56.320000+00:00,124370.28429917923,426819.4925610114,9.736715655010519,0.008527517362381332,-0.006609026517253369,0.0077947037826398,0,-0.008396010667945588,0.006775307279763563,0.0077947037826398,29_KW_1
2996,146,2026-02-09 20:10:01.030000+00:00,124350.92473627691,426607.5119835564,11.378973207571391,-0.0015302980318665504,0.00011815957259386778,-0.00034830565269139413,0,-0.0002076875533713528,-0.0015207365423060054,-0.00034830565269139413,13_P5_1
2997,96,2026-02-09 20:10:05.440000+00:00,124258.07769511132,426307.34949036746,9.299434314870004,0.016716914891730994,-0.002919209480751306,-0.005111293305887443,0,-0.00041327007485677283,-0.01696485294174735,-0.005111293305887443,03_P1_0
2998,117,2026-02-09 20:10:11.550000+00:00,124377.69145759489,426815.8995077206,7.626058072065628,0.011440450805821456,-0.006198317918460816,0.008623031893168154,0,-0.0066417664524728035,0.011188833632221905,0.008623031893168154,26_KW_0
2999,148,2026-02-09 20:10:17.230000+00:00,124351.04210373608,426607.39799907367,8.015141350057899,0.0009853214141912758,-0.0004568210570141673,-0.00031506515448320727,0,-0.00023758188486038554,0.0010597634714320093,-0.00031506515448320727,14_P5_1
3000,97,2026-02-09 20:10:19.560000+00:00,124258.00329692596,426307.38904165,6.83258995232403,0.015426717087393627,-0.002811054640915245,-0.004472238272070328,0,-0.0002753344839091862,-0.015678323227012004,-0.004472238272070328,04_P1_0
3001,116,2026-02-09 20:10:25.830000+00:00,124377.69870488925,426815.89408447256,10.013976776028592,0.011344997677952051,-0.005977091030217707,0.008917020751468385,0,-0.006414589301410745,0.011103496457894388,0.008917020751468385,25_KW_0
3002,168,2026-02-09 20:10:34.220000+00:00,124669.36513719417,426931.317931963,13.798202942977188,-0.011594777184654959,0.010191390640102327,-0.003137076958040552,0,0.0014689585462324397,-0.015367025149013426,-0.003137076958040552,908_GSL_1
3003,115,2026-02-09 20:10:39.760000+00:00,124396.30071168243,426811.628147634,7.655839271751636,0.010620922621455975,-0.005766702466644347,0.009566978978589269,0,0.0005105221183632395,0.012074693446892104,0.009566978978589269,24_KW_0
3004,114,2026-02-09 20:10:54.020000+00:00,124396.30992535714,426811.62366277404,9.999454340181192,0.010904712122282945,-0.005875981762073934,0.008770262531008655,0,0.0005662412952462991,0.012374137502616006,0.008770262531008655,23_KW_0
3005,150,2026-02-09 20:11:08.820000+00:00,124401.11377321513,426812.31536663166,9.19043636545678,0.010592585196718574,-0.0060649573570117354,0.008422342212970335,0,0.0014861386323379987,0.012115195452719068,0.008422342212970335,27_KW_1
3006,119,2026-02-09 20:11:24.730000+00:00,124400.82494378259,426811.337104129,3.9925834112350436,0.010792395507451147,-0.006024752277880907,0.009049282148860804,0,0.001758555756397369,0.01223441549281062,0.009049282148860804,28_KW_1
3007,169,2026-02-09 20:11:41.510000+00:00,124669.38733694046,426931.30173027486,13.814599743437942,0.00825949214049615,-0.00042927806498482823,0.002844530565049297,0,0.007157581950434275,0.0041439728158872225,0.002844530565049297,908_GSL_1
3008,62,2026-02-09 20:11:57.920000+00:00,124390.62180899055,426780.87516455527,7.453270536091555,0.011128777521662414,-0.004080652724951506,0.008472662509226403,0,0.01163291332007591,0.0022752458056028197,0.008472662509226403,19_P6_1
3009,72,2026-02-09 20:12:12.830000+00:00,124390.53411095926,426780.88165614405,10.995950984000027,0.01015125639969483,-0.005274787661619484,0.00886566243326925,0,0.010857738695954102,0.003602901855157766,0.00886566243326925,18_P6_1
3010,138,2026-02-09 20:15:20.020000+00:00,123928.0916123262,426940.43347945024,7.122152251338611,0.004993447524611838,0.0017582981963641942,0.0042161877406838855,0,-0.0016665353194584745,0.005024817484982625,0.0042161877406838855,905_GSL_1
3011,134,2026-02-09 20:15:20.670000+00:00,123855.63009884412,426533.0797276419,6.049020677514562,0.015636702708434314,0.005429579934570938,0.003177758616781823,0,-0.014240000435815709,0.00843855422722523,0.003177758616781823,904_GSL_1
3012,139,2026-02-09 20:15:20.710000+00:00,123928.09779561819,426940.4260368361,7.1391719909324705,0.010925694499746896,-0.00506717647658661,0.0025701601932146545,0,-0.011985979068219485,-0.001176173253766917,0.0025701601932146545,905_GSL_1
3013,143,2026-02-09 20:15:36.610000+00:00,124266.93028496228,427056.30862530443,7.11359091597943,0.010717534183640964,-0.005601571581792086,0.008049177756652703,0,-0.009246007225230994,0.007794516890380671,0.008049177756652703,906_GSL_1
3014,137,2026-02-09 20:15:37.360000+00:00,123928.0967333447,426940.4261157506,7.12796950660253,0.007334082823945209,-0.0077128204284235835,0.005105815637000077,0,-0.010547004406046768,0.0014272588722535127,0.005105815637000077,905_GSL_1
3015,142,2026-02-09 20:15:40.410000+00:00,124266.94338834983,427056.3163968473,7.076102475377215,0.023897403880255297,0.0012424771557562053,-0.006698257876840863,0,-0.0006186546396924076,0.023921683221199214,-0.006698257876840863,906_GSL_1
3016,152,2026-02-09 20:15:52.420000+00:00,124370.28420214007,426819.4925812935,9.736868514713688,0.008430478206719272,-0.006588744407054037,0.007947563485808828,0,-0.00835391569927985,0.006685552194454855,0.007947563485808828,29_KW_1
3017,141,2026-02-09 20:15:52.960000+00:00,124266.92951889863,427056.31276849186,7.084156155657354,0.010890147183090448,-0.0017498111701570451,2.1455394255909255e-05,0,-0.0020833550088606473,0.0108312869368157,2.1455394255909255e-05,906_GSL_1
3018,125,2026-02-09 20:15:54.700000+00:00,124339.66233130697,426609.5900988231,6.676017286730203,0.004465743346372619,-0.0011350233689881861,0.0025013486010889707,0,-0.0004750689887383762,0.00458317042447253,0.0025013486010889707,17_P5_1
3019,122,2026-02-09 20:16:08.460000+00:00,124329.16437339807,426611.38948731206,8.079955325754046,0.014822495024418458,-0.0025515967863611877,-0.003708512688351817,0,0.001290241714798018,0.014985068609334885,-0.003708512688351817,16_P5_1
3020,150,2026-02-09 20:16:08.740000+00:00,124401.11377209108,426812.315436218,9.190306855456855,0.010591461148578674,-0.00599537102971226,0.008292832213045997,0,0.00154119463370639,0.012072623664589199,0.008292832213045997,27_KW_1
3021,146,2026-02-09 20:16:09.970000+00:00,124350.92825551162,426607.51138326945,11.378719959527103,0.0019889366813004017,-0.0004821273614652455,-0.000601553696979451,0,-5.121160898678893e-05,0.0020458966948506173,-0.000601553696979451,13_P5_1
3022,120,2026-02-09 20:16:24.160000+00:00,124329.27030974813,426611.3304949727,11.352672637556713,0.010057912964839488,-0.0006801174022257328,-0.005358529090159436,0,0.0018995098898184383,0.009900304796700883,-0.005358529090159436,15_P5_1
3023,148,2026-02-09 20:16:25.320000+00:00,124351.04083975434,426607.39848092885,8.014618202703954,-0.00027866032905876637,2.5034125428646803e-05,-0.0008382125084285263,0,-3.460234145959568e-05,-0.00027763458788960485,-0.0008382125084285263,14_P5_1
3024,129,2026-02-09 20:16:25.720000+00:00,124898.95070607148,426720.7666992571,4.091920368512477,0.011034372699214146,-0.005803413048852235,0.00023562326686388246,0,0.01164357754266161,0.004456914391008318,0.00023562326686388246,901_GSL_1
3025,124,2026-02-09 20:16:38.790000+00:00,124339.67145764563,426609.5887300484,6.6690925844352735,0.013691922402358614,-0.0015118556329980493,-0.005337611397919773,0,0.002843765964685128,0.013478406495774493,-0.005337611397919773,17_P5_1
3026,149,2026-02-09 20:16:43.060000+00:00,124351.051475853,426607.39059163193,8.019915588471694,0.01016416093625594,-0.0061408335459418595,0.007689744503895923,0,0.0044649094902558355,-0.011003844211042769,0.007689744503895923,14_P5_1
3027,128,2026-02-09 20:16:45.280000+00:00,124898.9348715632,426720.78561245924,4.087845704215152,-0.005429836310213432,0.0163484244258143,0.006453773211472225,0,0.002170755222172602,-0.017089234193716354,0.006453773211472225,901_GSL_1
3028,127,2026-02-09 20:16:55.060000+00:00,124898.95346350502,426720.7712359386,4.079331031505864,0.013110080792102963,0.003064420016016811,0.00273132878936444,0,0.013215550298085467,0.002571792901616428,0.00273132878936444,901_GSL_1
3029,154,2026-02-09 20:16:55.260000+00:00,124285.66539558857,426445.56103128305,7.893844047896186,0.0007705885655013844,-0.0027937169652432203,-0.00775595210381308,11,-0.00139193620428479,-0.002541884108760767,-0.00775595210381308,TS1-1
3030,147,2026-02-09 20:16:58.610000+00:00,124350.93701742643,426607.5041333765,11.379973775272916,0.010510080843232572,-0.005859363591298461,0.0057541336004725,0,0.004124156511447778,-0.01130421488186602,0.0057541336004725,13_P5_1
3031,131,2026-02-09 20:17:02.900000+00:00,124806.22105576999,426258.5059596849,4.608793956649475,0.0025112738367170095,-0.00032437959453091025,-0.002710516123087814,0,0.0024672808818951442,-0.0005694237913558985,-0.002710516123087814,903_GSL_1
3032,3,2026-02-09 20:17:03.100000+00:00,124314.90210549545,426440.792754329,7.070295341202807,-0.002119504555594176,-0.0014456710196100175,0.01809534120280709,11,-3.03130545987943e-05,-0.0025654132955228916,0.01809534120280709,TS2
3033,126,2026-02-09 20:17:12.970000+00:00,124339.66905208025,426609.5821079303,6.675550696262266,0.01223147611017339,-0.006382230727467686,0.004893507126808139,0,0.003514819576569556,-0.013341211348169943,0.004893507126808139,17_P5_1
3034,121,2026-02-09 20:17:27.520000+00:00,124329.27224562688,426611.32073719613,11.359784566475412,0.01270285717328079,-0.006979296449571848,0.00548504440128994,0,0.0031641033888489527,-0.014144313664524413,0.00548504440128994,15_P5_1
3035,123,2026-02-09 20:17:42.410000+00:00,124329.16330769147,426611.3826138926,8.085040857930167,0.013551079347962514,-0.007664127042517066,0.006925212876101483,0,0.003575083518424877,-0.015152206857580328,0.006925212876101483,16_P5_1
3036,4,2026-02-09 20:17:42.610000+00:00,124378.9705515366,426782.7426964733,7.758964260774036,0.0035515365889295936,-0.0006785266450606287,-0.005485739225964181,11,-0.0034354243370861713,0.0011276835436942966,-0.005485739225964181,TS3
3037,68,2026-02-09 20:21:20.630000+00:00,123928.09738407348,426940.4247040357,7.1380070169878485,-0.011566288376343437,-0.023030969547107816,0.019193735947622415,0,0.0033133542351202294,-0.025558291586042205,0.019193735947622415,905_GSL_1
3038,68,2026-02-09 20:21:21.030000+00:00,123928.08911896666,426940.4312961654,7.122315828977987,-0.01983139519870747,-0.016438839840702713,0.003502547937761058,0,-0.0008594062895030423,-0.025744535569032025,0.003502547937761058,905_GSL_1
3039,67,2026-02-09 20:21:22.680000+00:00,123855.63056136669,426533.0822352487,6.048267596084735,0.012566892546601593,-0.008867455995641649,0.003859447747159628,0,-0.01408296153931568,-0.0061829409179311266,0.003859447747159628,904_GSL_1
3040,69,2026-02-09 20:21:36.620000+00:00,124266.92878055152,427056.3078980966,7.112343884181093,-0.013816645136103034,-0.0069402874214574695,0.02184251325366038,0,-0.0011863702122745193,-0.015416218668300865,0.02184251325366038,906_GSL_1
3041,69,2026-02-09 20:21:36.630000+00:00,124266.93927606998,427056.3162266696,7.079751751091369,-0.003321126670925878,0.0013882855419069529,-0.010749619836063928,0,0.0016420938829972988,-0.0032032400455829003,-0.010749619836063928,906_GSL_1
3042,68,2026-02-09 20:21:40.080000+00:00,123928.10058327296,426940.42895569175,7.125603606833219,-0.008367088899831288,-0.018779313482809812,0.006790325792993102,0,-0.010321554218342128,-0.01778022244127295,0.006790325792993102,905_GSL_1
3043,66,2026-02-09 20:21:53.400000+00:00,124898.95063581786,426720.76684480783,4.093777851231784,0.01303015417943243,-0.007360346964560449,0.011491320828019624,0,0.013809556576818862,0.00576678181745534,0.011491320828019624,901_GSL_1
3044,66,2026-02-09 20:21:56.050000+00:00,124898.93592118882,426720.783478012,4.08210506214011,-0.001684474860667251,0.009272857219912112,-0.000181468263654061,0,0.0024895687023364335,-0.009089850617773816,-0.000181468263654061,901_GSL_1
3045,69,2026-02-09 20:21:56.580000+00:00,124266.92766357774,427056.3128130266,7.0852619988744125,-0.014933618920622393,-0.002025357447564602,-0.005239372053019942,0,-0.0015664717052457412,-0.014988702854264643,-0.005239372053019942,906_GSL_1
3046,71,2026-02-09 20:22:14.230000+00:00,124806.22143331367,426258.5070960027,4.621450009484544,-0.006328621821012348,-0.008010129386093467,0.029946346335276708,0,-0.0031472924330026826,0.009711239739421318,0.029946346335276708,903_GSL_1
3047,66,2026-02-09 20:22:14.650000+00:00,124898.95353772846,426720.77132680116,4.080199544559401,0.01593206477991771,-0.002878353639971465,-0.0020869858443637312,0,0.013356958190962597,0.009149168033931199,-0.0020869858443637312,901_GSL_1
3048,149,2026-02-09 20:22:29.180000+00:00,124351.05124509061,426607.3905283969,8.020779383392277,0.009933398541761562,-0.006204068602528423,0.00855353942447934,0,0.004563669192384604,-0.01078590734786969,0.00855353942447934,14_P5_1
3049,147,2026-02-09 20:22:44.320000+00:00,124350.93662339952,426607.5040921816,11.379830339760268,0.010116053934325464,-0.005900558491703123,0.0056106980878247725,0,0.00422712458656863,-0.010921655343665562,0.0056106980878247725,13_P5_1
3050,164,2026-02-09 20:22:52.160000+00:00,124091.0707043722,427154.20404358074,9.84011153435172,-0.02462407916027587,0.009312639303971082,0.025478002722323367,0,0.01550043903579946,-0.021279260207884662,0.025478002722323367,907_GSL_1
3051,102,2026-02-09 20:22:57.720000+00:00,124282.3966233318,426301.792452615,6.903639884599399,0.0033343859831802547,-0.0011052496265619993,0.00034190083266327775,0,0.0003168019466206532,-0.00349847726138984,0.00034190083266327775,02_P1_0
3052,126,2026-02-09 20:22:58.820000+00:00,124339.66854603008,426609.5821659601,6.676440999444406,0.011725425938493572,-0.00632420094916597,0.005783810308948034,0,0.0035703064322646816,-0.012834876043977171,0.005783810308948034,17_P5_1
3053,122,2026-02-09 20:23:09.260000+00:00,124329.16489920119,426611.3892993975,8.07853868604903,0.015348298140452243,-0.0027395113720558584,-0.005125152393368637,0,0.0012417930925630993,0.01554133611634134,-0.005125152393368637,16_P5_1
3054,103,2026-02-09 20:23:11.120000+00:00,124282.31515597738,426301.79623546626,9.298958555245854,0.003437570223468356,-0.0012086869683116674,0.0010070694547401615,0,0.0003919830133737542,-0.0036227286050529873,0.0010070694547401615,01_P1_0
3055,121,2026-02-09 20:23:13.420000+00:00,124329.2723836422,426611.32068682526,11.359291400470156,0.0128408724849578,-0.007029667322058231,0.0049918783960336555,0,0.003174030454959916,-0.01429089778511996,0.0049918783960336555,15_P5_1
3056,120,2026-02-09 20:23:24.460000+00:00,124329.27087369462,426611.33036725555,11.351688664051691,0.010621859459206462,-0.0008078345563262701,-0.006342502595181543,0,0.0019193762142772012,0.01047819116019533,-0.006342502595181543,15_P5_1
3057,100,2026-02-09 20:23:24.510000+00:00,124292.48690852724,426345.9290520983,7.588513030939316,0.003185253925039433,-0.0011828814167529345,1.3461970217676367e-05,0,0.0004185135438836088,-0.003371927850157017,1.3461970217676367e-05,06_P2_0
3058,123,2026-02-09 20:23:28.380000+00:00,124329.1630618852,426611.3825282765,8.084578736658532,0.013305273081641644,-0.0077497431775555015,0.006463091604466342,0,0.003725935300011009,-0.014940087591284653,0.006463091604466342,16_P5_1
3059,101,2026-02-09 20:23:37.660000+00:00,124292.40775231925,426345.88224969764,10.216933869014916,0.0024334484187420458,-0.0011438282672315836,0.001315371414632338,0,0.0005516651712892098,-0.002631668643728275,0.001315371414632338,05_P2_0
3060,124,2026-02-09 20:23:39.030000+00:00,124339.67128784116,426609.5887329982,6.66905176299773,0.01352211793710012,-0.0015089058433659375,-0.00537843283546291,0,0.0027934899403341527,0.013316188805444319,-0.00537843283546291,17_P5_1
3061,118,2026-02-09 20:23:44.430000+00:00,124372.27092683842,426775.10764941067,6.17442309371285,0.01089947643049527,-0.005015088128857315,0.008891024722488261,0,-0.0034458467558905045,-0.011492425137195646,0.008891024722488261,22_P6_1
3062,98,2026-02-09 20:23:50.710000+00:00,124302.66358444549,426390.07704795944,7.981002441249664,0.002738811934250407,-0.0008640491287223995,0.001951646118793171,0,0.00019717349505599411,-0.002865099356197931,0.001951646118793171,10_P3_0
3063,170,2026-02-09 20:23:55.380000+00:00,124669.39553828111,426931.3030859073,13.789026884191863,0.007491464639315382,0.004588935582432896,0.002836753520474744,0,0.00824470682017278,0.0030340042305883374,0.002836753520474744,908_GSL_1
3064,74,2026-02-09 20:24:03.820000+00:00,124369.35745409838,426785.7206879497,7.23849259065072,0.011140889080706984,-0.005778347025625408,0.008438755893648064,0,-0.012353098893949673,-0.0022157733578751873,0.008438755893648064,21_P6_1
3065,99,2026-02-09 20:24:04.010000+00:00,124302.54059285336,426390.13392318954,11.089367016128037,0.002512562190531753,-0.0008931024349294603,0.0016118133786697797,0,0.0002717626247080405,-0.002652686524333105,0.0016118133786697797,09_P3_0
3066,92,2026-02-09 20:24:12.170000+00:00,124278.33012928224,426395.6352767695,11.094558925052471,0.016153479664353654,-0.003013855661265552,-0.007230058174748422,0,0.0006236595002949452,-0.016420392201202786,-0.007230058174748422,11_P3_0
3067,73,2026-02-09 20:24:19.340000+00:00,124369.50056949105,426785.68812914507,11.414637208504551,0.011229926618398167,-0.00833750911988318,0.008582592441475967,0,-0.013203215009611238,-0.004615238194147666,0.008582592441475967,20_P6_1
3068,166,2026-02-09 20:24:21.940000+00:00,124091.06072564775,427154.20651073457,9.824587626580886,-0.011555187942576595,0.017482755007222295,-0.005265992481918502,0,0.020140203176970704,-0.005791485735211889,-0.005265992481918502,907_GSL_1
3069,93,2026-02-09 20:24:25.860000+00:00,124278.28409823673,426395.788257548,7.941286313354725,0.015974657057086006,-0.003092554514296353,-0.007439206924792607,0,0.0007057461401934063,-0.016255936881675096,-0.007439206924792607,12_P3_0
3070,165,2026-02-09 20:24:36.540000+00:00,124091.07288646058,427154.2003970663,9.859706400140986,-0.01089416658214759,0.004245272662956268,0.008970906414965896,0,0.010029137148084004,-0.0060101259194252,0.008970906414965896,907_GSL_1
3071,125,2026-02-09 20:24:36.990000+00:00,124339.65974959407,426609.5903726138,6.6742944542430305,0.0018840304401237518,-0.0008612326346337795,0.0007785161139164387,0,-0.0005787614189388088,0.001989051927481803,0.0007785161139164387,17_P5_1
3072,94,2026-02-09 20:24:39.560000+00:00,124268.24022495878,426351.553059995,10.207264371465127,0.01600245968438685,-0.002913025498855859,-0.007229567825833172,0,-5.750181810882829e-05,-0.016265335134829688,-0.007229567825833172,07_P2_0
3073,146,2026-02-09 20:24:52.350000+00:00,124350.92705336085,426607.5115619062,11.37987191375381,0.0007867859094403684,-0.0003034906112588942,0.000550400529727213,0,-0.0001304849501797125,0.0008331340205469962,0.000550400529727213,13_P5_1
3074,152,2026-02-09 20:24:52.940000+00:00,124370.28449197355,426819.4925607865,9.736611140688598,0.008720311685465276,-0.006609251431655139,0.00769018946071931,0,-0.008440650820117886,0.0069628624940710265,0.00769018946071931,29_KW_1
3075,95,2026-02-09 20:24:53.670000+00:00,124268.12552700505,426351.54614841274,7.186674874697367,0.015979102812707424,-0.0030425972654484212,-0.006995983547753326,0,5.5191238290277546e-05,-0.01626610213745151,-0.006995983547753326,08_P2_0
3076,96,2026-02-09 20:25:07.160000+00:00,124258.07790921211,426307.34944308415,9.298991911012825,0.01693101567798294,-0.0029664927860721946,-0.005553697163065863,0,-0.00040885914526632265,-0.01718406836396011,-0.005553697163065863,03_P1_0
3077,148,2026-02-09 20:25:07.580000+00:00,124351.0413523747,426607.39830976084,8.016133371049023,0.0002339600323466584,-0.00014613388339057565,0.0006769558366404027,0,-9.322068627710843e-05,0.0002596195529240522,0.0006769558366404027,14_P5_1
3078,117,2026-02-09 20:25:07.930000+00:00,124377.6915386485,426815.89956144243,7.6261875760652424,0.01152150442067068,-0.006144596089143306,0.008752535892782909,0,-0.006591261337190326,0.01127192970165753,0.008752535892782909,26_KW_0
3079,97,2026-02-09 20:25:20.990000+00:00,124258.00398306579,426307.38880025607,6.832848270052921,0.01611285691615194,-0.00305244856281206,-0.0042139205431794835,0,-0.00017348406410371833,-0.016398521381774056,-0.0042139205431794835,04_P1_0
3080,116,2026-02-09 20:25:21.630000+00:00,124377.69890531531,426815.89407627407,10.014211623771999,0.011545423738425598,-0.005985289521049708,0.00915186849487526,0,-0.0064305907998824016,0.011303450885241043,0.00915186849487526,25_KW_0
3081,168,2026-02-09 20:25:28.570000+00:00,124669.36210188827,426931.3203599091,13.799086515086952,-0.01463008308201097,0.012619336717762053,-0.0022535048482765774,0,0.00165900016751228,-0.019249278132620853,-0.0022535048482765774,908_GSL_1
3082,115,2026-02-09 20:25:36.130000+00:00,124396.30088544889,426811.62810171075,7.655825704160073,0.010794689078466035,-0.005812625691760331,0.009553411387026145,0,0.0005604168240079484,0.012247361459377076,0.009553411387026145,24_KW_0
3083,114,2026-02-09 20:25:50.920000+00:00,124396.31004918081,426811.6235024632,9.999810703441485,0.01102853579504881,-0.006036292586941272,0.009126625791301635,0,0.0004923976757902608,0.012562761420432668,0.009126625791301635,23_KW_0
3084,150,2026-02-09 20:26:05.690000+00:00,124401.11390488646,426812.3153319502,9.190408410409846,0.0107242565281922,-0.00609963882016018,0.00839438716603702,0,0.001537214533857558,0.012241415085510955,0.00839438716603702,27_KW_1
3085,119,2026-02-09 20:26:21.920000+00:00,124400.8250520386,426811.33721392794,3.992603914721721,0.01090065152675379,-0.005914953362662345,0.009069785635538175,0,0.001911517344928809,0.012253855655679425,0.009069785635538175,28_KW_1
3086,169,2026-02-09 20:26:37.850000+00:00,124669.38768732654,426931.3008603043,13.816446829280896,0.008609878219431266,-0.0012992486008442938,0.004691616408003085,0,0.0070732867821288155,0.00507805710661022,0.004691616408003085,908_GSL_1
3087,62,2026-02-09 20:26:54.220000+00:00,124390.62181290968,426780.87519080896,7.453260108475358,0.011132696658023633,-0.0040543990326114,0.008462234893029219,0,0.011632644720283077,0.002248702560785012,0.008462234893029219,19_P6_1
3088,72,2026-02-09 20:27:08.830000+00:00,124390.53411547434,426780.88165792165,10.995935869374154,0.010155771480640396,-0.005273010057862848,0.00885054780739658,0,0.010861915808386436,0.0036004325307991045,0.00885054780739658,18_P6_1
3089,71,2026-02-09 20:27:09.490000+00:00,124806.22271998122,426258.50980495993,4.638052223514414,-0.005041954267653637,-0.005301172146573663,0.04654856036514676,0,0.001895445391778153,0.007066188203798856,0.04654856036514676,903_GSL_1
3090,67,2026-02-09 20:27:25.880000+00:00,123855.61426026559,426533.0747721383,6.078419053134594,-0.0037342085561249405,-0.01633056637365371,0.03401090479701807,0,0.012582124945569638,-0.011059920590990703,0.03401090479701807,904_GSL_1
3091,68,2026-02-09 20:27:43.560000+00:00,123928.087445642,426940.4325214696,7.1872560339761975,-0.021504719858057797,-0.015213535632938147,0.06844275293597146,0,0.020996901534214105,-0.01590706662432585,0.06844275293597146,905_GSL_1
3092,69,2026-02-09 20:28:00.380000+00:00,124266.91833569364,427056.3140942804,7.159823524782179,-0.024261503014713526,-0.0007441036286763847,0.06932215385474638,0,0.016686680210291602,-0.017627504710044057,0.06932215385474638,906_GSL_1
3093,107,2026-02-09 20:28:42.300000+00:00,124409.92140465058,426969.5244021597,6.338204233436413,0.00028243393171578646,-0.0012006896431557834,0.052403998317821276,0,-0.0010990842649279062,0.0005598556274200375,0.052403998317821276,38_P9_0
3094,106,2026-02-09 20:28:54.750000+00:00,124410.03288204456,426969.4497885946,8.972729195684085,0.0006516203284263611,-0.0010826194775290787,0.0518027454091623,0,-0.0008941573498317527,0.0008928362779847549,0.0518027454091623,37_P9_0
3095,104,2026-02-09 20:29:09.550000+00:00,124389.81601955363,426881.4451500147,10.775037887925013,0.00036016076046507806,-0.000984581361990422,0.0522526235776386,0,0.0008888026735817648,-0.0005560090279767088,0.0522526235776386,33_P7_0
3096,105,2026-02-09 20:29:22.010000+00:00,124389.6873540471,426881.47302679066,7.1114246877764185,0.0004811464896192774,-0.0009383165743201971,0.05151091454005119,0,0.0008165474914226694,-0.00066722569822234,0.05151091454005119,34_P7_0
3097,134,2026-02-09 20:30:21.070000+00:00,123855.6299116188,426533.0791118519,6.051570438471337,0.01544947738875635,0.004813789972104132,0.005727519573556883,0,-0.01417932578242985,0.007797797499098328,0.005727519573556883,904_GSL_1
3098,138,2026-02-09 20:30:21.630000+00:00,123928.09678178091,426940.437356106,7.114902855501217,0.010162902239244431,0.0056349539663642645,-0.0030332080967099273,0,-0.0017657844463429204,0.011485612452827114,-0.0030332080967099273,905_GSL_1
3099,139,2026-02-09 20:30:22.320000+00:00,123928.09802012646,426940.42683633714,7.140719652389846,0.011150202772114426,-0.00426767545286566,0.004117821650590159,0,-0.011933960090630856,-0.0003473790228127388,0.004117821650590159,905_GSL_1
3100,137,2026-02-09 20:30:37.540000+00:00,123928.09734140537,426940.426611892,7.1247615380552585,0.007942143492982723,-0.0072166790487244725,0.0018978470897286215,0,-0.010500995810540413,0.0022106982477125316,0.0018978470897286215,905_GSL_1
3101,142,2026-02-09 20:30:38.050000+00:00,124266.94495625595,427056.3167695243,7.080783668024421,0.02546530999825336,0.0016151541494764388,-0.002017065229634518,0,-0.0003689670558499004,0.025513811936780654,-0.002017065229634518,906_GSL_1
3102,143,2026-02-09 20:30:38.480000+00:00,124266.93045608545,427056.3086911645,7.111811119355299,0.010888657358009368,-0.005535711534321308,0.006269381132521623,0,-0.009249925319261002,0.00797783447054674,0.006269381132521623,906_GSL_1
3103,125,2026-02-09 20:30:52.300000+00:00,124339.66260760755,426609.5898532104,6.674674103931851,0.0047420439223060384,-0.0013806360657326877,0.0011581658027370878,0,-0.000677993641964012,0.0048921836769011285,0.0011581658027370878,17_P5_1
3104,141,2026-02-09 20:30:53.160000+00:00,124266.92862514414,427056.3128429521,7.085569436063389,0.00999639269139152,-0.001675350940786302,0.00143473580029152,0,-0.001981488232387851,0.009940240037353614,0.00143473580029152,906_GSL_1
3105,152,2026-02-09 20:30:54.620000+00:00,124370.28448703598,426819.492561739,9.73657165138798,0.008715374118764885,-0.006608298921491951,0.007650700160100499,0,-0.00843858628480839,0.00695827724222542,0.007650700160100499,29_KW_1
3106,146,2026-02-09 20:31:07.060000+00:00,124350.92830109369,426607.51148714777,11.380250413198507,0.0020345187513157725,-0.00037824903847649693,0.0009288999744239135,0,5.995019495045442e-05,0.00206851271658873,0.0009288999744239135,13_P5_1
3107,122,2026-02-09 20:31:10.570000+00:00,124329.1642332191,426611.3895249624,8.079192924464122,0.014682316046673805,-0.0025139464414678514,-0.0044709139782757035,0,0.0012911172746334159,0.014839924103179476,-0.0044709139782757035,16_P5_1
3108,150,2026-02-09 20:31:11.720000+00:00,124401.11392762598,426812.31532301585,9.190240980094385,0.010746996049419977,-0.006108573172241449,0.008226956850576173,0,0.0015436768385902922,0.012264976645101141,0.008226956850576173,27_KW_1
3109,148,2026-02-09 20:31:22.330000+00:00,124351.04335328947,426607.3978776996,8.015798483719685,0.0022348748025251552,-0.0005781951476819813,0.00034206850730278404,0,-9.13302135534694e-05,0.002306649909253053,0.00034206850730278404,14_P5_1
3110,120,2026-02-09 20:31:25.960000+00:00,124329.27028973025,426611.33046683396,11.35179721042575,0.010037895088316873,-0.0007082561496645212,-0.006233956221123549,0,0.00186720621219328,0.009888099187343362,-0.006233956221123549,15_P5_1
3111,129,2026-02-09 20:31:28.720000+00:00,124898.95043847627,426720.76448038855,4.091474287148159,0.010766777486423962,-0.008022281574085355,-0.00021045809745423583,0,0.011640426539297966,0.0066918584174564585,-0.00021045809745423583,901_GSL_1
3112,124,2026-02-09 20:31:40.490000+00:00,124339.6713547536,426609.5887163174,6.66977255624324,0.013589030379080214,-0.0015255866455845535,-0.004657639589953355,0,0.002798560702618067,0.013384962429925335,-0.004657639589953355,17_P5_1
3113,128,2026-02-09 20:31:41.860000+00:00,124898.93535745972,426720.78502256534,4.084154957183559,-0.004943939784425311,0.015758530527818948,0.0027630261798794464,0,0.0023539098630174673,-0.016347260729095082,0.0027630261798794464,901_GSL_1
3114,149,2026-02-09 20:31:45.720000+00:00,124351.05056118245,426607.39063628996,8.0200703210088,0.009249490380170755,-0.00609617552254349,0.007844477041002662,0,0.0045647391589407815,-0.010093541732482328,0.007844477041002662,14_P5_1
3115,127,2026-02-09 20:31:56.270000+00:00,124898.95267660891,426720.77297965577,4.078624221450391,0.01232318468100857,0.004808137193322182,0.0020245187338909787,0,0.013211552310032947,0.0006587484431218479,0.0020245187338909787,901_GSL_1
3116,154,2026-02-09 20:31:56.470000+00:00,124285.66542614732,426445.561049,7.893335642231969,0.0008011473109945655,-0.0027760000084526837,-0.008264357768029917,11,-0.0014176060236679746,-0.0025176191575580677,-0.008264357768029917,TS1-1
3117,131,2026-02-09 20:31:59.540000+00:00,124806.22122339123,426258.5059619334,4.6101641832452,0.0026788950781337917,-0.0003221310907974839,-0.00134028952736287,0,0.002623652084421367,-0.000629838883540265,-0.00134028952736287,903_GSL_1
3118,3,2026-02-09 20:31:59.740000+00:00,124314.90195747404,426440.79278200783,7.07169855633638,-0.002267525967909023,-0.0014179921709001064,0.01949855633638009,11,7.46929656054014e-05,-0.002673349354791629,0.01949855633638009,TS2
3119,147,2026-02-09 20:32:01.020000+00:00,124350.93709087244,426607.5040159538,11.379761805641715,0.010583526847767644,-0.005976786313112825,0.005542163969272096,0,0.004228491648641461,-0.011395300502724828,0.005542163969272096,13_P5_1
3120,126,2026-02-09 20:32:15.820000+00:00,124339.668072778,426609.58222012455,6.67676110170477,0.011252173862885684,-0.006270036508794874,0.006103912569312087,0,0.0036222988015434366,-0.01236138041864926,0.006103912569312087,17_P5_1
3121,121,2026-02-09 20:32:30.220000+00:00,124329.27224792501,426611.3207996169,11.36030952681713,0.012705155299045146,-0.006916875659953803,0.006010004743007613,0,0.0031035135897377326,-0.014129131023047012,0.006010004743007613,15_P5_1
3122,123,2026-02-09 20:32:44.920000+00:00,124329.16290047576,426611.38262694515,8.084404085318464,0.01314386363083031,-0.007651074498426169,0.006288440264398787,0,0.0036762655689317443,-0.014757545988172218,0.006288440264398787,16_P5_1
3123,4,2026-02-09 20:32:45.120000+00:00,124378.97048282002,426782.7427476,7.758933934518052,0.003482820015051402,-0.0006273999460972846,-0.0055160654819479404,11,-0.0033505390197307032,0.001139102377693744,-0.0055160654819479404,TS3
3124,68,2026-02-09 20:36:20.850000+00:00,123928.08971676815,426940.432012194,7.120436241516765,-0.01923359370266553,-0.015722811222076416,0.0016229604765385375,0,-0.0006591455153483141,-0.024833514584807835,0.0016229604765385375,905_GSL_1
3125,68,2026-02-09 20:36:21.290000+00:00,123928.0984666017,426940.42795758636,7.139734528198168,-0.010483760153874755,-0.01977741887094453,0.020921247157941636,0,0.0033657813798244284,-0.0221297772212915,0.020921247157941636,905_GSL_1
3126,67,2026-02-09 20:36:21.460000+00:00,123855.63053518426,426533.0813642416,6.0487346040384775,0.012540710114990361,-0.009738463093526661,0.004326455700901732,0,-0.014231020425358539,-0.007041671056306913,0.004326455700901732,904_GSL_1
3127,69,2026-02-09 20:36:36.460000+00:00,124266.94330714304,427056.3165908856,7.080627504250107,0.0007099463837221265,0.0017525015282444656,-0.00987386667732526,0,0.0016920526556104907,0.0008439450722060044,-0.00987386667732526,906_GSL_1
3128,68,2026-02-09 20:36:38.670000+00:00,123928.09770657487,426940.4269377167,7.124938594173979,-0.011243786982959136,-0.02079728851094842,0.006125313133752641,0,-0.010272494917839431,-0.021293797296131838,0.006125313133752641,905_GSL_1
3129,69,2026-02-09 20:36:38.700000+00:00,124266.93024812262,427056.308554175,7.1127446764452875,-0.012349074037047103,-0.006284209026489407,0.022243305517855028,0,-0.0011354093920093388,-0.013809480735118854,0.022243305517855028,906_GSL_1
3130,66,2026-02-09 20:36:52.260000+00:00,124898.91678197245,426720.8418955774,4.131317584830566,-0.02082369122945238,0.06769042258383706,0.049031054426802,0,-0.0453349826703416,-0.0544091791178459,0.049031054426802,901_GSL_1
3131,66,2026-02-09 20:36:54.300000+00:00,124898.93570691241,426720.78403979423,4.092972928947196,-0.0018987512739840895,0.009834639437031,0.010686398543431785,0,0.002539198079177242,-0.009689058900201003,0.010686398543431785,901_GSL_1
3132,69,2026-02-09 20:36:54.860000+00:00,124266.9273276896,427056.3129043002,7.086438065356881,-0.015269507057382725,-0.001934083818923682,-0.0040633055705514565,0,-0.001464941128266017,-0.015321634164957664,-0.0040633055705514565,906_GSL_1
3133,66,2026-02-09 20:36:55.590000+00:00,124898.95034931827,426720.7649359156,4.092553143951889,0.01274365458812099,-0.009269239206332713,0.010266613548124859,0,0.013750948442758667,0.007696164281650022,0.010266613548124859,901_GSL_1
3134,71,2026-02-09 20:37:08.790000+00:00,124806.19700747741,426258.5789745753,4.632318534555766,-0.030754458071896806,0.06386844324879348,0.0408148714064982,0,-0.07068786983214803,-0.005314112617710455,0.0408148714064982,903_GSL_1
3135,66,2026-02-09 20:37:11.560000+00:00,124898.95335680818,426720.7715927371,4.079107840301621,0.015751144499517977,-0.0026124176802113652,-0.0031786901021435554,0,0.013300780715255815,0.008832469164693154,-0.0031786901021435554,901_GSL_1
3136,71,2026-02-09 20:37:12.840000+00:00,124806.22269646943,426258.51002934243,4.602915611397307,-0.005065466059022583,-0.005076789646409452,0.011411948248039927,0,-0.002983312016328197,0.006521701382479251,0.011411948248039927,903_GSL_1
3137,67,2026-02-09 20:37:26.240000+00:00,123855.58956814998,426533.1510634944,6.067602270847565,-0.028426324162865058,0.059960789687465876,0.02319412250998898,0,-0.010148732143774618,0.06557709540099131,0.02319412250998898,904_GSL_1
3138,149,2026-02-09 20:37:31.410000+00:00,124351.05137932616,426607.39045477036,8.019679682600792,0.01006763409532141,-0.0062776951235719025,0.007453838632994092,0,0.004615255313910663,-0.01093005630036808,0.007453838632994092,14_P5_1
3139,147,2026-02-09 20:37:47.830000+00:00,124350.93739309136,426607.503978649,11.380297619332083,0.01088574576715473,-0.006014091137330979,0.006077977659639799,0,0.004217549963622303,-0.011699616464636766,0.006077977659639799,13_P5_1
3140,164,2026-02-09 20:37:48.480000+00:00,124091.07070773582,427154.20416291547,9.834771532224527,-0.024620715543278493,0.009431974031031132,0.02013800059513038,0,0.015614623598450976,-0.021244418040129474,0.02013800059513038,907_GSL_1
3141,102,2026-02-09 20:37:55.240000+00:00,124282.39427879079,426301.7931027907,6.904483812880499,0.000989844964351505,-0.00045507389586418867,0.0011858291137629706,0,0.00021767875124203436,-0.0010674742457814853,0.0011858291137629706,02_P1_0
3142,110,2026-02-09 20:38:00.290000+00:00,124434.11909112967,426964.00646923657,8.789894116731423,-0.02136175418854691,0.07204139465466142,0.045520944256818296,0,0.06599509891637224,-0.035929570061702984,0.045520944256818296,35_P9_0
3143,126,2026-02-09 20:38:02+00:00,124339.66845968518,426609.5820315843,6.676466414436494,0.0116390810435405,-0.0064585767686367035,0.005809225301035781,0,0.003720468196716772,-0.012780435744202802,0.005809225301035781,17_P5_1
3144,122,2026-02-09 20:38:04.670000+00:00,124329.16488483809,426611.38940548844,8.079443999357283,0.015333935036323965,-0.002633420401252806,-0.00421983908511514,0,0.001340774903493385,0.015500541582993169,-0.00421983908511514,16_P5_1
3145,103,2026-02-09 20:38:09.800000+00:00,124282.31719780703,426301.7958624106,9.29913967202064,0.005479399871546775,-0.001581742602866143,0.0011881862295268775,0,0.00028904471509171346,-0.005695804224752298,0.0011881862295268775,01_P1_0
3146,111,2026-02-09 20:38:12.700000+00:00,124434.24054948763,426964.04995351494,6.506902353639534,-0.021141271688975394,0.07188973558368161,0.04560984402476542,0,0.06580732469253998,-0.035839691233733414,0.04560984402476542,36_P9_0
3147,121,2026-02-09 20:38:16.920000+00:00,124329.27287219747,426611.3204183615,11.360693334630152,0.013329427762073465,-0.0072981310659088194,0.006393812556030554,0,0.0032957593455261057,-0.014834902488924407,0.006393812556030554,15_P5_1
3148,120,2026-02-09 20:38:21.360000+00:00,124329.27085644651,426611.33031997056,11.351693943039418,0.010604611350572668,-0.0008551195496693254,-0.00633722360745459,0,0.0018692597186074787,0.010473532328938162,-0.00633722360745459,15_P5_1
3149,100,2026-02-09 20:38:22.740000+00:00,124292.48775290971,426345.9289010475,7.588007187210827,0.004029636402265169,-0.0013339322176761925,-0.0004923817582715984,0,0.0003712948183731958,-0.004228413987970468,-0.0004923817582715984,06_P2_0
3150,123,2026-02-09 20:38:32.120000+00:00,124329.16315215842,426611.38245090505,8.085080747277921,0.013395546295214444,-0.00782711460487917,0.0069651022238552684,0,0.003775019878377173,-0.015048375610111658,0.0069651022238552684,16_P5_1
3151,124,2026-02-09 20:38:36.090000+00:00,124339.6717912598,426609.5886210908,6.669207878145775,0.01402553656953387,-0.0016208132146857679,-0.005222317687418432,0,0.0028445503419119037,0.013829361695051612,-0.005222317687418432,17_P5_1
3152,101,2026-02-09 20:38:36.100000+00:00,124292.40849622608,426345.8819667329,10.216819724620347,0.003177355247316882,-0.00142679299460724,0.0012012270200632003,0,0.0006554040777445304,-0.003420785013997264,0.0012012270200632003,05_P2_0
3153,118,2026-02-09 20:38:48.520000+00:00,124372.27096675617,426775.107684927,6.174407585336237,0.010939394182059914,-0.004979571793228388,0.008875516345875134,0,-0.00349888590413669,-0.011498881586669011,0.008875516345875134,22_P6_1
3154,98,2026-02-09 20:38:49.040000+00:00,124302.66367719817,426390.0770225195,7.980836876697332,0.002831564619555138,-0.000889489077962935,0.0017860815664612062,0,0.00020013575193982184,-0.002961231955677783,0.0017860815664612062,10_P3_0
3155,170,2026-02-09 20:38:51.260000+00:00,124669.39441574675,426931.30388185004,13.79125518768198,0.006368930276948959,0.005384878313634545,0.0050650570105919,0,0.008173454897777847,0.0016597657543400703,0.0050650570105919,908_GSL_1
3156,99,2026-02-09 20:39:02.040000+00:00,124302.54067369245,426390.13401050674,11.089414661981637,0.002593401281046681,-0.0008057852392084897,0.0016594592322700663,0,0.00016776515375107744,-0.002710511927560498,0.0016594592322700663,09_P3_0
3157,74,2026-02-09 20:39:06.120000+00:00,124369.35747363172,426785.72059190046,7.238549426281082,0.01116042242210824,-0.005874396243598312,0.008495591524010138,0,-0.012400228742854916,-0.0023017139247902014,0.008495591524010138,21_P6_1
3158,92,2026-02-09 20:39:09.050000+00:00,124278.33004111,426395.63533638365,11.094496580775735,0.016065307427197695,-0.0029542415286414325,-0.007292402451485103,0,0.0005775543447178747,-0.016324462524653627,-0.007292402451485103,11_P3_0
3159,166,2026-02-09 20:39:20.020000+00:00,124091.06190903812,427154.20706693147,9.830927527379307,-0.010371797572588548,0.018038951908238232,0.0010739083165027807,0,0.02031662385529455,-0.004495860980608935,0.0010739083165027807,907_GSL_1
3160,93,2026-02-09 20:39:22.550000+00:00,124278.28403671383,426395.78836809983,7.941564209249181,0.01591313414974138,-0.0029820026829838753,-0.00716131103033657,0,0.0006054625828466062,-0.016178800744485394,-0.00716131103033657,12_P3_0
3161,73,2026-02-09 20:39:22.620000+00:00,124369.50065206898,426785.68806675595,11.414612315975509,0.011312504546367563,-0.008399898244533688,0.008557699912433492,0,-0.013300624952987613,-0.004650207037333948,0.008557699912433492,20_P6_1
3162,125,2026-02-09 20:39:35.050000+00:00,124339.65925787466,426609.5904445307,6.674205483082425,0.001392311038216576,-0.0007893157307989895,0.0006895449533113052,0,-0.0005789500921842938,0.0014921012501791762,0.0006895449533113052,17_P5_1
3163,94,2026-02-09 20:39:35.960000+00:00,124268.2398885126,426351.5532044503,10.208526142305546,0.01566601351078134,-0.002768570207990706,-0.0059677969854146085,0,-0.000138104280755847,-0.015908170464393263,-0.0059677969854146085,07_P2_0
3164,165,2026-02-09 20:39:39.820000+00:00,124091.07275390382,427154.2000980106,9.860863758123447,-0.011026723339455202,0.003946216951590031,0.010128264397426534,0,0.009873966807225526,-0.006298097754378793,0.010128264397426534,907_GSL_1
3165,95,2026-02-09 20:39:50.060000+00:00,124268.12539855465,426351.54622286017,7.186729017156375,0.01585065241670236,-0.002968149841763079,-0.006941841088745626,0,5.609369247274997e-06,-0.016126160859090025,-0.006941841088745626,08_P2_0
3166,146,2026-02-09 20:39:50.890000+00:00,124350.92657986215,426607.5116873865,11.378980423711255,0.00031328720797318965,-0.00017801031935960054,-0.0003410895128279634,0,-0.00010783253824164289,0.00034381490976179054,-0.0003410895128279634,13_P5_1
3167,113,2026-02-09 20:39:52.080000+00:00,124414.05707197331,426875.9893483847,7.3425713912691,-0.02167447784449905,0.07225144928088412,0.045801654413009096,0,-0.06509459846522232,0.03811493360444598,0.045801654413009096,32_P7_0
3168,152,2026-02-09 20:39:55.430000+00:00,124370.28429157427,426819.4925617228,9.736668905552888,0.00851991240051575,-0.006608315103221685,0.0077479543250085214,0,-0.008393566153597437,0.006768070850775235,0.0077479543250085214,29_KW_1
3169,96,2026-02-09 20:40:03.920000+00:00,124258.0779964716,426307.34947595326,9.298924044591889,0.01701827517536003,-0.0029336236766539514,-0.0056215635840022316,0,-0.0004581905189254183,-0.017263194932250144,-0.0056215635840022316,03_P1_0
3170,112,2026-02-09 20:40:04.750000+00:00,124413.93060887429,426875.9415862494,10.70791868837508,-0.02179127484851051,0.07210615841904655,0.045780295885229805,0,-0.06483020247283688,0.0383562587957551,0.045780295885229805,31_P7_0
3171,148,2026-02-09 20:40:06.080000+00:00,124351.04143759958,426607.3982911131,8.016161253349422,0.00031918491004034877,-0.00016478163888677955,0.0007048381370395873,0,-9.337958682900892e-05,0.00034686055998819204,0.0007048381370395873,14_P5_1
3172,117,2026-02-09 20:40:09.930000+00:00,124377.69144471499,426815.89960751944,7.626112301036595,0.011427570905652829,-0.006098519079387188,0.008677260864135228,0,-0.006541539630828898,0.01117987347977013,0.008677260864135228,26_KW_0
3173,97,2026-02-09 20:40:17.870000+00:00,124258.00340168652,426307.3888724428,6.831965463075443,0.015531477649346925,-0.0029802618082612753,-0.005096727520657041,0,-0.00013001369243531758,-0.01581429273972514,-0.005096727520657041,04_P1_0
3174,116,2026-02-09 20:40:23.620000+00:00,124377.69877693047,426815.89413708635,10.01398153724384,0.011417038898798637,-0.005924477241933346,0.008921781966716225,0,-0.006364822419330464,0.011177532973659959,0.008921781966716225,25_KW_0
3175,168,2026-02-09 20:40:24.380000+00:00,124669.36138499647,426931.321043426,13.796027537398505,-0.015346974876592867,0.013302853622008115,-0.005312482536723451,0,0.0017931014554734164,-0.020230678177503743,-0.005312482536723451,908_GSL_1
3176,115,2026-02-09 20:40:37.520000+00:00,124396.30080329458,426811.6281510054,7.655837811973641,0.010712534771300852,-0.005763331020716578,0.009565519200594785,0,0.0005604899544232505,0.012151552851042307,0.009565519200594785,24_KW_0
3177,114,2026-02-09 20:40:51.390000+00:00,124396.30995993526,426811.6235873197,9.999406250587299,0.010939290237729438,-0.005951436120085418,0.008722172937115857,0,0.0005192991716890607,0.012442587800253731,0.008722172937115857,23_KW_0
3178,150,2026-02-09 20:41:06.320000+00:00,124401.11381426516,426812.3153318535,9.190520515132581,0.010633635232807137,-0.006099735503084958,0.00850649188877206,0,0.001482868792465609,0.01216889771574747,0.00850649188877206,27_KW_1
3179,119,2026-02-09 20:41:21.420000+00:00,124400.82500119087,426811.3371403771,3.9927111283699808,0.010849803788005374,-0.005988504213746637,0.009176999283798004,0,0.0018222002031851828,0.012258059037865207,0.009176999283798004,28_KW_1
3180,169,2026-02-09 20:41:37.510000+00:00,124669.38704071482,426931.3022209188,13.816769388612707,0.007963266500155441,6.136589217931032e-05,0.005014175739814775,0,0.007117328891285881,0.0035722553909943444,0.005014175739814775,908_GSL_1
3181,62,2026-02-09 20:41:53.720000+00:00,124390.6217583825,426780.87515346514,7.453338887252866,0.01107816948206164,-0.004091742855962366,0.008541013670537723,0,0.011584686371411468,0.002294175309045563,0.008541013670537723,19_P6_1
3182,72,2026-02-09 20:42:07.820000+00:00,124390.53405322632,426780.88166829565,10.99597651853247,0.010093523465911858,-0.005262636055704206,0.0088911969657115,0,0.010798810527318433,0.003600034084114738,0.0088911969657115,18_P6_1
3183,138,2026-02-09 20:45:20.110000+00:00,123928.09023192024,426940.4327271303,7.1207890912767065,0.0036130415683146566,0.001005978265311569,0.002853027678779263,0,-0.0014163623237768035,0.0034727481066778336,0.002853027678779263,905_GSL_1
3184,139,2026-02-09 20:45:20.440000+00:00,123928.0981431695,426940.4268758279,7.138337517398849,0.011273245807387866,-0.004228184698149562,0.0017356866595932274,0,-0.012037067597279516,-0.0002694819733818064,0.0017356866595932274,905_GSL_1
3185,134,2026-02-09 20:45:21.060000+00:00,123855.63005526223,426533.08004034375,6.050231641667932,0.015593120813718997,0.005742281791754067,0.004388722770151787,0,-0.014134939915294568,0.00873628585144507,0.004388722770151787,904_GSL_1
3186,143,2026-02-09 20:45:37.520000+00:00,124266.93046074301,427056.3088052281,7.11353383703551,0.010893314916756935,-0.005421647918410599,0.007992098812731996,0,-0.009146138798279881,0.008025379810915155,0.007992098812731996,906_GSL_1
3187,142,2026-02-09 20:45:41.880000+00:00,124266.9425556649,427056.3168335786,7.073994484267453,0.02306471894553397,0.0016792084206826985,-0.00880624898660276,0,-0.00011852587310801843,0.023125461132136784,-0.00880624898660276,906_GSL_1
3188,137,2026-02-09 20:45:42.780000+00:00,123928.0959194121,426940.42577860906,7.130748837162034,0.006520150214782916,-0.00804996199440211,0.007885146196503712,0,-0.010343561268618701,0.0005700765009919369,0.007885146196503712,905_GSL_1
3189,152,2026-02-09 20:45:52.620000+00:00,124370.28438089961,426819.49253558915,9.736591008396509,0.00860923774598632,-0.006634448771364987,0.007670057168629896,0,-0.008439577918347515,0.006848971428391494,0.007670057168629896,29_KW_1
3190,125,2026-02-09 20:45:56.270000+00:00,124339.66174029389,426609.590032343,6.675306220156699,0.003874730260577053,-0.0012015034444630146,0.0017902820275850218,0,-0.0006265968689681974,0.004008057070837097,0.0017902820275850218,17_P5_1
3191,141,2026-02-09 20:45:58.670000+00:00,124266.92778665981,427056.31281945214,7.087284329768908,0.009157908367342316,-0.0016988508868962526,0.00314962950580977,0,-0.0019792324496531633,0.009101429498204474,0.00314962950580977,906_GSL_1
3192,150,2026-02-09 20:46:09.720000+00:00,124401.11393295316,426812.3153761384,9.190352572601943,0.010752323229098693,-0.006055450649000704,0.008338549358134273,0,0.001589410883701486,0.01223743071188841,0.008338549358134273,27_KW_1
3193,146,2026-02-09 20:46:14+00:00,124350.92342994348,426607.51241841324,11.379007239541,-0.0028366314654704183,0.0005530164344236255,-0.0003142736830827886,0,-5.8521992377284085e-05,-0.0028894429262485296,-0.0003142736830827886,13_P5_1
3194,122,2026-02-09 20:46:15.650000+00:00,124329.1638856877,426611.3897720455,8.078436322663773,0.014334784646052867,-0.0022668633610010147,-0.005227515778624792,0,0.0014420039476776222,0.01444109916041864,-0.005227515778624792,16_P5_1
3195,129,2026-02-09 20:46:26.620000+00:00,124898.95069477671,426720.7665320916,4.093142705650889,0.011023077924619429,-0.005970578524284065,0.0014579604052755712,0,0.011652143220966077,0.004624241905974266,0.0014579604052755712,901_GSL_1
3196,120,2026-02-09 20:46:31.480000+00:00,124329.27075895315,426611.33048684103,11.352358503211104,0.010507117985980585,-0.0006882490706630051,-0.00567266343576911,0,0.002005858165002736,0.010336815185369093,-0.00567266343576911,15_P5_1
3197,148,2026-02-09 20:46:31.910000+00:00,124351.04130972932,426607.3983303243,8.014188984503827,0.00019131465523969382,-0.00012557045556604862,-0.0012674307085553949,0,-8.216407313736694e-05,0.00021358441353718982,-0.0012674307085553949,14_P5_1
3198,149,2026-02-09 20:46:44.120000+00:00,124351.05156046485,426607.39047770866,8.020469926149449,0.010248772785416804,-0.006254756823182106,0.00824408218165118,0,0.004564099050676619,-0.01110532873803635,0.00824408218165118,14_P5_1
3199,124,2026-02-09 20:46:46.370000+00:00,124339.67118979576,426609.5888756942,6.669745493669031,0.013424072531051934,-0.001366209820844233,-0.004684702164162502,0,0.0028983881919548682,0.013178452051825012,-0.004684702164162502,17_P5_1
3200,128,2026-02-09 20:46:51.890000+00:00,124898.93281263286,426720.79021479527,4.084129501799723,-0.007488766641472466,0.020950760459527373,0.0027375707960430873,0,0.0023036213462273684,-0.02212937681761807,0.0027375707960430873,901_GSL_1
3201,147,2026-02-09 20:46:59.220000+00:00,124350.93755500313,426607.50394052814,11.379706161904842,0.011047657535527833,-0.006052211974747479,0.005486520232398817,0,0.004229595006300242,-0.011865518652476247,0.005486520232398817,13_P5_1
3202,127,2026-02-09 20:47:02.670000+00:00,124898.95318372147,426720.7725217217,4.083070965205277,0.012830297244363464,0.004350203147623688,0.00647126248877683,0,0.01348672353189226,0.0012841663360403468,0.00647126248877683,901_GSL_1
3203,154,2026-02-09 20:47:02.870000+00:00,124285.66534895972,426445.56099708733,7.894420119260538,0.0007239597180159763,-0.0028279126854613423,-0.00717988073946163,11,-0.001354412971546122,-0.002585879605165437,-0.00717988073946163,TS1-1
3204,131,2026-02-09 20:47:10.090000+00:00,124806.22294625713,426258.51061363774,4.609563673220579,0.004401760976179503,0.004329573246650398,-0.001940799551983119,0,0.0026208313228797088,-0.005590344118794494,-0.001940799551983119,903_GSL_1
3205,3,2026-02-09 20:47:10.290000+00:00,124314.9023107504,426440.79283093824,7.071771424044768,-0.0019142496021231636,-0.0013690617633983493,0.019571424044768193,11,-8.016487577811748e-05,-0.0023520746680153605,0.019571424044768193,TS2
3206,126,2026-02-09 20:47:13.810000+00:00,124339.66842135304,426609.58219171193,6.676848237622379,0.01160074889776297,-0.00629844912327826,0.006191048486921424,0,0.0035728064867574924,-0.012707591831486287,0.006191048486921424,17_P5_1
3207,121,2026-02-09 20:47:28.650000+00:00,124329.27261138392,426611.32054005994,11.360407298028043,0.013068614207440987,-0.007176432642154396,0.006107775953921646,0,0.0032515388869384823,-0.014550510562761514,0.006107775953921646,15_P5_1
3208,123,2026-02-09 20:47:43.520000+00:00,124329.16303453612,426611.382537161,8.08507522645727,0.013277923993882723,-0.007740858651231974,0.006959581403204851,0,0.003725041472678565,-0.014911345488335523,0.006959581403204851,16_P5_1
3209,4,2026-02-09 20:47:43.720000+00:00,124378.97045662139,426782.74275825924,7.758534403756994,0.0034566213871585205,-0.0006167407264001667,-0.005915596243005972,11,-0.0033224568202662535,0.001135729375876382,-0.005915596243005972,TS3
3210,68,2026-02-09 20:51:20.510000+00:00,123928.09797220824,426940.42670406256,7.141921813236401,-0.010978153615724295,-0.021030942676588893,0.023108532196174814,0,0.0034185646238952434,-0.023476239532528635,0.023108532196174814,905_GSL_1
3211,68,2026-02-09 20:51:20.630000+00:00,123928.09028551723,426940.43257899256,7.120344333090683,-0.018664844625163823,-0.015156012668740004,0.0015310520504572267,0,-0.0005591041511192778,-0.02403681649979289,0.0015310520504572267,905_GSL_1
3212,67,2026-02-09 20:51:21.940000+00:00,123855.6301105533,426533.08000004775,6.047312780469785,0.012116079160477966,-0.011102656950242817,0.0029046321322088176,0,-0.014086997857143417,-0.008463146988595927,0.0029046321322088176,904_GSL_1
3213,69,2026-02-09 20:51:36.300000+00:00,124266.93418645515,427056.3159805419,7.078754643829876,-0.008410741502302699,0.0011421578819863498,-0.011746727097556864,0,0.0017921000651781357,-0.008296594156780787,-0.011746727097556864,906_GSL_1
3214,69,2026-02-09 20:51:37.810000+00:00,124266.92975755582,427056.3085139515,7.112159776638374,-0.0128396408399567,-0.006324432557448745,0.021658405710941686,0,-0.00098671824758209,-0.014278697810819103,0.021658405710941686,906_GSL_1
3215,68,2026-02-09 20:51:38.810000+00:00,123928.09722030515,426940.42665323336,7.128329467524336,-0.011730056707165204,-0.02108177187619731,0.009516186484109568,0,-0.01021829999750008,-0.02185455744128499,0.009516186484109568,905_GSL_1
3216,66,2026-02-09 20:51:54.750000+00:00,124898.93612014342,426720.7830861542,4.084292198836595,-0.0014855202607577667,0.008880999404937029,0.002005668432830454,0,0.0024995789367431073,-0.008650492819175327,0.002005668432830454,901_GSL_1
3217,66,2026-02-09 20:51:55.010000+00:00,124898.95051088104,426720.7654205723,4.092991071582737,0.01290521735791117,-0.008784582489170134,0.010704541178972349,0,0.013854026855164028,0.007195794915112588,0.010704541178972349,901_GSL_1
3218,69,2026-02-09 20:51:55.770000+00:00,124266.9270480702,427056.31294878223,7.088768079665767,-0.015549126459518448,-0.0018896018154919147,-0.0017332912616652152,0,-0.001411905629435279,-0.015599758048404983,-0.0017332912616652152,906_GSL_1
3219,71,2026-02-09 20:52:13.130000+00:00,124806.22242026003,426258.5086057557,4.61069822582717,-0.005341675452655181,-0.006500376388430595,0.019194562677902205,0,-0.0027471092585316156,0.007952470091390147,0.019194562677902205,903_GSL_1
3220,66,2026-02-09 20:52:13.660000+00:00,124898.95336941347,426720.7716984441,4.079951800598571,0.01576374979049433,-0.002506710705347359,-0.0023347298051934473,0,0.013355561070545575,0.008741189536243945,-0.0023347298051934473,901_GSL_1
3221,149,2026-02-09 20:52:31.620000+00:00,124351.05123614924,426607.39052900166,8.020222058404194,0.009924457175657153,-0.006203463824931532,0.007996214436396087,0,0.00456447895066801,-0.010776982210600312,0.007996214436396087,14_P5_1
3222,147,2026-02-09 20:52:47.200000+00:00,124350.93732748785,426607.50403583323,11.380105740756203,0.010820142255397514,-0.005956906883511692,0.0058860990837601435,0,0.004171455980982071,-0.01162579773798756,0.0058860990837601435,13_P5_1
3223,164,2026-02-09 20:52:49.780000+00:00,124091.07209934913,427154.20454265946,9.83565191446888,-0.023229102240293287,0.00981171801686287,0.02101838283948254,0,0.015612328146006937,-0.019801924431575572,0.02101838283948254,907_GSL_1
3224,102,2026-02-09 20:52:55.220000+00:00,124282.3975251142,426301.7922924244,6.904270408662282,0.004236168373608962,-0.00126544019440189,0.0009724248955462755,0,0.000267403038760293,-0.004413043959676184,0.0009724248955462755,02_P1_0
3225,126,2026-02-09 20:53:04.010000+00:00,124339.66820220789,426609.5820852419,6.677231699300729,0.01138160374830477,-0.006404919142369181,0.006574510165271441,0,0.003725166879557573,-0.012517468786586194,0.006574510165271441,17_P5_1
3226,122,2026-02-09 20:53:06.280000+00:00,124329.16504850333,426611.38941480924,8.078974768153612,0.015497600281378254,-0.0026240996085107327,-0.004689070288785402,0,0.001391290669527051,0.0156564946111717,-0.004689070288785402,16_P5_1
3227,103,2026-02-09 20:53:08.530000+00:00,124282.31633129134,426301.7960734509,9.29962603552983,0.004612884178641252,-0.0013707023463211954,0.00167454973871628,0,0.00028140000545949615,-0.00480399202795931,0.00167454973871628,01_P1_0
3228,121,2026-02-09 20:53:18.590000+00:00,124329.27292243027,426611.3204459352,11.360220224270652,0.01337966056598816,-0.007270557398442179,0.005920702196529959,0,0.003255282974639931,-0.014875464849883528,0.005920702196529959,15_P5_1
3229,120,2026-02-09 20:53:21.280000+00:00,124329.27086459428,426611.33035465697,11.35240556936916,0.010612759113428183,-0.0008204331388697028,-0.005625597277711947,0,0.0019048778466359889,0.01047259313276344,-0.005625597277711947,15_P5_1
3230,100,2026-02-09 20:53:21.780000+00:00,124292.48729069896,426345.9291133409,7.5880621274254745,0.0035674256505444646,-0.0011216388083994389,-0.0004374415436236845,0,0.0002710083093864418,-0.0037297659289711213,-0.0004374415436236845,06_P2_0
3231,123,2026-02-09 20:53:34.790000+00:00,124329.16381224409,426611.38231048686,8.084770351691702,0.014055631967494264,-0.007967532787006348,0.006654706637636565,0,0.0037255224758181143,-0.01572141377229929,0.006654706637636565,16_P5_1
3232,101,2026-02-09 20:53:34.920000+00:00,124292.40826740378,426345.8820545854,10.216287029611744,0.0029485329432645813,-0.001338940521236509,0.000668532011459888,0,0.0006227025858031583,-0.003177868739668089,0.000668532011459888,05_P2_0
3233,124,2026-02-09 20:53:36.090000+00:00,124339.67195176295,426609.58868209773,6.670362542266319,0.014186039727064781,-0.001559806289151311,-0.004067653566874441,0,0.0029526708064107187,0.013962752375749779,-0.004067653566874441,17_P5_1
3234,98,2026-02-09 20:53:47.730000+00:00,124302.66361886535,426390.0769910287,7.9811553968802995,0.0027732317976187915,-0.0009209798881784081,0.002104601749429058,0,0.00024443666650414604,-0.0029119184868092386,0.002104601749429058,10_P3_0
3235,118,2026-02-09 20:53:50.940000+00:00,124372.27100964026,426775.1077163224,6.17439933793779,0.010982278268784285,-0.004948176385369152,0.008867268947428286,0,-0.0035507954710281373,-0.01151028831249081,0.008867268947428286,22_P6_1
3236,170,2026-02-09 20:53:51.260000+00:00,124669.39598390904,426931.30261502595,13.788320181811589,0.007937092566862702,0.004118054232094437,0.002130051140200706,0,0.008151438470359871,0.0036755761367920515,0.002130051140200706,908_GSL_1
3237,99,2026-02-09 20:54:00.930000+00:00,124302.54052289884,426390.1339372693,11.089329510512467,0.002442607670673169,-0.0008790227002464235,0.0015743077631000801,0,0.0002746744765979595,-0.0025813885938164283,0.0015743077631000801,09_P3_0
3238,92,2026-02-09 20:54:08.340000+00:00,124278.33017265782,426395.6352799913,11.09470839091923,0.016196855242014863,-0.0030106338672339916,-0.0070805923079895194,0,0.0006141407040593104,-0.01646283290351142,-0.0070805923079895194,11_P3_0
3239,74,2026-02-09 20:54:08.720000+00:00,124369.35735829381,426785.7205602999,7.238562203743675,0.011045084509532899,-0.005905996833462268,0.00850836898660301,0,-0.012299444030271599,-0.0023660868466322737,0.00850836898660301,21_P6_1
3240,166,2026-02-09 20:54:18.080000+00:00,124091.05836784693,427154.2058092764,9.828195536740653,-0.013912988768424839,0.016781296813860536,-0.0016580823221516994,0,0.020176762834932388,-0.00825114663111089,-0.0016580823221516994,907_GSL_1
3241,93,2026-02-09 20:54:21.360000+00:00,124278.28395852892,426395.78832910716,7.941509246135817,0.015834949241252616,-0.003020995354745537,-0.007216274143700296,0,0.0006555465866371476,-0.016107212331101534,-0.007216274143700296,12_P3_0
3242,73,2026-02-09 20:54:24.420000+00:00,124369.50056780591,426785.6881122411,11.414646499331209,0.011228241477510892,-0.008354413090273738,0.008591883268133316,0,-0.013206639965497173,-0.004631877112139961,0.008591883268133316,20_P6_1
3243,125,2026-02-09 20:54:33.060000+00:00,124339.65941190234,426609.59042319877,6.674776851219903,0.0015463387098861858,-0.0008106476743705571,0.0012609130907890176,0,-0.0005777081176993869,0.0016475941212565361,0.0012609130907890176,17_P5_1
3244,94,2026-02-09 20:54:34.940000+00:00,124268.23969623102,426351.553154458,10.20711757422545,0.015473731924430467,-0.0028185624978505075,-0.007376365065510981,0,-5.384738450339522e-05,-0.015728247667258107,-0.007376365065510981,07_P2_0
3245,146,2026-02-09 20:54:48.100000+00:00,124350.92656311246,426607.51168555015,11.379190310687848,0.00029653751698788255,-0.00017984665464609861,-0.0001312025362345537,0,-0.00011316480544794918,0.0003278308176127736,-0.0001312025362345537,13_P5_1
3246,95,2026-02-09 20:54:48.860000+00:00,124268.12529753147,426351.5462404975,7.186893979198148,0.015749629237689078,-0.002950512513052672,-0.006776879046972439,0,6.831827530651168e-06,-0.016023616899454494,-0.006776879046972439,08_P2_0
3247,152,2026-02-09 20:54:49.020000+00:00,124370.28435256072,426819.49252024497,9.736751882461956,0.00858089885150548,-0.006649792951066047,0.007830931234076743,0,-0.008447979752089094,0.006817859598151641,0.007830931234076743,29_KW_1
3248,96,2026-02-09 20:55:02.980000+00:00,124258.0776809356,426307.3495429588,9.299314126519599,0.01670273917261511,-0.002866618160624057,-0.0052314816562919475,0,-0.0004620638248743169,-0.01694064616739791,-0.0052314816562919475,03_P1_0
3249,148,2026-02-09 20:55:03.070000+00:00,124351.04134891485,426607.3983098119,8.016253445045013,0.00023050018353387713,-0.00014608283527195454,0.0007970298326309688,0,-9.390418190223522e-05,0.00025622750436187755,0.0007970298326309688,14_P5_1
3250,117,2026-02-09 20:55:05.690000+00:00,124377.69152362984,426815.8996106621,7.626130585696224,0.011506485752761364,-0.00609537644777447,0.008695545523764281,0,-0.006541491090756406,0.011258850861794845,0.008695545523764281,26_KW_0
3251,97,2026-02-09 20:55:17.180000+00:00,124258.00345425474,426307.38901143876,6.832419016724808,0.015584045861032791,-0.0028412658721208572,-0.0046431738712922055,0,-0.0002766297552669555,-0.01583852117886493,-0.0046431738712922055,04_P1_0
3252,116,2026-02-09 20:55:19.230000+00:00,124377.69875910258,426815.8941717491,10.014199514305497,0.011399211012758315,-0.005889814463444054,0.009139759028373717,0,-0.0063294913312801635,0.011161069196740717,0.009139759028373717,25_KW_0
3253,168,2026-02-09 20:55:20.260000+00:00,124669.36167708077,426931.3209206208,13.794096882943077,-0.015054890580358915,0.013180048437789083,-0.007243136992151733,0,0.0018646459730408107,-0.01992201050607766,-0.007243136992151733,908_GSL_1
3254,115,2026-02-09 20:55:33.050000+00:00,124396.30082119939,426811.62802379654,7.655869512962631,0.010730439578765072,-0.005890539905522019,0.009597220189584199,0,0.0004605610441815969,0.01223228014135785,0.009597220189584199,24_KW_0
3255,114,2026-02-09 20:55:46.820000+00:00,124396.3099990625,426811.623740847,9.999384362841097,0.010978417485603131,-0.005797908816020936,0.008700285190913704,0,0.0006710990043577983,0.012397218367579068,0.008700285190913704,23_KW_0
3256,150,2026-02-09 20:56:01.820000+00:00,124401.11379570657,426812.3153480396,9.190472879322416,0.010615076636895537,-0.006083549407776445,0.008458856078606303,0,0.0014847178781542735,0.012144341819395223,0.008458856078606303,27_KW_1
3257,119,2026-02-09 20:56:17.820000+00:00,124400.8249246726,426811.3373302465,3.9927483781566537,0.010773285524919629,-0.0057986347819678485,0.00921424907047097,0,0.0019267086258882055,0.012082037916138905,0.00921424907047097,28_KW_1
3258,169,2026-02-09 20:56:34.320000+00:00,124669.38702310708,426931.30217942444,13.815937694008177,0.007945658755488694,1.9871513359248638e-05,0.0041824811352846325,0,0.0070827547111684186,0.003601176701737765,0.0041824811352846325,908_GSL_1
3259,62,2026-02-09 20:56:50.840000+00:00,124390.62179344593,426780.87505364476,7.453352700771602,0.011113232903880998,-0.004191563231870532,0.008554827189273695,0,0.011635047423680395,0.0023872200048132225,0.008554827189273695,19_P6_1
3260,72,2026-02-09 20:57:05.940000+00:00,124390.53403428644,426780.8817903538,10.995926459621371,0.010074583580717444,-0.005140577908605337,0.008841138054613396,0,0.010760804615959536,0.0034825076563371254,0.008841138054613396,18_P6_1
3261,165,2026-02-09 20:57:23.990000+00:00,124091.07223082727,427154.1997571357,9.860636758070168,-0.011549799892236479,0.0036053420626558363,0.00990126434414762,0,0.00992497177283,-0.006920354344106154,0.00990126434414762,907_GSL_1
3262,139,2026-02-09 21:00:20+00:00,123928.0978273257,426940.42619127437,7.139148213118724,0.01095740201708395,-0.004912738222628832,0.0025463823794682483,0,-0.011964924024187914,-0.0010199259303913318,0.0025463823794682483,905_GSL_1
3263,134,2026-02-09 21:00:21.160000+00:00,123855.63026624819,426533.08139254403,6.0479636356751145,0.015804106777068228,0.007094482076354325,0.002120716777334053,0,-0.014072055204201019,0.01010340186682712,0.002120716777334053,904_GSL_1
3264,138,2026-02-09 21:00:22.330000+00:00,123928.09462365606,426940.4359103961,7.114284431209802,0.008004777380847372,0.004189244064036757,-0.003651632388125492,0,-0.0015877908818805958,0.008894107423480433,-0.003651632388125492,905_GSL_1
3265,143,2026-02-09 21:00:36.850000+00:00,124266.92935241,427056.3082401115,7.111701594693682,0.009784981913981028,-0.005986764503177255,0.006159856470904224,0,-0.009248976188499786,0.006785547858353298,0.006159856470904224,906_GSL_1
3266,137,2026-02-09 21:00:37.460000+00:00,123928.09705658663,426940.4266705288,7.126957694765393,0.007657324749743566,-0.007158042280934751,0.004094003799862911,0,-0.010286654068360511,0.0020141846232575246,0.004094003799862911,905_GSL_1
3267,142,2026-02-09 21:00:39.530000+00:00,124266.94334872498,427056.31662408187,7.074242056478782,0.02385777902964037,0.0014697117148898542,-0.008558676775273888,0,-0.0003890277088127177,0.02389983954326489,-0.008558676775273888,906_GSL_1
3268,152,2026-02-09 21:00:52.520000+00:00,124370.28430717523,426819.4925529283,9.736781729026642,0.00853551336331293,-0.00661710964050144,0.007860777798763152,0,-0.00840571864812451,0.006781225728309192,0.007860777798763152,29_KW_1
3269,141,2026-02-09 21:00:53.860000+00:00,124266.92836956805,427056.3128984658,7.086909743093607,0.009740816603880376,-0.0016198372468352318,0.0027750428305095554,0,-0.0019181535562916884,0.009686488927942462,0.0027750428305095554,906_GSL_1
3270,125,2026-02-09 21:00:53.900000+00:00,124339.66217501828,426609.58995734685,6.675126626851448,0.004309454656322487,-0.001276499591767788,0.0016106887223337196,0,-0.000637724376057952,0.004449062627437873,0.0016106887223337196,17_P5_1
3271,150,2026-02-09 21:01:09.120000+00:00,124401.11386962894,426812.31535132375,9.190395536576306,0.010688999012927525,-0.006080265273340046,0.008381513332496482,0,0.0015316162308517786,0.012201576841291535,0.008381513332496482,27_KW_1
3272,146,2026-02-09 21:01:09.860000+00:00,124350.92885752993,426607.51129369606,11.378707757365532,0.002590954987681471,-0.000571700744330883,-0.000613755858550391,0,-1.1625060117039772e-05,0.0026532535399462396,-0.000613755858550391,13_P5_1
3273,122,2026-02-09 21:01:09.870000+00:00,124329.16467599607,426611.38944880816,8.079701131810708,0.015125093021197245,-0.002590100688394159,-0.0039627066316896276,0,0.0013297240847164186,0.015287540493304165,-0.0039627066316896276,16_P5_1
3274,148,2026-02-09 21:01:24.840000+00:00,124351.04342612476,426607.3978996147,8.016224509803196,0.0023077100922819227,-0.0005562800215557218,0.0007680945908141723,0,-5.447419477645151e-05,0.002373184757768626,0.0007680945908141723,14_P5_1
3275,120,2026-02-09 21:01:24.860000+00:00,124329.2702244313,426611.3305631743,11.352423778143304,0.00997259613359347,-0.0006119157769717276,-0.005607388503568345,0,0.0019437779679000353,0.009800451100504341,-0.005607388503568345,15_P5_1
3276,129,2026-02-09 21:01:25.700000+00:00,124898.95053253739,426720.76554401376,4.092050773536027,0.010860838607186452,-0.006958656362257898,0.0003660282904132117,0,0.011607965438553419,0.005624575717037984,0.0003660282904132117,901_GSL_1
3277,124,2026-02-09 21:01:39.560000+00:00,124339.67138186008,426609.5887473034,6.669597083152764,0.013616136857308447,-0.001494600612204522,-0.004833112680429075,0,0.002836467065318271,0.013401024904622796,-0.004833112680429075,17_P5_1
3278,128,2026-02-09 21:01:41.860000+00:00,124898.94227317985,426720.7702988609,4.083099038483992,0.001971780351595953,0.0010348260984756052,0.001707107480312331,0,0.0022253665094850595,-8.07880405034486e-05,0.001707107480312331,901_GSL_1
3279,149,2026-02-09 21:01:42.600000+00:00,124351.0516186459,426607.39053767343,8.019163272459167,0.010306953830877319,-0.006194792047608644,0.006937428491369246,0,0.00449572605439572,-0.01115334896023519,0.006937428491369246,14_P5_1
3280,127,2026-02-09 21:01:55.660000+00:00,124898.95334605873,426720.7716410539,4.079504018338373,0.012992634496185929,0.003469535324256867,0.002904315621872655,0,0.013274263318262735,0.0021541030326266103,0.002904315621872655,901_GSL_1
3281,154,2026-02-09 21:01:55.860000+00:00,124285.66550575197,426445.5609885204,7.894227237966736,0.0008807519625406712,-0.0028364796307869256,-0.007372762033263314,11,-0.0015089780888651266,-0.0025581879998767343,-0.007372762033263314,TS1-1
3282,147,2026-02-09 21:01:57.800000+00:00,124350.93709477146,426607.50407169544,11.379044799689925,0.010587425873382017,-0.005921044677961618,0.004825158017482067,0,0.004172834577424629,-0.011390338374790539,0.004825158017482067,13_P5_1
3283,131,2026-02-09 21:01:58.320000+00:00,124806.22126127669,426258.50596093776,4.614216421127377,0.0027167805383214727,-0.0003231267328374088,0.0027119483548148082,0,0.0026595179425512906,-0.0006420838668929776,0.0027119483548148082,903_GSL_1
3284,3,2026-02-09 21:01:58.520000+00:00,124314.9021794608,426440.7928701267,7.063073570560677,-0.0020455392077565193,-0.0013298732810653746,0.01087357056067706,11,2.516138967518494e-05,-0.0024397050023784368,0.01087357056067706,TS2
3285,126,2026-02-09 21:02:12.100000+00:00,124339.66787362641,426609.58218789625,6.676071862880704,0.011053022273699753,-0.006302264810074121,0.00541467374524629,0,0.003697833129586678,-0.012174312024296594,0.00541467374524629,17_P5_1
3286,121,2026-02-09 21:02:26.920000+00:00,124329.27248643765,426611.3205065187,11.358552510718798,0.012943667941726744,-0.0072099738754332066,0.004252988644676492,0,0.003318560965126678,-0.014439855130535468,0.004252988644676492,15_P5_1
3287,123,2026-02-09 21:02:42+00:00,124329.16349199378,426611.382424914,8.084831414569424,0.013735381653532386,-0.007853105664253235,0.0067157695153579056,0,0.003705077648864792,-0.015381949725506282,0.0067157695153579056,16_P5_1
3288,4,2026-02-09 21:02:42.200000+00:00,124378.97052670924,426782.74278030643,7.759902616803927,0.0035267092316644266,-0.0005946935270912945,-0.0045473831960727296,11,-0.00337307892110483,0.001188981491811228,-0.0045473831960727296,TS3
3289,68,2026-02-09 21:06:20.130000+00:00,123928.08818244562,426940.43085983954,7.118806898170137,-0.020767916241311468,-0.016875165689270943,-6.3828700893608925e-06,0,-0.0006311484581071164,-0.02675218147498078,-6.3828700893608925e-06,905_GSL_1
3290,68,2026-02-09 21:06:20.620000+00:00,123928.09769757089,426940.42582345323,7.139954515643277,-0.011252790965954773,-0.021911552001256496,0.02114123460305084,0,0.0033870434945376922,-0.024398142388168627,0.02114123460305084,905_GSL_1
3291,67,2026-02-09 21:06:22.090000+00:00,123855.63021541071,426533.0808836145,6.047563166442052,0.01222093656542711,-0.010219090210739523,0.0031550181044766035,0,-0.014013528418383528,-0.007576418450599399,0.0031550181044766035,904_GSL_1
3292,69,2026-02-09 21:06:35.910000+00:00,124266.9396433181,427056.31658593356,7.077704710197168,-0.0029538785602198914,0.0017475495114922523,-0.012796660730264087,0,0.001971742215185021,-0.002809192140189206,-0.012796660730264087,906_GSL_1
3293,69,2026-02-09 21:06:37.800000+00:00,124266.93003390325,427056.30862925446,7.112522282911594,-0.012563293406856246,-0.006209129584021866,0.02202091198416145,0,-0.0009847459477089642,-0.013979267035020254,0.02202091198416145,906_GSL_1
3294,68,2026-02-09 21:06:39.470000+00:00,123928.09869406205,426940.42779017205,7.125732121123172,-0.010256299807224423,-0.019944833184126765,0.006918840082946076,0,-0.010159854197805487,-0.019994134618873862,0.006918840082946076,905_GSL_1
3295,66,2026-02-09 21:06:55.110000+00:00,124898.95060914427,426720.7661370486,4.092890746658158,0.013003480591578409,-0.008068106195423752,0.010604216254393783,0,0.013866819313825855,0.0064727248662288855,0.010604216254393783,901_GSL_1
3296,66,2026-02-09 21:06:55.610000+00:00,124898.93472731073,426720.786120234,4.0798323679921715,-0.002878352956031449,0.011915079201571643,-0.0024541624115927974,0,0.0025551991281766587,-0.011988535587576381,-0.0024541624115927974,901_GSL_1
3297,69,2026-02-09 21:06:57.700000+00:00,124266.92859647024,427056.3129038792,7.085722990426364,-0.014000726412632503,-0.001934504834935069,-0.004778380501068824,0,-0.0015042685826832261,-0.014053463098785465,-0.004778380501068824,906_GSL_1
3298,66,2026-02-09 21:07:14.070000+00:00,124898.95359735227,426720.77106859646,4.0786016121650555,0.015991688589565456,-0.003136558341793716,-0.0036849182387088675,0,0.013305637527143926,0.009409150449077378,-0.0036849182387088675,901_GSL_1
3299,71,2026-02-09 21:07:16.310000+00:00,124806.2215184524,426258.50705670635,4.6163630698557245,-0.0062434830906568095,-0.008049425727222115,0.024859406706457143,0,-0.003053801527300574,0.00971846859712164,0.024859406706457143,903_GSL_1
3300,149,2026-02-09 21:07:31.220000+00:00,124351.05128910569,426607.390592285,8.020610166899962,0.009977413617889397,-0.00614018045598641,0.008384322932164068,0,0.0044936508421348515,-0.010819320710816507,0.008384322932164068,14_P5_1
3301,147,2026-02-09 21:07:46.250000+00:00,124350.93687852813,426607.50397960754,11.38026785075679,0.010371182535891421,-0.006013132573571056,0.006048209084346112,0,0.004297950089227157,-0.01119137237208345,0.006048209084346112,13_P5_1
3302,164,2026-02-09 21:07:50.750000+00:00,124091.07361805177,427154.20512669475,9.832929200595961,-0.02171039959648624,0.010395753313787282,0.018295668966564094,0,0.0157733801125988,-0.018182783544432955,0.018295668966564094,907_GSL_1
3303,102,2026-02-09 21:07:58.360000+00:00,124282.40126182385,426301.79142814537,6.903950052457281,0.007972878025611863,-0.0021297192433848977,0.0006520686905453488,0,0.00025793847543784885,-0.008248391104319512,0.0006520686905453488,02_P1_0
3304,126,2026-02-09 21:08:00.620000+00:00,124339.66842737026,426609.5821076653,6.676993881246621,0.011606766114709899,-0.006382495746947825,0.006336692111163167,0,0.003653433331251305,-0.012732073534797345,0.006336692111163167,17_P5_1
3305,122,2026-02-09 21:08:06.850000+00:00,124329.1650342802,426611.389407655,8.07875226964596,0.015483377152122557,-0.002631253853905946,-0.004911568796437393,0,0.0013807637631257086,0.01564455037094402,-0.004911568796437393,16_P5_1
3306,103,2026-02-09 21:08:12.070000+00:00,124282.31770831946,426301.7957083719,9.299619947098513,0.00598991230071988,-0.0017357813194394112,0.0016684613073998378,0,0.00032246742882277286,-0.006228001358106674,0.0016684613073998378,01_P1_0
3307,121,2026-02-09 21:08:15.220000+00:00,124329.27311736812,426611.32041097496,11.360237056384193,0.013574598415289074,-0.0073055176180787385,0.0059375343100711575,0,0.0032345514630951083,-0.015072424709946863,0.0059375343100711575,15_P5_1
3308,120,2026-02-09 21:08:22.150000+00:00,124329.27104951334,426611.33031174674,11.3515991118415,0.010797678172821179,-0.0008633433608338237,-0.0064320548053729,0,0.0019103944093311156,0.010662345374415105,-0.0064320548053729,15_P5_1
3309,100,2026-02-09 21:08:25.770000+00:00,124292.48677434475,426345.92898850184,7.588714188004025,0.0030510714423144236,-0.0012464778847061098,0.00021461903492703271,0,0.0005112686234430646,-0.0032559712004025265,0.00021461903492703271,06_P2_0
3310,123,2026-02-09 21:08:30.220000+00:00,124329.16335992528,426611.38251532405,8.084801639074316,0.013603313156636432,-0.007762695604469627,0.006685994020250163,0,0.0036551445075140142,-0.01522988806637659,0.006685994020250163,16_P5_1
3311,124,2026-02-09 21:08:36.850000+00:00,124339.6718980141,426609.5885763819,6.669458957663792,0.014132290874840692,-0.0016655221115797758,-0.004971238169400927,0,0.0028354513773821,0.01394474183202287,-0.004971238169400927,17_P5_1
3312,101,2026-02-09 21:08:40.510000+00:00,124292.40996750272,426345.8816502682,10.217596021638695,0.00464863188972231,-0.0017432576860301197,0.001977524038411005,0,0.0006239590757506534,-0.004925383322933829,0.001977524038411005,05_P2_0
3313,118,2026-02-09 21:08:46.320000+00:00,124372.2709607019,426775.1076944684,6.174398309249671,0.010933339915936813,-0.004970030393451452,0.008866240259309599,0,-0.00350203947590696,-0.01148803043773987,0.008866240259309599,22_P6_1
3314,170,2026-02-09 21:08:53.750000+00:00,124669.39566454927,426931.3030654384,13.788908161223716,0.0076177328010089695,0.004568466683849692,0.002718030552328443,0,0.008306915149329325,0.0031457751939475143,0.002718030552328443,908_GSL_1
3315,98,2026-02-09 21:08:54.120000+00:00,124302.66368926024,426390.07702352415,7.980866163651229,0.002843626687536016,-0.0008884844137355685,0.0018153685203587955,0,0.00019632841647605496,-0.002972721386945318,0.0018153685203587955,10_P3_0
3316,74,2026-02-09 21:09:03.720000+00:00,124369.35742949673,426785.72060716094,7.238516221227138,0.011116287423647009,-0.005859135766513646,0.008462386470065475,0,-0.012353553702493658,-0.0023002236706845106,0.008462386470065475,21_P6_1
3317,99,2026-02-09 21:09:07.970000+00:00,124302.5408984491,426390.13381041854,11.089492784994171,0.0028181579255033284,-0.0010058734333142638,0.0017375822448038036,0,0.0003088435817279073,-0.0029763083003865923,0.0017375822448038036,09_P3_0
3318,92,2026-02-09 21:09:11.770000+00:00,124278.33030481152,426395.6353732526,11.094836177475921,0.01632900894037448,-0.0029173725633881986,-0.006952805751298641,0,0.0005025879066098654,-0.016579957811905594,-0.006952805751298641,11_P3_0
3319,73,2026-02-09 21:09:19.020000+00:00,124369.5006597031,426785.6881340232,11.41457270156466,0.011320138670271263,-0.008332630968652666,0.008518085501584949,0,-0.013287881960746947,-0.004583718072828663,0.008518085501584949,20_P6_1
3320,166,2026-02-09 21:09:25.480000+00:00,124091.0620514297,427154.2070399579,9.826367597513485,-0.010229405990685336,0.01801197836175561,-0.003486021549319318,0,0.020248260035934832,-0.004368074741094267,-0.003486021549319318,907_GSL_1
3321,93,2026-02-09 21:09:25.580000+00:00,124278.2841045564,426395.7883611877,7.941537633842846,0.015980976721039042,-0.0029889148427173495,-0.0071878864366716755,0,0.0006023061021218399,-0.016246921439299036,-0.0071878864366716755,12_P3_0
3322,165,2026-02-09 21:09:38.020000+00:00,124091.07157139304,427154.1992074389,9.861276847064184,-0.01220923411892727,0.003055645269341767,0.010541353338163972,0,0.00989445556897757,-0.007778310534837065,0.010541353338163972,907_GSL_1
3323,94,2026-02-09 21:09:39.390000+00:00,124268.24009678804,426351.55313551525,10.207052040422198,0.015874288947088644,-0.002837505249772221,-0.007441898868762564,0,-0.00010835266797852112,-0.016125530853819587,-0.007441898868762564,07_P2_0
3324,125,2026-02-09 21:09:40.680000+00:00,124339.66051373316,426609.5902484215,6.673711465761607,0.002648169538588263,-0.000985424965620041,0.00019552763249297556,0,-0.0005907690771833201,0.002763124348526139,0.00019552763249297556,17_P5_1
3325,95,2026-02-09 21:09:52.970000+00:00,124268.1252602334,426351.54615285544,7.186758628987226,0.01571233116555959,-0.003038154565729201,-0.0069122292578942535,0,9.983441223418443e-05,-0.016003054924345235,-0.0069122292578942535,08_P2_0
3326,152,2026-02-09 21:09:54.130000+00:00,124370.28437358867,426819.4924669907,9.736758448907514,0.008601926805567928,-0.006703047198243439,0.007837497679634708,0,-0.008504646152527173,0.0068260515915521775,0.007837497679634708,29_KW_1
3327,65,2026-02-09 21:09:56.590000+00:00,124372.12347253469,426824.91931379755,5.576514390539989,-0.0008899230451788753,-0.0005689390236511827,0.05187864990209334,0,0.000780397752664951,0.0007117822606732323,0.05187864990209334,30_KW_1
3328,146,2026-02-09 21:09:58.680000+00:00,124350.92300983511,426607.5124030736,11.378729556114678,-0.003256739830248989,0.0005376767949201167,-0.0005919571094050724,0,-0.00016223790336772177,-0.003296836289601992,-0.0005919571094050724,13_P5_1
3329,96,2026-02-09 21:10:06.540000+00:00,124258.07792065962,426307.3493509574,9.299295032588303,0.016942463189479895,-0.003058619564399123,-0.0052505755875884574,0,-0.00032076184575653466,-0.017213347274859504,-0.0052505755875884574,03_P1_0
3330,117,2026-02-09 21:10:09.620000+00:00,124377.69143207846,426815.8996020886,7.626245409997604,0.01141493437171448,-0.006103949912358075,0.00881036982514427,0,-0.006546471227794937,0.011167033881330255,0.00881036982514427,26_KW_0
3331,148,2026-02-09 21:10:14.670000+00:00,124351.03504580793,426607.39961706515,8.015847543872987,-0.006072606731322594,0.0011611704248934984,0.00039112866060442286,0,-0.00015242549824031818,-0.006180747182698708,0.00039112866060442286,14_P5_1
3332,97,2026-02-09 21:10:20.380000+00:00,124258.0035752631,426307.3889960894,6.832438490530864,0.01570505421841517,-0.0028566152323037386,-0.004623700065236491,0,-0.0002853596101152465,-0.015960186354855157,-0.004623700065236491,04_P1_0
3333,116,2026-02-09 21:10:23.540000+00:00,124377.69877591643,426815.894156706,10.014349451271405,0.011416024863137864,-0.00590485759312287,0.009289695994281644,0,-0.006345178158709652,0.011177284151576209,0.009289695994281644,25_KW_0
3334,168,2026-02-09 21:10:32.280000+00:00,124669.36631071799,426931.31745984766,13.796075914434194,-0.01042125336243771,0.009719275287352502,-0.0052641055010340665,0,0.0017736597012278314,-0.014139341039090215,-0.0052641055010340665,908_GSL_1
3335,115,2026-02-09 21:10:37.240000+00:00,124396.30083672311,426811.628066359,7.655886093230299,0.01074596329999622,-0.005847977474331856,0.009613800457252353,0,0.0005050512980150202,0.012223726558277217,0.009613800457252353,24_KW_0
3336,114,2026-02-09 21:10:51.020000+00:00,124396.3100228977,426811.62371342035,9.9994697226454,0.011002252678736113,-0.005825335450936109,0.008785644995217723,0,0.0006598284026126674,0.012431762690857422,0.008785644995217723,23_KW_0
3337,150,2026-02-09 21:11:05.520000+00:00,124401.11383789153,426812.3154288004,9.190577137560439,0.010657261605956592,-0.006002788606565446,0.008563114316629594,0,0.0015746585902983187,0.01212976283020027,0.008563114316629594,27_KW_1
3338,119,2026-02-09 21:11:21.820000+00:00,124400.824993091,426811.33713187795,3.99265706405852,0.010841703915502876,-0.005997003347147256,0.009122934972337404,0,0.0018105297794645397,0.012256776691071673,0.009122934972337404,28_KW_1
3339,169,2026-02-09 21:11:37.600000+00:00,124669.38701387738,426931.3026016153,13.81658791267715,0.00793642905773595,0.0004420623881742358,0.004832699804257601,0,0.007266825628079623,0.00322111326013213,0.004832699804257601,908_GSL_1
3340,62,2026-02-09 21:11:53.840000+00:00,124390.6216119696,426780.8751992928,7.453345956866271,0.010931756580248475,-0.004045915207825601,0.008548083283942631,0,0.011432879766147938,0.002272001771901894,0.008548083283942631,19_P6_1
3341,72,2026-02-09 21:12:08.140000+00:00,124390.53402566967,426780.88172460475,10.99591202963126,0.01006596680963412,-0.005206326954066753,0.008826708064502142,0,0.010762694997768765,0.003548791984647859,0.008826708064502142,18_P6_1
3342,134,2026-02-09 21:15:19.980000+00:00,123855.63028885316,426533.08151788666,6.048643399317644,0.015826711751287803,0.007219824707135558,0.0028004804198635824,0,-0.014069212447260702,0.010230734811046619,0.0028004804198635824,904_GSL_1
3343,139,2026-02-09 21:15:20.390000+00:00,123928.0979796328,426940.42708063,7.139022037681935,0.011109709113952704,-0.0040233826148323715,0.0024202069426788597,0,-0.01181508802617786,-0.00013015066518335086,0.0024202069426788597,905_GSL_1
3344,138,2026-02-09 21:15:20.720000+00:00,123928.08985616517,426940.4323455799,7.116994077961722,0.003237286495277658,0.0006244278629310429,-0.0009419856362056223,0,-0.0014880351737295945,0.0029420546103455097,-0.0009419856362056223,905_GSL_1
3345,137,2026-02-09 21:15:35.880000+00:00,123928.09747766648,426940.42703681806,7.127177352474834,0.008078404600382783,-0.0067917529959231615,0.004313661509304012,0,-0.01023638341644637,0.0025700163806129093,0.004313661509304012,905_GSL_1
3346,143,2026-02-09 21:15:36.690000+00:00,124266.92982622501,427056.3086513581,7.11214465255737,0.01025879691587761,-0.005575517890974879,0.006602914334592036,0,-0.00904801526524338,0.007379887104402322,0.006602914334592036,906_GSL_1
3347,142,2026-02-09 21:15:41.440000+00:00,124266.9429048361,427056.3168404305,7.070056075569933,0.023413890157826245,0.0016860603354871273,-0.012744657684122807,0,-0.00013883325206169903,0.02347410865412737,-0.012744657684122807,906_GSL_1
3348,141,2026-02-09 21:15:52.170000+00:00,124266.93013139699,427056.31325197493,7.086358390658246,0.011502645545988344,-0.001266328094061464,0.002223690395148026,0,-0.001618905904841257,0.011458341287888266,0.002223690395148026,906_GSL_1
3349,152,2026-02-09 21:15:52.490000+00:00,124370.28441092583,426819.49253127014,9.736684048119734,0.008639263964141719,-0.006638767779804766,0.00776309689185517,0,-0.00845069899111235,0.006877194634289791,0.00776309689185517,29_KW_1
3350,125,2026-02-09 21:15:55.940000+00:00,124339.66175192712,426609.59002144047,6.676056508921366,0.003886363498168066,-0.0012124059721827507,0.002540570792252339,0,-0.000635696137921221,0.004021149077255103,0.002540570792252339,17_P5_1
3351,122,2026-02-09 21:16:07.770000+00:00,124329.16457772745,426611.38947460515,8.07967685628061,0.01502682440332137,-0.0025643036933615804,-0.003986982161787722,0,0.0013297606302706336,0.015185942240974868,-0.003986982161787722,16_P5_1
3352,150,2026-02-09 21:16:09.020000+00:00,124401.11386328701,426812.31541852985,9.190396236931068,0.01068265708454419,-0.006013059173710644,0.00838221368725911,0,0.0015816412821531788,0.012156251637206955,0.00838221368725911,27_KW_1
3353,146,2026-02-09 21:16:16.520000+00:00,124350.92368388428,426607.51239909144,11.379186155837331,-0.0025826906639849767,0.0005336946342140436,-0.0001353573867515223,0,-2.3778497707117776e-05,-0.002637149144714954,-0.0001353573867515223,13_P5_1
3354,120,2026-02-09 21:16:24.280000+00:00,124329.27057207102,426611.3303785838,11.351933919961464,0.010320235858671367,-0.0007965062977746129,-0.006097246685408564,0,0.0018536428242703971,0.01018359949826346,-0.006097246685408564,15_P5_1
3355,129,2026-02-09 21:16:25.990000+00:00,124898.95086852637,426720.76658391266,4.093557542624426,0.011196827588719316,-0.005918757466133684,0.0018727973788124075,0,0.011818540014732764,0.004552224721449907,0.0018727973788124075,901_GSL_1
3356,148,2026-02-09 21:16:34.120000+00:00,124351.04144678335,426607.3984273622,8.016895876684003,0.000328368681948632,-2.853252226486802e-05,0.0014394614716213283,0,4.172011507526364e-05,0.0003269549328417967,0.0014394614716213283,14_P5_1
3357,124,2026-02-09 21:16:39.080000+00:00,124339.67178052929,426609.58850593737,6.668941692209728,0.014014806060004048,-0.0017359666526317596,-0.005488503623465313,0,0.0027318130179336173,0.013855163902084456,-0.005488503623465313,17_P5_1
3358,149,2026-02-09 21:16:43.050000+00:00,124351.05111460255,426607.39056825323,8.01979525050343,0.009802910484722815,-0.006164212245494127,0.007569406535631984,0,0.004544842809016279,-0.010650773231100233,0.007569406535631984,14_P5_1
3359,128,2026-02-09 21:16:53.540000+00:00,124898.93248387688,426720.79082380043,4.0821074099174,-0.007817522622644901,0.021559765620622784,0.0007154789137207018,0,0.0022704280785693738,-0.022820655334845157,0.0007154789137207018,901_GSL_1
3360,127,2026-02-09 21:16:54.480000+00:00,124898.9540064864,426720.7707839019,4.0797863490603525,0.013653062167577446,0.0026123833376914263,0.0031866463438525727,0,0.0135258607353089,0.0032065159634424583,0.0031866463438525727,901_GSL_1
3361,154,2026-02-09 21:16:54.680000+00:00,124285.66542319847,426445.56111361756,7.894334973251446,0.0007981984672369435,-0.0027113824617117643,-0.007265026748553005,11,-0.0013998876196592094,-0.0024554083772567094,-0.007265026748553005,TS1-1
3362,147,2026-02-09 21:16:57.940000+00:00,124350.93734172735,426607.5040517536,11.379993426150904,0.010834381755557843,-0.00594098650617525,0.005773784478460442,0,0.004153484699604323,-0.011637341343359909,0.005773784478460442,13_P5_1
3363,131,2026-02-09 21:17:11.840000+00:00,124806.22935467714,426258.5271451725,4.618434817283253,0.010810180989210494,0.020861108030658215,0.006930344510690745,0,0.002878557148403076,-0.023318656694365097,0.006930344510690745,903_GSL_1
3364,3,2026-02-09 21:17:12.040000+00:00,124314.90187922995,426440.7927158361,7.047757920202608,-0.0023457700590370223,-0.0014841639203950763,-0.004442079797391862,11,6.291248461860276e-05,-0.002775143551558397,-0.004442079797391862,TS2
3365,126,2026-02-09 21:17:12.190000+00:00,124339.6680677779,426609.5821901448,6.676860112284835,0.01124717375205364,-0.0063000162481330335,0.006202923149377426,0,0.0036526414318149452,-0.012363144127050103,0.006202923149377426,17_P5_1
3366,121,2026-02-09 21:17:26.730000+00:00,124329.27267599369,426611.3204889073,11.360332889735634,0.013133223983459175,-0.007227585301734507,0.006033367661512301,0,0.003282666810739021,-0.014626813053540693,0.006033367661512301,15_P5_1
3367,123,2026-02-09 21:17:41.810000+00:00,124329.16330233394,426611.38253139803,8.084445327016152,0.013545721812988631,-0.007746621617116034,0.006329681962085942,0,0.0036557924050606002,-0.015170099136286048,0.006329681962085942,16_P5_1
3368,4,2026-02-09 21:17:42.010000+00:00,124378.97048625484,426782.7427045117,7.758805057354511,0.0034862548345699906,-0.0006704882835038006,-0.005644942645488982,11,-0.003374425661303868,0.001103076953894178,-0.005644942645488982,TS3
3369,68,2026-02-09 21:21:20.410000+00:00,123928.0979705264,426940.4269128207,7.141475203885152,-0.010979835453326814,-0.02082218450959772,0.022661922844926075,0,0.003489079204082792,-0.023279743998624654,0.022661922844926075,905_GSL_1
3370,68,2026-02-09 21:21:20.600000+00:00,123928.07700567672,426940.42239659175,7.117125903139936,-0.03194468513538595,-0.02533841348486021,-0.0016873779002901657,0,-0.0004817058886144349,-0.040770897289188625,-0.0016873779002901657,905_GSL_1
3371,67,2026-02-09 21:21:21.780000+00:00,123855.63028136939,426533.0811732935,6.0459248262662335,0.012286895245779306,-0.009929411171469837,0.001516677928657728,0,-0.01402038783041208,-0.007279404239200964,0.001516677928657728,904_GSL_1
3372,69,2026-02-09 21:21:36.630000+00:00,124266.92689577471,427056.3154921665,7.077119701748601,-0.01570142194395885,0.0006537824519909918,-0.013381669178831324,0,0.0018715817791755797,-0.015603181220527491,-0.013381669178831324,906_GSL_1
3373,69,2026-02-09 21:21:39.410000+00:00,124266.93050717472,427056.3088771944,7.112549885863459,-0.012090021933545358,-0.0059611896285787225,0.02204851493602611,0,-0.0009346606104285716,-0.013447335114616415,0.02204851493602611,906_GSL_1
3374,68,2026-02-09 21:21:39.410000+00:00,123928.09856053651,426940.4276322022,7.125862395616114,-0.010389825343736447,-0.020102803013287485,0.007049114575887749,0,-0.010209698541696462,-0.020194880919482287,0.007049114575887749,905_GSL_1
3375,66,2026-02-09 21:21:47.500000+00:00,124898.91696467121,426720.8420689058,4.129837623932865,-0.020640992472181097,0.06786375102819875,0.04755109352910036,0,-0.04523333388113097,-0.054639589858015154,0.04755109352910036,901_GSL_1
3376,69,2026-02-09 21:21:56.480000+00:00,124266.92886184319,427056.31316778215,7.090040224225112,-0.013735353466472588,-0.0016706018941476941,-0.00046114670232011434,0,-0.0012486272994856934,-0.01378012247422531,-0.00046114670232011434,906_GSL_1
3377,66,2026-02-09 21:21:56.710000+00:00,124898.95068226129,426720.76616524527,4.095640773070415,0.013076597606413998,-0.008039909531362355,0.013354242666650862,0,0.013936086132731082,0.00643607438845015,0.013354242666650862,901_GSL_1
3378,66,2026-02-09 21:21:56.860000+00:00,124898.93861587688,426720.7778461962,4.075383579637041,0.0010102131927851588,0.003641041403170675,-0.006902950766723315,0,0.0024849157920813583,-0.002846560503615712,-0.006902950766723315,901_GSL_1
3379,71,2026-02-09 21:22:04.600000+00:00,124806.19799141499,426258.57947863906,4.628956948795452,-0.029770520501188003,0.06437250698218122,0.03745328564618422,0,-0.07063221385242564,-0.006418248389384504,0.03745328564618422,903_GSL_1
3380,66,2026-02-09 21:22:12.970000+00:00,124898.95390174806,426720.77087434416,4.078280376095666,0.0162960843736073,-0.003330810635816306,-0.004006154308098253,0,0.013503816344538212,0.009711004558560237,-0.004006154308098253,901_GSL_1
3381,71,2026-02-09 21:22:14.170000+00:00,124806.22377915993,426258.5127672997,4.612731949303543,-0.003982775553595275,-0.0023388323606923223,0.02122828615427519,0,-0.0029205685029075547,0.0035781164795967847,0.02122828615427519,903_GSL_1
3382,67,2026-02-09 21:22:21.760000+00:00,123855.58982463948,426533.1502815921,6.065160998538843,-0.028169834666186944,0.05917888740077615,0.020752850201267492,0,-0.00992189847409745,0.064786080524938,0.020752850201267492,904_GSL_1
3383,149,2026-02-09 21:22:32.800000+00:00,124351.05177679597,426607.39046452363,8.020982466493054,0.010465103900060058,-0.006267941847909242,0.008756622525256219,0,0.0045430782385748525,-0.011321039473741436,0.008756622525256219,14_P5_1
3384,147,2026-02-09 21:22:47.900000+00:00,124350.93696099697,426607.5040091898,11.379886796505907,0.010453651382704265,-0.005983550334349275,0.005667154833464139,0,0.004255702455932408,-0.011268127548150002,0.005667154833464139,13_P5_1
3385,164,2026-02-09 21:22:49.370000+00:00,124091.0722572343,427154.2046418941,9.835617465209346,-0.023071217074175365,0.009910952649079263,0.020983933579948655,0,0.015666214342610417,-0.01962339847904536,0.020983933579948655,907_GSL_1
3386,110,2026-02-09 21:22:54.150000+00:00,124434.11927437848,426964.0065247357,8.790090764039922,-0.02117850538343191,0.07209689379669726,0.045717591565317406,0,0.06608762802561256,-0.03576194356234804,0.045717591565317406,35_P9_0
3387,126,2026-02-09 21:23:01.730000+00:00,124339.66874144923,426609.58209065243,6.676512221522516,0.011920845092390664,-0.006399508623871952,0.005855032387057868,0,0.0036004642553855632,-0.013042120820230003,0.005855032387057868,17_P5_1
3388,102,2026-02-09 21:23:01.810000+00:00,124282.3948779872,426301.79292086326,6.904143710690231,0.0015890413778834045,-0.0006370013579726219,0.0008457269234947162,0,0.00025835901937386037,-0.0016923574822692547,0.0008457269234947162,02_P1_0
3389,122,2026-02-09 21:23:05.290000+00:00,124329.16500491936,426611.38931189326,8.078821173670695,0.01545401630573906,-0.002727015584241599,-0.004842664771702587,0,0.0012806868060098507,0.01564043078945262,-0.004842664771702587,16_P5_1
3390,111,2026-02-09 21:23:06.570000+00:00,124434.24064346451,426964.04998086375,6.506983728888896,-0.02104729480925016,0.07191708439495414,0.04569121927412745,0,0.06585389429836619,-0.035753604746907135,0.04569121927412745,36_P9_0
3391,103,2026-02-09 21:23:15.730000+00:00,124282.3153795682,426301.796170897,9.300808023476732,0.0036611610412364826,-0.0012732562026940286,0.002856537685618221,0,0.00040380212609491563,-0.0038551556869376685,0.002856537685618221,01_P1_0
3392,121,2026-02-09 21:23:16.600000+00:00,124329.27271947198,426611.3205686026,11.359768846248366,0.013176702268538065,-0.007147889991756529,0.005469324174244505,0,0.0031940140199652215,-0.01464636775614401,0.005469324174244505,15_P5_1
3393,120,2026-02-09 21:23:21.190000+00:00,124329.27060379884,426611.3305255352,11.351926077062506,0.010351963675930165,-0.0006495548877865076,-0.006105089584366397,0,0.002003831956618275,0.010176921488822653,-0.006105089584366397,15_P5_1
3394,100,2026-02-09 21:23:29.400000+00:00,124292.48603308215,426345.9293213115,7.5893255377434246,0.002309808842255734,-0.0009136682492680848,0.000825968774326391,0,0.0003578829638219262,-0.002458033022904577,0.000825968774326391,06_P2_0
3395,123,2026-02-09 21:23:32.520000+00:00,124329.16352040893,426611.382312244,8.084688396657706,0.013763796800049022,-0.007965775672346354,0.006572751603640015,0,0.00380533048489272,-0.01544069766286261,0.006572751603640015,16_P5_1
3396,124,2026-02-09 21:23:36.050000+00:00,124339.67212973995,426609.58839402924,6.669351499742946,0.014364016722538508,-0.001847874780651182,-0.005078696090246915,0,0.0027346698998673455,0.014221856353834125,-0.005078696090246915,17_P5_1
3397,101,2026-02-09 21:23:42.950000+00:00,124292.40936695886,426345.8817847618,10.217361370646417,0.004048088027047925,-0.0016087641124613583,0.0017428730461332975,0,0.0006316182967180543,-0.004310011249581992,0.0017428730461332975,05_P2_0
3398,118,2026-02-09 21:23:48.440000+00:00,124372.27083583211,426775.1076805391,6.174345317030866,0.010808470120537095,-0.004983959719538689,0.00881324804050454,0,-0.0034090147707373187,-0.011403573962816311,0.00881324804050454,22_P6_1
3399,170,2026-02-09 21:23:51.690000+00:00,124669.39563069992,426931.30324459256,13.7868530646864,0.007583883445477113,0.0047476208419539034,0.0006629340150112739,0,0.008426515385427654,0.003008160606199068,0.0006629340150112739,908_GSL_1
3400,98,2026-02-09 21:23:55.850000+00:00,124302.66351026413,426390.07695842464,7.980572432006598,0.0026646305777831003,-0.0009535839199088514,0.0015216368757275944,0,0.0003016167123353511,-0.0028140017354659616,0.0015216368757275944,10_P3_0
3401,74,2026-02-09 21:24:05.630000+00:00,124369.35744921603,426785.72067543655,7.238542979300411,0.011136006723972969,-0.0057908601593226194,0.008489144543339044,0,-0.012352145645969932,-0.0022291713890921884,0.008489144543339044,21_P6_1
3402,99,2026-02-09 21:24:09.100000+00:00,124302.54038773588,426390.1339165032,11.08926024825474,0.002307444709003903,-0.0008997887489385903,0.001505045505373559,0,0.00032690241990155386,-0.002455006249623224,0.001505045505373559,09_P3_0
3403,92,2026-02-09 21:24:09.480000+00:00,124278.33017112584,426395.6353595497,11.094316812400743,0.016195323260035366,-0.0029310754616744816,-0.007472170826476443,0,0.0005356580637471109,-0.016449704231317218,-0.007472170826476443,11_P3_0
3404,73,2026-02-09 21:24:21.140000+00:00,124369.50058843427,426785.6881646361,11.41465263886124,0.011248869835981168,-0.00830201810458675,0.008598022798164351,0,-0.013210730379585459,-0.004575716341036777,0.008598022798164351,20_P6_1
3405,93,2026-02-09 21:24:23.230000+00:00,124278.28404094069,426395.7883202256,7.94165639615565,0.015917361015453935,-0.0030298769124783576,-0.007069124123868065,0,0.0006521919711873361,-0.016190033398167557,-0.007069124123868065,12_P3_0
3406,166,2026-02-09 21:24:26+00:00,124091.06478933322,427154.20804769127,9.8285536800934,-0.007491502474294975,0.01901971170445904,-0.0012999389694048347,0,0.0203901389753393,-0.0014540547477495998,-0.0012999389694048347,907_GSL_1
3407,94,2026-02-09 21:24:37.170000+00:00,124268.24011820405,426351.55310519534,10.208044779122408,0.015895704957074486,-0.0028678251546807587,-0.006449160168552126,0,-8.245227271485446e-05,-0.016152122424712683,-0.006449160168552126,07_P2_0
3408,125,2026-02-09 21:24:41.160000+00:00,124339.6609350509,426609.5901875929,6.674148440724443,0.003069487269385718,-0.001046253542881459,0.0006325025953293206,0,-0.0005898241333057064,0.003188809505863147,0.0006325025953293206,17_P5_1
3409,165,2026-02-09 21:24:41.310000+00:00,124091.07209416686,427154.1996241204,9.859240749985203,-0.011686460304190405,0.0034723267308436334,0.008505256259182303,0,0.009903553540015196,-0.007109854755703646,0.008505256259182303,907_GSL_1
3410,113,2026-02-09 21:24:42.100000+00:00,124414.0568886354,426875.98934680666,7.342642224588899,-0.021857815750990994,0.07224987121298909,0.045872487732808054,0,-0.06504979353576644,0.038292719420954406,0.045872487732808054,32_P7_0
3411,95,2026-02-09 21:24:50.880000+00:00,124268.12547137702,426351.54616809264,7.1862479380387025,0.015923474784358405,-0.0030229173717088997,-0.007422920206417771,0,4.6066075716488725e-05,-0.016207805420875014,-0.007422920206417771,08_P2_0
3412,112,2026-02-09 21:24:54.430000+00:00,124413.9306078148,426875.94158820977,10.707786164365668,-0.021792334344354458,0.07210811879485846,0.045647771875817256,0,-0.06483185366796866,0.03835775517786006,0.045647771875817256,31_P7_0
3413,146,2026-02-09 21:24:58.060000+00:00,124350.92956688134,426607.51092801115,11.380973316226038,0.0033003064017975703,-0.000937385659199208,0.001651803001955443,0,-0.0002192548483718645,0.0034238343317520184,0.001651803001955443,13_P5_1
3414,152,2026-02-09 21:24:59.120000+00:00,124370.28441683557,426819.49257196847,9.73691027548362,0.008645173700642772,-0.006598069448955357,0.007989324255740726,0,-0.008412457330254296,0.0068923225718312275,0.007989324255740726,29_KW_1
3415,96,2026-02-09 21:25:04.390000+00:00,124258.07803029213,426307.3494325193,9.299439422824705,0.01705209570354782,-0.0029770576511509717,-0.005106185351186454,0,-0.00042222620369560275,-0.017304871140061788,-0.005106185351186454,03_P1_0
3416,148,2026-02-09 21:25:13.040000+00:00,124351.0457032608,426607.39740718,8.015963100874654,0.004584846130455844,-0.0010487147374078631,0.0005066856622715221,0,-5.303467040869941e-05,0.00470295693836835,0.0005066856622715221,14_P5_1
3417,117,2026-02-09 21:25:13.220000+00:00,124377.69146545795,426815.8996033444,7.62623528486654,0.011448313860455528,-0.006102694140281528,0.008800244694080028,0,-0.006546524141528441,0.011200436941553215,0.008800244694080028,26_KW_0
3418,97,2026-02-09 21:25:19.030000+00:00,124258.00346943023,426307.3889647629,6.832639377097816,0.015599221354932524,-0.002887941722292453,-0.004422813498283773,0,-0.0002338462498016444,-0.01586257325288032,-0.004422813498283773,04_P1_0
3419,116,2026-02-09 21:25:26.920000+00:00,124377.69888395203,426815.8941698878,10.014216825657995,0.011524060464580543,-0.005891675769817084,0.00915707038087099,0,-0.006336215753757273,0.01128575132145823,0.00915707038087099,25_KW_0
3420,168,2026-02-09 21:25:30.420000+00:00,124669.36638287854,426931.3173994575,13.792191030384284,-0.010349092815886252,0.009658885130193084,-0.009148989550944009,0,0.0017669785892922977,-0.014045482217961622,-0.009148989550944009,908_GSL_1
3421,115,2026-02-09 21:25:42.330000+00:00,124396.30086041028,426811.6281103578,7.655859732010654,0.010769650471047498,-0.005803978652693331,0.009587439237607853,0,0.0005549686431432758,0.012221438101736686,0.009587439237607853,24_KW_0
3422,114,2026-02-09 21:25:55.920000+00:00,124396.30987555436,426811.623680518,9.999526832538418,0.010854909342015162,-0.005858237796928734,0.00884275488823505,0,0.0005558566513729782,0.012322298092963702,0.00884275488823505,23_KW_0
3423,150,2026-02-09 21:26:11.120000+00:00,124401.11380642848,426812.31550892146,9.190699685170076,0.010625798546243459,-0.005922667565755546,0.008685661926266519,0,0.0016199830239092892,0.012056584957692127,0.008685661926266519,27_KW_1
3424,119,2026-02-09 21:26:26.220000+00:00,124400.82494221955,426811.33723674767,3.9926779812202433,0.010790832471684553,-0.005892133631277829,0.009143852134060548,0,0.0018630296460379226,0.01215271264774992,0.009143852134060548,28_KW_1
3425,169,2026-02-09 21:26:41.920000+00:00,124669.38738146819,426931.30200448335,13.816303099437864,0.008304019866045564,-0.00015506957424804568,0.004547886564971293,0,0.007322112066792383,0.0039201361443029275,0.004547886564971293,908_GSL_1
3426,62,2026-02-09 21:26:57.840000+00:00,124390.62179949052,426780.8751059162,7.4533398763255105,0.011119277492980473,-0.004139291821047664,0.008542002743181953,0,0.011632776168425065,0.0023346493015046336,0.008542002743181953,19_P6_1
3427,72,2026-02-09 21:27:12.020000+00:00,124390.5340609868,426780.8816811627,10.995948650311727,0.010101283944095485,-0.005249769019428641,0.008863328744968868,0,0.010804438313738843,0.003586101616129434,0.008863328744968868,18_P6_1
3428,138,2026-02-09 21:30:20+00:00,123928.09655409215,426940.4373411697,7.117707584455447,0.00993521347118076,0.005620017647743225,-0.00022847914248025347,0,-0.0016382096608846786,0.01129643015230303,-0.00022847914248025347,905_GSL_1
3429,134,2026-02-09 21:30:20.790000+00:00,123855.62984754209,426533.079549874,6.046250306852908,0.015385400678496808,0.005251812050119042,0.00040738795512762493,0,-0.01402919273718978,0.008214245856464677,0.00040738795512762493,904_GSL_1
3430,139,2026-02-09 21:30:22.220000+00:00,123928.09762913654,426940.4259258405,7.138727579505137,0.010759212847915478,-0.005178172083105892,0.002125748765880786,0,-0.011865474308560227,-0.0013359066815851605,0.002125748765880786,905_GSL_1
3431,142,2026-02-09 21:30:36.930000+00:00,124266.94691607528,427056.31700250885,7.070350628147956,0.02742512933036778,0.0018481386941857636,-0.01245010510609923,0,-0.0002890099475130067,0.027485811042619504,-0.01245010510609923,906_GSL_1
3432,137,2026-02-09 21:30:37.980000+00:00,123928.0961743418,426940.42597145773,7.127031967178193,0.006775079920771532,-0.007857113319914788,0.004168276212663358,0,-0.010336558941656374,0.0008896554953956231,0.004168276212663358,905_GSL_1
3433,143,2026-02-09 21:30:38.510000+00:00,124266.93012840119,427056.308829857,7.112439743243741,0.010560973096289672,-0.005397019034717232,0.006898005020963716,0,-0.008997374991070036,0.0077271735111696495,0.006898005020963716,906_GSL_1
3434,125,2026-02-09 21:30:51.530000+00:00,124339.66231340086,426609.5900387645,6.6754203218247135,0.004447837229236029,-0.00119508191710338,0.0019043836955994209,0,-0.0005370900419821766,0.004574167803346212,0.0019043836955994209,17_P5_1
3435,152,2026-02-09 21:30:53.930000+00:00,124370.28433394617,426819.4926293146,9.736435329967021,0.008562284303479828,-0.00654072331963107,0.007514378739141847,0,-0.008337555792571831,0.006824876368355301,0.007514378739141847,29_KW_1
3436,141,2026-02-09 21:30:54.880000+00:00,124266.92963763585,427056.31313663203,7.086253203638867,0.011008884408511221,-0.0013816709979437292,0.00211850337576891,0,-0.0017190340878629712,0.010961271480594092,0.00211850337576891,906_GSL_1
3437,146,2026-02-09 21:31:06.810000+00:00,124350.92828778746,426607.5113270032,11.38019388664597,0.0020212125236866996,-0.000538393622264266,0.0008723734218865076,0,-9.939249645586975e-05,0.002089327377423429,0.0008723734218865076,13_P5_1
3438,122,2026-02-09 21:31:10.800000+00:00,124329.16433286305,426611.38948717894,8.079630177690753,0.014781959995161742,-0.002551729907281697,-0.0040336607516451295,0,0.0012798347264412599,0.014945892074121003,-0.0040336607516451295,16_P5_1
3439,150,2026-02-09 21:31:11.530000+00:00,124401.11391075705,426812.3154477074,9.190350586536645,0.010730127120041288,-0.005983881594147533,0.008336563292836274,0,0.0016334358334864213,0.012176795732987628,0.008336563292836274,27_KW_1
3440,148,2026-02-09 21:31:21.930000+00:00,124351.04415770306,426607.3976390285,8.016150443868488,0.0030392883927561343,-0.0008168662316165864,0.0006940286561061271,0,-0.0001540663314750278,0.003143375246483225,0.0006940286561061271,14_P5_1
3441,120,2026-02-09 21:31:26.730000+00:00,124329.27001788869,426611.3305721745,11.352117801277224,0.009766053524799645,-0.0006029155920259655,-0.005913365369648815,0,0.0018999678482662125,0.00959840772398809,-0.005913365369648815,15_P5_1
3442,129,2026-02-09 21:31:28.620000+00:00,124898.95066412337,426720.7666380902,4.092219980215491,0.010992424591677263,-0.005864579929038882,0.0005352349698775072,0,0.01160916218631414,0.004522615336246344,0.0005352349698775072,901_GSL_1
3443,128,2026-02-09 21:31:39.930000+00:00,124898.94044290698,426720.773944631,4.056019921012597,0.00014150748029351234,0.0046805961756035686,-0.025372009991082578,0,0.002150920235378183,-0.004159512840116548,-0.025372009991082578,901_GSL_1
3444,124,2026-02-09 21:31:41.970000+00:00,124339.67159089925,426609.58867523033,6.669156606086267,0.013825176021782681,-0.0015666736871935427,-0.00527358974692671,0,0.002833347645404865,0.013622118028988668,-0.00527358974692671,17_P5_1
3445,149,2026-02-09 21:31:45.900000+00:00,124351.05151377337,426607.3905553952,8.019858132415441,0.010202081306488253,-0.006177070259582251,0.0076322884476436315,0,0.00449472765142139,-0.011046994311375404,0.0076322884476436315,14_P5_1
3446,131,2026-02-09 21:31:57.290000+00:00,124806.22224080666,426258.50869004155,4.607555682263779,0.003696310508530587,0.0024059770512394607,-0.003948790508783162,0,0.0026285584851676626,-0.003541485173852583,-0.003948790508783162,903_GSL_1
3447,3,2026-02-09 21:31:57.490000+00:00,124314.90214889761,426440.7928300283,7.075600828308163,-0.002076102391583845,-0.0013699717237614095,0.023400828308163035,11,8.692690320013244e-06,-0.0024873576544962262,0.023400828308163035,TS2
3448,127,2026-02-09 21:31:57.710000+00:00,124898.95343681064,426720.7716776808,4.079114021682017,0.013083386409562081,0.003506162203848362,0.002514318965516793,0,0.013372056221217652,0.002157842848356392,0.002514318965516793,901_GSL_1
3449,154,2026-02-09 21:31:57.910000+00:00,124285.66546120404,426445.5610677963,7.894954827810107,0.0008362040389329195,-0.0027572037070058286,-0.006645172189892357,11,-0.001447405437784147,-0.0024912701530197994,-0.006645172189892357,TS1-1
3450,147,2026-02-09 21:32:00.710000+00:00,124350.93692581759,426607.5040666424,11.37994376423342,0.010418471996672451,-0.005926097743213177,0.005724122560977207,0,0.004204533799675562,-0.011224307940133776,0.005724122560977207,13_P5_1
3451,126,2026-02-09 21:32:15.220000+00:00,124339.66817166426,426609.58232028544,6.676874943471692,0.01135106012225151,-0.006169875618070364,0.006217754336233838,0,0.003502724751063753,-0.012435628265580834,0.006217754336233838,17_P5_1
3452,121,2026-02-09 21:32:30.800000+00:00,124329.27305014011,426611.32054685807,11.36082058732364,0.013507370400475338,-0.007169634511228651,0.006521065249518898,0,0.0031227769648890873,-0.014970002611482614,0.006521065249518898,15_P5_1
3453,123,2026-02-09 21:32:46.020000+00:00,124329.16329610646,426611.38242884236,8.084324998990937,0.013539494335418567,-0.007849177287425846,0.006209353936871054,0,0.0037560072527508554,-0.01519275815859504,0.006209353936871054,16_P5_1
3454,4,2026-02-09 21:32:46.220000+00:00,124378.97050666368,426782.74267815874,7.758654595242233,0.0035066636773990467,-0.0006968412199057639,-0.005795404757766853,11,-0.0034050491794241963,0.0010899164728786171,-0.005795404757766853,TS3
3455,68,2026-02-09 21:36:19.920000+00:00,123928.09811740388,426940.42717194365,7.139097326249159,-0.010832957981619984,-0.020563061581924558,0.02028404520893279,0,0.0034359950685393754,-0.022986657393856524,0.02028404520893279,905_GSL_1
3456,67,2026-02-09 21:36:20.970000+00:00,123855.62999253611,426533.08057277947,6.049094086880553,0.011998061963822693,-0.010529925231821835,0.004685938542976942,0,-0.013857124969157447,-0.007925459221057174,0.004685938542976942,904_GSL_1
3457,68,2026-02-09 21:36:21.410000+00:00,123928.08985791678,426940.43215652264,7.121841966166925,-0.01909244507260155,-0.01557848259108141,0.00302868512669896,0,-0.0006314205074341975,-0.024633552054742842,0.00302868512669896,905_GSL_1
3458,69,2026-02-09 21:36:37.040000+00:00,124266.9419081257,427056.316762351,7.07893504188302,-0.0006890709628351033,0.0019239669782109559,-0.011566329044412349,0,0.001971683488032909,-0.0005375239046657133,-0.011566329044412349,906_GSL_1
3459,68,2026-02-09 21:36:37.280000+00:00,123928.09738586891,426940.42690904444,7.127337136687842,-0.011564492946490645,-0.02082596078980714,0.008523855647616152,0,-0.010107912686103622,-0.021570541046949235,0.008523855647616152,905_GSL_1
3460,69,2026-02-09 21:36:37.720000+00:00,124266.92965174,427056.3084733494,7.11278424883712,-0.0129454566485947,-0.006365034671034664,0.02228287790968775,0,-0.0009841897617089892,-0.014392007668044972,0.02228287790968775,906_GSL_1
3461,69,2026-02-09 21:36:53.480000+00:00,124266.92934679451,427056.3131786587,7.086965881112058,-0.013250402145786211,-0.0016597253270447254,-0.0035354898153743264,0,-0.0012526266799981394,-0.013295065685691304,-0.0035354898153743264,906_GSL_1
3462,66,2026-02-09 21:36:53.850000+00:00,124898.94644085836,426720.76148181385,4.082404959271716,0.008835194676066749,-0.012723340943921357,0.0001184288679514367,0,0.002466904418576433,0.015292431210532611,0.0001184288679514367,901_GSL_1
3463,66,2026-02-09 21:36:54.920000+00:00,124898.95059380277,426720.76632708486,4.09464315071558,0.012988139089429751,-0.007878069940488786,0.012356620311815725,0,0.013829098665562315,0.006285839092098099,0.012356620311815725,901_GSL_1
3464,66,2026-02-09 21:37:09.570000+00:00,124898.95292978337,426720.7727967998,4.078338763939238,0.01532411968219094,-0.0014083550195209682,-0.003947766464526659,0,0.013404173445393797,0.007559116492085662,-0.003947766464526659,901_GSL_1
3465,71,2026-02-09 21:37:11.030000+00:00,124806.21787950206,426258.496940534,4.617934492483319,-0.009882433427264914,-0.018165598099585623,0.02643082933405161,0,-0.002946827901664466,0.020468699276650765,0.02643082933405161,903_GSL_1
3466,149,2026-02-09 21:37:31.920000+00:00,124351.0513493479,426607.39058213367,8.020231975332717,0.010037655825726688,-0.006150331813842058,0.0080061313649189,0,0.004494196097204164,-0.010880409796325574,0.0080061313649189,14_P5_1
3467,164,2026-02-09 21:37:47.050000+00:00,124091.07250188895,427154.20466673304,9.832161043084803,-0.02282656241732184,0.009935791604220867,0.01752751145540543,0,0.015625384657867034,-0.019380899382848288,0.01752751145540543,907_GSL_1
3468,147,2026-02-09 21:37:47.120000+00:00,124350.93709641162,426607.5039933512,11.380169344356595,0.010589066034299321,-0.005999388929922134,0.0059497026841519585,0,0.004249934352773068,-0.011404343251952002,0.0059497026841519585,13_P5_1
3469,102,2026-02-09 21:37:52.030000+00:00,124282.39632946125,426301.79253006727,6.9041241377137785,0.0030405154248001054,-0.0010277973487973213,0.0008261539470426627,0,0.00030831372064981917,-0.0031946899831284464,0.0008261539470426627,02_P1_0
3470,126,2026-02-09 21:38:01.230000+00:00,124339.66863290372,426609.5821111658,6.677170830037941,0.011812299577286467,-0.006378995254635811,0.0065136409024830755,0,0.0036045000099170967,-0.012931727705172882,0.0065136409024830755,17_P5_1
3471,122,2026-02-09 21:38:02.900000+00:00,124329.16499602511,426611.38931380975,8.079177604006672,0.01544512205873616,-0.002725099097006023,-0.004486234435725933,0,0.0012802854003621288,0.015631341266551024,-0.004486234435725933,16_P5_1
3472,103,2026-02-09 21:38:05.490000+00:00,124282.31533391602,426301.7963575695,9.298990223999521,0.0036155088600935414,-0.0010865837102755904,0.001038738208407608,0,0.00023248156138456523,-0.0037680924617725826,0.001038738208407608,01_P1_0
3473,121,2026-02-09 21:38:16.050000+00:00,124329.27268550625,426611.3205414336,11.360486049900205,0.013142736541340128,-0.007175058999564499,0.006186527826082866,0,0.0032295699126140666,-0.01462131572813632,0.006186527826082866,15_P5_1
3474,120,2026-02-09 21:38:17.980000+00:00,124329.27118496317,426611.3303164724,11.352142688098503,0.010933128010947257,-0.0008586177136749029,-0.005888478548369491,0,0.0019494035844319245,0.010792142426182108,-0.005888478548369491,15_P5_1
3475,100,2026-02-09 21:38:19.050000+00:00,124292.48688763178,426345.92891057493,7.588753017965936,0.0031643584661651403,-0.0013244047877378762,0.00025344899683776845,0,0.0005610485469578182,-0.003384144954361519,0.00025344899683776845,06_P2_0
3476,123,2026-02-09 21:38:31.040000+00:00,124329.1638612258,426611.3822659484,8.085070508076042,0.014104613670497201,-0.008012071251869202,0.00695486302197601,0,0.003754610936674753,-0.015780884298834705,0.00695486302197601,16_P5_1
3477,101,2026-02-09 21:38:32.390000+00:00,124292.40859351156,426345.8820970334,10.216604586968767,0.0032746407232480124,-0.001296492526307702,0.0009860893684834338,0,0.0005061768824246965,-0.0034853908964167573,0.0009860893684834338,05_P2_0
3478,124,2026-02-09 21:38:33.580000+00:00,124339.67163951158,426609.5887205335,6.670325543224786,0.013873788353521377,-0.0015213705482892692,-0.0041046526084072,0,0.002891576055329198,0.013654133423244194,-0.0041046526084072,17_P5_1
3479,98,2026-02-09 21:38:45.400000+00:00,124302.66404104949,426390.076934989,7.980669385657127,0.003195415934897028,-0.0009770195465534925,0.0016185905262569023,0,0.0001998330145785478,-0.0033354635296500975,0.0016185905262569023,10_P3_0
3480,118,2026-02-09 21:38:47.150000+00:00,124372.2708795367,426775.10770278424,6.174377548683818,0.010852174717001617,-0.00496171455597505,0.008845479693456504,0,-0.003454603115636125,-0.0114216471989263,0.008845479693456504,22_P6_1
3481,170,2026-02-09 21:38:48.970000+00:00,124669.39677986909,426931.3020580474,13.788816976058328,0.008733052614843473,0.0035610756604000926,0.0026268453869402464,0,0.00820777114350452,0.0046454236285373264,0.0026268453869402464,908_GSL_1
3482,99,2026-02-09 21:38:59.800000+00:00,124302.54250969808,426390.13342443045,11.089583245328697,0.0044294069084571674,-0.0013918615295551717,0.0018280425793300026,0,0.00030170779889486385,-0.004633130311380175,0.0018280425793300026,09_P3_0
3483,74,2026-02-09 21:39:04.420000+00:00,124369.35756704939,426785.7205474202,7.238537871939329,0.011253840086283162,-0.005918876500800252,0.008484037182256543,0,-0.01250263343629229,-0.0023165001353475743,0.008484037182256543,21_P6_1
3484,92,2026-02-09 21:39:05.700000+00:00,124278.33006438261,426395.6353540122,11.094774033884667,0.016088580028736033,-0.0029366129892878234,-0.0070149493425528675,0,0.0005567175334420579,-0.016344912626803976,-0.0070149493425528675,11_P3_0
3485,166,2026-02-09 21:39:17.330000+00:00,124091.04250022334,427154.2006954109,9.826417527130026,-0.02978061235626228,0.011667431332170963,-0.0034360919327784956,0,0.020047671059949587,-0.0249219724595977,-0.0034360919327784956,907_GSL_1
3486,93,2026-02-09 21:39:19.190000+00:00,124278.2840904641,426395.7883634017,7.941644161961168,0.015966884428053163,-0.002986700797919184,-0.007081358318349551,0,0.0006021920096607264,-0.016232656738149748,-0.007081358318349551,12_P3_0
3487,73,2026-02-09 21:39:20.130000+00:00,124369.50065159799,426785.68811164197,11.414569754970548,0.011312033559079282,-0.00835501222172752,0.00851513890747313,0,-0.01328680921025395,-0.004607497528731075,0.00851513890747313,20_P6_1
3488,94,2026-02-09 21:39:32.950000+00:00,124268.23980434127,426351.55315187643,10.207577388101829,0.015581842177198268,-0.0028211440658196807,-0.006916551189132036,0,-7.104688509009527e-05,-0.015835012213930983,-0.006916551189132036,07_P2_0
3489,125,2026-02-09 21:39:34.260000+00:00,124339.65791932555,426609.59073722473,6.677018949698582,5.376191984396428e-05,-0.0004966217093169689,0.003503011569468306,0,-0.0004835661141536864,0.00012524886998500518,0.003503011569468306,17_P5_1
3490,95,2026-02-09 21:39:46.800000+00:00,124268.12519753477,426351.5461671167,7.186415108859224,0.01564963253622409,-0.003023893281351775,-0.007255749385896237,0,9.733461419797876e-05,-0.015938803439051723,-0.007255749385896237,08_P2_0
3491,152,2026-02-09 21:39:47.420000+00:00,124370.28433158265,426819.49256447534,9.736674243367887,0.008559920781408437,-0.006605562579352409,0.007753292140007417,0,-0.0084001059261144,0.006807636976498277,0.007753292140007417,29_KW_1
3492,146,2026-02-09 21:39:51.060000+00:00,124350.92185592082,426607.5127712838,11.378091527007284,-0.004410654117236845,0.0009058869909495115,-0.0012299862167992615,0,-4.6026566638344356e-05,-0.0045024862617706425,-0.0012299862167992615,13_P5_1
3493,96,2026-02-09 21:40:00.560000+00:00,124258.0777086441,426307.3494996095,9.299718363163084,0.016730447663576342,-0.002909967442974448,-0.004827245012807069,0,-0.00042498483257088316,-0.016976312244858217,-0.004827245012807069,03_P1_0
3494,117,2026-02-09 21:40:02.840000+00:00,124377.69153911833,426815.899555624,7.626102784686658,0.011521974243805744,-0.006150414526928216,0.008667744514198716,0,-0.006597093714441452,0.011272171212807658,0.008667744514198716,26_KW_0
3495,148,2026-02-09 21:40:07.460000+00:00,124351.03969309705,426607.3987706995,8.01446799196234,-0.0014253176195779815,0.00031480478355661035,-0.0009884232500425583,0,5.526818161669263e-06,-0.0014596581184340995,-0.0009884232500425583,14_P5_1
3496,97,2026-02-09 21:40:14.680000+00:00,124258.00318885928,426307.38902082056,6.832658091125436,0.015318650403060019,-0.0028318840777501464,-0.00440409947066378,0,-0.00023367451497665476,-0.01557645703688859,-0.00440409947066378,04_P1_0
3497,116,2026-02-09 21:40:17.220000+00:00,124377.69875873174,426815.8941679492,10.014174092371368,0.011398840171750635,-0.005893614375963807,0.009114337094244362,0,-0.006333273909189028,0.011160550580722656,0.009114337094244362,25_KW_0
3498,168,2026-02-09 21:40:25.110000+00:00,124669.35501028139,426931.32537652116,13.796240608065599,-0.021721689961850643,0.017635948781389743,-0.005099411869629478,0,0.0015713313433543042,-0.027935450990237434,-0.005099411869629478,908_GSL_1
3499,115,2026-02-09 21:40:31.030000+00:00,124396.3008220187,426811.62813331024,7.655842832540037,0.010731258895248175,-0.005781026207841933,0.009570539766990294,0,0.0005549312059030215,0.012176708621352216,0.009570539766990294,24_KW_0
3500,114,2026-02-09 21:40:44.820000+00:00,124396.30990533334,426811.62366536976,9.999491759740488,0.010884688323130831,-0.005873386049643159,0.008807682090305136,0,0.0005581732775657253,0.012355628117261182,0.008807682090305136,23_KW_0
3501,150,2026-02-09 21:40:59.540000+00:00,124401.11380581517,426812.31533297437,9.190470216303902,0.010625185241224244,-0.006098614656366408,0.008456193060093042,0,0.0014787061834069914,0.012161459211802284,0.008456193060093042,27_KW_1
3502,119,2026-02-09 21:41:14.630000+00:00,124400.8249256157,426811.33727107133,3.992842175606323,0.010774228619993664,-0.00585780997062102,0.009308046520140056,0,0.0018802408295187933,0.012118689468371078,0.009308046520140056,28_KW_1
3503,169,2026-02-09 21:41:31.110000+00:00,124669.38714165977,426931.3022584853,13.816184179676846,0.008064211448072456,9.893235983327031e-05,0.004428966803953216,0,0.007224305895530381,0.003584787053487279,0.004428966803953216,908_GSL_1
3504,62,2026-02-09 21:41:47.130000+00:00,124390.62180080211,426780.875114286,7.453338887739345,0.011120589086203836,-0.0041309219668619335,0.008541014157016136,0,0.011632751906046044,0.0023261773390866975,0.008541014157016136,19_P6_1
3505,72,2026-02-09 21:42:01.840000+00:00,124390.53407752504,426780.8817035809,10.995902409340852,0.010117822181200609,-0.005227350804489106,0.00881708777409429,0,0.010817222791311898,0.0035613499135454794,0.00881708777409429,18_P6_1
3506,165,2026-02-09 21:42:18.320000+00:00,124091.07286126658,427154.2000790774,9.861555766673265,-0.010919360574916936,0.003927283745724708,0.010820272947244192,0,0.009793232476426364,-0.0062248365960201535,0.010820272947244192,907_GSL_1
3507,139,2026-02-09 21:45:19.720000+00:00,123928.09779182446,426940.42639321904,7.139285338085079,0.010921900771791115,-0.004710793553385884,0.002683507345823344,0,-0.01186474492383525,-0.0008410233431950652,0.002683507345823344,905_GSL_1
3508,138,2026-02-09 21:45:20.400000+00:00,123928.0865454534,426940.4298448239,7.122760450003217,-7.342526805587113e-05,-0.0018763281404972076,0.004824386405290149,0,-0.0014387060803138121,-0.0012066993723702903,0.004824386405290149,905_GSL_1
3509,134,2026-02-09 21:45:21.380000+00:00,123855.63043440116,426533.08248595026,6.048747072244916,0.015972259745467454,0.008187888306565583,0.002904153347135896,0,-0.014018802147300273,0.011208380019089413,0.002904153347135896,904_GSL_1
3510,143,2026-02-09 21:45:36.020000+00:00,124266.92961455554,427056.3085640911,7.111904676098375,0.010047127449070103,-0.0056627849116921425,0.006362937875596941,0,-0.00904853780789605,0.007150934657303329,0.006362937875596941,906_GSL_1
3511,137,2026-02-09 21:45:37.680000+00:00,123928.09752234326,426940.42713314254,7.1287154884020625,0.008123081381199881,-0.006695428513921797,0.005851797436532635,0,-0.010184475353725395,0.002662644527531461,0.005851797436532635,905_GSL_1
3512,142,2026-02-09 21:45:45.400000+00:00,124266.93552224463,427056.3162649256,7.074810051480605,0.016031298684538342,0.0011105554294772446,-0.007990681773450525,0,-0.00013880152722703227,0.016069119609078204,-0.007990681773450525,906_GSL_1
3513,152,2026-02-09 21:45:51.520000+00:00,124370.28437160568,426819.4925259215,9.736610421689207,0.008599943816079758,-0.006644116423558444,0.00768947046132773,0,-0.008446844061897808,0.006837700058024573,0.00768947046132773,29_KW_1
3514,141,2026-02-09 21:45:56.860000+00:00,124266.93006990405,427056.31314739195,7.084337014405303,0.011441152601037174,-0.001370911078993231,0.00020231414220539534,0,-0.0017215515150977782,0.011393666240837083,0.00020231414220539534,906_GSL_1
3515,125,2026-02-09 21:45:59.980000+00:00,124339.65885640596,426609.5904441136,6.675152960148553,0.000990842338069342,-0.0007897328468970954,0.0016370220194392715,0,-0.0006376127014914748,0.0010949413460435472,0.0016370220194392715,17_P5_1
3516,150,2026-02-09 21:46:08.320000+00:00,124401.11380512509,426812.3152761599,9.190363237413369,0.010624495160300285,-0.0061554291169159114,0.00834921416955936,0,0.0014327923150025206,0.012194929733569197,0.00834921416955936,27_KW_1
3517,122,2026-02-09 21:46:13.170000+00:00,124329.16482262158,426611.3894626373,8.079198400308536,0.015271718526491895,-0.0025762715376913548,-0.004465438133861355,0,0.001380280207509539,0.015425867506791046,-0.004465438133861355,16_P5_1
3518,146,2026-02-09 21:46:17.840000+00:00,124350.92071639233,426607.51296394586,11.380150296642237,-0.005550182613660581,0.0010985490516759455,0.0008287834181537335,0,-9.836580076823568e-05,-0.00565700108124062,0.0008287834181537335,13_P5_1
3519,129,2026-02-09 21:46:24.520000+00:00,124898.95074841764,426720.7659748134,4.09395976553043,0.011076718859840184,-0.006527856749016792,0.00227502028481652,0,0.01177135136112857,0.005171257252204713,0.00227502028481652,901_GSL_1
3520,120,2026-02-09 21:46:29.490000+00:00,124329.27016701439,426611.3306482443,11.351550479401666,0.009915179223753512,-0.0005268458044156432,-0.00648068724520634,0,0.00201145375171848,0.009723291590067703,-0.00648068724520634,15_P5_1
3521,148,2026-02-09 21:46:33.730000+00:00,124351.03308758684,426607.40019266546,8.016283152989974,-0.008030827826587483,0.0017367707332596183,0.0008267377775919016,0,-4.988906356519691e-06,-0.008216479980564205,0.0008267377775919016,14_P5_1
3522,149,2026-02-09 21:46:41.530000+00:00,124351.05069943353,426607.39068439463,8.019373147412498,0.009387741461978294,-0.006048070848919451,0.00714730344470027,0,0.004495478793206122,-0.010222500729778875,0.00714730344470027,14_P5_1
3523,124,2026-02-09 21:46:44.050000+00:00,124339.67183036834,426609.5886515424,6.6694932065153605,0.014064645118196495,-0.0015903616440482438,-0.004936989317832818,0,0.0028857006676086595,0.013856991885565613,-0.004936989317832818,17_P5_1
3524,128,2026-02-09 21:46:50.400000+00:00,124898.93182751545,426720.7920489115,4.079436120434021,-0.008473884052364156,0.02278487669536844,-0.0019558105696582118,0,0.002208148521934228,-0.0242091180562435,-0.0019558105696582118,901_GSL_1
3525,147,2026-02-09 21:46:58.310000+00:00,124350.93703986215,426607.5040104698,11.380560171991936,0.010532516564126126,-0.005982270289678127,0.0063405303194929985,0,0.004241970813459968,-0.011345798632538416,0.0063405303194929985,13_P5_1
3526,127,2026-02-09 21:47:00.390000+00:00,124898.95349491319,426720.7714416852,4.080242346334594,0.013141488961991854,0.0032701666350476444,0.003642643618094077,0,0.013328443190470655,0.0023969405661236056,0.003642643618094077,901_GSL_1
3527,154,2026-02-09 21:47:00.590000+00:00,124285.6655323921,426445.5609183865,7.894417373765306,0.0009073920955415815,-0.002906613517552614,-0.007182626234693679,11,-0.0015510214085639438,-0.0026203234811082473,-0.007182626234693679,TS1-1
3528,131,2026-02-09 21:47:08.170000+00:00,124806.2248310962,426258.514935543,4.61964721199794,0.00628660005168058,0.00865147850709036,0.008142739225377227,0,0.002884589087651228,-0.010297988462017238,0.008142739225377227,903_GSL_1
3529,3,2026-02-09 21:47:08.370000+00:00,124314.90263176274,426440.7929545517,7.04865961458812,-0.0015932372625684366,-0.0012454483075998724,-0.003540385411880287,11,-0.00015496806311343357,-0.002016316284999658,-0.003540385411880287,TS2
3530,126,2026-02-09 21:47:12.320000+00:00,124339.66847336029,426609.5820405656,6.677853071317987,0.011652756147668697,-0.006449595442973077,0.00719588218252909,0,0.0037086812625547073,-0.012791782147450186,0.00719588218252909,17_P5_1
3531,121,2026-02-09 21:47:26.740000+00:00,124329.2723909666,426611.32077751966,11.360222230009697,0.012848196885897778,-0.006938972917851061,0.005922707935575033,0,0.003084886118911497,-0.014272665693794238,0.005922707935575033,15_P5_1
3532,123,2026-02-09 21:47:41.920000+00:00,124329.16322666229,426611.3824471084,8.083298660506951,0.013470050165778957,-0.007830911257769912,0.0051830154528857975,0,0.003757860223318577,-0.015120975799784527,0.0051830154528857975,16_P5_1
3533,4,2026-02-09 21:47:42.120000+00:00,124378.97052081255,426782.7427369058,7.758929832428204,0.0035208125482313335,-0.0006380941485986114,-0.005520167571796186,11,-0.0033889544913394657,0.001148160527926765,-0.005520167571796186,TS3
3534,68,2026-02-09 21:51:20.540000+00:00,123928.0811830173,426940.42537731404,7.1207929759564506,-0.027767344552557915,-0.02235769119579345,0.001979694916224517,0,-0.0006818200263945829,-0.03564304841842985,0.001979694916224517,905_GSL_1
3535,67,2026-02-09 21:51:21.080000+00:00,123855.63044826836,426533.0823122134,6.0491684871673,0.012453794217435643,-0.008790491323452443,0.004760338829724375,0,-0.013956785414776084,-0.006130079037322414,0.004760338829724375,904_GSL_1
3536,68,2026-02-09 21:51:21.940000+00:00,123928.09800229255,426940.42714407877,7.138682894574581,-0.010948069306323305,-0.020590926462318748,0.01986961353435479,0,0.003535450524078668,-0.023050966654447894,0.01986961353435479,905_GSL_1
3537,69,2026-02-09 21:51:37.920000+00:00,124266.92964339496,427056.31565613125,7.077993927580994,-0.012953801691764966,0.0008177472045645118,-0.012507443346438052,0,0.0018216003577662795,-0.012851126833734532,-0.012507443346438052,906_GSL_1
3538,68,2026-02-09 21:51:39.090000+00:00,123928.09787041001,426940.4274434917,7.126857611460387,-0.011079951844294555,-0.020291513530537486,0.008044330420161394,0,-0.00995848428018309,-0.02086478960050205,0.008044330420161394,905_GSL_1
3539,69,2026-02-09 21:51:39.320000+00:00,124266.9302503846,427056.30860759906,7.111572261307772,-0.012346812058240175,-0.00623078498756513,0.021070890380339158,0,-0.00108682773270935,-0.013787140930671082,0.021070890380339158,906_GSL_1
3540,69,2026-02-09 21:51:54.970000+00:00,124266.92885257825,427056.31306312955,7.0867293719635915,-0.013744618408964016,-0.0017752544954419136,-0.00377199896384095,0,-0.0013529465802491225,-0.013792592188657337,-0.00377199896384095,906_GSL_1
3541,66,2026-02-09 21:51:55.940000+00:00,124898.95081387235,426720.76733563794,4.094524407921269,0.013208208663854748,-0.006869516859296709,0.012237877517504714,0,0.013928280343997679,0.005258330975423406,0.012237877517504714,901_GSL_1
3542,66,2026-02-09 21:52:04.400000+00:00,124898.92912516075,426720.79766587896,4.077587270837242,-0.008480502932798117,0.023460724158212543,-0.004699259566522507,0,0.0024945491895993995,-0.02482139666420091,-0.004699259566522507,901_GSL_1
3543,66,2026-02-09 21:52:12.960000+00:00,124898.95414409047,426720.76996093715,4.077774495389891,0.0165384267893387,-0.004244217649102211,-0.00451203501387365,0,0.013350934891328521,0.010643565269531325,-0.00451203501387365,901_GSL_1
3544,71,2026-02-09 21:52:22.330000+00:00,124806.22689224315,426258.5211847018,4.610771203530181,-0.0008696923323441297,0.006078569742385298,0.019267540380913495,0,-0.00292969107236867,-0.005396506748486798,0.019267540380913495,903_GSL_1
3545,149,2026-02-09 21:52:33.610000+00:00,124351.0515256724,426607.39055437717,8.020455563705733,0.010213980334810913,-0.006178088311571628,0.00822971973793507,0,0.004493860605035648,-0.011058905295190418,0.00822971973793507,14_P5_1
3546,147,2026-02-09 21:52:48.800000+00:00,124350.93752160427,426607.50390186877,11.37903387778568,0.011014258678187616,-0.00609087134944275,0.004814236113237058,0,0.004273048218175406,-0.011838651399151922,0.004814236113237058,13_P5_1
3547,164,2026-02-09 21:52:51.280000+00:00,124091.07249543213,427154.2046551078,9.835744258282517,-0.022833019233075902,0.00992416637018323,0.021110726653120082,0,0.01561588407147842,-0.01939020397281154,0.021110726653120082,907_GSL_1
3548,126,2026-02-09 21:53:03.280000+00:00,124339.6687127998,426609.581995325,6.676398313841642,0.011892195660038851,-0.00649483606684953,0.005741124706184486,0,0.003699769448303446,-0.013035295132113303,0.005741124706184486,17_P5_1
3549,102,2026-02-09 21:53:04.320000+00:00,124282.39530210348,426301.79271838034,6.904725824434792,0.0020131576602580026,-0.000839484273456037,0.001427840668056568,0,0.0003589287950207527,-0.002151443173904539,0.001427840668056568,02_P1_0
3550,122,2026-02-09 21:53:08.690000+00:00,124329.16500116872,426611.3893130708,8.078654615098198,0.01545026566600427,-0.0027258380432613194,-0.005009223344199398,0,0.0012808748367192193,0.01563650414385711,-0.005009223344199398,16_P5_1
3551,103,2026-02-09 21:53:17.770000+00:00,124282.31382912365,426301.79656658485,9.299624190139555,0.002110716493916698,-0.0008775683818385005,0.0016727043484419113,0,0.0003725245120438627,-0.0022553216778147464,0.0016727043484419113,01_P1_0
3552,121,2026-02-09 21:53:19.900000+00:00,124329.27300382007,426611.32048128266,11.359537066353191,0.013461050359182991,-0.007235209923237562,0.005237544279069084,0,0.003198660544991525,-0.014943784999915194,0.005237544279069084,15_P5_1
3553,120,2026-02-09 21:53:23.490000+00:00,124329.27019035658,426611.3305874281,11.351692432214687,0.009938521412550472,-0.0005876619834452868,-0.006338734432185689,0,0.0019585710378355638,0.009761329518270695,-0.006338734432185689,15_P5_1
3554,100,2026-02-09 21:53:31.120000+00:00,124292.48623701486,426345.92911252106,7.588196464795297,0.002513741550501436,-0.001122458663303405,-0.0003031041738008611,0,0.0005141678676165007,-0.002704522404686811,-0.0003031041738008611,06_P2_0
3555,123,2026-02-09 21:53:35.100000+00:00,124329.16384595422,426611.38221840444,8.085116381858734,0.014089342090301216,-0.008059615211095661,0.007000736804668506,0,0.003804528112680265,-0.015779496941546758,0.007000736804668506,16_P5_1
3556,124,2026-02-09 21:53:38.580000+00:00,124339.67142124748,426609.5886263876,6.669236843106102,0.013655524249770679,-0.0016155164339579642,-0.005193352727091316,0,0.002733922115859815,0.013476234850612981,-0.005193352727091316,17_P5_1
3557,101,2026-02-09 21:53:44.420000+00:00,124292.40746950578,426345.8823131444,10.21663756402327,0.002150634943973273,-0.0010803815093822777,0.0010190664229856594,0,0.0005551652381449155,-0.0023418467982362877,0.0010190664229856594,05_P2_0
3558,118,2026-02-09 21:53:51.420000+00:00,124372.27087518005,426775.1076996438,6.174411035574258,0.010847818062757142,-0.004964854975696653,0.008878966583896641,0,-0.0034493663690680905,-0.011420455914906459,0.008878966583896641,22_P6_1
3559,170,2026-02-09 21:53:54.080000+00:00,124669.39597663925,426931.3027006323,13.793394702662516,0.007929822779260576,0.004203660588245839,0.007204571991128006,0,0.00821410756775652,0.003616806397497155,0.007204571991128006,908_GSL_1
3560,98,2026-02-09 21:53:57.130000+00:00,124302.66243245342,426390.0770709329,7.978140826073006,0.0015868198679527268,-0.0008410756709054112,-0.0009099690578642239,0,0.0004451913869367563,-0.001739887986772661,-0.0009099690578642239,10_P3_0
3561,74,2026-02-09 21:54:09.020000+00:00,124369.35749351505,426785.7206502422,7.238548615500106,0.011180305751622654,-0.005816054530441761,0.008494780743033559,0,-0.012401922329846037,-0.002240100338222597,0.008494780743033559,21_P6_1
3562,99,2026-02-09 21:54:10.480000+00:00,124302.54145996568,426390.1339146379,11.091221447684934,0.003379674511961639,-0.0009016540716402233,0.003466244935566465,0,7.443201394586755e-05,-0.0034970901828532386,0.003466244935566465,09_P3_0
3563,92,2026-02-09 21:54:12.270000+00:00,124278.33015577112,426395.63535289315,11.094965918965585,0.01617996854474768,-0.002937732031568885,-0.006823064261634926,0,0.0005444846555585972,-0.01643548563499696,-0.006823064261634926,11_P3_0
3564,73,2026-02-09 21:54:24.530000+00:00,124369.50061470455,426785.6881222115,11.414610284848688,0.011275140117504634,-0.00834444270003587,0.00855566878561298,0,-0.013248442064308233,-0.004608393593456671,0.00855566878561298,20_P6_1
3565,93,2026-02-09 21:54:25.470000+00:00,124278.28409550087,426395.78831183474,7.941404422077457,0.015971921195159666,-0.0030382677796296775,-0.007321098202060838,0,0.0006524545700783372,-0.016245234402713627,-0.007321098202060838,12_P3_0
3566,166,2026-02-09 21:54:27.490000+00:00,124091.05500767051,427154.2045622368,9.82780253236498,-0.017273165183723904,0.015534257225226611,-0.002051086697823834,0,0.019992840631774183,-0.011830541258801145,-0.002051086697823834,907_GSL_1
3567,94,2026-02-09 21:54:39.900000+00:00,124268.23994508108,426351.55312867934,10.207695309088072,0.015722581985755824,-0.0028443411574698985,-0.0067986302028888446,0,-7.393452499385412e-05,-0.015977621681743017,-0.0067986302028888446,07_P2_0
3568,125,2026-02-09 21:54:42.260000+00:00,124339.66271773864,426609.59012971947,6.674807979284393,0.004852175014093518,-0.0011041269754059613,0.0012920411552785893,0,-0.0003884313821503868,0.00496103011546728,0.0012920411552785893,17_P5_1
3569,95,2026-02-09 21:54:53.500000+00:00,124268.12528638898,426351.5461486264,7.186670529818597,0.015738486748887226,-0.003042383585125208,-0.007000328426522984,0,9.91862482450867e-05,-0.016029542261465145,-0.007000328426522984,08_P2_0
3570,152,2026-02-09 21:54:54.420000+00:00,124370.28433204259,426819.492559437,9.736770084538936,0.00856038072379306,-0.0066106009180657566,0.007849133311056633,0,-0.008405114678510227,0.006806923671917552,0.007849133311056633,29_KW_1
3571,146,2026-02-09 21:54:58.160000+00:00,124350.92615744997,426607.5117479925,11.379737647699336,-0.00010912497236859053,-0.00011740432819351554,0.00041613447525357117,0,-0.00013780229364218117,-8.186918675527701e-05,0.00041613447525357117,13_P5_1
3572,96,2026-02-09 21:55:07.270000+00:00,124258.07782384909,426307.34947020665,9.29909321885148,0.016845652658957988,-0.0029393702861852944,-0.0054523893244109445,0,-0.00041872787048481496,-0.01709504542714194,-0.0054523893244109445,03_P1_0
3573,117,2026-02-09 21:55:08.960000+00:00,124377.69152243157,426815.89960476337,7.6260420786444865,0.0115052874898538,-0.00610127515392378,0.008607038472026929,0,-0.0065473383234666855,0.011257422422834564,0.008607038472026929,26_KW_0
3574,148,2026-02-09 21:55:15.160000+00:00,124351.04290117654,426607.39791134343,8.016192203677289,0.0017827618721639737,-0.0005445512942969799,0.0007357884649064061,0,-0.00015428519982178286,0.0018576792193697126,0.0007357884649064061,14_P5_1
3575,97,2026-02-09 21:55:21.910000+00:00,124258.00363247501,426307.3888297318,6.832689716153351,0.015762266135425307,-0.0030229728436097503,-0.00437247444274913,0,-0.00013348880510651606,-0.016048974399508795,-0.00437247444274913,04_P1_0
3576,116,2026-02-09 21:55:22.720000+00:00,124377.6987791381,426815.8941804204,10.014002036672142,0.011419246526202187,-0.005881143209990114,0.008942281395018625,0,-0.006321607309330737,0.011181427355629055,0.008942281395018625,25_KW_0
3577,168,2026-02-09 21:55:32.360000+00:00,124669.37524346328,426931.31085779466,13.78881951601756,-0.0014885080745443702,0.0031172222807072103,-0.01252050391766879,0,0.001654700126404507,-0.0030322761297411818,-0.01252050391766879,908_GSL_1
3578,115,2026-02-09 21:55:36.900000+00:00,124396.30087902425,426811.62815781037,7.655944967009171,0.010788264436996542,-0.005756526079494506,0.009672674236124834,0,0.0006052419756333021,0.012213022730569045,0.009672674236124834,24_KW_0
3579,114,2026-02-09 21:55:51+00:00,124396.30991047084,426811.6236687889,9.999407798977309,0.010889825818594545,-0.005869966931641102,0.008723721327125844,0,0.0005637471740778518,0.012358276872671515,0.008723721327125844,23_KW_0
3580,150,2026-02-09 21:56:06.020000+00:00,124401.11388725531,426812.31547094847,9.190233405142214,0.010706625384045765,-0.005960640555713326,0.008219381898404876,0,0.0016379747783433999,0.012144056224104798,0.008219381898404876,27_KW_1
3581,119,2026-02-09 21:56:21.220000+00:00,124400.82495755488,426811.3373131641,3.992866661423128,0.010806167803821154,-0.0058157172170467675,0.00933253233694531,0,0.0019330791612850032,0.012118540931531353,0.00933253233694531,28_KW_1
3582,169,2026-02-09 21:56:38.110000+00:00,124669.3869055071,426931.3027824636,13.817348263587458,0.007828058776794933,0.0006229106802493334,0.005593050714566061,0,0.007252715621190127,0.003010753733979182,0.005593050714566061,908_GSL_1
3583,62,2026-02-09 21:56:55.740000+00:00,124390.62172795988,426780.8749718947,7.453360371117128,0.011047746855183505,-0.004273313272278756,0.00856249753479954,0,0.011583267595495194,0.0024782713149293758,0.00856249753479954,19_P6_1
3584,72,2026-02-09 21:57:10.060000+00:00,124390.53406850876,426780.881711037,10.995938903884769,0.010108805901836604,-0.005219894694164395,0.008853582318010922,0,0.010807140752292521,0.0035554136382860385,0.008853582318010922,18_P6_1
3585,71,2026-02-09 21:57:13.150000+00:00,124806.2213027168,426258.5089164298,4.639744850900842,-0.006459218682721257,-0.006189702253323048,0.048241187751574266,0,0.0019148584304959258,0.00873883500056881,0.048241187751574266,903_GSL_1
3586,67,2026-02-09 21:57:29.540000+00:00,123855.61318374949,426533.07613564795,6.0789129643748145,-0.004810724654817022,-0.014967056747991592,0.03450481603723876,0,0.012657534565191116,-0.009324305772177207,0.03450481603723876,904_GSL_1
3587,68,2026-02-09 21:57:47.540000+00:00,123928.08725033487,426940.43330119445,7.186742810551979,-0.02170002699131146,-0.014433810778427869,0.06792952951175302,0,0.02121754462910041,-0.015134129143206053,0.06792952951175302,905_GSL_1
3588,69,2026-02-09 21:58:05.040000+00:00,124266.91836619796,427056.3143748106,7.1607074162969155,-0.0242309986933833,-0.0004635734367184341,0.07020604536948305,0,0.016862759601009424,-0.017406996772807725,0.07020604536948305,906_GSL_1
3589,107,2026-02-09 21:58:47.470000+00:00,124409.92147333961,426969.52459042333,6.338336622147505,0.00035112295881845057,-0.0010124259861186147,0.05253638702891372,0,-0.0008998868708309605,0.0005818052331182103,0.05253638702891372,38_P9_0
3590,106,2026-02-09 21:59:00.080000+00:00,124410.03285586266,426969.44983768277,8.9728625729117,0.0006254384352359921,-0.001033531327266246,0.051936122636776716,0,-0.0008528055415427276,0.0008556184599605069,0.051936122636776716,37_P9_0
3591,104,2026-02-09 21:59:15.010000+00:00,124389.81623682355,426881.44493960193,10.774666531220907,0.0005774306773673743,-0.0011949941399507225,0.051881266873532894,0,0.0010497291497446998,-0.0008120996822175104,0.051881266873532894,33_P7_0
3592,105,2026-02-09 21:59:27.520000+00:00,124389.68712898358,426881.4730706119,7.111776717436491,0.0002560829743742943,-0.0008944953442551196,0.05186294420012416,0,0.0008208998206307337,-0.0004379770486531226,0.05186294420012416,34_P7_0
