,Id,Timestamp,Easting,Northing,Height,EastingDiff,NorthingDiff,HeightDiff,Type,LongitudinalDisplacement,TransverseDisplacement,HeightDisplacement,Name
53072,130,2026-02-17 18:00:21.220000+00:00,124898.94242861765,426720.765442282,4.126435395094855,0.004055620389408432,-0.004234416759572923,0.03637266262466099,0,0.00537538551858772,0.0023417029195213638,0.03637266262466099,901_GSL_1
53073,133,2026-02-17 18:00:23.500000+00:00,124806.2247621169,426258.5062936495,4.592756003745101,0.002866023365641013,-0.005190163850784302,0.0045988995605350524,0,0.005923206915317721,0.0002598279598517045,0.0045988995605350524,903_GSL_1
53074,132,2026-02-17 18:00:37.070000+00:00,124806.22158047925,426258.49977073603,4.625279189978979,0.007446191477356479,-0.005371014412958175,0.042647015768658036,0,0.008375285145370576,-0.0037614042690723467,0.042647015768658036,903_GSL_1
53075,153,2026-02-17 18:00:40.530000+00:00,124370.27730879848,426819.4978497046,9.735692644397112,0.003469993607723154,-0.0012733926414512098,0.009612167284123174,0,0.0003164015794442452,-0.0036826993493179467,0.009612167284123174,29_KW_1
53076,135,2026-02-17 18:00:53.910000+00:00,123855.60982384768,426533.07131519064,6.059426199369758,-0.0038264305476332083,-0.005319730669725686,0.03822775225140074,0,0.006153194870012553,-0.002253729803222178,0.03822775225140074,904_GSL_1
53077,5,2026-02-17 18:00:54.110000+00:00,124424.6182807829,426919.1417293812,8.781725947784707,0.0010780053853522986,-0.004618387843947858,0.013900125778393502,11,-0.0047383904778379084,-0.00019813522531075099,0.013900125778393502,TS4
53078,136,2026-02-17 18:00:57.360000+00:00,123855.61356699678,426533.0727138456,6.031349483278334,-0.002203115014708601,-0.001394680526573211,0.009056940841595917,0,0.002602682161385762,0.00015778183051716558,0.009056940841595917,904_GSL_1
53079,140,2026-02-17 18:01:14.350000+00:00,123928.08504411603,426940.4324247154,7.143846426103242,-0.002479616436176002,-0.0020139614935033023,0.008272719900898728,0,0.0024126573209617658,-0.0020937103953216226,0.008272719900898728,905_GSL_1
53080,145,2026-02-17 18:01:30.430000+00:00,124266.91953484822,427056.31791166455,7.119327090946746,0.0012110953830415383,0.0031650569289922714,0.011360154655100096,0,0.001371272075648694,0.0030990240859232834,0.011360154655100096,906_GSL_1
53081,6,2026-02-17 18:01:30.630000+00:00,124399.04006510664,426925.07642731257,8.555088759014298,0.0008943622669903561,0.0009780976688489318,0.0077820631927405515,11,-0.0013239612459972506,6.070859511841337e-05,0.0077820631927405515,TS5
53082,66,2026-02-17 18:06:22.290000+00:00,124898.94384710318,426720.7678053481,4.129134189600052,0.006241439492441714,-0.00639980670530349,0.04684765919628742,0,0.008227410308141095,0.0034961139032577615,0.04684765919628742,901_GSL_1
53083,71,2026-02-17 18:06:23.270000+00:00,124806.2241660907,426258.5060632199,4.592436468380638,-0.003595844784285873,-0.009042912162840366,0.0009328052313701818,0,0.005842420096550525,0.007782704382985692,0.0009328052313701818,903_GSL_1
53084,71,2026-02-17 18:06:38.790000+00:00,124806.22575545759,426258.50103597826,4.625221000646766,-0.0020064778946107253,-0.01407015381846577,0.03371733749749861,0,0.011179914391216126,0.00877523197539113,0.03371733749749861,903_GSL_1
53085,67,2026-02-17 18:06:39.970000+00:00,123855.61192562117,426533.0746560252,6.031870235135406,-0.006068852977477945,-0.016446679481305182,-0.012537913202169904,0,0.014543513455568239,-0.009788281707773504,-0.012537913202169904,904_GSL_1
53086,68,2026-02-17 18:06:55.870000+00:00,123928.08487048825,426940.4342399384,7.143822722325692,-0.0240798736049328,-0.013495066843461245,0.025009441285465783,0,0.023626808814317876,-0.014273438520226917,0.025009441285465783,905_GSL_1
53087,67,2026-02-17 18:07:09.370000+00:00,123855.61262278177,426533.0661775223,6.061159355343441,-0.005371692372136749,-0.024925182398874313,0.016751207005865076,0,0.018439268791959933,-0.01761003018100419,0.016751207005865076,904_GSL_1
53088,69,2026-02-17 18:07:11.740000+00:00,124266.92010224581,427056.31871953484,7.1200009089580965,-0.022494950841064565,0.003881150798406452,0.029499538030663963,0,0.018693557883407843,-0.013101031963992869,0.029499538030663963,906_GSL_1
53089,110,2026-02-17 18:08:08+00:00,124434.14149883237,426963.93063511763,8.790554259021336,0.0014129898918326944,-0.0014514558133669198,0.039493898763547364,0,-0.0011259133971029444,0.0016839190701462181,0.039493898763547364,35_P9_0
53090,107,2026-02-17 18:08:11.240000+00:00,124409.92305015368,426969.5270786991,6.296922153218736,0.002232646380434744,0.002667645982000977,0.007841829788702626,0,0.0031220086303187294,0.0015343099613734153,0.007841829788702626,38_P9_0
53091,111,2026-02-17 18:08:23.030000+00:00,124434.26296478075,426963.9741728403,6.507216260117064,0.0012740214297082275,-0.0038909390568733215,0.045923750502296024,0,-0.0035360586391998796,0.0020636924789798365,0.045923750502296024,36_P9_0
53092,106,2026-02-17 18:08:26.420000+00:00,124410.03437380808,426969.45237010525,8.931325601956342,0.0021699898643419147,0.0028087643440812826,0.007438377617811298,0,0.003248137492274266,0.0014309493293653836,0.007438377617811298,37_P9_0
53093,160,2026-02-17 18:08:42.140000+00:00,124421.81324805341,426965.6200597548,5.603253834589159,0.00204189277428668,0.0014217161806300282,0.011072604701820588,0,0.0022395065072468084,0.0010840726931108404,0.011072604701820588,38a_P9_0
53094,162,2026-02-17 18:08:59.270000+00:00,124402.99754206643,426879.6477727166,6.554923162450715,0.0021139381133252755,3.912870306521654e-05,0.01025011916014762,0,0.0001443803917370421,-0.002109364763348115,0.01025011916014762,34a_P7_0
53095,167,2026-02-17 18:09:02.250000+00:00,124669.3769893624,426931.3060730657,13.85451158467535,0.0007563744438812137,-0.0003475514822639525,0.04513961985856696,0,0.0007381896531522097,0.0003846691671547203,0.04513961985856696,908_GSL_1
53096,104,2026-02-17 18:09:14.890000+00:00,124389.81795369028,426881.4463744729,10.733073623323646,0.0008574800012866035,0.0020349047263152897,0.007161755263439318,0,-0.0021682480620079277,-0.00041810230731920654,0.007161755263439318,33_P7_0
53097,105,2026-02-17 18:09:29.900000+00:00,124389.68910347577,426881.4741006503,7.069434537331728,0.00041803841304499656,0.0021474361419677734,0.007138640608937763,0,-0.0021873525900826312,4.155412457770156e-05,0.007138640608937763,34_P7_0
53098,113,2026-02-17 18:09:41.300000+00:00,124414.07959095913,426875.9123529053,7.342394161721742,0.0023563449503853917,-0.002879232866689563,0.03904421659646573,0,0.0022390126815932045,-0.002971391195634957,0.03904421659646573,32_P7_0
53099,112,2026-02-17 18:09:55.990000+00:00,124413.95300047814,426875.86480990145,10.708130522214322,0.002265853327116929,-0.002456163987517357,0.03886491529365799,0,0.0018424562091348775,-0.0027878644068541703,0.03886491529365799,31_P7_0
53100,161,2026-02-17 18:10:12.220000+00:00,124402.9924723565,426879.64237591374,6.5875814265405115,0.001068609912181273,-0.005130973237100989,0.04595710571678957,0,0.003987148905569852,-0.0034016844517197357,0.04595710571678957,34a_P7_0
53101,153,2026-02-17 18:11:09.320000+00:00,124370.27793179997,426819.4976801189,9.736021114467896,0.0040929950919235125,-0.0014429783332161605,0.009940637354906912,0,0.0003162476919420489,-0.004328369518650479,0.009940637354906912,29_KW_1
53102,130,2026-02-17 18:15:21.290000+00:00,124898.9430034214,426720.7657985045,4.128688860254244,0.004630424140486866,-0.003878194256685674,0.038626127784049835,0,0.005768231590464024,0.0017912908005586804,0.038626127784049835,901_GSL_1
53103,132,2026-02-17 18:15:37.380000+00:00,124806.22561089527,426258.50107652636,4.623859722744863,0.011476607498480007,-0.00406522408593446,0.04122754853454147,0,0.00926048071722303,-0.007904559660662294,0.04122754853454147,903_GSL_1
53104,133,2026-02-17 18:15:38.920000+00:00,124806.22503773526,426258.5065784994,4.595327081635768,0.003141641733236611,-0.004905313951894641,0.007169977451201959,0,0.005823802375257593,-0.0001238694498662811,0.007169977451201959,903_GSL_1
53105,135,2026-02-17 18:15:54.390000+00:00,123855.61174442785,426533.0674646199,6.062215461894383,-0.0019058503821725026,-0.009170301433186978,0.04101701477602582,0,0.006725827804381678,-0.006518430363250385,0.04101701477602582,904_GSL_1
53106,5,2026-02-17 18:15:54.590000+00:00,124424.61833037813,426919.14204474766,8.78312466120152,0.001127600611653179,-0.004303021414671093,0.01529883919520536,11,-0.004446693247680001,0.00011998164674533309,0.01529883919520536,TS4
53107,153,2026-02-17 18:15:55.870000+00:00,124370.27743641708,426819.4978659411,9.735935438273593,0.0035976122017018497,-0.0012571561383083463,0.009854961160604248,0,0.00026718890283134133,-0.0038015608899666683,0.009854961160604248,29_KW_1
53108,136,2026-02-17 18:16:11.970000+00:00,123855.61297836891,426533.0732062941,6.0303670543756525,-0.0027917428815271705,-0.0009022320155054331,0.008074511938914064,0,0.002791970237335278,0.0009015282137540757,0.008074511938914064,904_GSL_1
53109,140,2026-02-17 18:16:27.960000+00:00,123928.08505742162,426940.43380029517,7.143434776354468,-0.002466310848831199,-0.0006383817526511848,0.007861070152124228,0,0.0024441935930467292,-0.0007184275502023763,0.007861070152124228,905_GSL_1
53110,145,2026-02-17 18:16:44.270000+00:00,124266.91960707717,427056.3179322762,7.119545818177953,0.0012833243381464854,0.003185668552760035,0.01157888188630718,0,0.001334552812072894,0.003164549616724576,0.01157888188630718,906_GSL_1
53111,6,2026-02-17 18:16:44.470000+00:00,124399.04007784794,426925.0764780679,8.554175399450344,0.0009071035601664335,0.001028853002935648,0.006868703628786221,11,-0.0013714072999136667,2.4847298843645947e-05,0.006868703628786221,TS5
53112,66,2026-02-17 18:21:22.380000+00:00,124898.94480791129,426720.7697762964,4.130738692455547,0.007202247608802281,-0.004428858403116465,0.04845216205178282,0,0.008353367302356106,0.0013070623876775575,0.04845216205178282,901_GSL_1
53113,71,2026-02-17 18:21:23.280000+00:00,124806.2202681168,426258.50339207455,4.580587081268453,-0.007493818688089959,-0.0117140575312078,-0.010916581880814569,0,0.006089844602617824,0.012501610099918294,-0.010916581880814569,903_GSL_1
53114,71,2026-02-17 18:21:39.920000+00:00,124806.22786850126,426258.50265036145,4.62795317686295,0.00010656577069312334,-0.01245577062945813,0.036449513713682435,0,0.01083892928815805,0.006138011903170668,0.036449513713682435,903_GSL_1
53115,67,2026-02-17 18:21:40.060000+00:00,123855.60980720572,426533.07595973514,6.020975877807996,-0.008187268424080685,-0.015142969554290175,-0.023432270529579746,0,0.015498908108773147,-0.007491644586198272,-0.023432270529579746,904_GSL_1
53116,68,2026-02-17 18:21:55.990000+00:00,123928.08424455515,426940.43402303907,7.133497258215719,-0.02470580670342315,-0.01371196616673842,0.01468397717549319,0,0.02424530762897109,-0.014510684305064444,0.01468397717549319,905_GSL_1
53117,67,2026-02-17 18:21:56.720000+00:00,123855.61669973223,426533.06074690254,6.060935387767138,-0.0012947419163538143,-0.03035580215509981,0.016527239429562357,0,0.018114537111327825,-0.024392921644441293,0.016527239429562357,904_GSL_1
53118,69,2026-02-17 18:22:12.120000+00:00,124266.91938700166,427056.31786299194,7.11047496256402,-0.02321019499504473,0.0030246078968048096,0.019973591636587074,0,0.018597184837600506,-0.014212885729278741,0.019973591636587074,906_GSL_1
53119,110,2026-02-17 18:22:55.190000+00:00,124434.14160788093,426963.93109118013,8.792033424032494,0.0015220384520944208,-0.0009953933185897768,0.040973063774705665,0,-0.0006571435255301177,0.0016957509531770863,0.040973063774705665,35_P9_0
53120,111,2026-02-17 18:23:09.990000+00:00,124434.26304116102,426963.974538714,6.508714764910325,0.0013504016969818622,-0.003525065374560654,0.047422255295556326,0,-0.0031623033892307574,0.002061433460628211,0.047422255295556326,36_P9_0
53121,107,2026-02-17 18:23:11.920000+00:00,124409.92227513556,426969.5262502512,6.287234516528918,0.0014576282555935904,0.0018391981138847768,-0.0018458069011151323,0,0.0021330521201984613,0.0009784776370152684,-0.0018458069011151323,38_P9_0
53122,106,2026-02-17 18:23:26.820000+00:00,124410.03371254032,426969.4515414132,8.92228932502744,0.0015087220963323489,0.0019800722948275506,-0.0015978993110898898,0,0.002284767575893516,0.0009883146163296315,-0.0015978993110898898,37_P9_0
53123,160,2026-02-17 18:23:42.720000+00:00,124421.8125008006,426965.6190896142,5.59368561473341,0.0012946399656357244,0.00045157555723562837,0.0015043848460711828,0,0.0010277242903458095,0.0009076320331208789,0.0015043848460711828,38a_P9_0
53124,167,2026-02-17 18:23:51.290000+00:00,124669.37693152549,426931.30678681517,13.855306544742394,0.0006985375366639346,0.0003661980153992772,0.045934579925610564,0,0.0007158538874083418,-0.0003310723312106465,0.045934579925610564,908_GSL_1
53125,162,2026-02-17 18:24:04.870000+00:00,124402.99674508907,426879.64683038427,6.545750368818301,0.0013169607555028051,-0.0009032036177814007,0.0010773255277340965,0,0.0010140551833397635,-0.0012336346670913914,0.0010773255277340965,34a_P7_0
53126,104,2026-02-17 18:24:20.250000+00:00,124389.81704823271,426881.4455958713,10.723806434923713,-4.797756264451891e-05,0.0012563031632453203,-0.002105433136494028,0,-0.001219225122105779,0.0003067402584005812,-0.002105433136494028,33_P7_0
53127,113,2026-02-17 18:24:31.240000+00:00,124414.07967300754,426875.91264486103,7.344258455876037,0.002438393363263458,-0.0025872771511785686,0.04090851075076074,0,0.0019359321261923387,-0.0029819342805961335,0.04090851075076074,32_P7_0
53128,105,2026-02-17 18:24:35.130000+00:00,124389.68818677372,426881.47332970524,7.060380786969397,-0.0004986636340618134,0.0013764910981990397,-0.0019151097533933736,0,-0.0012413337602515087,0.0007761982085890062,-0.0019151097533933736,34_P7_0
53129,112,2026-02-17 18:24:45.980000+00:00,124413.95304451144,426875.8649265742,10.709666534487832,0.0023098866222426295,-0.002339491213206202,0.040400927567167955,0,0.0017186371589457282,-0.0028026918596548295,0.040400927567167955,31_P7_0
53130,161,2026-02-17 18:25:02.200000+00:00,124402.99258321818,426879.642552214,6.588824987443497,0.001179471582872793,-0.004954673000611365,0.04720066661977551,0,0.003779276554310846,-0.0034142358565025952,0.04720066661977551,34a_P7_0
53131,153,2026-02-17 18:26:13.630000+00:00,124370.2767151359,426819.4970490818,9.726647048971804,0.0028763310256181285,-0.002074015443213284,0.0005665718588154789,0,0.0012449468906227468,-0.003320380620824875,0.0005665718588154789,29_KW_1
53132,130,2026-02-17 18:30:21.010000+00:00,124898.94324278359,426720.76668810577,4.1304754833417565,0.004869786323979497,-0.002988593012560159,0.04041275087156215,0,0.0056458164480231755,0.0008782161870360346,0.04041275087156215,901_GSL_1
53133,133,2026-02-17 18:30:21.630000+00:00,124806.22664069825,426258.50721534225,4.58242394467433,0.004744604724692181,-0.004268471093382686,-0.005733159510235453,0,0.006115960102385447,-0.0018237739702727262,-0.005733159510235453,903_GSL_1
53134,132,2026-02-17 18:30:37.400000+00:00,124806.22479484483,426258.5008093342,4.629199428457735,0.010660557061783038,-0.004332416225224733,0.046567254247413814,0,0.009083679853551465,-0.007064281105272212,0.046567254247413814,903_GSL_1
53135,153,2026-02-17 18:30:38.630000+00:00,124370.2766699944,426819.4971151787,9.726823537707816,0.0028311895293882117,-0.002007918548770249,0.000743060594826872,0,0.0011930413794744175,-0.003259451382775151,0.000743060594826872,29_KW_1
53136,135,2026-02-17 18:30:54.080000+00:00,123855.61286915607,426533.06638264155,6.062322073738034,-0.0007811221585143358,-0.010252279753331095,0.041123626619676834,0,0.006402594502379223,-0.008045257957653575,0.041123626619676834,904_GSL_1
53137,5,2026-02-17 18:30:54.280000+00:00,124424.61829907967,426919.1426398599,8.781732716984635,0.0010963021486531943,-0.003707909141667187,0.013906894978321205,11,-0.003864703017717799,0.00012057855880562334,0.013906894978321205,TS4
53138,136,2026-02-17 18:30:55.250000+00:00,123855.61255913496,426533.07189854234,6.019395879943595,-0.003210976836271584,-0.002209983766078949,-0.002896662493143687,0,0.0038970465900739185,8.618795854649434e-05,-0.002896662493143687,904_GSL_1
53139,140,2026-02-17 18:31:11.470000+00:00,123928.08409934535,426940.43112631683,7.133739497761113,-0.00342438711959403,-0.003312360087875277,-0.0018342084412310555,0,0.0033146013679105314,-0.0034222177412368488,-0.0018342084412310555,905_GSL_1
53140,145,2026-02-17 18:31:27.570000+00:00,124266.91854944381,427056.3170793212,7.1094279100806546,0.0002256909792777151,0.0023327135713770986,0.0014609737890083352,0,0.0014838242065432676,0.0018140437558919228,0.0014609737890083352,906_GSL_1
53141,6,2026-02-17 18:31:27.770000+00:00,124399.0401092641,426925.07636893546,8.554405366686789,0.0009385197190567851,0.0009197205654345453,0.007098670865230972,11,-0.0012492951474341396,-0.0004073902504223408,0.007098670865230972,TS5
53142,66,2026-02-17 18:36:22.410000+00:00,124898.94369892316,426720.7679726869,4.127278270576798,0.006093259478802793,-0.00623246788745746,0.044991740173033534,0,0.008026144910008486,0.00339889172051029,0.044991740173033534,901_GSL_1
53143,71,2026-02-17 18:36:23.100000+00:00,124806.22240050341,426258.5050021283,4.594174789953766,-0.005361432078643702,-0.010104003769811243,0.002671126804498769,0,0.005827514402191326,0.009842556680381486,0.002671126804498769,903_GSL_1
53144,71,2026-02-17 18:36:38.500000+00:00,124806.22352845543,426258.50081577507,4.626333841712555,-0.004233480052789673,-0.014290357008576393,0.034830178563287184,0,0.01025666676814143,0.010813761769025602,0.034830178563287184,903_GSL_1
53145,67,2026-02-17 18:36:42.380000+00:00,123855.61209216753,426533.0745843138,6.033456355821826,-0.0059023066132795066,-0.016518390912096947,-0.010951792515749403,0,0.014450391519901832,-0.009943874828433803,-0.010951792515749403,904_GSL_1
53146,67,2026-02-17 18:36:55.290000+00:00,123855.61282954995,426533.06708849414,6.059590501043351,-0.0051649241941049695,-0.024014210561290383,0.01518235270577506,0,0.017756723021422983,-0.016972257903806093,0.01518235270577506,904_GSL_1
53147,68,2026-02-17 18:36:58.500000+00:00,123928.08486012615,426940.4342200497,7.145058758085202,-0.024090235703624785,-0.013514955528080463,0.026245477044976262,0,0.0236365148452937,-0.014293657514800103,0.026245477044976262,905_GSL_1
53148,69,2026-02-17 18:37:15.020000+00:00,124266.9198124758,427056.31845956447,7.118647202677963,-0.02278472085890826,0.0036211804253980517,0.028145831750530093,0,0.01871589665288691,-0.013489687348864379,0.028145831750530093,906_GSL_1
53149,110,2026-02-17 18:37:54.090000+00:00,124434.14167658873,426963.93166506663,8.790447244286002,0.0015907462511677295,-0.0004215068183839321,0.039386884028212776,0,-8.150861668030997e-05,0.001643623429790167,0.039386884028212776,35_P9_0
53150,111,2026-02-17 18:38:09.180000+00:00,124434.26314338924,426963.9752190349,6.507549921113537,0.0014526299200952053,-0.002844744478352368,0.046257411498768164,0,-0.0024756898959388362,0.0020183320764974337,0.046257411498768164,36_P9_0
53151,107,2026-02-17 18:38:14.530000+00:00,124409.92307924322,426969.5270113499,6.295989546996649,0.0022617359209107235,0.0026002968079410493,0.006909223566616163,0,0.003063505893501475,0.0015785830690236162,0.006909223566616163,38_P9_0
53152,106,2026-02-17 18:38:29.410000+00:00,124410.03444628842,426969.4522531564,8.930647068390844,0.0022424702037824318,0.002691815490834415,0.006759844052313113,0,0.0031520460054952175,0.0015294277461814884,0.006759844052313113,37_P9_0
53153,160,2026-02-17 18:38:45.040000+00:00,124421.81329788968,426965.6196861927,5.6022314896565755,0.002091729038511403,0.0010481540812179446,0.010050259769236902,0,0.0019382061085542143,0.0013104634406532676,0.010050259769236902,38a_P9_0
53154,167,2026-02-17 18:38:49.210000+00:00,124669.37728570623,426931.3062126193,13.855031137707485,0.0010527182748774067,-0.0002079978585243225,0.04565917289070143,0,0.0010410965038324305,0.0002599941251633528,0.04565917289070143,908_GSL_1
53155,162,2026-02-17 18:39:07.280000+00:00,124402.99757150987,426879.6476621091,6.554255916948042,0.002143381556379609,-7.147877477109432e-05,0.009582873657475233,0,0.0002571230820185657,-0.002129103433881108,0.009582873657475233,34a_P7_0
53156,104,2026-02-17 18:39:22.900000+00:00,124389.8179324682,426881.44622246316,10.732287649610875,0.0008362579246750101,0.0018828950123861432,0.0063757815506679805,0,-0.0020151362273877482,-0.00042877375073556174,0.0063757815506679805,33_P7_0
53157,113,2026-02-17 18:39:28.780000+00:00,124414.07952452614,426875.9133178213,7.342932934740525,0.0022899119649082422,-0.0019143169047310948,0.03958298961524864,0,0.0013173180047863797,-0.00267824182870681,0.03958298961524864,32_P7_0
53158,105,2026-02-17 18:39:37.650000+00:00,124389.68899628938,426881.4740730038,7.068801828783156,0.0003108520177192986,0.0021197896567173302,0.006505932060366426,0,-0.0021378445275707023,0.00014056294526629409,0.006505932060366426,34_P7_0
53159,112,2026-02-17 18:39:43.270000+00:00,124413.95317188966,426875.8656681482,10.707811559010358,0.002437264847685583,-0.0015979172312654555,0.03854595208969336,0,0.0009681405714918014,-0.0027488730872069042,0.03854595208969336,31_P7_0
53160,161,2026-02-17 18:39:58.660000+00:00,124402.99244969214,426879.6432501419,6.587617102737237,0.0010459455515956506,-0.0042567451018840075,0.0459927819135153,0,0.003231272595938808,-0.0029618842600701153,0.0459927819135153,34a_P7_0
53161,153,2026-02-17 18:41:16.660000+00:00,124370.27801078485,426819.49744185247,9.734002537032165,0.004171979977400042,-0.0016812447574920952,0.00792205991917605,0,0.0005253676261964523,-0.00446721274664261,0.00792205991917605,29_KW_1
53162,130,2026-02-17 18:45:22.390000+00:00,124898.9434732763,426720.7677129426,4.126400170359978,0.005100279042380862,-0.0019637561636045575,0.03633743788978361,0,0.005463038115567582,-0.0001562022026097349,0.03633743788978361,901_GSL_1
53163,133,2026-02-17 18:45:23.540000+00:00,124806.23071307383,426258.51056743483,4.5910325018149445,0.008816980305709876,-0.0009163785143755376,0.0028753976303788065,0,0.005378285720567379,-0.007046483804056173,0.0028753976303788065,903_GSL_1
53164,132,2026-02-17 18:45:38.380000+00:00,124806.22314602304,426258.5008209948,4.627104671652517,0.0090117352665402,-0.004320755659136921,0.044472497442195724,0,0.008248883045051909,-0.005642360365062055,0.044472497442195724,903_GSL_1
53165,153,2026-02-17 18:45:39.380000+00:00,124370.28001153615,426819.4965941217,9.734740571083034,0.0061727312713628635,-0.002528975543100387,0.008660093970044969,0,0.0008173176545748407,-0.0066204471523894194,0.008660093970044969,29_KW_1
53166,135,2026-02-17 18:45:55.050000+00:00,123855.61160216978,426533.0687260482,6.05863772641473,-0.002048108450253494,-0.007908873085398227,0.037439279296372696,0,0.00613531604270933,-0.0053947121110407515,0.037439279296372696,904_GSL_1
53167,5,2026-02-17 18:45:55.250000+00:00,124424.61830375032,426919.14126657054,8.783128687376767,0.001100972804124467,-0.005081198527477682,0.015302865370452778,11,-0.005184841059634799,-0.0003848932025746187,0.015302865370452778,TS4
53168,136,2026-02-17 18:45:57.190000+00:00,123855.61543780628,426533.06970841635,6.030583891183822,-0.0003323055134387687,-0.004400109755806625,0.008291348747083482,0,0.0028436941107870483,-0.0033741364260624533,0.008291348747083482,904_GSL_1
53169,140,2026-02-17 18:46:14.080000+00:00,123928.08468670218,426940.42876865604,7.143617776328894,-0.002837030289811082,-0.005670020880643278,0.008044070126550729,0,0.0026507181411911684,-0.0057594766245029905,0.008044070126550729,905_GSL_1
53170,145,2026-02-17 18:46:30.060000+00:00,124266.91837280773,427056.31679250614,7.118200362692763,4.905489913653582e-05,0.002045898523647338,0.010233426401116574,0,0.00140700473455183,0.0014860837221167544,0.010233426401116574,906_GSL_1
53171,6,2026-02-17 18:46:30.260000+00:00,124399.04031082253,426925.07666890015,8.555342379535265,0.001140078151365742,0.0012196852476336062,0.008035683713707442,11,-0.0016679498761283862,7.316765159468073e-05,0.008035683713707442,TS5
53172,66,2026-02-17 18:51:22.390000+00:00,124898.94279161426,426720.76486278547,4.12632234353764,0.005185950576560572,-0.009342369332443923,0.044035813133875834,0,0.00838897934405451,0.006618079305307878,0.044035813133875834,901_GSL_1
53173,71,2026-02-17 18:51:23.640000+00:00,124806.22027183675,426258.50435254566,4.594243556923081,-0.007490098738344386,-0.010753586422652006,0.002739893773813229,0,0.005272168993819067,0.01199772620791984,0.002739893773813229,903_GSL_1
53174,71,2026-02-17 18:51:38.790000+00:00,124806.22307117908,426258.4994654403,4.6275590907024124,-0.004690756410127506,-0.015640691795852035,0.03605542755314506,0,0.011197203860033282,0.01188516139010494,0.03605542755314506,903_GSL_1
53175,67,2026-02-17 18:51:40.380000+00:00,123855.61093341648,426533.07678695204,6.031769368791306,-0.007061057665850967,-0.014315752661786973,-0.012638779546270129,0,0.014101594165997143,-0.007479595685025285,-0.012638779546270129,904_GSL_1
53176,68,2026-02-17 18:51:56.670000+00:00,123928.08524366743,426940.43695774465,7.145184475062371,-0.023706694424618036,-0.01077726058429107,0.02637119402214516,0,0.023342497026799434,-0.011544892325084252,0.02637119402214516,905_GSL_1
53177,67,2026-02-17 18:52:10.190000+00:00,123855.61290470419,426533.0657725117,6.063387184747906,-0.005089769954793155,-0.025330192991532385,0.018979036410330608,0,0.018433354745378543,-0.018103476683002686,0.018979036410330608,904_GSL_1
53178,69,2026-02-17 18:52:12.550000+00:00,124266.92084446181,427056.3193086568,7.119305070375377,-0.021752734843175858,0.00447027274640277,0.02880369944794481,0,0.0185822560982092,-0.012159957643236904,0.02880369944794481,906_GSL_1
53179,110,2026-02-17 18:53:09.130000+00:00,124434.14182649265,426963.93026083853,8.792135800122745,0.0017406501719960943,-0.0018257349147461355,0.04107543986495621,0,-0.001423883359313229,0.0020822409032731984,0.04107543986495621,35_P9_0
53180,107,2026-02-17 18:53:12.570000+00:00,124409.9235609958,426969.5272361693,6.296797769639099,0.0027434884977992624,0.0028251162148080766,0.00771744620906567,0,0.0033964210103910784,0.001993071771136808,0.00771744620906567,38_P9_0
53181,111,2026-02-17 18:53:24.470000+00:00,124434.26307399334,426963.9738039374,6.508817062016769,0.001383234019158408,-0.004259841982275248,0.04752455240200071,0,-0.0038737555518843407,0.0022480231293198647,0.04752455240200071,36_P9_0
53182,106,2026-02-17 18:53:27.450000+00:00,124410.0349433901,426969.45253041456,8.931701625998974,0.002739571878919378,0.002969073655549437,0.007814401660443338,0,0.0035406933094653333,0.001945287469797451,0.007814401660443338,37_P9_0
53183,160,2026-02-17 18:53:42.870000+00:00,124421.81359655691,426965.6201721184,5.603314823459575,0.0023903962719487026,0.0015340797835960984,0.011133593572236755,0,0.0025081370472304957,0.0013329079757036487,0.011133593572236755,38a_P9_0
53184,162,2026-02-17 18:54:00.830000+00:00,124402.99743731375,426879.6479357515,6.55512649122951,0.0020091854385100305,0.00020216358825564384,0.010453447938942872,0,-2.713796739792283e-05,-0.002019148279216425,0.010453447938942872,34a_P7_0
53185,167,2026-02-17 18:54:02.790000+00:00,124669.37717158355,426931.3055529624,13.855615698522762,0.0009385955927427858,-0.0008676547440700233,0.04624373370597823,0,0.0008943666977013645,0.0009131783241328909,0.04624373370597823,908_GSL_1
53186,104,2026-02-17 18:54:16.400000+00:00,124389.8179740032,426881.44655473507,10.73319426266907,0.0008777929324423894,0.0022151669254526496,0.00728239460886293,0,-0.0023488158130049027,-0.0004006859324249754,0.00728239460886293,33_P7_0
53187,105,2026-02-17 18:54:31.330000+00:00,124389.68894531582,426881.47442216985,7.069884376273378,0.00025987846311181784,0.0024689557030797005,0.007588479550587834,0,-0.0024685581385225407,0.0002636281397978371,0.007588479550587834,34_P7_0
53188,113,2026-02-17 18:54:42.780000+00:00,124414.07965950979,426875.9119231499,7.344016872712465,0.0024248956178780645,-0.0033089882927015424,0.04066692758718826,0,0.002640283364321373,-0.003139813057321713,0.04066692758718826,32_P7_0
53189,112,2026-02-17 18:54:57.880000+00:00,124413.95322482413,426875.86418109166,10.709234825786744,0.002490199316525832,-0.0030849737813696265,0.03996921886608007,0,0.002399284176934853,-0.003156198869854968,0.03996921886608007,31_P7_0
53190,161,2026-02-17 18:55:14.100000+00:00,124402.99251249485,426879.6419086435,6.588895211571671,0.0011087482562288642,-0.005598243500571698,0.04727089074794932,0,0.004377695772966262,-0.003661343019540387,0.04727089074794932,34a_P7_0
53191,153,2026-02-17 18:56:10.360000+00:00,124370.2787099208,426819.4973526211,9.735429894933127,0.004871115932473913,-0.0017704761121422052,0.009349417820137873,0,0.0004276638918992298,-0.005165216325269734,0.009349417820137873,29_KW_1
53192,130,2026-02-17 19:00:20.980000+00:00,124898.94324477432,426720.76589486323,4.128514418564451,0.004871777055086568,-0.003781835548579693,0.03845168609425631,0,0.005953715306719959,0.0016092749415489824,0.03845168609425631,901_GSL_1
53193,133,2026-02-17 19:00:22.040000+00:00,124806.22107938472,426258.5046721296,4.593896621531554,-0.000816708808997646,-0.00681168376468122,0.005739517346988521,0,0.005387173416791298,0.004247871415913298,0.005739517346988521,903_GSL_1
53194,132,2026-02-17 19:00:37.480000+00:00,124806.22422322883,426258.5001868791,4.627839034055712,0.01008894105325453,-0.004954871372319758,0.045206859845390746,0,0.009336775284922681,-0.006257963660100262,0.045206859845390746,903_GSL_1
53195,153,2026-02-17 19:00:38.500000+00:00,124370.2781961834,426819.4974429707,9.735628727183741,0.004357378522399813,-0.0016801265301182866,0.009548250070752218,0,0.0004755456430120899,-0.004645796926910464,0.009548250070752218,29_KW_1
53196,135,2026-02-17 19:00:53.890000+00:00,123855.61176879397,426533.0674512059,6.062739554199222,-0.001881484262412414,-0.009183715388644487,0.04154110708086467,0,0.00671319227086026,-0.006543214875257666,0.04154110708086467,904_GSL_1
53197,5,2026-02-17 19:00:54.090000+00:00,124424.61823908353,426919.14137506107,8.781997606776885,0.001036306013702415,-0.004972708004061133,0.01417178477057135,11,-0.005079383516794637,-4.022607368837803e-05,0.01417178477057135,TS4
53198,136,2026-02-17 19:00:55.270000+00:00,123855.60853714321,426533.07974751067,6.0348070061242804,-0.007232968579046428,0.0056389845558442175,0.012514463687542055,0,0.0025670599978339574,0.008804781897017281,0.012514463687542055,904_GSL_1
53199,140,2026-02-17 19:01:11.200000+00:00,123928.08517006606,426940.4377194252,7.144647122333929,-0.0023536664084531367,0.0032807482639327645,0.009073416131585077,0,0.002459344304404694,0.0032022929794087744,0.009073416131585077,905_GSL_1
53200,145,2026-02-17 19:01:27.280000+00:00,124266.9215978434,427056.32000826224,7.120415363477323,0.0032740905589889735,0.005261654616333544,0.012448427185677069,0,0.0013851547956014424,0.006040366253983871,0.012448427185677069,906_GSL_1
53201,6,2026-02-17 19:01:27.480000+00:00,124399.04020095414,426925.07664552424,8.554914362940481,0.00103020976530388,0.0011963093420490623,0.0076076671189238,11,-0.0015774515983052303,6.430130174117528e-05,0.0076076671189238,TS5
53202,66,2026-02-17 19:06:22.370000+00:00,124898.94282100358,426720.76540751295,4.127229566089975,0.005215339901042171,-0.008797641843557358,0.044943035686210386,0,0.008205920872785684,0.006104189947936916,0.044943035686210386,901_GSL_1
53203,71,2026-02-17 19:06:23.150000+00:00,124806.22272312854,426258.5056742872,4.591296231030291,-0.005038806950324215,-0.009431844868231565,-0.00020743211897666924,0,0.005422102733992332,0.009216836498661275,-0.00020743211897666924,903_GSL_1
53204,71,2026-02-17 19:06:38.490000+00:00,124806.22171898796,426258.4987024951,4.628374764423401,-0.00604294752702117,-0.016403636953327805,0.03687110127413362,0,0.011181491395770732,0.013437662381426983,0.03687110127413362,903_GSL_1
53205,67,2026-02-17 19:06:39.480000+00:00,123855.61192332786,426533.0750695364,6.031106134250868,-0.00607114628655836,-0.016033168300054967,-0.01330201408670817,0,0.014303465093218006,-0.009451570731776436,-0.01330201408670817,904_GSL_1
53206,68,2026-02-17 19:06:55.080000+00:00,123928.08504338074,426940.4338524102,7.141390601624098,-0.02390698112139944,-0.013882595056202263,0.02257732058387152,0,0.02344137299333871,-0.014655109143933772,0.02257732058387152,905_GSL_1
53207,67,2026-02-17 19:06:55.480000+00:00,123855.61179248513,426533.0671501134,6.06334013823091,-0.006201989017426968,-0.023952591291163117,0.018931989893333778,0,0.018580288195877977,-0.01633903876890882,0.018931989893333778,904_GSL_1
53208,69,2026-02-17 19:07:11.080000+00:00,124266.91999335443,427056.31861821545,7.119624846304187,-0.02260384222608991,0.0037798314006067812,0.029123475376754193,0,0.018699414783171026,-0.013249630016189251,0.029123475376754193,906_GSL_1
53209,110,2026-02-17 19:07:54.480000+00:00,124434.1415728989,426963.9304095522,8.790743209504207,0.001487056419136934,-0.001677021267823875,0.03968284924641807,0,-0.0013311483363376891,0.0018032695952339903,0.03968284924641807,35_P9_0
53210,111,2026-02-17 19:08:09.680000+00:00,124434.2630196952,426963.97385525494,6.5076123449718715,0.0013289358757901937,-0.004208524420391768,0.046319835357103045,0,-0.0038349983960058024,0.0021841555946472864,0.046319835357103045,36_P9_0
53211,107,2026-02-17 19:08:10.710000+00:00,124409.92320399976,426969.5273952883,6.296741957023814,0.002386492458754219,0.0029842351796105504,0.007661633593780692,0,0.003466096192367174,0.001608472271496699,0.007661633593780692,38_P9_0
53212,106,2026-02-17 19:08:25.590000+00:00,124410.03455026959,426969.4525776467,8.931222896386657,0.002346451365156099,0.0030163057963363826,0.007335672048126796,0,0.003492017801586404,0.0015523357689169698,0.007335672048126796,37_P9_0
53213,160,2026-02-17 19:08:40.950000+00:00,124421.81366558158,426965.62008197553,5.602560700655976,0.002459420938976109,0.0014439368969760835,0.010379470768637766,0,0.002463347017053456,0.0014372287887100255,0.010379470768637766,38a_P9_0
53214,167,2026-02-17 19:08:49.090000+00:00,124669.37691805368,426931.305750247,13.853720261618777,0.000685065722791478,-0.0006703701801598072,0.044348296801993925,0,0.0006509432307103227,0.000703551087969957,0.044348296801993925,908_GSL_1
53215,162,2026-02-17 19:09:02.920000+00:00,124402.99767902699,426879.6479969158,6.554614981654089,0.002250898673082702,0.00026332790730521083,0.00994193836352153,0,-6.710160771968488e-05,-0.0022652557907425473,0.00994193836352153,34a_P7_0
53216,104,2026-02-17 19:09:18.500000+00:00,124389.81803805268,426881.44653769315,10.732604567502495,0.0009418424015166238,0.0021981250029057264,0.00669269944228823,0,-0.0023453876357818603,-0.00046688057960840254,0.00669269944228823,33_P7_0
53217,113,2026-02-17 19:09:29.280000+00:00,124414.07952056003,426875.9119936665,7.343023730232371,0.002285945854964666,-0.0032384716905653477,0.03967378510709452,0,0.002604699820362966,-0.0029881074592832918,0.03967378510709452,32_P7_0
53218,105,2026-02-17 19:09:33.580000+00:00,124389.6892551403,426881.4743682423,7.069212973004877,0.000569702940993011,0.002415028167888522,0.006917076282086931,0,-0.0024807982397252984,-5.0621995683094705e-05,0.006917076282086931,34_P7_0
53219,112,2026-02-17 19:09:43.900000+00:00,124413.9530395867,426875.8642676,10.708100341751178,0.0023049618903314695,-0.0029984654393047094,0.03883473483051425,0,0.0023596322058683224,-0.0029556353225007647,0.03883473483051425,31_P7_0
53220,161,2026-02-17 19:10:00.310000+00:00,124402.99247535107,426879.6419432244,6.587795991518338,0.0010716044780565426,-0.005563662562053651,0.04617167069461647,0,0.004365213782427268,-0.003612144224071797,0.04617167069461647,34a_P7_0
53221,153,2026-02-17 19:11:12.760000+00:00,124370.27835995932,426819.4975540889,9.735356343517077,0.00452115444932133,-0.001569008338265121,0.009275866404088617,0,0.00032528600775607425,-0.00477460089780514,0.009275866404088617,29_KW_1
53222,130,2026-02-17 19:15:21.290000+00:00,124898.94389178771,426720.76726520906,4.129558885387781,0.005518790450878441,-0.0024114897241815925,0.03949615291758679,0,0.006021895901440423,9.539645043455408e-05,0.03949615291758679,901_GSL_1
53223,133,2026-02-17 19:15:21.930000+00:00,124806.2231429264,426258.50563072145,4.592481433474051,0.0012468328786781058,-0.005853091890458018,0.004324329289485007,0,0.005644853414081624,0.001987185657916536,0.004324329289485007,903_GSL_1
53224,132,2026-02-17 19:15:37.570000+00:00,124806.22761183631,426258.5018368601,4.625323571130724,0.013477548534865491,-0.0033048903569579124,0.0426913969204028,0,0.009602910593946848,-0.010017520796376305,0.0426913969204028,903_GSL_1
53225,153,2026-02-17 19:15:38.970000+00:00,124370.27787532446,426819.49763920833,9.735796243144176,0.004036519589135423,-0.0014838888891972601,0.009715766031186845,0,0.0003705628836381183,-0.004284635314496076,0.009715766031186845,29_KW_1
53226,135,2026-02-17 19:15:54.480000+00:00,123855.61522112474,426533.0618515154,6.060255852611089,0.0015708465070929378,-0.014783405931666493,0.03905740549273151,0,0.007000347590566684,-0.013115326275031262,0.03905740549273151,904_GSL_1
53227,5,2026-02-17 19:15:54.680000+00:00,124424.61828357483,426919.14244014904,8.783748712779499,0.001080797315808013,-0.00390762003371492,0.01592289077318476,11,-0.004045933067080322,0.0002608501149204518,0.01592289077318476,TS4
53228,136,2026-02-17 19:15:55.990000+00:00,123855.61155950597,426533.0754251021,6.027670216256103,-0.004210605824482627,0.0013165759737603366,0.0053776738193649365,0,0.002644619052867312,0.003531085352842835,0.0053776738193649365,904_GSL_1
53229,140,2026-02-17 19:16:12.130000+00:00,123928.08492161054,426940.43479338574,7.142182002671963,-0.0026021219237009063,0.0003547088126651943,0.006608296469619468,0,0.002612300386310852,0.0002697101022717381,0.006608296469619468,905_GSL_1
53230,145,2026-02-17 19:16:28.040000+00:00,124266.91998486666,427056.3188190021,7.119303198356176,0.0016611138271400705,0.0040723944548517466,0.01133626206453009,0,0.001691418378814084,0.004059901428659706,0.01133626206453009,906_GSL_1
53231,6,2026-02-17 19:16:28.240000+00:00,124399.04024101075,426925.07652232,8.553303498653136,0.0010702663712436333,0.001073105086106807,0.0059968028315786626,11,-0.0015115420216262388,-0.00011074903205615461,0.0059968028315786626,TS5
53232,71,2026-02-17 19:21:23.120000+00:00,124806.22133209129,426258.5041820231,4.594082193958965,-0.006429844201193191,-0.01092410896671936,0.002578530809697277,0,0.005970401785760355,0.01118183149957848,0.002578530809697277,903_GSL_1
53233,66,2026-02-17 19:21:23.160000+00:00,124898.94402234277,426720.76817911287,4.129953807944381,0.006416679083486088,-0.006026041926816106,0.04766727754061684,0,0.008244874326687163,0.003083666502935804,0.04766727754061684,901_GSL_1
53234,71,2026-02-17 19:21:39.280000+00:00,124806.22595519706,426258.5019347089,4.624628960459333,-0.0018067384226014838,-0.013171423168387264,0.03312529731006553,0,0.010501603227840923,0.008152730932235798,0.03312529731006553,903_GSL_1
53235,67,2026-02-17 19:21:39.650000+00:00,123855.60980951489,426533.0777622771,6.029344170377302,-0.008184959253412671,-0.013340427598450333,-0.015063977960274144,0,0.014442525501000607,-0.0060310880977206905,-0.015063977960274144,904_GSL_1
53236,68,2026-02-17 19:21:55.630000+00:00,123928.08495056357,426940.4343293333,7.140567280763906,-0.023999798286240548,-0.013405671925283968,0.021753999723680195,0,0.023549695466896538,-0.014181473864341959,0.021753999723680195,905_GSL_1
53237,67,2026-02-17 19:21:56.100000+00:00,123855.61371994313,426533.06527673424,6.0629916590762525,-0.004274531020200811,-0.025825970456935465,0.0185835107386767,0,0.018037111396990442,-0.01897142530063885,0.0185835107386767,904_GSL_1
53238,69,2026-02-17 19:22:11.750000+00:00,124266.92043805038,427056.31904242764,7.117846803894214,-0.02215914627595339,0.0042040435946546495,0.027345432966781935,0,0.01868292148940116,-0.012635275653729452,0.027345432966781935,906_GSL_1
53239,110,2026-02-17 19:22:55.660000+00:00,124434.14151268172,426963.9315991443,8.792468517647718,0.0014268392405938357,-0.00048742914805188775,0.0414081573899292,0,-0.0001800741161635408,0.0014970072496674498,0.0414081573899292,35_P9_0
53240,111,2026-02-17 19:23:10.580000+00:00,124434.2630670681,426963.97496737685,6.509293416204477,0.0013763087772531435,-0.0030964025063440204,0.04800090658970824,0,-0.0027377710292727435,0.0019966331968873092,0.04800090658970824,36_P9_0
53241,107,2026-02-17 19:23:10.960000+00:00,124409.92329284386,426969.5270044647,6.29517090706537,0.002475336557836272,0.002593411598354578,0.006090583635336877,0,0.00310760355442948,0.0017877010212946764,0.006090583635336877,38_P9_0
53242,106,2026-02-17 19:23:25.840000+00:00,124410.03464534608,426969.4523391356,8.929452625156848,0.0024415278603555635,0.0027777946670539677,0.0055654008183179116,0,0.003283362970419695,0.0017019779991770273,0.0055654008183179116,37_P9_0
53243,160,2026-02-17 19:23:41.870000+00:00,124421.81351782329,426965.6198500576,5.601164666284093,0.0023116626543924212,0.001212018949445337,0.00898343639675403,0,0.0021887795635704955,0.0014219768576258,0.00898343639675403,38a_P9_0
53244,167,2026-02-17 19:23:50.790000+00:00,124669.3770080572,426931.30677370436,13.855791280598687,0.0007750692457193509,0.000353087205439806,0.04641931578190395,0,0.0007916399441743347,-0.00031418005839472303,0.04641931578190395,908_GSL_1
53245,162,2026-02-17 19:23:59.100000+00:00,124402.99777093147,426879.64782926394,6.552975199249287,0.002342803156352602,9.56760486587882e-05,0.008302155958720192,0,0.00010788835162367055,-0.0023422725373633616,0.008302155958720192,34a_P7_0
53246,104,2026-02-17 19:24:14.490000+00:00,124389.81814076637,426881.44640411506,10.731051204670406,0.0010445560910739005,0.002064546919427812,0.005139336610199052,0,-0.0022359407699147705,-0.000594996036416545,0.005139336610199052,33_P7_0
53247,105,2026-02-17 19:24:29.350000+00:00,124389.6891907558,426881.47416605643,7.067574217505648,0.0005053184431744739,0.0022128422860987484,0.005278320782857726,0,-0.002269606562912611,-3.006263034089184e-05,0.005278320782857726,34_P7_0
53248,113,2026-02-17 19:24:30.060000+00:00,124414.07950604113,426875.91307774023,7.344636655028379,0.0022714269580319524,-0.002154397952836007,0.041286709903102015,0,0.0015549416678006644,-0.002717161639394233,0.041286709903102015,32_P7_0
53249,112,2026-02-17 19:24:44.960000+00:00,124413.95298279785,426875.8654838232,10.710370124899685,0.002248173041152768,-0.0017822422669269145,0.04110451797902037,0,0.001192363643293075,-0.002609394271308906,0.04110451797902037,31_P7_0
53250,161,2026-02-17 19:25:00.380000+00:00,124402.99237906659,426879.64302649535,6.589579868099005,0.0009753199992701411,-0.004480391624383628,0.04795554727528284,0,0.003461350346447728,-0.003007359637284751,0.04795554727528284,34a_P7_0
53251,153,2026-02-17 19:26:08.630000+00:00,124370.27950791358,426819.49713412055,9.734196440996945,0.005669108708389103,-0.0019889766699634492,0.008115963883955857,0,0.00042870101418035153,-0.005992581846052067,0.008115963883955857,29_KW_1
53252,130,2026-02-17 19:30:21.680000+00:00,124898.942313801,426720.7639362771,4.131150107777805,0.0039408037409884855,-0.005740421707741916,0.04108737530761086,0,0.005850536534842024,0.0037753937228032445,0.04108737530761086,901_GSL_1
53253,133,2026-02-17 19:30:21.860000+00:00,124806.23267385944,426258.5114149282,4.592129443283135,0.010777765914099291,-6.888515781611204e-05,0.003972339098569755,0,0.005677206864246649,-0.009161566759274235,0.003972339098569755,903_GSL_1
53254,132,2026-02-17 19:30:37.960000+00:00,124806.2242066777,426258.50101666205,4.628368734451143,0.010072389923152514,-0.004125088395085186,0.04573656024082151,0,0.008609962281334793,-0.0066586742333052265,0.04573656024082151,903_GSL_1
53255,153,2026-02-17 19:30:38.710000+00:00,124370.27960339797,426819.4971525233,9.733533622283677,0.005764593093772419,-0.00197057391051203,0.007453145170687847,0,0.0003858442052992227,-0.0060798700087087675,0.007453145170687847,29_KW_1
53256,135,2026-02-17 19:30:54.890000+00:00,123855.61021757738,426533.07043417037,6.063621416408411,-0.0034327008470427245,-0.006200750940479338,0.042422969290053736,0,0.006322035749112865,-0.003203843210596013,0.042422969290053736,904_GSL_1
53257,5,2026-02-17 19:30:55.090000+00:00,124424.61814363698,426919.14125914447,8.782135383802041,0.0009408594632986933,-0.005088624602649361,0.014309561795727177,11,-0.0051552966000353,-0.0004497041716857225,0.014309561795727177,TS4
53258,136,2026-02-17 19:30:55.800000+00:00,123855.61770584788,426533.0667452673,6.027021577062607,0.0019357360870344564,-0.007363258802797645,0.0047290346258686,0,0.0027378111863746294,-0.007104156832685102,0.0047290346258686,904_GSL_1
53259,140,2026-02-17 19:31:12.790000+00:00,123928.08481562234,426940.4303661746,7.142475311915227,-0.002708110128878616,-0.004072502313647419,0.006901605712883452,0,0.002573936306221653,-0.004158604027352517,0.006901605712883452,905_GSL_1
53260,145,2026-02-17 19:31:28.780000+00:00,124266.9183718015,427056.3168844799,7.117215748321564,4.804866330232471e-05,0.0021378722740337253,0.009248812029917453,0,0.001472533699688194,0.0015506292391832008,0.009248812029917453,906_GSL_1
53261,6,2026-02-17 19:31:28.980000+00:00,124399.04020384784,426925.0764864094,8.555272531624798,0.0010331034573027864,0.0010371945099905133,0.007965835803240395,11,-0.0014639242791169248,9.53969298945678e-07,0.007965835803240395,TS5
53262,66,2026-02-17 19:36:22.370000+00:00,124898.94378005358,426720.76676823973,4.127707096966654,0.006174389898660593,-0.0074369150679558516,0.04542056656288995,0,0.008565698098984054,0.004478795867834535,0.04542056656288995,901_GSL_1
53263,71,2026-02-17 19:36:23.450000+00:00,124806.22102142133,426258.5041225312,4.591624212671979,-0.006740514159901068,-0.01098360086325556,0.00012054952271167707,0,0.005859215870309453,0.01147796185950489,0.00012054952271167707,903_GSL_1
53264,71,2026-02-17 19:36:39.280000+00:00,124806.2253344213,426258.5003277356,4.628218620585687,-0.0024275141913676634,-0.014778396463952959,0.03671495743641984,0,0.011582587612121846,0.009494076648236534,0.03671495743641984,903_GSL_1
53265,67,2026-02-17 19:36:40.170000+00:00,123855.61093580817,426533.0758719437,6.029003080972334,-0.007058665971271694,-0.015230760967824608,-0.01540506736524172,0,0.014634945759200177,-0.008223089904547278,-0.01540506736524172,904_GSL_1
53266,67,2026-02-17 19:36:56.070000+00:00,123855.61254310123,426533.06552485644,6.062801170108605,-0.005451372911920771,-0.025577848253306,0.018393021771029083,0,0.018871633287338225,-0.01810539270389351,0.018393021771029083,904_GSL_1
53267,68,2026-02-17 19:36:56.090000+00:00,123928.08476638203,426940.434533447,7.144125838653132,-0.02418397982546594,-0.01320155820576474,0.02531255761290563,0,0.02374043660479049,-0.013983479147646399,0.02531255761290563,905_GSL_1
53268,69,2026-02-17 19:37:12.250000+00:00,124266.9201341109,427056.31866533996,7.11966342124726,-0.022463085755589418,0.003826955915428698,0.02916205031982777,0,0.018632765969930562,-0.013117005967498704,0.02916205031982777,906_GSL_1
53269,110,2026-02-17 19:37:55.180000+00:00,124434.1414379892,426963.9303019958,8.791036664587123,0.0013521467190003023,-0.0017845776746980846,0.03997630432933441,0,-0.0014644041332496358,0.0016936761087219386,0.03997630432933441,35_P9_0
53270,111,2026-02-17 19:38:10.380000+00:00,124434.26297136061,426963.973785733,6.50785505109191,0.001280601296457462,-0.004278046370018274,0.046562541477142005,0,-0.0039131261785442266,0.002151525955062341,0.046562541477142005,36_P9_0
53271,107,2026-02-17 19:38:11.450000+00:00,124409.92316524181,426969.5270914069,6.297093315073278,0.002347734509385191,0.002680353820323944,0.00801299164324476,0,0.003161712937236138,0.0016430840609040413,0.00801299164324476,38_P9_0
53272,106,2026-02-17 19:38:25.970000+00:00,124410.03458929296,426969.4523069024,8.931539939387728,0.002385474741458893,0.002745561476331204,0.0076527150491969564,0,0.0032385984957205762,0.0016553178987640936,0.0076527150491969564,37_P9_0
53273,160,2026-02-17 19:38:41.150000+00:00,124421.81333926797,426965.6201487941,5.603482204659221,0.002133107336703688,0.0015107554499991238,0.011300974771882188,0,0.002361804933169753,0.0011200028559142936,0.011300974771882188,38a_P9_0
53274,167,2026-02-17 19:38:49.900000+00:00,124669.37699484827,426931.3049231038,13.854500944102123,0.0007618603121954948,-0.0014975133817642927,0.0451289792853391,0,0.0006865821773317359,0.001533486999498906,0.0451289792853391,908_GSL_1
53275,162,2026-02-17 19:38:59.140000+00:00,124402.9976955175,426879.64778854663,6.554977718471091,0.0022673891799058765,5.495874211192131e-05,0.010304675180523581,0,0.0001419131458202115,-0.002263611012416263,0.010304675180523581,34a_P7_0
53276,104,2026-02-17 19:39:14.480000+00:00,124389.81794925653,426881.446303912,10.733128705543564,0.0008530462509952486,0.00196434382814914,0.007216837483356997,0,-0.002098296859794471,-0.00042835133909132326,0.007216837483356997,33_P7_0
53277,113,2026-02-17 19:39:29.080000+00:00,124414.07931102443,426875.9119044592,7.343194679936629,0.0020764102519024163,-0.0033276790054515004,0.039844734811352644,0,0.002741013616349581,-0.002805667737369187,0.039844734811352644,32_P7_0
53278,105,2026-02-17 19:39:29.500000+00:00,124389.68917078963,426881.4741225359,7.069658352404805,0.0004853522696066648,0.00216932175680995,0.007362455682015323,0,-0.0022228668171979608,-1.9667820966173173e-05,0.007362455682015323,34_P7_0
53279,112,2026-02-17 19:39:44.280000+00:00,124413.95279565708,426875.8642506584,10.70848163078977,0.002061032268102281,-0.0030154070700518787,0.0392160238691055,0,0.0024344687618716014,-0.0027228469761903695,0.0392160238691055,31_P7_0
53280,161,2026-02-17 19:39:59.690000+00:00,124402.99235272814,426879.64183494943,6.588064056911584,0.0009489815420238301,-0.005671937542501837,0.046439736087862116,0,0.004519080346484118,-0.0035565930713485744,0.046439736087862116,34a_P7_0
53281,153,2026-02-17 19:41:08.590000+00:00,124370.27914735506,426819.49718147307,9.735733279796936,0.005308550185873173,-0.0019416241557337344,0.00965280268394686,0,0.0004778004527522374,-0.005632256755991562,0.00965280268394686,29_KW_1
53282,133,2026-02-17 19:45:21.950000+00:00,124806.22664101435,426258.50754969387,4.592573008302635,0.004744920821394771,-0.003934119478799403,0.004415904118069136,0,0.005830794665896829,-0.001998350129212495,0.004415904118069136,903_GSL_1
53283,130,2026-02-17 19:45:22.190000+00:00,124898.94299208024,426720.76490527974,4.1268069279651245,0.0046190829743864015,-0.004771419044118375,0.03674419549493013,0,0.006102407330329639,0.002619731282704568,0.03674419549493013,901_GSL_1
53284,153,2026-02-17 19:45:38.050000+00:00,124370.27890656704,426819.49698441196,9.735417548571444,0.005067762162070721,-0.0021386852604337037,0.009337071458455526,0,0.0007312296994625172,-0.005451742024448337,0.009337071458455526,29_KW_1
53285,132,2026-02-17 19:45:38.200000+00:00,124806.22513900777,426258.50046706345,4.624843047202338,0.011004719999618828,-0.004674686992075294,0.0422108729920172,0,0.00955220720737497,-0.007191098539949391,0.0422108729920172,903_GSL_1
53286,136,2026-02-17 19:45:54.350000+00:00,123855.61333760348,426533.07254044735,6.029300452576898,-0.0024325083068106323,-0.001568078761920333,0.007007910140159446,0,0.002890165946224423,0.00015135544117413327,0.007007910140159446,904_GSL_1
53287,135,2026-02-17 19:45:55.180000+00:00,123855.61152812967,426533.0667502009,6.063281528470414,-0.002122148565831594,-0.009884720435366035,0.04208308135205652,0,0.007305927877381699,-0.0069881779078169535,0.04208308135205652,904_GSL_1
53288,5,2026-02-17 19:45:55.380000+00:00,124424.61829703073,426919.1412106026,8.782127926667616,0.0010942532098852098,-0.005137166474014521,0.01430210466130255,11,-0.005250495421649074,0.0001420116063037946,0.01430210466130255,TS4
53289,140,2026-02-17 19:46:10.360000+00:00,123928.08467400784,426940.4315803173,7.142818419156953,-0.0028497246239567176,-0.0028583595994859934,0.007244712954609156,0,0.002755047870625319,-0.0029497222348760024,0.007244712954609156,905_GSL_1
53290,145,2026-02-17 19:46:26.160000+00:00,124266.91905298106,427056.3174339144,7.119557894742995,0.0007292282243724912,0.0026873067836277187,0.011590958451348499,0,0.001376457258352689,0.0024204869279715615,0.011590958451348499,906_GSL_1
53291,6,2026-02-17 19:46:26.360000+00:00,124399.04030551012,426925.0767553493,8.554127118683084,0.0011347657418809831,0.0013061343925073743,0.0068204228615265095,11,-0.0017262131189964577,0.00011776505441694875,0.0068204228615265095,TS5
53292,66,2026-02-17 19:51:22.240000+00:00,124898.94275465609,426720.76376022474,4.12818312283844,0.005148992408066988,-0.010444930056110024,0.045896592434675476,0,0.00878028477849029,0.007649528475924103,0.045896592434675476,901_GSL_1
53293,71,2026-02-17 19:51:23.340000+00:00,124806.22250232087,426258.5052145042,4.593757225059793,-0.00525961461244151,-0.009891627880278975,0.0022535619105257254,0,0.005699361653485286,0.009644953329907929,0.0022535619105257254,903_GSL_1
53294,71,2026-02-17 19:51:38.570000+00:00,124806.22256091112,426258.4985999693,4.626392194027557,-0.0052010243671247736,-0.016506162763107568,0.03488853087828936,0,0.011691393789874162,0.012759912808468419,0.03488853087828936,903_GSL_1
53295,67,2026-02-17 19:51:39.910000+00:00,123855.61120685357,426533.0760591327,6.030632099138385,-0.00678762057214044,-0.015043571998830885,-0.01377604919919051,0,0.014305615431481192,-0.00822983709692482,-0.01377604919919051,904_GSL_1
53296,67,2026-02-17 19:51:55.770000+00:00,123855.61101145601,426533.0679720533,6.061050090660977,-0.006983018130995333,-0.023130651388783008,0.016641942323401437,0,0.018765123497832575,-0.015220371743105051,0.016641942323401437,904_GSL_1
53297,68,2026-02-17 19:51:55.850000+00:00,123928.08499895202,426940.4358337775,7.1439088916034486,-0.02395140983571764,-0.01190122775733471,0.025095610563222515,0,0.023550418064106748,-0.012676240146678366,0.025095610563222515,905_GSL_1
53298,69,2026-02-17 19:52:12.020000+00:00,124266.92054823358,427056.31932285836,7.118799546254001,-0.022048963073757477,0.004484474309720099,0.028298175326568753,0,0.018802416688185164,-0.012358657254989979,0.028298175326568753,906_GSL_1
53299,110,2026-02-17 19:52:54.950000+00:00,124434.14162214978,426963.93034917116,8.790909833230518,0.0015363073034677655,-0.0017374022863805294,0.03984947297272967,0,-0.0013799720797089594,0.001863996752849215,0.03984947297272967,35_P9_0
53300,111,2026-02-17 19:53:09.810000+00:00,124434.26309719955,426963.9736879459,6.5077694090067,0.001406440234859474,-0.0043758334359154105,0.04647689939193178,0,-0.003982274556019336,0.0022950995084283035,0.04647689939193178,36_P9_0
53301,107,2026-02-17 19:53:12.360000+00:00,124409.92333246373,426969.5273297804,6.295662198259475,0.0025149564316961914,0.0029187272884882987,0.006581874829441503,0,0.003433009675673658,0.0017488337269813115,0.006581874829441503,38_P9_0
53302,106,2026-02-17 19:53:27.110000+00:00,124410.03468561363,426969.45257813815,8.930279819090497,0.0024817954108584672,0.003016797243617475,0.00639259475196674,0,0.003525035675177653,0.0016835966141510769,0.00639259475196674,37_P9_0
53303,160,2026-02-17 19:53:43.660000+00:00,124421.81372246568,426965.6202343059,5.6019894480535415,0.0025163050449918956,0.0015962672769092023,0.00980821816620292,0,0.0026240172891269227,0.0014122299972546195,0.00980821816620292,38a_P9_0
53304,167,2026-02-17 19:53:47.970000+00:00,124669.37713276807,426931.3052424559,13.854357922615302,0.0008997801196528599,-0.0011781612411141396,0.04498595779851833,0,0.0008401847888172137,0.0012213753290558553,0.04498595779851833,908_GSL_1
53305,162,2026-02-17 19:54:00.560000+00:00,124402.99782291746,426879.6481617383,6.55379745901446,0.002394789145910181,0.00042815040796995163,0.009124415723892554,0,-0.00021882850655579827,-0.0024228994840753523,0.009124415723892554,34a_P7_0
53306,104,2026-02-17 19:54:16.060000+00:00,124389.81801206652,426881.44662936614,10.731925920803747,0.0009158562461379915,0.0022897979943081737,0.006014052743539722,0,-0.0024297052034560596,-0.0004224927722769426,0.006014052743539722,33_P7_0
53307,113,2026-02-17 19:54:27.250000+00:00,124414.07957956371,426875.91192641493,7.343319832189513,0.0023449495347449556,-0.0033057232503779233,0.03996988706423643,0,0.0026560513682862322,-0.0030613698988548573,0.03996988706423643,32_P7_0
53308,105,2026-02-17 19:54:30.960000+00:00,124389.68903762531,426881.47444592,7.068393132318025,0.0003521879552863538,0.002492705825716257,0.00609723559523534,0,-0.0025111371884850866,0.0001783499650007393,0.00609723559523534,34_P7_0
53309,112,2026-02-17 19:54:41.660000+00:00,124413.95306785863,426875.864171058,10.708434201848988,0.002333233816898428,-0.0030950074433349073,0.039168594928323586,0,0.002446594974044236,-0.003006197623510199,0.039168594928323586,31_P7_0
53310,161,2026-02-17 19:54:57.480000+00:00,124402.99255370625,426879.6418243232,6.587932439285341,0.001149959658505395,-0.005682563758455217,0.046308118461618974,0,0.004431857523142782,-0.0037379910352569406,0.046308118461618974,34a_P7_0
53311,153,2026-02-17 19:56:09.860000+00:00,124370.27809508335,426819.49786898086,9.734638442273571,0.004256278480170295,-0.0012541163596324623,0.00855796516058227,0,9.109811595010951e-05,-0.004436261430250574,0.00855796516058227,29_KW_1
53312,133,2026-02-17 20:00:21.860000+00:00,124806.22058239489,426258.50410561677,4.592861200803544,-0.0013136986381141469,-0.0073781965766102076,0.004704096618977971,0,0.005611542157985978,0.0049673114905380775,0.004704096618977971,903_GSL_1
53313,130,2026-02-17 20:00:22.260000+00:00,124898.94360813584,426720.7660327652,4.129348801050209,0.0052351385820657015,-0.0036439335672184825,0.039286068580014266,0,0.006235732381680332,0.0013418530023060768,0.039286068580014266,901_GSL_1
53314,132,2026-02-17 20:00:38.210000+00:00,124806.22718299532,426258.5014273533,4.628889099206558,0.013048707551206462,-0.003714397142175585,0.04625692499623657,0,0.009743017763739589,-0.009441351584501528,0.04625692499623657,903_GSL_1
53315,153,2026-02-17 20:00:42.830000+00:00,124370.2778353003,426819.49778585957,9.734779997010413,0.003996495419414714,-0.0013372376561164856,0.008699519897424679,0,0.0002395886476603934,-0.00420746687048763,0.008699519897424679,29_KW_1
53316,135,2026-02-17 20:00:55.170000+00:00,123855.61391350819,426533.0638623529,6.062568929845987,0.0002632299583638087,-0.012772568385116756,0.04137048272762911,0,0.00695340920218353,-0.010717177502983408,0.04137048272762911,904_GSL_1
53317,5,2026-02-17 20:00:55.370000+00:00,124424.61817830768,426919.142028367,8.780609323587031,0.0009755301580298692,-0.004319402098190039,0.012783501580717171,11,-0.004427860720572283,5.424955564240438e-05,0.012783501580717171,TS4
53318,136,2026-02-17 20:00:59.600000+00:00,123855.60892169116,426533.07947594294,6.031801318367022,-0.006848420627648011,0.005367416830267757,0.009508775930283875,0,0.0024140608071632767,0.008359565714937263,0.009508775930283875,904_GSL_1
53319,140,2026-02-17 20:01:15.900000+00:00,123928.08521315991,426940.43751332024,7.140789760627935,-0.002310572555870749,0.003074643318541348,0.005216054425591032,0,0.002409555287035103,0.0029977025187491874,0.005216054425591032,905_GSL_1
53320,145,2026-02-17 20:01:32.200000+00:00,124266.92044844825,427056.31907172466,7.117996748274486,0.0021246954129310325,0.0043251170427538455,0.010029811982839476,0,0.0015406159730639005,0.0045659030273090895,0.010029811982839476,906_GSL_1
53321,6,2026-02-17 20:01:32.400000+00:00,124399.04015885667,426925.0765966529,8.56306809356926,0.0009881122969090939,0.0011474380153231323,0.015761397747702688,11,-0.0015142443645413746,6.626821737654169e-06,0.015761397747702688,TS5
53322,66,2026-02-17 20:06:22.460000+00:00,124898.94422657476,426720.76814238867,4.125799857743532,0.0066209110809722915,-0.006062766129616648,0.04351332733976765,0,0.008447459263598415,0.003038754461027388,0.04351332733976765,901_GSL_1
53323,71,2026-02-17 20:06:25.220000+00:00,124806.22230991656,426258.50504064036,4.6005477864815845,-0.005452018929645419,-0.010065491718705744,0.009044123332317078,0,0.005747428005504622,0.009899783092072626,0.009044123332317078,903_GSL_1
53324,71,2026-02-17 20:06:39.500000+00:00,124806.22492617459,426258.500858691,4.623898225257394,-0.0028357608971418813,-0.014247441082261503,0.0323945621081263,0,0.010918628947971763,0.009581996616300005,0.0323945621081263,903_GSL_1
53325,67,2026-02-17 20:06:56.260000+00:00,123855.61250120561,426533.06640061387,6.062171112598103,-0.0054932685306994244,-0.02470209082821384,0.017762964260526815,0,0.018414628839865034,-0.01735715227581154,0.017762964260526815,904_GSL_1
53326,110,2026-02-17 20:07:56.190000+00:00,124434.14140948154,426963.9311357862,8.789425376907985,0.0013236390659585595,-0.0009507872746326029,0.03836501665019654,0,-0.0006547628579924446,0.001492414961841547,0.03836501665019654,35_P9_0
53327,111,2026-02-17 20:08:11.130000+00:00,124434.26303506509,426963.97460055264,6.50634153598508,0.0013443057687254623,-0.0034632267197594047,0.04504902637031183,0,-0.0031031226027221086,0.002042480703644274,0.04504902637031183,36_P9_0
53328,167,2026-02-17 20:08:50.670000+00:00,124669.37689723812,426931.30609212,13.85356678712593,0.0006642501684837043,-0.000328497146256268,0.044194822309146176,0,0.0006471252468366187,0.0003610645043974648,0.044194822309146176,908_GSL_1
53329,113,2026-02-17 20:09:29.890000+00:00,124414.07938708841,426875.9127106458,7.341801892114157,0.0021524742332985625,-0.0025214923662133515,0.03845194698888044,0,0.0019397668686842544,-0.002688563477591951,0.03845194698888044,32_P7_0
53330,67,2026-02-17 20:09:43.410000+00:00,123855.61125254838,426533.0757112628,6.040814425777057,-0.006741925768437795,-0.015391441877000034,-0.0035937225605184864,0,0.01447206399380316,-0.008538700713777358,-0.0035937225605184864,904_GSL_1
53331,112,2026-02-17 20:09:44.700000+00:00,124413.95290027774,426875.8650439164,10.706724835805954,0.002165652927942574,-0.002222149050794542,0.03745922888528952,0,0.0016392354622247606,-0.0026345599457287174,0.03745922888528952,31_P7_0
53332,68,2026-02-17 20:09:59.010000+00:00,123928.08483121068,426940.43502845755,7.152849953804142,-0.024119151174090803,-0.012706547684501857,0.03403667276391609,0,0.02369179416982,-0.013486611747657314,0.03403667276391609,905_GSL_1
53333,161,2026-02-17 20:09:59.860000+00:00,124402.99226718271,426879.64267011365,6.5865357712257335,0.0008634361147414893,-0.004836773325223476,0.04491145040201161,0,0.0038276655049429174,-0.0030804017442702687,0.04491145040201161,34a_P7_0
53334,69,2026-02-17 20:10:14.820000+00:00,124266.91970978958,427056.31846743106,7.127711906124361,-0.022887407074449584,0.003629047016147524,0.03721053519692852,0,0.018794301900030987,-0.013556459749044576,0.03721053519692852,906_GSL_1
53335,107,2026-02-17 20:11:15.080000+00:00,124409.92307696746,426969.527353261,6.30462109332821,0.0022594601614400744,0.002942207909654826,0.015540769898176876,0,0.003395070115607498,0.001495074083408283,0.015540769898176876,38_P9_0
53336,106,2026-02-17 20:11:30.930000+00:00,124410.03449305457,426969.4525847069,8.939297303650385,0.0022892363485880196,0.00302336597815156,0.015410079311854119,0,0.0034851143913781787,0.001495099520617157,0.015410079311854119,37_P9_0
53337,160,2026-02-17 20:11:47.080000+00:00,124421.81328159095,426965.6202020066,5.611185830640338,0.002075430311379023,0.001563967962283641,0.019004600752999146,0,0.002379957537740643,0.0010436517057869296,0.019004600752999146,38a_P9_0
53338,162,2026-02-17 20:12:04.590000+00:00,124402.99775179464,426879.647997394,6.563016154887492,0.002323666325537488,0.00026380608323961496,0.018343111596925255,0,-6.126404047789079e-05,-0.002337790743273538,0.018343111596925255,34a_P7_0
53339,104,2026-02-17 20:12:21.580000+00:00,124389.81811404486,426881.44651142106,10.740686055849633,0.0010178345837630332,0.002171852916944772,0.014774187789425852,0,-0.0023353992896630463,-0.0005466648795989379,0.014774187789425852,33_P7_0
53340,105,2026-02-17 20:12:37.390000+00:00,124389.68918908329,426881.4741686826,7.077435113832833,0.0005036459333496168,0.0022154684411361814,0.01513921711004329,0,-0.002271823554271586,-2.7881501157688e-05,0.01513921711004329,34_P7_0
53341,153,2026-02-17 20:14:17.420000+00:00,124370.27888008532,426819.49730574194,9.744002669475092,0.005041280441218987,-0.0018173552816733718,0.017922192362103573,0,0.0004281668497240304,-0.005341718998191556,0.017922192362103573,29_KW_1
53342,130,2026-02-17 20:15:21.180000+00:00,124898.94204377299,426720.76323268964,4.129181363281067,0.003670775724458508,-0.00644400913733989,0.03911863081087308,0,0.005872886776407609,0.004528691763952424,0.03911863081087308,901_GSL_1
53343,133,2026-02-17 20:15:33.490000+00:00,124806.22994942978,426258.50970449205,4.6010330078603525,0.008053336248849519,-0.0017793212900869548,0.012875903675786837,0,0.005716612342512094,-0.00594496024510078,0.012875903675786837,903_GSL_1
53344,132,2026-02-17 20:15:37.270000+00:00,124806.22114870945,426258.49871652503,4.626750883952379,0.007014421673375182,-0.006425225408747792,0.044118709742058115,0,0.009072194356795057,-0.002860231200037793,0.044118709742058115,903_GSL_1
53345,153,2026-02-17 20:15:51.350000+00:00,124370.2792262429,426819.4972060889,9.743523780010484,0.005387438024627045,-0.0019170083105564117,0.017443302897495627,0,0.0004333158445151339,-0.005701898518110598,0.017443302897495627,29_KW_1
53346,135,2026-02-17 20:15:53.840000+00:00,123855.60944885662,426533.07108066836,6.061702914152696,-0.004201421616016887,-0.005554252944421023,0.04050446703433863,0,0.006595174845558294,-0.0022372612995934763,0.04050446703433863,904_GSL_1
53347,5,2026-02-17 20:15:54.040000+00:00,124424.6181217942,426919.1417057678,8.780748010102805,0.0009190166892949492,-0.004642001294996589,0.012922188096490927,11,-0.004730416775732498,-0.00012619360451790985,0.012922188096490927,TS4
53348,136,2026-02-17 20:16:08.320000+00:00,123855.61435020575,426533.07158940355,6.040590673636947,-0.0014199060387909412,-0.0025191225577145815,0.018298131200208623,0,0.002625320829804452,-0.0012123539748672006,0.018298131200208623,904_GSL_1
53349,140,2026-02-17 20:16:23.960000+00:00,123928.0848058814,426940.43095679855,7.150387046860828,-0.0027178510645171627,-0.0034818783751688898,0.01481334065848472,0,0.0026029228085734757,-0.0035686109736105713,0.01481334065848472,905_GSL_1
53350,145,2026-02-17 20:16:40.940000+00:00,124266.91944938569,427056.31798990286,7.127480552490939,0.0011256328580202535,0.003243295243009925,0.019513616199292372,0,0.0014870391459349734,0.0030943057287286004,0.019513616199292372,906_GSL_1
53351,6,2026-02-17 20:16:41.140000+00:00,124399.04004873426,426925.0765279486,8.553867340241748,0.0008779898780630901,0.0010787337087094784,0.006560644420190442,11,-0.0013903386729207851,3.861366167841395e-05,0.006560644420190442,TS5
53352,66,2026-02-17 20:21:23.170000+00:00,124898.94412059493,426720.76790140127,4.128466300455077,0.006514931243145838,-0.006303753529209644,0.04617977005131291,0,0.00844266434938048,0.003301977641299329,0.04617977005131291,901_GSL_1
53353,71,2026-02-17 20:21:23.580000+00:00,124806.21904956194,426258.50296465657,4.5954446861496905,-0.008712373542948626,-0.012141475512180477,0.003941023000423094,0,0.005819369629979815,0.013764295022790595,0.003941023000423094,903_GSL_1
53354,67,2026-02-17 20:21:40.130000+00:00,123855.60901249635,426533.0788503882,6.031815989587237,-0.008981977793155238,-0.012252316519152373,-0.012592158750338811,0,0.014452367340605052,-0.004682335252247582,-0.012592158750338811,904_GSL_1
53355,71,2026-02-17 20:21:40.270000+00:00,124806.22565570289,426258.50079611497,4.627342557421142,-0.002106232597725466,-0.014310017111711204,0.035838894271874366,0,0.011337716955005902,0.008981591158662285,0.035838894271874366,903_GSL_1
53356,68,2026-02-17 20:21:56.130000+00:00,123928.08482523967,426940.43645473185,7.141857267712318,-0.024125122188706882,-0.011280273378361017,0.023043986672091954,0,0.023744288801155904,-0.012061295014960038,0.023043986672091954,905_GSL_1
53357,67,2026-02-17 20:21:57.170000+00:00,123855.61481289497,426533.0627551078,6.063834409275113,-0.003181579173542559,-0.0283475968753919,0.01942626093753752,0,0.01854841875832516,-0.02167175249519659,0.01942626093753752,904_GSL_1
53358,69,2026-02-17 20:22:12.010000+00:00,124266.92052266988,427056.31917873793,7.11784701352915,-0.022074526772485115,0.004340353887528181,0.027345642601717124,0,0.01871895360498876,-0.012478949476314958,0.027345642601717124,906_GSL_1
53359,110,2026-02-17 20:22:56.190000+00:00,124434.1413602707,426963.93081163365,8.7895673267029,0.0012744282284984365,-0.0012749398010782897,0.038506966445110535,0,-0.0009820631602783054,0.0015116847406755813,0.038506966445110535,35_P9_0
53360,111,2026-02-17 20:23:11.380000+00:00,124434.26289104424,426963.9741918147,6.506429943358098,0.001200284925289452,-0.0038719646399840713,0.04513743374332968,0,-0.0035330066122899297,0.001987626311125842,0.04513743374332968,36_P9_0
53361,107,2026-02-17 20:23:13.260000+00:00,124409.92311756389,426969.52711978136,6.295946772247097,0.0023000565852271393,0.002708728250581771,0.006866448817063997,0,0.003177942608054995,0.0015900156636508736,0.006866448817063997,38_P9_0
53362,106,2026-02-17 20:23:28.950000+00:00,124410.03450538276,426969.45238392206,8.92994504349707,0.002301564541994594,0.0028225811547599733,0.006057819158540312,0,0.0032931877770497474,0.001555338542331885,0.006057819158540312,37_P9_0
53363,160,2026-02-17 20:23:45.140000+00:00,124421.81351405583,426965.6199544139,5.60138190228756,0.0023078951926436275,0.001316375273745507,0.009200672400221599,0,0.00227792660810653,0.0013675797781615544,0.009200672400221599,38a_P9_0
53364,167,2026-02-17 20:23:51.670000+00:00,124669.37672115855,426931.3063130677,13.85333913169437,0.0004881705972366035,-0.00010754948016256094,0.04396716687758584,0,0.00048223005241490976,0.00013164953185443767,0.04396716687758584,908_GSL_1
53365,162,2026-02-17 20:24:03.140000+00:00,124402.99743604196,426879.6478672939,6.553661971386333,0.002007913644774817,0.00013370602391660213,0.008988928095766013,0,4.0963369929329235e-05,-0.0020119434654155936,0.008988928095766013,34a_P7_0
53366,104,2026-02-17 20:24:19.370000+00:00,124389.81777056356,426881.4464050386,10.731792381844613,0.0006743532867403701,0.002065470442175865,0.00588051378440646,0,-0.0021602802428263147,-0.0002326150796788159,0.00588051378440646,33_P7_0
53367,113,2026-02-17 20:24:31.770000+00:00,124414.07938567852,426875.912334336,7.34160368378666,0.0021510643418878317,-0.0028978021582588553,0.03825373866138371,0,0.002305696398616064,-0.0027763463884681113,0.03825373866138371,32_P7_0
53368,105,2026-02-17 20:24:35.190000+00:00,124389.68883069666,426881.47420049633,7.068348556004081,0.00014525929873343557,0.0022472821874544024,0.006052659281291284,0,-0.0022277797048869306,0.0003292037065591363,0.006052659281291284,34_P7_0
53369,112,2026-02-17 20:24:47+00:00,124413.9529147904,426875.86466179363,10.707077506482095,0.0021801655821036547,-0.00260427180910483,0.03781189956143116,0,0.0020067772523335602,-0.0027401092461075485,0.03781189956143116,31_P7_0
53370,161,2026-02-17 20:25:02.970000+00:00,124402.99233553071,426879.6422864083,6.58654384733203,0.0009317841177107766,-0.00522047869162634,0.044919526508308216,0,0.004131381327051035,-0.003324651521924779,0.044919526508308216,34a_P7_0
53371,153,2026-02-17 20:26:14.670000+00:00,124370.27798264795,426819.49765487254,9.73444921193016,0.004143843078054488,-0.0014682246837764978,0.008368734817171486,0,0.0003272407056363858,-0.004384065772563784,0.008368734817171486,29_KW_1
53372,130,2026-02-17 20:30:21.300000+00:00,124898.94263823408,426720.7644862193,4.128482464492,0.00426523681380786,-0.005190479452721775,0.03841973202180604,0,0.005937652817645313,0.003142865101161269,0.03841973202180604,901_GSL_1
53373,133,2026-02-17 20:30:21.750000+00:00,124806.22318968803,426258.505566768,4.593005342682516,0.0012935944978380576,-0.005917045345995575,0.004848238497950241,0,0.005723805924962446,0.00198062063120871,0.004848238497950241,903_GSL_1
53374,132,2026-02-17 20:30:37.670000+00:00,124806.22485899745,426258.5006866706,4.6266585921604335,0.010724709674832411,-0.004455079848412424,0.04402641795011242,0,0.009221988051257854,-0.007058475079479402,0.04402641795011242,903_GSL_1
53375,153,2026-02-17 20:30:38.960000+00:00,124370.27790786487,426819.4974127949,9.734151875843065,0.004069059999892488,-0.0017103023128584027,0.008071398730075785,0,0.0005804631070748966,-0.004375550921360511,0.008071398730075785,29_KW_1
53376,135,2026-02-17 20:30:54.660000+00:00,123855.6126619953,426533.0658472519,6.062245968457379,-0.0009882829326670617,-0.010787669394630939,0.041047521339021564,0,0.006874617421220288,-0.008371985991072403,0.041047521339021564,904_GSL_1
53377,136,2026-02-17 20:30:54.860000+00:00,123855.61178256171,426533.07466515765,6.032315998470924,-0.0039875500806374475,0.0005566315376199782,0.010023456034185863,0,0.002908307484409591,0.0027842668497096417,0.010023456034185863,904_GSL_1
53378,5,2026-02-17 20:30:54.860000+00:00,124424.61818349139,426919.1420132767,8.780541789457274,0.0009807138703763485,-0.004334492376074195,0.012715967450960264,11,-0.004442427867163383,0.00012024349813635228,0.012715967450960264,TS4
53379,140,2026-02-17 20:31:11.650000+00:00,123928.0848647345,426940.43456396053,7.141489159392408,-0.0026589979679556563,0.00012528360821306705,0.005915453190064035,0,0.002661668629329873,3.8552350387854716e-05,0.005915453190064035,905_GSL_1
53380,145,2026-02-17 20:31:28.660000+00:00,124266.91962945007,427056.31835764373,7.11850059862499,0.001305697238421999,0.0036110361106693745,0.010533662333343408,0,0.001618448338151601,0.003482104542904385,0.010533662333343408,906_GSL_1
53381,6,2026-02-17 20:31:28.860000+00:00,124399.04021213183,426925.0766276042,8.554290669270038,0.0010413874551886693,0.0011783892987295985,0.006983973448480896,11,-0.0015713103309430447,-6.3820177502314e-05,0.006983973448480896,TS5
53382,66,2026-02-17 20:36:21.630000+00:00,124898.94406766439,426720.7682059908,4.127749407763486,0.006462000703322701,-0.005999164015520364,0.04546287735972143,0,0.008276313666751101,0.003041390153269794,0.04546287735972143,901_GSL_1
53383,71,2026-02-17 20:36:22.680000+00:00,124806.2227209731,426258.5052279424,4.592378064777311,-0.005040962380007841,-0.009878189652226865,0.0008744016280433087,0,0.00580187655331884,0.009451357626397667,0.0008744016280433087,903_GSL_1
53384,71,2026-02-17 20:36:38.440000+00:00,124806.22803254239,426258.5025165622,4.624291923787091,0.000270606906269677,-0.012589569902047515,0.03278826063782336,0,0.01103683903210156,0.006062893912624649,0.03278826063782336,903_GSL_1
53385,67,2026-02-17 20:36:39.990000+00:00,123855.61174527959,426533.07523790305,6.029017969940297,-0.006249194557312876,-0.015864801651332527,-0.015390178397279186,0,0.014349369317364689,-0.009210861210828496,-0.015390178397279186,904_GSL_1
53386,67,2026-02-17 20:36:55.180000+00:00,123855.61444647454,426533.0635122661,6.064083817402377,-0.0035479996004141867,-0.027590438607148826,0.019675669064801227,0,0.018426540721643004,-0.020839462582634413,0.019675669064801227,904_GSL_1
53387,68,2026-02-17 20:36:55.910000+00:00,123928.08481076756,426940.43437324674,7.144511889267077,-0.024139594301232137,-0.013361758494284004,0.025698608226851327,0,0.023690852776948143,-0.014142139081080281,0.025698608226851327,905_GSL_1
53388,69,2026-02-17 20:37:12.250000+00:00,124266.9196039767,427056.31841139775,7.119137364720092,-0.022993219958152622,0.0035730137024074793,0.028635993792659242,0,0.018829879000821424,-0.013670780803450988,0.028635993792659242,906_GSL_1
53389,110,2026-02-17 20:37:53.600000+00:00,124434.1418825088,426963.9308678104,8.789631632313426,0.0017966663290280849,-0.0012187630636617541,0.038571272055637706,0,-0.0008185187313443316,0.0020108257979367344,0.038571272055637706,35_P9_0
53390,111,2026-02-17 20:38:08.580000+00:00,124434.26304911338,426963.97457926936,6.506189514683056,0.0013583540567196906,-0.0034845100017264485,0.044897005068287754,0,-0.0031209764022949124,0.0020606896883948347,0.044897005068287754,36_P9_0
53391,107,2026-02-17 20:38:12.210000+00:00,124409.9230715618,426969.5274141181,6.296149528408442,0.002254054503282532,0.0030030650086700916,0.007069204978408905,0,0.0034528950765986026,0.0014753564789799414,0.007069204978408905,38_P9_0
53392,106,2026-02-17 20:38:27.130000+00:00,124410.03447519381,426969.45253016223,8.930530875645651,0.0022713755897711962,0.002968821325339377,0.006643651307120635,0,0.003427873925228047,0.0014908814454341972,0.006643651307120635,37_P9_0
53393,160,2026-02-17 20:38:42.310000+00:00,124421.81324321093,426965.62025656784,5.602025612059421,0.0020370502898003906,0.0016185292042791843,0.00984438217208261,0,0.0024087330739721836,0.000983471223083309,0.00984438217208261,38a_P9_0
53394,167,2026-02-17 20:38:47.270000+00:00,124669.37690774351,426931.30520052224,13.852928216432126,0.0006747555598849431,-0.0012200949131511152,0.04355625161534249,0,0.0006133601285537465,0.0012520846678213903,0.04355625161534249,908_GSL_1
53395,162,2026-02-17 20:38:59.250000+00:00,124402.99807173098,426879.64790692204,6.554101128395514,0.002643602667376399,0.00017333414871245623,0.00942808510494686,0,5.6614004060146916e-05,-0.0026486741295625176,0.00942808510494686,34a_P7_0
53396,104,2026-02-17 20:39:15.550000+00:00,124389.81824146386,426881.4464213791,10.731848715785357,0.0011452535836724564,0.002081810962408781,0.005936847725150685,0,-0.0022736564393870426,-0.000689948584862535,0.005936847725150685,33_P7_0
53397,113,2026-02-17 20:39:26.470000+00:00,124414.0792690404,426875.9127333226,7.341502295665963,0.0020344262302387506,-0.002498815592844039,0.03815235054068644,0,0.0019457019209914623,-0.0025685041343112714,0.03815235054068644,32_P7_0
53398,105,2026-02-17 20:39:30.350000+00:00,124389.68930252577,426881.4742380195,7.0686540559867,0.0006170884153107181,0.002284805348608643,0.006358159263910146,0,-0.002363407083387618,-0.00012426001583207562,0.006358159263910146,34_P7_0
53399,112,2026-02-17 20:39:40.790000+00:00,124413.95280921338,426875.86500610434,10.706771945663801,0.0020745885703945532,-0.0022599610965698957,0.037506338743137135,0,0.0016977434179772293,-0.002555192591789534,0.037506338743137135,31_P7_0
53400,161,2026-02-17 20:39:56.070000+00:00,124402.99224627278,426879.64268506784,6.586184565919175,0.0008425261912634596,-0.004821819136850536,0.04456024509545298,0,0.0038245911984762333,-0.003054880085371779,0.04456024509545298,34a_P7_0
53401,153,2026-02-17 20:41:09.240000+00:00,124370.27920409346,426819.4974186094,9.735242428897632,0.005365288583561778,-0.0017044878331944346,0.009161951784642852,0,0.0002340906987549474,-0.005624660158904058,0.009161951784642852,29_KW_1
53402,130,2026-02-17 20:45:21.060000+00:00,124898.94122571868,426720.7611737618,4.126806961506328,0.002852721416275017,-0.00850293698022142,0.036744229036133724,0,0.005912593733731706,0.006743826221688076,0.036744229036133724,901_GSL_1
53403,133,2026-02-17 20:45:21.730000+00:00,124806.22823962942,426258.50872214336,4.591393334993117,0.006343535889755003,-0.002761669980827719,0.003236230808551177,0,0.005663609219734733,-0.003973763867387001,0.003236230808551177,903_GSL_1
53404,132,2026-02-17 20:45:37.060000+00:00,124806.21996197198,426258.4979643779,4.625225834463544,0.005827684202813543,-0.007177372521255165,0.042593660253222865,0,0.00912992196484214,-0.001456401178413527,0.042593660253222865,903_GSL_1
53405,153,2026-02-17 20:45:38.960000+00:00,124370.27849834262,426819.4976626111,9.735235210076384,0.004659537749830633,-0.001460486149881035,0.009154732963395418,0,0.00018420143823049117,-0.004879588268106734,0.009154732963395418,29_KW_1
53406,135,2026-02-17 20:45:54.890000+00:00,123855.6084515951,426533.07244236575,6.063284533626521,-0.005198683138587512,-0.004192555556073785,0.04208608650816359,0,0.00665588054953286,-0.0005505293602973688,0.04208608650816359,904_GSL_1
53407,5,2026-02-17 20:45:55.090000+00:00,124424.61813568757,426919.1418576482,8.780330743852852,0.0009329100575996563,-0.004490120860282332,0.012504921846538508,11,-0.004585297207208874,-8.096935886890981e-05,0.012504921846538508,TS4
53408,136,2026-02-17 20:45:56.060000+00:00,123855.61361525378,426533.0726306855,6.031331976017329,-0.0021548580116359517,-0.0014778405893594027,0.009039433580590561,0,0.002612196126910404,6.210678243218891e-05,0.009039433580590561,904_GSL_1
53409,140,2026-02-17 20:46:11.790000+00:00,123928.08488715866,426940.43348396727,7.142730496376355,-0.0026365738012827933,-0.0009547096560709178,0.007156790174011718,0,0.002604056397845649,-0.0010401356708838467,0.007156790174011718,905_GSL_1
53410,145,2026-02-17 20:46:28.280000+00:00,124266.91947755853,427056.31806980737,7.119002438700681,0.001153805700596422,0.0033231997513212264,0.011035502409034947,0,0.0015233613107376621,0.00317085075316671,0.011035502409034947,906_GSL_1
53411,6,2026-02-17 20:46:28.480000+00:00,124399.04014063273,426925.0764261162,8.553973874510861,0.0009698883513920009,0.0009769013267941773,0.0066671786893035545,11,-0.0013742792743373499,-7.985043885242469e-05,0.0066671786893035545,TS5
53412,66,2026-02-17 20:51:22.300000+00:00,124898.9451554192,426720.77025722084,4.127111388789099,0.00754975552263204,-0.003947933961171657,0.044824858385334565,0,0.00848841042519834,0.0007293006695935942,0.044824858385334565,901_GSL_1
53413,71,2026-02-17 20:51:23.390000+00:00,124806.21830853549,426258.50230622035,4.593735995887576,-0.00945339999452699,-0.012799911724869162,0.0022323327383082514,0,0.005994959118540642,0.014739911016963172,0.0022323327383082514,903_GSL_1
53414,71,2026-02-17 20:51:38.370000+00:00,124806.22908302564,426258.5029329279,4.624824061033616,0.0013210901524871588,-0.012173204158898443,0.033320397884348374,0,0.01120174587054497,0.004945004361671447,0.033320397884348374,903_GSL_1
53415,67,2026-02-17 20:51:40.330000+00:00,123855.60997104355,426533.0769493457,6.031843969173291,-0.008023430593311787,-0.014153358992189169,-0.012564179164284539,0,0.014787097662347362,-0.006784891448776076,-0.012564179164284539,904_GSL_1
53416,67,2026-02-17 20:51:55.590000+00:00,123855.61507730957,426533.0621016864,6.06211325360168,-0.0029171645728638396,-0.029001018323469907,0.017705105264104404,0,0.01869647602200244,-0.022360918972665168,0.017705105264104404,904_GSL_1
53417,68,2026-02-17 20:51:56.250000+00:00,123928.08481575898,426940.43654675304,7.144516993107438,-0.024134602877893485,-0.011188252188730985,0.025703712067212336,0,0.023756763910861824,-0.01196963707034768,0.025703712067212336,905_GSL_1
53418,69,2026-02-17 20:52:12.360000+00:00,124266.92060824076,427056.31922702707,7.119287836794259,-0.02198895589390304,0.0043886430212296546,0.028786465866826205,0,0.01869228226600882,-0.01238438341459328,0.028786465866826205,906_GSL_1
53419,110,2026-02-17 20:52:54.270000+00:00,124434.14137542887,426963.93086103996,8.788994896572492,0.0012895863910671324,-0.001225533487740904,0.03793453631470278,0,-0.0009305841949863695,0.0015162382549063673,0.03793453631470278,35_P9_0
53420,111,2026-02-17 20:53:09.170000+00:00,124434.26297875361,426963.97443059,6.506019799590752,0.0012879942951258272,-0.003633189364336431,0.04472728997598363,0,-0.003281125913825015,0.002023167565732012,0.04472728997598363,36_P9_0
53421,107,2026-02-17 20:53:11.330000+00:00,124409.92302578245,426969.5271551119,6.295838994401361,0.0022082751529524103,0.002744058787357062,0.006758670971327874,0,0.003190432596411664,0.001492473660528865,0.006758670971327874,38_P9_0
53422,106,2026-02-17 20:53:26.240000+00:00,124410.03451135279,426969.45230307424,8.93008753983033,0.002307534567080438,0.002741733333095908,0.006200315491799557,0,0.0032161435605891735,0.0015805815530244229,0.006200315491799557,37_P9_0
53423,160,2026-02-17 20:53:41.600000+00:00,124421.81326772497,426965.62006694527,5.601823246435219,0.0020615643297787756,0.0014289066311903298,0.009642016547880772,0,0.002255407515441782,0.0010977060561756212,0.009642016547880772,38a_P9_0
53424,167,2026-02-17 20:53:49.240000+00:00,124669.37687031546,426931.3060283809,13.852274220918812,0.0006373275100486353,-0.00039223628118634224,0.04290225610202825,0,0.0006170715779720775,0.00042338909173800747,0.04290225610202825,908_GSL_1
53425,162,2026-02-17 20:53:59.990000+00:00,124402.99770490712,426879.6477365583,6.553634097947715,0.0022767788032069802,2.9703951440751553e-06,0.008961054657147471,0,0.0001945233784033193,-0.0022684556855346503,0.008961054657147471,34a_P7_0
53426,104,2026-02-17 20:54:15.340000+00:00,124389.81801161657,426881.44626252196,10.731715464962395,0.0009154063009191304,0.001922953815665096,0.005803596902188346,0,-0.002070698017663158,-0.0004979254889933474,0.005803596902188346,33_P7_0
53427,113,2026-02-17 20:54:28.940000+00:00,124414.07948430105,426875.91247055214,7.3410364923199,0.002249686876893975,-0.0027615860453806818,0.03768654719462372,0,0.002149994880540023,-0.002839889178077548,0.03768654719462372,32_P7_0
53428,105,2026-02-17 20:54:30.490000+00:00,124389.68924993089,426881.47392749,7.068415239649845,0.0005644935299642384,0.0019742758595384657,0.006119342927054738,0,-0.002048752652623192,-0.00013795174263947285,0.006119342927054738,34_P7_0
53429,112,2026-02-17 20:54:43.500000+00:00,124413.95292584122,426875.8649659945,10.706592568167554,0.002191216408391483,-0.0023000709479674697,0.03732696124689028,0,0.0017087742701615307,-0.0026780302850643745,0.03732696124689028,31_P7_0
53430,161,2026-02-17 20:54:59.510000+00:00,124402.99230217894,426879.642406273,6.5861411854341565,0.000898432350368239,-0.005100613983813673,0.04451686461043458,0,0.0040422703613724395,-0.0032378224203365017,0.04451686461043458,34a_P7_0
53431,153,2026-02-17 20:56:09.190000+00:00,124370.27898773525,426819.49709810206,9.734656891879698,0.0051489303732523695,-0.0020249951630830765,0.008576414766709561,0,0.0006002028273482178,-0.0055001678124538935,0.008576414766709561,29_KW_1
53432,130,2026-02-17 21:00:21.660000+00:00,124898.9430671317,426720.7649743745,4.128408685505684,0.004694134433520958,-0.004702324280515313,0.038345953035489266,0,0.0061449905702215995,0.0025270224793180226,0.038345953035489266,901_GSL_1
53433,133,2026-02-17 21:00:21.750000+00:00,124806.22993190054,426258.5092370058,4.59268153154463,0.008035807011765428,-0.002246807562187314,0.004524427360064642,0,0.006106416261883031,-0.005686300993479943,0.004524427360064642,903_GSL_1
53434,132,2026-02-17 21:00:38.070000+00:00,124806.2262323837,426258.5012814136,4.625599951284047,0.01209809593274258,-0.0038603368448093534,0.04296777707372623,0,0.00939391689032445,-0.00854520047809952,0.04296777707372623,903_GSL_1
53435,153,2026-02-17 21:00:38.810000+00:00,124370.27888170301,426819.49712320184,9.734318399522252,0.005042898133979179,-0.0019998953794129193,0.008237922409263021,0,0.0006038599804814921,-0.005391266663991007,0.008237922409263021,29_KW_1
53436,135,2026-02-17 21:00:55.080000+00:00,123855.61180431914,426533.06683704734,6.062021215988244,-0.0018459590937709436,-0.009797873964998871,0.04082276886988634,0,0.007028623940085416,-0.007071375023199978,0.04082276886988634,904_GSL_1
53437,5,2026-02-17 21:00:55.280000+00:00,124424.618134481,426919.14157843427,8.780816784952531,0.0009317034855484962,-0.004769334802404046,0.012990962946217266,11,-0.004859142322171866,-5.7980473298027686e-05,0.012990962946217266,TS4
53438,136,2026-02-17 21:00:56.880000+00:00,123855.61479987059,426533.0703338291,6.032908969377785,-0.0009702412062324584,-0.003774697019252926,0.010616426941046697,0,0.002995183780202207,-0.0024937080238556317,0.010616426941046697,904_GSL_1
53439,140,2026-02-17 21:01:12.880000+00:00,123928.08464934702,426940.43124368007,7.142341120524057,-0.002874385449104011,-0.003194996854290366,0.006767414321712906,0,0.00276872311796726,-0.003286984774071803,0.006767414321712906,905_GSL_1
53440,145,2026-02-17 21:01:28.800000+00:00,124266.91912814161,427056.31772612414,7.118291119858974,0.0008043887792155147,0.0029795165173709393,0.010324183567327339,0,0.0015290630283301561,0.002680769710513734,0.010324183567327339,906_GSL_1
53441,6,2026-02-17 21:01:29+00:00,124399.04011768164,426925.0765022727,8.554775734932534,0.0009469372598687187,0.0010530577856115997,0.007469039110976183,11,-0.0014144711948583153,6.994364074719555e-05,0.007469039110976183,TS5
53442,66,2026-02-17 21:06:21.280000+00:00,124898.94386175842,426720.7668352944,4.129829698303962,0.006256094740820117,-0.007369860424660146,0.04754316790019786,0,0.008615207171822589,0.004385404140061166,0.04754316790019786,901_GSL_1
53443,71,2026-02-17 21:06:22.670000+00:00,124806.22411474807,426258.5059066651,4.5908217808920515,-0.003647187419119291,-0.00919946696376428,-0.0006818822572158822,0,0.005949254981714838,0.007908130856916417,-0.0006818822572158822,903_GSL_1
53444,71,2026-02-17 21:06:37.520000+00:00,124806.2245625194,426258.50003054633,4.627323844839331,-0.0031994160817703232,-0.015075585746672004,0.03582018169006318,0,0.011453829536174699,0.01031112689407917,0.03582018169006318,903_GSL_1
53445,67,2026-02-17 21:06:40.050000+00:00,123855.61219018238,426533.0740120699,6.031200970136606,-0.0058042917662533,-0.017090634792111814,-0.013207178200969949,0,0.014705671185563462,-0.010465315833133138,-0.013207178200969949,904_GSL_1
53446,67,2026-02-17 21:06:54.490000+00:00,123855.61196239488,426533.06640497694,6.063523796491927,-0.006032079269061796,-0.02469772775657475,0.01911564815435085,0,0.018858043936387826,-0.017051038547237943,0.01911564815435085,904_GSL_1
53447,68,2026-02-17 21:06:55.900000+00:00,123928.08469439624,426940.43663935293,7.144949450473123,-0.02425596561806742,-0.011095652298536152,0.026136169432897205,0,0.023881084828235755,-0.01188104184915984,0.026136169432897205,905_GSL_1
53448,69,2026-02-17 21:07:12.090000+00:00,124266.91974740724,427056.3183781803,7.119123255745425,-0.02284978941315785,0.00353979627834633,0.028621884817992438,0,0.018704705005634824,-0.01359327203325361,0.028621884817992438,906_GSL_1
53449,110,2026-02-17 21:07:53.960000+00:00,124434.14148659397,426963.93060903094,8.789582322470327,0.0014007514982949942,-0.0014775425079278648,0.03852196221253834,0,-0.0011539706323484453,0.0016773754506331506,0.03852196221253834,35_P9_0
53450,111,2026-02-17 21:08:09.180000+00:00,124434.26303464646,426963.97413740057,6.506472494295225,0.0013438871392281726,-0.003926378791220486,0.045179984680456364,0,-0.003556010073928804,0.0021394568023790036,0.045179984680456364,36_P9_0
53451,107,2026-02-17 21:08:11.050000+00:00,124409.92305227705,426969.5272157337,6.296573361501821,0.0022347697522491217,0.0028046806110069156,0.007493038071787694,0,0.003255616883564125,0.0015037911699361515,0.007493038071787694,38_P9_0
53452,106,2026-02-17 21:08:25.910000+00:00,124410.03446118408,426969.45238514576,8.930987106956476,0.002257365864352323,0.002823804854415357,0.007099882617945141,0,0.0032837454282298763,0.001512147632985031,0.007099882617945141,37_P9_0
53453,160,2026-02-17 21:08:40.980000+00:00,124421.81331549848,426965.6200634223,5.602865583259129,0.0021093378454679623,0.001425383670721203,0.010684353371790856,0,0.0022757323160990193,0.0011410815836497708,0.010684353371790856,38a_P9_0
53454,167,2026-02-17 21:08:48.770000+00:00,124669.37698341689,426931.3051742801,13.853455470997684,0.0007504289387725294,-0.00124633708037436,0.0440835061809004,0,0.0006876353411900348,0.0012820520065932634,0.0440835061809004,908_GSL_1
53455,162,2026-02-17 21:08:57.840000+00:00,124402.99760908059,426879.64775217534,6.554525740391638,0.0021809522731928155,1.8587452359497547e-05,0.009852697101070618,0,0.0001706541805527005,-0.002174344835114709,0.009852697101070618,34a_P7_0
53456,104,2026-02-17 21:09:13.210000+00:00,124389.81799604684,426881.44638517196,10.732454979721416,0.0008998365665320307,0.0020456038182601333,0.006543111661208911,0,-0.002187476004793725,-0.000457328717882743,0.006543111661208911,33_P7_0
53457,113,2026-02-17 21:09:28.160000+00:00,124414.07919979011,426875.9123010581,7.3418480770218135,0.0019651759357657284,-0.002931080060079694,0.03849813189653695,0,0.002382063349618229,-0.0026036361065853784,0.03849813189653695,32_P7_0
53458,105,2026-02-17 21:09:28.910000+00:00,124389.68904397046,426881.4741450621,7.069221887964384,0.00035853309964295477,0.002191847946960479,0.006925991241594431,0,-0.0022182991857382876,0.00010905103707577302,0.006925991241594431,34_P7_0
53459,112,2026-02-17 21:09:42.620000+00:00,124413.95275225985,426875.864568925,10.70695045402105,0.002017635037191212,-0.002697140444070101,0.037684847100385,0,0.0021358444298550153,-0.0026045318753660034,0.037684847100385,31_P7_0
53460,161,2026-02-17 21:09:57.970000+00:00,124402.99212884982,426879.6421643523,6.586624936280563,0.0007251032220665365,-0.0053425346850417554,0.045000615456840976,0,0.004337700372783496,-0.003202000471498935,0.045000615456840976,34a_P7_0
53461,153,2026-02-17 21:11:07.930000+00:00,124370.27861658775,426819.49732314004,9.735655704194734,0.004777782873134129,-0.0017999571864493191,0.009575227081745297,0,0.0004806504565124784,-0.005082915521088139,0.009575227081745297,29_KW_1
53462,130,2026-02-17 21:15:20.860000+00:00,124898.94330207523,426720.7653035897,4.127027879781515,0.004929077971610241,-0.004373109084554017,0.036965147311320834,0,0.006234716228071831,0.0021326524027698384,0.036965147311320834,901_GSL_1
53463,133,2026-02-17 21:15:22.080000+00:00,124806.22485987683,426258.50612085237,4.591934994044424,0.002963783306768164,-0.00536296097561717,0.0037778898598581634,0,0.006121629705392234,0.0002664801409668119,0.0037778898598581634,903_GSL_1
53464,132,2026-02-17 21:15:36.760000+00:00,124806.22658911985,426258.501091049,4.626471527394872,0.012454832074581645,-0.004050701449159533,0.04383935318455112,0,0.009737190153159771,-0.008758889892986399,0.04383935318455112,903_GSL_1
53465,153,2026-02-17 21:15:39.220000+00:00,124370.27776206452,426819.49754814146,9.734959155123502,0.003923259646398947,-0.0015749557642266154,0.008878678010512786,0,0.00048820251783881125,-0.004199298776451715,0.008878678010512786,29_KW_1
53466,135,2026-02-17 21:15:54.180000+00:00,123855.61260534977,426533.06529470556,6.061331732227488,-0.0010449284600326791,-0.011340215743985027,0.04013328510913006,0,0.007231721250145864,-0.008797418733179687,0.04013328510913006,904_GSL_1
53467,5,2026-02-17 21:15:54.380000+00:00,124424.61816022439,426919.14193947834,8.781060960440197,0.0009574468713253736,-0.004408290726132691,0.01323513843388291,11,-0.004510078003318771,9.448831408381585e-05,0.01323513843388291,TS4
53468,136,2026-02-17 21:15:56.410000+00:00,123855.6100725468,426533.076709722,6.028346397552177,-0.00569756499317009,0.0026011958834715188,0.0060538551154385445,0,0.003099022393355483,0.005442841820323985,0.0060538551154385445,904_GSL_1
53469,140,2026-02-17 21:16:12.970000+00:00,123928.0846853902,426940.43606469413,7.1417008539386355,-0.0028383422613842413,0.0016260172124020755,0.00612714773629186,0,0.0028898311107493947,0.0015326431153835345,0.00612714773629186,905_GSL_1
53470,145,2026-02-17 21:16:29.020000+00:00,124266.91979367856,427056.3184925453,7.118833870927475,0.0014699257299071178,0.0037459376617334783,0.010866934635829217,0,0.001597000992083066,0.003693550926726469,0.010866934635829217,906_GSL_1
53471,6,2026-02-17 21:16:29.220000+00:00,124399.04018069335,426925.07651624293,8.55394618134755,0.0010099489736603573,0.0010670280316844583,0.006639485525992583,11,-0.0014687200268410988,-3.75130984310846e-05,0.006639485525992583,TS5
53472,71,2026-02-17 21:21:21.700000+00:00,124806.22732035608,426258.50748478784,4.590665949278041,-0.0004415794101078063,-0.007621344237122685,-0.0008377138712267751,0,0.006273632020983527,0.004349876046675866,-0.0008377138712267751,903_GSL_1
53473,66,2026-02-17 21:21:22.480000+00:00,124898.94367265813,426720.76623382856,4.1271078160272445,0.006066994450520724,-0.00797132623847574,0.0448212856234802,0,0.008672817161795758,0.00501325304975941,0.0448212856234802,901_GSL_1
53474,67,2026-02-17 21:21:38.180000+00:00,123855.61210692908,426533.07389192976,6.02959613936612,-0.00588754506316036,-0.017210774938575923,-0.014812008971455626,0,0.014843474785471435,-0.01051404856133596,-0.014812008971455626,904_GSL_1
53475,71,2026-02-17 21:21:38.870000+00:00,124806.22494502302,426258.50019904075,4.626681371488513,-0.002816912470734678,-0.01490709133213386,0.03517770833924594,0,0.01149925632982502,0.009895628919545246,0.03517770833924594,903_GSL_1
53476,68,2026-02-17 21:21:53.960000+00:00,123928.08445488059,426940.43336416286,7.142502748915224,-0.02449548126605805,-0.01437084237113595,0.02368946787499837,0,0.024013627928497722,-0.015162301494941702,0.02368946787499837,905_GSL_1
53477,67,2026-02-17 21:21:55.870000+00:00,123855.61400038277,426533.0633734579,6.061158583822088,-0.003994091370259412,-0.027729246823582798,0.016750435484512494,0,0.018873619616799103,-0.020703873498394774,0.016750435484512494,904_GSL_1
53478,69,2026-02-17 21:22:10.100000+00:00,124266.91956215932,427056.3183489379,7.117732461599667,-0.023035037331283092,0.0035105538554489613,0.027231090672234615,0,0.018815515813961327,-0.013744573397533462,0.027231090672234615,906_GSL_1
53479,110,2026-02-17 21:22:55.160000+00:00,124434.14145021555,426963.9309321685,8.78981346485596,0.0013643730781041086,-0.001154404948465526,0.03875310459817172,0,-0.0008454593371447536,0.0015745993746130245,0.03875310459817172,35_P9_0
53480,107,2026-02-17 21:23:09.890000+00:00,124409.92320786991,426969.5271686599,6.296002909807415,0.0023903626133687794,0.0027576067950576544,0.006922586377381634,0,0.0032468872688431877,0.0016661187601618899,0.006922586377381634,38_P9_0
53481,111,2026-02-17 21:23:10.460000+00:00,124434.26294524348,426963.9744181957,6.50666528373257,0.0012544841592898592,-0.0036455836379900575,0.045372774117801384,0,-0.003300289727414603,0.001993012363888306,0.045372774117801384,36_P9_0
53482,106,2026-02-17 21:23:25.060000+00:00,124410.03479273028,426969.45243619365,8.9300888706426,0.0025889120588544756,0.0028748527402058244,0.006201646304068831,0,0.0034130142559928916,0.0018216963563504056,0.006201646304068831,37_P9_0
53483,160,2026-02-17 21:23:40.460000+00:00,124421.81355569126,426965.62001789396,5.6017965169497055,0.0023495306231779978,0.0013798553263768554,0.009615287062366917,0,0.00235365965445019,0.0013728004596426904,0.009615287062366917,38a_P9_0
53484,167,2026-02-17 21:23:48.600000+00:00,124669.37703878629,426931.3059523354,13.853686240667006,0.0008057983359321952,-0.00046828173799440265,0.04431427585022263,0,0.0007815600568512181,0.0005077032813217518,0.04431427585022263,908_GSL_1
53485,162,2026-02-17 21:23:57.610000+00:00,124402.99760424302,426879.64781263174,6.553647150300259,0.0021761147072538733,7.904384983703494e-05,0.008974107009692034,0,0.00011000298134625486,-0.0021747695265058793,0.008974107009692034,34a_P7_0
53486,104,2026-02-17 21:24:12.740000+00:00,124389.81798924331,426881.4464693547,10.73171137245989,0.0008930330368457362,0.0021297865314409137,0.005799504399682576,0,-0.0022684322814800328,-0.00043325934351647787,0.005799504399682576,33_P7_0
53487,105,2026-02-17 21:24:27.890000+00:00,124389.6891277558,426881.47415667365,7.068330803086173,0.00044231844367459416,0.002203459502197802,0.006034906363383108,0,-0.0022472216667994995,2.9566259610905433e-05,0.006034906363383108,34_P7_0
53488,113,2026-02-17 21:24:28.250000+00:00,124414.07941899367,426875.9127180849,7.342087336527741,0.0021843794966116548,-0.0025140533107332885,0.03873739140246446,0,0.0019249807023408853,-0.0027177982136357337,0.03873739140246446,32_P7_0
53489,112,2026-02-17 21:24:43.200000+00:00,124413.95286649467,426875.864920149,10.707463962631355,0.002131869856384583,-0.002345916465856135,0.038198355710690635,0,0.001767491101158457,-0.0026313814540392705,0.038198355710690635,31_P7_0
53490,161,2026-02-17 21:24:59.220000+00:00,124402.99228043904,426879.6426278924,6.586865807885692,0.0008766924438532442,-0.004878994601313025,0.045241487061970176,0,0.003858329297238041,-0.003112309913042983,0.045241487061970176,34a_P7_0
53491,153,2026-02-17 21:26:06.890000+00:00,124370.27865552926,426819.49739486503,9.734770048007213,0.004816724380361848,-0.0017282321932725608,0.00868957089422473,0,0.0004012084706359392,-0.005101632291073699,0.00868957089422473,29_KW_1
53492,130,2026-02-17 21:30:20.880000+00:00,124898.94323478828,426720.76542659884,4.1279369111622515,0.00486179102153983,-0.004250099940691143,0.037874178692057114,0,0.006125179214571715,0.002045126165390973,0.037874178692057114,901_GSL_1
53493,133,2026-02-17 21:30:21.830000+00:00,124806.22606073099,426258.506830568,4.590991810880755,0.004164637459325604,-0.004653245327062905,0.0028347066961895706,0,0.006141978422825548,-0.0011282722610239859,0.0028347066961895706,903_GSL_1
53494,132,2026-02-17 21:30:37.280000+00:00,124806.2223517512,426258.4988213863,4.625917173465618,0.008217463429900818,-0.006320364132989198,0.04328499925529705,0,0.009583122961555671,-0.003954423131006349,0.04328499925529705,903_GSL_1
53495,153,2026-02-17 21:30:38.810000+00:00,124370.27846299722,426819.49733795645,9.734259625063787,0.004624192340997979,-0.0017851407756097615,0.008179147950798438,0,0.000506728945542674,-0.0049308324014346915,0.008179147950798438,29_KW_1
53496,135,2026-02-17 21:30:54.290000+00:00,123855.61086168392,426533.06817020016,6.062185416445377,-0.0027885943127330393,-0.00846472114790231,0.04098696932701973,0,0.007060153307529169,-0.00543893350087465,0.04098696932701973,904_GSL_1
53497,5,2026-02-17 21:30:54.490000+00:00,124424.61815893817,426919.14185776253,8.781221049149758,0.0009561606566421688,-0.004490006540436298,0.013395227143444544,11,-0.004590648750689237,-1.8600598551241087e-05,0.013395227143444544,TS4
53498,136,2026-02-17 21:30:55.660000+00:00,123855.61230366658,426533.0738804732,6.028838833354065,-0.0034664452105062082,-0.0002280529006384313,0.006546290917326836,0,0.0029447481672154586,0.001843016211163708,0.006546290917326836,904_GSL_1
53499,140,2026-02-17 21:31:12.310000+00:00,123928.08463805653,426940.4328869292,7.142959926341267,-0.0028856759308837354,-0.001551747729536146,0.007386220138923427,0,0.0028335666675990702,-0.001644976150123094,0.007386220138923427,905_GSL_1
53500,145,2026-02-17 21:31:28.310000+00:00,124266.9192447455,427056.31803742214,7.118465901417025,0.0009209926647599787,0.003290814522188157,0.010498965125378845,0,0.0016657152726531237,0.0029838029992672577,0.010498965125378845,906_GSL_1
53501,6,2026-02-17 21:31:28.510000+00:00,124399.04017019155,426925.07649797713,8.555095191817761,0.00099944717658218,0.0010487622348591685,0.0077884959962037925,11,-0.001448714115392932,-4.929087761741968e-06,0.0077884959962037925,TS5
53502,66,2026-02-17 21:36:22.550000+00:00,124898.94373639993,426720.766127339,4.129428080705617,0.006130736248451285,-0.008077815815340728,0.04714155030185285,0,0.008772709752831157,0.005086904646956183,0.04714155030185285,901_GSL_1
53503,71,2026-02-17 21:36:23.700000+00:00,124806.22260447213,426258.5045831189,4.593337068778698,-0.00515746335440781,-0.010523013188503683,0.0018334056294309065,0,0.006291416066430465,0.009886926655768338,0.0018334056294309065,903_GSL_1
53504,67,2026-02-17 21:36:40.030000+00:00,123855.60995802828,426533.07692028565,6.03125721694774,-0.008036445869947784,-0.014182419050484896,-0.013150931389835918,0,0.014814654301612041,-0.006800844820159145,-0.013150931389835918,904_GSL_1
53505,71,2026-02-17 21:36:42.310000+00:00,124806.2255778628,426258.5006112447,4.624910890274864,-0.00218407268403098,-0.01449488737853244,0.03340722712559696,0,0.011458864862697853,0.00914146321241287,0.03340722712559696,903_GSL_1
53506,68,2026-02-17 21:36:56.050000+00:00,123928.08457389647,426940.43593511276,7.1453027151999935,-0.02437646538601257,-0.011799892468843609,0.026489434159767455,0,0.023978546166461542,-0.012588838339362904,0.026489434159767455,905_GSL_1
53507,67,2026-02-17 21:36:59.010000+00:00,123855.61241281765,426533.0659974037,6.059676269950653,-0.005581656499998644,-0.0251053009997122,0.01526812161307678,0,0.018714148225416522,-0.01764119281021743,0.01526812161307678,904_GSL_1
53508,69,2026-02-17 21:37:12.230000+00:00,124266.92069349218,427056.3191988419,7.119109657432372,-0.021903704473515972,0.004360457882285118,0.028608286504939073,0,0.018611944045993076,-0.012344286185726942,0.028608286504939073,906_GSL_1
53509,110,2026-02-17 21:37:57.370000+00:00,124434.14149284453,426963.9308921972,8.790154632545525,0.0014070020552026108,-0.001194376265630126,0.039094272287735876,0,-0.0008756930932980372,0.0016246079692021243,0.039094272287735876,35_P9_0
53510,107,2026-02-17 21:38:11.700000+00:00,124409.92323283022,426969.5270746151,6.296845675604602,0.0024153229169314727,0.002663562016095966,0.0077653521745686405,0,0.0031614748095331814,0.0017127242730021366,0.0077653521745686405,38_P9_0
53511,111,2026-02-17 21:38:12.100000+00:00,124434.26284468673,426963.97441583365,6.506959241233422,0.001153927412815392,-0.003647945704869926,0.04566673161865342,0,-0.0033237442270282495,0.0018951993702568995,0.04566673161865342,36_P9_0
53512,106,2026-02-17 21:38:26.640000+00:00,124410.03465696084,426969.4522944416,8.931235761828594,0.0024531426170142367,0.0027331006713211536,0.007348537490063478,0,0.003242775357717544,0.0017239941874517594,0.007348537490063478,37_P9_0
53513,160,2026-02-17 21:38:41.830000+00:00,124421.81346375737,426965.62011748,5.603146705926488,0.002257596730487421,0.001479441358242184,0.010965476039149102,0,0.002395466757580099,0.0012438764984168075,0.010965476039149102,38a_P9_0
53514,167,2026-02-17 21:38:50.260000+00:00,124669.37709730654,426931.30681953195,13.85351713100168,0.0008643185865366831,0.00039891479536890984,0.04414516618489728,0,0.0008830548376488766,-0.00035551903845209925,0.04414516618489728,908_GSL_1
53515,162,2026-02-17 21:38:58.940000+00:00,124402.99744397803,426879.64778082096,6.554807491443205,0.0020158497209195048,4.7233072109520435e-05,0.010134448152637532,0,0.00012779355383092038,-0.0020123493404554317,0.010134448152637532,34a_P7_0
53516,104,2026-02-17 21:39:14.300000+00:00,124389.81786934406,426881.44637006207,10.73282393574323,0.0007731337827863172,0.00203049392439425,0.006912067683023437,0,-0.002146489592004865,-0.00033648752503210276,0.006912067683023437,33_P7_0
53517,105,2026-02-17 21:39:29.350000+00:00,124389.6890139451,426881.474211678,7.069481313620872,0.0003285077400505543,0.0022584638791158795,0.007185416898082053,0,-0.0022771378210281116,0.00015238035499240442,0.007185416898082053,34_P7_0
53518,113,2026-02-17 21:39:29.470000+00:00,124414.0796476126,426875.9124784716,7.34221341154907,0.002412998423096724,-0.0027536666020751,0.038863466423793014,0,0.0021036092379108358,-0.002996676378828267,0.038863466423793014,32_P7_0
53519,112,2026-02-17 21:39:43.950000+00:00,124413.95301530935,426875.86479861755,10.707560593080878,0.002280684537254274,-0.002467447891831398,0.03829498616021354,0,0.0018498717593454558,-0.002804959096199105,0.03829498616021354,31_P7_0
53520,161,2026-02-17 21:39:59.780000+00:00,124402.99249273102,426879.64242896455,6.587030913073923,0.0010889844270423055,-0.005077922425698489,0.04540659225020072,0,0.003930844627755102,-0.0033940600696217983,0.04540659225020072,34a_P7_0
53521,153,2026-02-17 21:41:08.190000+00:00,124370.2786603191,426819.49736960104,9.735665775338795,0.004821514230570756,-0.001753496180754155,0.009585298225806227,0,0.00042432493854107896,-0.005112895136617592,0.009585298225806227,29_KW_1
53522,130,2026-02-17 21:45:21.370000+00:00,124898.94404425555,426720.7667875586,4.127138036828925,0.005671258288202807,-0.0028891401598230004,0.037075304358730854,0,0.006346853969834612,0.0004772275350456255,0.037075304358730854,901_GSL_1
53523,133,2026-02-17 21:45:22.530000+00:00,124806.2256424448,426258.50656435883,4.5919459284672595,0.003746351270820014,-0.004919454513583332,0.0037888242826937812,0,0.00615110315087986,-0.0006325429493923829,0.0037888242826937812,903_GSL_1
53524,132,2026-02-17 21:45:37.770000+00:00,124806.22571940746,426258.50077980815,4.6294725403813155,0.011585119689698331,-0.004361942294053733,0.04684036617099441,0,0.00957169180174156,-0.007850111773329354,0.04684036617099441,903_GSL_1
53525,153,2026-02-17 21:45:39.040000+00:00,124370.2783004049,426819.4971587101,9.735845747293302,0.004461600023205392,-0.0019643871346488595,0.009765270180313479,0,0.0007224138548834371,-0.004821079734262105,0.009765270180313479,29_KW_1
53526,135,2026-02-17 21:45:54.580000+00:00,123855.61218573725,426533.06596357754,6.061420070754649,-0.0014645409828517586,-0.010671343770809472,0.04022162363629178,0,0.007203413379535754,-0.008008326532351924,0.04022162363629178,904_GSL_1
53527,5,2026-02-17 21:45:54.780000+00:00,124424.61811648599,426919.14115632453,8.77979366674933,0.000913708470761776,-0.00519144453573972,0.011967844743015377,11,-0.0052678988990710425,-0.000187618566164749,0.011967844743015377,TS4
53528,136,2026-02-17 21:45:55.560000+00:00,123855.61184604152,426533.0743219472,6.028306810153778,-0.003924070275388658,0.00021342106629163027,0.006014267717039168,0,0.003057612936529461,0.002468780915369681,0.006014267717039168,904_GSL_1
53529,140,2026-02-17 21:46:11.480000+00:00,123928.08455219056,426940.4336026242,7.143856389911702,-0.0029715419077547267,-0.0008360526990145445,0.008282683709357919,0,0.0029427136402364867,-0.0009324601099447795,0.008282683709357919,905_GSL_1
53530,145,2026-02-17 21:46:27.380000+00:00,124266.9194078254,427056.3181198332,7.119329896726689,0.0010840725590242073,0.003373225568793714,0.011362960435042702,0,0.0016080920289373972,0.0031571987706923007,0.011362960435042702,906_GSL_1
53531,6,2026-02-17 21:46:27.580000+00:00,124399.04026775627,426925.07664424635,8.554494831559117,0.0010970118892146274,0.001195031451061368,0.007188135737559165,11,-0.0016219181310109963,3.0279207418310635e-05,0.007188135737559165,TS5
53532,71,2026-02-17 21:51:25.420000+00:00,124806.22482912053,426258.50600831956,4.596174653223235,-0.002932814953965135,-0.009097812522668391,0.004670990073967651,0,0.006234913991267431,0.007245511974548171,0.004670990073967651,903_GSL_1
53533,71,2026-02-17 21:51:40.670000+00:00,124806.22601117875,426258.5001195035,4.624656602859518,-0.0017507567390566692,-0.014986628608312458,0.03315293971025035,0,0.012101407509292797,0.00901222073058986,0.03315293971025035,903_GSL_1
53534,67,2026-02-17 21:51:41.820000+00:00,123855.61052975812,426533.0761691335,6.028123886602847,-0.007464716021786444,-0.014933571219444275,-0.016284261734728744,0,0.014790402910866503,-0.007744515245408284,-0.016284261734728744,904_GSL_1
53535,67,2026-02-17 21:51:57.260000+00:00,123855.6117267922,426533.065775045,6.0616791423360965,-0.006267681950703263,-0.02532765967771411,0.017270993998520723,0,0.01940667194086798,-0.017440047762687004,0.017270993998520723,904_GSL_1
53536,68,2026-02-17 21:51:57.720000+00:00,123928.08472969467,426940.434779441,7.1444889929683875,-0.024220667182817124,-0.012955564248841256,0.025675711928161427,0,0.023785134091873696,-0.013738804897742592,0.025675711928161427,905_GSL_1
53537,69,2026-02-17 21:52:13.590000+00:00,124266.92013826546,427056.31890682667,7.119059793448524,-0.022458931198343635,0.004068442620337009,0.02855842252109131,0,0.01880002840562202,-0.012942748853111261,0.02855842252109131,906_GSL_1
53538,107,2026-02-17 21:53:12.810000+00:00,124409.92329191248,426969.5273732656,6.2960158381767535,0.0024744051770539954,0.0029622124857269228,0.006935514746720273,0,0.0034656061214444166,0.0016991050590928973,0.006935514746720273,38_P9_0
53539,110,2026-02-17 21:53:18.990000+00:00,124434.14118680517,426963.93019579136,8.788184166350613,0.0011009626905433834,-0.0018907820922322571,0.03712380609282384,0,-0.001620518145499428,0.0014700669054100268,0.03712380609282384,35_P9_0
53540,106,2026-02-17 21:53:27.640000+00:00,124410.03478055111,426969.45248585066,8.930626622037366,0.002576732891611755,0.0029245097539387643,0.006739397698835248,0,0.0034582837964168838,0.0017979385081357128,0.006739397698835248,37_P9_0
53541,111,2026-02-17 21:53:33.970000+00:00,124434.26277300162,426963.97371763864,6.505471817830638,0.0010822423064382747,-0.004346140718553215,0.04417930821586946,0,-0.0040214073486801545,0.0019719205083604022,0.04417930821586946,36_P9_0
53542,160,2026-02-17 21:53:42.860000+00:00,124421.81366445447,426965.6201938468,5.602381908744168,0.002458293834934011,0.0015558081795461476,0.010200678856829626,0,0.0025603323847391917,0.0013814650737796403,0.010200678856829626,38a_P9_0
53543,162,2026-02-17 21:54:00.200000+00:00,124402.99758112688,426879.64798114327,6.55419879018053,0.002152998567908071,0.00024755537742748857,0.009525746889963216,0,-5.98831372536009e-05,-0.0021663565053287367,0.009525746889963216,34a_P7_0
53544,167,2026-02-17 21:54:13.070000+00:00,124669.37698094996,426931.30543673044,13.852457603721636,0.0007479620107915252,-0.0009838867117650807,0.043085638904852175,0,0.0006981977968716682,0.001019803935871378,0.043085638904852175,908_GSL_1
53545,104,2026-02-17 21:54:16.490000+00:00,124389.81796539543,426881.44652094453,10.732309590440098,0.0008691851544426754,0.0021813763887621462,0.00639772237989078,0,-0.002313975276619467,-0.00039925455707653565,0.00639772237989078,33_P7_0
53546,105,2026-02-17 21:54:31.540000+00:00,124389.68916321624,426881.4742947051,7.06890994170092,0.00047777888539712876,0.002341490937396884,0.006614044978129563,0,-0.0023896200642760427,2.384159500583605e-05,0.006614044978129563,34_P7_0
53547,113,2026-02-17 21:54:52.450000+00:00,124414.07952756884,426875.9117973375,7.34074431676088,0.002292954668519087,-0.0034348006593063474,0.03739437163560311,0,0.0027937835033983826,-0.003041425721137022,0.03739437163560311,32_P7_0
53548,112,2026-02-17 21:55:07.080000+00:00,124413.95293712021,426875.86405224213,10.706083776813442,0.002202495394158177,-0.0032138233073055744,0.03681816989277742,0,0.0025932598100819712,-0.0029076880453862554,0.03681816989277742,31_P7_0
53549,161,2026-02-17 21:55:23.430000+00:00,124402.99233216679,426879.64162174455,6.5855897579856,0.0009284201951231807,-0.005885142425540835,0.043965437161878285,0,0.004715956701767311,-0.003640963857918559,0.043965437161878285,34a_P7_0
53550,153,2026-02-17 21:56:10.370000+00:00,124370.27881605034,426819.4973455698,9.735156654425994,0.00497724546585232,-0.0017775274463929236,0.009076177313005473,0,0.00040656911271097897,-0.0052694665580699,0.009076177313005473,29_KW_1
