,Id,Timestamp,Easting,Northing,Height,EastingDiff,NorthingDiff,HeightDiff,Type,LongitudinalDisplacement,TransverseDisplacement,HeightDisplacement,Name
42663,138,2026-02-15 06:00:19.860000+00:00,123928.08588553956,426940.43125106365,7.115732891691036,-0.0007333391113206744,-0.00047008838737383485,-0.0022031719068911215,0,7.721962921182265e-05,-0.0008676442087634296,-0.0022031719068911215,905_GSL_1
42664,130,2026-02-15 06:00:21.230000+00:00,124898.94079945498,426720.7691090661,4.125107623980712,0.002426457722322084,-0.0005676326691173017,0.03504489151051793,0,0.002457582927759319,-0.00041254100214602017,0.03504489151051793,901_GSL_1
42665,134,2026-02-15 06:00:21.980000+00:00,123855.61533017214,426533.07284899964,6.05374066637627,0.0008680307219037786,-0.001449062314350158,0.007897747478489592,0,-0.0011395488066543301,-0.0012468710608123533,0.007897747478489592,904_GSL_1
42666,139,2026-02-15 06:00:22.250000+00:00,123928.087143058,426940.43277517543,7.129144330352534,0.0002731343120103702,0.0016711628413759172,-0.0074575003867218825,0,0.00029387436943712446,0.0016676406836548872,-0.0074575003867218825,905_GSL_1
42667,125,2026-02-15 06:00:37.090000+00:00,124339.65824818908,426609.5900485936,6.67372485498413,0.0003826254542218521,-0.00118525285506621,0.0002089168550156728,0,-0.0011171875699390224,0.0005505619876406495,0.0002089168550156728,17_P5_1
42668,137,2026-02-15 06:00:38.700000+00:00,123928.08725670073,426940.43060964317,7.134044513757405,-0.002142561148502864,-0.003218927886337042,0.011180822791875045,0,-0.0013542531725362296,-0.0036218867123624563,0.011180822791875045,905_GSL_1
42669,143,2026-02-15 06:00:39.720000+00:00,124266.91957760083,427056.31595827895,7.107994980313868,1.0172734619118273e-05,0.0017314029391855001,0.002453242091090324,0,0.0015983616696668944,0.000665657265632605,0.002453242091090324,906_GSL_1
42670,133,2026-02-15 06:00:44.890000+00:00,124806.22113189887,426258.50885511027,4.588942569812067,-0.0007641946576768532,-0.002628703077789396,0.0007854656275014804,0,0.0018448953008825054,0.0020224823051841357,0.0007854656275014804,903_GSL_1
42671,146,2026-02-15 06:00:52.160000+00:00,124350.92542582317,426607.5114804487,11.377600695100423,-0.0008407517743762583,-0.000384948099963367,-0.001720818123660095,0,-0.0005538328283672271,-0.0007404848303679088,-0.001720818123660095,13_P5_1
42672,132,2026-02-15 06:00:52.620000+00:00,124806.22285269553,426258.5046700233,4.619044313921427,0.008718407756532542,-0.0004717271658591926,0.03641213971110613,0,0.0047692118731065564,-0.0073135339226393,0.03641213971110613,903_GSL_1
42673,141,2026-02-15 06:00:54.780000+00:00,124266.91848815148,427056.3150004151,7.09288342710272,-0.00014059996465221047,0.00048211205285042524,0.008748726839622023,0,0.0004861988987045287,-0.00012574184849268593,0.008748726839622023,906_GSL_1
42674,152,2026-02-15 06:00:55.840000+00:00,124370.27660812488,426819.49988241616,9.732670814993757,0.0008364630193682387,0.0007123782415874302,0.0037498637658774925,0,0.0005006970411692683,0.0009779854880427265,0.0037498637658774925,29_KW_1
42675,153,2026-02-15 06:01:01.320000+00:00,124370.27772275575,426819.49840526865,9.737132556490808,0.0038839508779346943,-0.0007178285741247237,0.011052079377819268,0,-0.00032845438540397517,-0.00393604750997095,0.011052079377819268,29_KW_1
42676,148,2026-02-15 06:01:08.190000+00:00,124351.03997290602,426607.3978033526,8.013912063205515,-0.0011455086496425793,-0.0006525421049445868,-0.0015443520068672,0,-0.0008805399690119027,-0.000981147607704363,-0.0015443520068672,14_P5_1
42677,135,2026-02-15 06:01:09.230000+00:00,123855.61724254968,426533.0650634095,6.057654111397716,0.003592271445086226,-0.011571511800866574,0.03645566427935876,0,0.003524277871811911,-0.011592401173830777,0.03645566427935876,904_GSL_1
42678,5,2026-02-15 06:01:09.430000+00:00,124424.61743552239,426919.1415322853,8.78450887850707,0.00023274487466551363,-0.004815483756829053,0.01668305650075652,11,-0.004818716744675001,0.0001517330667859779,0.01668305650075652,TS4
42679,122,2026-02-15 06:01:11.260000+00:00,124329.1506854712,426611.391078698,8.088924071909126,0.0011345681559760123,-0.0009602108621038496,0.005260233466728437,0,-0.0006410368221541339,0.0013410151352238932,0.005260233466728437,16_P5_1
42680,150,2026-02-15 06:01:12.630000+00:00,124401.10316789566,426812.3228207611,9.185581762049194,-1.2734264601022005e-05,0.0013891721027903259,0.00356773880538519,0,0.0011046536301504656,-0.0008424379205978465,0.00356773880538519,27_KW_1
42681,136,2026-02-15 06:01:17.830000+00:00,123855.61553788534,426533.0754165203,6.029712775823972,-0.00023222644813358784,0.0013079941854812205,0.007420233387233743,0,-0.0005768741681791744,0.0011966595616770082,0.007420233387233743,904_GSL_1
42682,128,2026-02-15 06:01:25.880000+00:00,124898.93860547162,426720.77406022383,4.075512680437125,-0.0016959278873400763,0.004796189023181796,-0.0058792505665543615,0,0.0005439903080621044,-0.005058030752168458,-0.0058792505665543615,901_GSL_1
42683,120,2026-02-15 06:01:26.470000+00:00,124329.26209129336,426611.32989267,11.362165537839918,0.0018394582002656534,-0.0012824201257899404,0.004134371193044828,0,-0.0007724154352327628,0.00210513235806441,0.004134371193044828,15_P5_1
42684,129,2026-02-15 06:01:29.740000+00:00,124898.94108491912,426720.7747613229,4.083948450348023,0.0014132203359622508,0.0022586527629755437,-0.007736294897590312,0,0.0011359984614679733,-0.0024100231362409598,-0.007736294897590312,901_GSL_1
42685,140,2026-02-15 06:01:34.710000+00:00,123928.08812045284,426940.4332135597,7.145129533416667,0.0005967203760519624,-0.0012251172447577119,0.009555827214323465,0,-0.0006363361559133793,-0.0012050160858991495,0.009555827214323465,905_GSL_1
42686,124,2026-02-15 06:01:41.870000+00:00,124339.65901876918,426609.58961764973,6.67903743923802,0.001253045949852094,-0.000624254287686199,0.004607243404826988,0,-0.00020118284013264287,0.0013854035632159692,0.004607243404826988,17_P5_1
42687,154,2026-02-15 06:01:42.070000+00:00,124285.66576024774,426445.56216998113,7.896071761185653,0.001135247730417177,-0.001655018888413906,-0.005528238814346054,11,-0.0019710879246712157,-0.0003777397564984024,-0.005528238814346054,TS1-1
42688,131,2026-02-15 06:01:43.460000+00:00,124806.21607345062,426258.49879435706,4.612328185031638,-0.0024710455327294767,-0.0074897074373438954,0.0008237122590752932,0,0.00028855270478061177,0.007881530362714498,0.0008237122590752932,903_GSL_1
42689,3,2026-02-15 06:01:43.660000+00:00,124314.90322361115,426440.7936958381,7.049569352271391,-0.004015740778413601,-0.0023814454907551408,-0.028859743219693534,11,-0.00466392964342847,0.00021264267210760037,-0.028859743219693534,TS2
42690,149,2026-02-15 06:01:46.140000+00:00,124351.0410197028,426607.397408973,8.015078050281927,-0.0002919892722275108,0.0006765075377188623,0.002852206314129191,0,-0.0006221558159201195,0.00039476869734460923,0.002852206314129191,14_P5_1
42691,145,2026-02-15 06:01:50.500000+00:00,124266.91999298317,427056.315448786,7.119189378031879,0.0016692303324816748,0.0007021783967502415,0.011222441740232902,0,-0.0006894246611040769,0.0016745381573440334,0.011222441740232902,906_GSL_1
42692,6,2026-02-15 06:01:50.700000+00:00,124399.0400481512,426925.0752980044,8.555688203432902,0.0008774068264756352,-0.00015121052274480462,0.00838150761134493,11,-0.0008651031112021897,-0.00021048507862338883,0.00838150761134493,TS5
42693,147,2026-02-15 06:02:01.310000+00:00,124350.92765410276,426607.510832158,11.375352988265739,0.0011467571748653427,0.0008394178585149348,0.0011333465932956699,0,-0.0010100917337042686,-0.0009996944777286938,0.0011333465932956699,13_P5_1
42694,126,2026-02-15 06:02:16.730000+00:00,124339.65819045666,426609.58911801124,6.671640558253265,0.0013698525144718587,0.0006278501823544502,0.0009833691178071646,0,-0.0009155685887780859,-0.0011968399734844648,0.0009833691178071646,17_P5_1
42695,121,2026-02-15 06:02:33.140000+00:00,124329.26137935572,426611.3280498346,11.354581467474894,0.0018365860159974545,0.00033334200270473957,0.00028194540077208785,0,-0.0008316956535676299,-0.0016710617656930944,0.00028194540077208785,15_P5_1
42696,123,2026-02-15 06:02:49.120000+00:00,124329.15201699198,426611.3907848047,8.079836985626216,0.0022603798570344225,0.0005067850579507649,0.0017213405721498987,0,-0.001117711852167528,-0.0020290067541960896,0.0017213405721498987,16_P5_1
42697,4,2026-02-15 06:02:49.320000+00:00,124378.97062359421,426782.74166534055,7.761110932592616,-0.0011943789868382737,0.00048243312630802393,0.0060352276203499144,11,-0.0012876691494189275,-3.4511551615233954e-05,0.0060352276203499144,TS3
42698,68,2026-02-15 06:06:21.280000+00:00,123928.07974755885,426940.4265619963,7.117466753632972,-0.029202803008956835,-0.021173008950427175,-0.001346527407253717,0,0.0011335694454564869,-0.03605294761745751,-0.001346527407253717,905_GSL_1
42699,68,2026-02-15 06:06:21.360000+00:00,123928.08654676852,426940.4309302933,7.13204643185614,-0.02240359333518427,-0.016804711951408535,0.01323315081591403,0,0.015598763637682792,-0.023259361794207314,0.01323315081591403,905_GSL_1
42700,67,2026-02-15 06:06:22.280000+00:00,123855.6152944372,426533.07527449436,6.05189944292175,-0.0027000369445886463,-0.01582821033662185,0.007491294584173858,0,-0.000511049084555561,-0.016048715549714918,0.007491294584173858,904_GSL_1
42701,66,2026-02-15 06:06:22.460000+00:00,124898.93959955082,426720.76620360086,4.131796727848136,0.0019938871409976855,-0.008001553942449391,0.049510197444371684,0,0.004926749748961634,0.006612683898090835,0.049510197444371684,901_GSL_1
42702,68,2026-02-15 06:06:38.190000+00:00,123928.08737477357,426940.4311973391,7.135247544456549,-0.021575588281848468,-0.0165376661461778,0.016434263416322814,0,-0.0007694074925805791,-0.02717367151086936,0.016434263416322814,905_GSL_1
42703,69,2026-02-15 06:06:38.310000+00:00,124266.91966813708,427056.31611125375,7.111300451415963,-0.022929059574380517,0.0012728697038255632,0.02079908048853074,0,0.0098670532971546,-0.020736519222847367,0.02079908048853074,906_GSL_1
42704,71,2026-02-15 06:06:41.060000+00:00,124806.222289529,426258.5091395807,4.594528390925726,-0.005472406483022496,-0.005966551369056106,0.003024727776458569,0,0.0022388777479441235,0.007780385233699717,0.003024727776458569,903_GSL_1
42705,71,2026-02-15 06:06:41.220000+00:00,124806.22146131768,426258.5036240601,4.6254441493080956,-0.006300617809756659,-0.011482072004582733,0.033940486158828165,0,0.006790946830124479,0.011199053685623067,0.033940486158828165,903_GSL_1
42706,69,2026-02-15 06:06:54.780000+00:00,124266.92099834,427056.3150485789,7.091254909815312,-0.021598856648779474,0.00021019484847784042,0.0007535388878796567,0,0.0008719172854151558,-0.0215822739917796,0.0007535388878796567,906_GSL_1
42707,66,2026-02-15 06:06:55.610000+00:00,124898.94116499968,426720.77457619784,4.084151416114452,0.0035593359934864566,0.0003710430464707315,0.0018648857106873251,0,0.0034904171769180262,-0.000789641429978252,0.0018648857106873251,901_GSL_1
42708,67,2026-02-15 06:06:58.230000+00:00,123855.61297789688,426533.07831998414,6.03444623628026,-0.005016577269998379,-0.012782720557879657,-0.009961912057315558,0,0.011546617295167778,-0.007432336201063292,-0.009961912057315558,904_GSL_1
42709,67,2026-02-15 06:06:59.590000+00:00,123855.61444484768,426533.0693151042,6.062726416778503,-0.0035496264608809724,-0.021787600475363433,0.0183182684409271,0,0.015169911326993881,-0.016036619744103992,0.0183182684409271,904_GSL_1
42710,66,2026-02-15 06:07:00.280000+00:00,124898.93974325937,426720.77238380903,4.075797326450276,0.0021375956857809797,-0.0018213457660749555,-0.006489203953488065,0,0.0011402114713140023,0.0025664242665920578,-0.006489203953488065,901_GSL_1
42711,66,2026-02-15 06:07:12.680000+00:00,124898.94195289115,426720.76802232367,4.084863995460923,0.004347227470134385,-0.006182831129990518,0.002577465057158612,0,0.0014347695430254608,0.007420729331910532,0.002577465057158612,901_GSL_1
42712,68,2026-02-15 06:07:15.010000+00:00,123928.08799575332,426940.43362836546,7.143024686655465,-0.020954608538886532,-0.014106639777310193,0.02421140561523938,0,0.020483220530121807,-0.01478277989889463,0.02421140561523938,905_GSL_1
42713,71,2026-02-15 06:07:18.180000+00:00,124806.21620449159,426258.49962004815,4.609233498129452,-0.011557443896890618,-0.015486083924770355,0.017729834980184656,0,-0.005449285672821931,0.018539109752379768,0.017729834980184656,903_GSL_1
42714,149,2026-02-15 06:07:31.110000+00:00,124351.04044543026,426607.3975501344,8.014435124250138,-0.0008662618056405336,0.0008176689152605832,0.0022092802823401314,0,-0.0006712269730255661,0.0009840967033670788,0.0022092802823401314,14_P5_1
42715,69,2026-02-15 06:07:31.800000+00:00,124266.92003982296,427056.315588171,7.11880117361231,-0.022557373697054572,0.0007497869664803147,0.028299802684877307,0,0.016530800522361402,-0.015366519537408887,0.028299802684877307,906_GSL_1
42716,147,2026-02-15 06:07:46.520000+00:00,124350.92631600039,426607.5110424509,11.375166231231571,-0.00019134519970975816,0.0010497107869014144,0.0009465895591276308,0,-0.0010062822716441408,0.00035482631154391776,0.0009465895591276308,13_P5_1
42717,164,2026-02-15 06:07:50.790000+00:00,124091.06292886345,427154.20663942804,9.841732684336534,-0.03239958791527897,0.011908486601896584,0.027099152707137364,0,0.020062002423410122,-0.028090236898084858,0.027099152707137364,907_GSL_1
42718,110,2026-02-15 06:07:59.030000+00:00,124434.14024689374,426963.9301486846,8.793374833792042,0.00016105126996990293,-0.0019378888537175953,0.04231447353425288,0,-0.0018620314602612958,0.0005605261473999233,0.04231447353425288,35_P9_0
42719,126,2026-02-15 06:08:02.540000+00:00,124339.65719358127,426609.5892954343,6.671264015876005,0.0003729771269718185,0.0008052732446230948,0.0006068267405474614,0,-0.0008678682049833587,-0.000185423069031126,0.0006068267405474614,17_P5_1
42720,122,2026-02-15 06:08:07+00:00,124329.15071649873,426611.3908988758,8.088929315758763,0.00116559567686636,-0.0011400330695323646,0.005265477316365619,0,-0.000807104807707787,0.0014166405722454475,0.005265477316365619,16_P5_1
42721,111,2026-02-15 06:08:14.630000+00:00,124434.2619932333,426963.9734250026,6.5101021608499465,0.00030247398535721004,-0.004638776765204966,0.04880965123517811,0,-0.004471444106296702,0.0012711915644338637,0.04880965123517811,36_P9_0
42722,121,2026-02-15 06:08:17.610000+00:00,124329.26037509875,426611.3283035313,11.35527398095637,0.0008323290385305882,0.0005870386958122253,0.0009744588822488964,0,-0.0007956369271060044,-0.000635883589179251,0.0009744588822488964,15_P5_1
42723,120,2026-02-15 06:08:22.700000+00:00,124329.26174638541,426611.3299176921,11.362000717289892,0.0014945502480259165,-0.0012573979911394417,0.003969550643018849,0,-0.0008359326995603072,0.0017652044283316447,0.003969550643018849,15_P5_1
42724,107,2026-02-15 06:08:30.970000+00:00,124409.9227668568,426969.52533926733,6.296767729515315,0.0019493495055940002,0.0009282142273150384,0.007687406085281623,0,0.0013650934262495868,0.001672741786516912,0.007687406085281623,38_P9_0
42725,123,2026-02-15 06:08:32.610000+00:00,124329.15169002216,426611.39088034624,8.08009106245068,0.0019334100361447781,0.0006023265887051821,0.001975417396614887,0,-0.0011181670157357647,-0.0016883643600381843,0.001975417396614887,16_P5_1
42726,124,2026-02-15 06:08:38.180000+00:00,124339.65882635416,426609.5893707563,6.678986850191662,0.001060630936990492,-0.0008711477275937796,0.004556654358468748,0,-0.0004958551825828829,0.00127982967058075,0.004556654358468748,17_P5_1
42727,102,2026-02-15 06:08:39.440000+00:00,124282.3932837437,426301.7927568448,6.903452219307351,-5.202120519243181e-06,-0.000801019836217165,0.00015423554061477773,0,0.000781156535774781,-0.00017735362045251244,0.00015423554061477773,02_P1_0
42728,106,2026-02-15 06:08:45.720000+00:00,124410.03439403068,426969.45059759746,8.931781593577396,0.002190212457207963,0.0010362565517425537,0.00789436923886555,0,0.0015324856537751353,0.0018767914028233682,0.00789436923886555,37_P9_0
42729,118,2026-02-15 06:08:48.640000+00:00,124372.26145207112,426775.1130082874,6.169577032975616,0.0014247091312427074,0.0003437885898165405,0.004044963985254668,0,-0.0011991156114725722,-0.000842679330147094,0.004044963985254668,22_P6_1
42730,170,2026-02-15 06:08:54.800000+00:00,124669.37336551785,426931.31091067195,13.800221470743274,-0.014681298620416783,0.012413700227625668,0.014031340071886333,0,0.0006401171605877488,-0.019215377501988512,0.014031340071886333,908_GSL_1
42731,103,2026-02-15 06:08:55.110000+00:00,124282.31132499031,426301.79698165925,9.298367125258423,-0.0003934168489649892,-0.00046249397564679384,0.0004156394673096031,0,0.0005400916107331687,0.0002774500794282995,0.0004156394673096031,01_P1_0
42732,160,2026-02-15 06:09:01.680000+00:00,124421.81305080389,426965.61813641264,5.603068690007105,0.0018446432513883337,-0.0005016259965486825,0.010887460119766601,0,0.00046595438536467743,0.0018539751551909772,0.010887460119766601,38a_P9_0
42733,74,2026-02-15 06:09:04.940000+00:00,124369.34702058189,426785.7256328535,7.233984860511625,0.0007073725864756852,-0.0008334431913681328,0.0039310257545528415,0,-0.0009225062480697219,-0.0005865029851650575,0.0039310257545528415,21_P6_1
42734,100,2026-02-15 06:09:10.390000+00:00,124292.4843607226,426345.92926189955,7.5871738707373835,0.0006374492950271815,-0.0009730801684781909,-0.0013256982317146893,0,0.0008003865039256994,-0.000844161158991452,-0.0013256982317146893,06_P2_0
42735,92,2026-02-15 06:09:12.250000+00:00,124278.3168850595,426395.63713389524,11.105212887554105,0.0029092569166095927,-0.0011567299370653927,0.0034239043268851077,0,0.0007205423663188711,-0.0030467390194244834,0.0034239043268851077,11_P3_0
42736,162,2026-02-15 06:09:19.510000+00:00,124402.99720499442,426879.6468426488,6.55528092415687,0.00177686610550154,-0.0008909390890039504,0.010607880866302821,0,0.001041709651931189,-0.0016928870660114339,0.010607880866302821,34a_P7_0
42737,73,2026-02-15 06:09:21.440000+00:00,124369.49042429496,426785.69633629854,11.410016754850151,0.001084730523871258,-0.00013035564916208386,0.003962138787075631,0,-0.0010743892978767224,0.00019829407780981567,0.003962138787075631,20_P6_1
42738,101,2026-02-15 06:09:25.590000+00:00,124292.4052330766,426345.8826234138,10.215834689200687,-8.579423592891544e-05,-0.000770112092141062,0.00021619160040309282,0,0.0007691362868429227,-9.414168918173979e-05,0.00021619160040309282,05_P2_0
42739,93,2026-02-15 06:09:26.970000+00:00,124278.27079615412,426395.790010903,7.952155477153311,0.0026725744392024353,-0.001339199545327574,0.0034299568737932162,0,0.0009317284011387787,-0.002840421050090139,0.0034299568737932162,12_P3_0
42740,104,2026-02-15 06:09:36.350000+00:00,124389.81796666958,426881.44563163555,10.733323167352296,0.000870459305588156,0.0012920674053020775,0.0074112992920891685,0,-0.0014441572413914857,-0.0005844206059556694,0.0074112992920891685,33_P7_0
42741,98,2026-02-15 06:09:40.640000+00:00,124302.661149191,426390.0773200606,7.9795398977618,0.0003035574482055381,-0.0005919479881413281,0.0004891026309294944,0,0.0005041958784600367,-0.00043397702838921746,0.0004891026309294944,10_P3_0
42742,94,2026-02-15 06:09:42.100000+00:00,124268.22661527383,426351.55490710767,10.217942348488132,0.0023927747388370335,-0.0010659128311090171,0.003448409197170932,0,0.0006115303854200808,-0.002547071200820158,0.003448409197170932,07_P2_0
42743,105,2026-02-15 06:09:51.980000+00:00,124389.68904555554,426881.4731877345,7.069962591733268,0.00036011818156111985,0.001234520343132317,0.0076666950104780085,0,-0.0012825881480221873,-9.323746484883266e-05,0.0076666950104780085,34_P7_0
42744,99,2026-02-15 06:09:56.750000+00:00,124302.53823532355,426390.1344782047,11.087680438157728,0.00015503237955272198,-0.0003380872658453882,-7.476459163946458e-05,0,0.0002916857947812513,-0.00023077572480531647,-7.476459163946458e-05,09_P3_0
42745,95,2026-02-15 06:09:57.380000+00:00,124268.11181287766,426351.5478095055,7.196934338322152,0.002264975424623117,-0.0013815045240335166,0.0032634800770319217,0,0.0009422488961941449,-0.002480087789110026,0.0032634800770319217,08_P2_0
42746,152,2026-02-15 06:10:00.810000+00:00,124370.27648131286,426819.5000154872,9.732508540114987,0.0007096509943949059,0.0008454492781311274,0.003587588887107529,0,0.0006593859176531457,0.0008852114026258598,0.003587588887107529,29_KW_1
42747,113,2026-02-15 06:10:07.520000+00:00,124414.07913802483,426875.91224875266,7.345669679772145,0.0019034106517210603,-0.0029833855223841965,0.04231973464686867,0,0.0024475510229497615,-0.002555984208541671,0.04231973464686867,32_P7_0
42748,96,2026-02-15 06:10:12.870000+00:00,124258.06408562332,426307.35108758765,9.310065886713161,0.003107426891801879,-0.001321989286225289,0.005520278537270329,0,0.0006877556225517483,-0.003306168441630945,0.005520278537270329,03_P1_0
42749,166,2026-02-15 06:10:14.820000+00:00,124091.06036031853,427154.20672239474,9.825937483877082,-0.011920517164980993,0.01769441517535597,-0.003916135185722425,0,0.020451506404916348,-0.006076754367928628,-0.003916135185722425,907_GSL_1
42750,117,2026-02-15 06:10:16.540000+00:00,124377.68107183948,426815.9064713172,7.621362326012044,0.0010546953999437392,0.0007652787026017904,0.003927285839584904,0,0.0007236841534157951,0.0010836582142969378,0.003927285839584904,26_KW_0
42751,112,2026-02-15 06:10:23.640000+00:00,124413.95278167794,426875.8647138409,10.710851870735981,0.0020470531308092177,-0.0025522245559841394,0.041586263815316826,0,0.001988138409647731,-0.002598380720488753,0.041586263815316826,31_P7_0
42752,97,2026-02-15 06:10:28.080000+00:00,124257.99011760761,426307.3904013711,6.842696316027065,0.0022473987337434664,-0.0014513335190713406,0.005634125430964865,0,0.0009816395100412355,-0.0024886851798364817,0.005634125430964865,04_P1_0
42753,153,2026-02-15 06:10:30.280000+00:00,124370.27740233128,426819.4981447693,9.737363893348922,0.0035635264066513628,-0.0009783279383555055,0.01128341623593343,0,7.118804139516835e-06,-0.0036953748562894304,0.01128341623593343,29_KW_1
42754,125,2026-02-15 06:10:30.440000+00:00,124339.65731690257,426609.59023582295,6.673777203673764,-0.0005486610607476905,-0.0009980234899558127,0.00026126554465033536,0,-0.0010670741428723738,-0.0003980359527700356,0.00026126554465033536,17_P5_1
42755,116,2026-02-15 06:10:31.240000+00:00,124377.68845913869,426815.90097483434,10.009523070202965,0.0010992471216013655,0.0009132707491517067,0.0044633149258412885,0,0.0008700749002387929,0.0011337448405966226,0.0044633149258412885,25_KW_0
42756,161,2026-02-15 06:10:39.920000+00:00,124402.9917774288,426879.6422784031,6.590322288778101,0.00037368221092037857,-0.0052284838748164475,0.04869796795437864,0,0.004406489843843932,-0.002838931010094159,0.04869796795437864,34a_P7_0
42757,146,2026-02-15 06:10:46.510000+00:00,124350.92455169748,426607.511668609,11.377628039247544,-0.0017148774641100317,-0.00019678781973198056,-0.0016934739765392948,0,-0.000554533794275972,-0.0016346322014181701,-0.0016934739765392948,13_P5_1
42758,115,2026-02-15 06:10:47.440000+00:00,124396.29051008944,426811.634863337,7.651303913918108,0.00041932963358704,0.0009490005322732031,0.0050316211450613935,0,0.0010295568791504476,-0.00012826528935395786,0.0050316211450613935,24_KW_0
42759,148,2026-02-15 06:11:01.370000+00:00,124351.03967270577,426607.3980148783,8.015127240965498,-0.001445708898245357,-0.0004410164547152817,-0.00032917424688427843,0,-0.0007374587980377019,-0.0013193650946543294,-0.00032917424688427843,14_P5_1
42760,114,2026-02-15 06:11:02.450000+00:00,124396.29973084484,426811.6305361013,9.99472953984395,0.0007101998198777437,0.0009973454871214926,0.004045462193767335,0,0.001220600644074556,9.599933604336089e-05,0.004045462193767335,23_KW_0
42761,150,2026-02-15 06:11:17.640000+00:00,124401.10316021083,426812.3227617569,9.185628635036474,-2.0419101929292083e-05,0.0013301678700372577,0.003614611792665201,0,0.0010528061837440422,-0.0008132420560161406,0.003614611792665201,27_KW_1
42762,168,2026-02-15 06:11:18.140000+00:00,124669.36971987422,426931.3135899377,13.790893367789257,-0.007012097135884687,0.005849365319591016,-0.010446652145970958,0,0.0006338309527515373,-0.009109491709664729,-0.010446652145970958,908_GSL_1
42763,119,2026-02-15 06:11:32.640000+00:00,124400.81465332827,426811.3440412853,3.988170856409736,0.0005019411910325289,0.0009124039788730443,0.004636727323553025,0,0.0010297764425134786,-0.0001548756222353935,0.004636727323553025,28_KW_1
42764,169,2026-02-15 06:11:50.020000+00:00,124669.37610952195,426931.3104936044,13.811885865981939,-0.002967926368000917,0.008334051468409598,0.00013065310904636362,0,0.001153277771973922,-0.008771257104010015,0.00013065310904636362,908_GSL_1
42765,72,2026-02-15 06:12:31.530000+00:00,124390.52422411647,426780.88791246514,10.990879954934028,0.00026441361114848405,0.0009815334342420101,0.0037946333672707055,0,0.00010549529593398217,-0.0010110356980993784,0.0037946333672707055,18_P6_1
42766,165,2026-02-15 06:12:51.640000+00:00,124091.06941813094,427154.21036368574,9.83226863175194,-0.014362496222020127,0.014211892092134804,-0.018466861974079762,0,0.020031394574610742,-0.002646205956134454,-0.018466861974079762,907_GSL_1
42767,138,2026-02-15 06:15:19.970000+00:00,123928.08570445713,426940.43117418594,7.115150853053986,-0.0009144215437117964,-0.000546966097317636,-0.0027852105439407637,0,0.00012728421846948395,-0.001057892905235574,-0.0027852105439407637,905_GSL_1
42768,130,2026-02-15 06:15:20.410000+00:00,124898.94051631485,426720.76760476484,4.132364616828018,0.002143317586160265,-0.0020719339372590184,0.04230188435782356,0,0.0027767843701388285,0.0010845225111827932,0.04230188435782356,901_GSL_1
42769,134,2026-02-15 06:15:21.290000+00:00,123855.61472748469,426533.07278530026,6.054092115752555,0.0002653432748047635,-0.0015127616934478283,0.008249196854774432,0,-0.0005616675121269115,-0.001429470041822641,0.008249196854774432,904_GSL_1
42770,139,2026-02-15 06:15:23.040000+00:00,123928.08663916255,426940.43135012675,7.133104453994487,-0.00023076114302966744,0.0002461141557432711,-0.0034973767447690207,0,0.00029907278515294174,0.00015613568448770483,-0.0034973767447690207,905_GSL_1
42771,125,2026-02-15 06:15:38.110000+00:00,124339.65838844403,426609.5899770311,6.673516077130075,0.0005228804075159132,-0.001256815332453698,0.0,0,-0.0011676409503873061,0.0006997165936529839,1.3900096096364223e-07,17_P5_1
42772,137,2026-02-15 06:15:39.580000+00:00,123928.08436449853,426940.4288841407,7.125763427400383,-0.005034763351432048,-0.004944430373143405,0.002899736434852862,0,-0.0010589745864883167,-0.006976733228736655,0.002899736434852862,905_GSL_1
42773,143,2026-02-15 06:15:41.530000+00:00,124266.9197586982,427056.31614126026,7.108308998102025,0.0001912701118271798,0.0019143842509947717,0.002767259879247419,0,0.0016990498736676424,0.0009025967221994346,0.002767259879247419,906_GSL_1
42774,133,2026-02-15 06:15:41.730000+00:00,124806.2227836636,426258.5094772395,4.5885072278860175,0.0008875700732460245,-0.002006573835387826,0.00035012370145182103,0,0.0021750477545276663,0.0002885939315181809,0.00035012370145182103,903_GSL_1
42775,146,2026-02-15 06:15:53.370000+00:00,124350.92503162274,426607.51146032,11.377714744366308,-0.0012349522003205493,-0.00040507683297619224,-0.0016067688577745542,0,-0.0006567633029260327,-0.0011215418590584465,-0.0016067688577745542,13_P5_1
42776,152,2026-02-15 06:15:56.940000+00:00,124370.27655712147,426819.49992926937,9.732531814190093,0.0007854596042307094,0.0007592314505018294,0.003610862962213801,0,0.000558032729364955,0.0009391371882035517,0.003610862962213801,29_KW_1
42777,132,2026-02-15 06:15:57.460000+00:00,124806.2209396726,426258.50325761555,4.6266173920611635,0.006805384822655469,-0.001884134893771261,0.04398521785084242,0,0.005035402043156923,-0.004950550792197464,0.04398521785084242,903_GSL_1
42778,153,2026-02-15 06:16:02.890000+00:00,124370.27796154594,426819.49799134233,9.737267370680929,0.004122741069295444,-0.001131754892412573,0.011186893567940004,0,8.140005099560399e-06,-0.0042752540042987055,0.011186893567940004,29_KW_1
42779,141,2026-02-15 06:16:04.390000+00:00,124266.91868609545,427056.3151279502,7.091461983377677,5.7344004744663835e-05,0.0006096471915952861,0.007327283114578975,0,0.0006076008381928031,7.60214083504029e-05,0.007327283114578975,906_GSL_1
42780,148,2026-02-15 06:16:12.780000+00:00,124351.03937893173,426607.39792841853,8.014559483013544,-0.0017394829337717965,-0.0005274761933833361,-0.0008969321988381296,0,-0.0008842285879558919,-0.0015881346969671812,-0.0008969321988381296,14_P5_1
42781,150,2026-02-15 06:16:13.040000+00:00,124401.10316712626,426812.32276226365,9.185510936378952,-1.3503668014891446e-05,0.0013306746259331703,0.0034969131351427762,0,0.0010573549140692725,-0.00080800859824992,0.0034969131351427762,27_KW_1
42782,135,2026-02-15 06:16:13.900000+00:00,123855.61613419239,426533.0669823782,6.065712806475825,0.002483914155163802,-0.009652543114498258,0.044514359357467725,0,0.003364031891622742,-0.009382148343509387,0.044514359357467725,904_GSL_1
42783,5,2026-02-15 06:16:14.100000+00:00,124424.61713122699,426919.1417423949,8.782758020907332,-7.15505302650854e-05,-0.004605374182574451,0.014932198901018268,11,-0.004596550226631395,-0.00029379730080343413,0.014932198901018268,TS4
42784,136,2026-02-15 06:16:18.620000+00:00,123855.61562147815,426533.0748409696,6.032140549475205,-0.00014863364049233496,0.0007324434700421989,0.009848007038466555,0,-0.0003079557835984987,0.0006809762339771461,0.009848007038466555,904_GSL_1
42785,122,2026-02-15 06:16:20.070000+00:00,124329.15023781401,426611.3910248725,8.088522296108074,0.0006869109638500959,-0.0010140363592654467,0.004858457665676497,0,-0.0008066440410885547,0.0009216516701802887,0.004858457665676497,16_P5_1
42786,128,2026-02-15 06:16:32.180000+00:00,124898.93678623083,426720.7735717251,4.075151437192864,-0.0035151686752215028,0.004307690309360623,-0.006240493810815373,0,-0.0013076605212791763,-0.005403945834083257,-0.006240493810815373,901_GSL_1
42787,129,2026-02-15 06:16:32.440000+00:00,124898.94078543186,426720.77186647744,4.083262965958941,0.0011137330729980022,-0.0006361926789395511,-0.00842177928667276,0,0.0011811945583812065,0.000499921891775588,-0.00842177928667276,901_GSL_1
42788,120,2026-02-15 06:16:35.400000+00:00,124329.26175193826,426611.3299182568,11.361903863819318,0.0015001030988059938,-0.0012568333186209202,0.0038726971724454273,0,-0.0008339743089396533,0.0017704310632926797,0.0038726971724454273,15_P5_1
42789,140,2026-02-15 06:16:35.480000+00:00,123928.08793296176,426940.43326263555,7.143304326631386,0.00040922929474618286,-0.001176041376311332,0.0077306204290419345,0,-0.00044734561137631235,-0.0011620773805805977,0.0077306204290419345,905_GSL_1
42790,149,2026-02-15 06:16:48.910000+00:00,124351.04111982102,426607.39749450993,8.015231315162474,-0.00019187104771845043,0.0007620444521307945,0.0030054711946760904,0,-0.0007223764394252192,0.00030935178315186944,0.0030054711946760904,14_P5_1
42791,131,2026-02-15 06:16:49.570000+00:00,124806.21719914935,426258.5018149214,4.613333108501582,-0.0013453467981889844,-0.004469143110327423,0.0018286357290193678,0,0.00029325370996545767,0.004658025376656498,0.0018286357290193678,903_GSL_1
42792,3,2026-02-15 06:16:49.770000+00:00,124314.90381379561,426440.7939901066,7.049645782172655,-0.0034255563223268837,-0.002087176952045411,-0.02878331331842965,11,-0.004004694987246141,0.00023056844040084557,-0.02878331331842965,TS2
42793,124,2026-02-15 06:16:51.190000+00:00,124339.65815318887,426609.5896434327,6.678778179571716,0.00038746563950553536,-0.0005984713206999004,0.004347983738522743,0,-0.000447321681024033,0.0005551584072889014,0.004347983738522743,17_P5_1
42794,145,2026-02-15 06:16:51.370000+00:00,124266.91996708662,427056.31545295054,7.1196191085420715,0.0016433337877970189,0.0007063429220579565,0.011652172250425252,0,-0.0006681148784041959,0.001659243433288683,0.011652172250425252,906_GSL_1
42795,154,2026-02-15 06:16:51.390000+00:00,124285.66587792613,426445.56234526396,7.895899617116905,0.0012529261293821037,-0.0014797360636293888,-0.005700382883094157,11,-0.0019289767474343252,0.0001961922820895626,-0.005700382883094157,TS1-1
42796,6,2026-02-15 06:16:51.570000+00:00,124399.04006327149,426925.07537347707,8.55549902710527,0.0008925271104089916,-7.573782932013273e-05,0.008192331283712662,11,-0.0008924239178174932,7.694421688747047e-05,0.008192331283712662,TS5
42797,147,2026-02-15 06:17:04.820000+00:00,124350.92737951888,426607.51076706947,11.374978063932213,0.000872173288371414,0.0007743293535895646,0.0007584222597696311,0,-0.0009024286967509947,-0.0007388468312575617,0.0007584222597696311,13_P5_1
42798,126,2026-02-15 06:17:20.210000+00:00,124339.65751271458,426609.58922451833,6.67101836967876,0.0006921104359207675,0.0007343572797253728,0.00036118054330191995,0,-0.0008693721948784437,-0.0005123372488589149,0.00036118054330191995,17_P5_1
42799,121,2026-02-15 06:17:35.840000+00:00,124329.26081055395,426611.3281692199,11.354891402770653,0.0012677842460107058,0.00045272731222212315,0.0005918806965308221,0,-0.0007879280560134214,-0.0010915165102790305,0.0005918806965308221,15_P5_1
42800,123,2026-02-15 06:17:51.440000+00:00,124329.15135373174,426611.3908730811,8.079612187038116,0.0015971196116879582,0.0005950614577159286,0.001496541984050026,0,-0.0010173013459493013,-0.0013674747398131494,0.001496541984050026,16_P5_1
42801,4,2026-02-15 06:17:51.640000+00:00,124378.9707644773,426782.74183441984,7.761759860010122,-0.0010534959001233801,0.0006515124114230275,0.006684155037856243,11,-0.0012147738922820433,-0.00024217023856154183,0.006684155037856243,TS3
42802,68,2026-02-15 06:21:20.460000+00:00,123928.08180608628,426940.4280929327,7.114433445974774,-0.027144275576574728,-0.019642072555143386,-0.004379835065452475,0,0.0010840559208445922,-0.033488020747709624,-0.004379835065452475,905_GSL_1
42803,66,2026-02-15 06:21:21.720000+00:00,124898.93910775438,426720.76556016284,4.130747674252722,0.0015020907012512907,-0.008644991961773485,0.04846114384895728,0,0.004721293127404702,0.007396049871318804,0.04846114384895728,901_GSL_1
42804,67,2026-02-15 06:21:22.600000+00:00,123855.61548077478,426533.07630392816,6.052452255915544,-0.002513699364499189,-0.014798776537645608,0.008044107577967807,0,-0.0004883220200330794,-0.01500280017566736,0.008044107577967807,904_GSL_1
42805,68,2026-02-15 06:21:22.620000+00:00,123928.08717357641,426940.4328804581,7.133681290193866,-0.021776785448309965,-0.01485454716021195,0.014868009153640394,0,0.01565099719688386,-0.021211606316821438,0.014868009153640394,905_GSL_1
42806,71,2026-02-15 06:21:37.670000+00:00,124806.21492860442,426258.5046482664,4.594756833233614,-0.01283333107130602,-0.010457865661010146,0.003253170084346557,0,0.0022343381004578514,0.016403325084333543,0.003253170084346557,903_GSL_1
42807,69,2026-02-15 06:21:38.970000+00:00,124266.91970054967,427056.31600847037,7.107925018341566,-0.022896646987646818,0.0011700863251462579,0.017423647414133825,0,0.009759653111358011,-0.020745474601251482,0.017423647414133825,906_GSL_1
42808,68,2026-02-15 06:21:39.010000+00:00,123928.08586731026,426940.430181282,7.12406232389827,-0.023083051593857817,-0.017553723242599517,0.005249042858044284,0,-0.0007101524920906812,-0.028990621828454417,0.005249042858044284,905_GSL_1
42809,71,2026-02-15 06:21:48.520000+00:00,124806.22145588147,426258.50386567024,4.62776886889555,-0.006306054012384266,-0.011240461841225624,0.03626520574628245,0,0.006579011919212481,0.011082910347829092,0.03626520574628245,903_GSL_1
42810,67,2026-02-15 06:21:53.900000+00:00,123855.61314842921,426533.0780955877,6.034094520903395,-0.004846044932492077,-0.013007116969674826,-0.010313627434181072,0,0.01153958674002165,-0.007714089785584001,-0.010313627434181072,904_GSL_1
42811,69,2026-02-15 06:21:55.420000+00:00,124266.920664309,427056.31520816946,7.089696318323019,-0.021932887655566446,0.0003697854117490351,-0.0008050526044138806,0,0.00104167252921663,-0.021911257848519716,-0.0008050526044138806,906_GSL_1
42812,66,2026-02-15 06:21:57.040000+00:00,124898.94080302803,426720.77145376924,4.085588411924002,0.003197364349034615,-0.002751385560259223,0.0033018815202376928,0,0.0035004917053661666,0.0023536820308493614,0.0033018815202376928,901_GSL_1
42813,66,2026-02-15 06:21:58.300000+00:00,124898.9394621984,426720.7725029603,4.075374555185025,0.0018565347127150744,-0.001702194509562105,-0.006911975218739208,0,0.0009382754402647154,0.0023374829381399716,-0.006911975218739208,901_GSL_1
42814,67,2026-02-15 06:22:05.430000+00:00,123855.6154862685,426533.06761889154,6.062682624641427,-0.0025082056381506845,-0.023483813158236444,0.018274476303851372,0,0.01526046089219335,-0.018024952408593132,0.018274476303851372,904_GSL_1
42815,68,2026-02-15 06:22:10.730000+00:00,123928.08798132546,426940.4343599643,7.1431421255308685,-0.020969036399037577,-0.013375040958635509,0.02432884449064243,0,0.02052151158194868,-0.014052037949752575,0.02432884449064243,905_GSL_1
42816,66,2026-02-15 06:22:13.150000+00:00,124898.94191593246,426720.76906899374,4.078642681191729,0.004310268777771853,-0.005136161053087562,-0.0036438492120351995,0,0.0018295832701030888,0.0064506737909808525,-0.0036438492120351995,901_GSL_1
42817,71,2026-02-15 06:22:16.170000+00:00,124806.21606422521,426258.4986060238,4.6138080086936695,-0.011697710273438133,-0.016500108293257654,0.022304345544402082,0,-0.005228087578436078,0.01953860536483432,0.022304345544402082,903_GSL_1
42818,69,2026-02-15 06:22:26.820000+00:00,124266.92012914097,427056.3157335691,7.118176417078739,-0.022468055685749277,0.0008951850468292832,0.027675046151306226,0,0.016569919450382047,-0.015200416177652765,0.027675046151306226,906_GSL_1
42819,149,2026-02-15 06:22:32.840000+00:00,124351.04066667295,426607.39746516297,8.015048929405431,-0.0006450191140174866,0.0007326974882744253,0.0028230854376332104,0,-0.0006221147689899179,0.0007522423020384961,0.0028230854376332104,14_P5_1
42820,147,2026-02-15 06:22:47.800000+00:00,124350.92650579903,426607.5109001593,11.374651566867419,-1.5465629985556006e-06,0.0009074191912077367,0.0004319251949755909,0,-0.000895772483914333,0.00014492631745531114,0.0004319251949755909,13_P5_1
42821,164,2026-02-15 06:22:51.580000+00:00,124091.06381764654,427154.20729316917,9.838844721916677,-0.03151080482348334,0.012562227726448327,0.02421119028728036,0,0.020457092721545837,-0.02706007656044019,0.02421119028728036,907_GSL_1
42822,126,2026-02-15 06:23:03.810000+00:00,124339.65776191896,426609.5891642001,6.671614105945055,0.0009413148218300194,0.000674039067234844,0.00095691680959753,0,-0.0008657278232664181,-0.0007687116455330239,0.00095691680959753,17_P5_1
42823,110,2026-02-15 06:23:06.620000+00:00,124434.13964316633,426963.93032026594,8.791408139500978,-0.00044267614430282265,-0.0017663075122982264,0.04034777924318966,0,-0.0018197504726607035,-6.567049556009526e-05,0.04034777924318966,35_P9_0
42824,122,2026-02-15 06:23:07.950000+00:00,124329.1512326228,426611.3909179978,8.088745797344664,0.0016817197465570644,-0.0011209110380150378,0.005081958902266592,0,-0.0006576970632737576,0.0019110356967008701,0.005081958902266592,16_P5_1
42825,121,2026-02-15 06:23:18.840000+00:00,124329.26074972836,426611.3281372552,11.355008902268136,0.0012069586518919095,0.00042076263343915343,0.0007093801940136757,0,-0.0007402865305703006,-0.0010420010718476132,0.0007093801940136757,15_P5_1
42826,111,2026-02-15 06:23:21.710000+00:00,124434.26092358332,426963.97390199563,6.5083479535282605,-0.0007671759958611801,-0.004161783726885915,0.047055443913492034,0,-0.0042300510058479405,0.0001251850067813275,0.047055443913492034,36_P9_0
42827,120,2026-02-15 06:23:23.680000+00:00,124329.26188348384,426611.3300413262,11.361581360892892,0.0016316486726282164,-0.0011337639298290014,0.0035501942460189895,0,-0.0006814959780907795,0.0018663497183852797,0.0035501942460189895,15_P5_1
42828,107,2026-02-15 06:23:26.570000+00:00,124409.92262319493,426969.52535289497,6.296624948553272,0.0018056876288028434,0.0009418418630957603,0.007544625123238724,0,0.0013441716807166579,0.0015299596075225917,0.007544625123238724,38_P9_0
42829,123,2026-02-15 06:23:33.610000+00:00,124329.15186127916,426611.3906224621,8.08019014038708,0.002104667029925622,0.00034444243647158146,0.0020744953330140703,0,-0.0009183510135390051,-0.0019248104620534204,0.0020744953330140703,16_P5_1
42830,102,2026-02-15 06:23:37.270000+00:00,124282.39341667382,426301.7928280107,6.9038893501275425,0.00012772799527738243,-0.0007298539276234806,0.0005913663608065889,0,0.0006815879782025664,-0.00029058393695236803,0.0005913663608065889,02_P1_0
42831,124,2026-02-15 06:23:39.580000+00:00,124339.65923868053,426609.58960306656,6.678288966196057,0.001472957301302813,-0.0006388374604284763,0.0038587703628634173,0,-0.00014627413759877217,0.0015988497080644277,0.0038587703628634173,17_P5_1
42832,106,2026-02-15 06:23:41.200000+00:00,124410.03451269463,426969.45069874474,8.931614153023222,0.002308876413735561,0.0011374038294889033,0.007726928684691714,0,0.0016591980659857934,0.0019676533086571447,0.007726928684691714,37_P9_0
42833,118,2026-02-15 06:23:49.240000+00:00,124372.26140327497,426775.11292128795,6.16955362574679,0.0013759129797108471,0.00025678914971649647,0.004021556756428346,0,-0.0011015635616152385,-0.0008635015430619996,0.004021556756428346,22_P6_1
42834,170,2026-02-15 06:23:56.180000+00:00,124669.373731966,426931.3111992733,13.80077082580604,-0.014314850472146645,0.012702301552053541,0.014580695134652544,0,0.0010937363085261802,-0.019106730480294903,0.014580695134652544,908_GSL_1
42835,160,2026-02-15 06:23:56.730000+00:00,124421.81293213254,426965.6182264494,5.602836613841209,0.0017259719024877995,-0.0004115892224945128,0.010655383953870334,0,0.00048634448721330414,0.001706415464067359,0.010655383953870334,38a_P9_0
42836,103,2026-02-15 06:23:57.290000+00:00,124282.31184776552,426301.7969022945,9.297864530153085,0.0001293583627557382,-0.0005418587243184447,-8.695563802874062e-05,0,0.0004980209872200662,-0.000249638857999327,-8.695563802874062e-05,01_P1_0
42837,74,2026-02-15 06:24:05.540000+00:00,124369.34697589053,426785.725655417,7.233971435727807,0.0006626812246395275,-0.0008108796901069582,0.003917600970734902,0,-0.0008731369116635573,-0.0005781904623982704,0.003917600970734902,21_P6_1
42838,100,2026-02-15 06:24:12.570000+00:00,124292.48458170194,426345.9293141643,7.587476275241795,0.0008584286260884255,-0.0009208153933286667,-0.0010232937273029208,0,0.0006986994339500009,-0.001047196159120648,-0.0010232937273029208,06_P2_0
42839,162,2026-02-15 06:24:14.400000+00:00,124402.99731455455,426879.6469199897,6.555236147360317,0.0018864262383431196,-0.0008135981624945998,0.010563104069749585,0,0.0009741628297352244,-0.0018087434046559015,0.010563104069749585,34a_P7_0
42840,92,2026-02-15 06:24:14.560000+00:00,124278.31658034163,426395.63738479756,11.105249850586507,0.002604539055027999,-0.0009058276191353798,0.0034608673592870787,0,0.0005167061214805706,-0.00270871965119669,0.0034608673592870787,11_P3_0
42841,73,2026-02-15 06:24:22.140000+00:00,124369.49042725687,426785.69632492046,11.410033648380892,0.001087692435248755,-0.000141733733471483,0.003979032317817044,0,-0.0010806024521947135,0.00018831257316468417,0.003979032317817044,20_P6_1
42842,101,2026-02-15 06:24:27.530000+00:00,124292.40546648717,426345.88260793133,10.215488500934352,0.00014761633065063506,-0.0007855945732444525,-0.0001299966659313867,0,0.0007303662782942234,-0.0003248299772443054,-0.0001299966659313867,05_P2_0
42843,93,2026-02-15 06:24:29.550000+00:00,124278.27069822163,426395.7900666735,7.952069410296907,0.0025746419560164213,-0.0012834290391765535,0.0033438900173896613,0,0.0008909569150175023,-0.002735355018249772,0.0033438900173896613,12_P3_0
42844,104,2026-02-15 06:24:30.560000+00:00,124389.81801105317,426881.44560179533,10.733198150225263,0.0009148428944172338,0.0012622271897271276,0.007286282165056335,0,-0.0014241413670302873,-0.0006340160618353832,0.007286282165056335,33_P7_0
42845,165,2026-02-15 06:24:38.040000+00:00,124091.06420608728,427154.2064522104,9.854521337818264,-0.01957453988143243,0.01030041673220694,0.0037858440922438064,0,0.020132561500438118,-0.009161941052964395,0.0037858440922438064,907_GSL_1
42846,98,2026-02-15 06:24:42.370000+00:00,124302.6612141142,426390.0773041203,7.97952526624983,0.00036848064337391406,-0.000607888272497803,0.00047447111895948524,0,0.0005044576326334051,-0.0005008279477620207,0.00047447111895948524,10_P3_0
42847,94,2026-02-15 06:24:44.980000+00:00,124268.22651718976,426351.5550210502,10.217785118065315,0.0022946906683500856,-0.0009519702871330082,0.003291178774354364,0,0.0005173904175603945,-0.0024298477003330365,0.003291178774354364,07_P2_0
42848,105,2026-02-15 06:24:45.370000+00:00,124389.68898494437,426881.47342433257,7.07002611376019,0.00029950700991321355,0.00147111841943115,0.007730217037400067,0,-0.0015012159240506335,1.563976833463179e-05,0.007730217037400067,34_P7_0
42849,152,2026-02-15 06:24:53.840000+00:00,124370.27662343055,426819.4998953462,9.732497521587296,0.0008517686801496893,0.0007253082585521042,0.003576570359417275,0,0.000509756523597281,0.000995856536383552,0.003576570359417275,29_KW_1
42850,99,2026-02-15 06:24:57.870000+00:00,124302.53831780094,426390.134320168,11.087892884120377,0.0002375097683398053,-0.0004961239756084979,0.00013768137100989009,0,0.0004256593013913855,-0.00034837343235299533,0.00013768137100989009,09_P3_0
42851,95,2026-02-15 06:25:00.540000+00:00,124268.11192755731,426351.5478315496,7.196924183664368,0.0023796550813131034,-0.0013594604097306728,0.0032533254192479433,0,0.0008995254820144559,-0.002588772840334011,0.0032533254192479433,08_P2_0
42852,117,2026-02-15 06:25:09.250000+00:00,124377.68102227927,426815.9063704922,7.6216487620617555,0.0010051351855508983,0.0006644536624662578,0.004213721889295918,0,0.0006248627109018724,0.0010302145423753371,0.004213721889295918,26_KW_0
42853,113,2026-02-15 06:25:14.870000+00:00,124414.0790185166,426875.9124618223,7.344023495209699,0.0017839024221757427,-0.002770315855741501,0.040673550084422416,0,0.002268876089304538,-0.0023893846663522794,0.040673550084422416,32_P7_0
42854,96,2026-02-15 06:25:16.070000+00:00,124258.06415766968,426307.35132089135,9.309690294283728,0.0031794732494745404,-0.0010886855889111757,0.0051446861078368045,0,0.0004448576017162034,-0.0033311241600730485,0.0051446861078368045,03_P1_0
42855,166,2026-02-15 06:25:16.350000+00:00,124091.06349389053,427154.2077781829,9.820753106413349,-0.008786945167230442,0.0187502033659257,-0.009100512649455439,0,0.02052079564500107,-0.00277082618213249,-0.009100512649455439,907_GSL_1
42856,116,2026-02-15 06:25:24.440000+00:00,124377.68837677436,426815.90082747967,10.009430506956807,0.0010168827866436914,0.0007659160764887929,0.004370751679683593,0,0.0007260158503507969,0.0010457432873490677,0.004370751679683593,25_KW_0
42857,112,2026-02-15 06:25:29.300000+00:00,124413.95248286826,426875.8648779864,10.709256713945484,0.0017482434486737475,-0.002388079068623483,0.03999110702481978,0,0.0019002940932161614,-0.0022689555203035706,0.03999110702481978,31_P7_0
42858,97,2026-02-15 06:25:31.190000+00:00,124257.98997153915,426307.39052346034,6.843053502090508,0.0021013302757637575,-0.0013292442890815437,0.005991311494407903,0,0.0008906172065855722,-0.002321482349541129,0.005991311494407903,04_P1_0
42859,125,2026-02-15 06:25:32.860000+00:00,124339.65741821576,426609.5902216507,6.67408991167384,-0.0004473478620639071,-0.001012195716612041,0.0005739735447258809,0,-0.0010663953203566496,-0.00029573856553102824,0.0005739735447258809,17_P5_1
42860,115,2026-02-15 06:25:40.940000+00:00,124396.29038562006,426811.63482102077,7.651211985438921,0.00029486024868674576,0.0009066843194887042,0.00493969266587424,0,0.0009292666629708366,-0.0002132662433517071,0.00493969266587424,24_KW_0
42861,161,2026-02-15 06:25:45.510000+00:00,124402.99171991054,426879.64240093966,6.588743077794861,0.00031616394699085504,-0.005105947318952531,0.04711875697113932,0,0.004326659138008502,-0.0027295930775086043,0.04711875697113932,34a_P7_0
42862,146,2026-02-15 06:25:49.460000+00:00,124350.92456182226,426607.5117141748,11.37775946282023,-0.001704752678051591,-0.00015122198965400457,-0.0015620504038533767,0,-0.0005078574433597515,-0.0016343593854177495,-0.0015620504038533767,13_P5_1
42863,114,2026-02-15 06:25:56.150000+00:00,124396.29964666489,426811.63052578084,9.99476030906289,0.0006260198715608567,0.0009870250360108912,0.0040762314127071875,0,0.0011684482670449251,2.9119555990497945e-05,0.0040762314127071875,23_KW_0
42864,148,2026-02-15 06:26:04.550000+00:00,124351.03943206285,426607.39796843316,8.014494902978871,-0.0016863518103491515,-0.00048746156971901655,-0.0009615122335109305,0,-0.0008338604853711313,-0.001544693465111253,-0.0009615122335109305,14_P5_1
42865,150,2026-02-15 06:26:11.640000+00:00,124401.10316994543,426812.32281310734,9.18570855547992,-1.0684496373869479e-05,0.0013815183192491531,0.0036945322361106037,0,0.0010997533967339592,-0.0008362113914889504,0.0036945322361106037,27_KW_1
42866,153,2026-02-15 06:26:21.890000+00:00,124370.27769657123,426819.4982955744,9.736808321018009,0.003857766350847669,-0.0008275228319689631,0.010727843905019796,0,-0.0002157332011322818,-0.003939621103747376,0.010727843905019796,29_KW_1
42867,168,2026-02-15 06:26:22.150000+00:00,124669.36915770339,426931.31421458,13.788470168442457,-0.00757426796189975,0.006474007619544864,-0.012869851492771645,0,0.0008108342878091129,-0.009931004862263386,-0.012869851492771645,908_GSL_1
42868,119,2026-02-15 06:26:27.740000+00:00,124400.8147116565,426811.34407724766,3.988301754595116,0.0005602694145636633,0.0009483663598075509,0.004767625508933282,0,0.001093759614913812,-0.00013034751280221923,0.004767625508933282,28_KW_1
42869,169,2026-02-15 06:26:45.240000+00:00,124669.37612229654,426931.3103461149,13.812198016592095,-0.0029551517800427973,0.008186561986804008,0.00044280371920280004,0,0.0010974800958617904,-0.008634133230733802,0.00044280371920280004,908_GSL_1
42870,72,2026-02-15 06:27:27.240000+00:00,124390.5242147837,426780.88787515217,10.990891912259123,0.00025508084218017757,0.0009442204609513283,0.0038065906923652193,0,0.00010219471538446056,-0.0009727151459055095,0.0038065906923652193,18_P6_1
42871,138,2026-02-15 06:30:19.790000+00:00,123928.0848107562,426940.43054583046,7.112921186104124,-0.001808122469810769,-0.001175321580376476,-0.005014877493803027,0,0.00017752727938773275,-0.00214922584858047,-0.005014877493803027,905_GSL_1
42872,130,2026-02-15 06:30:20.520000+00:00,124898.94086560735,426720.7691569776,4.128971759325053,0.0024926100886659697,-0.0005197211867198348,0.0389090268548582,0,0.002500126615394421,-0.00048226763631958907,0.0389090268548582,901_GSL_1
42873,134,2026-02-15 06:30:21.300000+00:00,123855.61502333226,426533.0740681801,6.053031033803769,0.0005611908418359235,-0.00022988184355199337,0.007188114905988918,0,-0.0005957601425395432,-0.00011336082002455209,0.007188114905988918,904_GSL_1
42874,139,2026-02-15 06:30:22.040000+00:00,123928.08757312872,426940.4341629267,7.1308048421573895,0.0007032050343696028,0.0030589140951633453,-0.00579698858186628,0,0.0003460489315364556,0.0031195677423217177,-0.00579698858186628,905_GSL_1
42875,125,2026-02-15 06:30:36.460000+00:00,124339.65818206323,426609.5901084978,6.67357542913769,0.00031649960146751255,-0.0011253486154600978,5.949100857627343e-05,0,-0.001067512534685022,0.00047644358778077073,5.949100857627343e-05,17_P5_1
42876,137,2026-02-15 06:30:37.490000+00:00,123928.08683814923,426940.4307725363,7.132522115744162,-0.0025611126475268975,-0.003056034736800939,0.009658424778631769,0,-0.0009770876538040436,-0.0038657400355740336,0.009658424778631769,905_GSL_1
42877,143,2026-02-15 06:30:39.220000+00:00,124266.9200896305,427056.3162778766,7.108761123132929,0.0005222024046815932,0.0020510005997493863,0.0032193849101513905,0,0.0017000415004009338,0.0012606179867597177,0.0032193849101513905,906_GSL_1
42878,146,2026-02-15 06:30:51.700000+00:00,124350.92505405702,426607.5115963942,11.376230167603072,-0.0012125179200666025,-0.0002690026303753257,-0.003091345621010433,0,-0.0005190204358616193,-0.0011283527412956902,-0.003091345621010433,13_P5_1
42879,141,2026-02-15 06:30:54.200000+00:00,124266.92024033406,427056.31524638215,7.090607882294865,0.0016115826147142798,0.000728079117834568,0.006473182031767166,0,0.0006782915627591821,0.0016331620500629398,0.006473182031767166,906_GSL_1
42880,152,2026-02-15 06:30:54.660000+00:00,124370.27649434052,426819.50001524814,9.732570346661324,0.0007226786547107622,0.0008452102192677557,0.003649395433445335,0,0.0006561543722014007,0.0008978341676335283,0.003649395433445335,29_KW_1
42881,153,2026-02-15 06:31:05.500000+00:00,124370.27806592142,426819.49793598574,9.736822176019993,0.004227116543916054,-0.001187111483886838,0.010741698907004604,0,3.411098371103174e-05,-0.004390510721068231,0.010741698907004604,29_KW_1
42882,148,2026-02-15 06:31:07.830000+00:00,124351.03965604262,426607.39797453396,8.013890314258298,-0.001462372048990801,-0.0004813607665710151,-0.0015661009540846038,0,-0.0007804185204984394,-0.0013270972572220982,-0.0015661009540846038,14_P5_1
42883,150,2026-02-15 06:31:10.360000+00:00,124401.10322671366,426812.32278405596,9.185430465889354,4.6083732740953565e-05,0.0013524669338949025,0.0034164426455447483,0,0.0011105019171112277,-0.0007733537416956781,0.0034164426455447483,27_KW_1
42884,122,2026-02-15 06:31:11.100000+00:00,124329.15058215233,426611.3911402511,8.088753123850614,0.0010312492813682184,-0.0008986577740870416,0.005089285408216071,0,-0.000607699726133228,0.001225463960346098,0.005089285408216071,16_P5_1
42885,132,2026-02-15 06:31:11.230000+00:00,124806.22346338656,426258.50500343175,4.62206407228851,0.00932909878611099,-0.00013831869000568986,0.03943189807818914,0,0.004785957845015465,-0.008009108797285586,0.03943189807818914,903_GSL_1
42886,136,2026-02-15 06:31:22.330000+00:00,123855.61575808519,426533.07430370717,6.034592352683532,-1.2026604963466525e-05,0.0001951810554601252,0.012299810246793719,0,-0.00010443258215786169,0.00016533033424425545,0.012299810246793719,904_GSL_1
42887,120,2026-02-15 06:31:26.100000+00:00,124329.26197685262,426611.3301229287,11.361450399124317,0.0017250174569198862,-0.0010521613876335323,0.003419232477444467,0,-0.0005788298856768926,0.0019358937924774042,0.003419232477444467,15_P5_1
42888,128,2026-02-15 06:31:26.400000+00:00,124898.93803476203,426720.77593933715,4.075007207117608,-0.0022666374716209248,0.006675302342046052,-0.006384723886071697,0,0.0008416539282585698,-0.006999208916051051,-0.006384723886071697,901_GSL_1
42889,135,2026-02-15 06:31:27.620000+00:00,123855.61613575896,426533.06647684466,6.063636187922336,0.002485480727045797,-0.010158076649531722,0.04243774080397866,0,0.003646575694503911,-0.009801358138877033,0.04243774080397866,904_GSL_1
42890,5,2026-02-15 06:31:27.820000+00:00,124424.61723646287,426919.14089874376,8.78245995440137,3.368535544723272e-05,-0.0054490253096446395,0.014634132395055843,11,-0.005447844510964854,0.00011832883279058181,0.014634132395055843,TS4
42891,129,2026-02-15 06:31:29.830000+00:00,124898.94095044458,426720.7735366403,4.0855731785670795,0.0012787457962986082,0.0010339701548218727,-0.006111566678534075,0,0.0011473990212181517,-0.0011780325032533507,-0.006111566678534075,901_GSL_1
42892,140,2026-02-15 06:31:39.120000+00:00,123928.0879783987,426940.4327369726,7.143150658596808,0.0004546662385109812,-0.0017017043428495526,0.007576952394463987,0,-0.000509892438045481,-0.001685980059353843,0.007576952394463987,905_GSL_1
42893,124,2026-02-15 06:31:41.800000+00:00,124339.65858720032,426609.5896069587,6.678289308328904,0.0008214770932681859,-0.0006349453469738364,0.0038591124957108036,0,-0.00034626912973305667,0.0009788145371836202,0.0038591124957108036,17_P5_1
42894,154,2026-02-15 06:31:42+00:00,124285.66611988119,426445.5622074314,7.896407102347832,0.00149488118768204,-0.0016175686032511294,-0.005192897652166906,11,-0.002200468392359222,9.558663995296467e-05,-0.005192897652166906,TS1-1
42895,131,2026-02-15 06:31:44.220000+00:00,124806.21626237825,426258.49886191555,4.613110079495245,-0.002282117900904268,-0.007422148948535323,0.0016056067226823956,0,0.0004421818329463772,0.007752472660673102,0.0016056067226823956,903_GSL_1
42896,3,2026-02-15 06:31:44.420000+00:00,124314.90324618066,426440.79395259486,7.050389879559863,-0.003993171267211437,-0.002124688704498112,-0.02803921593122105,11,-0.004523240855242391,-3.3205076330075846e-06,-0.02803921593122105,TS2
42897,149,2026-02-15 06:31:46.430000+00:00,124351.0414823594,426607.3973360227,8.015584085775641,0.00017066733562387526,0.0006035572150722146,0.0033582418078434983,0,-0.0006228893981679579,-7.360332169569075e-05,0.0033582418078434983,14_P5_1
42898,145,2026-02-15 06:31:55.130000+00:00,124266.91976929463,427056.3153111503,7.119161928910064,0.0014455417986027896,0.0005645426572300494,0.011194992618417388,0,-0.0006277190231664044,0.0014192492139491106,0.011194992618417388,906_GSL_1
42899,147,2026-02-15 06:32:01.340000+00:00,124350.9276755729,426607.5108224338,11.375048381253574,0.0011682273034239188,0.0008296936866827309,0.0008287395811308329,0,-0.001003882670434886,-0.0010224315283611045,0.0008287395811308329,13_P5_1
42900,126,2026-02-15 06:32:16.260000+00:00,124339.65762125941,426609.58919835894,6.6712597761113175,0.0008006552670849487,0.0007081978837959468,0.0006025869758596869,0,-0.0008678951603936398,-0.0006239800396560984,0.0006025869758596869,17_P5_1
42901,133,2026-02-15 06:32:23.130000+00:00,124806.22160157995,426258.50904166116,4.590685102212067,-0.0002945135784102604,-0.002442152181174606,0.002527998027501255,0,0.0019305410700111688,0.001524420119548425,0.002527998027501255,903_GSL_1
42902,6,2026-02-15 06:32:23.330000+00:00,124399.0402300798,426925.07551624766,8.556387907128856,0.0010593354236334562,6.703275721520185e-05,0.009081211307298886,11,-0.0010498739712852475,0.00015636359781704125,0.009081211307298886,TS5
42903,121,2026-02-15 06:32:31.520000+00:00,124329.26110838701,426611.3279872251,11.355297203623058,0.0015656173054594547,0.000270732503850013,0.0009976815489363133,0,-0.0006960907775733234,-0.0014282546219678012,0.0009976815489363133,15_P5_1
42904,123,2026-02-15 06:32:47+00:00,124329.15173434757,426611.3906592587,8.080132880382093,0.001977735446416773,0.00038123904960229993,0.0020172353280276667,0,-0.0009182462042052348,-0.001792652955096913,0.0020172353280276667,16_P5_1
42905,4,2026-02-15 06:32:47.200000+00:00,124378.97074698082,426782.7418390325,7.761590129239525,-0.0010709923808462918,0.0006561250775121152,0.006514424267258789,11,-0.0012327790215623815,-0.00024037612436925818,0.006514424267258789,TS3
42906,68,2026-02-15 06:36:21.110000+00:00,123928.08235345647,426940.42876960733,7.114670425101455,-0.026596905387123115,-0.01896539790323004,-0.004142855938771284,0,0.0012840709295792003,-0.032640968975311234,-0.004142855938771284,905_GSL_1
42907,67,2026-02-15 06:36:21.110000+00:00,123855.61537328982,426533.0749356352,6.052259547116815,-0.0026211843214696273,-0.016167069494258612,0.00785139877923946,0,-0.0006558968528606664,-0.01636504025652589,0.00785139877923946,904_GSL_1
42908,66,2026-02-15 06:36:21.610000+00:00,124898.93904102579,426720.76391924004,4.1303359540841385,0.0014353621081681922,-0.010285914759151638,0.048049423680374126,0,0.005292838300884171,0.00893566838769166,0.048049423680374126,901_GSL_1
42909,68,2026-02-15 06:36:21.840000+00:00,123928.08700336375,426940.4326801928,7.129529756631958,-0.02194699810934253,-0.015054812422022223,0.010716475591731722,0,0.015745542394678,-0.021456840349202328,0.010716475591731722,905_GSL_1
42910,68,2026-02-15 06:36:37.310000+00:00,123928.0881959882,426940.43168464804,7.131018455173429,-0.020754373661475256,-0.016050357196945697,0.012205174133202767,0,-0.0008553322983782975,-0.026222631425717655,0.012205174133202767,905_GSL_1
42911,69,2026-02-15 06:36:38.510000+00:00,124266.91968006932,427056.31610520097,7.106687504245173,-0.022917127338587306,0.0012668169219978154,0.016186133317740214,0,0.0098569301647177,-0.020727770702484244,0.016186133317740214,906_GSL_1
42912,71,2026-02-15 06:36:42.500000+00:00,124806.21898917976,426258.5070641065,4.593672683560817,-0.008772755725658499,-0.008042025554459542,0.002169020411549205,0,0.0022895375459244015,0.011678760031204372,0.002169020411549205,903_GSL_1
42913,69,2026-02-15 06:36:54.320000+00:00,124266.91893519825,427056.3150642894,7.093565826285618,-0.023661998406169005,0.00022590532898902893,0.003064455358185114,0,0.0009508520788696088,-0.023643965025251568,0.003064455358185114,906_GSL_1
42914,66,2026-02-15 06:36:56.330000+00:00,124898.9411152376,426720.7727872105,4.085903970048321,0.003509573914925568,-0.0014179443242028356,0.0036174396445565193,0,0.0036527103856600052,0.0009926640969414328,0.0036174396445565193,901_GSL_1
42915,71,2026-02-15 06:36:57.190000+00:00,124806.21836088212,426258.5011933798,4.624307520240089,-0.009401053364854306,-0.013912752270698547,0.032803857090821786,0,0.0073448758666873025,0.01509957875629716,0.032803857090821786,903_GSL_1
42916,66,2026-02-15 06:37:08.790000+00:00,124898.9397853806,426720.77160044,4.075654710210501,0.0021797169174533337,-0.0026047147694043815,-0.006631820193263138,0,0.0008395558475469737,0.003291025804978634,-0.006631820193263138,901_GSL_1
42917,66,2026-02-15 06:37:11.010000+00:00,124898.94172582237,426720.77022512315,4.085419805052356,0.004120158686419018,-0.003980031644459814,0.0031332746485919216,0,0.0021294824164167607,0.005318050782979363,0.0031332746485919216,901_GSL_1
42918,68,2026-02-15 06:37:20.170000+00:00,123928.08809781581,426940.43453127827,7.144438794091868,-0.020852546047535725,-0.013203726965002716,0.025625513051641846,0,0.02041067674328995,-0.013877008226266224,0.025625513051641846,905_GSL_1
42919,71,2026-02-15 06:37:25.910000+00:00,124806.2156752369,426258.4978335342,4.614676381788472,-0.01208669858169742,-0.017272597877308726,0.02317271863920478,0,-0.005324093363658445,0.020398160453606214,0.02317271863920478,903_GSL_1
42920,67,2026-02-15 06:37:31.710000+00:00,123855.6163632818,426533.0653689331,6.062625663118227,-0.00163119233911857,-0.025733771617524326,0.018217514780650923,0,0.01579792763407185,-0.0203792363099977,0.018217514780650923,904_GSL_1
42921,149,2026-02-15 06:37:31.940000+00:00,124351.0406665974,426607.3974650598,8.014970373964289,-0.0006450946675613523,0.0007325943442992866,0.0027445299964909964,0,-0.0006220010245140963,0.0007523006904947035,0.0027445299964909964,14_P5_1
42922,69,2026-02-15 06:37:36.110000+00:00,124266.92044317919,427056.31602561095,7.1191616127133965,-0.022154017467983067,0.0011872269096784294,0.028660241785964047,0,0.016552986790072912,-0.01477188633974805,0.028660241785964047,906_GSL_1
42923,147,2026-02-15 06:37:48.400000+00:00,124350.92722325752,426607.51074067334,11.374941358300712,0.0007159119268180802,0.0007479332271032035,0.0007217166282682541,0,-0.000851670317504635,-0.000588720366088131,0.0007217166282682541,13_P5_1
42924,164,2026-02-15 06:37:49.190000+00:00,124091.06557332397,427154.2075708518,9.839413724888624,-0.029755127397947945,0.01283991034142673,0.02478019325922709,0,0.020260016445747497,-0.02529352956117494,0.02478019325922709,907_GSL_1
42925,67,2026-02-15 06:37:54.170000+00:00,123855.61461025366,426533.07653109654,6.03458690132517,-0.003384220486623235,-0.014571608160622418,-0.00982124701240572,0,0.011269258976251043,-0.009838115409720682,-0.00982124701240572,904_GSL_1
42926,126,2026-02-15 06:38:04.540000+00:00,124339.65792779281,426609.5891280398,6.6713750155377145,0.0011071886692661792,0.0006378787220455706,0.0007178264022567049,0,-0.0008671913741762538,-0.000938474897876445,0.0007178264022567049,17_P5_1
42927,122,2026-02-15 06:38:05.380000+00:00,124329.15115660743,426611.39091490186,8.089540724294759,0.0016057043831096962,-0.0011240069870837033,0.0058768858523610135,0,-0.000679975470497828,0.00183829041026491,0.0058768858523610135,16_P5_1
42928,121,2026-02-15 06:38:19.900000+00:00,124329.26115712647,426611.3280204704,11.355073717535102,0.0016143567627295852,0.00030397780938073993,0.0007741954609805646,0,-0.0007415958968199362,-0.001465805509536137,0.0007741954609805646,15_P5_1
42929,120,2026-02-15 06:38:20.700000+00:00,124329.26214074026,426611.3298881236,11.362631488212486,0.001888905098894611,-0.0012869664933532476,0.004600321565613186,0,-0.0007642347091452639,0.0021541101496863314,0.004600321565613186,15_P5_1
42930,110,2026-02-15 06:38:31.210000+00:00,124434.13971457479,426963.9294838376,8.790949037452473,-0.0003712676843861118,-0.0026027358253486454,0.03988867719468381,0,-0.002623042371707298,0.00017810723244964815,0.03988867719468381,35_P9_0
42931,123,2026-02-15 06:38:34.740000+00:00,124329.15204651596,426611.3905684622,8.080113620610128,0.0022899038303876296,0.0002904425491578877,0.0019979755560619594,0,-0.0009182149512791537,-0.0021177577127784687,0.0019979755560619594,16_P5_1
42932,111,2026-02-15 06:38:46.130000+00:00,124434.26153736816,426963.9728518287,6.508154211311714,-0.00015339115634560585,-0.005211950687225908,0.0468617016969457,0,-0.0051276634082642256,0.0009460585523463994,0.0468617016969457,36_P9_0
42933,102,2026-02-15 06:38:47.120000+00:00,124282.39376820003,426301.79274639324,6.903300035949936,0.0004792542022187263,-0.0008114713709801435,2.0521832002629026e-06,0,0.0006810065088800206,-0.000651460291290074,2.0521832002629026e-06,02_P1_0
42934,118,2026-02-15 06:38:51.040000+00:00,124372.2614119286,426775.1129172514,6.169536458261513,0.0013845666107954457,0.00025275262305513024,0.004004389271151432,0,-0.0011042482272184775,-0.0008726651367367013,0.004004389271151432,22_P6_1
42935,107,2026-02-15 06:38:52.930000+00:00,124409.92295352709,426969.5255231707,6.297828734324516,0.0021360197861213237,0.0011121176066808403,0.008748410894482639,0,0.0015881025631975648,0.0018103359761537717,0.008748410894482639,38_P9_0
42936,103,2026-02-15 06:39:02.450000+00:00,124282.31204187036,426301.7967000545,9.29770149408236,0.0003234632022213191,-0.000744098739232868,-0.0002499917087526171,0,0.0006506104120790312,-0.0004847860029059903,-0.0002499917087526171,01_P1_0
42937,74,2026-02-15 06:39:07.630000+00:00,124369.34697750078,426785.7256613139,7.2339754446981726,0.0006642914813710377,-0.0008049827883951366,0.003921609941100357,0,-0.0008729281383056742,-0.0005720812242931302,0.003921609941100357,21_P6_1
42938,106,2026-02-15 06:39:07.720000+00:00,124410.03464378932,426969.45084986644,8.932561707111754,0.0024399710964644328,0.001288525527343154,0.008674482773223247,0,0.0018374018053464163,0.0020585702785930167,0.008674482773223247,37_P9_0
42939,170,2026-02-15 06:39:08.900000+00:00,124669.37277028432,426931.3121004938,13.799258721962467,-0.015276532154530287,0.01360352209303528,0.013068591291078846,0,0.0012047872397224328,-0.020420008220152573,0.013068591291078846,908_GSL_1
42940,100,2026-02-15 06:39:18.600000+00:00,124292.48475824409,426345.9292209774,7.587460505929815,0.0010349707736168057,-0.0010140023077838123,-0.0010390630392835831,0,0.0007487850522991406,-0.001240437877479255,-0.0010390630392835831,06_P2_0
42941,160,2026-02-15 06:39:23.680000+00:00,124421.81309897904,426965.6183185824,5.603819500845565,0.0018928183999378234,-0.00031945621594786644,0.011638270958226116,0,0.000648376044032441,0.0018067712291753358,0.011638270958226116,38a_P9_0
42942,73,2026-02-15 06:39:24.340000+00:00,124369.49046908364,426785.6962884915,11.410026845515523,0.001129519208916463,-0.000178162707015872,0.003972229452447351,0,-0.0011313738394588416,0.00016597839880735991,0.003972229452447351,20_P6_1
42943,92,2026-02-15 06:39:27.080000+00:00,124278.31706355946,426395.637132423,11.105315714965975,0.0030877568788127974,-0.001158202183432877,0.0035267317387557284,0,0.0006959710994649099,-0.003223553794971326,0.0035267317387557284,11_P3_0
42944,101,2026-02-15 06:39:33.600000+00:00,124292.4058141436,426345.88247071096,10.215386645672812,0.0004952727613272145,-0.0009228149428963661,-0.00023185192747199324,0,0.0007837015774613427,-0.0006947620919639402,-0.00023185192747199324,05_P2_0
42945,165,2026-02-15 06:39:41.340000+00:00,124091.06437939183,427154.20664785756,9.85486377253262,-0.019401235331315547,0.010496063914615661,0.0041282788065988285,0,0.020181038356566258,-0.008905109821421923,0.0041282788065988285,907_GSL_1
42946,162,2026-02-15 06:39:41.430000+00:00,124402.99728031181,426879.64709299384,6.556181586482308,0.0018521835008868948,-0.000640594051219523,0.01150854319174055,0,0.000798833524100676,-0.0017896394777128627,0.01150854319174055,34a_P7_0
42947,93,2026-02-15 06:39:42.300000+00:00,124278.27105982961,426395.78986033506,7.952417356260775,0.002936249933554791,-0.001489767455495894,0.003691835981257441,0,0.0010418731700204344,-0.0031233749440864114,0.003691835981257441,12_P3_0
42948,98,2026-02-15 06:39:48.670000+00:00,124302.6613812548,426390.07731820876,7.979687219425001,0.0005356212495826185,-0.0005937998066656291,0.0006364242941305776,0,0.000451544763936006,-0.0006599967117816277,0.0006364242941305776,10_P3_0
42949,152,2026-02-15 06:39:57.450000+00:00,124370.27656848046,426819.4999431563,9.732323317157872,0.0007968185964273289,0.0007731184014119208,0.003402365929993323,0,0.0005689319514464241,0.0009533878396736065,0.003402365929993323,29_KW_1
42950,94,2026-02-15 06:39:57.520000+00:00,124268.22679478333,426351.55477309396,10.21822062508717,0.002572284240159206,-0.0011999265407212079,0.0037266857962094946,0,0.000710538780285527,-0.0027480182963380982,0.0037266857962094946,07_P2_0
42951,104,2026-02-15 06:39:59.150000+00:00,124389.81811353586,426881.44575122563,10.73394804638871,0.0010173255868721753,0.0014116574893705547,0.008036178328502785,0,-0.0015915380831460788,-0.0007033738315408803,0.008036178328502785,33_P7_0
42952,99,2026-02-15 06:40:03.700000+00:00,124302.53842720977,426390.13439108414,11.087822429275771,0.0003469186049187556,-0.0004252078360877931,6.722652640434035e-05,0,0.00033082338945122154,-0.00043784712777548805,6.722652640434035e-05,09_P3_0
42953,95,2026-02-15 06:40:13.020000+00:00,124268.11218465792,426351.5476907424,7.197451407909681,0.0026367556856712326,-0.0015002675936557353,0.0037805496645608727,0,0.0009907360481616258,-0.002867355136945235,0.0037805496645608727,08_P2_0
42954,117,2026-02-15 06:40:13.340000+00:00,124377.68105274692,426815.9064709905,7.621463418881501,0.0010356028360547498,0.0007649519830010831,0.004028378709041824,0,0.000724100164540569,0.0010645673872772222,0.004028378709041824,26_KW_0
42955,105,2026-02-15 06:40:15.620000+00:00,124389.6889273556,426881.4733588152,7.070932332831509,0.00024191824195440859,0.0014056010404601693,0.008636436108719003,0,-0.0014250789066501575,5.821366294791881e-05,0.008636436108719003,34_P7_0
42956,166,2026-02-15 06:40:22.300000+00:00,124091.05483136344,427154.2049052737,9.820164770297378,-0.017449472259613685,0.015877294121310115,-0.009688848765426528,0,0.02037289186123779,-0.011896126594985755,-0.009688848765426528,907_GSL_1
42957,96,2026-02-15 06:40:28.600000+00:00,124258.06428963905,426307.3511989436,9.30960326497785,0.0033114426187239587,-0.001210633316077292,0.005057656801959354,0,0.0005385888896419824,-0.0034844235177503764,0.005057656801959354,03_P1_0
42958,116,2026-02-15 06:40:29.840000+00:00,124377.68834543019,426815.9009258893,10.009440544678178,0.0009855386160779744,0.0008643257315270603,0.00438078940105413,0,0.0008255640957330188,0.0010182284899752116,0.00438078940105413,25_KW_0
42959,125,2026-02-15 06:40:38.310000+00:00,124339.65676807113,426609.5902140425,6.6732307363675485,-0.0010974924953188747,-0.0010198039235547185,-0.00028520176156554555,0,-0.001168262255721503,-0.0009378982469518502,-0.00028520176156554555,17_P5_1
42960,113,2026-02-15 06:40:39.740000+00:00,124414.07913444347,426875.91156993626,7.343549318390268,0.0018998292944161221,-0.0036622019251808524,0.04019937326499168,0,0.003107895847770035,-0.0027133112037018123,0.04019937326499168,32_P7_0
42961,97,2026-02-15 06:40:44.120000+00:00,124257.99037901858,426307.39025341574,6.843176526641815,0.0025088097027037293,-0.0015992888947948813,0.006114336045714985,0,0.0010753609573460727,-0.0027740673937037548,0.006114336045714985,04_P1_0
42962,115,2026-02-15 06:40:46.340000+00:00,124396.29041288568,426811.63492113026,7.651175264279831,0.00032212586665991694,0.0010067938128486276,0.004902971506784759,0,0.0010291493356128893,-0.00024135140473846114,0.004902971506784759,24_KW_0
42963,112,2026-02-15 06:40:54.410000+00:00,124413.95244179561,426875.86411652656,10.708837187645921,0.001707170798908919,-0.003149538883008063,0.039571580725256794,0,0.0026494395377427127,-0.0024113269060981085,0.039571580725256794,31_P7_0
42964,146,2026-02-15 06:40:55.530000+00:00,124350.92362094476,426607.5117672927,11.377631058469762,-0.0026456301857251674,-9.810412302613258e-05,-0.00169045475432128,0,-0.0006546527006807218,-0.0025652316347781045,-0.00169045475432128,13_P5_1
42965,114,2026-02-15 06:41:02.540000+00:00,124396.29966977965,426811.6306198921,9.99487511094137,0.0006491346284747124,0.0010811362881213427,0.004191033291187196,0,0.0012610436778689896,5.309279138250563e-07,0.004191033291187196,23_KW_0
42966,148,2026-02-15 06:41:10.400000+00:00,124351.03953907022,426607.3980984279,8.01454351847148,-0.0015793444472365081,-0.0003574668080545962,-0.0009128967409015587,0,-0.0006841363584143672,-0.0014676746386624868,-0.0009128967409015587,14_P5_1
42967,161,2026-02-15 06:41:10.730000+00:00,124402.99190174357,426879.64157512196,6.588396413178623,0.0004979969817213714,-0.005931765015702695,0.04677209235490132,0,0.004963629792765427,-0.003285759649714115,0.04677209235490132,34a_P7_0
42968,150,2026-02-15 06:41:18.740000+00:00,124401.10320814003,426812.3229165863,9.185562024772636,2.7510104700922966e-05,0.0014849972794763744,0.0035480015288271716,0,0.001205489032106406,-0.0008676231436424743,0.0035480015288271716,27_KW_1
42969,124,2026-02-15 06:41:26.610000+00:00,124339.65861612321,426609.58965378243,6.680043997504329,0.00085039998521097,-0.0005881215911358595,0.0056138016711360095,0,-0.0002927514100761827,0.0009916469899643723,0.0056138016711360095,17_P5_1
42970,168,2026-02-15 06:41:28.310000+00:00,124669.36801897587,426931.3149026519,13.78930112341856,-0.008712995477253571,0.007162079506088048,-0.012038896516667563,0,0.000701545552018313,-0.01125697592058413,-0.012038896516667563,908_GSL_1
42971,119,2026-02-15 06:41:34.820000+00:00,124400.81472937045,426811.3440645275,3.988307886927745,0.0005779833736596629,0.00093564618146047,0.004773757841562087,0,0.0010944019687681033,-0.00010854901135000533,0.004773757841562087,28_KW_1
42972,169,2026-02-15 06:41:51.240000+00:00,124669.37612087911,426931.3103888184,13.811218026273012,-0.0029565692093456164,0.008229265455156565,-0.0005371865998800018,0,0.0011156664686280033,-0.008672796535827578,-0.0005371865998800018,908_GSL_1
42973,153,2026-02-15 06:41:52.270000+00:00,124370.27764185802,426819.49838919163,9.737173930695501,0.003803053143201396,-0.0007339055882766843,0.01109345358251268,0,-0.0002916787201348059,-0.0038622214005334136,0.01109345358251268,29_KW_1
42974,72,2026-02-15 06:42:33.430000+00:00,124390.52420958225,426780.88786900975,10.990906977899408,0.0002498793910490349,0.0009380780393257737,0.003821656332650747,0,9.803260887272887e-05,-0.0009658259292097779,0.003821656332650747,18_P6_1
42975,138,2026-02-15 06:45:20.610000+00:00,123928.08425493643,426940.4304942413,7.117622701759284,-0.002363942243391648,-0.0012269107392057776,-0.00031336183864283385,0,0.0004769919942540649,-0.002620307525747223,-0.00031336183864283385,905_GSL_1
42976,134,2026-02-15 06:45:21+00:00,123855.61509037056,426533.07387103245,6.055820651939708,0.0006282291433308274,-0.000427029503043741,0.009977733041927728,0,-0.0007007644371556165,-0.00029318126921401653,0.009977733041927728,904_GSL_1
42977,130,2026-02-15 06:45:21.530000+00:00,124898.94003301657,426720.7659564122,4.128031148001104,0.0016600193048361689,-0.0037202865933068097,0.03796841553090946,0,0.0029669036959723274,0.0027917161187328643,0.03796841553090946,901_GSL_1
42978,139,2026-02-15 06:45:21.810000+00:00,123928.08643464062,426940.4315197848,7.132392125002863,-0.00043528307287488133,0.0004157721996307373,-0.004209705736393232,0,0.0005481371975525756,0.00024876392056805504,-0.004209705736393232,905_GSL_1
42979,137,2026-02-15 06:45:37+00:00,123928.08548689893,426940.42985659704,7.134969363712445,-0.003912362953997217,-0.0039719740161672235,0.012105672746915097,0,-0.0009281084784511584,-0.005497433594064097,0.012105672746915097,905_GSL_1
42980,125,2026-02-15 06:45:37.430000+00:00,124339.65776277946,426609.5901182977,6.67304856608213,-0.00010278416448272765,-0.0011155487154610455,-0.0004673720469838827,0,-0.0011186565346399328,6.017539815055248e-05,-0.0004673720469838827,17_P5_1
42981,143,2026-02-15 06:45:38.920000+00:00,124266.92001216566,427056.3164045446,7.107205020595168,0.0004447375686140731,0.0021776685607619584,0.001663282372390107,0,0.0018466194010512936,0.0012369432699719006,0.001663282372390107,906_GSL_1
42982,146,2026-02-15 06:45:52.660000+00:00,124350.92478375482,426607.51166990463,11.37761780903479,-0.0014828201237833127,-0.0001954921754077077,-0.0017037041892926652,0,-0.0005042564744501757,-0.0014080831360816291,-0.0017037041892926652,13_P5_1
42983,141,2026-02-15 06:45:53.520000+00:00,124266.91812557689,427056.3151409704,7.094698155180127,-0.0005031745531596243,0.0006226673722267151,0.010563454917028814,0,0.0006378122734136428,-0.0004838334333900777,0.010563454917028814,906_GSL_1
42984,152,2026-02-15 06:45:54.710000+00:00,124370.27647095399,426819.50000894425,9.732584725310158,0.0006992921262281016,0.0008389063295908272,0.0036637740822786924,0,0.0006554032467806724,0.0008736245713929559,0.0036637740822786924,29_KW_1
42985,153,2026-02-15 06:46:01.060000+00:00,124370.27804195067,426819.49834028963,9.737913207476366,0.00420314579969272,-0.0007828075904399157,0.011832730363376953,0,-0.0003496756294024825,-0.004261097193367792,0.011832730363376953,29_KW_1
42986,148,2026-02-15 06:46:08.940000+00:00,124351.03945876301,426607.3980140531,8.01445221728498,-0.0016596516506979242,-0.00044184160651639104,-0.0010041979274024726,0,-0.0007836173377309837,-0.0015282707466024255,-0.0010041979274024726,14_P5_1
42987,122,2026-02-15 06:46:09.020000+00:00,124329.15111104272,426611.3908755836,8.089177056153389,0.0015601396735291928,-0.001163325272500515,0.005513217710991114,0,-0.0007295651063446829,0.001804188528442204,0.005513217710991114,16_P5_1
42988,132,2026-02-15 06:46:10.010000+00:00,124806.22376154707,426258.504479622,4.6253507620104495,0.009627259292756207,-0.0006621284410357475,0.04271858780012838,0,0.00538867336184943,-0.008005294183331648,0.04271858780012838,903_GSL_1
42989,150,2026-02-15 06:46:11.260000+00:00,124401.10327375346,426812.3228053006,9.185555860629137,9.312352631241083e-05,0.0013737115659750998,0.0035418373853275398,0,0.001155693236245095,-0.00074841739780951,0.0035418373853275398,27_KW_1
42990,136,2026-02-15 06:46:18.220000+00:00,123855.61582083633,426533.0747060615,6.030841396674939,5.072454223409295e-05,0.0005975353997200727,0.008548854238200398,0,-0.0003907130378447894,0.00045493390196992516,0.008548854238200398,904_GSL_1
42991,120,2026-02-15 06:46:24.290000+00:00,124329.26205732916,426611.32985872356,11.362613633929264,0.0018054940010188147,-0.00131636654259637,0.0045824672823915336,0,-0.0008138822230616672,0.0020809193134685077,0.0045824672823915336,15_P5_1
42992,128,2026-02-15 06:46:25.740000+00:00,124898.93727399979,426720.7775477943,4.0770384653606,-0.003027399710845202,0.008283759467303753,-0.004353465643079701,0,0.000850940995847086,-0.008778480468905591,-0.004353465643079701,901_GSL_1
42993,135,2026-02-15 06:46:26.610000+00:00,123855.61476988888,426533.0678319475,6.058994497327342,0.0011196106497664005,-0.008802973781712353,0.03779605020898469,0,0.004016000083234589,-0.007913129516193022,0.03779605020898469,904_GSL_1
42994,5,2026-02-15 06:46:26.810000+00:00,124424.61722305541,426919.1404155021,8.784630941446965,2.027789014391601e-05,-0.005932266998570412,0.016805119440650884,11,-0.005932279001810767,-1.6394506132932795e-05,0.016805119440650884,TS4
42995,129,2026-02-15 06:46:29.340000+00:00,124898.94120698844,426720.77393097937,4.086724658317208,0.0015352896589320153,0.0014283092459663749,-0.004960086928405438,0,0.0013554736768808802,-0.0015999602339494708,-0.004960086928405438,901_GSL_1
42996,140,2026-02-15 06:46:35.060000+00:00,123928.08798940475,426940.4342389992,7.144047594287018,0.0004656722885556519,-0.0001996777136810124,0.008473888084674641,0,-0.0004719333675003971,-0.00018439296708190871,0.008473888084674641,905_GSL_1
42997,124,2026-02-15 06:46:39.840000+00:00,124339.65902496036,426609.58956447896,6.6790509973673124,0.0012592371349455789,-0.0006774250650778413,0.0046208015341191455,0,-0.0002497511825019003,0.0014079088136880777,0.0046208015341191455,17_P5_1
42998,154,2026-02-15 06:46:40.040000+00:00,124285.66612930084,426445.56239188253,7.89606985670642,0.0015043008315842599,-0.0014331174897961318,-0.005530143293579037,11,-0.0020734740682131735,0.00013210609339532546,-0.005530143293579037,TS1-1
42999,131,2026-02-15 06:46:44.070000+00:00,124806.21599375004,426258.49828556384,4.612816937091756,-0.002550746110500768,-0.007998500659596175,0.001312464319193296,0,0.00039081231517446073,0.008386273561964409,0.001312464319193296,903_GSL_1
43000,3,2026-02-15 06:46:44.270000+00:00,124314.90339298567,426440.79399000347,7.050266390819785,-0.0038463662640424445,-0.0020872800960205495,-0.02816270467129911,11,-0.004376094259798486,3.2721029417224835e-05,-0.02816270467129911,TS2
43001,149,2026-02-15 06:46:46.430000+00:00,124351.0413659931,426607.3973029306,8.014904636728552,5.4301024647429585e-05,0.0005704651121050119,0.002678792760754334,0,-0.0005719048772185376,3.610895761987622e-05,0.002678792760754334,14_P5_1
43002,145,2026-02-15 06:46:50.960000+00:00,124266.91979995099,427056.31516837334,7.119449411233067,0.0014761981583433226,0.0004217657260596752,0.011482474941420406,0,-0.0007500901424705378,0.0013395566835872944,0.011482474941420406,906_GSL_1
43003,6,2026-02-15 06:46:51.160000+00:00,124399.03946592464,426925.0753362167,8.55528286609021,0.0002951802598545328,-0.0001129981828853488,0.007976170268651828,11,-0.0002874550195675878,-0.0001314138001451063,0.007976170268651828,TS5
43004,147,2026-02-15 06:47:01.730000+00:00,124350.92740149821,426607.5108214079,11.375327325107415,0.0008941526175476611,0.000828667776659131,0.0011076834349719178,0,-0.000959557709595573,-0.0007519628910366649,0.0011076834349719178,13_P5_1
43005,126,2026-02-15 06:47:17.060000+00:00,124339.65787137135,426609.5890889522,6.671474606775399,0.0010507672122912481,0.0005987911717966199,0.0008174176399409205,0,-0.0008165815893472201,-0.0008921082388292677,0.0008174176399409205,17_P5_1
43006,121,2026-02-15 06:47:32.540000+00:00,124329.26090522502,426611.3280446472,11.355225988366476,0.0013624553102999926,0.00032815459417179227,0.0009264662923538225,0,-0.0006946537584044261,-0.0012171384745275733,0.0009264662923538225,15_P5_1
43007,123,2026-02-15 06:47:48.310000+00:00,124329.15195658643,426611.3906456968,8.079591494697603,0.002199974303948693,0.00036767713027074933,0.001475849643536975,0,-0.0009672707722815444,-0.0020098409547147093,0.001475849643536975,16_P5_1
43008,4,2026-02-15 06:47:48.510000+00:00,124378.97069926765,426782.741865597,7.761743356897716,-0.0011187055497430265,0.0006826895987614989,0.0066676519254498245,11,-0.0012867679209652124,-0.0002485870327628705,0.0066676519254498245,TS3
43009,68,2026-02-15 06:51:21.180000+00:00,123928.07746464024,426940.4249844792,7.11568184771629,-0.03148572161444463,-0.022750526026356965,-0.0031314333239356174,0,0.0012836076221866366,-0.03882382582294686,-0.0031314333239356174,905_GSL_1
43010,67,2026-02-15 06:51:21.420000+00:00,123855.61515693887,426533.07399888994,6.051366310505566,-0.002837535270373337,-0.01710381475277245,0.006958162167990167,0,-0.0006307132530475242,-0.017326115730312997,0.006958162167990167,904_GSL_1
43011,68,2026-02-15 06:51:22.530000+00:00,123928.08667695125,426940.4320545013,7.13071290775243,-0.022273410606430843,-0.015680503915064037,0.01189962671220357,0,0.015847063870459668,-0.022155215858993032,0.01189962671220357,905_GSL_1
43012,66,2026-02-15 06:51:23.010000+00:00,124898.9405095771,426720.7668886282,4.130852661922258,0.002903913424233906,-0.007316526607610285,0.04856613151849398,0,0.005501994847712112,0.005629593899302555,0.04856613151849398,901_GSL_1
43013,71,2026-02-15 06:51:27.050000+00:00,124806.22236218253,426258.50933813455,4.595021641597891,-0.005399752961238846,-0.0057679975288920105,0.003517978448623893,0,0.0021073079342660782,0.007614878909470015,0.003517978448623893,903_GSL_1
43014,68,2026-02-15 06:51:37.710000+00:00,123928.08956446071,426940.43291501066,7.132116260647873,-0.01938590114878025,-0.014819994568824768,0.013302979607646925,0,-0.0006594657446361322,-0.02439283721304118,0.013302979607646925,905_GSL_1
43015,69,2026-02-15 06:51:39.890000+00:00,124266.9196299305,427056.3161913365,7.106103711942316,-0.022967266151681542,0.0013529524439945817,0.015602341014883336,0,0.009955641657030239,-0.02074152824636342,0.015602341014883336,906_GSL_1
43016,67,2026-02-15 06:51:43.670000+00:00,123855.6127249399,426533.07767666306,6.029174083046701,-0.005269534245599061,-0.013426041638012975,-0.015234065290874454,0,0.012128126747586078,-0.007806095491709449,-0.015234065290874454,904_GSL_1
43017,69,2026-02-15 06:51:54.140000+00:00,124266.91943238626,427056.3152647309,7.094003731006531,-0.02316481039451901,0.00042634684359654784,0.00350236007909821,0,0.001135965166561052,-0.02314086850974744,0.00350236007909821,906_GSL_1
43018,66,2026-02-15 06:51:57.620000+00:00,124898.94101282563,426720.7725304068,4.082867401333159,0.003407161944778636,-0.0016747480258345604,0.0005808709293946279,0,0.003581407728738024,0.0012597825798605267,0.0005808709293946279,901_GSL_1
43019,66,2026-02-15 06:51:58.880000+00:00,124898.93870494384,426720.77481139847,4.078660413447956,0.001099280154448934,0.0006062436732463539,-0.0036261169558082784,0,0.0012533315963944378,-7.147138445471646e-05,-0.0036261169558082784,901_GSL_1
43020,68,2026-02-15 06:52:00.390000+00:00,123928.08724322825,426940.43315778574,7.143829440189256,-0.02170713360828813,-0.014577219495549798,0.025016159149029882,0,0.02121999282872515,-0.01527765957397802,0.025016159149029882,905_GSL_1
43021,66,2026-02-15 06:52:10.770000+00:00,124898.9424882597,426720.7686052285,4.0847804595706485,0.004882596011157148,-0.005599926284048706,0.002493929166884179,0,0.002161865670529108,0.007108111916503211,0.002493929166884179,901_GSL_1
43022,71,2026-02-15 06:52:11.790000+00:00,124806.2206217578,426258.5019768796,4.624763209175467,-0.007140177680412307,-0.013129252474755049,0.033259546026199516,0,0.0077973069791112595,0.01274995732256475,0.033259546026199516,903_GSL_1
43023,69,2026-02-15 06:52:16.930000+00:00,124266.91924463426,427056.3154866793,7.118737171737128,-0.023352562391664833,0.0006482952740043402,0.028235800809695455,0,0.01702334846564509,-0.01599900197000157,0.028235800809695455,906_GSL_1
43024,71,2026-02-15 06:52:16.980000+00:00,124806.21737104996,426258.50188626506,4.610391830057715,-0.01039088552352041,-0.013219867018051445,0.018888166908447523,0,-0.00514382265879695,0.01600863749332583,0.018888166908447523,903_GSL_1
43025,67,2026-02-15 06:52:29.530000+00:00,123855.61500821501,426533.06686789915,6.064107830516383,-0.002986259132740088,-0.024234805547166616,0.01969968217880691,0,0.016077667387638234,-0.018378034576344807,0.01969968217880691,904_GSL_1
43026,149,2026-02-15 06:52:32.940000+00:00,124351.0407651358,426607.3975491447,8.013960288746627,-0.0005465562717290595,0.0008166792104020715,0.001734444778829669,0,-0.0007205391698260641,0.0006682155308099978,0.001734444778829669,14_P5_1
43027,164,2026-02-15 06:52:46.190000+00:00,124091.06294578857,427154.20698717126,9.83620906480795,-0.032382662800955586,0.012256229820195585,0.02157553317855232,0,0.020392869488600047,-0.02798183148949992,0.02157553317855232,907_GSL_1
43028,147,2026-02-15 06:52:48+00:00,124350.9269670457,426607.5108307251,11.37486394820258,0.000459700109786354,0.000837984960526228,0.0006443065301375839,0,-0.0009001014149926003,-0.0003214971659813637,0.0006443065301375839,13_P5_1
43029,122,2026-02-15 06:53:02.600000+00:00,124329.15093666108,426611.3912630783,8.089031967762986,0.001385758034302853,-0.0007758305291645229,0.0053681293205887215,0,-0.00039897237405446924,0.0015372245718696899,0.0053681293205887215,16_P5_1
43030,126,2026-02-15 06:53:03.540000+00:00,124339.65750357414,426609.58927387453,6.671654558489141,0.0006829699996160343,0.000783713476266712,0.0009973693536835526,0,-0.0009154795918713367,-0.0004924956346249889,0.0009973693536835526,17_P5_1
43031,107,2026-02-15 06:53:16.690000+00:00,124409.92224516958,426969.52532364207,6.296608826472082,0.001427662282367237,0.0009125889628194273,0.007528503042048662,0,0.0012258887345902897,0.0011697157851198229,0.007528503042048662,38_P9_0
43032,120,2026-02-15 06:53:17.990000+00:00,124329.2621268891,426611.33004897274,11.361242539149963,0.0018750539311440662,-0.001126117364037782,0.003211372503090004,0,-0.0006121972047524598,0.0020998052635374295,0.003211372503090004,15_P5_1
43033,121,2026-02-15 06:53:19.040000+00:00,124329.2607738071,426611.3280371009,11.355531523370166,0.0012310373858781531,0.0003206083201803267,0.0012320012960440607,0,-0.0006508022364198472,-0.0010930229592600025,0.0012320012960440607,15_P5_1
43034,110,2026-02-15 06:53:28.650000+00:00,124434.14002028869,426963.92903498374,8.793102275626962,-6.555378786288202e-05,-0.003051589708775282,0.042041915369173566,0,-0.0029985089742297364,0.0005704743476004129,0.042041915369173566,35_P9_0
43035,106,2026-02-15 06:53:31.260000+00:00,124410.03382189345,426969.4506330909,8.931402111217716,0.001618075228179805,0.0010717500117607415,0.007514886879185667,0,0.0014293854788061363,0.0013128871561320225,0.007514886879185667,37_P9_0
43036,124,2026-02-15 06:53:33.390000+00:00,124339.6591730432,426609.5897042731,6.6788467305036185,0.001407319970894605,-0.0005376309272833169,0.004416534670425243,0,-7.066573071772071e-05,0.0015048597505922076,0.004416534670425243,17_P5_1
43037,123,2026-02-15 06:53:33.840000+00:00,124329.15156546839,426611.3906560929,8.08002842098235,0.0018088562646880746,0.00037807325134053826,0.001912775928284205,0,-0.000868056657692733,-0.0016313730440079674,0.001912775928284205,16_P5_1
43038,102,2026-02-15 06:53:38+00:00,124282.39288649504,426301.79290071776,6.9038318242578995,-0.0004024507798021659,-0.0006571468547917902,0.0005338404911636729,0,0.0007315308585649168,0.00024222143153195458,0.0005338404911636729,02_P1_0
43039,111,2026-02-15 06:53:43.690000+00:00,124434.26147558508,426963.97232819715,6.510333271580079,-0.00021517423738259822,-0.005735582206398249,0.04904076196531015,0,-0.00565258032942924,0.0009957604220569368,0.04904076196531015,36_P9_0
43040,160,2026-02-15 06:53:46.510000+00:00,124421.81225153175,426965.61826861015,5.603068906734251,0.0010453711147420108,-0.00036942848237231374,0.010887676846912164,0,0.0001898267426232574,0.0010923570748202756,0.010887676846912164,38a_P9_0
43041,170,2026-02-15 06:53:48.800000+00:00,124669.37315427096,426931.3120489737,13.799235030086843,-0.014892545514157973,0.013552001968491822,0.013044899415454836,0,0.0014023855561746752,-0.02008676141136509,0.013044899415454836,908_GSL_1
43042,118,2026-02-15 06:53:49.440000+00:00,124372.26144942267,426775.113017499,6.169543975928356,0.0014220606826711446,0.00035300018498674035,0.004011906937994247,0,-0.0012042829060495948,-0.0008346067325372698,0.004011906937994247,22_P6_1
43043,103,2026-02-15 06:53:53.260000+00:00,124282.31138003385,426301.79686697066,9.298425156012456,-0.0003383733128430322,-0.0005771825672127306,0.00047367022134281456,0,0.0006391864713372931,0.00019767870294502303,0.00047367022134281456,01_P1_0
43044,162,2026-02-15 06:54:04.540000+00:00,124402.99660119206,426879.6468326684,6.554786486541172,0.0011730637488653883,-0.0009009194909594953,0.010113443250604703,0,0.0009992912882274478,-0.001090482191218895,0.010113443250604703,34a_P7_0
43045,74,2026-02-15 06:54:05.650000+00:00,124369.34704671834,426785.7257207192,7.234005229444207,0.0007335090340347961,-0.0007455775048583746,0.0039513946871352346,0,-0.0009214423946293189,-0.0004948385920088343,0.0039513946871352346,21_P6_1
43046,92,2026-02-15 06:54:06.600000+00:00,124278.31739680473,426395.6373884117,11.10525732315633,0.003421002154937014,-0.0009022135054692626,0.003468339929110442,0,0.0003941628230370011,-0.003515946618262332,0.003468339929110442,11_P3_0
43047,100,2026-02-15 06:54:08.630000+00:00,124292.4836353664,426345.92943594215,7.587632295488052,-8.79069120856002e-05,-0.0007990375743247569,-0.0008672734810462046,0,0.0007978353233291783,-9.822152118269382e-05,-0.0008672734810462046,06_P2_0
43048,104,2026-02-15 06:54:20.970000+00:00,124389.81727482767,426881.4455434624,10.73299675911656,0.00017861739615909755,0.0012038942659273744,0.007084891056353015,0,-0.00121480784464267,7.421238668913697e-05,0.007084891056353015,33_P7_0
43049,93,2026-02-15 06:54:21.300000+00:00,124278.27130172723,426395.7902629741,7.952069303043831,0.003178147555445321,-0.0010871284175664186,0.003343782764313019,0,0.0006080457270953497,-0.0033034452431097783,0.003343782764313019,12_P3_0
43050,73,2026-02-15 06:54:22.240000+00:00,124369.49059180399,426785.69633987424,11.410014133867302,0.001252239555469714,-0.00012677995255216956,0.003959517804226209,0,-0.0012332480663841696,0.0002515477438018962,0.003959517804226209,20_P6_1
43051,101,2026-02-15 06:54:23.630000+00:00,124292.4051345737,426345.8826392537,10.215609982107942,-0.0001842971396399662,-0.0007542722159996629,-8.51549234148763e-06,0,0.0007764427185434159,5.358761930250031e-06,-8.51549234148763e-06,05_P2_0
43052,105,2026-02-15 06:54:36.230000+00:00,124389.6881839274,426881.47332500445,7.069910314735388,-0.0005015099595766515,0.001371790305711329,0.007614418012598101,0,-0.0012361361667895992,0.00077800273749703,0.007614418012598101,34_P7_0
43053,94,2026-02-15 06:54:36.610000+00:00,124268.22696795307,426351.5549186619,10.217538952951468,0.0027454539813334122,-0.0010543586104176939,0.0030450136605075784,0,0.0005358235636681372,-0.002891726603882081,0.0030450136605075784,07_P2_0
43054,165,2026-02-15 06:54:38.340000+00:00,124091.06551636463,427154.2074673431,9.854592817039002,-0.018264262529555708,0.011315549432765692,0.0038573233129817197,0,0.02013227200854359,-0.007504436586973659,0.0038573233129817197,907_GSL_1
43055,98,2026-02-15 06:54:38.560000+00:00,124302.66090620725,426390.0773282334,7.9795923219114115,6.057370046619326e-05,-0.00058377516688779,0.0005415267805410906,0,0.0005532647025430532,-0.0001958591013534526,0.0005415267805410906,10_P3_0
43056,95,2026-02-15 06:54:52.120000+00:00,124268.11217578764,426351.5478778514,7.19721601031474,0.002627885405672714,-0.001313158601988107,0.003545152069619917,0,0.0008084358265652428,-0.0028242872965845343,0.003545152069619917,08_P2_0
43057,99,2026-02-15 06:54:54+00:00,124302.53814290708,426390.1343569041,11.087818346132206,6.261591624934226e-05,-0.0004593878984451294,6.314338283885945e-05,0,0.0004314402591632441,-0.00016975658154760878,6.314338283885945e-05,09_P3_0
43058,152,2026-02-15 06:54:55.040000+00:00,124370.27645245846,426819.4999655618,9.73235313379572,0.0006807965983171016,0.0007955238688737154,0.0034321825678400586,0,0.0006174434304723868,0.0008456393110507767,0.0034321825678400586,29_KW_1
43059,96,2026-02-15 06:55:07.610000+00:00,124258.06455412196,426307.35123656533,9.309861176883201,0.0035759255260927603,-0.001173011609353125,0.005315568707310092,0,0.00044989366515262,-0.00373641476470353,0.005315568707310092,03_P1_0
43060,117,2026-02-15 06:55:10.440000+00:00,124377.68101885421,426815.90647017525,7.621585765075529,0.001001710130367428,0.0007641367265023291,0.004150724903069225,0,0.0007246035655014096,0.0010306686154788402,0.004150724903069225,26_KW_0
43061,166,2026-02-15 06:55:12.050000+00:00,124091.0626245686,427154.2075039216,9.821139670924046,-0.009656267095124349,0.018475942022632807,-0.00871394813875881,0,0.02051935611127085,-0.0036823840938883276,-0.00871394813875881,907_GSL_1
43062,153,2026-02-15 06:55:15.950000+00:00,124370.27702756031,426819.49801827694,9.736553013821753,0.003188755435985513,-0.0011048202868551016,0.01047253670876458,0,0.0002277014034921601,-0.003367037446720997,0.01047253670876458,29_KW_1
43063,97,2026-02-15 06:55:22.490000+00:00,124257.99052546953,426307.39046539983,6.842316443293816,0.002655260657775216,-0.0013873048010282218,0.005254252697715955,0,0.0008387412506759857,-0.0028760279703263164,0.005254252697715955,04_P1_0
43064,116,2026-02-15 06:55:25.440000+00:00,124377.68840283231,426815.90092636825,10.009466181921622,0.0010429407411720604,0.0008648046641610563,0.004406426644498751,0,0.0008238226835536378,0.0010756061931830473,0.004406426644498751,25_KW_0
43065,125,2026-02-15 06:55:28.980000+00:00,124339.65787366111,426609.59020521835,6.6740112479912215,8.097485988400877e-06,-0.0010286280885338783,0.0004953098621074403,0,-0.0010165663687664993,0.00015727088634927386,0.0004953098621074403,17_P5_1
43066,113,2026-02-15 06:55:36.590000+00:00,124414.07903789142,426875.91104434326,7.346054705588399,0.0018032772495644167,-0.004187794926110655,0.04270476046312233,0,0.0036413943925189076,-0.0027440266143182023,0.04270476046312233,32_P7_0
43067,115,2026-02-15 06:55:41.340000+00:00,124396.29045709435,426811.6348948869,7.651244934961805,0.00036633454146794975,0.0009805504814721644,0.004972642188758591,0,0.001029370103837567,-0.00018994060206618007,0.004972642188758591,24_KW_0
43068,146,2026-02-15 06:55:45.580000+00:00,124350.92451883697,426607.5115764004,11.377511450568214,-0.001747737973346375,-0.0002889964380301535,-0.0018100626558688049,0,-0.0006516026119778747,-0.001647276843986651,-0.0018100626558688049,13_P5_1
43069,112,2026-02-15 06:55:52.190000+00:00,124413.95256645941,426875.8635504659,10.711069934985183,0.0018318345973966643,-0.0037155995378270745,0.041804328064518614,0,0.0031692085090727923,-0.0026678484484207086,0.041804328064518614,31_P7_0
43070,114,2026-02-15 06:55:56.340000+00:00,124396.29973502256,426811.6307078526,9.99474299976642,0.0007143775437725708,0.001169096794910729,0.004058922116236374,0,0.0013700351835767709,1.123328441881389e-05,0.004058922116236374,23_KW_0
43071,148,2026-02-15 06:56:00.490000+00:00,124351.0402762589,426607.3979365811,8.014877650060646,-0.0008421557722613215,-0.0005193136166781187,-0.0005787651517366044,0,-0.0006860337744689974,-0.0007129310187586115,-0.0005787651517366044,14_P5_1
43072,161,2026-02-15 06:56:07.810000+00:00,124402.99180191329,426879.6411401191,6.590550775873151,0.0003981666959589347,-0.006366767862346023,0.04892645504942905,0,0.005393105987847852,-0.003407150940978789,0.04892645504942905,34a_P7_0
43073,150,2026-02-15 06:56:11.340000+00:00,124401.10321444353,426812.3228450161,9.185652405272467,3.381360147614032e-05,0.001413427060469985,0.0036383820286580715,0,0.0011519605476396021,-0.0008196989152094063,0.0036383820286580715,27_KW_1
43074,168,2026-02-15 06:56:18.090000+00:00,124669.3705209263,426931.31318973034,13.79135960064477,-0.006211045052623376,0.005449157964903861,-0.009980419290458897,0,0.0007786529178683404,-0.008225819278691189,-0.009980419290458897,908_GSL_1
43075,119,2026-02-15 06:56:28.140000+00:00,124400.81477731733,426811.3441460558,3.9882443917664836,0.0006259302463149652,0.0010171745088882744,0.004710262680300836,0,0.0011882970947957364,-0.00011992776694338957,0.004710262680300836,28_KW_1
43076,169,2026-02-15 06:56:45.220000+00:00,124669.37641306076,426931.3102560073,13.811239696250887,-0.0026643875607987866,0.008096454374026507,-0.0005155166220056628,0,0.0013153024506277126,-0.00842149119623152,-0.0005155166220056628,908_GSL_1
43077,72,2026-02-15 06:57:27.240000+00:00,124390.52413000916,426780.8879289411,10.990850217879544,0.00017030630260705948,0.0009980094037018716,0.0037648963127860924,0,9.966155106327729e-06,-0.001012387120788016,0.0037648963127860924,18_P6_1
43078,138,2026-02-15 07:00:20.580000+00:00,123928.0842537367,426940.4301803156,7.119967842537619,-0.0023651419760426506,-0.001540836412459612,0.002031778939691975,0,0.00022949776948761843,-0.0028134328125264604,0.002031778939691975,905_GSL_1
43079,130,2026-02-15 07:00:20.810000+00:00,124898.94006237647,426720.76667871303,4.130704627321251,0.0016893792053451762,-0.0029979857499711215,0.04064189485105629,0,0.002715297803655687,0.002114019511249886,0.04064189485105629,901_GSL_1
43080,134,2026-02-15 07:00:21.310000+00:00,123855.61487206149,426533.0721892785,6.053255839639042,0.00040992007416207343,-0.0021087834611535072,0.007412920741261431,0,-0.0008221895289337463,-0.0019846930573132232,0.007412920741261431,904_GSL_1
43081,139,2026-02-15 07:00:22.120000+00:00,123928.08631250903,426940.43081518105,7.132477613688088,-0.000557414663489908,-0.00028883153572678566,-0.004124217051168166,0,0.0004308130139841297,-0.0004566562274685092,-0.004124217051168166,905_GSL_1
43082,133,2026-02-15 07:00:27.370000+00:00,124806.22883244703,426258.51362154906,4.589744267822686,0.0069363535003503785,0.0021377357188612223,0.0015871636381206145,0,0.0017916246775501316,-0.007033704209043159,0.0015871636381206145,903_GSL_1
43083,125,2026-02-15 07:00:37.400000+00:00,124339.65897508374,426609.5900672561,6.6726457172732765,0.0011095201189164072,-0.0011665903148241341,-0.0008702208558375446,0,-0.0009932464824332849,0.0012670553587178649,-0.0008702208558375446,17_P5_1
43084,137,2026-02-15 07:00:37.790000+00:00,123928.08546218339,426940.42956199864,7.131031888413981,-0.003937078494345769,-0.00426657241769135,0.008168197448450876,0,-0.0011524181705384767,-0.005690005239563257,0.008168197448450876,905_GSL_1
43085,143,2026-02-15 07:00:39.640000+00:00,124266.91977178349,427056.31598026684,7.108164938968703,0.00020435539772734046,0.0017533908248879015,0.0026232007459254802,0,0.0015451090467577258,0.0008536852739791209,0.0026232007459254802,906_GSL_1
43086,153,2026-02-15 07:00:48.590000+00:00,124370.27712944073,426819.4980854249,9.736850243688917,0.003290635853772983,-0.001037672336678952,0.010769766575927875,0,0.00013613280377353635,-0.0034476827087453624,0.010769766575927875,29_KW_1
43087,146,2026-02-15 07:00:52.700000+00:00,124350.9259162663,426607.5113536383,11.377468722293463,-0.0003503086481941864,-0.0005117584951221943,-0.001852790930620074,0,-0.0005742002823104683,-0.0002343223039404267,-0.001852790930620074,13_P5_1
43088,141,2026-02-15 07:00:54.100000+00:00,124266.91775780958,427056.31514659245,7.091959549552073,-0.0008709418616490439,0.0006282894173637033,0.007824849288975422,0,0.0006547152660681191,-0.0008512550961499589,0.007824849288975422,906_GSL_1
43089,152,2026-02-15 07:00:54.850000+00:00,124370.27647352236,426819.4999507268,9.732468212550058,0.0007018604956101626,0.0007806888897903264,0.003547261322179196,0,0.0005981580420930951,0.000862722582653051,0.003547261322179196,29_KW_1
43090,136,2026-02-15 07:01:04.220000+00:00,123855.61487106697,426533.07521240687,6.0326952613250615,-0.0008990448259282857,0.0011038807570002973,0.010402718888323115,0,8.333586709759394e-05,0.0014212281512688463,0.010402718888323115,904_GSL_1
43091,148,2026-02-15 07:01:08.900000+00:00,124351.0404012785,426607.3976299805,8.014785728043071,-0.0007171361648943275,-0.0008259142050519586,-0.0006706871693111793,0,-0.0009591644050203345,-0.0005257586872776714,-0.0006706871693111793,14_P5_1
43092,122,2026-02-15 07:01:09.620000+00:00,124329.15024981082,426611.391211342,8.08920945296774,0.0006989077664911747,-0.0008275668369606137,0.005545614525342302,0,-0.0006232311529834588,0.0008859581624713358,0.005545614525342302,16_P5_1
43093,150,2026-02-15 07:01:11.050000+00:00,124401.10319068338,426812.3227964104,9.185397619720359,1.005345256999135e-05,0.001364821393508464,0.0033835964765493998,0,0.0010988084371609192,-0.0008096039318771502,0.0033835964765493998,27_KW_1
43094,135,2026-02-15 07:01:14.850000+00:00,123855.61753153925,426533.0633819847,6.066693552699919,0.0038812610146123916,-0.013252936594653875,0.04549510558156111,0,0.004229168891727058,-0.013146050582996931,0.04549510558156111,904_GSL_1
43095,140,2026-02-15 07:01:21.040000+00:00,123928.08736268381,426940.4333964835,7.145018349745909,-0.00016104865062516183,-0.0010421934421174228,0.009444643543565334,0,0.00012699219716611444,-0.0010468891156754233,0.009444643543565334,905_GSL_1
43096,120,2026-02-15 07:01:25.110000+00:00,124329.26208056143,426611.32996021974,11.36240649834739,0.0018287262646481395,-0.001214870368130505,0.004375331700517293,0,-0.0007098143893755074,0.0020775738964019935,0.004375331700517293,15_P5_1
43097,128,2026-02-15 07:01:27+00:00,124898.93805166926,426720.7756871647,4.077111043200672,-0.0022497302416013554,0.0064231298747472465,-0.004280887803007616,0,0.0007478917154002319,-0.006764506007823628,-0.004280887803007616,901_GSL_1
43098,129,2026-02-15 07:01:27.510000+00:00,124898.94096278597,426720.77271060564,4.084656178379587,0.0012910871882922947,0.00020793551811948419,-0.0070285668660261535,0,0.001257407444908531,-0.00035926289114897704,-0.0070285668660261535,901_GSL_1
43099,145,2026-02-15 07:01:37.820000+00:00,124266.91908926485,427056.3151615107,7.1182637232454775,0.0007655120134586468,0.0004149031010456383,0.010296786953831294,0,-0.0002507110435268596,0.0008338448288863293,0.010296786953831294,906_GSL_1
43100,6,2026-02-15 07:01:38.020000+00:00,124399.04008012253,426925.0753365238,8.55615719686594,0.0009093781554838642,-0.00011269107926636934,0.008850501044381787,11,-0.0008895648022138357,0.00021986898753510793,0.008850501044381787,TS5
43101,124,2026-02-15 07:01:40.310000+00:00,124339.65885066878,426609.589677382,6.678601498814565,0.0010849455575225875,-0.0005645219935104251,0.004171302981371916,0,-0.00019700189682601152,0.0012070551754546832,0.004171302981371916,17_P5_1
43102,154,2026-02-15 07:01:40.510000+00:00,124285.66604587545,426445.5624754596,7.896297760645683,0.0014208754437277094,-0.001349540427327156,-0.005302239354316285,11,-0.0019596268987313085,2.9680544959732165e-06,-0.005302239354316285,TS1-1
43103,149,2026-02-15 07:01:44.140000+00:00,124351.04133056175,426607.3973799322,8.015600501923728,1.8869686755351722e-05,0.0006474667461588979,0.0033746579559306156,0,-0.0006423745729278723,8.321154075949756e-05,0.0033746579559306156,14_P5_1
43104,131,2026-02-15 07:01:45.280000+00:00,124806.21555934446,426258.4979460249,4.610074020918906,-0.0029851516883354634,-0.008338039624504745,-0.0014304518536567556,0,0.0001016431457072091,0.008855715897267372,-0.0014304518536567556,903_GSL_1
43105,3,2026-02-15 07:01:45.480000+00:00,124314.90326936984,426440.79393326223,7.0563853534886904,-0.003969982091803104,-0.002144021331332624,-0.022043742002393785,11,-0.004511870762700639,2.464749751632157e-05,-0.022043742002393785,TS2
43106,147,2026-02-15 07:01:59.130000+00:00,124350.92756987827,426607.5107724739,11.375761729057631,0.0010625326831359416,0.0007797337602823973,0.0015420873851876848,0,-0.0009378476327965407,-0.0009259601812789334,0.0015420873851876848,13_P5_1
43107,126,2026-02-15 07:02:14.490000+00:00,124339.65773930674,426609.5891897164,6.671546793905115,0.0009187026007566601,0.000699555326718837,0.0008896047696573817,0,-0.0008856041695154907,-0.0007410110516817736,0.0008896047696573817,17_P5_1
43108,121,2026-02-15 07:02:29.230000+00:00,124329.26105990299,426611.3280335622,11.355850808909251,0.0015171332779573277,0.00031706964364275336,0.001551286835129062,0,-0.0007270899677717491,-0.0013687829341319847,0.001551286835129062,15_P5_1
43109,123,2026-02-15 07:02:45.230000+00:00,124329.15192485318,426611.3906767568,8.080231624192125,0.002168241058825515,0.00039873714558780193,0.0021159791380593873,0,-0.0009882360468812656,-0.0019706978753966293,0.0021159791380593873,16_P5_1
43110,4,2026-02-15 07:02:45.430000+00:00,124378.97071195964,426782.74190519477,7.761558896088947,-0.001106013558455743,0.0007222873391583562,0.006483191116680942,11,-0.0012887177472503378,-0.0002901233525905975,0.006483191116680942,TS3
43111,68,2026-02-15 07:06:21.120000+00:00,123928.08700563983,426940.43249500036,7.132693347466767,-0.021944722029729746,-0.015240004868246615,0.013880066426541049,0,0.015682248532306382,-0.02163089582789536,0.013880066426541049,905_GSL_1
43112,68,2026-02-15 07:06:21.290000+00:00,123928.08583288745,426940.43204811256,7.11577689541809,-0.023117474411264993,-0.015686892671510577,-0.0030363856221358176,0,0.0017467188031089665,-0.02788270428537823,-0.0030363856221358176,905_GSL_1
43113,67,2026-02-15 07:06:22.890000+00:00,123855.61548579512,426533.0751995252,6.053586218392961,-0.0025086790265049785,-0.01590317947557196,0.009178070055384957,0,-0.0007135015574572196,-0.016084013908778658,0.009178070055384957,904_GSL_1
43114,71,2026-02-15 07:06:30.690000+00:00,124806.21483073533,426258.5048268353,4.597707409867143,-0.012931200151797384,-0.01027929678093642,0.006203746717875269,0,0.002030932960072281,0.016393754633643464,0.006203746717875269,903_GSL_1
43115,68,2026-02-15 07:06:39.210000+00:00,123928.08894318425,426940.4323438347,7.1308245267121135,-0.02000717760529369,-0.015391170512884855,0.012011245671887494,0,-0.0007585997143685054,-0.025230929668956348,0.012011245671887494,905_GSL_1
43116,69,2026-02-15 07:06:40.370000+00:00,124266.91997560568,427056.3161683417,7.106706062243451,-0.02262159097881522,0.0013299576821736991,0.01620469131601876,0,0.009803366041612605,-0.020430349485589906,0.01620469131601876,906_GSL_1
43117,67,2026-02-15 07:06:47.810000+00:00,123855.61194656788,426533.07976470323,6.035362360373311,-0.006047906266758218,-0.011338001466356218,-0.009045787964264917,0,0.011537871513655998,-0.005657293380845165,-0.009045787964264917,904_GSL_1
43118,71,2026-02-15 07:06:52.110000+00:00,124806.23229406941,426258.515005651,4.57799961947014,0.004532133927568793,-0.00010048109106719494,-0.013504043679127165,0,0.0023539428563608892,-0.0038741821609301914,-0.013504043679127165,903_GSL_1
43119,69,2026-02-15 07:06:55.560000+00:00,124266.92046213233,427056.315117265,7.093416689911975,-0.02213506432599388,0.0002788809360936284,0.0029153189845425587,0,0.0009570119946045511,-0.02211612478113167,0.0029153189845425587,906_GSL_1
43120,66,2026-02-15 07:06:58.310000+00:00,124898.94082566185,426720.77249426197,4.083151409639349,0.003219998165150173,-0.0017108928295783699,0.000864879235584759,0,0.003399836397461052,0.001317822039720165,0.000864879235584759,901_GSL_1
43121,66,2026-02-15 07:07:00.330000+00:00,124898.94104988151,426720.77206421905,4.07990608542184,0.0034442178293829784,-0.002140935743227601,-0.00238044498192469,0,0.002180291337548375,0.0034194403045353246,-0.00238044498192469,901_GSL_1
43122,68,2026-02-15 07:07:04.630000+00:00,123928.08795064648,426940.43706509564,7.144493204030263,-0.020999715372454375,-0.010669909592252225,0.02567992299003663,0,0.020640428541643534,-0.011349349146459442,0.02567992299003663,905_GSL_1
43123,67,2026-02-15 07:07:11.820000+00:00,123855.61510436489,426533.0734626708,6.0240640893726916,-0.0028901092591695487,-0.017640033911447972,-0.020344058964884226,0,0.012295600113392485,-0.012974657828956983,-0.020344058964884226,904_GSL_1
43124,66,2026-02-15 07:07:13.200000+00:00,124898.94223440724,426720.76845801336,4.083327874473526,0.004628743554349057,-0.0057471414329484105,0.0010413440697618626,0,0.0018699926113316058,0.007138489278258072,0.0010413440697618626,901_GSL_1
43125,71,2026-02-15 07:07:18.850000+00:00,124806.21678630392,426258.4995138636,4.61193052218333,-0.010975631565088406,-0.015592268493492156,0.02042685903406305,0,-0.00486682220407876,0.018436305667340166,0.02042685903406305,903_GSL_1
43126,69,2026-02-15 07:07:21.270000+00:00,124266.92075282143,427056.3162209325,7.119414888983162,-0.02184437522373628,0.0013825484784319997,0.02891351805572917,0,0.016470968432941758,-0.014415109021149793,0.02891351805572917,906_GSL_1
43127,149,2026-02-15 07:07:33.820000+00:00,124351.04109010859,426607.397417535,8.015125651892108,-0.00022158348292578012,0.0006850695353932679,0.002899807924309883,0,-0.0006416860332419587,0.0003265861953170514,0.002899807924309883,14_P5_1
43128,147,2026-02-15 07:07:48.570000+00:00,124350.92722301911,426607.510868495,11.37527082116743,0.0007156735227908939,0.0008757548639550805,0.0010511794949863429,0,-0.0009778481185523632,-0.0005682853420672691,0.0010511794949863429,13_P5_1
43129,164,2026-02-15 07:07:50.990000+00:00,124091.06541596647,427154.2074900642,9.838080584763132,-0.02991248489706777,0.01275912276469171,0.02344705313373474,0,0.020223776107143158,-0.025466661469653366,0.02344705313373474,907_GSL_1
43130,126,2026-02-15 07:08:04.740000+00:00,124339.65741914502,426609.5892604087,6.671865380435106,0.000598540878854692,0.0007702476577833295,0.0012081912996482203,0,-0.0008836543936176472,-0.00041314349882465827,0.0012081912996482203,17_P5_1
43131,122,2026-02-15 07:08:07.290000+00:00,124329.15101274737,426611.39122814557,8.089355726727128,0.0014618443237850443,-0.0008107632747851312,0.005691888284729885,0,-0.0004134630794834082,0.001619683363076549,0.005691888284729885,16_P5_1
43132,121,2026-02-15 07:08:19.860000+00:00,124329.2610791839,426611.3280210865,11.355522820341434,0.0015364141872851178,0.000304593937471509,0.0012232982673126003,0,-0.000720478274562763,-0.0013907757107163075,0.0012232982673126003,15_P5_1
43133,107,2026-02-15 07:08:21.610000+00:00,124409.92278395109,426969.52522102813,6.297454722165243,0.001966443785931915,0.000809975026641041,0.008374398735210065,0,0.0012543088908937153,0.0017174603090719083,0.008374398735210065,38_P9_0
43134,120,2026-02-15 07:08:23.110000+00:00,124329.26180812706,426611.3302518123,11.362482452463535,0.0015562918997602537,-0.00092327781021595,0.00445128581666232,0,-0.0004970986300968334,0.0017399365919631641,0.00445128581666232,15_P5_1
43135,110,2026-02-15 07:08:33.190000+00:00,124434.13982882367,426963.93502593617,8.752565535586916,-0.00025701880804263055,0.0029393627191893756,0.0015051753291270842,0,0.0028216309168073326,-0.0008627345083888931,0.0015051753291270842,35_P9_0
43136,123,2026-02-15 07:08:34.620000+00:00,124329.1522228359,426611.390642458,8.080373519785203,0.0024662237701704726,0.0003644383396022022,0.002257874731137477,0,-0.001038495362912,-0.002266407370517521,0.002257874731137477,16_P5_1
43137,106,2026-02-15 07:08:36.090000+00:00,124410.03444871113,426969.45056200563,8.932268698392715,0.002244892908493057,0.0010006647207774222,0.008381474054184324,0,0.001511084847095479,0.0019384263305293307,0.008381474054184324,37_P9_0
43138,124,2026-02-15 07:08:39.140000+00:00,124339.65861819063,426609.58981389756,6.679351590342622,0.0008524674049112946,-0.0004280064604245126,0.004921394509429078,0,-0.00014001633004896136,0.000943549486736619,0.004921394509429078,17_P5_1
43139,102,2026-02-15 07:08:40.370000+00:00,124282.39459866672,426301.79396134,6.904213331176988,0.0013097209011903033,0.00040347536560148,0.0009153474102525649,0,-0.0006911454146367823,-0.0011834184490232263,0.0009153474102525649,02_P1_0
43140,111,2026-02-15 07:08:48.620000+00:00,124434.26124380899,426963.97852864815,6.469653406525882,-0.00044695033284369856,0.0004648687900044024,0.008360896911113969,0,0.0003604709886596459,-0.0005347225993765249,0.008360896911113969,36_P9_0
43141,118,2026-02-15 07:08:50.220000+00:00,124372.26138591234,426775.11286625266,6.169590895042704,0.001358550347504206,0.00020175386453047395,0.004058826052342646,0,-0.0010487727820761425,-0.0008868141406929907,0.004058826052342646,22_P6_1
43142,160,2026-02-15 07:08:52.180000+00:00,124421.81289644669,426965.61820019875,5.603498508751768,0.0016902860515983775,-0.00043783988803625107,0.011317278864429348,0,0.00044598024355503433,0.0016881564874567233,0.011317278864429348,38a_P9_0
43143,170,2026-02-15 07:08:55.740000+00:00,124669.37369476764,426931.3113823253,13.797834954062665,-0.014352048834552988,0.012885353586170822,0.01164482339127737,0,0.0012143179916086733,-0.019249391538573225,0.01164482339127737,908_GSL_1
43144,103,2026-02-15 07:08:56.750000+00:00,124282.31258291291,426301.7978374173,9.298705723791619,0.0008645057532703504,0.00039326405385509133,0.0007542380005052252,0,-0.0005802333904183129,-0.0007519016066851737,0.0007542380005052252,01_P1_0
43145,74,2026-02-15 07:09:06.820000+00:00,124369.34698911905,426785.7256886757,7.233985831641938,0.000675909745041281,-0.0007776209968142211,0.003931996884865896,0,-0.0008759199527498268,-0.0005425058843025147,0.003931996884865896,21_P6_1
43146,162,2026-02-15 07:09:10.010000+00:00,124402.99723986813,426879.64694162353,6.555881721902784,0.0018117398140020669,-0.000791964353993535,0.011208678612216971,0,0.0009461316417788003,-0.0017362153115502675,0.011208678612216971,34a_P7_0
43147,100,2026-02-15 07:09:12.040000+00:00,124292.4852825886,426345.930438121,7.5881079514359016,0.0015593152929795906,0.00020314130233600736,-0.00039161753319660875,0,-0.0005563333587788834,-0.0014707901840658993,-0.00039161753319660875,06_P2_0
43148,92,2026-02-15 07:09:14.100000+00:00,124278.316759495,426395.6374699882,11.10541706742391,0.0027836924273287877,-0.0008206369820982218,0.003628084196689585,0,0.00040631512920950245,-0.0028735512179410305,0.003628084196689585,11_P3_0
43149,73,2026-02-15 07:09:23.220000+00:00,124369.49052818201,426785.69625077,11.410055199381127,0.0011886175780091435,-0.00021588418167084455,0.0040005833180511985,0,-0.0011990191689485105,0.00014754917533498944,0.0040005833180511985,20_P6_1
43150,104,2026-02-15 07:09:26.130000+00:00,124389.81805056246,426881.4456258845,10.733835449191854,0.000954352188273333,0.0012863163719885051,0.007923581131647595,0,-0.0014558812308330831,-0.0006676883627978822,0.007923581131647595,33_P7_0
43151,101,2026-02-15 07:09:27.230000+00:00,124292.4062390441,426345.8836635013,10.216007282748972,0.0009201732609653845,0.00026997539680451155,0.000388785148688342,0,-0.0004749346855200897,-0.0008330921855145184,0.000388785148688342,05_P2_0
43152,93,2026-02-15 07:09:29.070000+00:00,124278.27110385032,426395.7901835903,7.952515544520755,0.002980270641273819,-0.0011665122001431882,0.003790024241236978,0,0.0007156656414532421,-0.003119388801987479,0.003790024241236978,12_P3_0
43153,165,2026-02-15 07:09:40.210000+00:00,124091.06447293096,427154.2064499202,9.854641397814248,-0.019307696202304214,0.0102981265517883,0.003905904088227885,0,0.019967287032882232,-0.008952429372165564,0.003905904088227885,907_GSL_1
43154,105,2026-02-15 07:09:41.580000+00:00,124389.68878907895,426881.4733930423,7.070816119153881,0.00010364159243181348,0.0014398281346075237,0.008520222431091184,0,-0.00142954901384205,0.00020058976522346802,0.008520222431091184,34_P7_0
43155,98,2026-02-15 07:09:42.480000+00:00,124302.66208795096,426390.0783136062,7.979968366225929,0.0012423174048308283,0.00040159764466807246,0.0009175710950586335,0,-0.0006818940492797615,-0.0011133973720578818,0.0009175710950586335,10_P3_0
43156,94,2026-02-15 07:09:44.500000+00:00,124268.22665908402,426351.5550378042,10.217870856015082,0.0024365849239984527,-0.000935216317884624,0.00337691672412177,0,0.0004750289177229488,-0.0025663053560364135,0.00337691672412177,07_P2_0
43157,152,2026-02-15 07:09:56.740000+00:00,124370.27653862147,426819.4999727514,9.732344844304826,0.0007669596088817343,0.0008027135045267642,0.0034238930769472375,0,0.0006046056612647987,0.0009311433865802934,0.0034238930769472375,29_KW_1
43158,99,2026-02-15 07:09:57.610000+00:00,124302.53913294493,426390.1354957697,11.088345380805123,0.0010526537662371993,0.0006794777000322938,0.0005901780557557856,0,-0.0009097063637639274,-0.0008615127556466874,0.0005901780557557856,09_P3_0
43159,95,2026-02-15 07:09:59.710000+00:00,124268.11229283642,426351.54796587315,7.197466124308713,0.002744934186921455,-0.0012251368607394397,0.003795266063592706,0,0.0007004259603891128,-0.0029231878988675406,0.003795266063592706,08_P2_0
43160,117,2026-02-15 07:10:12.350000+00:00,124377.68101683432,426815.90645750205,7.62135438981309,0.0009996902372222394,0.0007514635217376053,0.003919349640630898,0,0.0007120184982356501,0.0010281574067573464,0.003919349640630898,26_KW_0
43161,96,2026-02-15 07:10:15.100000+00:00,124258.06502332444,426307.3511168616,9.309887745020854,0.004045128007419407,-0.0012927153147757053,0.005342136844962653,0,0.0004753815291075159,-0.004219974630640326,0.005342136844962653,03_P1_0
43162,166,2026-02-15 07:10:16.600000+00:00,124091.05993399743,427154.2072348991,9.82399136832171,-0.012346838266239502,0.01820691954344511,-0.005862250741094144,0,0.021068141570153708,-0.006330066762216708,-0.005862250741094144,907_GSL_1
43163,153,2026-02-15 07:10:19.790000+00:00,124370.27781265682,426819.4981143367,9.737357264967843,0.003973851940827444,-0.0010087605332955718,0.011276787854853865,0,-7.138831099163106e-05,-0.004099268321323522,0.011276787854853865,29_KW_1
43164,116,2026-02-15 07:10:27.620000+00:00,124377.6883909679,426815.90087018453,10.009376030450433,0.0010310763318557292,0.000808620941825211,0.004316275173309236,0,0.0007681398415827642,0.001061577794344137,0.004316275173309236,25_KW_0
43165,97,2026-02-15 07:10:29.980000+00:00,124257.99048238747,426307.39060033584,6.842893425894582,0.002612178592244163,-0.0012523687910288572,0.0058312352984817295,0,0.0007148977670106367,-0.0028072808497271846,0.0058312352984817295,04_P1_0
43166,125,2026-02-15 07:10:32.540000+00:00,124339.65757503647,426609.591295982,6.674656881140235,-0.0002905271539930254,6.21355720795691e-05,0.0011409430111211094,0,1.9322151432229497e-05,-0.0002964683979600059,0.0011409430111211094,17_P5_1
43167,113,2026-02-15 07:10:42.490000+00:00,124414.07921249283,426875.9172475715,7.305264712268864,0.0019778786518145353,0.0020154333324171603,0.0019147671435870706,0,-0.002426571957592833,-0.0014442035913768908,0.0019147671435870706,32_P7_0
43168,115,2026-02-15 07:10:43.520000+00:00,124396.29042374105,426811.6349008942,7.6511858489321005,0.00033298124617431313,0.0009865577449090779,0.004913556159054089,0,0.0010173740675634348,-0.00022163641621654866,0.004913556159054089,24_KW_0
43169,146,2026-02-15 07:10:49.540000+00:00,124350.92464159575,426607.51280925324,11.377873222625613,-0.0016249791951850057,0.0009438564302399755,-0.001448290598469626,0,0.0005793731448840643,-0.0017876658257841725,-0.001448290598469626,13_P5_1
43170,112,2026-02-15 07:10:57.210000+00:00,124413.95224378821,426875.8698625901,10.67031585438618,0.0015091633977135643,0.002596524660475552,0.0010502474655158522,0,-0.0028822245887124196,-0.0008439762399958639,0.0010502474655158522,31_P7_0
43171,114,2026-02-15 07:10:59.120000+00:00,124396.29966273297,426811.63061612094,9.994799778779775,0.0006420879508368671,0.001077365130186081,0.004115701129592253,0,0.0012541849148354448,-3.5720792216886805e-06,0.004115701129592253,23_KW_0
43172,148,2026-02-15 07:11:04.510000+00:00,124351.04062233698,426607.3990143827,8.01561056580743,-0.0004960776859661564,0.0005584879545494914,0.00015415059504775286,0,0.00044063766403008696,-0.0006031917729284108,0.00015415059504775286,14_P5_1
43173,161,2026-02-15 07:11:12.680000+00:00,124402.99205802227,426879.64714289445,6.549926280512226,0.0006542756746057421,-0.00036399252712726593,0.008301959688504112,0,5.065242074190755e-06,-0.0007486932359171026,0.008301959688504112,34a_P7_0
43174,150,2026-02-15 07:11:15.200000+00:00,124401.10315437324,426812.32281548134,9.18556536883768,-2.6256690034642816e-05,0.001383892318699509,0.003551345593871602,0,0.0010923250350153967,-0.0008501019829442175,0.003551345593871602,27_KW_1
43175,168,2026-02-15 07:11:22.230000+00:00,124669.36908690148,426931.31562896754,13.79237347510077,-0.007645069868885912,0.007888395164627582,-0.00896654483445758,0,0.0019157417077587256,-0.010816829724213132,-0.00896654483445758,908_GSL_1
43176,119,2026-02-15 07:11:30.620000+00:00,124400.8148186787,426811.34402387985,3.988158709472854,0.0006672916206298396,0.0008949985494837165,0.004624580386671351,0,0.0011163037533356915,-1.2901194882724566e-05,0.004624580386671351,28_KW_1
43177,169,2026-02-15 07:11:46.730000+00:00,124669.3759241112,426931.310615706,13.811620365281751,-0.0031533371220575646,0.00845615309663117,-0.00013484759114135159,0,0.001043819735406689,-0.008964401851712512,-0.00013484759114135159,908_GSL_1
43178,72,2026-02-15 07:12:28.620000+00:00,124390.52413648312,426780.888001521,10.990852747496504,0.00017678026051726192,0.001070589292794466,0.0037674259297464374,0,4.8541613065465625e-06,-0.0010850756339871963,0.0037674259297464374,18_P6_1
43179,138,2026-02-15 07:15:19.720000+00:00,123928.08304440152,426940.4296986757,7.121782657096779,-0.0035744771594181657,-0.002022476342972368,0.00384659349885208,0,0.0005889835346778529,-0.004064528990788898,0.00384659349885208,905_GSL_1
43180,130,2026-02-15 07:15:20.800000+00:00,124898.94124255523,426720.7752272825,4.089161142966479,0.002869557967642322,0.005550583708100021,-0.0009015895037149946,0,0.0005056747518588266,-0.006227972019495385,-0.0009015895037149946,901_GSL_1
43181,139,2026-02-15 07:15:22.520000+00:00,123928.08619022183,426940.4307688332,7.132578580220844,-0.0006797018577344716,-0.0003351793857291341,-0.004023250518411459,0,0.0005309436942260227,-0.0005407759513764227,-0.004023250518411459,905_GSL_1
43182,134,2026-02-15 07:15:22.700000+00:00,123855.61475833703,426533.07260708784,6.0526117169061004,0.0002961956197395921,-0.0016909741098061204,0.006768798008319976,0,-0.0006274355027295661,-0.001597951806251371,0.006768798008319976,904_GSL_1
43183,133,2026-02-15 07:15:27.350000+00:00,124806.22117463943,426258.5087203746,4.594623259592769,-0.0007214540964923799,-0.0027634387370198965,0.006466155408203278,0,0.001982155465679406,0.0020562464289294253,0.006466155408203278,903_GSL_1
43184,125,2026-02-15 07:15:37.230000+00:00,124339.65883969297,426609.59126201377,6.67461021913658,0.0009741293470142409,2.8167327400296926e-05,0.0010942810074663356,0,0.0001692165322005066,0.000959732852557055,0.0010942810074663356,17_P5_1
43185,137,2026-02-15 07:15:38.980000+00:00,123928.08589590907,426940.4301513285,7.13690718131929,-0.0035033528110943735,-0.0036772425519302487,0.01404349035376029,0,-0.00092876000630297,-0.0049932953603228246,0.01404349035376029,905_GSL_1
43186,143,2026-02-15 07:15:39.020000+00:00,124266.9198568797,427056.31606654817,7.107069592506555,0.0002894516073865816,0.0018396721570752561,0.0015278542837773301,0,0.0015926991307578001,0.000965134890789857,0.0015278542837773301,906_GSL_1
43187,153,2026-02-15 07:15:44.670000+00:00,124370.27757752025,426819.49828588753,9.737700759055386,0.003738715371582657,-0.0008372096926905215,0.01162028194239717,0,-0.00017509122616115425,-0.003827303980841447,0.01162028194239717,29_KW_1
43188,132,2026-02-15 07:15:49.830000+00:00,124806.21863282616,426258.50750521437,4.589292459383759,0.00449853838654235,0.0023634639219380915,0.006660285173437863,0,0.0002034604376327653,-0.005077540071315668,0.006660285173437863,903_GSL_1
43189,146,2026-02-15 07:15:52.600000+00:00,124350.92609309535,426607.51250291767,11.377592969137478,-0.00017347959510516375,0.0006375208613462746,-0.001728544086605055,0,0.000586501841613955,-0.00030420980975798045,-0.001728544086605055,13_P5_1
43190,152,2026-02-15 07:15:54.420000+00:00,124370.27653421348,426819.4999655805,9.732458926846967,0.0007625516154803336,0.0007955425535328686,0.003537975619087419,0,0.0005986419896765998,0.0009252030528210041,0.003537975619087419,29_KW_1
43191,141,2026-02-15 07:15:54.990000+00:00,124266.9171983399,427056.3151687351,7.0946230014984835,-0.0014304115466075018,0.0006504320772364736,0.010488301235385578,0,0.000694012577240791,-0.0014097821187679372,0.010488301235385578,906_GSL_1
43192,136,2026-02-15 07:16:01.200000+00:00,123855.61520671127,426533.0752668696,6.0319897552593265,-0.0005634005210595205,0.001158343511633575,0.009697212822588064,0,-0.00022073760355675846,0.0012690369373858906,0.009697212822588064,904_GSL_1
43193,135,2026-02-15 07:16:07.490000+00:00,123855.61448534166,426533.07401267777,6.024932153357901,0.0008350634307134897,-0.002622243540827185,0.0037337062395437215,0,0.0007812727190692797,-0.002638769610853318,0.0037337062395437215,904_GSL_1
43194,5,2026-02-15 07:16:07.690000+00:00,124424.6174179333,426919.13841979334,8.780784988419569,0.00021515578555408865,-0.00792797573376447,0.012959166413255119,11,0.007787674600392906,-0.0015004051338258148,0.012959166413255119,TS4
43195,148,2026-02-15 07:16:08.630000+00:00,124351.04038639713,426607.39906870166,8.015071171998208,-0.0007320175354834646,0.0006128069362603128,-0.0003852432141737694,0,0.00044370784497865746,-0.0008452841898961746,-0.0003852432141737694,14_P5_1
43196,122,2026-02-15 07:16:10.590000+00:00,124329.1508848812,426611.39126200695,8.089070944261072,0.0013339781435206532,-0.0007769018993712962,0.005407105818674651,0,-0.00041314139996213075,0.001487409974511018,0.005407105818674651,16_P5_1
43197,150,2026-02-15 07:16:11.320000+00:00,124401.1032889589,426812.32277787884,9.185552890104566,0.00010832896805368364,0.0013462898205034435,0.003538866860756329,0,0.0011428466450240857,-0.0007198145539428622,0.003538866860756329,27_KW_1
43198,140,2026-02-15 07:16:18.900000+00:00,123928.08773867942,426940.43200566224,7.143471821289096,0.00021494695101864636,-0.002433014684356749,0.007898115086752533,0,-0.00029413809971871966,-0.0024247155347260105,0.007898115086752533,905_GSL_1
43199,120,2026-02-15 07:16:25.700000+00:00,124329.26203034571,426611.3301605899,11.361577034784812,0.0017785105446819216,-0.001014500216115266,0.003545868137939223,0,-0.0005288034828926645,0.001978048867577162,0.003545868137939223,15_P5_1
43200,128,2026-02-15 07:16:26.700000+00:00,124898.93789167378,426720.77859884535,4.074871736067452,-0.0024097257264656946,0.00933481054380536,-0.0065201949362272416,0,0.0018622582587849341,-0.009459252620747458,-0.0065201949362272416,901_GSL_1
43201,129,2026-02-15 07:16:29.400000+00:00,124898.94125635692,426720.77520393487,4.0841505067523975,0.0015846581372898072,0.0027012647478841245,-0.0075342384932159945,0,0.0012538524328382504,-0.0028698130125333746,-0.0075342384932159945,901_GSL_1
43202,145,2026-02-15 07:16:34.700000+00:00,124266.91982578942,427056.31514651363,7.119480961584877,0.0015020365826785564,0.00039990601362660527,0.011514025293230645,0,-0.0007838253758676372,0.00134225798399017,0.011514025293230645,906_GSL_1
43203,6,2026-02-15 07:16:34.900000+00:00,124399.04030793287,426925.0751994011,8.55588595269654,0.001137188490247354,-0.0002498137764632702,0.008579256874982732,11,-0.0011593142766353323,-0.00010768005038721323,0.008579256874982732,TS5
43204,124,2026-02-15 07:16:41.100000+00:00,124339.65839522162,426609.58988649904,6.679244757093436,0.000629498390480876,-0.00035540497628971934,0.004814561260242378,0,-0.0001407681095935915,0.0007090594193090986,0.004814561260242378,17_P5_1
43205,154,2026-02-15 07:16:41.300000+00:00,124285.66585777054,426445.5623676032,7.89679954923165,0.0012327705335337669,-0.0014573968364857137,-0.004800450768349229,11,-0.0018975168516450112,-0.0002077462997766722,-0.004800450768349229,TS1-1
43206,131,2026-02-15 07:16:45.210000+00:00,124806.21721096791,426258.5008329365,4.6096237396162065,-0.0013335282419575378,-0.005451128003187478,-0.0018807331563559515,0,0.0006459302111424442,0.0055745733685697,-0.0018807331563559515,903_GSL_1
43207,3,2026-02-15 07:16:45.410000+00:00,124314.90345192171,426440.79388649436,7.048848917702366,-0.0037874302215641364,-0.002190789207816124,-0.02958017778871813,11,-0.00431003719350343,0.0007535014445361298,-0.02958017778871813,TS2
43208,149,2026-02-15 07:16:45.830000+00:00,124351.04110375477,426607.3975673799,8.015214023999583,-0.00020793729345314205,0.0008349144482053816,0.002988180031785248,0,-0.0007918120552255005,0.00033668044646264193,0.002988180031785248,14_P5_1
43209,147,2026-02-15 07:17:01+00:00,124350.92748434724,426607.51088239264,11.375516585402481,0.0009770016476977617,0.00088965252507478,0.0012969437300380804,0,-0.0010328687533932763,-0.0008241334680983979,0.0012969437300380804,13_P5_1
43210,126,2026-02-15 07:17:16.260000+00:00,124339.65795120348,426609.5892444043,6.671506633661377,0.0011305993393762037,0.000754243228584528,0.000849444525918841,0,-0.0009858511592345338,-0.0009355400610874164,0.000849444525918841,17_P5_1
43211,121,2026-02-15 07:17:32.500000+00:00,124329.26118387294,426611.3280359627,11.355197197999104,0.0016411032265750691,0.00031947012757882476,0.0008976759249819111,0,-0.0007639248448652981,-0.0014871784674637617,0.0008976759249819111,15_P5_1
43212,123,2026-02-15 07:17:47.880000+00:00,124329.15183331282,426611.39070243394,8.079733038195887,0.0020767006935784593,0.0004244142910465598,0.0016173931418208554,0,-0.0009873348585253882,-0.0018756287314643212,0.0016173931418208554,16_P5_1
43213,4,2026-02-15 07:17:48.080000+00:00,124378.97066030538,426782.7418026827,7.761043299843997,-0.0011576678225537762,0.0006197752663865685,0.005967594871730597,11,-0.00130128103069046,-0.00017602229224197104,0.005967594871730597,TS3
43214,68,2026-02-15 07:21:20.510000+00:00,123928.08070584867,426940.42807809636,7.1201356837651435,-0.028244513188838027,-0.019656908873002976,0.0013224027249174597,0,0.0017458938280242198,-0.03436711286182264,0.0013224027249174597,905_GSL_1
43215,68,2026-02-15 07:21:22.520000+00:00,123928.08620961232,426940.4306747327,7.13306078106374,-0.022740749540389515,-0.01706027251202613,0.01424750002351427,0,0.015832633318586326,-0.023611910342928852,0.01424750002351427,905_GSL_1
43216,66,2026-02-15 07:21:22.720000+00:00,124898.94001591191,426720.76335877064,4.1255643413750605,0.0024102482275338843,-0.010846384160686284,0.04327781097129613,0,0.006408445685892002,0.00907662766507962,0.04327781097129613,901_GSL_1
43217,67,2026-02-15 07:21:22.990000+00:00,123855.61522105463,426533.0756852465,6.052531517963507,-0.0027734195173252374,-0.015417458198498935,0.008123369625931076,0,-0.0003572112040470559,-0.01566085161404851,0.008123369625931076,904_GSL_1
43218,71,2026-02-15 07:21:27.570000+00:00,124806.22669186803,426258.5121074369,4.594388595910226,-0.0010700674611143768,-0.002998695184942335,0.0028849327609590247,0,0.002001164311673231,0.0024764003273335094,0.0028849327609590247,903_GSL_1
43219,69,2026-02-15 07:21:39.220000+00:00,124266.91969737754,427056.31600440654,7.108411032071866,-0.022899819115991704,0.0011660224990919232,0.01790966114443382,0,0.009757094487607606,-0.020749950148697342,0.01790966114443382,906_GSL_1
43220,68,2026-02-15 07:21:39.680000+00:00,123928.08667764663,426940.4308013004,7.134389592291043,-0.02227271522860974,-0.016933704842813313,0.015576311250817376,0,-0.0006821500863882467,-0.027970678837273572,0.015576311250817376,905_GSL_1
43221,67,2026-02-15 07:21:43.830000+00:00,123855.61367019027,426533.0775646737,6.033468195598836,-0.004324283872847445,-0.013538031023927033,-0.010939952738739933,0,0.011427013689116453,-0.008449915571561915,-0.010939952738739933,904_GSL_1
43222,69,2026-02-15 07:21:55.600000+00:00,124266.92068619528,427056.3150204442,7.0926911110933935,-0.02191100137133617,0.00018206017557531595,0.0021897401659609628,0,0.0008533641124808118,-0.021895134087138078,0.0021897401659609628,906_GSL_1
43223,66,2026-02-15 07:21:57.450000+00:00,124898.9406546659,426720.7731252442,4.083940606330282,0.0030490022181766108,-0.0010799106094054878,0.001654075926517784,0,0.003155372651646135,0.0007115088755567732,0.001654075926517784,901_GSL_1
43224,66,2026-02-15 07:21:59.410000+00:00,124898.94048177716,426720.7728459376,4.074588650319395,0.0028761134744854644,-0.0013592172181233764,-0.007697880084369224,0,0.0020059338553285342,0.0024689531247487676,-0.007697880084369224,901_GSL_1
43225,68,2026-02-15 07:22:02.140000+00:00,123928.08770563432,426940.4331118346,7.143611256315099,-0.021244727540761232,-0.014623170660343021,0.02479797527487282,0,0.020756330203075324,-0.0153085049872154,0.02479797527487282,905_GSL_1
43226,71,2026-02-15 07:22:10.920000+00:00,124806.22237250762,426258.50129656965,4.622133401961325,-0.005389427868067287,-0.013809562427923083,0.030629738812057994,0,0.009262099741840765,0.01157425831610814,0.030629738812057994,903_GSL_1
43227,66,2026-02-15 07:22:13.170000+00:00,124898.94192993986,426720.76861333457,4.084109184131807,0.0043242761748842895,-0.005591820226982236,0.0018226537280430222,0,0.0016558054622371348,0.006872126756600553,0.0018226537280430222,901_GSL_1
43228,71,2026-02-15 07:22:17.110000+00:00,124806.21679598645,426258.500428737,4.60995518526187,-0.010965949040837586,-0.014677395054604858,0.018451522112602703,0,-0.005175964990776828,0.01757519133237071,0.018451522112602703,903_GSL_1
43229,69,2026-02-15 07:22:17.990000+00:00,124266.92033363704,427056.3152859549,7.118692905523975,-0.022263559614657424,0.0004475708701647818,0.028191534596542667,0,0.01610937447434855,-0.015373823871907489,0.028191534596542667,906_GSL_1
43230,67,2026-02-15 07:22:27.600000+00:00,123855.61809768269,426533.06058196066,6.061426436505002,0.00010320854198653251,-0.030520744039677083,0.01701828816742612,0,0.017050227929939186,-0.025314347636779918,0.01701828816742612,904_GSL_1
43231,149,2026-02-15 07:22:32.930000+00:00,124351.04102098515,426607.39758075227,8.015342356201723,-0.00029070691380184144,0.0008482867851853371,0.0031165122339249507,0,-0.0007919982833778618,0.00042052312514151424,0.0031165122339249507,14_P5_1
43232,147,2026-02-15 07:22:48.250000+00:00,124350.9268669044,426607.5109724875,11.375094225831532,0.00035955880593974143,0.0009797473903745413,0.0008745841590886982,0,-0.001024257208139554,-0.00020021152676282945,0.0008745841590886982,13_P5_1
43233,164,2026-02-15 07:22:50.870000+00:00,124091.064763787,427154.20720216684,9.838856472076932,-0.030564664368284866,0.012471225403714925,0.024222940447534924,0,0.020118825571467706,-0.02617179834556701,0.024222940447534924,907_GSL_1
43234,126,2026-02-15 07:23:04.520000+00:00,124339.65787021907,426609.5891565142,6.672101592133448,0.0010496149334358051,0.000666353153064847,0.0014444029979898687,0,-0.0008822115827523495,-0.0008760255454885477,0.0014444029979898687,17_P5_1
43235,122,2026-02-15 07:23:07.110000+00:00,124329.15087432748,426611.3911591072,8.08972250205075,0.001323424425208941,-0.0008798016351647675,0.006058663608351722,0,-0.0005153516199546188,0.00150330164447737,0.006058663608351722,16_P5_1
43236,107,2026-02-15 07:23:18.090000+00:00,124409.92325564646,426969.5251099518,6.296836618228104,0.0024381391558563337,0.0006988986860960722,0.00775629479807094,0,0.0012585612465233831,0.0022020457546327596,0.00775629479807094,38_P9_0
43237,121,2026-02-15 07:23:20.100000+00:00,124329.26106275184,426611.328031868,11.355809450889051,0.0015199821355054155,0.00031537539325654507,0.0015099288149293955,0,-0.0007262562563397388,-0.0013719909551650519,0.0015099288149293955,15_P5_1
43238,120,2026-02-15 07:23:22.100000+00:00,124329.26193534333,426611.3299089314,11.362839179079984,0.0016835081623867154,-0.0012661587097682059,0.004808012433111131,0,-0.0007963471378729957,0.0019501766194747778,0.004808012433111131,15_P5_1
43239,110,2026-02-15 07:23:27.520000+00:00,124434.14010940859,426963.92678980017,8.789074560048553,2.3566113668493927e-05,-0.00529677327722311,0.038014199790763925,0,-0.0051760908552124256,0.0011244758648386289,0.038014199790763925,35_P9_0
43240,106,2026-02-15 07:23:32.990000+00:00,124410.0347911185,426969.4504483223,8.931996027600782,0.0025873002741718665,0.000886981375515461,0.008108803262251385,0,0.0014830546918824417,0.002298131295232409,0.008108803262251385,37_P9_0
43241,123,2026-02-15 07:23:34.930000+00:00,124329.15194244066,426611.39067331504,8.081118768467539,0.00218582853267435,0.0003952953848056495,0.0030031234134728635,0,-0.0009898414197007305,-0.0019885469014702143,0.0030031234134728635,16_P5_1
43242,124,2026-02-15 07:23:39.040000+00:00,124339.65824634946,426609.5897620733,6.679254011103754,0.00048062622954603285,-0.0004798307199962437,0.0048238152705604165,0,-0.0003055016009183335,0.0006065540900992135,0.0048238152705604165,17_P5_1
43243,102,2026-02-15 07:23:40.270000+00:00,124282.39376459674,426301.7941571515,6.9034817126552195,0.000475650915177539,0.000599286868236959,0.00018372888848361413,0,-0.0006918626362777934,-0.00032667206197230036,0.00018372888848361413,02_P1_0
43244,111,2026-02-15 07:23:43.400000+00:00,124434.26192648386,426963.9703050823,6.50634829581586,0.00023572453937958926,-0.007758697087410837,0.04505578620109141,0,-0.007535663615441563,0.0018619131095658893,0.04505578620109141,36_P9_0
43245,160,2026-02-15 07:23:49.390000+00:00,124421.81331034133,426965.61802044377,5.60328386042988,0.002104180690366775,-0.000617594865616411,0.011102630542541014,0,0.0004919243827071887,0.002137056432911003,0.011102630542541014,38a_P9_0
43246,118,2026-02-15 07:23:51.140000+00:00,124372.26150699506,426775.1128903133,6.1696112497095825,0.0014796330651734024,0.00022581452503800392,0.004079180719220865,0,-0.0011468105992358945,-0.0009618376457348641,0.004079180719220865,22_P6_1
43247,170,2026-02-15 07:23:55.310000+00:00,124669.37347031788,426931.31090030284,13.800028511860283,-0.014576498593669385,0.012403331114910543,0.013838381188895355,0,0.0006969436251166449,-0.019126714395859074,0.013838381188895355,908_GSL_1
43248,103,2026-02-15 07:23:55.940000+00:00,124282.31262141607,426301.797966574,9.297725008651515,0.0009030089131556451,0.0005224207998253405,-0.00022647713959855764,0,-0.0007147693627989222,-0.0007599035118570717,-0.00022647713959855764,01_P1_0
43249,74,2026-02-15 07:24:07.240000+00:00,124369.34704002863,426785.72568113444,7.233970591543237,0.0007268193294294178,-0.0007851622649468482,0.003916756786164655,0,-0.0009267786003836889,-0.0005346284184361547,0.003916756786164655,21_P6_1
43250,162,2026-02-15 07:24:07.360000+00:00,124402.99731359951,426879.6467924406,6.55558654347483,0.001885471196146682,-0.0009411472710780799,0.010913500184263292,0,0.0011011393375242736,-0.0017967336966598915,0.010913500184263292,34a_P7_0
43251,100,2026-02-15 07:24:12.130000+00:00,124292.48532982,426345.9303755303,7.588098882014641,0.0016065466916188598,0.00014055060455575585,-0.00040068695445683034,0,-0.0005062837205766415,-0.0015311510503773183,-0.00040068695445683034,06_P2_0
43252,92,2026-02-15 07:24:13.180000+00:00,124278.31671213683,426395.63746579096,11.105490342386698,0.002736334252404049,-0.0008248342201113701,0.0037013591594785566,0,0.000417376899488214,-0.0028273084648336414,0.0037013591594785566,11_P3_0
43253,104,2026-02-15 07:24:23.560000+00:00,124389.81816378656,426881.4453070939,10.733533435435119,0.0010675762896426022,0.0009675257606431842,0.00762156737491182,0,-0.0011674042043708734,-0.0008443889242123236,0.00762156737491182,33_P7_0
43254,73,2026-02-15 07:24:23.830000+00:00,124369.49046668722,426785.69623209746,11.410055526771208,0.0011271227849647403,-0.0002345567336305976,0.004000910708132466,0,-0.0011458651817473822,0.00011142539628453702,0.004000910708132466,20_P6_1
43255,101,2026-02-15 07:24:27.440000+00:00,124292.40614852877,426345.88374602917,10.216296397047632,0.0008296579326270148,0.0003525032661855221,0.0006778994473481958,0,-0.0005343598833338134,-0.0007259823365109282,0.0006778994473481958,05_P2_0
43256,93,2026-02-15 07:24:28.610000+00:00,124278.2704234511,426395.7902499962,7.953035532302404,0.0022998714266577736,-0.0011001063394360244,0.004310012022886056,0,0.0007500243837900108,-0.0024366177297525777,0.004310012022886056,12_P3_0
43257,105,2026-02-15 07:24:39.210000+00:00,124389.68895766545,426881.4731709284,7.07041779687473,0.00027222809148952365,0.0012177142780274153,0.008121900151939698,0,-0.001247725598310421,-1.0817949378662888e-05,0.008121900151939698,34_P7_0
43258,165,2026-02-15 07:24:40.030000+00:00,124091.064251764,427154.2060285388,9.854096926362951,-0.019528863165760413,0.009876745170913637,0.0033614326369306724,0,0.019769708482628764,-0.009385372567460278,0.0033614326369306724,907_GSL_1
43259,98,2026-02-15 07:24:42.800000+00:00,124302.66205837113,426390.0783251111,7.980205045170939,0.0012127375812269747,0.00041310256347060204,0.0011542500400683053,0,-0.0006861368650921508,-0.0010819437930076365,0.0011542500400683053,10_P3_0
43260,94,2026-02-15 07:24:44.500000+00:00,124268.22660715149,426351.5549547102,10.21833848704307,0.0023846523981774226,-0.001018310314975679,0.0038445477521094062,0,0.0005662067471717123,-0.0025304017224892232,0.0038445477521094062,07_P2_0
43261,152,2026-02-15 07:24:57.540000+00:00,124370.27669714886,426819.49995757506,9.732367599293008,0.0009254869946744293,0.0007875371375121176,0.0034466480651289544,0,0.0005533445991566269,0.0010819199022369813,0.0034466480651289544,29_KW_1
43262,99,2026-02-15 07:24:59+00:00,124302.53908828144,426390.135528871,11.088623497670383,0.0010079902713187039,0.0007125789998099208,0.0008682949210161439,0,-0.0009312729083213383,-0.0008102740204831806,0.0008682949210161439,09_P3_0
43263,95,2026-02-15 07:24:59.930000+00:00,124268.11188702208,426351.5479496699,7.19794921769797,0.002339119848329574,-0.0012413401273079216,0.004278359452849934,0,0.0007908541409808493,-0.002527242905659774,0.004278359452849934,08_P2_0
43264,117,2026-02-15 07:25:13.140000+00:00,124377.68109735254,426815.9064105692,7.6213479786190526,0.001080208458006382,0.0007045306847430766,0.003912938446593017,0,0.0006619899205416232,0.0011067895660848857,0.003912938446593017,26_KW_0
43265,96,2026-02-15 07:25:15.520000+00:00,124258.0643637012,426307.35135236784,9.309827556423675,0.0033855047659017146,-0.0010572090977802873,0.005281948247784385,0,0.0003736374023561353,-0.0035269999557603045,0.005281948247784385,03_P1_0
43266,166,2026-02-15 07:25:17.750000+00:00,124091.06178692041,427154.2077756081,9.820977888746365,-0.010493915280676447,0.018747628550045192,-0.008875730316439956,0,0.021029351316161266,-0.004400251968916178,-0.008875730316439956,907_GSL_1
43267,116,2026-02-15 07:25:28.530000+00:00,124377.68844056588,426815.9007778312,10.0092871940973,0.0010806743084685877,0.0007162676192820072,0.004227438820176843,0,0.0006739374447569142,0.001107566965907929,0.004227438820176843,25_KW_0
43268,97,2026-02-15 07:25:30.590000+00:00,124257.99012524521,426307.3906248422,6.843852132588998,0.0022550363355549052,-0.0012278624344617128,0.006789941992897397,0,0.00076102032946733,-0.002452281201406677,0.006789941992897397,04_P1_0
43269,125,2026-02-15 07:25:33.610000+00:00,124339.65833499108,426609.59123432054,6.674316957885294,0.00046942745393607765,0.0,0.0008010197561798549,0,6.858355505852599e-05,0.00046439062787332193,0.0008010197561798549,17_P5_1
43270,113,2026-02-15 07:25:35.850000+00:00,124414.07914412004,426875.90930251783,7.341901067604172,0.001909505866933614,-0.005929620354436338,0.03855112247889547,0,0.005308424037552901,-0.003259945465974879,0.03855112247889547,32_P7_0
43271,115,2026-02-15 07:25:44.730000+00:00,124396.29044616535,426811.63494603336,7.6512635529310264,0.00035540554381441325,0.0010316969128325582,0.004991260157980015,0,0.0010676194135216602,-0.0002256111885388582,0.004991260157980015,24_KW_0
43272,146,2026-02-15 07:25:51.160000+00:00,124350.92473835268,426607.5128279586,11.378317913432479,-0.0015282222593668848,0.0009625618113204837,-0.0010035997916038042,0,0.0006180914982225805,-0.0016970419601359192,-0.0010035997916038042,13_P5_1
43273,112,2026-02-15 07:25:51.510000+00:00,124413.95240737053,426875.86165467656,10.707146891095997,0.0016727457114029676,-0.005611388885881752,0.03788128417533265,0,0.005047933720096628,-0.002967175188816069,0.03788128417533265,31_P7_0
43274,114,2026-02-15 07:26:00.040000+00:00,124396.2997149545,426811.6305844837,9.994803812216041,0.0006943094776943326,0.0010457278694957495,0.004119734565858124,0,0.001253917036793253,5.748471706396239e-05,0.004119734565858124,23_KW_0
43275,148,2026-02-15 07:26:06.770000+00:00,124351.04080788442,426607.39897298923,8.015807384784669,-0.00031053024576976895,0.0005170945078134537,0.00035096957228653025,0,0.00043951712844814226,-0.0004130865010495626,0.00035096957228653025,14_P5_1
43276,161,2026-02-15 07:26:07.920000+00:00,124402.99192484964,426879.63914857653,6.58663624396794,0.0005211030511418357,-0.00835831044241786,0.04501192314421765,0,0.007080746162630931,-0.004471681520650606,0.04501192314421765,34a_P7_0
43277,150,2026-02-15 07:26:15.340000+00:00,124401.10334686353,426812.32273675984,9.185507199835381,0.00016623359988443553,0.0013051708228886127,0.0034931765915722224,0,0.001144613676691705,-0.0006488173994126347,0.0034931765915722224,27_KW_1
43278,153,2026-02-15 07:26:16.250000+00:00,124370.27780889525,426819.4980952361,9.737336561198362,0.003970090372604318,-0.0010278611443936825,0.01125608408537282,0,-5.198024778753387e-05,-0.004100660209361381,0.01125608408537282,29_KW_1
43279,168,2026-02-15 07:26:24.340000+00:00,124669.37050022953,426931.3147818101,13.788681242904705,-0.006231741819647141,0.007041237724479288,-0.012658777030523538,0,0.0020569295398288603,-0.009175111752319356,-0.012658777030523538,908_GSL_1
43280,119,2026-02-15 07:26:31.220000+00:00,124400.81474576765,426811.34403457254,3.9882973110034126,0.0005943805736023933,0.0009056912385858595,0.004763181917229797,0,0.0010805480022577322,-7.733628348920201e-05,0.004763181917229797,28_KW_1
43281,169,2026-02-15 07:26:49.220000+00:00,124669.37602005269,426931.3101972612,13.811897964056865,-0.0030573956319130957,0.00803770829224959,0.00014275118397222286,0,0.0009386632402093943,-0.008548177230428642,0.00014275118397222286,908_GSL_1
43282,72,2026-02-15 07:27:31.530000+00:00,124390.52400533095,426780.8881088529,10.990819741265412,4.562809772323817e-05,0.0011779211927205324,0.003734419698654179,0,-0.00014165244670109647,-0.001170262724308348,0.003734419698654179,18_P6_1
43283,138,2026-02-15 07:30:19.950000+00:00,123928.08543788415,426940.43180530804,7.117351222620148,-0.001180994528112933,8.415599586442113e-05,-0.0005848409777788888,0,0.0007895182941660305,-0.0008823214665017412,-0.0005848409777788888,905_GSL_1
43284,130,2026-02-15 07:30:21.990000+00:00,124898.9388035545,426720.76133951586,4.126740772150287,0.0004305572365410626,-0.00833718292415142,0.03667803968009231,0,0.003613980433723913,0.007525499589353561,0.03667803968009231,901_GSL_1
43285,139,2026-02-15 07:30:22.540000+00:00,123928.08643737115,426940.43223295396,7.132621754643959,-0.00043255253694951534,0.0011289413669146597,-0.003980076095296603,0,0.0007809960810169008,0.0009228517912367321,-0.003980076095296603,905_GSL_1
43286,134,2026-02-15 07:30:23.370000+00:00,123855.6146854761,426533.0731042149,6.054948543688245,0.00022333468950819224,-0.0011938470415771008,0.009105624790464617,0,-0.0004569086776099338,-0.0011253371061796806,0.009105624790464617,904_GSL_1
43287,125,2026-02-15 07:30:38.210000+00:00,124339.65921738892,426609.59120361117,6.673239916051063,0.001351825296296738,-3.0235270969569683e-05,-0.00027602207805088597,0,0.00016623614163990895,0.001341905864258385,-0.00027602207805088597,17_P5_1
43288,137,2026-02-15 07:30:39.910000+00:00,123928.08545245242,426940.4299156647,7.134169212524803,-0.003946809461922385,-0.0039129063370637596,0.011305521559273224,0,-0.0008600579997006776,-0.005490759616711031,0.011305521559273224,905_GSL_1
43289,143,2026-02-15 07:30:40.310000+00:00,124266.9200373385,427056.316142317,7.107850555786624,0.0004699104028986767,0.0019154410110786557,0.002308817563846155,0,0.0015944163820966375,0.0011608473001115558,0.002308817563846155,906_GSL_1
43290,153,2026-02-15 07:30:48.220000+00:00,124370.27741635562,426819.49804144696,9.736866753276084,0.003577550742193125,-0.0010816502617672086,0.010786276163095465,0,0.00010311074902546289,-0.0037360680902766025,0.010786276163095465,29_KW_1
43291,146,2026-02-15 07:30:53.690000+00:00,124350.92624121858,426607.51242930006,11.377225225633527,-2.535636303946376e-05,0.0005639032460749149,-0.00209628759055569,0,0.0005458281848354746,-0.00014387984125521604,-0.00209628759055569,13_P5_1
43292,152,2026-02-15 07:30:55.820000+00:00,124370.27656780777,426819.49992882385,9.732333336199215,0.0007961459050420672,0.0007587859290651977,0.003412384971335669,0,0.0005551392360458099,0.0009494339454986124,0.003412384971335669,29_KW_1
43293,141,2026-02-15 07:30:55.990000+00:00,124266.91807834923,427056.3150903086,7.09257057316683,-0.0005504022119566798,0.0005720055778510869,0.008435872903731934,0,0.0005886231108162874,-0.0005325934748309617,0.008435872903731934,906_GSL_1
43294,136,2026-02-15 07:31:04.820000+00:00,123855.61299039697,426533.0784240948,6.033081619267316,-0.002779714821372181,0.004315568716265261,0.010789076830577393,0,-0.00027033918700849026,0.005126193964037174,0.010789076830577393,904_GSL_1
43295,148,2026-02-15 07:31:10.680000+00:00,124351.04088789927,426607.39891087456,8.014708163456168,-0.00023051539028529078,0.0004549798322841525,-0.0007482517562138469,0,0.00039577555134075757,-0.00032172302669317105,-0.0007482517562138469,14_P5_1
43296,122,2026-02-15 07:31:11.790000+00:00,124329.15036972346,426611.3911880944,8.089683050767295,0.0008188204083126038,-0.0008508144528605044,0.006019212324897438,0,-0.0006153020888332422,0.0010078469297184903,0.006019212324897438,16_P5_1
43297,150,2026-02-15 07:31:12.440000+00:00,124401.10342395319,426812.3228063642,9.185459554961492,0.00024332325847353786,0.0013747751945629716,0.0034455317176824707,0,0.0012465283155191863,-0.0006287926544646786,0.0034455317176824707,27_KW_1
43298,135,2026-02-15 07:31:22.430000+00:00,123855.61506895995,426533.065224803,6.0612864003571225,0.0014186817134032026,-0.011410118313506246,0.04008795323876502,0,0.0052322825165936684,-0.010238489996024974,0.04008795323876502,904_GSL_1
43299,140,2026-02-15 07:31:22.430000+00:00,123928.08793739235,426940.4355604269,7.14300310458524,0.00041365988727193326,0.0011217499850317836,0.007429398382896579,0,-0.0003768757491416756,0.001134637475568975,0.007429398382896579,905_GSL_1
43300,120,2026-02-15 07:31:26.900000+00:00,124329.26210970135,426611.3299063015,11.363244935945733,0.0018578661838546395,-0.0012687885900959373,0.005213769298860527,0,-0.0007545451564707202,0.0021194699456031016,0.005213769298860527,15_P5_1
43301,128,2026-02-15 07:31:28.220000+00:00,124898.93864994992,426720.7763750094,4.079767168821588,-0.001651449580094777,0.007110974576789886,-0.0016247621820912883,0,0.0015847180181432806,-0.0071261429925535,-0.0016247621820912883,901_GSL_1
43302,129,2026-02-15 07:31:28.910000+00:00,124898.94081061007,426720.7740198674,4.083795128976993,0.0011389112914912403,0.0015171972918324172,-0.007889616268620614,0,0.0009513615547346415,-0.0016413158575980286,-0.007889616268620614,901_GSL_1
43303,145,2026-02-15 07:31:38.630000+00:00,124266.9207964951,427056.3158268763,7.11905939859811,0.002472742271493189,0.0010802687029354274,0.01109246230646388,0,-0.0009930400058354013,0.00250904490963823,0.01109246230646388,906_GSL_1
43304,124,2026-02-15 07:31:43.170000+00:00,124339.65797880002,426609.58985522954,6.679939670037172,0.00021307679708115757,-0.0003866744809783995,0.005509474203978293,0,-0.0003006678673112629,0.00032329198762229825,0.005509474203978293,17_P5_1
43305,154,2026-02-15 07:31:43.370000+00:00,124285.66595876332,426445.5623454517,7.895540520730258,0.0013337633135961369,-0.0014795483439229429,-0.006059479269741708,11,-0.0019909906729895636,6.280142330102834e-05,-0.006059479269741708,TS1-1
43306,149,2026-02-15 07:31:45.730000+00:00,124351.04126882761,426607.3975893614,8.013605110620192,-4.286445619072765e-05,0.0008568959310650826,0.0013792666523944064,0,-0.0008394857945190173,0.00017712029550900115,0.0013792666523944064,14_P5_1
43307,131,2026-02-15 07:31:46.130000+00:00,124806.21721237361,426258.50165947975,4.61259437971988,-0.0013321225414983928,-0.004624584747944027,0.001089906947317587,0,0.00035973435834081536,0.004799158858374432,0.001089906947317587,903_GSL_1
43308,3,2026-02-15 07:31:46.330000+00:00,124314.90370673941,426440.7938391437,7.050140105661311,-0.0035326125216670334,-0.0022381398594006896,-0.02828898982977357,11,-0.0040870814110605365,0.0008856561397293361,-0.02828898982977357,TS2
43309,132,2026-02-15 07:31:58.320000+00:00,124806.21905840156,426258.4997549179,4.617970432010348,0.0049241137894568965,-0.0053868325194343925,0.03533825780002697,0,0.007127511396311674,-0.0015695357591984506,0.03533825780002697,903_GSL_1
43310,5,2026-02-15 07:31:58.520000+00:00,124424.61760927021,426919.1397124041,8.780938591315968,0.00040649269067216665,-0.006635364959947765,0.013112769309653771,11,-0.006643950452388142,0.00022633348290500936,0.013112769309653771,TS4
43311,147,2026-02-15 07:32:02.520000+00:00,124350.92728854857,426607.5109110249,11.37538567258743,0.0007812029798515141,0.0009182847570627928,0.0011660309149874593,0,-0.001030199197097397,-0.0006262703929475157,0.0011660309149874593,13_P5_1
43312,133,2026-02-15 07:32:14.050000+00:00,124806.22181675406,426258.50886646326,4.5893375551209745,-7.933947199489921e-05,-0.0026173500809818506,0.001180450936408839,0,0.0021922206048887644,0.0014321260481302861,0.001180450936408839,903_GSL_1
43313,6,2026-02-15 07:32:14.250000+00:00,124399.0404431465,426925.0753246552,8.556201923195994,0.0012724021216854453,-0.00012455967953428626,0.008895227374436487,11,-0.0012694943468290337,0.0001513485262710933,0.008895227374436487,TS5
43314,126,2026-02-15 07:32:17.540000+00:00,124339.65788536804,426609.58926360693,6.670828566336548,0.0010647638991940767,0.00077344587771222,0.00017137720108983956,0,-0.000990000469570783,-0.0008670869374097555,0.00017137720108983956,17_P5_1
43315,121,2026-02-15 07:32:32.920000+00:00,124329.26098049873,426611.32815341186,11.355502197035666,0.0014377290208358318,0.00043691927567124367,0.0012026749615436927,0,-0.0008200803522614335,-0.0012591391530094706,0.0012026749615436927,15_P5_1
43316,123,2026-02-15 07:32:48.380000+00:00,124329.15143029588,426611.3909232643,8.079475608053551,0.0016736837569624186,0.0006452446687035263,0.0013599629994853757,0,-0.0010868651033719668,-0.0014269836186454293,0.0013599629994853757,16_P5_1
43317,4,2026-02-15 07:32:48.580000+00:00,124378.97087161483,426782.7418833792,7.761632883958639,-0.000946358370129019,0.0007004717481322587,0.006557178986373202,11,-0.001131508152890977,-0.00032549060598727734,0.006557178986373202,TS3
43318,68,2026-02-15 07:36:20.690000+00:00,123928.08227282685,426940.42927530274,7.117201067642028,-0.02667753500281833,-0.018459702492691576,-0.0016122133981983922,0,0.0017333735865985474,-0.03239516794144712,-0.0016122133981983922,905_GSL_1
43319,66,2026-02-15 07:36:20.790000+00:00,124898.94015066879,426720.7650257952,4.126087036556067,0.0025450051034567878,-0.00917935959296301,0.043800506152302354,0,0.0058896051850499224,0.007486671107894094,0.043800506152302354,901_GSL_1
43320,67,2026-02-15 07:36:22.990000+00:00,123855.6151029546,426533.0748199452,6.050454707983281,-0.0028915195434819907,-0.016282759490422904,0.0060465596457053294,0,-0.0004140626102205226,-0.01653232270578193,0.0060465596457053294,904_GSL_1
43321,68,2026-02-15 07:36:23.620000+00:00,123928.0861259989,426940.43164695235,7.132974328551393,-0.02282436295354273,-0.016088052885606885,0.01416104751116709,0,0.01623255777873927,-0.02272181898187355,0.01416104751116709,905_GSL_1
43322,71,2026-02-15 07:36:32.330000+00:00,124806.2220532673,426258.50801757723,4.590189824586917,-0.005708668191800825,-0.007088554848451167,-0.0013138385623507887,0,0.0030731780657594254,0.008566917703568431,-0.0013138385623507887,903_GSL_1
43323,68,2026-02-15 07:36:39.430000+00:00,123928.08797358768,426940.4317603886,7.129524416429512,-0.020976774176233448,-0.0159746166318655,0.010711135389286142,0,-0.0006636945028096052,-0.026358545881415927,0.010711135389286142,905_GSL_1
43324,69,2026-02-15 07:36:40.720000+00:00,124266.91998441207,427056.315958284,7.107739749406464,-0.022612784581724554,0.0011198999709449708,0.01723837847903109,0,0.009605638368771721,-0.020501802701537807,0.01723837847903109,906_GSL_1
43325,67,2026-02-15 07:36:49.460000+00:00,123855.61276165742,426533.07557884615,6.025776288371826,-0.005232816722127609,-0.015523858543019742,-0.018631859965749342,0,0.013325573717015567,-0.009528989454472562,-0.018631859965749342,904_GSL_1
43326,71,2026-02-15 07:36:51.070000+00:00,124806.22111921693,426258.50197930844,4.623300540235673,-0.006642718552029692,-0.013126823643688112,0.03179687708640522,0,0.008044030096462998,0.012317986383381262,0.03179687708640522,903_GSL_1
43327,69,2026-02-15 07:36:55.990000+00:00,124266.92323433829,427056.31507235084,7.09063895651588,-0.019362858365639113,0.0002339667989872396,0.00013758558844756408,0,0.0008271702085925151,-0.019346596961658295,0.00013758558844756408,906_GSL_1
43328,66,2026-02-15 07:36:58.420000+00:00,124898.94052823412,426720.77247216896,4.084188935888804,0.002922570434748195,-0.001732985838316381,0.0019024054850396155,0,0.003107113037619469,0.001374956884169281,0.0019024054850396155,901_GSL_1
43329,66,2026-02-15 07:36:58.710000+00:00,124898.940327803,426720.7732644113,4.075402467044578,0.0027221393102081493,-0.0009407434845343232,-0.006884063359186676,0,0.002047989217672828,0.0020250384915280295,-0.006884063359186676,901_GSL_1
43330,67,2026-02-15 07:37:07.910000+00:00,123855.61615288495,426533.0651365817,6.058073187010677,-0.0018415891972836107,-0.025966122979298234,0.013665038673101648,0,0.016102451057616127,-0.020453412020605966,0.013665038673101648,904_GSL_1
43331,68,2026-02-15 07:37:09.160000+00:00,123928.08665085648,426940.4317296222,7.136868347046821,-0.02229950537730474,-0.016005383047740906,0.018055066006595233,0,0.021765376787995,-0.016724491019279582,0.018055066006595233,905_GSL_1
43332,66,2026-02-15 07:37:14.390000+00:00,124898.94236870554,426720.7675102709,4.085606211556174,0.004763041855767369,-0.006694883923046291,0.003319681152409437,0,0.0016044897346256216,0.008058141916989088,0.003319681152409437,901_GSL_1
43333,71,2026-02-15 07:37:17.620000+00:00,124806.2168772514,426258.5010119076,4.608617921701279,-0.0108846840885235,-0.014094224490690976,0.017114258552011208,0,-0.005302616270826182,0.01700016977519105,0.017114258552011208,903_GSL_1
43334,69,2026-02-15 07:37:26.010000+00:00,124266.91919551246,427056.31347692775,7.110772056785876,-0.02340168420050759,-0.0013614562922157347,0.020270685858443827,0,0.015641565816160014,-0.01745949041279942,0.020270685858443827,906_GSL_1
43335,149,2026-02-15 07:37:34.320000+00:00,124351.04108535248,426607.3976209476,8.015218745480858,-0.00022633958724327385,0.0008884821436367929,0.0029929015130605308,0,-0.0008418182067490071,0.0003632798302972135,0.0029929015130605308,14_P5_1
43336,147,2026-02-15 07:37:50.140000+00:00,124350.92695345079,426607.5110972876,11.37445050712672,0.0004461052012629807,0.0011045474675484002,0.00023086545427730698,0,-0.0011611659936728216,-0.0002659482915893192,0.00023086545427730698,13_P5_1
43337,164,2026-02-15 07:37:52.400000+00:00,124091.06439355802,427154.2069535184,9.835185329349413,-0.030934893351513892,0.012222576944623142,0.020551797720015585,0,0.019977080985940678,-0.02659464700119065,0.020551797720015585,907_GSL_1
43338,126,2026-02-15 07:38:05.420000+00:00,124339.65802394084,426609.58917410043,6.671907873730281,0.0012033366947434843,0.000683939375448972,0.0012506845948232481,0,-0.0009333971200061802,-0.0010220382021088408,0.0012506845948232481,17_P5_1
43339,110,2026-02-15 07:38:07.080000+00:00,124434.1404274527,426963.92836213985,8.78940158850262,0.0003416102263145149,-0.0037244335981085896,0.03834122824483188,0,-0.0035719840057838884,0.0011086178042350018,0.03834122824483188,35_P9_0
43340,122,2026-02-15 07:38:09.290000+00:00,124329.15069319731,426611.3910556868,8.088618220955322,0.00114229426253587,-0.0009832220384851098,0.004954382512924127,0,-0.0006613333030849756,0.0013543264087419614,0.004954382512924127,16_P5_1
43341,121,2026-02-15 07:38:20.410000+00:00,124329.26088794234,426611.32831811014,11.354627681058389,0.001345172626315616,0.0006016175611875951,0.0003281589842671906,0,-0.0009524813456502387,-0.0011243719894707765,0.0003281589842671906,15_P5_1
43342,111,2026-02-15 07:38:22.900000+00:00,124434.2621246537,426963.9716931403,6.506393591672428,0.0004338943836046383,-0.006370639079250395,0.04510108205765917,0,-0.006136965983298987,0.0017637899914749115,0.04510108205765917,36_P9_0
43343,120,2026-02-15 07:38:25.090000+00:00,124329.26162290583,426611.3300336441,11.362229351090193,0.0013710706698475406,-0.0011414460022933781,0.0041981844433198745,0,-0.000755200291009024,0.0016162939950168731,0.0041981844433198745,15_P5_1
43344,107,2026-02-15 07:38:26.270000+00:00,124409.92226601251,426969.52300958714,6.28955084347193,0.0014485052088275552,-0.0014014659682288766,0.0004705200418966271,0,-0.001016853831349176,0.00174019610555097,0.0004705200418966271,38_P9_0
43345,123,2026-02-15 07:38:35.400000+00:00,124329.15194516125,426611.39067074144,8.080172642084005,0.002188549129641615,0.00039272179128602147,0.0020569970299391116,0,-0.0009881297315918426,-0.0019918778405690956,0.0020569970299391116,16_P5_1
43346,102,2026-02-15 07:38:40.600000+00:00,124282.39346945856,426301.7943794776,6.9034776119793175,0.00018051273946184665,0.0008216130081564188,0.00017962821258166173,0,-0.0008411326594923641,1.1341667212661482e-05,0.00017962821258166173,02_P1_0
43347,106,2026-02-15 07:38:41.020000+00:00,124410.03377029854,426969.44834233547,8.924426632314397,0.0015664803213439882,-0.0012190054403617978,0.0005394079758662684,0,-0.0008065797290478064,0.0018136328188138836,0.0005394079758662684,37_P9_0
43348,124,2026-02-15 07:38:43.390000+00:00,124339.65876545147,426609.5897643502,6.6785525488165325,0.0009997282468248159,-0.0004775538109242916,0.004122352983339184,0,-0.00014103685032798634,0.0010989189308940378,0.004122352983339184,17_P5_1
43349,118,2026-02-15 07:38:51.220000+00:00,124372.2614839391,426775.11284495227,6.169602818052537,0.0014565771125489846,0.0001804534695111215,0.004070749062175416,0,-0.0010975234273200545,-0.0009744858469694566,0.004070749062175416,22_P6_1
43350,103,2026-02-15 07:38:56.850000+00:00,124282.31275553782,426301.7979916608,9.297884354684674,0.0010371306561864913,0.0005475075449794531,-6.713110643907783e-05,0,-0.0007698106707204851,-0.0008847576171224108,-6.713110643907783e-05,01_P1_0
43351,160,2026-02-15 07:38:57.270000+00:00,124421.81232074474,426965.61601669196,5.595682217118003,0.0011145840981043875,-0.00262134667718783,0.0035009872306641654,0,-0.0017397430588277285,0.00225544900252956,0.0035009872306641654,38a_P9_0
43352,170,2026-02-15 07:38:59.290000+00:00,124669.37471701772,426931.3098149461,13.801297895316605,-0.013329798748600297,0.011317974363919348,0.015107764645216903,0,0.0006180944946761562,-0.017475641263661048,0.015107764645216903,908_GSL_1
43353,74,2026-02-15 07:39:07.400000+00:00,124369.34692965061,426785.72566111566,7.233958353759642,0.0006164413061924279,-0.0008051810436882079,0.0039045190025701615,0,-0.0008272841743740618,-0.000586444619657547,0.0039045190025701615,21_P6_1
43354,100,2026-02-15 07:39:13.470000+00:00,124292.48504548754,426345.9306450138,7.587499345379973,0.0013222142297308892,0.0004100340884178877,-0.0010002235891253264,0,-0.0007031450993477584,-0.0011924619038907564,-0.0010002235891253264,06_P2_0
43355,162,2026-02-15 07:39:14.890000+00:00,124402.99626397215,426879.64471535356,6.548135764085439,0.0008358438353752717,-0.0030182343325577676,0.003462720794871643,0,0.0030793719839041114,-0.000570825356927787,0.003462720794871643,34a_P7_0
43356,92,2026-02-15 07:39:18.490000+00:00,124278.31686278617,426395.6375123035,11.104625461072008,0.002886983595089987,-0.0007783217006362975,0.0028364778447880212,0,0.0003494064805904307,-0.0029695747270142053,0.0028364778447880212,11_P3_0
43357,73,2026-02-15 07:39:24.020000+00:00,124369.49051815343,426785.69623689,11.410040396969094,0.0011785889946622774,-0.00022976420586928725,0.003985780906019087,0,-0.0011935745752162592,0.00013131390648026738,0.003985780906019087,20_P6_1
43358,101,2026-02-15 07:39:30.020000+00:00,124292.40585251835,426345.88391814043,10.216102911006772,0.0005336475151125342,0.0005246145301498473,0.00048441340648786024,0,-0.0006335547276743899,-0.0003982568049281231,0.00048441340648786024,05_P2_0
43359,104,2026-02-15 07:39:30.870000+00:00,124389.81698964776,426881.44343834947,10.72601389626082,-0.00010656251106411219,-0.0009012186783365905,0.00010202820061344653,0,0.0009037735513863445,-8.212212102445035e-05,0.00010202820061344653,33_P7_0
43360,93,2026-02-15 07:39:33.490000+00:00,124278.27093533413,426395.7902176228,7.952024496389178,0.002811754457070492,-0.0011324796942062676,0.0032989761096606784,0,0.0007067827476804402,-0.0029476993625922212,0.0032989761096606784,12_P3_0
43361,165,2026-02-15 07:39:40.720000+00:00,124091.06447234302,427154.20619993174,9.854020466370148,-0.019308284143335186,0.010048138094134629,0.0032849726441277483,0,0.019770055039972784,-0.009106033133863241,0.0032849726441277483,907_GSL_1
43362,98,2026-02-15 07:39:45.420000+00:00,124302.66189898828,426390.0785662251,7.979929498316786,0.0010533547319937497,0.0006542165065184236,0.0008787031859158745,0,-0.0008831171585755388,-0.0008704363923023104,0.0008787031859158745,10_P3_0
43363,105,2026-02-15 07:39:45.870000+00:00,124389.68802188872,426881.4710486152,7.06276991691798,-0.00066354863520246,-0.0009045989718288183,0.00047402019519005023,0,0.0010236276980107007,0.0004591104736096927,0.00047402019519005023,34_P7_0
43364,94,2026-02-15 07:39:49.770000+00:00,124268.22661833664,426351.55495955114,10.217497809923636,0.002395837553194724,-0.0010134693584404886,0.003003870632674932,0,0.0005594038417090465,-0.002540516692264984,0.003003870632674932,07_P2_0
43365,152,2026-02-15 07:39:56.620000+00:00,124370.27658207896,426819.4999811356,9.732380110595216,0.0008104170992737636,0.0008110976777970791,0.0034591593673365395,0,0.0006027609612784473,0.0009753637994521829,0.0034591593673365395,29_KW_1
43366,99,2026-02-15 07:40:00.700000+00:00,124302.53902961813,426390.135723872,11.088130971115511,0.0009493269608356059,0.0009075800189748406,0.00037576836614405806,0,-0.0011067999186184455,-0.000707048166363468,0.00037576836614405806,09_P3_0
43367,95,2026-02-15 07:40:05.290000+00:00,124268.11207477345,426351.54796190094,7.196728253637574,0.002526871219743043,-0.0012291090679354966,0.0030573953924539765,0,0.0007443625378228463,-0.002709559313676837,0.0030573953924539765,08_P2_0
43368,117,2026-02-15 07:40:12.340000+00:00,124377.68109252291,426815.90636052407,7.621391760754248,0.0010753788228612393,0.0006544855423271656,0.003956720581788531,0,0.0006121704525855318,0.001100017397478301,0.003956720581788531,26_KW_0
43369,113,2026-02-15 07:40:15.870000+00:00,124414.07884359224,426875.91055976425,7.342078740390849,0.001608978069270961,-0.004672373936045915,0.03872879526557238,0,0.0041581762098663495,-0.0026701047232903855,0.03872879526557238,32_P7_0
43370,166,2026-02-15 07:40:18.940000+00:00,124091.06240384791,427154.20798626135,9.821002388328935,-0.009876987780444324,0.018958281783852726,-0.008851230733869286,0,0.021045656322173624,-0.0037485578266797607,-0.008851230733869286,907_GSL_1
43371,96,2026-02-15 07:40:20.980000+00:00,124258.06432702242,426307.3512644602,9.309421994087515,0.0033488259941805154,-0.0011451167520135641,0.004876385911623871,0,0.000467023836734848,-0.0035082497988260003,0.004876385911623871,03_P1_0
43372,153,2026-02-15 07:40:25.940000+00:00,124370.27667201222,426819.49622762884,9.72967453457419,0.0028332073416095227,-0.0028954683803021908,0.003594057461201672,0,0.0020488218304794636,-0.003494728900620286,0.003594057461201672,29_KW_1
43373,116,2026-02-15 07:40:27.920000+00:00,124377.68841559425,426815.9008759581,10.009305025902828,0.0010557026835158467,0.000814394501503557,0.004245270625704123,0,0.0007729566751877101,0.0010864090106145789,0.004245270625704123,25_KW_0
43374,112,2026-02-15 07:40:30.600000+00:00,124413.95228942826,426875.8630798572,10.70740849320538,0.001554803442559205,-0.004186208243481815,0.038142886284715516,0,0.0036924115564469008,-0.002511543370241978,0.038142886284715516,31_P7_0
43375,125,2026-02-15 07:40:34.720000+00:00,124339.65841220868,426609.5913854484,6.67326974470517,0.0005466450529638678,0.0001516019692644477,-0.0002461934239441632,0,0.0002293168338480772,0.0005188619862050233,-0.0002461934239441632,17_P5_1
43376,97,2026-02-15 07:40:36.090000+00:00,124257.99042651056,426307.3907745743,6.84154083467203,0.002556301682488993,-0.0010781303280964494,0.004478644075930127,0,0.0005550296937549093,-0.0027182688121868566,0.004478644075930127,04_P1_0
43377,115,2026-02-15 07:40:44.140000+00:00,124396.29040493476,426811.6349124396,7.651259651432778,0.00031417494756169617,0.0009981031762436032,0.0049873586597319886,0,0.0010176074186378661,-0.00024370266645267215,0.0049873586597319886,24_KW_0
43378,161,2026-02-15 07:40:46.300000+00:00,124402.9918818521,426879.6405719637,6.586745210859524,0.00047810550313442945,-0.006934923294465989,0.04512089003580222,0,0.005852989227847159,-0.0037502350687602967,0.04512089003580222,34a_P7_0
43379,146,2026-02-15 07:40:52.350000+00:00,124350.92444496947,426607.51301083143,11.3775423962528,-0.0018216054741060361,0.0011454346240498126,-0.001779116971283301,0,0.0007348753593556648,-0.002022430514869941,-0.001779116971283301,13_P5_1
43380,114,2026-02-15 07:40:59.220000+00:00,124396.29967055439,426811.63067262404,9.994764113726147,0.0006499093724414706,0.0011338682379573584,0.004080036075963633,0,0.0013066625469623154,-2.592994025727066e-05,0.004080036075963633,23_KW_0
43381,148,2026-02-15 07:41:09.120000+00:00,124351.04081733421,426607.3990796498,8.014869784989278,-0.00030108045029919595,0.000623755098786205,-0.0005866302231041232,0,0.0005457565322998584,-0.00042646180164955993,-0.0005866302231041232,14_P5_1
43382,150,2026-02-15 07:41:14.930000+00:00,124401.10333562836,426812.322745532,9.185499616854905,0.0001549984299344942,0.001313942950218916,0.003485593611095794,0,0.0011449064454792455,-0.000663068488779422,0.003485593611095794,27_KW_1
43383,168,2026-02-15 07:41:26.730000+00:00,124669.36957937639,426931.3152968452,13.784160935969417,-0.00715259496064391,0.007556272845249623,-0.017179083965810804,0,0.0019350034659179238,-0.010223142157368796,-0.017179083965810804,908_GSL_1
43384,119,2026-02-15 07:41:30.840000+00:00,124400.81471018397,426811.34398864466,3.9882225969330625,0.0005587968917097896,0.0008597633568570018,0.004688467846879707,0,0.0010224497590703627,-7.77398620753841e-05,0.004688467846879707,28_KW_1
43385,169,2026-02-15 07:41:48.620000+00:00,124669.37558148814,426931.31108297536,13.811199501741072,-0.003495960176223889,0.008923422428779304,-0.0005557111318204022,0,0.0009515981072829122,-0.009536438876142419,-0.0005557111318204022,908_GSL_1
43386,72,2026-02-15 07:42:31.130000+00:00,124390.52408296848,426780.88822379196,10.990795932016331,0.00012326562136877328,0.0012928602518513799,0.003710610449573437,0,-8.32145309241979e-05,-0.001296054545947704,0.003710610449573437,18_P6_1
43387,130,2026-02-15 07:45:20.390000+00:00,124898.93953349713,426720.76367928716,4.126104908075349,0.0011604998726397753,-0.005997411615680903,0.03604217560515455,0,0.003384653664962448,0.005085255707489784,0.03604217560515455,901_GSL_1
43388,138,2026-02-15 07:45:21.360000+00:00,123928.08260220167,426940.42978325445,7.117085893922555,-0.004016677004983649,-0.0019378975848667324,-0.0008501696753722143,0,0.0009265650156672784,-0.004362409710645967,-0.0008501696753722143,905_GSL_1
43389,134,2026-02-15 07:45:23.890000+00:00,123855.61409825522,426533.07195932505,6.053813535123469,-0.00036388619628269225,-0.002338736900128424,0.00797061622568851,0,-0.00010977774834871246,-0.0023643291432951723,0.00797061622568851,904_GSL_1
43390,139,2026-02-15 07:45:24.140000+00:00,123928.08525013778,426940.4300494493,7.132504493756317,-0.001619785907678306,-0.0010545632685534656,-0.004097336982939126,0,0.0011808354132304079,-0.0015301757418533252,-0.004097336982939126,905_GSL_1
43391,125,2026-02-15 07:45:39.510000+00:00,124339.65854758174,426609.5914677157,6.673748609294753,0.0006820181151852012,0.00023386924294754863,0.00023267116563907564,0,0.0003303563559093014,0.0006408652045071263,0.00023267116563907564,17_P5_1
43392,137,2026-02-15 07:45:40.390000+00:00,123928.0848640091,426940.4300722146,7.131823949402212,-0.004535252781352028,-0.0037563564255833626,0.008960258436681912,0,-0.00038853095349909386,-0.005876033958798725,0.008960258436681912,905_GSL_1
43393,133,2026-02-15 07:45:42.440000+00:00,124806.22506629204,426258.51019325043,4.5830977855133295,0.0031701985135441646,-0.0012905629118904471,-0.005059318671236213,0,0.002753957220616402,-0.002032592155804888,-0.005059318671236213,903_GSL_1
43394,143,2026-02-15 07:45:42.720000+00:00,124266.92009260159,427056.31595096894,7.10875196382433,0.0005251734983175993,0.0017240929300896823,0.0032102256015527075,0,0.0013963993500112307,0.001139461491323241,0.0032102256015527075,906_GSL_1
43395,146,2026-02-15 07:45:56.010000+00:00,124350.92565098066,426607.5127472321,11.377658707748363,-0.0006155942828627303,0.0008818352944217622,-0.0016628054757195088,0,0.0007319307033592253,-0.000787951301199043,-0.0016628054757195088,13_P5_1
43396,141,2026-02-15 07:45:56.510000+00:00,124266.91876856855,427056.3146325323,7.088653326666522,0.0001398171007167548,0.00011422927491366863,0.004518626403424264,0,0.00010988576646902984,0.00014325595006021733,0.004518626403424264,906_GSL_1
43397,152,2026-02-15 07:45:58.340000+00:00,124370.27645000914,426819.4998995282,9.732360022954683,0.0006783472781535238,0.0007294903043657541,0.0034390717268042437,0,0.0005537470561913623,0.0008280551501568811,0.0034390717268042437,29_KW_1
43398,153,2026-02-15 07:45:59.640000+00:00,124370.27682135066,426819.49613790034,9.729923017040882,0.0029825457895640284,-0.0029851968865841627,0.003842539927893185,0,0.0020961356360924043,-0.0036624029316312786,0.003842539927893185,29_KW_1
43399,132,2026-02-15 07:46:00.040000+00:00,124806.21166101377,426258.49690130417,4.626313208206413,-0.0024732739984756336,-0.008240446273703128,0.04368103399609158,0,0.005898526444608867,0.00626333975156811,0.04368103399609158,903_GSL_1
43400,122,2026-02-15 07:46:13.210000+00:00,124329.1507267315,426611.39104724186,8.088318555515533,0.0011758284526877105,-0.0009916669805534184,0.0046547170731354726,0,-0.0006609963558564876,0.0013889059608246893,0.0046547170731354726,16_P5_1
43401,148,2026-02-15 07:46:14.470000+00:00,124351.04082465757,426607.3989239556,8.014975792118365,-0.00029375709709711373,0.00046806089812889695,-0.0004806230940168632,0,0.0003951530490286032,-0.0003863007951008529,-0.0004806230940168632,14_P5_1
43402,150,2026-02-15 07:46:15.140000+00:00,124401.10343155458,426812.32261818764,9.185356233843613,0.0002509246551198885,0.0011865986161865294,0.0033422105998042184,0,0.001100412986889786,-0.0005099712901400639,0.0033422105998042184,27_KW_1
43403,136,2026-02-15 07:46:15.570000+00:00,123855.61165326466,426533.07669224765,6.025129427351705,-0.004116847136174329,0.0025837215362116694,0.0028368849149664754,0,0.001827278638273271,0.0045038983222782615,0.0028368849149664754,904_GSL_1
43404,135,2026-02-15 07:46:16.510000+00:00,123855.61315521442,426533.06944769,6.060609496670326,-0.0004950638103764504,-0.007187231327407062,0.03941104955196817,0,0.004444974925429746,-0.005669530866156984,0.03941104955196817,904_GSL_1
43405,5,2026-02-15 07:46:16.710000+00:00,124424.61764536206,426919.1390460176,8.781407664233338,0.0004425845399964601,-0.007301751466002315,0.01358184222702441,11,-0.007315150937476278,-4.723161098158718e-06,0.01358184222702441,TS4
43406,120,2026-02-15 07:46:28.220000+00:00,124329.26183778391,426611.3299989052,11.361188089935002,0.001585948746651411,-0.0011761849164031446,0.003156923288129221,0,-0.0007341459285732289,0.001832941390262876,0.003156923288129221,15_P5_1
43407,129,2026-02-15 07:46:31.200000+00:00,124898.94093991512,426720.77419495303,4.084889378317052,0.0012682163360295817,0.0016922829090617597,-0.006795366928561641,0,0.0010590381700014565,-0.0018304732376505247,-0.006795366928561641,901_GSL_1
43408,128,2026-02-15 07:46:33.410000+00:00,124898.93947026793,426720.7755124385,4.075077368477947,-0.0008311315759783611,0.006248403689824045,-0.00631456252573237,0,0.0019515631780198583,-0.005993724178654874,-0.00631456252573237,901_GSL_1
43409,140,2026-02-15 07:46:35.100000+00:00,123928.08656511636,426940.4322147866,7.137372369744485,-0.0009586161031620577,-0.002223890332970768,0.001798663542141199,0,0.0008856072201654869,-0.002253959382489667,0.001798663542141199,905_GSL_1
43410,124,2026-02-15 07:46:45.970000+00:00,124339.65846680864,426609.5897009247,6.678039084429212,0.0007010854169493541,-0.0005409793229773641,0.003608888596018822,0,-0.00029465615482100933,0.0008350791221041239,0.003608888596018822,17_P5_1
43411,154,2026-02-15 07:46:46.170000+00:00,124285.6663957508,426445.5623756302,7.895790860674114,0.0017707507940940559,-0.0014493698254227638,-0.005809139325885226,11,-0.0022621578284718357,0.00034477996565103583,-0.005809139325885226,TS1-1
43412,149,2026-02-15 07:46:47.940000+00:00,124351.0416572129,426607.3976308498,8.01503522335153,0.00034552083525341004,0.0008983843144960701,0.002809379383732491,0,-0.0009415505706758864,-0.00019990384435198023,0.002809379383732491,14_P5_1
43413,131,2026-02-15 07:46:51.320000+00:00,124806.21715452807,426258.5022950667,4.611545449911741,-0.0013899680780014023,-0.003988997777923942,4.09771391787217e-05,0,8.441245321143351e-05,0.0042233859719291444,4.09771391787217e-05,903_GSL_1
43414,3,2026-02-15 07:46:51.520000+00:00,124314.90369420628,426440.793974421,7.049087237375613,-0.003545145649695769,-0.0021028625778853893,-0.02934185811547163,11,-0.004018889116023011,0.0009157614166033656,-0.02934185811547163,TS2
43415,145,2026-02-15 07:46:52.730000+00:00,124266.91995555528,427056.3140427178,7.1120053194132655,0.0016318024427164346,-0.0007038898183964193,0.0040383831216193045,0,-0.0016537655173190925,0.0006506148647424074,0.0040383831216193045,906_GSL_1
43416,6,2026-02-15 07:46:52.930000+00:00,124399.04055358568,426925.0748168994,8.556004765679019,0.0013828413066221401,-0.000632315524853766,0.008698069857461022,11,-0.0007276084366900465,0.0013351625238632889,0.008698069857461022,TS5
43417,147,2026-02-15 07:47:02.920000+00:00,124350.92766242687,426607.5109460537,11.375074242749701,0.001155081277829595,0.0009533136035315692,0.0008546010772576551,0,-0.0011238717611459878,-0.0009899150718972872,0.0008546010772576551,13_P5_1
43418,126,2026-02-15 07:47:18.030000+00:00,124339.65788848816,426609.5893616415,6.67143444873151,0.0010678840189939365,0.0008714804425835609,0.0007772595960524598,0,-0.001086292689002908,-0.0008484236168607712,0.0007772595960524598,17_P5_1
43419,121,2026-02-15 07:47:33.740000+00:00,124329.2610540814,426611.3280739794,11.355215181589527,0.0015113116969587281,0.0003574868314899504,0.000915659515404954,0,-0.00076428625749587,-0.0013519343166943987,0.000915659515404954,15_P5_1
43420,123,2026-02-15 07:47:49.190000+00:00,124329.15142730453,426611.3909757828,8.079251285567132,0.0016706924070604146,0.0006977631710469723,0.0011356405130662495,0,-0.0011364600709794055,-0.0014094484981539172,0.0011356405130662495,16_P5_1
43421,4,2026-02-15 07:47:49.390000+00:00,124378.9708738627,426782.74176211073,7.760928323552586,-0.0009441105066798627,0.0005792033043690026,0.005852618580320268,11,-0.001087013282396218,-0.00021265756631137984,0.005852618580320268,TS3
43422,68,2026-02-15 07:51:20.330000+00:00,123928.0809622474,426940.42868447927,7.116299625302265,-0.027988114452455193,-0.019050525967031717,-0.002513655737961251,0,0.002068443553641543,-0.03379317433283947,-0.002513655737961251,905_GSL_1
43423,66,2026-02-15 07:51:21.200000+00:00,124898.94121804083,426720.7677296267,4.126674580184077,0.0036123771424172446,-0.006475528120063245,0.044388049780312855,0,0.005831110587501806,0.004580380155523419,0.044388049780312855,901_GSL_1
43424,67,2026-02-15 07:51:22.490000+00:00,123855.61468490858,426533.075192608,6.052171117588838,-0.0033095655671786517,-0.015910096699371934,0.007762969251261964,0,6.99140649620192e-05,-0.01625052347619426,0.007762969251261964,904_GSL_1
43425,68,2026-02-15 07:51:22.900000+00:00,123928.08597094144,426940.43181343755,7.133990795038069,-0.022979420420597307,-0.01592156768310815,0.01517751399784295,0,0.016433888535657467,-0.022615865845727518,0.01517751399784295,905_GSL_1
43426,71,2026-02-15 07:51:33.070000+00:00,124806.21829332806,426258.5058572614,4.583802505970052,-0.009468607429880649,-0.009248870657756925,-0.007701157179215379,0,0.0029566387814696313,0.012901721676621994,-0.007701157179215379,903_GSL_1
43427,68,2026-02-15 07:51:39.590000+00:00,123928.08646268469,426940.43057161197,7.132026415146553,-0.022487677168101072,-0.01716339326230809,0.013213134106327296,0,-0.000742417845311638,-0.02827943614070726,0.013213134106327296,905_GSL_1
43428,71,2026-02-15 07:51:40.120000+00:00,124806.22816727869,426258.50571335887,4.6231950697570285,0.0004053432057844475,-0.009392773208674043,0.03169140660776115,0,0.008336071461024977,0.004347229492532614,0.03169140660776115,903_GSL_1
43429,69,2026-02-15 07:51:40.490000+00:00,124266.92042653795,427056.315869063,7.1076752122093,-0.022170658703544177,0.0010306789772585034,0.01717384128186783,0,0.009355525401630716,-0.020126463945826255,0.01717384128186783,906_GSL_1
43430,67,2026-02-15 07:51:49.470000+00:00,123855.6111684902,426533.07735850516,6.026852573585494,-0.006825983946328051,-0.013744199532084167,-0.017555574752082137,0,0.013576551192224087,-0.007153623930441803,-0.017555574752082137,904_GSL_1
43431,69,2026-02-15 07:51:55.490000+00:00,124266.92066092194,427056.3148106284,7.091330135874588,-0.021936274715699255,-2.775562461465597e-05,0.0008287649471556691,0,0.0006444405567193058,-0.021926824100771625,0.0008287649471556691,906_GSL_1
43432,67,2026-02-15 07:51:57.700000+00:00,123855.61473309252,426533.0664238987,6.060514011894939,-0.003261381629272364,-0.024678806017618626,0.016105863557362987,0,0.016554579746137988,-0.018591018423307598,0.016105863557362987,904_GSL_1
43433,66,2026-02-15 07:51:58.620000+00:00,124898.94054046295,426720.773428959,4.08403461909033,0.0029347992676775903,-0.0007761957822367549,0.0017480886865657297,0,0.0030060310864131697,0.0004234427251006962,0.0017480886865657297,901_GSL_1
43434,66,2026-02-15 07:51:59.220000+00:00,124898.93937134306,426720.77466580615,4.076762545430203,0.001765679378877394,0.0004606513539329171,-0.0055239849735615465,0,0.0017913120189089673,0.0003478858861543093,-0.0055239849735615465,901_GSL_1
43435,68,2026-02-15 07:52:08.870000+00:00,123928.08692463349,426940.4338257681,7.136530598603073,-0.022025728365406394,-0.013909237110055983,0.017717317562847335,0,0.021560138575401823,-0.014620533903380431,0.017717317562847335,905_GSL_1
43436,66,2026-02-15 07:52:12.990000+00:00,124898.94186209406,426720.7690768794,4.080240427087409,0.004256430373061448,-0.00512827537022531,-0.002046103316355463,0,0.0017836909303066012,0.0064214371022942775,-0.002046103316355463,901_GSL_1
43437,71,2026-02-15 07:52:16.890000+00:00,124806.2171249126,426258.5031639093,4.608477611736392,-0.01063702288956847,-0.011942222772631794,0.016973948587124532,0,-0.005818947507785307,0.014896401934897168,0.016973948587124532,903_GSL_1
43438,69,2026-02-15 07:52:26.530000+00:00,124266.92027913063,427056.3138434225,7.111344048418215,-0.022318066025036387,-0.0009949615341611207,0.020842677490782613,0,0.015131154235686046,-0.01643575952148923,0.020842677490782613,906_GSL_1
43439,149,2026-02-15 07:52:34.140000+00:00,124351.04136342731,426607.3976272784,8.015214665160936,5.173524550627917e-05,0.0008948129252530634,0.002988821193138591,0,-0.0008918112603558496,8.966260497024631e-05,0.002988821193138591,14_P5_1
43440,147,2026-02-15 07:52:49.270000+00:00,124350.92709992504,426607.51103301265,11.37492590721735,0.0005925794539507478,0.0010402725310996175,0.0007062655449061594,0,-0.0011208459961336403,-0.00042073935061526994,0.0007062655449061594,13_P5_1
43441,164,2026-02-15 07:52:50.550000+00:00,124091.0668289195,427154.2069957776,9.842069266559564,-0.02849953186523635,0.012264836172107607,0.027435734930167044,0,0.019373028749093635,-0.024235001133753896,0.027435734930167044,907_GSL_1
43442,110,2026-02-15 07:52:58.610000+00:00,124434.14024663919,426963.9276396433,8.789836378450806,0.0001607967133168131,-0.004446930135600269,0.038776018193017237,0,-0.0043162905013615135,0.001081979446098531,0.038776018193017237,35_P9_0
43443,126,2026-02-15 07:53:05.600000+00:00,124339.65805640027,426609.5892730409,6.671307740788915,0.0012357961240923032,0.0007828798261471093,0.0006505516534573985,0,-0.0010370688081531004,-0.0010317854281126455,0.0006505516534573985,17_P5_1
43444,122,2026-02-15 07:53:07.590000+00:00,124329.15133765395,426611.39098064235,8.088119154898815,0.0017867509013740346,-0.0010582664981484413,0.004455316456416725,0,-0.0005704663961299994,0.0019967410587131075,0.004455316456416725,16_P5_1
43445,111,2026-02-15 07:53:14.600000+00:00,124434.26203481932,426963.97090378264,6.5069327754567095,0.00034405999758746475,-0.0071599967195652425,0.04564026584194103,0,-0.006927572223261112,0.0018419211160161063,0.04564026584194103,36_P9_0
43446,121,2026-02-15 07:53:21.970000+00:00,124329.26138840929,426611.3282959969,11.355527405256776,0.0018456395773682743,0.0005795042961835861,0.0012278831826542103,0,-0.0010706383669259883,-0.0016111933981088145,0.0012278831826542103,15_P5_1
43447,120,2026-02-15 07:53:22.990000+00:00,124329.26245815132,426611.33002805157,11.361654349789715,0.0022063161595724523,-0.0011470385361462831,0.003623183142842379,0,-0.0005481829570617266,0.002425494556782638,0.003623183142842379,15_P5_1
43448,107,2026-02-15 07:53:27.990000+00:00,124409.92229932272,426969.52305791544,6.289761761308881,0.0014818154159002006,-0.0013531376607716084,0.0006814378788480013,0,-0.0009619961888257861,0.0017610570088678584,0.0006814378788480013,38_P9_0
43449,123,2026-02-15 07:53:37.020000+00:00,124329.15223445986,426611.3907418676,8.079655502952914,0.0024778477381914854,0.000463847944047302,0.0015398578988481404,0,-0.0011371973012769172,-0.002249814798339202,0.0015398578988481404,16_P5_1
43450,102,2026-02-15 07:53:38.740000+00:00,124282.39325475348,426301.7945708229,6.903610981257781,-3.4192344173789024e-05,0.0010129582951776683,0.0003129974910454081,0,-0.0009785538097971532,0.0002639811839901173,0.0003129974910454081,02_P1_0
43451,124,2026-02-15 07:53:41.110000+00:00,124339.65926098943,426609.58966692805,6.6783921045803085,0.0014952662022551522,-0.000574975972995162,0.003961908747115217,0,-7.864370714664487e-05,0.0016000729834774762,0.003961908747115217,17_P5_1
43452,106,2026-02-15 07:53:43.410000+00:00,124410.03391314938,426969.44819802727,8.924468888172328,0.0017093311616918072,-0.0013633136404678226,0.000581663833797208,0,-0.000912311106195808,0.001986989065930679,0.000581663833797208,37_P9_0
43453,118,2026-02-15 07:53:52.720000+00:00,124372.26159570314,426775.1128033915,6.1696540348493,0.0015683411475038156,0.00013889267574995756,0.0041219658589382036,0,-0.0011401346551186014,-0.00108585362665884,0.0041219658589382036,22_P6_1
43454,103,2026-02-15 07:53:54.890000+00:00,124282.31256736755,426301.79837701813,9.297687138985243,0.0008489603933412582,0.0009328649030067027,-0.0002643468058707299,0,-0.0011020362697968834,-0.000613585150387474,-0.0002643468058707299,01_P1_0
43455,170,2026-02-15 07:53:57.080000+00:00,124669.37485403779,426931.31005211803,13.79877092308518,-0.013192778686061502,0.011555146309547126,0.012580792413791286,0,0.0008891472223837503,-0.017515142960060775,0.012580792413791286,908_GSL_1
43456,160,2026-02-15 07:54:01.020000+00:00,124421.81239204977,426965.61579872115,5.595876782529325,0.0011858891375595704,-0.0028393174870871007,0.0036955526419868434,0,-0.0018948816885461651,0.002424351506170841,0.0036955526419868434,38a_P9_0
43457,74,2026-02-15 07:54:09.220000+00:00,124369.34702997707,426785.7256412612,7.233928115443024,0.0007167677686084062,-0.0008250355022028089,0.0038742806859515255,0,-0.0009289892796914227,-0.0005756896144879865,0.0038742806859515255,21_P6_1
43458,100,2026-02-15 07:54:11.120000+00:00,124292.48475300042,426345.9309582704,7.587662518164734,0.0010297271073795855,0.0007232906646095216,-0.0008370508043640257,0,-0.0009407330877055488,-0.0008357682447183526,-0.0008370508043640257,06_P2_0
43459,92,2026-02-15 07:54:14.980000+00:00,124278.31719340943,426395.6375046605,11.104831639040828,0.0032176068489206955,-0.0007859646575525403,0.003042655813608519,0,0.00030877074624893676,-0.0032977863641242625,0.003042655813608519,11_P3_0
43460,162,2026-02-15 07:54:19.490000+00:00,124402.9966413338,426879.6445087689,6.548066207909135,0.0012132054835092276,-0.003224818967282772,0.0033931646185676456,0,0.003317916287568213,-0.0009288468257216311,0.0033931646185676456,34a_P7_0
43461,73,2026-02-15 07:54:25.720000+00:00,124369.49038836837,426785.696198947,11.41002389506529,0.001048803940648213,-0.00026770721888169646,0.003969279002214776,0,-0.0010809567941122019,5.647362413785408e-05,0.003969279002214776,20_P6_1
43462,101,2026-02-15 07:54:27.460000+00:00,124292.4060893589,426345.8841381828,10.21565900000589,0.0007704880699748173,0.0007446568924933672,4.050240560538043e-05,0,-0.0009022911857621308,-0.0005779587957695301,4.050240560538043e-05,05_P2_0
43463,93,2026-02-15 07:54:29.710000+00:00,124278.27153252276,426395.79017299064,7.951867530789156,0.003408943084650673,-0.0011771118734031916,0.003142010509638027,0,0.0006630997557061665,-0.0035449660126546825,0.003142010509638027,12_P3_0
43464,104,2026-02-15 07:54:35.620000+00:00,124389.8173253738,426881.4433038522,10.725963762192414,0.00022916353191249073,-0.0010357159189879894,5.189413220740846e-05,0,0.0009659304417949527,-0.0004384082239392302,5.189413220740846e-05,33_P7_0
43465,98,2026-02-15 07:54:43.350000+00:00,124302.66174811288,426390.078898082,7.980048245695357,0.0009024793253047392,0.0009860734571702778,0.000997450564486968,0,-0.0011703065785395221,-0.0006459042558811314,0.000997450564486968,10_P3_0
43466,165,2026-02-15 07:54:44.440000+00:00,124091.06444296379,427154.20586256176,9.853719657389401,-0.019337663368787616,0.009710768121294677,0.0029841636633811675,0,0.019521393344292825,-0.009335922234439568,0.0029841636633811675,907_GSL_1
43467,94,2026-02-15 07:54:45.800000+00:00,124268.22723801981,426351.555050519,10.217462566583215,0.0030155207205098122,-0.0009225014946423471,0.0029686272922546664,0,0.0003569031638014833,-0.0031332083165837975,0.0029686272922546664,07_P2_0
43468,105,2026-02-15 07:54:51.940000+00:00,124389.68831752914,426881.47097974527,7.062649800754166,-0.0003679082146845758,-0.000973468879237771,0.0003539040313755848,0,0.0010289738647077382,0.00015559851871163507,0.0003539040313755848,34_P7_0
43469,152,2026-02-15 07:54:59.850000+00:00,124370.27654818527,426819.49992140214,9.732385098874966,0.0007765234040562063,0.000751364219468087,0.0034641476470866905,0,0.0005524338488059856,0.0009286299747678466,0.0034641476470866905,29_KW_1
43470,99,2026-02-15 07:55:00.020000+00:00,124302.53883348944,426390.1359110035,11.088236664559654,0.0007531982701038942,0.0010947115370072424,0.00048146181028663193,0,-0.0012420887061266037,-0.0004721404764018833,0.00048146181028663193,09_P3_0
43471,95,2026-02-15 07:55:01.300000+00:00,124268.11262451464,426351.5480236202,7.196746051777956,0.0030766124109504744,-0.0011673897970467806,0.003075193532835918,0,0.0005827613277859383,-0.0032386312078253963,0.003075193532835918,08_P2_0
43472,113,2026-02-15 07:55:08.130000+00:00,124414.07890471732,426875.90998636454,7.342664732700627,0.001670103141805157,-0.00524577364558354,0.039314787575350785,0,0.004700758600885337,-0.0028653541179353044,0.039314787575350785,32_P7_0
43473,117,2026-02-15 07:55:16.920000+00:00,124377.68108479175,426815.9063102269,7.621401709652634,0.0010676476667867973,0.0006041883607394993,0.003966669480174545,0,0.0005622119722750101,0.0010903361013371146,0.003966669480174545,26_KW_0
43474,96,2026-02-15 07:55:17+00:00,124258.06510942124,426307.35137070116,9.308897493967738,0.004131224806769751,-0.001038875780068338,0.004351885791846755,0,0.00020958438098358639,-0.004254686319545789,0.004351885791846755,03_P1_0
43475,166,2026-02-15 07:55:18.020000+00:00,124091.0607895742,427154.2072921756,9.820119428795552,-0.011491261495393701,0.018264196056406945,-0.00973419026725253,0,0.020866660874558345,-0.0054965818731794475,-0.00973419026725253,907_GSL_1
43476,112,2026-02-15 07:55:23.310000+00:00,124413.95224330202,426875.8623751835,10.707720170576534,0.0015086772036738694,-0.004890881944447756,0.03845456365587019,0,0.0043876327787639325,-0.002635433872842678,0.03845456365587019,31_P7_0
43477,153,2026-02-15 07:55:31.450000+00:00,124370.27695115376,426819.4958940926,9.730038617747555,0.003112348887952976,-0.0032290046219713986,0.003958140634566121,0,0.0022972402076664655,-0.0038517364755828397,0.003958140634566121,29_KW_1
43478,116,2026-02-15 07:55:32.460000+00:00,124377.68837396346,426815.90077089146,10.0093514678314,0.0010140718950424343,0.00070932786911726,0.004291712554277183,0,0.0006695786875699701,0.0010407459898426046,0.004291712554277183,25_KW_0
43479,97,2026-02-15 07:55:32.600000+00:00,124257.99056477133,426307.39080979524,6.842289257421463,0.0026945624558720738,-0.0010429093963466585,0.0052270668253626695,0,0.0004933296395241829,-0.0028469198626498837,0.0052270668253626695,04_P1_0
43480,125,2026-02-15 07:55:33.440000+00:00,124339.65882739681,426609.5913642197,6.6745455786897665,0.0009618331823730841,0.00013037328608334064,0.0010296405606524672,0,0.0002685573918920622,0.0009327363998999055,0.0010296405606524672,17_P5_1
43481,161,2026-02-15 07:55:38.930000+00:00,124402.99172844313,426879.6400674474,6.587195421913062,0.0003246965352445841,-0.0074394395924173295,0.04557110108934026,0,0.006369154026912472,-0.0038580521342629626,0.04557110108934026,34a_P7_0
43482,115,2026-02-15 07:55:49.320000+00:00,124396.29034731207,426811.6348299896,7.651150607216099,0.0002565522590884939,0.000915653130505234,0.004878314443052645,0,0.0009172633143034888,-0.0002507343799330755,0.004878314443052645,24_KW_0
43483,146,2026-02-15 07:55:50.570000+00:00,124350.92499373498,426607.51305253076,11.378885160801854,-0.0012728399597108364,0.0011871339520439506,-0.0004363524222288362,0,0.0008915329859589979,-0.0014948503330030085,-0.0004363524222288362,13_P5_1
43484,114,2026-02-15 07:56:05.110000+00:00,124396.29963735401,426811.6306353125,9.994748533192881,0.0006167089886730537,0.0010965567198581994,0.0040644555426982976,0,0.001257587776526083,-3.5207966548735834e-05,0.0040644555426982976,23_KW_0
43485,148,2026-02-15 07:56:07.330000+00:00,124351.04121257282,426607.3989823833,8.014764678192467,9.415815293323249e-05,0.0005264885840006173,-0.0006917370199150952,0,0.0005344832489554228,-1.9586817833140855e-05,-0.0006917370199150952,14_P5_1
43486,150,2026-02-15 07:56:20.520000+00:00,124401.10330744761,426812.3226997038,9.185591220234226,0.00012681768566835672,0.001268114778213203,0.003577196990416809,0,0.0010913298771074856,-0.0006581769636302681,0.003577196990416809,27_KW_1
43487,168,2026-02-15 07:56:24.420000+00:00,124669.37224274543,426931.3131105153,13.792342063501467,-0.004489225917495787,0.00536994292633608,-0.008997956433761445,0,0.0017229548607259327,-0.00678386784351845,-0.008997956433761445,908_GSL_1
43488,119,2026-02-15 07:56:36.350000+00:00,124400.81465212748,426811.34404711815,3.988329851257403,0.0005007403960917145,0.000918236852157861,0.0047957221712202625,0,0.0010336832169903025,-0.00015937022259959177,0.0047957221712202625,28_KW_1
43489,169,2026-02-15 07:56:53.200000+00:00,124669.37540350993,426931.3110820731,13.811675540236989,-0.0036739383940584958,0.008922520151827484,-7.967263590380469e-05,0,0.0007927378767188135,-0.009616691522655804,-7.967263590380469e-05,908_GSL_1
43490,72,2026-02-15 07:57:35.830000+00:00,124390.52402129707,426780.88828107016,10.990861413101335,6.15942117292434e-05,0.001350138452835381,0.003776091534577475,0,-0.0001531850756239413,-0.0013428335791710567,0.003776091534577475,18_P6_1
43491,138,2026-02-15 08:00:19.860000+00:00,123928.08569517743,426940.43326256244,7.11714438308766,-0.000923701241845265,0.0015414103982038796,-0.0007916805102672342,0,0.0017842946227557006,0.00021321983745097327,-0.0007916805102672342,905_GSL_1
43492,130,2026-02-15 08:00:21.920000+00:00,124898.9386408917,426720.7604785394,4.126016873908082,0.00026789444382302463,-0.00919815938686952,0.035954141437887444,0,0.003796116998320697,0.008382565196546208,0.035954141437887444,901_GSL_1
43493,134,2026-02-15 08:00:23.070000+00:00,123855.61371922315,426533.0727533299,6.053311265301758,-0.0007429182587657124,-0.0015447320765815675,0.007468346403977755,0,0.00041997132175826163,-0.0016618510211592668,0.007468346403977755,904_GSL_1
43494,139,2026-02-15 08:00:23.720000+00:00,123928.08513779964,426940.43109088775,7.132819446505877,-0.0017321240447927266,-1.3124838005751371e-05,-0.0037823842333786217,0,0.0016306823423158534,-0.0005842097794295079,-0.0037823842333786217,905_GSL_1
43495,133,2026-02-15 08:00:35.860000+00:00,124806.22824098048,426258.5115139741,4.5862227944615945,0.006344886947772466,3.0160765163600445e-05,-0.0019343097229711503,0,0.003281852559671442,-0.005430280271620117,-0.0019343097229711503,903_GSL_1
43496,125,2026-02-15 08:00:37.860000+00:00,124339.65979491896,426609.5913304095,6.674306957611049,0.0019293553341412917,9.656307520344853e-05,0.0007910194819347183,0,0.0003754943695332673,0.0018949249091510239,0.0007910194819347183,17_P5_1
43497,137,2026-02-15 08:00:39.300000+00:00,123928.08526050688,426940.4307732394,7.135194661721384,-0.004138755000894889,-0.003055331646464765,0.012330970755853876,0,-5.2531906007634193e-05,-0.005144082505770369,0.012330970755853876,905_GSL_1
43498,143,2026-02-15 08:00:41.140000+00:00,124266.92052128803,427056.3160858793,7.106977053574303,0.000953859940636903,0.0018590032705105841,0.0014353153515251904,0,0.0013587610744173555,0.0015872965346050113,0.0014353153515251904,906_GSL_1
43499,132,2026-02-15 08:00:49.790000+00:00,124806.2104631254,426258.49544559594,4.628279874036406,-0.003671162368846126,-0.009696154505945742,0.04564769982608485,0,0.006559900738992706,0.00802873262951051,0.04564769982608485,903_GSL_1
43500,153,2026-02-15 08:00:53.300000+00:00,124370.27737234921,426819.49569280166,9.729718522167857,0.0035335443390067667,-0.0034302955609746277,0.003638045054868755,0,0.002380725047169476,-0.004311033690560641,0.003638045054868755,29_KW_1
43501,146,2026-02-15 08:00:54.470000+00:00,124350.92640332438,426607.51278391946,11.377796427323423,0.00013674944057129323,0.0009185226517729461,-0.0015250859006599171,0,0.0009266849440735207,-6.032649288680858e-05,-0.0015250859006599171,13_P5_1
43502,141,2026-02-15 08:00:55.610000+00:00,124266.91809577531,427056.3151951597,7.0905850995150335,-0.000532976133399643,0.0006768566672690213,0.006450399251935579,0,0.0006928906432443293,-0.0005119580679163287,0.006450399251935579,906_GSL_1
43503,152,2026-02-15 08:00:57.040000+00:00,124370.27639332534,426819.4999162142,9.732329551341508,0.0006216634792508557,0.0007461762870661914,0.003408600113628424,0,0.0005830332736838486,0.0007767346616391346,0.003408600113628424,29_KW_1
43504,135,2026-02-15 08:01:06.500000+00:00,123855.60964458396,426533.07329667866,6.060243887688904,-0.004005694267107174,-0.0033382426481693983,0.03904544057054693,0,0.005189013643883664,-0.000513408164311292,0.03904544057054693,904_GSL_1
43505,5,2026-02-15 08:01:06.700000+00:00,124424.61784143913,426919.13940107875,8.78104952580516,0.0006386616150848567,-0.006946690322365612,0.013223703798846742,11,-0.006972604913619043,0.0002171999355580504,0.013223703798846742,TS4
43506,136,2026-02-15 08:01:09.210000+00:00,123855.61302042322,426533.07429513766,6.023109827241754,-0.0027496885741129518,0.0001866115489974618,0.0008172848050156389,0,0.0021208652510327267,0.001759983440771088,0.0008172848050156389,904_GSL_1
43507,122,2026-02-15 08:01:12.190000+00:00,124329.15065026666,426611.3912718891,8.088888948820497,0.0010993636096827686,-0.0007670197519473732,0.005225110378098918,0,-0.0004630934163941078,0.0012579603069511256,0.005225110378098918,16_P5_1
43508,148,2026-02-15 08:01:12.810000+00:00,124351.04158458326,426607.39905770036,8.01562316965096,0.0004661685961764306,0.0006018056301400065,0.00016675443857749883,0,0.0006869474679408187,0.00032800358659473865,0.00016675443857749883,14_P5_1
43509,150,2026-02-15 08:01:14.720000+00:00,124401.10336308043,426812.32257426693,9.18543817770452,0.00018245050159748644,0.0011426779092289507,0.003424154460711648,0,0.0010242242302670544,-0.0005384846477912627,0.003424154460711648,27_KW_1
43510,120,2026-02-15 08:01:27.190000+00:00,124329.26234604651,426611.3300618163,11.3618569750787,0.0020942113478668034,-0.0011132737854495645,0.0038258084318272267,0,-0.0005440403672087807,0.002308488633229679,0.0038258084318272267,15_P5_1
43511,140,2026-02-15 08:01:28.690000+00:00,123928.08621410477,426940.43039358355,7.137722772485181,-0.0013096276961732656,-0.004045093373861164,0.0021490662828371754,0,0.0011770594633234797,-0.004085637786887163,0.0021490662828371754,905_GSL_1
43512,128,2026-02-15 08:01:30.440000+00:00,124898.94014458341,426720.77438113326,4.074239064973873,-0.00015681609511375427,0.005117098451592028,-0.007152866029806582,0,0.002070585788684732,-0.004682089527408578,-0.007152866029806582,901_GSL_1
43513,129,2026-02-15 08:01:31.230000+00:00,124898.94098760038,426720.77391441,4.084526981198779,0.0013159015943529084,0.0014117398532107472,-0.007157764046834103,0,0.0011395880869950572,-0.0015575446738835372,-0.007157764046834103,901_GSL_1
43514,124,2026-02-15 08:01:45.090000+00:00,124339.65897136928,426609.58977361344,6.678589525646406,0.0012056460545863956,-0.0004682905855588615,0.004159329813212764,0,-6.785883987073592e-05,0.0012916166843588703,0.004159329813212764,17_P5_1
43515,154,2026-02-15 08:01:45.290000+00:00,124285.66673822574,426445.562458835,7.895899525817346,0.002113225738867186,-0.0013661650009453297,-0.005700474182653181,11,-0.0025005992520367648,0.0002813062635845294,-0.005700474182653181,TS1-1
43516,145,2026-02-15 08:01:46+00:00,124266.91955271982,427056.3133052905,7.111329400307061,0.0012289669830352068,-0.001441317144781351,0.0033624640154146235,0,-0.0018876641301180173,-0.00015645794673685865,0.0033624640154146235,906_GSL_1
43517,6,2026-02-15 08:01:46.200000+00:00,124399.04048667796,426925.07484843273,8.556182322601792,0.0013159335794625804,-0.000600782164838165,0.008875626780234569,11,-0.0007376406558059298,0.0012443900747141263,0.008875626780234569,TS5
43518,131,2026-02-15 08:01:47.660000+00:00,124806.2145258192,426258.49442660273,4.612548935256006,-0.004018676947453059,-0.011857461766339839,0.0010444624834438088,0,0.0003569230761614303,0.012514861959522573,0.0010444624834438088,903_GSL_1
43519,3,2026-02-15 08:01:47.860000+00:00,124314.90419609149,426440.7942216163,7.048780523766299,-0.0030432604398811236,-0.0018556672730483115,-0.029648571724785633,11,-0.0034409342686564626,0.0009300034903126005,-0.029648571724785633,TS2
43520,149,2026-02-15 08:01:48.250000+00:00,124351.04152622448,426607.3976036262,8.014601065632133,0.00021453241060953587,0.0008711607079021633,0.0023752216643355695,0,-0.0008940614347670543,-7.482837066790344e-05,0.0023752216643355695,14_P5_1
43521,147,2026-02-15 08:02:03.340000+00:00,124350.92764226132,426607.51085336733,11.375178448244897,0.0011349157284712419,0.0008606272167526186,0.0009588065724539518,0,-0.0010291632824539977,-0.0009846501180598522,0.0009588065724539518,13_P5_1
43522,126,2026-02-15 08:02:19.340000+00:00,124339.65854512675,426609.5890668944,6.67064704234064,0.0017245226044906303,0.0005767333204858005,-1.0146794817700311e-05,0,-0.0009442485356649144,-0.001554025173300738,-1.0146794817700311e-05,17_P5_1
43523,121,2026-02-15 08:02:35.040000+00:00,124329.26117477407,426611.3278919548,11.355536410789428,0.0016320043650921434,0.0001754622207954526,0.0012368887153062502,0,-0.0006230813905182123,-0.001518550236046267,0.0012368887153062502,15_P5_1
43524,123,2026-02-15 08:02:50.720000+00:00,124329.15171823656,426611.3907392083,8.08016735794427,0.001961624438990839,0.00046118866885080934,0.002051712890203561,0,-0.0009905186053017782,-0.001754861339386541,0.002051712890203561,16_P5_1
43525,4,2026-02-15 08:02:50.920000+00:00,124378.97109905069,426782.74180660927,7.761585700433547,-0.0007189225143520162,0.0006237018387764692,0.0065099954612808375,11,-0.000891584510912902,-0.00033306249448950996,0.0065099954612808375,TS3
43526,68,2026-02-15 08:06:20.380000+00:00,123928.09054334783,426940.43695260416,7.117951860132161,-0.018407014023978263,-0.010782401077449322,-0.0008614209080652913,0,0.0027414868471229733,-0.021155675081191913,-0.0008614209080652913,905_GSL_1
43527,66,2026-02-15 08:06:21.070000+00:00,124898.94132767472,426720.76757719193,4.125203468017643,0.003722011038917117,-0.006627962866332382,0.042916937613878936,0,0.005991072812064768,0.004678707566394827,0.042916937613878936,901_GSL_1
43528,68,2026-02-15 08:06:22.220000+00:00,123928.08545678273,426940.4312489196,7.133635609709435,-0.023493579123169184,-0.016486085660289973,0.01482232866920885,0,0.016732825337842826,-0.023318487014132687,0.01482232866920885,905_GSL_1
43529,67,2026-02-15 08:06:23.590000+00:00,123855.61455785263,426533.07499350613,6.051971595166723,-0.0034366215113550425,-0.01610919856466353,0.0075634468291472245,0,0.00015471349187151526,-0.016470965653036216,0.0075634468291472245,904_GSL_1
43530,71,2026-02-15 08:06:27.160000+00:00,124806.21729112716,426258.5060686975,4.587574639181209,-0.010470808323589154,-0.009037434589117765,-0.003929023968058054,0,0.0022537832939067606,0.013646739968433226,-0.003929023968058054,903_GSL_1
43531,71,2026-02-15 08:06:39.020000+00:00,124806.22912578777,426258.5065228941,4.619110505530483,0.0013638522796100006,-0.008583237999118865,0.027606842381215912,0,0.00811452790020637,0.0031123149819527914,0.027606842381215912,903_GSL_1
43532,68,2026-02-15 08:06:40.410000+00:00,123928.08758924562,426940.43197723787,7.131408910620988,-0.0213611162325833,-0.01575776736717671,0.01259562958076188,0,-0.0002628060517708524,-0.02654308670970928,0.01259562958076188,905_GSL_1
43533,69,2026-02-15 08:06:42.820000+00:00,124266.9199664971,427056.3158620901,7.108425448563814,-0.02263069956097752,0.0010237060487270355,0.017924077636381597,0,0.009523408130475882,-0.020554834815045685,0.017924077636381597,906_GSL_1
43534,67,2026-02-15 08:06:43.500000+00:00,123855.61152620209,426533.07975204417,6.032309465023285,-0.006468272054917179,-0.01135066052665934,-0.012098683314290426,0,0.011886198949684268,-0.00542165217405263,-0.012098683314290426,904_GSL_1
43535,67,2026-02-15 08:06:55.800000+00:00,123855.61525099288,426533.0658758422,6.057054519882655,-0.002743481265497394,-0.025226862519048154,0.012646371545079305,0,0.016433716597494295,-0.01933531072422505,0.012646371545079305,904_GSL_1
43536,69,2026-02-15 08:06:56.490000+00:00,124266.92077405556,427056.31520355423,7.09339894400836,-0.021823141098138876,0.0003651701845228672,0.002897573080927529,0,0.0010337274540855946,-0.02180170278220516,0.002897573080927529,906_GSL_1
43537,66,2026-02-15 08:06:59.300000+00:00,124898.94146482633,426720.7711753896,4.075272589596548,0.0038591626507695764,-0.0030297652119770646,-0.007013940807216734,0,0.002170238731354464,0.004400304245586918,-0.007013940807216734,901_GSL_1
43538,66,2026-02-15 08:07:00.590000+00:00,124898.94103615278,426720.77433807997,4.0842525890369155,0.003430489101447165,0.00013292516814544797,0.0019660586331511354,0,0.003390654099693961,-0.0005379492092222172,0.0019660586331511354,901_GSL_1
43539,68,2026-02-15 08:07:02.350000+00:00,123928.08747752072,426940.43415038934,7.1463202538310995,-0.02147284113743808,-0.013584615895524621,0.02750697279087344,0,0.02101819523678662,-0.01427796079735876,0.02750697279087344,905_GSL_1
43540,66,2026-02-15 08:07:14.590000+00:00,124898.94281184924,426720.76874965266,4.083083195204971,0.005206185553106479,-0.005455502134282142,0.000796664801206326,0,0.0025162194436581784,0.007108833326354483,0.000796664801206326,901_GSL_1
43541,71,2026-02-15 08:07:16.520000+00:00,124806.21627007477,426258.4995798,4.610971787606417,-0.011491860714158975,-0.01552633207757026,0.019468124457149294,0,-0.005373743781048573,0.01855404883663561,0.019468124457149294,903_GSL_1
43542,69,2026-02-15 08:07:19.720000+00:00,124266.92103544844,427056.31551716296,7.119372787062277,-0.021561748217209242,0.0006787789170630276,0.028871416134844452,0,0.015774449967333178,-0.01471517771651697,0.028871416134844452,906_GSL_1
43543,149,2026-02-15 08:07:37.010000+00:00,124351.04092585637,426607.3975481347,8.015125225163807,-0.0003858356940327212,0.000815669191069901,0.0028993811960091875,0,-0.0007448230210391154,0.0005093369016481172,0.0028993811960091875,14_P5_1
43544,147,2026-02-15 08:07:52.090000+00:00,124350.92688786788,426607.5108667585,11.374885473512785,0.0003805222950177267,0.000874018354807049,0.0006658318403420793,0,-0.0009231695797625875,-0.0002376199245563089,0.0006658318403420793,13_P5_1
43545,164,2026-02-15 08:07:52.590000+00:00,124091.06458573413,427154.20708681963,9.83691911584908,-0.030742717237444595,0.012355878192465752,0.02228558421968252,0,0.02005476987293511,-0.02637401361932116,0.02228558421968252,907_GSL_1
43546,110,2026-02-15 08:07:55.200000+00:00,124434.14095228803,426963.92781836353,8.78953370953362,0.0008664455526741222,-0.004268209915608168,0.038473349275831126,0,-0.003994748242073121,0.0017350303345758402,0.038473349275831126,35_P9_0
43547,126,2026-02-15 08:08:07+00:00,124339.65819322238,426609.5891915642,6.671682620328336,0.001372618236928247,0.000701403128914535,0.0010254311928781235,0,-0.0009879083456033316,-0.0011832515684698658,0.0010254311928781235,17_P5_1
43548,122,2026-02-15 08:08:09.990000+00:00,124329.15147223994,426611.3912299826,8.088459953103538,0.0019213368941564113,-0.0008089262410067022,0.0047961146611399386,0,-0.0002951471715480106,0.0020636824541006905,0.0047961146611399386,16_P5_1
43549,111,2026-02-15 08:08:11+00:00,124434.26219036075,426963.97135900037,6.506689554721278,0.0004996014322387055,-0.006704778992570937,0.04539704510650999,0,-0.0064498306165381766,0.0018982486529120137,0.04539704510650999,36_P9_0
43550,107,2026-02-15 08:08:19.820000+00:00,124409.92306865266,426969.52483425674,6.29718641915462,0.002251145357149653,0.0004232036299072206,0.008106095724587092,0,0.0009463000304719092,0.0020859705136247616,0.008106095724587092,38_P9_0
43551,121,2026-02-15 08:08:23.290000+00:00,124329.26119679565,426611.3282305023,11.35460458295994,0.0016540259384782985,0.0005140097346156836,0.0003050608858181647,0,-0.0009543653890950141,-0.0014454046203524545,0.0003050608858181647,15_P5_1
43552,120,2026-02-15 08:08:25.690000+00:00,124329.2624810652,426611.3301965165,11.362112191871088,0.0022292300418484956,-0.0009785736328922212,0.00408102522421494,0,-0.00037943431253439897,0.0024048082120916156,0.00408102522421494,15_P5_1
43553,106,2026-02-15 08:08:34.660000+00:00,124410.03475433434,426969.44997946126,8.932257022719483,0.0025505161174805835,0.0004181203548796475,0.008369798380952531,0,0.0010190905069130344,0.002375165601681838,0.008369798380952531,37_P9_0
43554,123,2026-02-15 08:08:39.090000+00:00,124329.15139578281,426611.3908321032,8.079711788825616,0.0016391706885769963,0.0005540835554711521,0.0015961437715503735,0,-0.0009896932159437944,-0.0014192943567309661,0.0015961437715503735,16_P5_1
43555,102,2026-02-15 08:08:39.480000+00:00,124282.39436129144,426301.79412510345,6.903852090159257,0.0010723456216510385,0.0005672388360835612,0.0005541063925207368,0,-0.0007965453839676831,-0.0009149866013857045,0.0005541063925207368,02_P1_0
43556,124,2026-02-15 08:08:42.890000+00:00,124339.65935089187,426609.5899518867,6.678965570631293,0.0015851686475798488,-0.0002900173421949148,0.004535374798099845,0,0.00022013469471239796,0.001596374146692375,0.004535374798099845,17_P5_1
43557,160,2026-02-15 08:08:51.270000+00:00,124421.81314192193,426965.61786578863,5.603849357684696,0.001935761290951632,-0.0007722500013187528,0.011668127797357819,0,0.0002745930048717361,0.002065947850687198,0.011668127797357819,38a_P9_0
43558,118,2026-02-15 08:08:55.010000+00:00,124372.2615680363,426775.112829506,6.169596874504296,0.0015406743041239679,0.00016500719357281923,0.004064805513934289,0,-0.0011414695277209982,-0.0010478320488527977,0.004064805513934289,22_P6_1
43559,170,2026-02-15 08:08:58.890000+00:00,124669.37388129742,426931.3110748294,13.798821241278375,-0.014165519052767195,0.012577857705764472,0.012631110606987406,0,0.0010886739886278507,-0.01891240924491785,0.012631110606987406,908_GSL_1
43560,103,2026-02-15 08:09:00+00:00,124282.31384166867,426301.79795801465,9.298622916545945,0.002123261510860175,0.000513861421495676,0.000671430754831448,0,-0.0009849992566393392,-0.0019498896041626917,0.000671430754831448,01_P1_0
43561,162,2026-02-15 08:09:08.370000+00:00,124402.99758008971,426879.64641847514,6.55581680343079,0.0021519613947020844,-0.001315112749580294,0.011143760140223335,0,0.0014968032783990134,-0.002029788002272835,0.011143760140223335,34a_P7_0
43562,74,2026-02-15 08:09:11.620000+00:00,124369.34699847066,426785.72557160724,7.233968317071646,0.0006852613587398082,-0.000894689466804266,0.00391448231457403,0,-0.0009195295487245678,-0.000651550290319038,0.00391448231457403,21_P6_1
43563,100,2026-02-15 08:09:16.080000+00:00,124292.48556513003,426345.930675928,7.58801879582974,0.001841856719693169,0.00044094829354435205,-0.0004807731393583481,0,-0.0008527460153916147,-0.0016910635135003892,-0.0004807731393583481,06_P2_0
43564,92,2026-02-15 08:09:16.210000+00:00,124278.3179422416,426395.6375305152,11.104926310814088,0.003966439020587131,-0.0007601099787279963,0.003137327586868466,0,0.00017406068046564525,-0.004034861653553181,0.003137327586868466,11_P3_0
43565,104,2026-02-15 08:09:24.620000+00:00,124389.81839844125,426881.4451199272,10.733917640910295,0.001302230972214602,0.0007803590269759297,0.008005772850088633,0,-0.001032822031694201,-0.0011126744208549372,0.008005772850088633,33_P7_0
43566,73,2026-02-15 08:09:28.300000+00:00,124369.49047960968,426785.69618535804,11.4100044108613,0.0011400452494854107,-0.0002812961465679109,0.003949794798224104,0,-0.001172109039012802,7.064767237987369e-05,0.003949794798224104,20_P6_1
43567,93,2026-02-15 08:09:31.190000+00:00,124278.27173829202,426395.79038153234,7.952277295127239,0.0036147123464616016,-0.0009685701807029545,0.0035517748477209565,0,0.0004265459899730325,-0.003717839703516925,0.0035517748477209565,12_P3_0
43568,101,2026-02-15 08:09:31.650000+00:00,124292.40677772203,426345.88388724154,10.215804278866571,0.0014588511985493824,0.0004937156336382031,0.0001857812662873215,0,-0.0008168865210135784,-0.001305640975993812,0.0001857812662873215,05_P2_0
43569,105,2026-02-15 08:09:40.490000+00:00,124389.68936524642,426881.4729459359,7.0706026894339065,0.0006798090616939589,0.0009927217615768313,0.00830679271111645,0,-0.0011132088445433078,-0.00045651169174510905,0.00830679271111645,34_P7_0
43570,165,2026-02-15 08:09:45.020000+00:00,124091.0655411334,427154.207031802,9.85201290615434,-0.01823949375830125,0.010880008339881897,0.0012774124283190247,0,0.01977284513453494,-0.0077516649386249895,0.0012774124283190247,907_GSL_1
43571,98,2026-02-15 08:09:46.960000+00:00,124302.6622148136,426390.07888447715,7.979737586854013,0.0013691800413653255,0.0009724685805849731,0.0006867917231421217,0,-0.001266591172442765,-0.001102767395141953,0.0006867917231421217,10_P3_0
43572,94,2026-02-15 08:09:47.290000+00:00,124268.22772618342,426351.55516339856,10.217324889953584,0.003503684332827106,-0.00080962193896994,0.0028309506626236214,0,0.0001568506382064884,-0.0035925881291144113,0.0028309506626236214,07_P2_0
43573,152,2026-02-15 08:10:01.420000+00:00,124370.27641193698,426819.4998155878,9.73236921346486,0.0006402751168934628,0.0006455499096773565,0.0034482622369811367,0,0.0004808249615117722,0.0007716827506071283,0.0034482622369811367,29_KW_1
43574,99,2026-02-15 08:10:02.110000+00:00,124302.53929459314,426390.1358008281,11.088244052223967,0.001214301970321685,0.0009845361346378922,0.0004888494745998173,0,-0.0012443919386756232,-0.0009462184623510432,0.0004888494745998173,09_P3_0
43575,95,2026-02-15 08:10:02.470000+00:00,124268.11295220253,426351.5481735663,7.1966932086649535,0.0034043002960970625,-0.0010174437193199992,0.0030223504198332307,0,0.0003751962665716181,-0.003533225154096605,0.0030223504198332307,08_P2_0
43576,113,2026-02-15 08:10:03.100000+00:00,124414.07945133494,426875.91012522724,7.342132972793521,0.0022167207644088194,-0.005106910946778953,0.03878302766824415,0,0.004436339768445829,-0.0033635219375823806,0.03878302766824415,32_P7_0
43577,96,2026-02-15 08:10:18.090000+00:00,124258.06555587307,426307.3513550705,9.309360557649821,0.004577676634653471,-0.001054506457876414,0.004814949473930241,0,0.00013745665471992267,-0.004695552460491588,0.004814949473930241,03_P1_0
43578,112,2026-02-15 08:10:18.410000+00:00,124413.95273346998,426875.8626732448,10.707307654174771,0.001998845167690888,-0.004592820652760565,0.0380420472541072,0,0.0039809084266204465,-0.0030400249426094385,0.0380420472541072,31_P7_0
43579,117,2026-02-15 08:10:19.720000+00:00,124377.6810424301,426815.90638264007,7.621334412486603,0.0010252860083710402,0.0006766015430912375,0.003899372314143612,0,0.0006362177644632295,0.001050822536519024,0.003899372314143612,26_KW_0
43580,166,2026-02-15 08:10:19.910000+00:00,124091.05760859133,427154.20681824547,9.825072132344085,-0.014672244360554032,0.01779026590520516,-0.004781486718719918,0,0.021366742859358696,-0.008673558389482318,-0.004781486718719918,907_GSL_1
43581,161,2026-02-15 08:10:33.880000+00:00,124402.99196612602,426879.6402449981,6.586890251609532,0.0005623794277198613,-0.007261888880748302,0.04526593078580987,0,0.006099262450161146,-0.003981243310966134,0.04526593078580987,34a_P7_0
43582,97,2026-02-15 08:10:34.020000+00:00,124257.99122540408,426307.39080032264,6.842170745380892,0.003355195207404904,-0.0010523819946683943,0.005108554784792219,0,0.0003728488068787133,-0.0034965449388938484,0.005108554784792219,04_P1_0
43583,116,2026-02-15 08:10:35.100000+00:00,124377.68840765124,426815.90075176995,10.009273106829305,0.001047759666107595,0.0006902063614688814,0.004213351552181166,0,0.0006491686346272339,0.0010736690473093764,0.004213351552181166,25_KW_0
43584,125,2026-02-15 08:10:35.830000+00:00,124339.65789500528,426609.59160908294,6.674321903618647,2.944165316876024e-05,0.00037523650098592043,0.0008059654895333779,0,0.0003755373048220328,-2.5317490011252106e-05,0.0008059654895333779,17_P5_1
43585,115,2026-02-15 08:10:51.420000+00:00,124396.29043379283,426811.6349240696,7.651312591449264,0.0003430330252740532,0.0010097331833094358,0.0050402986762172475,0,0.0010424197832911179,-0.00022493055218928085,0.0050402986762172475,24_KW_0
43586,146,2026-02-15 08:10:52.900000+00:00,124350.92355384963,426607.51337661594,11.378680180973515,-0.002712725312449038,0.0015112191322259605,-0.0006413322505682828,0,0.0009042051033284203,-0.002970702781754236,-0.0006413322505682828,13_P5_1
43587,114,2026-02-15 08:11:07.630000+00:00,124396.2996265611,426811.6305486314,9.99481510459114,0.0006059160805307329,0.001009875617455691,0.004131026940957128,0,0.001177702442766443,1.2521657978554228e-07,0.004131026940957128,23_KW_0
43588,148,2026-02-15 08:11:10.150000+00:00,124351.03963435644,426607.39948467043,8.014944335666396,-0.0014840582298347726,0.0010287757031619549,-0.0005120795459863103,0,0.0006908048285044501,-0.0016684115097516051,-0.0005120795459863103,14_P5_1
43589,153,2026-02-15 08:11:17.750000+00:00,124370.2783889073,426819.497859312,9.737309122940914,0.0045501024287659675,-0.0012637852341867983,0.011228645827925376,0,2.315610272311861e-05,-0.00472229277208828,0.011228645827925376,29_KW_1
43590,150,2026-02-15 08:11:23.220000+00:00,124401.10323206567,426812.32267707435,9.185339093473644,5.1435737987048924e-05,0.0012454853276722133,0.003325070229834637,0,0.0010280502043835944,-0.0007049766761077154,0.003325070229834637,27_KW_1
43591,168,2026-02-15 08:11:27.710000+00:00,124669.36762554743,426931.316845373,13.790353007816037,-0.009106423924094997,0.009104800643399358,-0.010987012119191064,0,0.0020456986996834443,-0.012713751148716439,-0.010987012119191064,908_GSL_1
43592,119,2026-02-15 08:11:39.200000+00:00,124400.81473486424,426811.34406628046,3.988220743402133,0.0005834771582158282,0.0009373991633765399,0.004686614315950077,0,0.0010991296015096198,-0.00010524687522183438,0.004686614315950077,28_KW_1
43593,169,2026-02-15 08:11:56.510000+00:00,124669.37575613435,426931.31036588305,13.811725704714283,-0.0033213139686267823,0.008206330123357475,-2.9508158609914403e-05,0,0.0007804984878476677,-0.008818492086643112,-2.9508158609914403e-05,908_GSL_1
43594,72,2026-02-15 08:12:39.140000+00:00,124390.52413403089,426780.88822034094,10.990832503041375,0.00017432802997063845,0.0012894092360511422,0.0037471814746172782,0,-3.2250630397836476e-05,-0.0013007406877953715,0.0037471814746172782,18_P6_1
43595,138,2026-02-15 08:15:19.760000+00:00,123928.07884297874,426940.4273256838,7.113870362507811,-0.007775899939588271,-0.004395468218717724,-0.0040657010901163915,0,0.0012846073821137314,-0.008839374672795884,-0.0040657010901163915,905_GSL_1
43596,130,2026-02-15 08:15:21.910000+00:00,124898.93630833307,426720.75506069424,4.125072478015772,-0.0020646641933126375,-0.014616004540584981,0.035009745545577786,0,0.0037345750314216504,0.014280874493399558,0.035009745545577786,901_GSL_1
43597,134,2026-02-15 08:15:23.690000+00:00,123855.61452018614,426533.0730587402,6.052235354670898,5.8044723118655384e-05,-0.0012393217766657472,0.0063924357731171,0,-0.0003040053738074244,-0.0012028584242112924,0.0063924357731171,904_GSL_1
43598,139,2026-02-15 08:15:23.920000+00:00,123928.0854162434,426940.4308238869,7.132069468409406,-0.001453680291888304,-0.0002801257069222629,-0.004532362329849882,0,0.0012797049324822186,-0.000744319883171102,-0.004532362329849882,905_GSL_1
43599,133,2026-02-15 08:15:23.970000+00:00,124806.2237568566,426258.5101728285,4.5911549892660455,0.0018607630772748962,-0.0013109848368912935,0.002997885081479801,0,0.0020887735700873935,-0.000904513927594704,0.002997885081479801,903_GSL_1
43600,125,2026-02-15 08:15:37.260000+00:00,124339.6579833673,426609.5915956368,6.674099739829321,0.00011780367640312761,0.0003617903566919267,0.0005838017002073315,0,0.0003750549681940748,6.406043398468275e-05,0.0005838017002073315,17_P5_1
43601,137,2026-02-15 08:15:40.190000+00:00,123928.0838555597,426940.42946747213,7.133389393169372,-0.005543702180148102,-0.004361098923254758,0.01052570220384208,0,-0.0002880739876672059,-0.0070476117272606715,0.01052570220384208,905_GSL_1
43602,132,2026-02-15 08:15:41.420000+00:00,124806.2173793167,426258.4999329412,4.62479215098307,0.003245028929086402,-0.005208809219766408,0.04215997677274874,0,0.006133517259687005,-0.000204627133227234,0.04215997677274874,903_GSL_1
43603,143,2026-02-15 08:15:42.290000+00:00,124266.92080458761,427056.316041655,7.1077487013937395,0.0012371595221338794,0.0018147790106013417,0.0022069631709618065,0,0.00121045914213358,0.001832696157509736,0.0022069631709618065,906_GSL_1
43604,153,2026-02-15 08:15:42.560000+00:00,124370.27838109522,426819.49791417766,9.737390724749151,0.004542290349490941,-0.0012089195661246777,0.011310247636162174,0,-2.7725992112164035e-05,-0.00470033183996609,0.011310247636162174,29_KW_1
43605,146,2026-02-15 08:15:54.130000+00:00,124350.92477244911,426607.5129763731,11.378043321026166,-0.001494125826866366,0.001110976270865649,-0.0012781921979172495,0,0.0007703577853196792,-0.0016950602182615826,-0.0012781921979172495,13_P5_1
43606,141,2026-02-15 08:15:56.090000+00:00,124266.91876855402,427056.3147894884,7.091614615962257,0.00013980257790535688,0.0002711853594519198,0.007479915699159179,0,0.0002667682161897825,0.00014805734970264656,0.007479915699159179,906_GSL_1
43607,135,2026-02-15 08:15:57.970000+00:00,123855.60843254245,426533.0765340809,6.059109797733349,-0.00521773578657303,-0.00010084040695801377,0.03791135061499151,0,0.0043743337291494095,0.002846074481138215,0.03791135061499151,904_GSL_1
43608,152,2026-02-15 08:15:58.020000+00:00,124370.27644281765,426819.4998721792,9.732409455203241,0.0006711557798553258,0.0007021412602625787,0.003488503975361823,0,0.0005287879352670341,0.0008147611611462342,0.003488503975361823,29_KW_1
43609,5,2026-02-15 08:15:58.170000+00:00,124424.61761487095,426919.13985934324,8.783126188669788,0.0004120934318052605,-0.006488425831776112,0.015300366663474563,11,-0.006498904451961289,-0.00018366190479872336,0.015300366663474563,TS4
43610,136,2026-02-15 08:15:58.300000+00:00,123855.61561786033,426533.0745022857,6.033058009365247,-0.0001522514648968354,0.0003937595756724477,0.010765466928508438,0,-0.00010688187118477296,0.00040841569216794294,0.010765466928508438,904_GSL_1
43611,122,2026-02-15 08:16:12.390000+00:00,124329.1509909262,426611.3914594855,8.088536727048346,0.001440023144823499,-0.0005794233293272555,0.004872888605948589,0,-0.00019522927640037334,0.0015398972634017593,0.004872888605948589,16_P5_1
43612,148,2026-02-15 08:16:12.520000+00:00,124351.03891993641,426607.3994805283,8.015907037064558,-0.002198478250647895,0.0010246335878036916,0.0004506218521758143,0,0.0005353139826011101,-0.002365717554540067,0.0004506218521758143,14_P5_1
43613,150,2026-02-15 08:16:14.420000+00:00,124401.10339108852,426812.3226189983,9.18537196952945,0.00021045858738943934,0.0011874092742800713,0.0033579462856412334,0,0.001076819168699585,-0.0005428573289303722,0.0033579462856412334,27_KW_1
43614,140,2026-02-15 08:16:18.200000+00:00,123928.08752364253,426940.4322529664,7.143668143831212,0.0,-0.002185710531193763,0.008094437628868079,0,-7.115667568149401e-05,-0.002184551959044425,0.008094437628868079,905_GSL_1
43615,120,2026-02-15 08:16:27.320000+00:00,124329.26226639698,426611.3302661946,11.361479805531031,0.0020145618182141334,-0.000908895512111485,0.0034486388841585836,0,-0.00036664407325572344,0.002179477573844036,0.0034486388841585836,15_P5_1
43616,128,2026-02-15 08:16:30.980000+00:00,124898.93705665946,426720.779913806,4.07580953803398,-0.0032447400444652885,0.010649771196767688,-0.0055823929696998675,0,0.0016777112910895309,-0.0110059642614089,-0.0055823929696998675,901_GSL_1
43617,129,2026-02-15 08:16:31.620000+00:00,124898.94063968751,426720.77409060183,4.082201940451249,0.0009679887298261747,0.0015879317070357502,-0.009482804794364696,0,0.0007732692826248967,-0.001691326078504302,-0.009482804794364696,901_GSL_1
43618,145,2026-02-15 08:16:35.410000+00:00,124266.91996458464,427056.31430424616,7.1200146301721565,0.0016408318042522296,-0.0004423614591360092,0.012047693880510302,0,-0.0014758707533134797,0.0008425070859574226,0.012047693880510302,906_GSL_1
43619,6,2026-02-15 08:16:35.610000+00:00,124399.04032284977,426925.0744404064,8.556074684094629,0.0011521053966134787,-0.0010088084964081645,0.008767988273071126,11,-0.0014670151619359873,-0.00043921286636565106,0.008767988273071126,TS5
43620,124,2026-02-15 08:16:46.010000+00:00,124339.6589430437,426609.5899299289,6.6791962309482,0.0011773204751079902,-0.00031197513453662395,0.00476603511500695,0,7.176156058514272e-05,0.0012158380912358493,0.00476603511500695,17_P5_1
43621,154,2026-02-15 08:16:46.210000+00:00,124285.66649716486,426445.5622688492,7.896358118569319,0.0018721648521022871,-0.0015561508480459452,-0.005241881430680273,11,-0.0024170770130856217,-0.000290422809252961,-0.005241881430680273,TS1-1
43622,131,2026-02-15 08:16:48.580000+00:00,124806.2157192992,426258.49810702744,4.610099806906142,-0.0028251969488337636,-0.008177037059795111,-0.001404665866420629,0,0.00019562969481129724,0.008649127233395882,-0.001404665866420629,903_GSL_1
43623,3,2026-02-15 08:16:48.780000+00:00,124314.90421062606,426440.79420721513,7.048352718579527,-0.003028725870535709,-0.0018700684304349124,-0.03007637691155729,11,-0.0034310098917351836,0.0009478963319777694,-0.03007637691155729,TS2
43624,149,2026-02-15 08:16:49.020000+00:00,124351.04149172836,426607.3976109401,8.01584027471421,0.0001800362952053547,0.0008784746169112623,0.0036144307464116565,0,-0.0008958580641049,-3.96112247586399e-05,0.0036144307464116565,14_P5_1
43625,147,2026-02-15 08:17:04.490000+00:00,124350.92732623318,426607.51106008724,11.375382182960612,0.0008188875945052132,0.0010673471260815859,0.001162541288168839,0,-0.0011833437903760147,-0.0006399251938841616,0.001162541288168839,13_P5_1
43626,126,2026-02-15 08:17:19.900000+00:00,124339.65796458288,426609.5892475639,6.67103088908148,0.001143978734035045,0.0007574028568342328,0.00037369994602176604,0,-0.0009918947214476604,-0.0009478878061402359,0.00037369994602176604,17_P5_1
43627,121,2026-02-15 08:17:36.020000+00:00,124329.26121625384,426611.32806974853,11.354656939424657,0.0016734841337893158,0.0003532559494487941,0.00035741735053562707,0,-0.0008053927390539265,-0.0015088676044453866,0.00035741735053562707,15_P5_1
43628,123,2026-02-15 08:17:53.600000+00:00,124329.15165953847,426611.39091221004,8.080021892934736,0.001902926349430345,0.0006341903936117887,0.0019062478806706196,0,-0.0011402529836913376,-0.0016501967397521962,0.0019062478806706196,16_P5_1
43629,4,2026-02-15 08:17:53.800000+00:00,124378.97109588879,426782.7417199233,7.761519564644329,-0.0007220844127004966,0.0005370158469304442,0.00644385967206329,11,-0.000864246282079499,-0.00025073947202466234,0.00644385967206329,TS3
43630,68,2026-02-15 08:21:21.270000+00:00,123928.08103174836,426940.42913179647,7.118202243639037,-0.027918613501242362,-0.018603208765853196,-0.0006110374011889519,0,0.0023796775478988038,-0.033464391388245744,-0.0006110374011889519,905_GSL_1
43631,66,2026-02-15 08:21:21.880000+00:00,124898.939515802,426720.7648670707,4.128378785476947,0.0019101383222732693,-0.009338084084447473,0.04609225507318282,0,0.005365138347593472,0.007878053902431117,0.04609225507318282,901_GSL_1
43632,68,2026-02-15 08:21:22.820000+00:00,123928.08630818204,426940.43227328,7.1309284443474645,-0.022642179814283736,-0.015461725241038948,0.012115163307238497,0,0.016267414450676126,-0.022070443612706842,0.012115163307238497,905_GSL_1
43633,67,2026-02-15 08:21:24.330000+00:00,123855.61457021197,426533.0757977471,6.052412339698851,-0.0034242621768498793,-0.015304957574699074,0.008004191361274948,0,0.00030299420697536887,-0.015680417479444948,0.008004191361274948,904_GSL_1
43634,71,2026-02-15 08:21:37.090000+00:00,124806.22045226817,426258.50684455846,4.581697169596513,-0.007309667314984836,-0.008261573617346585,-0.009806493552754425,0,0.0032395790975177506,0.010544665104284763,-0.009806493552754425,903_GSL_1
43635,71,2026-02-15 08:21:39.280000+00:00,124806.22677236598,426258.50587576686,4.619967421791408,-0.0009895695111481473,-0.009230365219991654,0.02846375864214057,0,0.007497714241598236,0.005473862536012442,0.02846375864214057,903_GSL_1
43636,68,2026-02-15 08:21:40.890000+00:00,123928.08740418877,426940.43139615277,7.132020608901857,-0.021546173084061593,-0.016338852467015386,0.013207327861630702,0,-0.0006254526539570466,-0.027033395707622327,0.013207327861630702,905_GSL_1
43637,69,2026-02-15 08:21:41.520000+00:00,124266.92104569422,427056.31630236364,7.109409947830882,-0.021551502431975678,0.0014639795990660787,0.01890857690344916,0,0.009521917741799876,-0.019389264448666742,0.01890857690344916,906_GSL_1
43638,67,2026-02-15 08:21:54.340000+00:00,123855.61123184739,426533.0768595615,6.023872548010933,-0.006762626755516976,-0.014243143203202635,-0.020535600326642367,0,0.01381704830956391,-0.0075953554855943805,-0.020535600326642367,904_GSL_1
43639,67,2026-02-15 08:21:56.210000+00:00,123855.62182639822,426533.05693542183,6.058754700496866,0.0038319240702548996,-0.03416728286538273,0.014346552159290482,0,0.01601202513236616,-0.030425349819578902,0.014346552159290482,904_GSL_1
43640,69,2026-02-15 08:21:56.870000+00:00,124266.92100851284,427056.31462599046,7.0923444562366935,-0.02158868381229695,-0.00021239358466118574,0.0018430853092610278,0,0.00044924169881772224,-0.021585054127293286,0.0018430853092610278,906_GSL_1
43641,66,2026-02-15 08:21:59.390000+00:00,124898.9411321798,426720.77353820344,4.087121573837033,0.003526516113197431,-0.0006669513531960547,0.00483504343326846,0,0.0035806625773161806,0.0002449398121551729,0.00483504343326846,901_GSL_1
43642,66,2026-02-15 08:21:59.770000+00:00,124898.94057049311,426720.77473569446,4.07751533843941,0.002964829429402016,0.0005305396625772119,-0.004771191964354493,0,0.0029028429969040347,0.0008032362132903546,-0.004771191964354493,901_GSL_1
43643,68,2026-02-15 08:22:13.440000+00:00,123928.08670478528,426940.4333876466,7.135372960308808,-0.022245576576096937,-0.014347358606755733,0.016559679268581817,0,0.02176555462622073,-0.01506562338593534,0.016559679268581817,905_GSL_1
43644,66,2026-02-15 08:22:15.070000+00:00,124898.94173799829,426720.76944991684,4.084368372532758,0.004132334608584642,-0.004755237954668701,0.0020818421289936495,0,0.001823202084068483,0.0060302911607547196,0.0020818421289936495,901_GSL_1
43645,71,2026-02-15 08:22:18.020000+00:00,124806.21773771313,426258.50222245924,4.609403908794999,-0.010024222356150858,-0.012883672839961946,0.01790024564573134,0,-0.004916918657110367,0.015565923378074548,0.01790024564573134,903_GSL_1
43646,69,2026-02-15 08:22:31.800000+00:00,124266.9199735575,427056.3129863699,7.110783753906172,-0.022623639160883613,-0.0018520141602493823,0.0202823829787393,0,0.014743835457882661,-0.01725915181353107,0.0202823829787393,906_GSL_1
43647,149,2026-02-15 08:22:35.840000+00:00,124351.04173347789,426607.39819080516,8.016242682792296,0.0004217858222546056,0.00145833968417719,0.004016838824497881,0,-0.0015065319498541016,-0.00018713470648123648,0.004016838824497881,14_P5_1
43648,147,2026-02-15 08:22:51.320000+00:00,124350.92811258159,426607.5112948889,11.376286597197105,0.0016052360006142408,0.0013021487975493073,0.002066955524661296,0,-0.001539464996502867,-0.0013792830141669758,0.002066955524661296,13_P5_1
43649,164,2026-02-15 08:22:53.700000+00:00,124091.0650226486,427154.20665979164,9.840448693053348,-0.030305802763905376,0.011928850202821195,0.02581516142395124,0,0.019527288741279337,-0.026065765723277484,0.02581516142395124,907_GSL_1
43650,110,2026-02-15 08:22:57.680000+00:00,124434.14058369145,426963.92840907694,8.7915227853976,0.0004978489741915837,-0.003677496511954814,0.04046242513981113,0,-0.0034935832819728957,0.0012516828865423248,0.04046242513981113,35_P9_0
43651,126,2026-02-15 08:23:07.320000+00:00,124339.65883008853,426609.5897032933,6.672985222893242,0.002009484393056482,0.001213132229167968,0.0023280337577844534,0,-0.0016279502075462397,-0.0016910042735409562,0.0023280337577844534,17_P5_1
43652,122,2026-02-15 08:23:10+00:00,124329.15123784739,426611.39088318794,8.08891069148822,0.0016869443352334201,-0.0011557209072634578,0.005246853045822064,0,-0.0006900503294697589,0.0019249162445313494,0.005246853045822064,16_P5_1
43653,111,2026-02-15 08:23:12.680000+00:00,124434.26220538083,426963.97176574287,6.508775082713673,0.0005146215116837993,-0.006298036489170045,0.0474825730989048,0,-0.00604901060438948,0.001827448939693989,0.0474825730989048,36_P9_0
43654,121,2026-02-15 08:23:22.730000+00:00,124329.26184504543,426611.32870606193,11.356923487500916,0.0023022757231956348,0.0009895693510770798,0.002623965426794328,0,-0.0015916673460782736,-0.001935540251618457,0.002623965426794328,15_P5_1
43655,120,2026-02-15 08:23:25.400000+00:00,124329.26247835855,426611.32984621194,11.362294012023233,0.0022265233856160194,-0.001328878162894398,0.004262845376359792,0,-0.0007189056036498303,0.00249128446620483,0.004262845376359792,15_P5_1
43656,107,2026-02-15 08:23:31.730000+00:00,124409.92234478194,426969.5222845706,6.289491960977589,0.0015272746386472136,-0.0021264824899844825,0.00041163754755579873,0,-0.0017023622632081977,0.001989084796299606,0.00041163754755579873,38_P9_0
43657,123,2026-02-15 08:23:39.020000+00:00,124329.1525523637,426611.39118821145,8.080826656414917,0.002795751570374705,0.0009101917967200279,0.0027110113608515007,0,-0.0016545538666648068,-0.002430458280319495,0.0027110113608515007,16_P5_1
43658,102,2026-02-15 08:23:39.520000+00:00,124282.39614345037,426301.79483165866,6.905140976128786,0.00285450454975944,0.001273794041480869,0.0018429923620502109,0,-0.0018904109821853232,-0.002489396272822515,0.0018429923620502109,02_P1_0
43659,124,2026-02-15 08:23:42.390000+00:00,124339.65888051852,426609.58961832133,6.67827860722436,0.0011147952900500968,-0.0006235826876945794,0.0038484113911669837,0,-0.00024377163633534292,0.0012538737163002756,0.0038484113911669837,17_P5_1
43660,106,2026-02-15 08:23:46.510000+00:00,124410.0339412301,426969.44764283946,8.924241998690714,0.001737411876092665,-0.001918501453474164,0.0003547743521838953,0,-0.0014444686635801023,0.0021477332548772033,0.0003547743521838953,37_P9_0
43661,118,2026-02-15 08:23:55.570000+00:00,124372.26203944934,426775.11324447,6.170822968836051,0.002012087352341041,0.000579971179831773,0.00529089984568909,0,-0.001764413431957306,-0.0011277000150815288,0.00529089984568909,22_P6_1
43662,103,2026-02-15 08:23:55.880000+00:00,124282.31472765059,426301.79877288424,9.299367238779066,0.003009243431733921,0.0013287310139276087,0.001415752987952601,0,-0.001980622602188046,-0.002626443649977797,0.001415752987952601,01_P1_0
43663,170,2026-02-15 08:23:58.190000+00:00,124669.37340815147,426931.31094503286,13.798926120030892,-0.014638665001257323,0.012448061141185462,0.012735989359503819,0,0.0006935239627407312,-0.01920322274272816,0.012735989359503819,908_GSL_1
43664,160,2026-02-15 08:24:03.200000+00:00,124421.81238853018,426965.6150830218,5.595442582014176,0.0011823695385828614,-0.0035550168249756098,0.0032613521268372025,0,-0.002520643215752511,0.002771732333849926,0.0032613521268372025,38a_P9_0
43665,100,2026-02-15 08:24:11.850000+00:00,124292.48702451502,426345.93130341655,7.588711536766252,0.0033012417115969583,0.001068436831701547,0.0002119677971537115,0,-0.0017990898482780724,-0.002966990026870134,0.0002119677971537115,06_P2_0
43666,74,2026-02-15 08:24:12.250000+00:00,124369.34749869387,426785.7260623783,7.235140785143368,0.0011854845652123913,-0.0004039183841086924,0.0050869503862953636,0,-0.0012519263353417333,-3.470109876657622e-05,0.0050869503862953636,21_P6_1
43667,92,2026-02-15 08:24:15.600000+00:00,124278.31769201951,426395.63741057675,11.105665843205397,0.0037162169319344684,-0.0008800484356470406,0.0038768599781775492,0,0.0003291940936942421,-0.0038047844594612796,0.0038768599781775492,11_P3_0
43668,162,2026-02-15 08:24:21.240000+00:00,124402.99647075178,426879.64390328754,6.547966969362301,0.0010426234657643363,-0.003830300353001803,0.0032939260717341767,0,0.0039063147209907455,-0.0007063779343518365,0.0032939260717341767,34a_P7_0
43669,101,2026-02-15 08:24:28.210000+00:00,124292.40780449475,426345.88447462063,10.216857525257018,0.002485623917891644,0.0010810947278514504,0.0012390276567337821,0,-0.0016252708551311383,-0.002169236436916111,0.0012390276567337821,05_P2_0
43670,73,2026-02-15 08:24:28.900000+00:00,124369.49097049942,426785.6966548724,11.411209813783575,0.0016309349884977564,0.00018821819685399532,0.005155197720499771,0,-0.0015011077899861733,0.0006648687307852375,0.005155197720499771,20_P6_1
43671,93,2026-02-15 08:24:30.510000+00:00,124278.27162233209,426395.7902232643,7.952520671659732,0.0034987524122698233,-0.0011268382077105343,0.0037951513802143566,0,0.0006001593808988256,-0.003626408899481598,0.0037951513802143566,12_P3_0
43672,104,2026-02-15 08:24:37.560000+00:00,124389.81715342183,426881.4427719165,10.725828136570453,5.721155321225524e-05,-0.0015676516341045499,-8.373148975415745e-05,0,0.001521926232480008,-0.0003801912027136255,-8.373148975415745e-05,33_P7_0
43673,98,2026-02-15 08:24:43.850000+00:00,124302.66313442381,426390.07954002207,7.980589890959247,0.002288790259626694,0.0016280135023407638,0.0015390958283765244,0,-0.0021196460966972134,-0.0018428481329513119,0.0015390958283765244,10_P3_0
43674,165,2026-02-15 08:24:45.820000+00:00,124091.06501457194,427154.20625034947,9.85565096461528,-0.01876605521829333,0.010098555823788047,0.004915470889260476,0,0.019477757085766555,-0.008646539023798399,0.004915470889260476,907_GSL_1
43675,94,2026-02-15 08:24:45.850000+00:00,124268.22730199576,426351.5550934184,10.217147600207218,0.003079496673308313,-0.0008796020993031561,0.0026536609162572944,0,0.00030304862821745526,-0.003188284984588267,0.0026536609162572944,07_P2_0
43676,105,2026-02-15 08:24:53.180000+00:00,124389.68821208473,426881.4705301942,7.062708841511611,-0.0004733526293421164,-0.001423019974026829,0.00041294478882125674,0,0.0014906418781151583,0.00016442429684728895,0.00041294478882125674,34_P7_0
43677,99,2026-02-15 08:24:59.520000+00:00,124302.54014885948,426390.1365309715,11.089064578208491,0.002068568312097341,0.0017146795289590955,0.0013093754591242401,0,-0.0021563001885173756,-0.0016029567198912634,0.0013093754591242401,09_P3_0
43678,95,2026-02-15 08:25:01.290000+00:00,124268.11262036224,426351.54794907,7.19723188580263,0.0030724600073881447,-0.0012419400154612958,0.003561027557509533,0,0.0006568028426444628,-0.0032482357557446035,0.003561027557509533,08_P2_0
43679,152,2026-02-15 08:25:01.920000+00:00,124370.27683193242,426819.500228093,9.733457897649215,0.0010602705588098615,0.0010580550879240036,0.004536946421335841,0,0.0007855501989676539,0.0012753686180327342,0.004536946421335841,29_KW_1
43680,113,2026-02-15 08:25:05.510000+00:00,124414.0789130365,426875.9108645817,7.3442356720606305,0.0016784223262220621,-0.004367556481156498,0.04088572693535397,0,0.0038455861399647757,-0.0026653552036011315,0.04088572693535397,32_P7_0
43681,96,2026-02-15 08:25:17.020000+00:00,124258.06527021943,426307.3512728886,9.309517990626368,0.004292023004381917,-0.001136688340920955,0.004972382450477042,0,0.00027400358589482933,-0.0044315283920387995,0.004972382450477042,03_P1_0
43682,166,2026-02-15 08:25:17.980000+00:00,124091.05540744038,427154.20567420847,9.822408149679806,-0.016873395317816176,0.01664622890530154,-0.007445469382998837,0,0.020934139121094576,-0.011116214534528148,-0.007445469382998837,907_GSL_1
43683,117,2026-02-15 08:25:18.930000+00:00,124377.68154695301,426815.9068148879,7.622542888121548,0.0015298089274438098,0.0011088493629358709,0.005107847949088473,0,0.0010484923708192575,0.0015717907025122266,0.005107847949088473,26_KW_0
43684,112,2026-02-15 08:25:21.110000+00:00,124413.95219341129,426875.863317756,10.70951691565986,0.0014587864716304466,-0.00394830945879221,0.04025130873919558,0,0.0034844094608950716,-0.0023613759253928537,0.04025130873919558,31_P7_0
43685,97,2026-02-15 08:25:32.710000+00:00,124257.99100484484,426307.3906500907,6.843565139646491,0.0031346359610324726,-0.0012026139302179217,0.006502949050390505,0,0.0005634814019126997,-0.003309790262698026,0.006502949050390505,04_P1_0
43686,153,2026-02-15 08:25:33.170000+00:00,124370.2767394995,426819.49554379756,9.729701696192988,0.0029006946278968826,-0.0035792996641248465,0.0036212190799993493,0,0.0026908475643191475,-0.003739619605723526,0.0036212190799993493,29_KW_1
43687,125,2026-02-15 08:25:34.020000+00:00,124339.65842209454,426609.5921071344,6.673884668126386,0.000556530911126174,0.0008732879650779068,0.00036872999727233235,0,0.0009447972009464507,0.0004239301523512955,0.00036872999727233235,17_P5_1
43688,116,2026-02-15 08:25:34.540000+00:00,124377.68887828413,426815.9012324901,10.010478116380487,0.0015183925570454448,0.0011709264945238829,0.005418361103362912,0,0.001111301848329677,0.0015625597635828322,0.005418361103362912,25_KW_0
43689,161,2026-02-15 08:25:36.710000+00:00,124402.99188722915,426879.64079578384,6.588928019531009,0.00048348255222663283,-0.006711103138513863,0.04730369870728701,0,0.005654099090330685,-0.0036474407727610765,0.04730369870728701,34a_P7_0
43690,146,2026-02-15 08:25:50.590000+00:00,124350.9255269163,426607.5136478287,11.379317594783197,-0.0007396586443064734,0.0017824319074861705,-3.918440885541941e-06,0,0.0015860157491030722,-0.0010994145981016892,-3.918440885541941e-06,13_P5_1
43691,115,2026-02-15 08:25:52.120000+00:00,124396.29092866468,426811.63532155,7.652346219114938,0.000837904866784811,0.001407213567290455,0.006073926341891855,0,0.0016377763172276758,-4.829542022941134e-06,0.006073926341891855,24_KW_0
43692,148,2026-02-15 08:26:07.040000+00:00,124351.04095228945,426607.40014156915,8.017325528750394,-0.00016612521721981466,0.001685674418695271,0.0018691135380120016,0,0.0016121530548304256,-0.0005196713975589736,0.0018691135380120016,14_P5_1
43693,114,2026-02-15 08:26:07.390000+00:00,124396.30013492891,426811.63094478735,9.995933999844492,0.0011142838920932263,0.0014060315443202853,0.00524992219430942,0,0.001778928560519508,0.00023230684959791055,0.00524992219430942,23_KW_0
43694,150,2026-02-15 08:26:23.620000+00:00,124401.10380363851,426812.32307510724,9.18667770725591,0.0006230085855349898,0.0016435182187706232,0.004663684012101044,0,0.0016891741702163732,-0.0004857802545957353,0.004663684012101044,27_KW_1
43695,168,2026-02-15 08:26:24.680000+00:00,124669.3699275848,426931.315876272,13.794297378973944,-0.006804386546718888,0.008135699608828872,-0.007042640961284263,0,0.00260859567167148,-0.010280297321770614,-0.007042640961284263,908_GSL_1
43696,119,2026-02-15 08:26:39.890000+00:00,124400.815164274,426811.3444115763,3.98959045242955,0.0010128869180334732,0.0012826949823647738,0.006056323343367254,0,0.0016341807538429217,2.6449768930845117e-05,0.006056323343367254,28_KW_1
43697,169,2026-02-15 08:26:57.620000+00:00,124669.37620547142,426931.31079038576,13.811782460663085,-0.002871976903406903,0.008630832831840962,2.724779019303014e-05,0,0.0013738570784610276,-0.008991776433655872,2.724779019303014e-05,908_GSL_1
43698,72,2026-02-15 08:27:39.720000+00:00,124390.52462106067,426780.8886630529,10.992015607709018,0.0006613578152609989,0.0017321211635135114,0.0049302861422599875,0,0.00037837184779283443,-0.0018150682162651733,0.0049302861422599875,18_P6_1
43699,138,2026-02-15 08:30:19.630000+00:00,123928.08401470883,426940.430809117,7.116731983691779,-0.002604169843834825,-0.0009120350587181747,-0.0012040799061479035,0,0.000873043309200115,-0.002617499551887387,-0.0012040799061479035,905_GSL_1
43700,130,2026-02-15 08:30:21.610000+00:00,124898.93768327353,426720.7606103913,4.128578258711508,-0.0006897237326484174,-0.009066307451575994,0.038515526241313935,0,0.0028617884408968807,0.008630400718010136,0.038515526241313935,901_GSL_1
43701,139,2026-02-15 08:30:23.620000+00:00,123928.08648061004,426940.4314136866,7.133563915245717,-0.0003893136454280466,0.00030967401107773185,-0.003037915493538712,0,0.0004697189063809671,0.00016379028250086827,-0.003037915493538712,905_GSL_1
43702,133,2026-02-15 08:30:23.710000+00:00,124806.21728019588,426258.5051298195,4.583614514439942,-0.004615897647454403,-0.006353993841912597,-0.004542589744623626,0,0.003016058210588226,0.007251423426140667,-0.004542589744623626,903_GSL_1
43703,134,2026-02-15 08:30:24.170000+00:00,123855.61423184903,426533.07213303423,6.052604193365963,-0.00023029238218441606,-0.0021650277194567025,0.006761274468182421,0,-0.00020604996048627624,-0.0021674692664699234,0.006761274468182421,904_GSL_1
43704,125,2026-02-15 08:30:37.870000+00:00,124339.65961779837,426609.592188386,6.675677828799194,0.001752234747982584,0.0009545395732857287,0.002161890670079991,0,0.001198681713631824,0.001595191072696548,0.002161890670079991,17_P5_1
43705,137,2026-02-15 08:30:40.250000+00:00,123928.08366678971,426940.42881851585,7.131732854822354,-0.005732472171075642,-0.005010055203456432,0.008869163856823903,0,-0.0007035296355370833,-0.007580694980393196,0.008869163856823903,905_GSL_1
43706,132,2026-02-15 08:30:40.310000+00:00,124806.21134029102,426258.4972019539,4.627681193589786,-0.002793996754917316,-0.007939796545542777,0.045049019379464816,0,0.005477769539995587,0.006390682899174237,0.045049019379464816,903_GSL_1
43707,153,2026-02-15 08:30:40.590000+00:00,124370.27674831077,426819.4955387045,9.729461067712593,0.00290950589987915,-0.003584392718039453,0.003380590599604716,0,0.0026934451064563433,-0.003749459854041942,0.003380590599604716,29_KW_1
43708,143,2026-02-15 08:30:42.720000+00:00,124266.92050336719,427056.3161338037,7.109214354340843,0.0009359390969621018,0.0019069276750087738,0.0036726161180649086,0,0.001409898582038645,0.0015888804672794046,0.0036726161180649086,906_GSL_1
43709,146,2026-02-15 08:30:53.980000+00:00,124350.92599700573,426607.5135653166,11.37858447230428,-0.00026956920919474214,0.0016999198123812675,-0.0007370409198035333,0,0.0016046450463783112,-0.0006225023712451143,-0.0007370409198035333,13_P5_1
43710,141,2026-02-15 08:30:56.280000+00:00,124266.91927719823,427056.31417257,7.092271018214734,0.0006484467885456979,-0.00034573301672935486,0.008136317951636052,0,-0.00036546582761129654,0.0006375337522675952,0.008136317951636052,906_GSL_1
43711,135,2026-02-15 08:30:56.710000+00:00,123855.61036899024,426533.0742557242,6.060319726276569,-0.0032812879944685847,-0.0023791971034370363,0.03912127915821184,0,0.00405110178299483,-0.00012650732572843258,0.03912127915821184,904_GSL_1
43712,5,2026-02-15 08:30:56.910000+00:00,124424.61779161447,426919.1399517265,8.783457618125423,0.0005888369487365708,-0.006396042590495199,0.015631796119109254,11,-0.006420504417793943,0.00018224377277259118,0.015631796119109254,TS4
43713,136,2026-02-15 08:30:57.140000+00:00,123855.61310650608,426533.07485935447,6.023813623573834,-0.002663605715497397,0.0007508283597417176,0.0015210811370955923,0,0.0017209711022462039,0.002167209518864368,0.0015210811370955923,904_GSL_1
43714,152,2026-02-15 08:30:58.020000+00:00,124370.2769916294,426819.5002098356,9.733543181728484,0.0012199675402371213,0.0010397976730018854,0.004622230500604729,0,0.0007310191197629626,0.0014265731830345513,0.004622230500604729,29_KW_1
43715,148,2026-02-15 08:31:11.970000+00:00,124351.04079082201,426607.3998750296,8.016397074628628,-0.00032759265741333365,0.0014191348454914987,0.0009406594162459925,0,0.0013174434760333923,-0.000620969682300482,0.0009406594162459925,14_P5_1
43716,122,2026-02-15 08:31:12.570000+00:00,124329.15065306598,426611.3912427592,8.08936832760765,0.001102162932511419,-0.0007961496594361961,0.0057044891652520135,0,-0.0004905616337491919,0.0012680562659108882,0.0057044891652520135,16_P5_1
43717,150,2026-02-15 08:31:14.420000+00:00,124401.1037146437,426812.3229550852,9.1866597362207,0.0005340137722669169,0.0015234961756505072,0.004645712976889982,0,0.0015397588136293395,-0.00048513307663282726,0.004645712976889982,27_KW_1
43718,140,2026-02-15 08:31:16.500000+00:00,123928.08696198933,426940.43211979716,7.135906742696482,-0.0005617431306745857,-0.002318879764061421,0.0003330364941387387,0,0.0004858449126515905,-0.0023359609213093025,0.0003330364941387387,905_GSL_1
43719,120,2026-02-15 08:31:27.870000+00:00,124329.26229803741,426611.32984464447,11.362163955551628,0.0020462022512219846,-0.0013304456369951367,0.0041327889047551025,0,-0.0007662828905031283,0.002317291474464851,0.0041327889047551025,15_P5_1
43720,128,2026-02-15 08:31:30.330000+00:00,124898.93716703188,426720.78145854676,4.074717729935932,-0.0031343676237156615,0.012194511946290731,-0.0066742010677476316,0,0.0024449887898734175,-0.012351210945742028,-0.0066742010677476316,901_GSL_1
43721,129,2026-02-15 08:31:31.510000+00:00,124898.94122000656,426720.7752416835,4.085072001126427,0.0015483077731914818,0.0027390134055167437,-0.006612744119186331,0,0.0012132875534237755,-0.002902995816192738,-0.006612744119186331,901_GSL_1
43722,145,2026-02-15 08:31:33.480000+00:00,124266.91969699078,427056.31271250366,7.111199540186127,0.0013732379447901621,-0.002034103963524103,0.003232603894480768,0,-0.002407781799684795,-0.00047534008093429804,0.003232603894480768,906_GSL_1
43723,6,2026-02-15 08:31:33.680000+00:00,124399.04060501214,426925.0747425477,8.556673321079872,0.0014342677604872733,-0.0007066671969369054,0.009366625258314443,11,-0.0008565609004429352,0.0013501133137008277,0.009366625258314443,TS5
43724,124,2026-02-15 08:31:45.290000+00:00,124339.65902476656,426609.58952366485,6.67901474403143,0.0012590433325385675,-0.0007182391709648073,0.004584548198236504,0,-0.0002885824781779661,0.001420485048568516,0.004584548198236504,17_P5_1
43725,154,2026-02-15 08:31:45.490000+00:00,124285.66640883642,426445.5627626386,7.8966495510187125,0.0017838364146882668,-0.0010623614070937037,-0.004950448981286826,11,-0.0020508965942373928,0.0003232758472194725,-0.004950448981286826,TS1-1
43726,131,2026-02-15 08:31:47.340000+00:00,124806.21763565434,426258.5022016648,4.611889610312138,-0.0009088418155442923,-0.0040823997114785016,0.0003851375395758083,0,0.0005679907813710498,0.004143593527632639,0.0003851375395758083,903_GSL_1
43727,3,2026-02-15 08:31:47.540000+00:00,124314.90437055747,426440.7944233877,7.049157353929557,-0.0028687944577541202,-0.0016538958880119026,-0.029271741561527342,11,-0.0031152927097012916,0.0011226328794870656,-0.029271741561527342,TS2
43728,149,2026-02-15 08:31:49.290000+00:00,124351.04229138223,426607.39805049275,8.015684226258411,0.0009796901576919481,0.0013180272653698921,0.003458382290613571,0,-0.0014557259501152375,-0.0007601648738911835,0.003458382290613571,14_P5_1
43729,147,2026-02-15 08:32:04.500000+00:00,124350.92789197287,426607.5114337971,11.376398534352644,0.0013846272777300328,0.0014410569565370679,0.0021788926802006614,0,-0.0016417643346605055,-0.0011394945018097743,0.0021788926802006614,13_P5_1
43730,126,2026-02-15 08:32:20.520000+00:00,124339.65863977151,426609.5898053624,6.671776268750831,0.0018191673734690994,0.0013152013416402042,0.0011190796153730531,0,-0.0016853470943767174,-0.001482811408515126,0.0011190796153730531,17_P5_1
43731,121,2026-02-15 08:32:36.410000+00:00,124329.26222306328,426611.32847940427,11.356309117715396,0.0026802935753948987,0.0007629116880707443,0.002009595641274231,0,-0.0014792694653192676,-0.0023617302435020326,0.002009595641274231,15_P5_1
43732,123,2026-02-15 08:32:51.440000+00:00,124329.1523591475,426611.3912968233,8.081021548533737,0.0026025353727163747,0.0010188036249019206,0.0029059034796716787,0,-0.001704901996764241,-0.0022146016286868743,0.0029059034796716787,16_P5_1
43733,4,2026-02-15 08:32:51.640000+00:00,124378.97119181865,426782.7420973462,7.762531107515586,-0.0006261545495362952,0.0009144388022832572,0.007455402543319778,11,-0.0011082705562169572,-2.0535941163761694e-06,0.007455402543319778,TS3
43734,68,2026-02-15 08:36:20.570000+00:00,123928.08668392106,426940.4325170101,7.114567653016155,-0.022266440792009234,-0.015217995154671371,-0.004245628024071024,0,0.0015966029574660478,-0.026922715707518526,-0.004245628024071024,905_GSL_1
43735,66,2026-02-15 08:36:20.860000+00:00,124898.94311097133,426720.77375629183,4.1297722773751975,0.005505307650309987,-0.00044886296382173896,0.04748574697143315,0,0.005252217720283812,-0.0017099997963711104,0.04748574697143315,901_GSL_1
43736,68,2026-02-15 08:36:22.620000+00:00,123928.08684599667,426940.4320641815,7.1348297131725245,-0.022104365183622576,-0.015670823748223484,0.01601643213229842,0,0.015690722095479073,-0.022090244843398086,0.01601643213229842,905_GSL_1
43737,71,2026-02-15 08:36:23.240000+00:00,124806.21868980755,426258.5062798384,4.588977578549239,-0.009072127941180952,-0.008826293691527098,-0.0025260846000287884,0,0.0028027154053425116,0.012343085192402382,-0.0025260846000287884,903_GSL_1
43738,67,2026-02-15 08:36:23.860000+00:00,123855.61522844002,426533.07645251934,6.052830991332157,-0.0027660341293085366,-0.01465018535964191,0.008422842994581181,0,-0.00021140379823572265,-0.014907521065236073,0.008422842994581181,904_GSL_1
43739,71,2026-02-15 08:36:38.610000+00:00,124806.23610597038,426258.51131372625,4.620557186088885,0.00834403489716351,-0.003792405826970935,0.02905352293961805,0,0.007457535224419345,-0.005328266950713928,0.02905352293961805,903_GSL_1
43740,67,2026-02-15 08:36:40.130000+00:00,123855.61188832375,426533.07731151354,6.026235828928468,-0.006106150394771248,-0.013791191158816218,-0.018172319409107907,0,0.01302023567465666,-0.0076128502677363695,-0.018172319409107907,904_GSL_1
43741,68,2026-02-15 08:36:40.490000+00:00,123928.09094551404,426940.4340876874,7.136776995843868,-0.018004847821430303,-0.013647317828144878,0.017963714803642006,0,-0.000517714059214455,-0.022586628812821013,0.017963714803642006,905_GSL_1
43742,69,2026-02-15 08:36:41.480000+00:00,124266.92062387633,427056.3160064265,7.109064160676324,-0.021973320326651447,0.0011680424795486033,0.018562789748891362,0,0.00940790719399718,-0.019891767433810395,0.018562789748891362,906_GSL_1
43743,67,2026-02-15 08:36:56.280000+00:00,123855.62009646896,426533.0604461093,6.0612201860286525,0.0021019948180764914,-0.030656595423351973,0.016812037691076753,0,0.015472513988880866,-0.026548946043679238,0.016812037691076753,904_GSL_1
43744,69,2026-02-15 08:36:56.550000+00:00,124266.92108949291,427056.3150273363,7.094465407440675,-0.02150770374282729,0.00018895225366577506,0.003964036513242952,0,0.0008479150450441405,-0.02149181386760504,0.003964036513242952,906_GSL_1
43745,68,2026-02-15 08:36:59.570000+00:00,123928.08734543966,426940.43218096124,7.136954611443944,-0.021604922192636877,-0.01555404398823157,0.01814133040371768,0,0.021085882988021568,-0.016250738012570345,0.01814133040371768,905_GSL_1
43746,66,2026-02-15 08:36:59.620000+00:00,124898.94135215336,426720.77569999476,4.084467043259176,0.003746489674085751,0.001494839962106198,0.0021805128554115427,0,0.0035432658068757783,-0.0019276926135060426,0.0021805128554115427,901_GSL_1
43747,66,2026-02-15 08:37:13.180000+00:00,124898.94028664834,426720.7748208921,4.078189702792452,0.002680984660401009,0.0006157372845336795,-0.00409682761131247,0,0.002683718566357561,0.0006037100375661647,-0.00409682761131247,901_GSL_1
43748,66,2026-02-15 08:37:14+00:00,124898.94217707333,426720.76829944784,4.086069401561218,0.004571409648633562,-0.005905706959310919,0.0037828711574539042,0,0.001752765093420781,0.0072596814938507516,0.0037828711574539042,901_GSL_1
43749,69,2026-02-15 08:37:16.770000+00:00,124266.9198362241,427056.31321980886,7.11124063478899,-0.022760972555261105,-0.001618575188331306,0.020739263861557333,0,0.015005834989643434,-0.017190304638522953,0.020739263861557333,906_GSL_1
43750,71,2026-02-15 08:37:31.440000+00:00,124806.2200049989,426258.5082550784,4.6122985982556655,-0.007756936582154594,-0.006851053680293262,0.02079493510639807,0,-0.004889551579054637,0.009121364318214264,0.02079493510639807,903_GSL_1
43751,149,2026-02-15 08:37:36.030000+00:00,124351.04185743994,426607.39802459703,8.016588703528988,0.000545747869182378,0.0012921315501444042,0.004362859561190646,0,-0.0013618925923443975,-0.00033569814791437833,0.004362859561190646,14_P5_1
43752,147,2026-02-15 08:37:51.440000+00:00,124350.92720914031,426607.511535297,11.37602986601193,0.0007017947209533304,0.0015425568562932312,0.0018102243394864104,0,-0.0016340792960401686,-0.0004492018917013666,0.0018102243394864104,13_P5_1
43753,164,2026-02-15 08:37:53.070000+00:00,124091.06436775113,427154.206856196,9.835720654633683,-0.030960700241848826,0.012125254550483078,0.021087123004285502,0,0.019890084651384053,-0.026645286448833783,0.021087123004285502,907_GSL_1
43754,110,2026-02-15 08:37:56.300000+00:00,124434.1411164828,426963.92822129605,8.791807400542675,0.001030640327371657,-0.0038652773946523666,0.04074704028488618,0,-0.0035664742154002905,0.0018118638174267482,0.04074704028488618,35_P9_0
43755,122,2026-02-15 08:38:11.280000+00:00,124329.15084577195,426611.3916124246,8.088574493841676,0.001294868896366097,-0.00042648427188396454,0.004910655399278596,0,-8.41051562512205e-05,0.0013606985763322849,0.004910655399278596,16_P5_1
43756,111,2026-02-15 08:38:11.810000+00:00,124434.26286535704,426963.9717932601,6.508867760183811,0.0011745977244572714,-0.00627051928313449,0.04757525056904299,0,-0.005883338936928482,0.0024668633621834244,0.04757525056904299,36_P9_0
43757,126,2026-02-15 08:38:14.790000+00:00,124339.65836300183,426609.58976500377,6.673352760147872,0.0015423976874444634,0.001274842710699886,0.002695571012414355,0,-0.0015847096994479146,-0.0012218468528151806,0.002695571012414355,17_P5_1
43758,107,2026-02-15 08:38:17.070000+00:00,124409.92256115517,426969.5227830248,6.289807096125895,0.0017436478665331379,-0.0016280282870866358,0.0007267726958621878,0,-0.0011667595462204992,0.002080734521106223,0.0007267726958621878,38_P9_0
43759,120,2026-02-15 08:38:26.650000+00:00,124329.26215745352,426611.33045875,11.362304571856898,0.0019056183518841863,-0.0007163400878198445,0.004273405210025061,0,-0.00020812335154588715,0.002025144215851516,0.004273405210025061,15_P5_1
43760,121,2026-02-15 08:38:30.090000+00:00,124329.2612740253,426611.32881368225,11.356448205038207,0.0017312555864918977,0.0010971896699629724,0.0021486829640853244,0,-0.0015359814208934783,-0.0013571411688925042,0.0021486829640853244,15_P5_1
43761,106,2026-02-15 08:38:31.990000+00:00,124410.03410602122,426969.44810022373,8.924488177900088,0.0019022030028281733,-0.001461117179132998,0.0006009535615572048,0,-0.0009608831937353397,0.0021977131667083086,0.0006009535615572048,37_P9_0
43762,124,2026-02-15 08:38:44.380000+00:00,124339.65921848835,426609.59013490827,6.6792707830690965,0.001452765121939592,-0.00010699575068429112,0.004840587235903193,0,0.00035258734774657163,0.001413384856434259,0.004840587235903193,17_P5_1
43763,123,2026-02-15 08:38:44.890000+00:00,124329.15249035023,426611.391322549,8.082409390020269,0.002733738103415817,0.0010445293737575412,0.00429374496620305,0,-0.001766236140775696,-0.0023334042782440436,0.00429374496620305,16_P5_1
43764,160,2026-02-15 08:38:48.330000+00:00,124421.8126938241,426965.61565594055,5.595944563160242,0.0014876634668326005,-0.0029820980853401124,0.0037633332729036795,0,-0.001871613586744046,0.002757374505404125,0.0037633332729036795,38a_P9_0
43765,102,2026-02-15 08:38:54.530000+00:00,124282.39572578693,426301.7948025118,6.904389336693598,0.002436841110466048,0.0012446471955627203,0.0010913529268616884,0,-0.0017669135356272751,-0.0020893438675088096,0.0010913529268616884,02_P1_0
43766,170,2026-02-15 08:38:59.980000+00:00,124669.37362042353,426931.31116691895,13.802051932937468,-0.014426392939640209,0.012669947231188416,0.01586180226608036,0,0.0009992091251512555,-0.019174200301817396,0.01586180226608036,908_GSL_1
43767,118,2026-02-15 08:39:00.740000+00:00,124372.26208539383,426775.1133164381,6.171014386616488,0.0020580318378051743,0.0006519393064081669,0.005482317626126054,0,-0.0018487983746226593,-0.0011146589050702088,0.005482317626126054,22_P6_1
43768,162,2026-02-15 08:39:06.020000+00:00,124402.99660466256,426879.6444929931,6.5483474622190485,0.0011765342496801168,-0.0032405948149971664,0.0036744189284814155,0,0.00333044604601866,-0.0008909639331732484,0.0036744189284814155,34a_P7_0
43769,103,2026-02-15 08:39:11.250000+00:00,124282.31416647912,426301.79883027397,9.299593165711,0.0024480719584971666,0.00138612074078992,0.0016416799198868404,0,-0.0019083901328923523,-0.0020669867253340695,0.0016416799198868404,01_P1_0
43770,74,2026-02-15 08:39:16.800000+00:00,124369.34757872875,426785.72604062094,7.2353885398006925,0.0012655194441322237,-0.0004256757674738765,0.005334705043620325,0,-0.0013348143438027572,-3.1780340929899055e-05,0.005334705043620325,21_P6_1
43771,92,2026-02-15 08:39:17.880000+00:00,124278.31735777672,426395.63790649833,11.105427285368327,0.0033819741365732625,-0.0003841268480755389,0.0036383021411072747,0,-0.00011272440896806949,-0.003401851805044675,0.0036383021411072747,11_P3_0
43772,104,2026-02-15 08:39:22.120000+00:00,124389.81748238012,426881.44319361553,10.726097260092377,0.0003861698496621102,-0.0011459526140242815,0.00018539203217038391,0,0.0010413091204693353,-0.0006148250661810396,0.00018539203217038391,33_P7_0
43773,100,2026-02-15 08:39:28.050000+00:00,124292.48698111273,426345.93113466,7.58874972975245,0.0032578394166193902,0.0008996802498586476,0.0002501607833522712,0,-0.001624881079734253,-0.002963562669016185,0.0002501607833522712,06_P2_0
43774,93,2026-02-15 08:39:32.580000+00:00,124278.27143306728,426395.79078279267,7.952983820903122,0.003309487598016858,-0.0005673098494298756,0.0042583006236043275,0,7.455104021609422e-05,-0.0033569317492451703,0.0042583006236043275,12_P3_0
43775,73,2026-02-15 08:39:33.300000+00:00,124369.49106283963,426785.69668251596,11.41146243784429,0.0017232751997653395,0.00021586177172139287,0.0054078217812154605,0,-0.0015810448509657122,0.0007187286677542356,0.0054078217812154605,20_P6_1
43776,105,2026-02-15 08:39:37.950000+00:00,124389.68840196416,426881.4708810916,7.0629103275511245,-0.00028347320039756596,-0.0010721225407905877,0.0006144308283344557,0,0.0011077290372765235,5.234670753094749e-05,0.0006144308283344557,34_P7_0
43777,101,2026-02-15 08:39:44.250000+00:00,124292.40760821431,426345.8845573419,10.217230548371173,0.002289343479787931,0.0011638160212896764,0.0016120507708894394,0,-0.0016604920391599996,-0.001959164997580426,0.0016120507708894394,05_P2_0
43778,94,2026-02-15 08:39:48.280000+00:00,124268.22743985849,426351.5554717771,10.218583631165366,0.003217359393602237,-0.0005012433975934982,0.004089691874405332,0,-9.410505331520104e-05,-0.003254810386208722,0.004089691874405332,07_P2_0
43779,165,2026-02-15 08:39:51.520000+00:00,124091.06511501239,427154.2063650438,9.856019852132622,-0.01866561477072537,0.010213250177912414,0.005284358406601797,0,0.01950688408825701,-0.008496889262139084,0.005284358406601797,907_GSL_1
43780,98,2026-02-15 08:40:00.510000+00:00,124302.66319822069,426390.07939682767,7.980616300032595,0.0023525871365563944,0.0014848191058263183,0.0015655049017242462,0,-0.0019954282612771085,-0.0019384581672592521,0.0015655049017242462,10_P3_0
43781,95,2026-02-15 08:40:03.870000+00:00,124268.11258686575,426351.5485330949,7.1976922405404755,0.003038963521248661,-0.0006579151377081871,0.0040213822953552025,0,8.885813134885799e-05,-0.0031080952116045017,0.0040213822953552025,08_P2_0
43782,113,2026-02-15 08:40:05.530000+00:00,124414.07820949236,426875.91111468326,7.344729458500183,0.0009748781885718927,-0.004117454926017672,0.041379513374906196,0,0.003769274176586923,-0.001922601032990302,0.041379513374906196,32_P7_0
43783,152,2026-02-15 08:40:07.820000+00:00,124370.27701220528,426819.50031448196,9.733721125159084,0.0012405434099491686,0.0011444440460763872,0.00480017393120491,0,0.0008281167013034305,0.0014706878851715368,0.00480017393120491,29_KW_1
43784,99,2026-02-15 08:40:16.940000+00:00,124302.54026712265,426390.13636917935,11.089077645731113,0.0021868314797757193,0.0015528873773291707,0.001322442981745553,0,-0.002027173908244117,-0.0017562053050086727,0.001322442981745553,09_P3_0
43785,153,2026-02-15 08:40:17.540000+00:00,124370.27723030747,426819.4959626304,9.729794850192995,0.00339150259969756,-0.003160466847475618,0.003714373080006439,0,0.002157717054693438,-0.004103059552289346,0.003714373080006439,29_KW_1
43786,96,2026-02-15 08:40:19.670000+00:00,124258.06518797694,426307.3518135335,9.309523975909894,0.00420978051261045,-0.0005960434209555387,0.004978367734002731,0,-0.00024005510120427004,-0.004244984484353846,0.004978367734002731,03_P1_0
43787,112,2026-02-15 08:40:20.730000+00:00,124413.95145724138,426875.8634237242,10.709730703994339,0.0007226165616884828,-0.003842341247946024,0.04046509707367463,0,0.003557710491626944,-0.001621251682701197,0.04046509707367463,31_P7_0
43788,117,2026-02-15 08:40:23.630000+00:00,124377.68159945693,426815.9067156652,7.622835512381096,0.001582312848768197,0.0010096266632899642,0.0054004722086364865,0,0.0009473004913223431,0.0016203955473104092,0.0054004722086364865,26_KW_0
43789,166,2026-02-15 08:40:35.010000+00:00,124091.05387052448,427154.20501282765,9.82573720601764,-0.01841031121148262,0.015984848083462566,-0.00411641304516408,0,0.020763194460168725,-0.012780637032802331,-0.00411641304516408,907_GSL_1
43790,97,2026-02-15 08:40:35.590000+00:00,124257.99120588564,426307.39124291734,6.8433296878931795,0.0033356767671648413,-0.0006097872974351048,0.006267497297079316,0,-5.7280904884463957e-05,-0.003390471787384775,0.006267497297079316,04_P1_0
43791,161,2026-02-15 08:40:36.190000+00:00,124402.99070439178,426879.64151893446,6.589250279289972,-0.0006993548158789054,-0.005987952521536499,0.047625958466250395,0,0.005587939981058395,-0.00226265316095009,0.047625958466250395,34a_P7_0
43792,116,2026-02-15 08:40:39.500000+00:00,124377.68898078873,426815.9012324577,10.01078465597283,0.0016208971646847203,0.001170894131064415,0.005724900695707191,0,0.0011073018479842826,0.0016649874780594145,0.005724900695707191,25_KW_0
43793,125,2026-02-15 08:40:52.010000+00:00,124339.65895550312,426609.59189130034,6.676088482120129,0.0010899394983425736,0.0006574539002031088,0.0025725439910146974,0,0.0008086419744609905,0.0009830116469703558,0.0025725439910146974,17_P5_1
43794,115,2026-02-15 08:40:55.820000+00:00,124396.29100108476,426811.6351817111,7.6526617354881825,0.0009103249467443675,0.0012673746678046882,0.006389442715136084,0,0.0015550696491708794,0.00012918375859889426,0.006389442715136084,24_KW_0
43795,146,2026-02-15 08:41:10.570000+00:00,124350.92584250143,426607.5133925434,11.379620451509888,-0.0004240735142957419,0.0015271466108970344,0.0002989382858054057,0,0.0014031393158533646,-0.0007370313270194092,0.0002989382858054057,13_P5_1
43796,114,2026-02-15 08:41:11.810000+00:00,124396.30017569014,426811.630930776,9.99632407053527,0.0011550451163202524,0.0013920202036388218,0.005639992885086542,0,0.0017878801175586305,0.0002744706784202448,0.005639992885086542,23_KW_0
43797,150,2026-02-15 08:41:27.520000+00:00,124401.10390875611,426812.3228930378,9.187014327587844,0.0007281261787284166,0.001461448788177222,0.0050003043440352,0,0.0016063692195536648,-0.0002925375584174908,0.0050003043440352,27_KW_1
43798,148,2026-02-15 08:41:29.090000+00:00,124351.04172672042,426607.3996492068,8.015575866210328,0.0006083057523937896,0.001193312054965645,0.0001194509979463021,0,0.0012951394708537597,0.00034153081846057215,0.0001194509979463021,14_P5_1
43799,119,2026-02-15 08:41:42.910000+00:00,124400.8153130871,426811.34429252794,3.989622999565324,0.0011617000272963196,0.0011636466369964182,0.006088870479141306,0,0.0016298902591768657,0.00021697509592972424,0.006088870479141306,28_KW_1
43800,168,2026-02-15 08:41:45.910000+00:00,124669.37046659726,426931.3152164791,13.792746631996156,-0.0062653740897076204,0.007475906750187278,-0.008593387939072272,0,0.0023895413408500897,-0.009456964967781346,-0.008593387939072272,908_GSL_1
43801,169,2026-02-15 08:42:00.830000+00:00,124669.37624727855,426931.31038466055,13.813515905611009,-0.0028301697748247534,0.008225107623729855,0.0017606927381166315,0,0.0012262995929279302,-0.008611529810936927,0.0017606927381166315,908_GSL_1
43802,72,2026-02-15 08:42:43.420000+00:00,124390.52461837437,426780.8887290085,10.99226106173553,0.0006586715171579272,0.0017980767879635096,0.005175740168771981,0,0.000365261678974254,-0.0018797638704904417,0.005175740168771981,18_P6_1
43803,138,2026-02-15 08:45:19.990000+00:00,123928.0826054447,426940.42999134574,7.117543271453147,-0.00401343397970777,-0.0017298063030466437,-0.0003927921447806071,0,0.0010891311116984965,-0.004232455029538205,-0.0003927921447806071,905_GSL_1
43804,130,2026-02-15 08:45:20.410000+00:00,124898.9316122157,426720.7459108835,4.128218586949089,-0.006760781558114104,-0.023765815305523574,0.03815585447889447,0,0.002932430078870587,0.024534119063975568,0.03815585447889447,901_GSL_1
43805,139,2026-02-15 08:45:23.630000+00:00,123928.08597780815,426940.43109198916,7.133740952904902,-0.0008921155385905877,-1.2023432645946741e-05,-0.0028608778343537367,0,0.0008381315916189769,-0.00030585966104997665,-0.0028608778343537367,905_GSL_1
43806,133,2026-02-15 08:45:23.650000+00:00,124806.22156890303,426258.5079965734,4.586185265288526,-0.0003271905006840825,-0.00348723994102329,-0.0019718388960399125,0,0.002805353637682136,0.0020971139686601745,-0.0019718388960399125,903_GSL_1
43807,134,2026-02-15 08:45:24.200000+00:00,123855.61435534018,426533.073392907,6.051751478791149,-0.00010680123523343354,-0.0009051549714058638,0.005908559893368803,0,-7.583512628669601e-05,-0.0009082736700627284,0.005908559893368803,904_GSL_1
43808,125,2026-02-15 08:45:38.560000+00:00,124339.65875252265,426609.5919669543,6.673970200527165,0.0008869590237736702,0.0007331078522838652,0.0004542623980512417,0,0.0008540437419998682,0.0007712021263486415,0.0004542623980512417,17_P5_1
43809,132,2026-02-15 08:45:38.830000+00:00,124806.19413098783,426258.4876891881,4.62281493333139,-0.020003299941890873,-0.017452562344260514,0.040182759121068834,0,0.005107429385372448,0.0260506834079067,0.040182759121068834,903_GSL_1
43810,137,2026-02-15 08:45:40.370000+00:00,123928.08654831082,426940.4317678402,7.132769441299193,-0.0028509510593721643,-0.002060730883385986,0.009905750333663477,0,-5.921558003988624e-07,-0.003517745494777523,0.009905750333663477,905_GSL_1
43811,143,2026-02-15 08:45:41.590000+00:00,124266.9211725875,427056.3159593244,7.108353707384546,0.0016051594138843939,0.001732448406983167,0.0028119691617680687,0,0.0009947856494902294,0.002142035419503727,0.0028119691617680687,906_GSL_1
43812,153,2026-02-15 08:45:42.260000+00:00,124370.27767113406,426819.4958409058,9.729649114487323,0.003832329181022942,-0.003282191406469792,0.003568637374334216,0,0.002159272174421386,-0.004560380582494587,0.003568637374334216,29_KW_1
43813,146,2026-02-15 08:45:55.140000+00:00,124350.92642974418,426607.51325325447,11.378129169331942,0.00016316924302373081,0.001387857657391578,-0.0011923438921410678,0,0.0013910138338073172,-0.0001336173387178674,-0.0011923438921410678,13_P5_1
43814,135,2026-02-15 08:45:55.410000+00:00,123855.59944937906,426533.09107047145,6.059072497826854,-0.014200899167917669,0.014435550139751285,0.037874050708496476,0,0.0036464360459079284,0.019918688440199606,0.037874050708496476,904_GSL_1
43815,5,2026-02-15 08:45:55.610000+00:00,124424.61764112399,426919.13813115953,8.786996254275007,0.000438346469309181,-0.008216609538067132,0.01917043226869275,11,-0.00822219464356521,-0.0003167572754320832,0.01917043226869275,TS4
43816,141,2026-02-15 08:45:56.390000+00:00,124266.91779713816,427056.3148225852,7.091693573901772,-0.0008316132880281657,0.00030428217723965645,0.007558873638673802,0,0.00032965430178225893,-0.0008218858470171961,0.007558873638673802,906_GSL_1
43817,152,2026-02-15 08:45:57.530000+00:00,124370.27711306099,426819.5002838794,9.733777131048797,0.0013413991255220026,0.0011138414847664535,0.004856179820917461,0,0.0007751179028177444,0.0015617895837369874,0.004856179820917461,29_KW_1
43818,136,2026-02-15 08:45:59.520000+00:00,123855.61419733617,426533.0744753353,6.02267189437315,-0.001572775625390932,0.0003668091958388686,0.0003793519364112541,0,0.0010609517234549779,0.0012176015746021797,0.0003793519364112541,904_GSL_1
43819,148,2026-02-15 08:46:13.490000+00:00,124351.04089476558,426607.3995664068,8.016852610464557,-0.0002236490836367011,0.001110512064769864,0.0013961952521750476,0,0.0010378681419450134,-0.0004539666051006052,0.0013961952521750476,14_P5_1
43820,122,2026-02-15 08:46:13.770000+00:00,124329.15051462932,426611.39143948024,8.089719469508921,0.0009637262701289728,-0.0005994286038912833,0.006055631066523404,0,-0.00033538539818178675,0.0010842507134358728,0.006055631066523404,16_P5_1
43821,150,2026-02-15 08:46:14.520000+00:00,124401.10399498376,426812.3229043958,9.186737038622322,0.0008143538289004937,0.001472806790843606,0.00472301537851294,0,0.0016671213131229945,-0.00023030095338708191,0.00472301537851294,27_KW_1
43822,140,2026-02-15 08:46:19.430000+00:00,123928.08708160119,426940.4316463776,7.135711904375961,-0.0004421312769409269,-0.002792299317661673,0.00013819817361770959,0,0.00035086533606206377,-0.0028052288786145976,0.00013819817361770959,905_GSL_1
43823,120,2026-02-15 08:46:29.090000+00:00,124329.26225167995,426611.330293563,11.361600223010969,0.0019998447824036703,-0.0008815270848572254,0.0035690563640962125,0,-0.00034391359940611773,0.002158284640909903,0.0035690563640962125,15_P5_1
43824,129,2026-02-15 08:46:31.090000+00:00,124898.94057554808,426720.7733638047,4.085224707136388,0.0009038493008119985,0.0008611345547251403,-0.006460038109225685,0,0.0007955895391955241,-0.0009620465503512071,-0.006460038109225685,901_GSL_1
43825,128,2026-02-15 08:46:32.610000+00:00,124898.9384461587,426720.77863239247,4.075575161624796,-0.0018552408000687137,0.009368357656057924,-0.005816769378883535,0,0.002376759151159784,-0.009249814027073028,-0.005816769378883535,901_GSL_1
43826,145,2026-02-15 08:46:39.560000+00:00,124266.91900761698,427056.3123143148,7.111206035667353,0.0006838641420472413,-0.0024322927929461002,0.0032390993757065445,0,-0.0021993145935206107,-0.0012436774960265307,0.0032390993757065445,906_GSL_1
43827,6,2026-02-15 08:46:39.760000+00:00,124399.0407392347,426925.07488860365,8.556967912802172,0.0015684903191868216,-0.0005606112536042929,0.009661216980614284,11,-0.0008677491568669579,0.001421779961810982,0.009661216980614284,TS5
43828,124,2026-02-15 08:46:47.500000+00:00,124339.65863002121,426609.5900038944,6.678074864333976,0.0008642979810247198,-0.00023800961207598448,0.0036446685007822666,0,4.415269249360402e-05,0.0008953826641104533,0.0036446685007822666,17_P5_1
43829,154,2026-02-15 08:46:47.700000+00:00,124285.66670137909,426445.56289110606,7.897752029369934,0.002076379081699997,-0.0009338939562439919,-0.003847970630065589,11,-0.002261829883965539,0.00026006458511457204,-0.003847970630065589,TS1-1
43830,149,2026-02-15 08:46:50.220000+00:00,124351.04217296651,426607.3981265618,8.01681604885351,0.0008612744422862306,0.0013940962962806225,0.004590204885712268,0,-0.0015122210201811528,-0.0006312572647986553,0.004590204885712268,14_P5_1
43831,131,2026-02-15 08:46:50.560000+00:00,124806.21761752607,426258.50158198405,4.608617810137565,-0.0009269700822187588,-0.004702080448623747,-0.0028866626349977054,0,0.0007665515022574882,0.004730880771383394,-0.0028866626349977054,903_GSL_1
43832,3,2026-02-15 08:46:50.760000+00:00,124314.90476531046,426440.7946073412,7.058125458213965,-0.0024740414664847776,-0.0014699423918500543,-0.020303637277119257,11,-0.002754632034421169,0.0008328350185869339,-0.020303637277119257,TS2
43833,147,2026-02-15 08:47:05.540000+00:00,124350.92817928664,426607.5115315486,11.376009222975213,0.0016719410486984998,0.0015388084575533867,0.0017895813027699603,0,-0.001783692589754177,-0.0014077496526786679,0.0017895813027699603,13_P5_1
43834,126,2026-02-15 08:47:20.720000+00:00,124339.65852964323,426609.58989163255,6.671656683095152,0.0017090390902012587,0.0014014714979566634,0.0009994939596937868,0,-0.001745092316865578,-0.001356314778006038,0.0009994939596937868,17_P5_1
43835,121,2026-02-15 08:47:36.820000+00:00,124329.2618455431,426611.32861030166,11.35713570758841,0.0023027733841445297,0.0008938090759329498,0.0028361855142886583,0,-0.0014998355750922177,-0.0019626902890248275,0.0028361855142886583,15_P5_1
43836,123,2026-02-15 08:47:52.620000+00:00,124329.15192757995,426611.39153451676,8.080428733951894,0.002170967825804837,0.001256497111171484,0.0023130888978286634,0,-0.001812652965110154,-0.0017338326098961894,0.0023130888978286634,16_P5_1
43837,4,2026-02-15 08:47:52.820000+00:00,124378.97123869426,426782.74213565816,7.762637941100835,-0.0005792789452243596,0.000952750735450536,0.007562236128569211,11,-0.001114568027604328,-3.218962758376778e-05,0.007562236128569211,TS3
43838,68,2026-02-15 08:51:20.430000+00:00,123928.0866580198,426940.4330028646,7.1142206124691905,-0.022292342051514424,-0.014732140640262514,-0.004592668571035574,0,0.0019966468646321826,-0.026645785469453648,-0.004592668571035574,905_GSL_1
43839,66,2026-02-15 08:51:22.160000+00:00,124898.94164366656,426720.7689420032,4.132229649360929,0.004038002880406566,-0.005263151600956917,0.049943118957164856,0,0.005756007015836883,0.0032976681565105477,0.049943118957164856,901_GSL_1
43840,68,2026-02-15 08:51:22.300000+00:00,123928.08705417802,426940.433871197,7.134863548004371,-0.02189618383999914,-0.013863808242604136,0.01605026696414491,0,0.01609083975079717,-0.02031582934208947,0.01605026696414491,905_GSL_1
43841,67,2026-02-15 08:51:22.980000+00:00,123855.6150533777,426533.0762808095,6.053542706255253,-0.0029410964489215985,-0.014821895223576576,0.009134557917676922,0,-7.409842862830343e-05,-0.015110696071439467,0.009134557917676922,904_GSL_1
43842,71,2026-02-15 08:51:23.130000+00:00,124806.21676246477,426258.5066662995,4.59171866315412,-0.01099947071634233,-0.008439832599833608,0.00021500000485286108,0,0.001468217133064922,0.01378635081531952,0.00021500000485286108,903_GSL_1
43843,71,2026-02-15 08:51:38.210000+00:00,124806.22636808426,426258.50458249584,4.63448991087343,-0.0013938512274762616,-0.0105236362433061,0.04298624772416293,0,0.008415347449820115,0.006470832119949402,0.04298624772416293,903_GSL_1
43844,69,2026-02-15 08:51:38.950000+00:00,124266.92105694373,427056.3159111585,7.1080173051459,-0.021540252928389236,0.0010727744665928185,0.01751593421846742,0,0.009155630150640755,-0.01952710367207161,0.01751593421846742,906_GSL_1
43845,68,2026-02-15 08:51:39.190000+00:00,123928.08682983315,426940.4317662265,7.134684875594202,-0.02212052870891057,-0.015968778752721846,0.015871594553975577,0,1.0908246750801201e-05,-0.02728222069819959,0.015871594553975577,905_GSL_1
43846,67,2026-02-15 08:51:39.800000+00:00,123855.61289743795,426533.07995127357,6.033007348893355,-0.005097036191727966,-0.011151431128382683,-0.011400799444221121,0,0.010657540057002349,-0.006062263115721501,-0.011400799444221121,904_GSL_1
43847,67,2026-02-15 08:51:54.910000+00:00,123855.60965013521,426533.0743398457,6.063950971201363,-0.008344338930328377,-0.016762859013397247,0.01954282286378728,0,0.01631644552814284,-0.009186677300002138,0.01954282286378728,904_GSL_1
43848,69,2026-02-15 08:51:55.380000+00:00,124266.92167622386,427056.3149102327,7.092159689021732,-0.020920972790918313,7.18486262485385e-05,0.0016583180942992826,0,0.0007128975993768228,-0.02090894645256525,0.0016583180942992826,906_GSL_1
43849,66,2026-02-15 08:51:56+00:00,124898.94058119101,426720.77429325547,4.0845996130764135,0.002975527328089811,8.81006708368659e-05,0.0023130826726491804,0,0.002944193221544604,-0.0004396030966929141,0.0023130826726491804,901_GSL_1
43850,68,2026-02-15 08:51:58.960000+00:00,123928.08808546429,426940.4357017434,7.145121955473692,-0.02086489756766241,-0.012033261824399233,0.02630867443346574,0,0.020461191401337685,-0.012707595645180625,0.02630867443346574,905_GSL_1
43851,66,2026-02-15 08:52:12.620000+00:00,124898.94142507049,426720.7703568394,4.084833810099278,0.003819406803813763,-0.0038483153912238777,0.0025472796955137156,0,0.001909023884009911,0.005074744081589648,0.0025472796955137156,901_GSL_1
43852,66,2026-02-15 08:52:12.630000+00:00,124898.94017712882,426720.7748387896,4.080150148680337,0.0025714651419548318,0.0006336348014883697,-0.0021363817234272275,0,0.0025926974396191667,0.0005402277524694611,-0.0021363817234272275,901_GSL_1
43853,69,2026-02-15 08:52:17.840000+00:00,124266.92174824257,427056.31581002177,7.120360847630266,-0.020848954081884585,0.0009716377244330943,0.02985947670283373,0,0.015475211340781196,-0.014005027673454648,0.02985947670283373,906_GSL_1
43854,71,2026-02-15 08:52:29.780000+00:00,124806.22021037492,426258.5088286794,4.610796686519757,-0.007551560571300797,-0.006277452688664198,0.01929302337048977,0,-0.004896516798716167,0.008512144416087674,0.01929302337048977,903_GSL_1
43855,149,2026-02-15 08:52:32.350000+00:00,124351.04221141995,426607.39812051156,8.01686691683083,0.00089972787827719,0.0013880460755899549,0.004641072863032392,0,-0.0015122949404338545,-0.0006701836882885264,0.004641072863032392,14_P5_1
43856,147,2026-02-15 08:52:48.240000+00:00,124350.92798399302,426607.51146824093,11.37633529546921,0.0014766474341740832,0.001475500816013664,0.002115653796765926,0,-0.0016903177509296208,-0.0012249147740974145,0.002115653796765926,13_P5_1
43857,164,2026-02-15 08:52:50.910000+00:00,124091.06437425567,427154.2065846412,9.840609198369064,-0.030954195695812814,0.01185369974700734,0.02597566673966689,0,0.019626510725858054,-0.026710906117064937,0.02597566673966689,907_GSL_1
43858,110,2026-02-15 08:52:56.710000+00:00,124434.13970353924,426963.9266179879,8.795563854390315,-0.0003823032311629504,-0.005468585528433323,0.044503494132525745,0,-0.005428549638192642,0.000763172502142554,0.044503494132525745,35_P9_0
43859,126,2026-02-15 08:53:04.020000+00:00,124339.65902076356,426609.58972089627,6.6729246182162445,0.002200159418862313,0.001230735215358436,0.002267429080786698,0,-0.0016873347556469233,-0.0018730488677869204,0.002267429080786698,17_P5_1
43860,122,2026-02-15 08:53:07.980000+00:00,124329.1514811156,426611.39149475744,8.090688617951278,0.001930212543811649,-0.0005441514076665044,0.00702477950888003,0,-3.677785358182696e-05,0.002005110622444355,0.00702477950888003,16_P5_1
43861,111,2026-02-15 08:53:13.190000+00:00,124434.26159164724,426963.97005825856,6.512358101865512,-9.911207598634064e-05,-0.008005520794540644,0.05106559225074392,0,-0.007847386279054442,0.001586415766038984,0.05106559225074392,36_P9_0
43862,107,2026-02-15 08:53:19.280000+00:00,124409.92342027028,426969.5247140261,6.298335418947886,0.0026027629792224616,0.00030297297053039074,0.009255095517852752,0,0.0009131050472323194,0.0024560958693833302,0.009255095517852752,38_P9_0
43863,121,2026-02-15 08:53:19.620000+00:00,124329.26190154799,426611.3287873057,11.356419365362363,0.0023587782779941335,0.0010708131012506783,0.002119843288241441,0,-0.0016854341689247227,-0.0019671775020999238,0.002119843288241441,15_P5_1
43864,120,2026-02-15 08:53:23.670000+00:00,124329.26283122959,426611.3303767211,11.363732959896307,0.002579394422355108,-0.0007983690011315048,0.005701793249434317,0,-0.00011609550492166256,0.0026976268240402235,0.005701793249434317,15_P5_1
43865,123,2026-02-15 08:53:34.430000+00:00,124329.15255228618,426611.39140746946,8.081766232196555,0.0027956740523222834,0.0011294498108327389,0.0036505871424896696,0,-0.0018650718302004757,-0.0023691680713302833,0.0036505871424896696,16_P5_1
43866,106,2026-02-15 08:53:34.630000+00:00,124410.03507253653,426969.4501058438,8.93310746870179,0.00286871830758173,0.0005445028655230999,0.009220244363259411,0,0.0012182591573112816,0.002653652713609047,0.009220244363259411,37_P9_0
43867,124,2026-02-15 08:53:41.680000+00:00,124339.6597362079,426609.59003265953,6.680551741472012,0.0019704846781678498,-0.00020924449199810624,0.006121545638818837,0,0.0004173313783831648,0.0019371183869197584,0.006121545638818837,17_P5_1
43868,118,2026-02-15 08:53:50.620000+00:00,124372.26226231607,426775.11333811964,6.171134003753901,0.0022349540813593194,0.0006736208451911807,0.005601934763538985,0,-0.001981931957861548,-0.0012331790232029778,0.005601934763538985,22_P6_1
43869,160,2026-02-15 08:53:52.360000+00:00,124421.81366028191,426965.6176269909,5.604432493945573,0.00245412127696909,-0.0010110477451235056,0.012251264058234845,0,0.00032020825700381563,0.0026348425867854615,0.012251264058234845,38a_P9_0
43870,102,2026-02-15 08:53:53.600000+00:00,124282.39507160793,426301.79505699896,6.905584354183562,0.001782662104233168,0.001499134348705411,0.002286370416825889,0,-0.001865728211281587,-0.0013943981551068668,0.002286370416825889,02_P1_0
43871,170,2026-02-15 08:53:57.230000+00:00,124669.37351876342,426931.310935026,13.800754884281652,-0.014528053055983037,0.012438054254744202,0.014564753610263992,0,0.0007542317903677014,-0.01911022379899872,0.014564753610263992,908_GSL_1
43872,74,2026-02-15 08:54:07.120000+00:00,124369.3476112792,426785.7259752648,7.2353812501645685,0.0012980698957107961,-0.0004910319112241268,0.005327415407496261,0,-0.0013852605092153985,-8.456425722106519e-05,0.005327415407496261,21_P6_1
43873,103,2026-02-15 08:54:10.490000+00:00,124282.3138043919,426301.7988596385,9.299335898148517,0.0020859847427345812,0.0014154852833598852,0.0013844123574031642,0,-0.0018543179977335027,-0.0017077575055058267,0.0013844123574031642,01_P1_0
43874,162,2026-02-15 08:54:10.530000+00:00,124402.99791685937,426879.64650729933,6.556804958005394,0.00248873105738312,-0.0012262885575182736,0.012131914714826664,0,0.0014375096379415473,-0.002373000620123963,0.012131914714826664,34a_P7_0
43875,92,2026-02-15 08:54:15.100000+00:00,124278.31741272994,426395.6381299355,11.106675317548238,0.0034369273635093123,-0.0001606896985322237,0.004886334321017927,0,-0.0003418022616145004,-0.0034236620883505223,0.004886334321017927,11_P3_0
43876,73,2026-02-15 08:54:23.510000+00:00,124369.49095987857,426785.6966849085,11.411482933414526,0.0016203141422010958,0.00021825428120791912,0.005428317351450218,0,-0.0014820333080724306,0.0006903840412743808,0.005428317351450218,20_P6_1
43877,100,2026-02-15 08:54:26.910000+00:00,124292.4861478433,426345.9314870262,7.588980223717846,0.0024245699896709993,0.0012520464952103794,0.00048065474874814385,0,-0.0017761433343989404,-0.002071587535358339,0.00048065474874814385,06_P2_0
43878,104,2026-02-15 08:54:27.500000+00:00,124389.81857673315,426881.44517060515,10.734599240270757,0.0014805228711338714,0.0008310370030812919,0.008687372210550492,0,-0.001119286605125199,-0.0012766236595129058,0.008687372210550492,33_P7_0
43879,93,2026-02-15 08:54:30.400000+00:00,124278.27169491634,426395.7909157505,7.954024405899061,0.003571336666936986,-0.0004343520267866552,0.005298885619542837,0,-9.548075448512822e-05,-0.003596385782602474,0.005298885619542837,12_P3_0
43880,165,2026-02-15 08:54:41.900000+00:00,124091.06540486019,427154.20634635654,9.854300373145229,-0.01837576697289478,0.01019456289941445,0.0035648794192084665,0,0.01931455697391716,-0.008279239907959922,0.0035648794192084665,907_GSL_1
43881,101,2026-02-15 08:54:42.860000+00:00,124292.40733430337,426345.8847424314,10.216210855569283,0.0020154325320618227,0.001348905498161912,0.0005923579689994796,0,-0.0017774103222123838,-0.0016499475387894715,0.0005923579689994796,05_P2_0
43882,105,2026-02-15 08:54:43.080000+00:00,124389.68966298518,426881.4729223871,7.07147237313271,0.000977547824732028,0.0009691729792393744,0.009176476409919587,0,-0.0011526257790349353,-0.0007525621747272134,0.009176476409919587,34_P7_0
43883,94,2026-02-15 08:54:45.770000+00:00,124268.22759235895,426351.55571420526,10.219129241359843,0.003369859856320545,-0.00025881524197757244,0.004635302068882297,0,-0.00036029473902403114,-0.003360525030668904,0.004635302068882297,07_P2_0
43884,152,2026-02-15 08:54:58.420000+00:00,124370.27696320777,426819.5001451872,9.733783650909563,0.0011915459035662934,0.0009751492762006819,0.0048626996816842905,0,0.000674648928159183,0.0013840327217641906,0.0048626996816842905,29_KW_1
43885,98,2026-02-15 08:54:58.530000+00:00,124302.66323190885,426390.0792839873,7.980517461268446,0.002386275300523266,0.0013719787239097059,0.001466666137575956,0,-0.0018936442616125774,-0.001997685370424999,0.001466666137575956,10_P3_0
43886,95,2026-02-15 08:55:01.100000+00:00,124268.11291530756,426351.548650592,7.199368960387596,0.0033674053265713155,-0.0005404180265031755,0.0056981021424755696,0,-8.694516683873349e-05,-0.0034093856946309023,0.0056981021424755696,08_P2_0
43887,113,2026-02-15 08:55:06.110000+00:00,124414.07981381546,426875.90902439173,7.348159740970597,0.002579201289336197,-0.0062077464535832405,0.04480979584532019,0,0.005419947431821252,-0.003976501623183752,0.04480979584532019,32_P7_0
43888,117,2026-02-15 08:55:13.920000+00:00,124377.68158174554,426815.9067663586,7.623162768105083,0.0015646014508092776,0.0010603200644254684,0.005727727932623772,0,0.0009986445937231407,0.0016046698458951824,0.005727727932623772,26_KW_0
43889,99,2026-02-15 08:55:14.140000+00:00,124302.54019424393,426390.13642262586,11.088877667786042,0.0021139527671039104,0.0016063338844105601,0.0011224650366745692,0,-0.0020618135800011587,-0.0016727311831476706,0.0011224650366745692,09_P3_0
43890,96,2026-02-15 08:55:17.770000+00:00,124258.06493248703,426307.3521463305,9.309932340566615,0.003954290601541288,-0.000263246416579932,0.005386732390723736,0,-0.0005163715084480011,-0.003929258619961668,0.005386732390723736,03_P1_0
43891,112,2026-02-15 08:55:22.620000+00:00,124413.95284233728,426875.8614858983,10.713347322028865,0.00210771246929653,-0.005780167120974511,0.04408171510820047,0,0.005107678089620453,-0.003429928327594324,0.04408171510820047,31_P7_0
43892,153,2026-02-15 08:55:23.860000+00:00,124370.27806154956,426819.49796213396,9.738837612659418,0.004222744682920165,-0.0011609632638283074,0.012757135546429765,0,1.0000565939581776e-05,-0.004379418722361484,0.012757135546429765,29_KW_1
43893,116,2026-02-15 08:55:29.610000+00:00,124377.6888759865,426815.9011301709,10.010754176889765,0.0015160949260462075,0.0010686073219403625,0.005694421612641776,0,0.0010091466244738442,0.0015563060507498693,0.005694421612641776,25_KW_0
43894,166,2026-02-15 08:55:31.790000+00:00,124091.0619749532,427154.2072988847,9.824415109657314,-0.010305882489774376,0.018270905129611492,-0.005438509405490066,0,0.020518207826066028,-0.004363523318909218,-0.005438509405490066,907_GSL_1
43895,97,2026-02-15 08:55:32.980000+00:00,124257.99106934195,426307.3914097473,6.843984770278237,0.003199133076122962,-0.0004429573309607804,0.006922579682136387,0,-0.00019404727760008445,-0.003223819053522058,0.006922579682136387,04_P1_0
43896,161,2026-02-15 08:55:38.210000+00:00,124402.99234496907,426879.6387141336,6.5928537265667195,0.0009412224753759801,-0.008792753389570862,0.051229405742997614,0,0.0072599670216268964,-0.005048890052561319,0.051229405742997614,34a_P7_0
43897,115,2026-02-15 08:55:45.920000+00:00,124396.29088577093,426811.6351922497,7.65258306690555,0.0007950111175887287,0.0012779132812283933,0.006310774132503916,0,0.0015048212552888792,2.486002937246406e-05,0.006310774132503916,24_KW_0
43898,125,2026-02-15 08:55:47.920000+00:00,124339.65919780389,426609.59185333626,6.674979651189208,0.0013322402664925903,0.0006194898160174489,0.001463713060093852,0,0.0008062364307906411,0.0012282567229531243,0.001463713060093852,17_P5_1
43899,114,2026-02-15 08:56:01.700000+00:00,124396.30013588259,426811.63089595153,9.996327553891543,0.0011152375664096326,0.0013571957242675126,0.00564347624136019,0,0.001737539518400236,0.0002582469467365949,0.00564347624136019,23_KW_0
43900,146,2026-02-15 08:56:07.250000+00:00,124350.9266504717,426607.5133449177,11.378673749993652,0.00038389675319194794,0.0014795208699069917,-0.0006477632304306979,0,0.0015272256839270525,6.277286002093178e-05,-0.0006477632304306979,13_P5_1
43901,150,2026-02-15 08:56:17.500000+00:00,124401.10375372568,426812.32288677397,9.186957860667615,0.0005730957491323352,0.001455184945371002,0.004943837423805775,0,0.0015084770320993003,-0.00041291525345625677,0.004943837423805775,27_KW_1
43902,148,2026-02-15 08:56:25.010000+00:00,124351.04165742862,426607.3995097071,8.015754630959155,0.0005390139558585361,0.0010538123897276819,0.00029821574677235674,0,0.0011441218264373193,0.00030338398709155363,0.00029821574677235674,14_P5_1
43903,119,2026-02-15 08:56:32.710000+00:00,124400.815039146,426811.3443887183,3.9897253749471115,0.0008877589134499431,0.0012598370085470378,0.006191245860928785,0,0.0015400681937864779,-5.911966679395468e-05,0.006191245860928785,28_KW_1
43904,168,2026-02-15 08:56:42.530000+00:00,124669.37221746583,426931.31365192303,13.792081835896575,-0.004514505519182421,0.005911350657697767,-0.009258184038653638,0,0.0021469729273779227,-0.007121469927627206,-0.009258184038653638,908_GSL_1
43905,169,2026-02-15 08:56:50.940000+00:00,124669.37581356782,426931.3110303142,13.813086840415245,-0.0032638804987072945,0.008870761259458959,0.0013316275423527202,0,0.0011342255759807071,-0.009383861336089261,0.0013316275423527202,908_GSL_1
43906,72,2026-02-15 08:57:32.710000+00:00,124390.52466170472,426780.8887168402,10.992286982851176,0.0007020018674666062,0.0017859084764495492,0.00520166128441879,0,0.00040997320865885734,-0.0018746193417232507,0.00520166128441879,18_P6_1
43907,138,2026-02-15 09:00:19.960000+00:00,123928.08534013298,426940.43328542024,7.115810912071956,-0.0012787456944352016,0.0015642681973986328,-0.0021251515259708142,0,0.0020197179513741738,-5.352514667186726e-05,-0.0021251515259708142,905_GSL_1
43908,130,2026-02-15 09:00:21.110000+00:00,124898.93053764343,426720.74043083185,4.130094460372548,-0.007835353826521896,-0.029245866928249598,0.04003172790235343,0,0.004055364434844949,0.030004458356588767,0.04003172790235343,901_GSL_1
43909,133,2026-02-15 09:00:22.760000+00:00,124806.22346155425,426258.5091304067,4.594801193307343,0.0015654607268515974,-0.00235340662766248,0.0066440891227772525,0,0.002824409234196642,-0.00010909867196788107,0.0066440891227772525,903_GSL_1
43910,139,2026-02-15 09:00:23.220000+00:00,123928.08572892309,426940.4328675754,7.134829744146016,-0.0011410005972720683,0.0017635627882555127,-0.0017720865932400187,0,0.0016592301066284884,0.0012880184487624351,-0.0017720865932400187,905_GSL_1
43911,134,2026-02-15 09:00:25.100000+00:00,123855.61383927024,426533.0734326463,6.053945330333569,-0.0006228711717994884,-0.000865415669977665,0.008102411435788603,0,0.0004377953512964171,-0.000972238658398752,0.008102411435788603,904_GSL_1
43912,125,2026-02-15 09:00:37.220000+00:00,124339.66036938212,426609.59193491435,6.675617501026708,0.002503818497643806,0.0007010679109953344,0.0021015628975940004,0,0.0010569421563245964,0.002375600253231709,0.0021015628975940004,17_P5_1
43913,132,2026-02-15 09:00:38.320000+00:00,124806.18893531787,426258.4817352091,4.627539239995993,-0.02519896990270354,-0.023406541324220598,0.04490706578567227,0,0.007664329403126095,0.03352778423517102,0.04490706578567227,903_GSL_1
43914,137,2026-02-15 09:00:41.170000+00:00,123928.08351114126,426940.43087306496,7.133416490254917,-0.005888120620511472,-0.0029555060900747776,0.010552799289387238,0,0.0010529441025390297,-0.006503559748867522,0.010552799289387238,905_GSL_1
43915,143,2026-02-15 09:00:42.190000+00:00,124266.92049076645,427056.31616046216,7.107968369850123,0.0009233383607352152,0.0019335861434228718,0.0024266316273449107,0,0.0014393437975023543,0.0015873243320234304,0.0024266316273449107,906_GSL_1
43916,153,2026-02-15 09:00:42.550000+00:00,124370.27869455387,426819.4978234827,9.7386022767793,0.004855748993577436,-0.0012996144942007959,0.012521799666311395,0,-2.2637041691469847e-05,-0.005026607572360163,0.012521799666311395,29_KW_1
43917,146,2026-02-15 09:00:54.820000+00:00,124350.92766535579,426607.5131606787,11.379269112493553,0.0013987808488309383,0.0012952818651683629,-5.240073052981131e-05,0,0.0015614789996604079,0.001093675594913668,-5.240073052981131e-05,13_P5_1
43918,141,2026-02-15 09:00:57.390000+00:00,124266.9188128481,427056.3161465421,7.093194151593676,0.00018409665790386498,0.0016282390570268035,0.00905945133057795,0,0.0016218239598965174,0.00023396805205943468,0.00905945133057795,906_GSL_1
43919,152,2026-02-15 09:00:57.920000+00:00,124370.27713108726,426819.5002953471,9.733776273074433,0.0013594253978226334,0.0011253092088736594,0.004855321846553906,0,0.0007821277430466362,0.0015819716879191805,0.004855321846553906,29_KW_1
43920,135,2026-02-15 09:00:59.130000+00:00,123855.59472514456,426533.0948615273,6.062193804818628,-0.01892513367056381,0.018226606014650315,0.04099535770027085,0,0.005427320492229558,0.02570824855054541,0.04099535770027085,904_GSL_1
43921,5,2026-02-15 09:00:59.330000+00:00,124424.61754188778,426919.1384242753,8.786443291677479,0.00033911026548594236,-0.007923493743874133,0.018617469671164955,11,-0.007930307683365126,-8.348010859178623e-05,0.018617469671164955,TS4
43922,136,2026-02-15 09:00:59.900000+00:00,123855.61656728205,426533.0735985757,6.032348503599069,0.0007971702580107376,-0.0005099503905512393,0.01005596116233054,0,-0.0003481816489431805,-0.0008799428165622327,0.01005596116233054,904_GSL_1
43923,148,2026-02-15 09:01:13.930000+00:00,124351.0422108295,426607.3997911006,8.016951718662744,0.0010924148373305798,0.00133520585950464,0.0014953034503619733,0,0.0015364274040921592,0.0007845608300381498,0.0014953034503619733,14_P5_1
43924,150,2026-02-15 09:01:14.510000+00:00,124401.10389027896,426812.3229246987,9.186791658455405,0.00070964902988635,0.0014931096811778843,0.004777635211596021,0,0.0016206501363126298,-0.00032629955763931976,0.004777635211596021,27_KW_1
43925,122,2026-02-15 09:01:14.950000+00:00,124329.15105534869,426611.391865433,8.090900005874914,0.0015044456376926973,-0.0001734758261591196,0.007236167432516538,0,0.00021378463701430463,0.001499248701186977,0.007236167432516538,16_P5_1
43926,140,2026-02-15 09:01:19.490000+00:00,123928.08709297514,426940.4316260044,7.144844598844303,-0.00043075732537545264,-0.0028126725228503346,0.00927089264195935,0,0.0003388453693571116,-0.0028252190021000358,0.00927089264195935,905_GSL_1
43927,120,2026-02-15 09:01:30.680000+00:00,124329.26264657066,426611.33088682045,11.363957237877548,0.002394735492998734,-0.00028826965717598796,0.005926071230675234,0,0.00033026576225944637,0.0023893057575277883,0.005926071230675234,15_P5_1
43928,129,2026-02-15 09:01:31.920000+00:00,124898.94139829543,426720.775687692,4.085647331922819,0.0017265966453123838,0.003185021865647286,-0.006037413322794727,0,0.001337542048452903,-0.003366969190366272,-0.006037413322794727,901_GSL_1
43929,128,2026-02-15 09:01:31.940000+00:00,124898.94122319676,426720.77518300194,4.077073837998889,0.0009217972547048703,0.005918967130128294,-0.004318093004790136,0,0.0033898449651481367,-0.004938910120520563,-0.004318093004790136,901_GSL_1
43930,145,2026-02-15 09:01:39.910000+00:00,124266.92009728668,427056.31412584375,7.1208560709134625,0.001773533847881481,-0.0006207638652995229,0.01288913462181629,0,-0.0016957462275615557,0.0008094534067836454,0.01288913462181629,906_GSL_1
43931,6,2026-02-15 09:01:40.110000+00:00,124399.04065860773,426925.0751915689,8.556242920727284,0.0014878633519401774,-0.0002576460246928036,0.00893622490572632,11,-0.0014877754009904277,0.0002581534123238293,0.00893622490572632,TS5
43932,131,2026-02-15 09:01:48.950000+00:00,124806.21803829087,426258.50065255316,4.608237379435865,-0.0005062052805442363,-0.005631511332467198,-0.003267093336697613,0,0.0014843442746979968,0.005455903751710492,-0.003267093336697613,903_GSL_1
43933,3,2026-02-15 09:01:49.150000+00:00,124314.90451013544,426440.7946932146,7.049179612354104,-0.002729216488660313,-0.0013840689789503813,-0.02924948313698028,11,-0.0029817197070986035,0.0006881984951799151,-0.02924948313698028,TS2
43934,149,2026-02-15 09:01:49.400000+00:00,124351.04260946019,426607.3978654959,8.017056963069308,0.0012977681180927902,0.00113303039688617,0.0048311191015102395,0,-0.0013230667783628934,-0.001103383101465021,0.0048311191015102395,14_P5_1
43935,124,2026-02-15 09:01:50.620000+00:00,124339.65931781313,426609.5904377533,6.680688475740961,0.0015520899032708257,0.00019584927940741181,0.00625827990776795,0,0.0006713022167670748,0.0014130439985517984,0.00625827990776795,17_P5_1
43936,154,2026-02-15 09:01:50.820000+00:00,124285.66667228963,426445.5631148359,7.89678524537063,0.002047289628535509,-0.0007101641385816038,-0.004814754629369311,11,-0.002158430431983681,0.00019210933637685382,-0.004814754629369311,TS1-1
43937,147,2026-02-15 09:02:05.330000+00:00,124350.92797245788,426607.5113182922,11.375822793030048,0.0014651122910436243,0.0013255520607344806,0.001603151357604915,0,-0.0015404303367535792,-0.0012372213499183484,0.001603151357604915,13_P5_1
43938,126,2026-02-15 09:02:20.410000+00:00,124339.6591870056,426609.589543954,6.672307377608628,0.002366401458857581,0.0010537929483689368,0.001650188473170111,0,-0.0015515925724227785,-0.002074342288947957,0.001650188473170111,17_P5_1
43939,121,2026-02-15 09:02:35.920000+00:00,124329.26177224507,426611.3285361763,11.357109907494563,0.0022294753580354154,0.0008196837152354419,0.002810385420440653,0,-0.0014082277054631737,-0.001912939229216455,0.002810385420440653,15_P5_1
43940,123,2026-02-15 09:02:51.720000+00:00,124329.15259735048,426611.3911947506,8.081367963730543,0.0028407383506419137,0.0009167309617623687,0.0032523186764770173,0,-0.0016733934661271811,-0.002471830160141339,0.0032523186764770173,16_P5_1
43941,4,2026-02-15 09:02:51.920000+00:00,124378.97129666782,426782.7421892088,7.762753113902153,-0.000521305380971171,0.0010063013760372996,0.007677408929886553,11,-0.0011279669163665514,-0.00010996542741513536,0.007677408929886553,TS3
43942,68,2026-02-15 09:06:20.550000+00:00,123928.07987780261,426940.42914409697,7.117042033878188,-0.02907255924947094,-0.0185909082647413,-0.0017712471620381365,0,0.003095750194001648,-0.03436934538448999,-0.0017712471620381365,905_GSL_1
43943,71,2026-02-15 09:06:22.850000+00:00,124806.22219224175,426258.50796312676,4.587027010836868,-0.005569693734287284,-0.007143005321267992,-0.004476652312399132,0,0.0031921000121031763,0.008476704007227855,-0.004476652312399132,903_GSL_1
43944,66,2026-02-15 09:06:23.350000+00:00,124898.93812988805,426720.75958630315,4.131465463433851,0.0005242243641987443,-0.014618851651903242,0.04917893303008647,0,0.006123972091069525,0.013284675405600818,0.04917893303008647,901_GSL_1
43945,68,2026-02-15 09:06:24.110000+00:00,123928.08557868961,426940.4323896416,7.135240538364481,-0.023371672243229114,-0.015345363644883037,0.01642725732425454,0,0.016994408708255315,-0.022201471156105854,0.01642725732425454,905_GSL_1
43946,67,2026-02-15 09:06:24.490000+00:00,123855.61402625228,426533.07719759824,6.051648086933529,-0.00396822186303325,-0.01390510646160692,0.007239938595953177,0,0.0011152447969237282,-0.014417177237788684,0.007239938595953177,904_GSL_1
43947,71,2026-02-15 09:06:39.320000+00:00,124806.21206441309,426258.49560670985,4.628770416151613,-0.015697522394475527,-0.0194994222256355,0.03726675300234561,0,0.009032955792107987,0.023346207103435265,0.03726675300234561,903_GSL_1
43948,67,2026-02-15 09:06:40.480000+00:00,123855.61175070374,426533.0772894247,6.024276860828335,-0.006243770403671078,-0.013813279976602644,-0.020131287509240536,0,0.013144777282091473,-0.007550245212573055,-0.020131287509240536,904_GSL_1
43949,68,2026-02-15 09:06:40.790000+00:00,123928.08714373826,426940.43324873765,7.132178216292489,-0.021806623597512953,-0.014486267580650747,0.013364935252263344,0,0.0010287553381078285,-0.02615955740443894,0.013364935252263344,905_GSL_1
43950,69,2026-02-15 09:06:42.400000+00:00,124266.92096293274,427056.3160984809,7.107772266208166,-0.021634263917803764,0.0012600968475453556,0.01727089528073389,0,0.009364602101798536,-0.01954311763269541,0.01727089528073389,906_GSL_1
43951,67,2026-02-15 09:06:56.450000+00:00,123855.60799161607,426533.07518911397,6.061387920206485,-0.010002858078223653,-0.015913590730633587,0.01697977186890931,0,0.01721208561121504,-0.007552724580401147,0.01697977186890931,904_GSL_1
43952,69,2026-02-15 09:06:56.780000+00:00,124266.9235011076,427056.31596855505,7.095077967591217,-0.01909608906134963,0.0011301710037514567,0.004576596663784294,0,0.0017148022569609216,-0.019052489526469745,0.004576596663784294,906_GSL_1
43953,66,2026-02-15 09:06:58.920000+00:00,124898.94082055998,426720.77429293847,4.076611062118021,0.003214896292774938,8.778367191553116e-05,-0.005675468285743612,0,0.002936941369470287,0.0013105874784412558,-0.005675468285743612,901_GSL_1
43954,68,2026-02-15 09:07:02.110000+00:00,123928.08614167868,426940.43309337605,7.136775684741154,-0.022808683177572675,-0.014641629182733595,0.01796240370092761,0,0.022318799421603235,-0.015378053381290035,0.01796240370092761,905_GSL_1
43955,66,2026-02-15 09:07:04.610000+00:00,124898.9411568045,426720.773456062,4.086102933571297,0.0035511408204911277,-0.0007490927819162607,0.0038164031675327337,0,0.003614834681595834,0.0003235913280812523,0.0038164031675327337,901_GSL_1
43956,71,2026-02-15 09:07:16.680000+00:00,124806.21807620583,426258.50133479777,4.6079392089447815,-0.009685729659395292,-0.01377133431378752,0.016435545795514095,0,-0.004290824894501211,0.016280412449987864,0.016435545795514095,903_GSL_1
43957,66,2026-02-15 09:07:19.780000+00:00,124898.94188490912,426720.77154765395,4.086062448285443,0.004279245433281176,-0.0026575008523650467,0.0037759178816783034,0,0.002816103898259137,0.004176578874244857,0.0037759178816783034,901_GSL_1
43958,69,2026-02-15 09:07:20.860000+00:00,124266.92010173421,427056.3136008338,7.11189060658978,-0.02249546244274825,-0.0012375502265058458,0.021389235662347517,0,0.015086084374351598,-0.016732824606926537,0.021389235662347517,906_GSL_1
43959,149,2026-02-15 09:07:41.020000+00:00,124351.04287364,426607.3975214406,8.016934911486715,0.0015619479381712154,0.0007889750995673239,0.004709067518916754,0,-0.0010248511814601883,-0.0014183945590540861,0.004709067518916754,14_P5_1
43960,147,2026-02-15 09:07:57.920000+00:00,124350.92813891768,426607.5109971545,11.376518634894493,0.0016315720858983696,0.0010044144000858068,0.002298993222050072,0,-0.0012496344232494963,-0.0014523393428577172,0.002298993222050072,13_P5_1
43961,110,2026-02-15 09:07:58.130000+00:00,124434.1399097346,426963.9268144797,8.794950634852889,-0.00017610787472222,-0.005272093752864748,0.043890274595099754,0,-0.005193473958673235,0.0009240209754749301,0.043890274595099754,35_P9_0
43962,164,2026-02-15 09:07:58.390000+00:00,124091.06276339981,427154.20765841455,9.840009085792378,-0.03256505155877676,0.012927473115269095,0.025375554162980762,0,0.02108847546990057,-0.027979963304607742,0.025375554162980762,907_GSL_1
43963,126,2026-02-15 09:08:14.510000+00:00,124339.65922456399,426609.5893859268,6.672797159144047,0.0024039598501985893,0.000895765726454556,0.0021399700085895645,0,-0.0014058041062948732,-0.0021459575980857484,0.0021399700085895645,17_P5_1
43964,111,2026-02-15 09:08:14.510000+00:00,124434.26204870288,426963.97024585406,6.511696856054382,0.00035794355790130794,-0.0078179253032431,0.050404346439613334,0,-0.007567873267233275,0.0019938339571859394,0.050404346439613334,36_P9_0
43965,122,2026-02-15 09:08:15.990000+00:00,124329.15112206493,426611.3919610605,8.089589492296527,0.001571161876199767,-7.784832268953323e-05,0.0059256538541294645,0,0.0003232076641908737,0.0015395281122400541,0.0059256538541294645,16_P5_1
43966,107,2026-02-15 09:08:20.680000+00:00,124409.92261922141,426969.5234994636,6.29006733672337,0.001801714111934416,-0.0009115894790738821,0.0009870132933365028,0,-0.0004570569793678111,0.001966791304921034,0.0009870132933365028,38_P9_0
43967,121,2026-02-15 09:08:30.510000+00:00,124329.26178083489,426611.32842073025,11.356662021439849,0.0022380651789717376,0.0007042376673780382,0.0023624993657271887,0,-0.0012997433837794896,-0.0019533442025923896,0.0023624993657271887,15_P5_1
43968,120,2026-02-15 09:08:31.790000+00:00,124329.26212753147,426611.331031092,11.363060790992831,0.0018756963108899072,-0.0001439981278963387,0.005029624345958439,0,0.00033778621833935416,0.001850641127345779,0.005029624345958439,15_P5_1
43969,106,2026-02-15 09:08:35.620000+00:00,124410.03403546115,426969.4488442414,8.924597959531877,0.0018316429341211915,-0.0007170995231717825,0.0007107351933459682,0,-0.0002556546783188761,0.0019503302924640629,0.0007107351933459682,37_P9_0
43970,102,2026-02-15 09:08:42.270000+00:00,124282.39475972987,426301.7944160172,6.904897101867001,0.0014707840455230325,0.0008581525762565434,0.001599118100265251,0,-0.0011705593856505654,-0.0012366981351025852,0.001599118100265251,02_P1_0
43971,123,2026-02-15 09:08:46.010000+00:00,124329.1524736674,426611.3910822515,8.081453288305422,0.0027170552784809843,0.000804231851361692,0.003337643251356326,0,-0.0015308371080540314,-0.002384473947366757,0.003337643251356326,16_P5_1
43972,124,2026-02-15 09:08:51.980000+00:00,124339.65938302112,426609.59089555487,6.679979480046768,0.001617297893972136,0.0006536508444696665,0.005549284213574701,0,0.0011265408979003412,0.0013318474048030083,0.005549284213574701,17_P5_1
43973,160,2026-02-15 09:08:53.030000+00:00,124421.81264216882,426965.61653409526,5.595822224889749,0.0014360081841005012,-0.0021039433777332306,0.003640995002410108,0,-0.0011312306721741072,0.0022823265340094637,0.003640995002410108,38a_P9_0
43974,103,2026-02-15 09:08:59.280000+00:00,124282.31302064417,426301.7983682353,9.299085324640565,0.0013022370112594217,0.0009240820654667914,0.0011338388494515073,0,-0.0011969660624901884,-0.0010568922094792716,0.0011338388494515073,01_P1_0
43975,118,2026-02-15 09:09:02.200000+00:00,124372.26225981586,426775.11284542247,6.171522248250915,0.002232453873148188,0.0001809236709959805,0.005990179260553674,0,-0.0016103637779072467,-0.0015566991274055847,0.005990179260553674,22_P6_1
43976,170,2026-02-15 09:09:07.770000+00:00,124669.37328656661,426931.3127287054,13.802960132016377,-0.014760249861865304,0.014231733686756343,0.016770001344989183,0,0.0020177717485740003,-0.020404308782365224,0.016770001344989183,908_GSL_1
43977,162,2026-02-15 09:09:11.150000+00:00,124402.99689184579,426879.64528393146,6.548288672862329,0.00146371747541707,-0.002449656429234892,0.003615629571761758,0,0.002567399512144671,-0.0012456906574958605,0.003615629571761758,34a_P7_0
43978,100,2026-02-15 09:09:16.800000+00:00,124292.48589065792,426345.9310153405,7.58931862131229,0.0021673846058547497,0.0007803607732057571,0.0008190523431919061,0,-0.0012579425587643668,-0.00192979260152582,0.0008190523431919061,06_P2_0
43979,74,2026-02-15 09:09:18.420000+00:00,124369.347593304,426785.7257581402,7.235688489395221,0.0012800947006326169,-0.0007081564981490374,0.005634654638148717,0,-0.0014324013889563134,-0.00029724456155570146,0.005634654638148717,21_P6_1
43980,92,2026-02-15 09:09:26.280000+00:00,124278.31751955872,426395.6383852277,11.105545449275223,0.003543756145518273,9.460252476856112e-05,0.003756466048002949,0,-0.0006099312592028036,-0.003492154222774017,0.003756466048002949,11_P3_0
43981,104,2026-02-15 09:09:26.800000+00:00,124389.8175924471,426881.4439084853,10.726290740001065,0.0004962368257110938,-0.0004310828517191112,0.0003788719408586161,0,0.00031913214045205214,-0.0005746634573109685,0.0003788719408586161,33_P7_0
43982,101,2026-02-15 09:09:33.060000+00:00,124292.4066364354,426345.88418186945,10.217007553189134,0.0013175645581213757,0.0007883435464464128,0.0013890555888504963,0,-0.0010709902165395087,-0.0011002008308113296,0.0013890555888504963,05_P2_0
43983,73,2026-02-15 09:09:34.920000+00:00,124369.49092961708,426785.69647613616,11.411824227088276,0.0015900526486802846,9.481969755142927e-06,0.005769611025201016,0,-0.0015152380607191083,0.00048209019143083864,0.005769611025201016,20_P6_1
43984,93,2026-02-15 09:09:41.700000+00:00,124278.27179626556,426395.7910810765,7.952788213971827,0.0036726858816109598,-0.0002690260298550129,0.0040626936923091606,0,-0.00027390726161755617,-0.003672325067550147,0.0040626936923091606,12_P3_0
43985,105,2026-02-15 09:09:41.770000+00:00,124389.68864599659,426881.47156402294,7.063132231628115,-3.944076888728887e-05,-0.0003891912056133151,0.0008363349053253089,0,0.0003888086398992872,-4.3048929334335884e-05,0.0008363349053253089,34_P7_0
43986,98,2026-02-15 09:09:49.130000+00:00,124302.66260149899,426390.07893397764,7.9810480231357515,0.0017558654362801462,0.0010219690739177167,0.001997228004881002,0,-0.0014054626726007274,-0.0014670238219925144,0.001997228004881002,10_P3_0
43987,165,2026-02-15 09:09:52.420000+00:00,124091.06290421532,427154.20492024085,9.853615620078969,-0.020876411843346432,0.008768447209149599,0.002880126352948764,0,0.019719205503009155,-0.011129383282228716,0.002880126352948764,907_GSL_1
43988,94,2026-02-15 09:09:56.880000+00:00,124268.22767092928,426351.5557082361,10.218643569502401,0.003448430186836049,-0.0002647843793965876,0.004149630211440325,0,-0.00036875693458270976,-0.0034388660695426486,0.004149630211440325,07_P2_0
43989,99,2026-02-15 09:10:06.150000+00:00,124302.53958773932,426390.1360527821,11.089154909857996,0.0015074481489136815,0.0012364901485852897,0.0013997071086286894,0,-0.0015586858503996092,-0.0011712413197013686,0.0013997071086286894,09_P3_0
43990,113,2026-02-15 09:10:08.230000+00:00,124414.07918579021,426875.90921989083,7.347696091906638,0.0019511760328896344,-0.006012247351463884,0.044346146781361284,0,0.005378817633526101,-0.003320019125212397,0.044346146781361284,32_P7_0
43991,152,2026-02-15 09:10:09.260000+00:00,124370.27692855019,426819.50009005476,9.734307434797806,0.0011568883201107383,0.0009200168424285948,0.005386483569926881,0,0.0006289775514496377,0.0013376131037536028,0.005386483569926881,29_KW_1
43992,95,2026-02-15 09:10:11.890000+00:00,124268.11288298693,426351.54880908225,7.1979763212525345,0.0033350846933899447,-0.0003819277626462281,0.00430546300741419,0,-0.00023680616311198954,-0.003348519309945223,0.00430546300741419,08_P2_0
43993,153,2026-02-15 09:10:22.150000+00:00,124370.27702108354,426819.4967121781,9.729888972436967,0.0031822786695556715,-0.0024109191144816577,0.0038084953239785335,0,0.0014895393008652492,-0.0037041464844765385,0.0038084953239785335,29_KW_1
43994,112,2026-02-15 09:10:24.050000+00:00,124413.95265515745,426875.8617384176,10.712952206224985,0.00192053263890557,-0.005527647852431983,0.04368659930432095,0,0.004907311969023529,-0.0031877304836318756,0.04368659930432095,31_P7_0
43995,166,2026-02-15 09:10:24.080000+00:00,124091.06391145302,427154.2085807523,9.8205369078788,-0.00836938267457299,0.019552772748284042,-0.009316711184004234,0,0.0211615601724423,-0.0021321021475495536,-0.009316711184004234,907_GSL_1
43996,117,2026-02-15 09:10:25.930000+00:00,124377.6815969615,426815.90641578933,7.623272057805597,0.0015798174135852605,0.0007097508059814572,0.005837017633137265,0,0.0006477491440950127,0.0016062348250435639,0.005837017633137265,26_KW_0
43997,96,2026-02-15 09:10:27.670000+00:00,124258.06527745609,426307.3521533074,9.309767970329025,0.004299259657273069,-0.00025626952992752194,0.005222362153133986,0,-0.0005907794570560618,-0.004266179474160172,0.005222362153133986,03_P1_0
43998,161,2026-02-15 09:10:39.450000+00:00,124402.99216045762,426879.63915217057,6.592218645293725,0.0007567110296804458,-0.008354716410394758,0.050594324470003116,0,0.006964416672321595,-0.0046766225307211294,0.050594324470003116,34a_P7_0
43999,125,2026-02-15 09:10:39.940000+00:00,124339.65869979172,426609.59181076544,6.675304759837893,0.0008342280925717205,0.0005769190029241145,0.0017888217087786984,0,0.000691858466296416,0.0007416899008243109,0.0017888217087786984,17_P5_1
44000,116,2026-02-15 09:10:41.820000+00:00,124377.68885159989,426815.9009427067,10.010924015588548,0.0014917083171894774,0.0008811430889181793,0.005864260311424729,0,0.0008227666850353648,0.0015246841734327962,0.005864260311424729,25_KW_0
44001,97,2026-02-15 09:10:43.500000+00:00,124257.99131578927,426307.3913699717,6.843949980006869,0.0034455803979653865,-0.0004827329539693892,0.006887789410768619,0,-0.00020345204233620688,-0.003473278372109058,0.006887789410768619,04_P1_0
44002,146,2026-02-15 09:10:57.980000+00:00,124350.92626766955,426607.51301405,11.379662599998527,1.094609615392983e-06,0.0011486532166600227,0.0003410867744442214,0,0.001122975213945197,-0.00024152034940842142,0.0003410867744442214,13_P5_1
44003,115,2026-02-15 09:10:58.320000+00:00,124396.29089034835,426811.63493266527,7.653104492406255,0.0007995885389391333,0.0010183288250118494,0.006832199633208802,0,0.001284526946745936,0.00016225273660679687,0.006832199633208802,24_KW_0
44004,114,2026-02-15 09:11:14.360000+00:00,124396.3000519108,426811.6306343654,9.996643947778107,0.0010312657832400873,0.0010956096230074763,0.005959870127924205,0,0.0014700196177162895,0.00032079882362257635,0.005959870127924205,23_KW_0
44005,148,2026-02-15 09:11:15.580000+00:00,124351.04182721468,426607.39947747,8.017032027021658,0.0007088000129442662,0.0010215752990916371,0.0015756118092760119,0,0.0011486086127615515,0.00047614263068322703,0.0015756118092760119,14_P5_1
44006,150,2026-02-15 09:11:30.520000+00:00,124401.10377859924,426812.32267728547,9.187282413705942,0.0005979693087283522,0.0012456964468583465,0.005268390462132899,0,0.0013556453881045708,-0.00026749301599739036,0.005268390462132899,27_KW_1
44007,168,2026-02-15 09:11:32.530000+00:00,124669.37352436193,426931.31315484695,13.79043942814855,-0.0032076094212243333,0.005414274579379708,-0.010900591786677793,0,0.0025095637155891502,-0.00577106726502497,-0.010900591786677793,908_GSL_1
44008,119,2026-02-15 09:11:46.830000+00:00,124400.81495657332,426811.3441891555,3.9900537530771216,0.0008051862387219444,0.0010602741967886686,0.006519623990938861,0,0.001331350136936964,-3.6144544506334015e-06,0.006519623990938861,28_KW_1
44009,169,2026-02-15 09:12:04.310000+00:00,124669.37585622651,426931.3113046178,13.812784875820295,-0.003221221806597896,0.009145064861513674,0.0010296629474026986,0,0.0012971336513495429,-0.009608638068900844,0.0010296629474026986,908_GSL_1
44010,72,2026-02-15 09:12:46.620000+00:00,124390.52469046692,426780.8885012672,10.992610487770978,0.0007307640626095235,0.001570335472933948,0.005525166204220611,0,0.0004725780573341025,-0.001666325176093366,0.005525166204220611,18_P6_1
44011,138,2026-02-15 09:15:19.580000+00:00,123928.0838983234,426940.4326990503,7.11976031490299,-0.0027205552760278806,0.0009778982494026423,0.0018242513050630293,0,0.00243870169919978,-0.001552559183550823,0.0018242513050630293,905_GSL_1
44012,130,2026-02-15 09:15:20.820000+00:00,124898.93989295012,426720.7639567959,4.13038328966218,0.001519952857051976,-0.005719902866985649,0.04032055719198535,0,0.0036091895514055432,0.004690553941426978,0.04032055719198535,901_GSL_1
44013,133,2026-02-15 09:15:21.900000+00:00,124806.22606588983,426258.5109991482,4.582785341069607,0.004169796302448958,-0.00048466515727341175,-0.005371763114959016,0,0.002587313333555258,-0.003305739135594193,-0.005371763114959016,903_GSL_1
44014,139,2026-02-15 09:15:23.620000+00:00,123928.08498042522,426940.43113527045,7.135718558312758,-0.0018894984677899629,3.125786315649748e-05,-0.0008832724264982161,0,0.0017938862440006803,-0.0005942673282074817,-0.0008832724264982161,905_GSL_1
44015,134,2026-02-15 09:15:24.580000+00:00,123855.61352276901,426533.0744891473,6.052430719760955,-0.0009393724030815065,0.00019108533160761,0.006587800863174564,0,0.0009586105107309694,-6.590011072554614e-08,0.006587800863174564,904_GSL_1
44016,125,2026-02-15 09:15:37.110000+00:00,124339.65947081288,426609.5916961489,6.674603379731052,0.0016052492574090138,0.00046230247244238853,0.0010874416019381883,0,0.0006903285217205216,0.001521182200309251,0.0010874416019381883,17_P5_1
44017,153,2026-02-15 09:15:40.540000+00:00,124370.27720485798,426819.49666012987,9.729711818023251,0.0033660531044006348,-0.002462967357132584,0.003631340910262182,0,0.0014914449230910738,-0.003895139759409369,0.003631340910262182,29_KW_1
44018,137,2026-02-15 09:15:41.070000+00:00,123928.08414890636,426940.4318899232,7.1342900961724345,-0.005250355519820005,-0.001938647881615907,0.011426405206904633,0,0.0015036335711284632,-0.005391073620084751,0.011426405206904633,905_GSL_1
44019,143,2026-02-15 09:15:42.020000+00:00,124266.92005920704,427056.3156798414,7.110101577638359,0.0004917789483442903,0.0014529653708450496,0.004559839415581024,0,0.001158156748811819,0.0010057971207411292,0.004559839415581024,906_GSL_1
44020,132,2026-02-15 09:15:42.510000+00:00,124806.21738765837,426258.49877728405,4.62273054794848,0.003253370596212335,-0.006364466389641166,0.040098373738159054,0,0.007138400287912124,0.0003661884633725803,0.040098373738159054,903_GSL_1
44021,146,2026-02-15 09:15:54.720000+00:00,124350.9274382519,426607.5128088364,11.379795476435557,0.0011716769658960402,0.0009434396051801741,0.00047396321147452625,0,0.0011696120309284102,0.0009459983605384278,0.00047396321147452625,13_P5_1
44022,141,2026-02-15 09:15:56.770000+00:00,124266.91675551831,427056.31551080715,7.094634044644801,-0.001873233137303032,0.0009925041231326759,0.010499344381702969,0,0.001049511816995025,-0.0018418989568142231,0.010499344381702969,906_GSL_1
44023,136,2026-02-15 09:15:57.340000+00:00,123855.614685778,426533.07407965587,6.023584307948579,-0.001084333795006387,-2.887024311348796e-05,0.0012917655118407367,0,0.0008963001981639921,0.0006109494452911579,0.0012917655118407367,904_GSL_1
44024,152,2026-02-15 09:15:57.920000+00:00,124370.27705098469,426819.5000733117,9.734200450951896,0.0012793228233931586,0.0009032737580128014,0.005279499724016645,0,0.0005844984130890734,0.0014529046677141508,0.005279499724016645,29_KW_1
44025,135,2026-02-15 09:15:59.820000+00:00,123855.61116365338,426533.07113664434,6.061486223344978,-0.002486624856828712,-0.005498276965226978,0.04028777622662094,0,0.005144730002485156,-0.0031537447529045655,0.04028777622662094,904_GSL_1
44026,5,2026-02-15 09:16:00.020000+00:00,124424.61768914673,426919.13913379103,8.78886773965611,0.00048636921565048397,-0.007213978038635105,0.02104191764979646,11,-0.007228176896797601,0.00017746240290116895,0.02104191764979646,TS4
44027,148,2026-02-15 09:16:13+00:00,124351.04213205563,426607.3992070686,8.016968014552873,0.0010136409691767767,0.0007511738804168999,0.0015115993404908323,0,0.0009489711805585644,0.0008313747118378709,0.0015115993404908323,14_P5_1
44028,122,2026-02-15 09:16:13.050000+00:00,124329.15054791825,426611.3922145245,8.089993399948668,0.0009970152023015544,0.0001756156561896205,0.006329561506269954,0,0.00042275617549632937,0.0009198681364190399,0.006329561506269954,16_P5_1
44029,150,2026-02-15 09:16:15.100000+00:00,124401.10391706132,426812.3226436971,9.187126635568251,0.0007364313933067024,0.0012121080653741956,0.005112612324442267,0,0.0014117022448466195,-0.00013650615769203025,0.005112612324442267,27_KW_1
44030,140,2026-02-15 09:16:16.870000+00:00,123928.0863020498,426940.4317413035,7.1353219435401085,-0.001221682658069767,-0.0026973734493367374,-0.0002517626622351443,0,0.001133101275760586,-0.0027357656224693138,-0.0002517626622351443,905_GSL_1
44031,120,2026-02-15 09:16:28.650000+00:00,124329.26243544734,426611.33096199366,11.362492556086156,0.002183612174121663,-0.00021309644216671586,0.004461389439283536,0,0.0003492728649419377,0.0021660056986193966,0.004461389439283536,15_P5_1
44032,128,2026-02-15 09:16:30.560000+00:00,124898.94033059735,426720.775297577,4.074968796605765,2.9197850381024182e-05,0.00603354221675545,-0.006423134397914865,0,0.0026344800549305434,-0.00542807507648985,-0.006423134397914865,901_GSL_1
44033,129,2026-02-15 09:16:32.320000+00:00,124898.94142821376,426720.77445652336,4.086260780243473,0.0017565149755682796,0.0019538532360456884,-0.005423965002140818,0,0.001512949826640501,-0.0021479921204395325,-0.005423965002140818,901_GSL_1
44034,145,2026-02-15 09:16:35.640000+00:00,124266.91964197358,427056.3132111732,7.112094682753361,0.0013182207476347685,-0.0015354343922808766,0.004127746461715098,0,-0.0020173142014415293,-0.00016033753508157788,0.004127746461715098,906_GSL_1
44035,6,2026-02-15 09:16:35.840000+00:00,124399.0408652817,426925.07515866327,8.556148070914109,0.0016945373208727688,-0.00029055163031443954,0.008841375092551118,11,-0.0008293728155185188,0.001505993929133821,0.008841375092551118,TS5
44036,131,2026-02-15 09:16:47.680000+00:00,124806.21804336137,426258.5022324817,4.609431065429753,-0.0005011347820982337,-0.004051582771353424,-0.0020734073428094746,0,0.0009395115704647307,0.003972880193501866,-0.0020734073428094746,903_GSL_1
44037,3,2026-02-15 09:16:47.880000+00:00,124314.90456005734,426440.79430445953,7.058275458354229,-0.0026792945864144713,-0.0017728240345604718,-0.02015363713685492,11,-0.003101854956926865,0.000836672196558126,-0.02015363713685492,TS2
44038,124,2026-02-15 09:16:48.060000+00:00,124339.65901946,426609.5906968417,6.679636190952156,0.0012537367729237303,0.00045493768993765116,0.00520599511896247,0,0.0008241199494930697,0.001048642220375737,0.00520599511896247,17_P5_1
44039,154,2026-02-15 09:16:48.260000+00:00,124285.66781377498,426445.56229421665,7.897449950566874,0.0031887749792076647,-0.001530783367343247,-0.004150049433125247,11,-0.003514344257433116,-0.0004012082077954696,-0.004150049433125247,TS1-1
44040,149,2026-02-15 09:16:49.590000+00:00,124351.04272473251,426607.39759580867,8.016949050467584,0.0014130404451861978,0.0008633431862108409,0.004723206499786414,0,-0.0010748698836932926,-0.0012596426040896926,0.004723206499786414,14_P5_1
44041,147,2026-02-15 09:17:05.210000+00:00,124350.92822472076,426607.51103889686,11.376752522606175,0.0017173751693917438,0.00104615674354136,0.002532880933731718,0,-0.0013044119135427069,-0.0015304675639516952,0.002532880933731718,13_P5_1
44042,126,2026-02-15 09:17:20.270000+00:00,124339.6595743728,426609.58935984183,6.67246877144389,0.0027537686546565965,0.0008696807781234384,0.001811582308432591,0,-0.0014578193183600423,-0.002492859661959103,0.001811582308432591,17_P5_1
44043,121,2026-02-15 09:17:36.820000+00:00,124329.26179194264,426611.3283627436,11.356533569352301,0.0022491729323519394,0.0006462510209530592,0.0022340472781792187,0,-0.0012471453350407589,-0.0019801635727872496,0.0022340472781792187,15_P5_1
44044,123,2026-02-15 09:17:53.440000+00:00,124329.15220744404,426611.39105468633,8.08101217417525,0.0024508319183951244,0.0007766666822135448,0.0028965291211839883,0,-0.0014300400866529177,-0.002136533074410653,0.0028965291211839883,16_P5_1
44045,4,2026-02-15 09:17:53.640000+00:00,124378.9713249879,426782.74197753,7.76242251642751,-0.0004929853021167219,0.0007946225814521313,0.007346811455243518,11,-0.0009249276740684318,-0.00013772564321550793,0.007346811455243518,TS3
44046,68,2026-02-15 09:21:20.610000+00:00,123928.08271997242,426940.4313673061,7.118934559144855,-0.02623038944147993,-0.016367699136026204,0.00012127810462914113,0,0.0031139382373328254,-0.03076098655624119,0.00012127810462914113,905_GSL_1
44047,71,2026-02-15 09:21:22.690000+00:00,124806.21987888102,426258.5071013479,4.585740714322013,-0.007883054466219619,-0.008004784176591784,-0.00576294882725481,0,0.002721540504738778,0.01090010709636678,-0.00576294882725481,903_GSL_1
44048,68,2026-02-15 09:21:22.990000+00:00,123928.08474990347,426940.4309315466,7.13598321618686,-0.024200458385166712,-0.016803458624053746,0.017169935146633897,0,0.0172952958477862,-0.02385143914567885,0.017169935146633897,905_GSL_1
44049,66,2026-02-15 09:21:23.790000+00:00,124898.93937837277,426720.76280025323,4.13384771278506,0.001772709088982083,-0.011404901568312198,0.05156118238129537,0,0.006035775530680994,0.009837870249209546,0.05156118238129537,901_GSL_1
44050,67,2026-02-15 09:21:24.780000+00:00,123855.61504519764,426533.07553284906,6.052729611425145,-0.002949276502477005,-0.015569855633657426,0.008321463087569647,0,-0.00021527048186592885,-0.01584526096221309,0.008321463087569647,904_GSL_1
44051,67,2026-02-15 09:21:39.470000+00:00,123855.61197766043,426533.0771903908,6.021783988825588,-0.006016813713358715,-0.013912313908804208,-0.02262415951198804,0,0.013018643687790488,-0.007763339622142099,-0.02262415951198804,904_GSL_1
44052,68,2026-02-15 09:21:40.990000+00:00,123928.0862556012,426940.4320098238,7.132579452996875,-0.02269476065703202,-0.015725181438028812,0.013766171956649309,0,0.000544680282934847,-0.027605014325811833,0.013766171956649309,905_GSL_1
44053,69,2026-02-15 09:21:42.020000+00:00,124266.9201796614,427056.3156204794,7.109833644769889,-0.022417535248678178,0.0007820953615009785,0.019332273842456615,0,0.00921908046394763,-0.020449110376235664,0.019332273842456615,906_GSL_1
44054,71,2026-02-15 09:21:45.740000+00:00,124806.22568939367,426258.5042298475,4.629117928820261,-0.002072541814413853,-0.010876284562982619,0.03761426567099324,0,0.008381236900750325,0.0072349059068497175,0.03761426567099324,903_GSL_1
44055,69,2026-02-15 09:21:57.450000+00:00,124266.91823535458,427056.315045477,7.091304673133267,-0.024361842079088092,0.00020709296222776175,0.0008033022058349104,0,0.0009535607709321968,-0.024344053870248697,0.0008033022058349104,906_GSL_1
44056,66,2026-02-15 09:21:58.600000+00:00,124898.94224784878,426720.77139554033,4.0781522003899155,0.004642185100237839,-0.002809614466968924,-0.004134330013848775,0,0.0029714845308671644,0.004540274841976905,-0.004134330013848775,901_GSL_1
44057,66,2026-02-15 09:21:59.690000+00:00,124898.9411825236,426720.7753307041,4.0866303948368845,0.003576859919121489,0.0011255493154749274,0.0043438644331201814,0,0.0034185301408928784,-0.0015409217431105247,0.0043438644331201814,901_GSL_1
44058,68,2026-02-15 09:21:59.740000+00:00,123928.08617045678,426940.43314770015,7.136716575228618,-0.022779905077186413,-0.014587305078748614,0.017903294188392316,0,0.022291799283303024,-0.015322833598882387,0.017903294188392316,905_GSL_1
44059,67,2026-02-15 09:22:03.130000+00:00,123855.61356869563,426533.06858169934,6.0675817899816025,-0.004425778519362211,-0.02252100536134094,0.023173641644026688,0,0.016306656053428827,-0.01615166141123471,0.023173641644026688,904_GSL_1
44060,66,2026-02-15 09:22:15.270000+00:00,124898.94168099981,426720.7729634389,4.084639578299628,0.004075336124515161,-0.001241715915966779,0.002353047895863547,0,0.0032097184760590445,0.0028014157578247234,0.002353047895863547,901_GSL_1
44061,71,2026-02-15 09:22:16.410000+00:00,124806.21710379397,426258.50038359436,4.610453931761491,-0.010658141516614705,-0.014722537714987993,0.018950268612223375,0,-0.004871663555939353,0.017510453779247478,0.018950268612223375,903_GSL_1
44062,69,2026-02-15 09:22:20.400000+00:00,124266.91989673168,427056.3136574746,7.112273328969879,-0.02270046497869771,-0.001180909457616508,0.02177195804244647,0,0.015271406418426595,-0.016837155442633662,0.02177195804244647,906_GSL_1
44063,149,2026-02-15 09:22:36.340000+00:00,124351.04251705424,426607.39762879367,8.016885138203136,0.0012053621758241206,0.0008963281870819628,0.004659294235338507,0,-0.001074775905194439,-0.0010493612092499754,0.004659294235338507,14_P5_1
44064,147,2026-02-15 09:22:52.720000+00:00,124350.927820722,426607.5111566056,11.376869187197055,0.0013133764150552452,0.0011638654978014529,0.0026495455246120514,0,-0.0013567965476810385,-0.0011129436790767117,0.0026495455246120514,13_P5_1
44065,164,2026-02-15 09:22:53.980000+00:00,124091.0677152856,427154.2078315662,9.840950162037462,-0.027613165773800574,0.013100624782964587,0.026316630408064867,0,0.019944344930271453,-0.02315893777913341,0.026316630408064867,907_GSL_1
44066,110,2026-02-15 09:23:04.780000+00:00,124434.14025668873,426963.927634915,8.797237333657662,0.00017084625142160803,-0.004451658460311592,0.04617697339987359,0,-0.004318826350767823,0.0010927902089614787,0.04617697339987359,35_P9_0
44067,126,2026-02-15 09:23:08.320000+00:00,124339.6586542037,426609.5893537983,6.674041193232742,0.0018335995555389673,0.0008636372513137758,0.003384004097283899,0,-0.0012481870511250567,-0.0015968674701844381,0.003384004097283899,17_P5_1
44068,122,2026-02-15 09:23:10.880000+00:00,124329.15235491021,426611.3913749118,8.090273017644607,0.002804007162922062,-0.0006639970233663917,0.006609179202209603,0,6.890427281879898e-05,0.0028807291469253008,0.006609179202209603,16_P5_1
44069,111,2026-02-15 09:23:20.980000+00:00,124434.26251898227,426963.97078326077,6.5141172616500995,0.0008282229537144303,-0.0072805185918696225,0.0528247520353311,0,-0.006943594443069178,0.002340598307655014,0.0528247520353311,36_P9_0
44070,107,2026-02-15 09:23:21.310000+00:00,124409.92253661162,426969.523230566,6.290009551496835,0.0017191043152706698,-0.0011804871028289199,0.000929228066802068,0,-0.0007378826362980286,0.001950486775596678,0.000929228066802068,38_P9_0
44071,121,2026-02-15 09:23:25.320000+00:00,124329.26168008584,426611.32850252074,11.356686016767014,0.0021373161289375275,0.0007860281621105969,0.002386494692892427,0,-0.0013502352358485577,-0.0018338007837604528,0.002386494692892427,15_P5_1
44072,120,2026-02-15 09:23:26.580000+00:00,124329.26379590291,426611.3300292986,11.363290126931878,0.003544067745679058,-0.001145791495218873,0.005258960285004832,0,-0.00020677373038914177,0.0037189378807529847,0.005258960285004832,15_P5_1
44073,106,2026-02-15 09:23:36.640000+00:00,124410.0340846797,426969.4484468846,8.92477057105679,0.0018808614840963855,-0.0011144563322886825,0.0008833467182594035,0,-0.0006295173252032852,0.0020936477201775137,0.0008833467182594035,37_P9_0
44074,123,2026-02-15 09:23:40.490000+00:00,124329.15260581116,426611.39104428544,8.081694685466122,0.0028491990378824994,0.000766265788115561,0.0035790404120561448,0,-0.0015312745342821602,-0.002521962869704048,0.0035790404120561448,16_P5_1
44075,102,2026-02-15 09:23:40.960000+00:00,124282.3960000095,426301.7941135836,6.904745407348278,0.0027110636729048565,0.0005557189579121768,0.00144742358154204,0,-0.0011585361094649266,-0.002513261602339326,0.00144742358154204,02_P1_0
44076,124,2026-02-15 09:23:46.480000+00:00,124339.66048539226,426609.5897683842,6.68016061931476,0.0027196690352866426,-0.0004735198454000056,0.0057304234815669375,0,0.0004005231667691408,0.0027313736284818014,0.0057304234815669375,17_P5_1
44077,160,2026-02-15 09:23:53.590000+00:00,124421.81243251837,426965.61595452664,5.596228961749052,0.0012263577373232692,-0.002683511993382126,0.004047731861713366,0,-0.0017392202559402968,0.002383338586908148,0.004047731861713366,38a_P9_0
44078,118,2026-02-15 09:23:56.920000+00:00,124372.26234429264,426775.1128877799,6.171609372230884,0.0023169306514319032,0.00022328109480440617,0.006077303240521914,0,-0.001697963423364286,-0.0015921502139430038,0.006077303240521914,22_P6_1
44079,170,2026-02-15 09:24:02.210000+00:00,124669.3739220189,426931.3123511855,13.800056762918784,-0.014124797569820657,0.013854213757440448,0.013866632247395927,0,0.0021154904750973016,-0.019671650801979895,0.013866632247395927,908_GSL_1
44080,103,2026-02-15 09:24:02.640000+00:00,124282.31349901216,426301.7982477045,9.299445251728459,0.0017806050018407404,0.0008035512873902917,0.0014937659373455148,0,-0.0011888244051073149,-0.0015501436636222133,0.0014937659373455148,01_P1_0
44081,162,2026-02-15 09:24:11.740000+00:00,124402.99678036789,426879.6450372093,6.548362848499115,0.0013522395747713745,-0.0026963785639964044,0.0036898052085483357,0,0.002803524647370079,-0.0011132200050060425,0.0036898052085483357,34a_P7_0
44082,74,2026-02-15 09:24:13.530000+00:00,124369.34760765062,426785.72579521436,7.235636120444678,0.001294441317440942,-0.0006710823508910835,0.005582285687605548,0,-0.001435123682231331,-0.0002575846708842162,0.005582285687605548,21_P6_1
44083,92,2026-02-15 09:24:20.060000+00:00,124278.31861348587,426395.6376010899,11.106668806997378,0.004637683290638961,-0.00068953528534621,0.004879823770158609,0,6.333202823479087e-06,-0.004688659201152425,0.004879823770158609,11_P3_0
44084,100,2026-02-15 09:24:20.920000+00:00,124292.48551509404,426345.9309370297,7.58934927415387,0.0017918207304319367,0.0007020499906502664,0.0008497051847715653,0,-0.0010953513942690278,-0.0015823087696308121,0.0008497051847715653,06_P2_0
44085,104,2026-02-15 09:24:28.840000+00:00,124389.81763369215,426881.44362312194,10.726398206757304,0.0005374818720156327,-0.0007164462003856897,0.0004863386970974659,0,0.0005897966313061021,-0.0006740340158274615,0.0004863386970974659,33_P7_0
44086,73,2026-02-15 09:24:30.320000+00:00,124369.4909787277,426785.6964581126,11.411821440839573,0.0016391632671002299,-8.541566785424948e-06,0.005766824776497259,0,-0.0015674870364079442,0.0004794930294247142,0.005766824776497259,20_P6_1
44087,93,2026-02-15 09:24:35.350000+00:00,124278.27284929881,426395.7902234463,7.95380328713945,0.004725719132693484,-0.001126656192354858,0.005077766859931998,0,0.00041944989827090245,-0.004840024512305422,0.005077766859931998,12_P3_0
44088,101,2026-02-15 09:24:37.190000+00:00,124292.40690631824,426345.8840402094,10.216693134721325,0.0015874474047450349,0.0006466835038736463,0.0010746371210412775,0,-0.0009954006072318005,-0.0013954807229541388,0.0010746371210412775,05_P2_0
44089,105,2026-02-15 09:24:44.420000+00:00,124389.68863569635,426881.4713980074,7.063030403395046,-4.974100738763809e-05,-0.0005552067304961383,0.0007345066722557192,0,0.000553293041001712,-6.7790059619582e-05,0.0007345066722557192,34_P7_0
44090,165,2026-02-15 09:24:48.520000+00:00,124091.06361418938,427154.20539498323,9.85579176804679,-0.02016643778188154,0.00924318959005177,0.005056274320770271,0,0.01965952414623826,-0.010277396409189227,0.005056274320770271,907_GSL_1
44091,94,2026-02-15 09:24:50.760000+00:00,124268.22859170561,426351.55518142646,10.219248724786631,0.004369206522824243,-0.0007915940368548036,0.004754785495670433,0,-1.8824289116689988e-05,-0.004440296432042939,0.004754785495670433,07_P2_0
44092,98,2026-02-15 09:24:53.620000+00:00,124302.66277468663,426390.0788221458,7.980809022178327,0.0019290530763100833,0.000910137256141752,0.0017582270474569839,0,-0.0013373946877766642,-0.001661616997188399,0.0017582270474569839,10_P3_0
44093,152,2026-02-15 09:25:05.510000+00:00,124370.27715554324,426819.49995121796,9.734060400926284,0.0013838813756592572,0.0007811800460331142,0.005139449698404519,0,0.0004416135247523996,0.0015265475495288767,0.005139449698404519,29_KW_1
44094,95,2026-02-15 09:25:06.350000+00:00,124268.11388637722,426351.54821591836,7.1988816584688555,0.00433847498788964,-0.0009750916506163776,0.0052108002237352125,0,0.00016201912630723586,-0.004443750527466234,0.0052108002237352125,08_P2_0
44095,99,2026-02-15 09:25:10.020000+00:00,124302.5397833275,426390.135823324,11.08906628393529,0.001703036337858066,0.0010070319985970855,0.0013110811859231575,0,-0.0013821535949696058,-0.0014156615606055172,0.0013110811859231575,09_P3_0
44096,113,2026-02-15 09:25:17.450000+00:00,124414.07848371362,426875.9100801475,7.350265579788233,0.0012490994413383305,-0.005151990684680641,0.04691563466295623,0,0.004709386113766223,-0.002434119935593497,0.04691563466295623,32_P7_0
44097,117,2026-02-15 09:25:22.540000+00:00,124377.68167530964,426815.90661858907,7.623175494339141,0.0016581655509071425,0.0009125505457632244,0.005740454166681452,0,0.0008473471310199115,0.001692413759203189,0.005740454166681452,26_KW_0
44098,96,2026-02-15 09:25:22.720000+00:00,124258.06606414326,426307.35145846446,9.310817199409279,0.005085946831968613,-0.0009511124808341265,0.006271591233387497,0,-6.352877706877354e-05,-0.005173725371847076,0.006271591233387497,03_P1_0
44099,166,2026-02-15 09:25:27.960000+00:00,124091.05758927732,427154.2062747432,9.8202414991604,-0.014691558375488967,0.017246763629373163,-0.00961211990240507,0,0.020853955939022662,-0.008854674747339416,-0.00961211990240507,907_GSL_1
44100,153,2026-02-15 09:25:29.620000+00:00,124370.27705556218,426819.4965736751,9.729981458897822,0.0032167573081096634,-0.0025494221481494606,0.00390098178483278,0,0.001614108447486323,-0.003773822304839648,0.00390098178483278,29_KW_1
44101,112,2026-02-15 09:25:33.090000+00:00,124413.95181384105,426875.86264084216,10.715395096295918,0.0010792162356665358,-0.004625223285984248,0.04612948937525374,0,0.004232483769575731,-0.002154873376515469,0.04612948937525374,31_P7_0
44102,116,2026-02-15 09:25:38.120000+00:00,124377.68896912337,426815.9009350658,10.01110349338146,0.0016092317964648828,0.0008735022274777293,0.006043738104336782,0,0.0008105843719223747,0.001641824013759501,0.006043738104336782,25_KW_0
44103,97,2026-02-15 09:25:38.960000+00:00,124257.9922049233,426307.3907012541,6.844697575712168,0.0043347144237486646,-0.0011514505604282022,0.007635385116067539,0,0.00027755435519265334,-0.004476444024946445,0.007635385116067539,04_P1_0
44104,125,2026-02-15 09:25:45.580000+00:00,124339.65870714969,426609.5915914271,6.674922966109453,0.000841586064780131,0.00035758066223934293,0.0014070279803393149,0,0.0004759088365699236,0.0007807956286470203,0.0014070279803393149,17_P5_1
44105,161,2026-02-15 09:25:48.620000+00:00,124402.99135107336,426879.6402677279,6.594707585982132,-5.267323285806924e-05,-0.007239159080199897,0.05308326515840989,0,0.006374744596759476,-0.003430864320253164,0.05308326515840989,34a_P7_0
44106,115,2026-02-15 09:25:56.030000+00:00,124396.29086033674,426811.635009455,7.653241571245282,0.0007695769309066236,0.0010951185831800103,0.006969278472235274,0,0.0013349600499950843,9.70310709359295e-05,0.006969278472235274,24_KW_0
44107,146,2026-02-15 09:26:03.580000+00:00,124350.92590581425,426607.5127409176,11.378992073242749,-0.00036076069227419794,0.0008755208109505475,-0.00032943998133383445,0,0.0007795815579887807,-0.0005375291265982227,-0.00032943998133383445,13_P5_1
44108,114,2026-02-15 09:26:12.160000+00:00,124396.30016412857,426811.6306267148,9.99662806960748,0.0011434835469117388,0.001087958982679993,0.005943991957297001,0,0.001521182395411738,0.0004209673264534226,0.005943991957297001,23_KW_0
44109,148,2026-02-15 09:26:21.120000+00:00,124351.04109659581,426607.3992174486,8.016448397581629,-2.181885065510869e-05,0.0007615538779646158,0.000991982369246358,0,0.0007396223756131081,-0.0001827542414809498,0.000991982369246358,14_P5_1
44110,150,2026-02-15 09:26:28.220000+00:00,124401.10389715993,426812.3225278667,9.187245502957046,0.0007165300048654899,0.0010962776723317802,0.005231479713236453,0,0.0013070359239801515,-8.30486372620103e-05,0.005231479713236453,27_KW_1
44111,168,2026-02-15 09:26:37.930000+00:00,124669.37148075388,426931.3144128234,13.78984542532846,-0.0052512174734147266,0.006672251038253307,-0.01149459460676816,0,0.0023321824217019515,-0.008164260163816002,-0.01149459460676816,908_GSL_1
44112,119,2026-02-15 09:26:43.820000+00:00,124400.81491595494,426811.3441956118,3.989867373684106,0.0007645678560947999,0.0010667304741218686,0.006333244597923393,0,0.0013118280141231557,-3.9814223028497114e-05,0.006333244597923393,28_KW_1
44113,169,2026-02-15 09:27:00.890000+00:00,124669.3760802511,426931.31109169504,13.812652944916225,-0.002997197225340642,0.008932142111007124,0.0008977320433327662,0,0.0013996062075924583,-0.009317051913694863,0.0008977320433327662,908_GSL_1
44114,72,2026-02-15 09:27:43.080000+00:00,124390.52465174516,426780.8885461626,10.992586857666954,0.0006920423038536683,0.0016152308671735227,0.005501536100195992,0,0.00042722871007204563,-0.0017045142809267977,0.005501536100195992,18_P6_1
44115,138,2026-02-15 09:30:19.800000+00:00,123928.08758226491,426940.4350683972,7.119278741859521,0.0009633862355258316,0.003347245161421597,0.0013426782615937327,0,0.002056981247630163,0.002810870213360763,0.0013426782615937327,905_GSL_1
44116,130,2026-02-15 09:30:21.490000+00:00,124898.93787241667,426720.7604128756,4.131842248062958,-0.0005005805869586766,-0.009263823158107698,0.04177951559276405,0,0.0031124834824007605,0.008739647990652416,0.04177951559276405,901_GSL_1
44117,139,2026-02-15 09:30:24.310000+00:00,123928.08491596917,426940.43109689426,7.134322246901118,-0.001953954517375678,-7.118331268429756e-06,-0.0022795838381375333,0,0.0018420596998397155,-0.0006517706566264561,-0.0022795838381375333,905_GSL_1
44118,134,2026-02-15 09:30:24.760000+00:00,123855.61494745009,426533.0735799428,6.054244184282037,0.0004853086720686406,-0.0007181191467680037,0.008401265384256895,0,-0.0006187584664728111,-0.0006069246875091243,0.008401265384256895,904_GSL_1
44119,133,2026-02-15 09:30:24.820000+00:00,124806.22294657309,426258.5091572981,4.584692984932838,0.001050479564582929,-0.002326515270397067,-0.0034641192517277375,0,0.002533001518153125,0.0003163604400538139,-0.0034641192517277375,903_GSL_1
44120,125,2026-02-15 09:30:37.850000+00:00,124339.65999270786,426609.59135614755,6.6766525154210035,0.0021271442383294925,0.0001223011058755219,0.003136577291889431,0,0.00042965091606117235,0.0020868876973820435,0.003136577291889431,17_P5_1
44121,132,2026-02-15 09:30:39.690000+00:00,124806.22054440006,426258.5018101139,4.623958643963915,0.006410112284356728,-0.003331636544317007,0.041326469753594,0,0.006091128418095403,-0.003884262627032343,0.041326469753594,903_GSL_1
44122,137,2026-02-15 09:30:41.780000+00:00,123928.08519762984,426940.4308766231,7.13347644951374,-0.004201632036711089,-0.002951947972178459,0.010612758548210088,0,6.810010851469261e-05,-0.00513449812324299,0.010612758548210088,905_GSL_1
44123,143,2026-02-15 09:30:42.160000+00:00,124266.92082628858,427056.3157243481,7.110303161944022,0.001258860487723723,0.001497472112532705,0.004761423721244107,0,0.0009085987533486595,0.0017325128457758787,0.004761423721244107,906_GSL_1
44124,153,2026-02-15 09:30:43.580000+00:00,124370.27708983021,426819.49640924856,9.730015706001684,0.003251025336794555,-0.002713848662097007,0.003935228888694908,0,0.0017637429428232101,-0.00385011053515184,0.003935228888694908,29_KW_1
44125,146,2026-02-15 09:30:55.430000+00:00,124350.9264825126,426607.51272236055,11.378849354955996,0.0002159376599593088,0.0008569637429900467,-0.0004721582680868863,0,0.0008832389844751492,3.0080327317368386e-05,-0.0004721582680868863,13_P5_1
44126,135,2026-02-15 09:30:56.790000+00:00,123855.61124585892,426533.07288628083,6.068923330102228,-0.0024044193123700097,-0.0037486404762603343,0.047724882983870565,0,0.004094365775872437,-0.0017520578025052912,0.047724882983870565,904_GSL_1
44127,5,2026-02-15 09:30:56.990000+00:00,124424.61781844121,426919.1410024589,8.780438115615219,0.0006156636954983696,-0.005345310142729431,0.012612293608905034,11,-0.005374617093735544,0.00025470257879836914,0.012612293608905034,TS4
44128,141,2026-02-15 09:30:57.900000+00:00,124266.91925626395,427056.314377746,7.092252481420915,0.000627512505161576,-0.00014055700739845634,0.008117781157817028,0,-0.0001597454538987788,0.0006229041711384182,0.008117781157817028,906_GSL_1
44129,152,2026-02-15 09:30:58.040000+00:00,124370.27702018799,426819.4999184773,9.734073913928226,0.0012485261249821633,0.000748439400922507,0.005152962700346819,0,0.00044091252644655227,0.0013872905844266139,0.005152962700346819,29_KW_1
44130,136,2026-02-15 09:30:59.860000+00:00,123855.61310332944,426533.0766397286,6.024226664994085,-0.0026667823549360037,0.002531202509999275,0.001934122557346818,0,0.0006819801859300731,0.003612979006474219,0.001934122557346818,904_GSL_1
44131,148,2026-02-15 09:31:13.730000+00:00,124351.04119485409,426607.39908876823,8.017313552944119,7.643942080903798e-05,0.0006328735034912825,0.001857137731736458,0,0.0006346946881715399,-5.9451739098055135e-05,0.001857137731736458,14_P5_1
44132,122,2026-02-15 09:31:13.780000+00:00,124329.15228080135,426611.3912905829,8.090601630399902,0.002729898304096423,-0.0007483259541913867,0.006937791957504658,0,-3.1463601591667703e-05,0.002830432215439871,0.006937791957504658,16_P5_1
44133,150,2026-02-15 09:31:15.240000+00:00,124401.1039539791,426812.32255109237,9.187178237700532,0.0007733491656836122,0.0011195033439435065,0.005164214456723215,0,0.0013596718942801174,-5.1468525031802976e-05,0.005164214456723215,27_KW_1
44134,140,2026-02-15 09:31:22.150000+00:00,123928.08647595986,426940.43319400324,7.135437759372255,-0.001047772602760233,-0.001244673680048436,-0.0001359468300883293,0,0.0010066395966565219,-0.0012781692843060594,-0.0001359468300883293,905_GSL_1
44135,120,2026-02-15 09:31:30.180000+00:00,124329.26377183796,426611.3301575281,11.362406122300138,0.003520002792356536,-0.0010175619972869754,0.004374955653265289,0,-8.888085624926313e-05,0.0036630523160218263,0.004374955653265289,15_P5_1
44136,128,2026-02-15 09:31:32.430000+00:00,124898.93941793981,426720.7755583417,4.077640728606035,-0.0008834596956148744,0.006294306891504675,-0.003751202397644704,0,0.0019242222202536887,-0.006057736303711242,-0.003751202397644704,901_GSL_1
44137,129,2026-02-15 09:31:32.440000+00:00,124898.94102499977,426720.7735758104,4.0868089321133825,0.0013533009914681315,0.0010731403017416596,-0.004875813132231066,0,0.0012167941850530911,-0.0012257510317971558,-0.004875813132231066,901_GSL_1
44138,145,2026-02-15 09:31:40.450000+00:00,124266.91982512592,427056.31329869,7.112008235056206,0.001501373088103719,-0.0014479176024906337,0.00404129876455972,0,-0.0020855780967747343,3.083075636111355e-05,0.00404129876455972,906_GSL_1
44139,6,2026-02-15 09:31:40.650000+00:00,124399.04054931045,426925.0749043578,8.556089355721728,0.0013785660703433678,-0.0005448571173474193,0.008782659900170131,11,-0.0008450654389755227,0.0012178579935588556,0.008782659900170131,TS5
44140,124,2026-02-15 09:31:49.300000+00:00,124339.66013964938,426609.589936123,6.680334701742085,0.002373926152358763,-0.00030578102450817823,0.0059045059088917995,0,0.0004517564346389869,0.002350519843686588,0.0059045059088917995,17_P5_1
44141,131,2026-02-15 09:31:49.420000+00:00,124806.21786512146,426258.5024387354,4.610212477915995,-0.0006793746870243922,-0.003845329105388373,-0.001291994856567058,0,0.0007006559801708014,0.0038415084396064172,-0.001291994856567058,903_GSL_1
44142,154,2026-02-15 09:31:49.500000+00:00,124285.6673231809,426445.56201513205,7.896906168766881,0.002698180891457014,-0.0018098679720424116,-0.004693831233118395,11,-0.0032156786528785464,-0.0004639105524450744,-0.004693831233118395,TS1-1
44143,3,2026-02-15 09:31:49.620000+00:00,124314.90466882351,426440.79402922746,7.057773609144206,-0.0025705284206196666,-0.0020480561070144176,-0.02065548634687797,11,-0.003132567150992381,0.0009945718793611482,-0.02065548634687797,TS2
44144,149,2026-02-15 09:31:50.020000+00:00,124351.04206113725,426607.3978542038,8.017499316845674,0.0007494451856473461,0.0011217383434996009,0.005273472877876273,0,-0.0012256628805217356,-0.000563662577149109,0.005273472877876273,14_P5_1
44145,147,2026-02-15 09:32:05.320000+00:00,124350.92773184883,426607.51117798133,11.377215667313887,0.0012245032412465662,0.0011852412135340273,0.002996025641444078,0,-0.0013638587938850746,-0.0010218092348502777,0.002996025641444078,13_P5_1
44146,126,2026-02-15 09:32:21.790000+00:00,124339.6586584407,426609.58961985353,6.672343334707885,0.0018378365639364347,0.0011296924785710871,0.0016861455724273,0,-0.0015085768687517912,-0.001542090841341329,0.0016861455724273,17_P5_1
44147,121,2026-02-15 09:32:37.920000+00:00,124329.2617260211,426611.3284869688,11.356579711329287,0.002183251388487406,0.0007704762392677367,0.002280189255165155,0,-0.0013480932338712868,-0.001882249955080036,0.002280189255165155,15_P5_1
44148,123,2026-02-15 09:32:53.010000+00:00,124329.15239836053,426611.39115440386,8.080486846565146,0.0026417484041303396,0.0008763842051848769,0.0023712015110799456,0,-0.001579095066544545,-0.002292017163251053,0.0023712015110799456,16_P5_1
44149,4,2026-02-15 09:32:53.210000+00:00,124378.97138597196,426782.74184088846,7.7624825265406985,-0.00043200123764108866,0.0006579810287803411,0.00740682156843242,11,-0.000781260586646083,-9.589577316903323e-05,0.00740682156843242,TS3
44150,68,2026-02-15 09:36:20.450000+00:00,123928.08221054514,426940.42993638205,7.120910753793525,-0.02673981671978254,-0.017798623186536133,0.002097472753298746,0,0.002294241851976361,-0.032039744691063056,0.002097472753298746,905_GSL_1
44151,66,2026-02-15 09:36:22+00:00,124898.94132290225,426720.77077995864,4.127275485889894,0.003717238563694991,-0.0034251961624249816,0.044988955486129356,0,0.004750957276200031,0.0017257567181483049,0.044988955486129356,901_GSL_1
44152,68,2026-02-15 09:36:23.680000+00:00,123928.08622929823,426940.43302866566,7.1328143698750806,-0.02272106362215709,-0.014706339570693672,0.014001088834854514,0,0.016591273163062647,-0.021383470497543144,0.014001088834854514,905_GSL_1
44153,67,2026-02-15 09:36:24.580000+00:00,123855.61499067536,426533.0754405519,6.054550041776173,-0.003003798788995482,-0.015662152785807848,0.010141893438596838,0,-0.00018026506443445529,-0.015946577738101163,0.010141893438596838,904_GSL_1
44154,71,2026-02-15 09:36:37.990000+00:00,124806.22728986762,426258.50770593906,4.619583054605086,-0.00047206786985043436,-0.007400193018838763,0.028079391455818836,0,0.006171800323828221,0.00411030236754049,0.028079391455818836,903_GSL_1
44155,71,2026-02-15 09:36:39.110000+00:00,124806.2184191678,426258.50787752797,4.594524967988072,-0.0093427676911233,-0.0072286041104234755,0.0030213048388043617,0,0.001298236905965728,0.011741150133250026,0.0030213048388043617,903_GSL_1
44156,68,2026-02-15 09:36:40.780000+00:00,123928.08589193398,426940.43101966585,7.131476003857493,-0.023058427876094356,-0.01671533938497305,0.012662722817267102,0,-4.495820882192975e-05,-0.028479670743028894,0.012662722817267102,905_GSL_1
44157,69,2026-02-15 09:36:41.120000+00:00,124266.92014477547,427056.31538505683,7.107727636819733,-0.022452421180787496,0.000546672788914293,0.01722626589230014,0,0.009014437537221037,-0.020570609711555825,0.01722626589230014,906_GSL_1
44158,67,2026-02-15 09:36:55.640000+00:00,123855.61126336073,426533.0815344386,6.03521473906147,-0.006731113418936729,-0.009568266104906797,-0.009193409276106124,0,0.011056648183341676,-0.0038223206383956867,-0.009193409276106124,904_GSL_1
44159,67,2026-02-15 09:36:56+00:00,123855.6171314856,426533.06610320805,6.059041010519032,-0.0008629885414848104,-0.024999496643431485,0.014632862181456652,0,0.014749966140228245,-0.020202922573474277,0.014632862181456652,904_GSL_1
44160,69,2026-02-15 09:36:56.580000+00:00,124266.9202187678,427056.31419626623,7.0939700434006525,-0.022378428853699006,-0.0006421178113669157,0.0034686724732200247,0,4.394915433623933e-05,-0.0223875961575953,0.0034686724732200247,906_GSL_1
44161,66,2026-02-15 09:36:58.030000+00:00,124898.94058618956,426720.7728485129,4.086858230599017,0.0029805258818669245,-0.001356641878373921,0.004571700195252326,0,0.0031201259351770847,0.0009943972381658403,0.004571700195252326,901_GSL_1
44162,66,2026-02-15 09:36:58.790000+00:00,124898.94056847334,426720.77181201027,4.07821228982006,0.0029628096526721492,-0.0023931445321068168,-0.004074240583704203,0,0.0016371579219246358,0.003438763691822895,-0.004074240583704203,901_GSL_1
44163,66,2026-02-15 09:37:13.580000+00:00,124898.94165439157,426720.7713096931,4.085947784253057,0.004048727889312431,-0.0028954616864211857,0.0036612538492928337,0,0.0025083576573231583,0.004299306660634664,0.0036612538492928337,901_GSL_1
44164,71,2026-02-15 09:37:15.550000+00:00,124806.2169414867,426258.5012974497,4.610443973003205,-0.010820448791491799,-0.013808682386297733,0.018940309853937798,0,-0.005341729971658708,0.016710108982434215,0.018940309853937798,903_GSL_1
44165,68,2026-02-15 09:37:15.870000+00:00,123928.08752510177,426940.43566999154,7.147164580785072,-0.021425260085379705,-0.012065013695973903,0.028351299744845626,0,0.02102021991661134,-0.012757612624135386,0.028351299744845626,905_GSL_1
44166,69,2026-02-15 09:37:35.480000+00:00,124266.92170507016,427056.31580586167,7.11964901409455,-0.02089212650025729,0.0009674776229076087,0.02914764316711782,0,0.015502896890984904,-0.014038416956376192,0.02914764316711782,906_GSL_1
44167,149,2026-02-15 09:37:40.320000+00:00,124351.04260133972,426607.39776772156,8.017201039302854,0.0012896476546302438,0.001035256078466773,0.004975195335056526,0,-0.0012252325316348138,-0.0011107436538281166,0.004975195335056526,14_P5_1
44168,164,2026-02-15 09:37:51.510000+00:00,124091.06496943408,427154.2058487626,9.838779696368205,-0.030359017284354195,0.011117821151856333,0.024146164738807485,0,0.018759320716298388,-0.026331801379689903,0.024146164738807485,907_GSL_1
44169,147,2026-02-15 09:37:56.100000+00:00,124350.92806959077,426607.51127497805,11.377172533907771,0.00156224517559167,0.0012822379358112812,0.0029528922353279086,0,-0.0015130108857926738,-0.001339978422276229,0.0029528922353279086,13_P5_1
44170,110,2026-02-15 09:37:57.050000+00:00,124434.14098481507,426963.929273987,8.789012299936967,0.0008989725902210921,-0.0028125864337198436,0.03795193967917854,0,-0.002564166827301717,0.0014641866844358254,0.03795193967917854,35_P9_0
44171,122,2026-02-15 09:38:08.580000+00:00,124329.15213314649,426611.390764982,8.09135769529864,0.0025822434399742633,-0.0012739268713630736,0.007693856856242576,0,-0.0005773211464810257,0.002820916721687625,0.007693856856242576,16_P5_1
44172,126,2026-02-15 09:38:12.370000+00:00,124339.65930290415,426609.58941872034,6.672907586452161,0.002482300013070926,0.0009285592823289335,0.0022503973167031788,0,-0.0014551293641511828,-0.002215092374885553,0.0022503973167031788,17_P5_1
44173,111,2026-02-15 09:38:14.480000+00:00,124434.26279568806,426963.9724837147,6.506025035173858,0.0011049287422792986,-0.005580064665991813,0.04473252555908935,0,-0.005222961154564447,0.0022535895766700835,0.04473252555908935,36_P9_0
44174,120,2026-02-15 09:38:24.080000+00:00,124329.26273915959,426611.32979236846,11.362905056853766,0.0024873244256014004,-0.0013827216462232172,0.004873890206892995,0,-0.0007046625085419145,0.002757200155625811,0.004873890206892995,15_P5_1
44175,121,2026-02-15 09:38:28.990000+00:00,124329.26173439877,426611.3283339231,11.356846267296389,0.002191629057051614,0.0006174305453896523,0.002546745222266722,0,-0.0012034375199224364,-0.0019329243486841498,0.002546745222266722,15_P5_1
44176,107,2026-02-15 09:38:35.120000+00:00,124409.92333220912,426969.5248269274,6.297444787448626,0.0025147018168354407,0.0004158742958679795,0.008364464018592699,0,0.0010018416091654584,0.0023437128765494974,0.008364464018592699,38_P9_0
44177,102,2026-02-15 09:38:40.490000+00:00,124282.39590586389,426301.79337520956,6.905093196421363,0.002616918063722551,-0.0001826550578698516,0.0017952126546267877,0,-0.0004181230574964093,-0.0025897482756423794,0.0017952126546267877,02_P1_0
44178,124,2026-02-15 09:38:43.680000+00:00,124339.66023890335,426609.5897257672,6.679748994256421,0.0024731801240704954,-0.0005161368171684444,0.005318798423227911,0,0.0002829833855915488,0.002510565184099642,0.005318798423227911,17_P5_1
44179,123,2026-02-15 09:38:44.320000+00:00,124329.15267848407,426611.39117966575,8.081854189357323,0.0029218719428172335,0.0009016460971906781,0.00373854430325693,0,-0.0016815612491038418,-0.002553948531257837,0.00373854430325693,16_P5_1
44180,106,2026-02-15 09:38:49.800000+00:00,124410.03499888445,426969.4500617363,8.932110772934518,0.0027950662333751097,0.0005003953701816499,0.008223548595987396,0,0.0011577479341046497,0.002592761172288988,0.008223548595987396,37_P9_0
44181,103,2026-02-15 09:38:56.790000+00:00,124282.31339246318,426301.79771207616,9.298692672234147,0.0016740560240577906,0.00026792293647304177,0.000741186443033115,0,-0.0006430153612050828,-0.00156868655786515,0.000741186443033115,01_P1_0
44182,170,2026-02-15 09:38:59.510000+00:00,124669.37335369427,426931.31141454587,13.800997195170105,-0.014693122197058983,0.012917574145831168,0.014807064498716827,0,0.001028214042157856,-0.019536999196249728,0.014807064498716827,908_GSL_1
44183,118,2026-02-15 09:39:00.440000+00:00,124372.26218341422,426775.11278981675,6.171464655750283,0.002156052229111083,0.000125317950733006,0.0059325867599211435,0,-0.0015181504573694446,-0.0015360615196728727,0.0059325867599211435,22_P6_1
44184,160,2026-02-15 09:39:05.780000+00:00,124421.81346018388,426965.61760527384,5.603431111573276,0.0022540232457686216,-0.0010327647905796766,0.011249881685936991,0,0.00020329776686407275,0.002471010708822298,0.011249881685936991,38a_P9_0
44185,100,2026-02-15 09:39:13.500000+00:00,124292.48582595597,426345.93015608605,7.589227843934535,0.002102682658005506,-7.88936740718782e-05,0.0007282749654367038,0,-0.00040684224803928923,-0.002064455850168755,0.0007282749654367038,06_P2_0
44186,74,2026-02-15 09:39:17.020000+00:00,124369.34749918833,426785.72577930405,7.23561210345551,0.001185979024739936,-0.0006869926583021879,0.005558268698437452,0,-0.0013362401759332524,-0.0003049054802821152,0.005558268698437452,21_P6_1
44187,92,2026-02-15 09:39:17.180000+00:00,124278.31824686773,426395.63725784584,11.105410744078581,0.0042710651468951255,-0.001032779342494905,0.003621760851361344,0,0.00039937816704149537,-0.004375971633705715,0.003621760851361344,11_P3_0
44188,162,2026-02-15 09:39:23.500000+00:00,124402.99758337319,426879.64665045607,6.5557433427493805,0.002155244874302298,-0.001083131821360439,0.011070299458813437,0,0.0012659783108010436,-0.002053181416054423,0.011070299458813437,34a_P7_0
44189,101,2026-02-15 09:39:30.600000+00:00,124292.40710855467,426345.8832971572,10.216741210390683,0.001789683839888312,-9.636871982365847e-05,0.0011227127903996603,0,-0.0003190303237428285,-0.0017636538292562884,0.0011227127903996603,05_P2_0
44190,73,2026-02-15 09:39:33.120000+00:00,124369.49101000527,426785.69640779257,11.411798491533482,0.0016704408335499465,-5.8861623983830214e-05,0.005743875470406223,0,-0.001612318548898833,0.00044075635678435287,0.005743875470406223,20_P6_1
44191,93,2026-02-15 09:39:33.220000+00:00,124278.27230606815,426395.7901538123,7.952760001420802,0.0041824884683592245,-0.0011962901917286217,0.004034481141284019,0,0.0005682515732857719,-0.004312935214009392,0.004034481141284019,12_P3_0
44192,104,2026-02-15 09:39:39.010000+00:00,124389.81844391627,426881.4453702825,10.7339011555792,0.001347705998341553,0.0010307143675163388,0.007989287518993748,0,-0.0012871707684604004,-0.001105384538607027,0.007989287518993748,33_P7_0
44193,98,2026-02-15 09:39:46.650000+00:00,124302.66263612521,426390.07794417033,7.9806803701621085,0.0017904916603583843,3.2161769922822714e-05,0.001629575031238062,0,-0.0004514172301103627,-0.001732950446382406,0.001629575031238062,10_P3_0
44194,94,2026-02-15 09:39:49.090000+00:00,124268.2279574706,426351.5549782017,10.21863795383064,0.003734971513040364,-0.0009948188089765608,0.00414401453967983,0,0.000296718960219107,-0.0038537818470384465,0.00414401453967983,07_P2_0
44195,165,2026-02-15 09:39:51.120000+00:00,124091.06363247038,427154.20497356076,9.854510800028713,-0.020148156778304838,0.008821767114568502,0.003775306302692627,0,0.019315231311888306,-0.01052110431252742,0.003775306302692627,907_GSL_1
44196,105,2026-02-15 09:39:54.500000+00:00,124389.68946935477,426881.47307354416,7.070630692787497,0.0007839174068067223,0.0011203300091437995,0.008334796064707106,0,-0.0012598125105996792,-0.0005315432891301095,0.008334796064707106,34_P7_0
44197,99,2026-02-15 09:40:03.500000+00:00,124302.53987147061,426390.1351228036,11.089090660997416,0.0017911794420797378,0.0003065116470679641,0.0013354582480484822,0,-0.0007225132668339039,-0.001667407497514149,0.0013354582480484822,09_P3_0
44198,95,2026-02-15 09:40:04.710000+00:00,124268.11340880436,426351.54798609734,7.198226174454564,0.0038609021285083145,-0.0012049126671627164,0.004555316209443383,0,0.00047562938049651953,-0.004016485587403209,0.004555316209443383,08_P2_0
44199,152,2026-02-15 09:40:07.420000+00:00,124370.27723428298,426819.49991045165,9.734208231857805,0.0014626211195718497,0.0007404137286357582,0.0052872806299255615,0,0.00038381541039181355,0.0015937875516252725,0.0052872806299255615,29_KW_1
44200,113,2026-02-15 09:40:10.060000+00:00,124414.07765547583,426875.9121922705,7.341535544901618,0.00042086165922228247,-0.003039867675397545,0.03818559977634184,0,0.002853623888441821,-0.00112904859215376,0.03818559977634184,32_P7_0
44201,96,2026-02-15 09:40:21.080000+00:00,124258.06585981978,426307.35122043185,9.30990604500257,0.004881623346591368,-0.0011891450849361718,0.0053604368266793045,0,0.00020993013496896937,-0.005019984249920081,0.0053604368266793045,03_P1_0
44202,166,2026-02-15 09:40:21.720000+00:00,124091.06333287302,427154.2070409015,9.821219052789475,-0.008947962676757015,0.018012921966146678,-0.00863456627332937,0,0.019865534925699625,-0.003145141640520277,-0.00863456627332937,907_GSL_1
44203,117,2026-02-15 09:40:23.340000+00:00,124377.68170429156,426815.90647023916,7.623330116184882,0.0016871474799700081,0.0007642006385140121,0.005895076012422784,0,0.000697981973487667,0.0017156020516893287,0.005895076012422784,26_KW_0
44204,112,2026-02-15 09:40:26.310000+00:00,124413.95173534019,426875.8646208662,10.707158625627352,0.0010007153759943321,-0.0026451992453075945,0.03789301870668815,0,0.002328810440811702,-0.001604728089706711,0.03789301870668815,31_P7_0
44205,153,2026-02-15 09:40:35.890000+00:00,124370.27781154636,426819.49817564234,9.737018946785701,0.0039727414841763675,-0.0009474548860453069,0.010938469672712614,0,-0.00013026685798067072,-0.004082079887373448,0.010938469672712614,29_KW_1
44206,97,2026-02-15 09:40:37.160000+00:00,124257.9919954648,426307.39067441924,6.843812962853548,0.00412525593128521,-0.001178285398054868,0.006750772257447579,0,0.00034502305817450066,-0.004276336290237361,0.006750772257447579,04_P1_0
44207,125,2026-02-15 09:40:38.390000+00:00,124339.65748264351,426609.5908809709,6.674378622168868,-0.0003829201159533113,-0.0003528755623847246,0.0008626840397543134,0,-0.0004047023637457563,-0.0003276659495715578,0.0008626840397543134,17_P5_1
44208,116,2026-02-15 09:40:39.020000+00:00,124377.68899118347,426815.9007338315,10.011125294245659,0.0016312919033225626,0.000672267924528569,0.006065538968535122,0,0.0006086472122433339,0.0016560815219137362,0.006065538968535122,25_KW_0
44209,161,2026-02-15 09:40:42.310000+00:00,124402.99079335401,426879.6425692131,6.586285417883266,-0.0006103925843490288,-0.004937673860695213,0.04466109705954402,0,0.004624030699452439,-0.0018361760133882707,0.04466109705954402,34a_P7_0
44210,115,2026-02-15 09:40:55.520000+00:00,124396.29094901674,426811.6347808686,7.653093892883306,0.000858256928040646,0.0008665321511216462,0.0068216001102596735,0,0.0011844933314828759,0.00029061739646805783,0.0068216001102596735,24_KW_0
44211,146,2026-02-15 09:40:55.890000+00:00,124350.92492053518,426607.5120681478,11.379703964945456,-0.0013460397603921592,0.00020275096176192164,0.0003824517213733003,0,-8.610016443275561e-05,-0.0013584983440316069,0.0003824517213733003,13_P5_1
44212,114,2026-02-15 09:41:12.410000+00:00,124396.30009851379,426811.6304996466,9.996513483470261,0.0010778687719721347,0.0009608907857909799,0.005829405820078293,0,0.001378462663984922,0.00043006147910539156,0.005829405820078293,23_KW_0
44213,148,2026-02-15 09:41:13.960000+00:00,124351.03996466674,426607.3986102271,8.015205515907537,-0.0011537479294929653,0.00015433237422257662,-0.00025089930484512024,0,-9.374246823410521e-05,-0.001160243558996067,-0.00025089930484512024,14_P5_1
44214,150,2026-02-15 09:41:30.420000+00:00,124401.1040012302,426812.3226374849,9.187245334314063,0.0008206002676161006,0.0012058958527632058,0.005231311070254208,0,0.0014571525411969373,-6.539173194237171e-05,0.005231311070254208,27_KW_1
44215,168,2026-02-15 09:41:30.920000+00:00,124669.36940373684,426931.3145658611,13.792876437037972,-0.007328234511078335,0.006825288699474186,-0.008463582897256572,0,0.0012396700626661195,-0.00993734396185716,-0.008463582897256572,908_GSL_1
44216,119,2026-02-15 09:41:46.900000+00:00,124400.81497176431,426811.34422039654,3.9898988585882984,0.0008203772304113954,0.0010915152379311621,0.00636472950211564,0,0.0013653988420958248,-1.050318126920419e-05,0.00636472950211564,28_KW_1
44217,169,2026-02-15 09:42:04.240000+00:00,124669.37558728844,426931.31121052307,13.811827326765247,-0.0034901598846772686,0.009050970140378922,7.211389235450838e-05,0,0.001014851995419159,-0.0096473494769307,7.211389235450838e-05,908_GSL_1
44218,72,2026-02-15 09:42:46.820000+00:00,124390.52457920373,426780.88861823006,10.992511918030827,0.0006195008754730225,0.0016872983542270958,0.005426596464069178,0,0.000344179784589688,-0.0017641704415302687,0.005426596464069178,18_P6_1
44219,138,2026-02-15 09:45:19.670000+00:00,123928.08546355761,426940.43213958247,7.114856859865374,-0.001155321064288728,0.00041843042708933353,-0.003079203732553104,0,0.0010381200310859379,-0.0006573869370177144,-0.003079203732553104,905_GSL_1
44220,130,2026-02-15 09:45:21.300000+00:00,124898.93091182807,426720.7456064811,4.122700191520008,-0.007461169196176343,-0.024070217681583017,0.03263745904981352,0,0.002403772473317853,0.025085180942326923,0.03263745904981352,901_GSL_1
44221,134,2026-02-15 09:45:23.880000+00:00,123855.61499689291,426533.07468469185,6.052926852564578,0.0005347514961613342,0.0003866298939101398,0.007083933666797826,0,-0.0004469161273562741,0.0004854974898190742,0.007083933666797826,904_GSL_1
44222,139,2026-02-15 09:45:24.040000+00:00,123928.08599967542,426940.432233694,7.136104290622358,-0.0008702482737135142,0.0011296814191155136,-0.0004975401168980653,0,0.0011943967339606014,0.0007790562293573168,-0.0004975401168980653,905_GSL_1
44223,125,2026-02-15 09:45:38.540000+00:00,124339.65936276823,426609.5906578758,6.675334457955867,0.001497204604675062,-0.0005759706255048513,0.0018185198267532954,0,-0.00035263276058673896,0.001564932562721357,0.0018185198267532954,17_P5_1
44224,137,2026-02-15 09:45:41.190000+00:00,123928.08627677089,426940.43105686666,7.13528165373635,-0.0031224909907905385,-0.0027717043994925916,0.012417962770820523,0,-0.00041783371633278166,-0.004154240032933846,0.012417962770820523,905_GSL_1
44225,143,2026-02-15 09:45:43.190000+00:00,124266.9203304979,427056.3153029082,7.109355903748734,0.0007630698091816157,0.0010760321747511625,0.003814165525956703,0,0.0007065217381544133,0.0011139783697628291,0.003814165525956703,906_GSL_1
44226,153,2026-02-15 09:45:48.210000+00:00,124370.27818846946,426819.49813154637,9.737623639142011,0.004349664581241086,-0.000991550856269896,0.011543162029022724,0,-0.00018681140423599082,-0.0044573373856059105,0.011543162029022724,29_KW_1
44227,146,2026-02-15 09:45:56.280000+00:00,124350.92638931308,426607.5115202591,11.37873018547614,0.00012273814354557544,-0.00034513772698119283,-0.0005913277479425716,0,-0.0003114309586692442,0.00019286124662335404,-0.0005913277479425716,13_P5_1
44228,141,2026-02-15 09:45:57.200000+00:00,124266.91951554613,427056.3141745542,7.093874079309895,0.0008867946889949962,-0.0003437488339841366,0.009739379046797225,0,-0.0003707967186782249,0.0008758298206344923,0.009739379046797225,906_GSL_1
44229,152,2026-02-15 09:45:59.510000+00:00,124370.27727933943,426819.4999351237,9.73394731013937,0.0015076775598572567,0.0007650858024135232,0.005026358911491613,0,0.00039745232598760634,0.0016433135909250305,0.005026358911491613,29_KW_1
44230,135,2026-02-15 09:46:02.050000+00:00,123855.59825478338,426533.094560478,6.0573755770152395,-0.015395494847325608,0.017925556690897793,0.03617712989688204,0,0.002675461951133301,0.023477409303853308,0.03617712989688204,904_GSL_1
44231,136,2026-02-15 09:46:06.030000+00:00,123855.61771090873,426533.0736345201,6.033236845373725,0.0019407969375606626,-0.00047400599578395486,0.010944302936986894,0,-0.0012967070671067234,-0.001519843814014935,0.010944302936986894,904_GSL_1
44232,122,2026-02-15 09:46:13.970000+00:00,124329.15173391902,426611.39092219743,8.090641880499422,0.0021830159676028416,-0.001116711413487792,0.00697804205702468,0,-0.0005265048452012444,0.0023948686276709387,0.00697804205702468,16_P5_1
44233,148,2026-02-15 09:46:15.280000+00:00,124351.04032082863,426607.39837805385,8.015451761913008,-0.0007975860353326425,-7.784087210893631e-05,-4.653299374268727e-06,0,-0.00024514151788538837,-0.0007629602357509668,-4.653299374268727e-06,14_P5_1
44234,150,2026-02-15 09:46:16.090000+00:00,124401.10388194805,426812.32247941516,9.187190406967826,0.0007013181166257709,0.0010478261392563581,0.005176383724016631,0,0.0012591282765876128,-6.620197817219027e-05,0.005176383724016631,27_KW_1
44235,140,2026-02-15 09:46:25.700000+00:00,123928.08740813809,426940.43187086884,7.144848535959478,-0.0001155943755293265,-0.0025678080855868757,0.009274829757134562,0,3.183165420411454e-05,-0.0025702115029409504,0.009274829757134562,905_GSL_1
44236,120,2026-02-15 09:46:29.280000+00:00,124329.26337578928,426611.32966311707,11.363552208451887,0.0031239541131071746,-0.0015119730378501117,0.005521041805014448,0,-0.0006677519813648572,0.0034057684976181567,0.005521041805014448,15_P5_1
44237,128,2026-02-15 09:46:32.370000+00:00,124898.9387358284,426720.7752597076,4.0755530386367465,-0.0015655711031286046,0.005995672778226435,-0.005838892366933024,0,0.0011800474782051673,-0.006083304438518464,-0.005838892366933024,901_GSL_1
44238,129,2026-02-15 09:46:36.420000+00:00,124898.94054416199,426720.7750311147,4.0868561148696685,0.0008724632061785087,0.002528444572817534,-0.004828630375945053,0,0.0005671123028727136,-0.0026139257142994967,-0.004828630375945053,901_GSL_1
44239,145,2026-02-15 09:46:46.590000+00:00,124266.91970987064,427056.3135784028,7.119098006321998,0.001386117801303044,-0.001168204820714891,0.011131070030351964,0,-0.001806684971250089,0.00014803539066642095,0.011131070030351964,906_GSL_1
44240,124,2026-02-15 09:46:49.800000+00:00,124339.65998328294,426609.5896013628,6.680020242892825,0.002217559711425565,-0.0006405411986634135,0.005590047059631509,0,8.489541203233796e-05,0.002306654909157167,0.005590047059631509,17_P5_1
44241,154,2026-02-15 09:46:50+00:00,124285.6667102703,426445.5616851464,7.89633331794741,0.0020852703019045293,-0.0021398536046035588,-0.005266682052589289,11,-0.002923785299194933,-0.0006154715309024827,-0.005266682052589289,TS1-1
44242,131,2026-02-15 09:46:50.780000+00:00,124806.21720929102,426258.50190308027,4.608380060922924,-0.0013352051319088787,-0.004380984231829643,-0.00312441184963852,0,0.0002721034627584302,0.004571843751635728,-0.00312441184963852,903_GSL_1
44243,3,2026-02-15 09:46:50.980000+00:00,124314.90423039859,426440.7933233953,7.058842850391393,-0.0030089533393038437,-0.0027538882568478584,-0.01958624509969109,11,-0.003981919884692916,0.0008843159849281497,-0.01958624509969109,TS2
44244,149,2026-02-15 09:46:56.020000+00:00,124351.04227042825,426607.39792116353,8.01684334315137,0.0009587361855665222,0.0011886980501003563,0.004617499183572349,0,-0.001324710986658337,-0.0007598150627973419,0.004617499183572349,14_P5_1
44245,147,2026-02-15 09:47:11.920000+00:00,124350.92816774016,426607.5113615447,11.377220093699185,0.001660394569626078,0.0013688046019524336,0.0030004520267414847,0,-0.0016140005512628296,-0.0014232141039538678,0.0030004520267414847,13_P5_1
44246,133,2026-02-15 09:47:27.290000+00:00,124806.22860735335,426258.5144850526,4.589088198872979,0.006711259818985127,0.00300123926717788,0.0009310946884131255,0,0.0009373854319047641,-0.007291759324664207,0.0009310946884131255,903_GSL_1
44247,6,2026-02-15 09:47:27.490000+00:00,124399.0405677222,426925.07453676895,8.556520314371353,0.001396977822878398,-0.0009124459465965629,0.0092136185497953,11,-0.0016345702896852796,-0.0003350889600579931,0.0092136185497953,TS5
44248,126,2026-02-15 09:47:28.680000+00:00,124339.65886944807,426609.58966879954,6.673250243876911,0.002048843933152966,0.001178638485725969,0.0025930547414532157,0,-0.0016030281083154292,-0.0017370236113544279,0.0025930547414532157,17_P5_1
44249,121,2026-02-15 09:47:44.430000+00:00,124329.26191976812,426611.3285943492,11.356930281256984,0.0023769984109094366,0.000877856626175344,0.0026307591828622634,0,-0.0015051891391567917,-0.0020384207997737806,0.0026307591828622634,15_P5_1
44250,123,2026-02-15 09:48:01.220000+00:00,124329.15309553797,426611.39110998414,8.08158954262715,0.003338925846037455,0.0008319644839502871,0.0034738975730839172,0,-0.0017310895334743791,-0.0029738728511802684,0.0034738975730839172,16_P5_1
44251,4,2026-02-15 09:48:01.420000+00:00,124378.97112936105,426782.74140504835,7.762335121045979,-0.0006886121554998681,0.00022214092314243317,0.007259416073712721,11,-0.0006147065495030545,0.00038166627888090374,0.007259416073712721,TS3
44252,68,2026-02-15 09:51:20.700000+00:00,123928.08222479225,426940.4295049287,7.11993510042664,-0.026725569608970545,-0.01823007653001696,0.0011218193864142023,0,0.0019443490022876873,-0.03229258844025217,0.0011218193864142023,905_GSL_1
44253,66,2026-02-15 09:51:21.050000+00:00,124898.93176457162,426720.7483534618,4.1256484219965435,-0.005841092061018571,-0.025851693004369736,0.043361891592779145,0,0.004585564948780677,0.02610365839797149,0.043361891592779145,901_GSL_1
44254,68,2026-02-15 09:51:24.010000+00:00,123928.08605303214,426940.4322338454,7.135862277765528,-0.022897329719853587,-0.015501159825362265,0.017048996725302246,0,0.016495227399531225,-0.02219191603419745,0.017048996725302246,905_GSL_1
44255,67,2026-02-15 09:51:25.390000+00:00,123855.61478369546,426533.0750483941,6.051554442159768,-0.0032107786828419194,-0.01605431060306728,0.007146293822192007,0,-5.567351197122604e-05,-0.016372137586461194,0.007146293822192007,904_GSL_1
44256,67,2026-02-15 09:51:39.870000+00:00,123855.6164407113,426533.0753377437,6.0293150650117795,-0.0015537628496531397,-0.015764961019158363,-0.015093083325796286,0,0.01048282238120343,-0.011876809750631075,-0.015093083325796286,904_GSL_1
44257,68,2026-02-15 09:51:41.760000+00:00,123928.08490080261,426940.43017815164,7.136425806197153,-0.024049559244303964,-0.017556853592395782,0.017612525156926573,0,-0.00014664938014978524,-0.029775877852204605,0.017612525156926573,905_GSL_1
44258,69,2026-02-15 09:51:42.330000+00:00,124266.91994318555,427056.31492854573,7.109523330990828,-0.022654011103441007,9.016168769448996e-05,0.019021960063395404,0,0.008668370195860533,-0.020930162597368258,0.019021960063395404,906_GSL_1
44259,69,2026-02-15 09:51:57.770000+00:00,124266.92033393962,427056.313285856,7.091499919341655,-0.02226325703668408,-0.0015525280614383519,0.0009985484142225332,0,-0.0008695855883828281,-0.022300376188923218,0.0009985484142225332,906_GSL_1
44260,66,2026-02-15 09:51:58.820000+00:00,124898.9400056173,426720.7725020853,4.076195246378792,0.0023999536206247285,-0.0017030694871209562,-0.006091284024972055,0,0.0014279180739880193,0.0025731834433422203,-0.006091284024972055,901_GSL_1
44261,68,2026-02-15 09:51:59.010000+00:00,123928.08783628014,426940.4332363623,7.144268331982018,-0.02111408171185758,-0.014498642936814576,0.025455050941792123,0,0.020629795634770114,-0.015179809801570703,0.025455050941792123,905_GSL_1
44262,66,2026-02-15 09:52:01.020000+00:00,124898.94067312524,426720.77484836103,4.086810745644467,0.0030674615554744378,0.0006432062364183366,0.004524215240702567,0,0.0029697910861106007,-0.0010016863589662778,0.004524215240702567,901_GSL_1
44263,67,2026-02-15 09:52:02.100000+00:00,123855.60043359076,426533.09226236725,6.054147467153921,-0.017560883381520398,0.001159662555437535,0.009739318816345488,0,0.013880797186196512,0.010819099401406861,0.009739318816345488,904_GSL_1
44264,66,2026-02-15 09:52:14.200000+00:00,124898.94059873196,426720.7702251867,4.08310851983785,0.0029930682794656605,-0.003979968081694096,0.0008219894340859568,0,0.0011012088341110769,0.004856536086607721,0.0008219894340859568,901_GSL_1
44265,71,2026-02-15 09:52:17.930000+00:00,124806.21653831388,426258.500394263,4.607473727887409,-0.011223621608223766,-0.014711869065649807,0.015970064738141332,0,-0.005405572871345183,0.017697134099678068,0.015970064738141332,903_GSL_1
44266,69,2026-02-15 09:52:18.720000+00:00,124266.92059393323,427056.3138728338,7.119839926953443,-0.02200326342426706,-0.000965550250839442,0.02933855602601021,0,0.014928727249934126,-0.01619286853221686,0.02933855602601021,906_GSL_1
44267,149,2026-02-15 09:52:37.120000+00:00,124351.04214279797,426607.3978916708,8.017393459591366,0.0008311059063998982,0.0011592053342610598,0.005167615623568267,0,-0.0012755088675410887,-0.0006384130038275703,0.005167615623568267,14_P5_1
44268,164,2026-02-15 09:52:52.490000+00:00,124091.06520592509,427154.2057996359,9.839756161325033,-0.030122526281047612,0.011068694468121976,0.025122629695635723,0,0.0186493064731424,-0.026116775353244647,0.025122629695635723,907_GSL_1
44269,147,2026-02-15 09:52:52.800000+00:00,124350.92775041157,426607.5114189324,11.376764732500144,0.001243065984454006,0.001426192291546613,0.0025450908277004913,0,-0.0016047155736801494,-0.001002060587869803,0.0025450908277004913,13_P5_1
44270,126,2026-02-15 09:53:09.400000+00:00,124339.658503198,426609.58990632166,6.673162581662714,0.0016825938655529171,0.0014161606086418033,0.002505392527256234,0,-0.001753561824040468,-0.0013272731124877415,0.002505392527256234,17_P5_1
44271,122,2026-02-15 09:53:09.980000+00:00,124329.15149551463,426611.39054625854,8.089587382689306,0.0019446115766186267,-0.0014926503063179553,0.005923544246908108,0,-0.0009506115700948827,0.0022596142953327254,0.005923544246908108,16_P5_1
44272,110,2026-02-15 09:53:24.800000+00:00,124434.1420109182,426963.92915794626,8.789453199668014,0.0019250757322879508,-0.0029286271892488003,0.038392839410224866,0,-0.0024642972201934002,0.002491989767073372,0.038392839410224866,35_P9_0
44273,121,2026-02-15 09:53:25.720000+00:00,124329.26122397814,426611.3287772422,11.356030259383662,0.0016812084359116852,0.0010607496369630098,0.001730737309539876,0,-0.001487044087283475,-0.0013192238171641038,0.001730737309539876,15_P5_1
44274,120,2026-02-15 09:53:26.290000+00:00,124329.26224654504,426611.3294152214,11.363074618996025,0.001994709877180867,-0.0017598686972633004,0.0050434523491524885,0,-0.0011946863209812918,0.0023767056864892467,0.0050434523491524885,15_P5_1
44275,111,2026-02-15 09:53:41.330000+00:00,124434.2641773971,426963.97228424466,6.505934323814408,0.0024866377789294347,-0.005779534694738686,0.04464181419963964,0,-0.005127428240063178,0.003646350007101613,0.04464181419963964,36_P9_0
44276,102,2026-02-15 09:53:41.590000+00:00,124282.39544247129,426301.7936904335,6.903659417093544,0.0021535254636546597,0.00013256887905299664,0.0003614333268080472,0,-0.0006195302233321173,-0.0020667435091661574,0.0003614333268080472,02_P1_0
44277,123,2026-02-15 09:53:41.830000+00:00,124329.15250194562,426611.39133563393,8.082120785474167,0.0027453334914753214,0.001057614281307906,0.004005140420101583,0,-0.0017820388169248942,-0.0023408847905045304,0.004005140420101583,16_P5_1
44278,124,2026-02-15 09:53:45.680000+00:00,124339.66022669442,426609.5890901982,6.678829893354564,0.0024609711981611326,-0.0011517058010213077,0.004399697521370705,0,-0.00032453272306014983,0.0026976812268961537,0.004399697521370705,17_P5_1
44279,107,2026-02-15 09:53:57.640000+00:00,124409.92333248278,426969.52429857355,6.297667357005912,0.0025149754801532254,-0.0001124795526266098,0.008587033575878422,0,0.0004886981186757996,0.002469600669001724,0.008587033575878422,38_P9_0
44280,103,2026-02-15 09:53:57.850000+00:00,124282.31412867646,426301.7974869545,9.298622141155937,0.002410269298707135,4.2801257222890854e-05,0.0006706553648232472,0,-0.0005919071719504234,-0.002336851715386258,0.0006706553648232472,01_P1_0
44281,118,2026-02-15 09:53:58.020000+00:00,124372.26227781578,426775.1130856359,6.171587219745351,0.0022504537919303402,0.00042113708332180977,0.0060551507549897465,0,-0.0018026125355225138,-0.0014115547312589555,0.0060551507549897465,22_P6_1
44282,170,2026-02-15 09:54:02.160000+00:00,124669.37312159114,426931.31004662014,13.803402774182869,-0.014925225332262926,0.011549648421350867,0.017212643511481218,0,-0.00018907068771983348,-0.018871168012358976,0.017212643511481218,908_GSL_1
44283,106,2026-02-15 09:54:12.380000+00:00,124410.03487210517,426969.44967997004,8.932380856158423,0.0026682869502110407,0.00011862913379445672,0.008493631819892045,0,0.000756692590293405,0.002561492620299035,0.008493631819892045,37_P9_0
44284,74,2026-02-15 09:54:14.620000+00:00,124369.34754562813,426785.7257506158,7.235558544559636,0.0012324188282946125,-0.0007156808860599995,0.005504709802563568,0,-0.0013890932044624193,-0.0003185519868451907,0.005504709802563568,21_P6_1
44285,100,2026-02-15 09:54:14.910000+00:00,124292.48590118576,426345.9299770934,7.587990549285933,0.002177912450861186,-0.0002578863059170544,-0.0005090196831654126,0,-0.00024995136016023285,-0.0021788373752875114,-0.0005090196831654126,06_P2_0
44286,92,2026-02-15 09:54:20.080000+00:00,124278.3179363051,426395.6370054998,11.105162536073266,0.0039605025231139734,-0.0012851253850385547,0.003373552846046124,0,0.0006943310903032472,-0.004105488013367102,0.003373552846046124,11_P3_0
44287,160,2026-02-15 09:54:28.210000+00:00,124421.81341047294,426965.6172249357,5.603950616947644,0.0022043123026378453,-0.0014131029602140188,0.011769387060305725,0,-0.00015267238945902855,0.0026139135114274636,0.011769387060305725,38a_P9_0
44288,73,2026-02-15 09:54:30.810000+00:00,124369.49092779942,426785.6962035,11.41175036657158,0.0015882349835010245,-0.00026315421564504504,0.00569575050850446,0,-0.0015946114250634418,0.0002212575582559785,0.00569575050850446,20_P6_1
44289,101,2026-02-15 09:54:31.680000+00:00,124292.40721127964,426345.88336988824,10.216569293966417,0.0018924088071798906,-2.3637665435671806e-05,0.0009507963661334884,0,-0.00041349430272706497,-0.0018468330445201382,0.0009507963661334884,05_P2_0
44290,93,2026-02-15 09:54:35.900000+00:00,124278.27174338257,426395.7898671927,7.952436165072642,0.003619802897446789,-0.0014829098363406956,0.003710644793124551,0,0.0009345402770163444,-0.0037985035303016853,0.003710644793124551,12_P3_0
44291,162,2026-02-15 09:54:45.580000+00:00,124402.99771538448,426879.6463437957,6.556156219268532,0.002287256167619489,-0.001389792189002037,0.011483175977964777,0,0.0015829332965487883,-0.002158097607524195,0.011483175977964777,34a_P7_0
44292,98,2026-02-15 09:54:47.740000+00:00,124302.66269845808,426390.0780342266,7.980800458946575,0.0018528245273046196,0.00012221804354339838,0.0017496638157048494,0,-0.0005535858642421127,-0.0017724104124215915,0.0017496638157048494,10_P3_0
44293,165,2026-02-15 09:54:48.040000+00:00,124091.06613417757,427154.2069746846,9.854706676625206,-0.017646449588937685,0.010822890966665,0.003971182899185521,0,0.019364418814632068,-0.007317884663122349,0.003971182899185521,907_GSL_1
44294,94,2026-02-15 09:54:52.800000+00:00,124268.2274245889,426351.5548353948,10.218006605064755,0.0032020898070186377,-0.0011376257170923054,0.0035126657737940548,0,0.0005343665459784259,-0.003355893889702344,0.0035126657737940548,07_P2_0
44295,104,2026-02-15 09:55:01.030000+00:00,124389.81844923648,426881.4448960999,10.734191254688097,0.0013530262076528743,0.0005565317696891725,0.008279386627890517,0,-0.0008243441748550423,-0.0012086621573671613,0.008279386627890517,33_P7_0
44296,99,2026-02-15 09:55:04.090000+00:00,124302.53965042662,426390.13517076493,11.089015652551346,0.0015701354568591341,0.0003544729552231729,0.0012604498019790356,0,-0.0007166902437569047,-0.0014412950854611835,0.0012604498019790356,09_P3_0
44297,152,2026-02-15 09:55:04.320000+00:00,124370.2773149374,426819.49982482055,9.734241915545633,0.0015432755317306146,0.0006547826342284679,0.005320964317753862,0,0.00028191677550983783,0.0016525624334988735,0.005320964317753862,29_KW_1
44298,95,2026-02-15 09:55:08.280000+00:00,124268.11255131487,426351.54780490126,7.1974659402398595,0.003003412639372982,-0.001386108750011772,0.0037950819947392134,0,0.00081118634137267,-0.003206830470850463,0.0037950819947392134,08_P2_0
44299,105,2026-02-15 09:55:16.180000+00:00,124389.68954170145,426881.4726003582,7.070818067136386,0.0008562640869058669,0.0006471440428867936,0.008522170413596264,0,-0.0008123215624727365,-0.000701510711187259,0.008522170413596264,34_P7_0
44300,117,2026-02-15 09:55:19.820000+00:00,124377.6817707229,426815.9063724025,7.623246315799008,0.0017535788210807368,0.0006663639796897769,0.0058112756265487064,0,0.0005976348147824813,0.0017781766681999888,0.0058112756265487064,26_KW_0
44301,166,2026-02-15 09:55:22.340000+00:00,124091.06047192305,427154.2059813853,9.822413846598533,-0.011808912648120895,0.016953405749518424,-0.007439772464271854,0,0.019711080454748578,-0.006192066839528024,-0.007439772464271854,907_GSL_1
44302,96,2026-02-15 09:55:24.980000+00:00,124258.065132275,426307.3510679928,9.309498071954012,0.004154078575083986,-0.001341584138572216,0.004952463778121086,0,0.0005019395045403002,-0.004336389459287783,0.004952463778121086,03_P1_0
44303,116,2026-02-15 09:55:35.120000+00:00,124377.68909263935,426815.90074533183,10.01101369962202,0.0017327477835351601,0.0006837682449258864,0.00595394434489549,0,0.0006162134293836035,0.001757906397838729,0.00595394434489549,25_KW_0
44304,113,2026-02-15 09:55:36.610000+00:00,124414.07788851361,426875.9121904135,7.341431260709312,0.0006538994348375127,-0.0030417246744036674,0.03808131558403538,0,0.0028002195875969447,-0.0013558922254350869,0.03808131558403538,32_P7_0
44305,125,2026-02-15 09:55:38.450000+00:00,124339.65788049478,426609.59072253737,6.674824490185165,1.493115269113332e-05,-0.0005113090737722814,0.0013085520560514041,0,-0.0005037314920509311,8.896343158116674e-05,0.0013085520560514041,17_P5_1
44306,97,2026-02-15 09:55:41+00:00,124257.99105318199,426307.3904170235,6.842372261787689,0.0031829731160541996,-0.0014356811298057437,0.005310071191589216,0,0.0007825062129252319,-0.0034029666749378386,0.005310071191589216,04_P1_0
44307,112,2026-02-15 09:55:51.810000+00:00,124413.95217908802,426875.8646523776,10.706849678108105,0.001444463210646063,-0.002613687829580158,0.03758407118744067,0,0.0021920090535785496,-0.002028037067322746,0.03758407118744067,31_P7_0
44308,115,2026-02-15 09:55:52.220000+00:00,124396.29091841646,426811.6347994623,7.653161871619529,0.0008276566513814032,0.0008851258317008615,0.006889578846482891,0,0.0011847085391284101,0.0002548115928215344,0.006889578846482891,24_KW_0
44309,146,2026-02-15 09:55:56.090000+00:00,124350.92485648801,426607.5119076458,11.378536804643822,-0.0014100869302637875,4.2248982936143875e-05,-0.0007847085802605847,0,-0.00025650831544348466,-0.0013872035220429033,-0.0007847085802605847,13_P5_1
44310,153,2026-02-15 09:56:04.200000+00:00,124370.27815373492,426819.4979813934,9.737666613049086,0.004314930047257803,-0.0011417038040235639,0.011586135936097364,0,-3.281327166068826e-05,-0.004463298351897733,0.011586135936097364,29_KW_1
44311,161,2026-02-15 09:56:07.210000+00:00,124402.99185619743,426879.6420647561,6.58591812628079,0.0004524508403846994,-0.005442130903247744,0.04429380545706785,0,0.004556011173685048,-0.003010691401705913,0.04429380545706785,34a_P7_0
44312,114,2026-02-15 09:56:08.220000+00:00,124396.30026566704,426811.63045553135,9.996542946757366,0.0012450220237951726,0.0009167755488306284,0.005858869107182585,0,0.0014266132192653207,0.0005960972817302265,0.005858869107182585,23_KW_0
44313,148,2026-02-15 09:56:13.150000+00:00,124351.04004746134,426607.3984380759,8.015326602474602,-0.0010709533235058188,-1.781882019713521e-05,-0.00012981273778045477,0,-0.00024443095959488415,-0.0010428384522412379,-0.00012981273778045477,14_P5_1
44314,150,2026-02-15 09:56:23.920000+00:00,124401.10391665688,426812.32245238876,9.18721230474229,0.0007360269519267604,0.001020799740217626,0.00519828149848145,0,0.0012582821840887437,-2.22200089071e-05,0.00519828149848145,27_KW_1
44315,168,2026-02-15 09:56:30.240000+00:00,124669.37033739199,426931.3131774975,13.79094030678492,-0.006394579366315156,0.005436925101093948,-0.010399713150308187,0,0.0006612470823913521,-0.008367410120403916,-0.010399713150308187,908_GSL_1
44316,119,2026-02-15 09:56:39.520000+00:00,124400.8149416071,426811.344106263,3.9898180468031677,0.0007902200159151107,0.0009773817146196961,0.006283917716984888,0,0.0012563882638813566,3.480258621145073e-05,0.006283917716984888,28_KW_1
44317,169,2026-02-15 09:56:56.230000+00:00,124669.37603356324,426931.3100462325,13.813603555477698,-0.0030438850808423012,0.007886679552029818,0.0018483426048057083,0,0.000881910199584048,-0.008407567135720608,0.0018483426048057083,908_GSL_1
44318,72,2026-02-15 09:57:38.720000+00:00,124390.52462795496,426780.8884764444,10.992444161814085,0.0006682521052425727,0.001545512699522078,0.005358840247327024,0,0.0004147917620859096,-0.001631906300818407,0.005358840247327024,18_P6_1
