,Id,Timestamp,Easting,Northing,Height,EastingDiff,NorthingDiff,HeightDiff,Type,LongitudinalDisplacement,TransverseDisplacement,HeightDisplacement,Name
995,138,2026-02-09 14:00:20.840000+00:00,123928.08795610355,426940.43040172657,7.121310909757538,0.001337224879534915,-0.0013194254715926945,0.0033748461596108115,0,-0.001861914655996377,0.00024965529700101693,0.0033748461596108115,905_GSL_1
996,139,2026-02-09 14:00:20.850000+00:00,123928.09799454907,426940.4258883463,7.141597574015134,0.011124625380034558,-0.005215666315052658,0.004995743275878262,0,-0.012222778026154143,-0.0012506647350299291,0.004995743275878262,905_GSL_1
997,134,2026-02-09 14:00:21.670000+00:00,123855.63033347984,426533.0812111509,6.0469812796044975,0.01587133842986077,0.006913088960573077,0.0011383607067170232,0,-0.014174107106073424,0.009939057816389416,0.0011383607067170232,904_GSL_1
998,143,2026-02-09 14:00:37.320000+00:00,124266.9298136073,427056.3081333859,7.111647444101092,0.010246179212117568,-0.006093490112107247,0.0061057058783147156,0,-0.009522552622828216,0.007171875747574442,0.0061057058783147156,906_GSL_1
999,142,2026-02-09 14:00:37.910000+00:00,124266.93529928866,427056.31562855974,7.074861522062611,0.015808342708623968,0.00047418958274647593,-0.007939211191444251,0,-0.0007559136076424292,0.015797377933425245,-0.007939211191444251,906_GSL_1
1000,137,2026-02-09 14:00:38.580000+00:00,123928.09754469545,426940.42682118004,7.129316257789465,0.008145433574100025,-0.007007391017396003,0.006452566823934802,0,-0.010450424144207472,0.002498049676632476,0.006452566823934802,905_GSL_1
1001,125,2026-02-09 14:00:52.460000+00:00,124339.66027122807,426609.5903173419,6.67446259560363,0.002405664446996525,-0.0009165045339614153,0.0009466574745156109,0,-0.0005577635052475827,0.002513185600891597,0.0009466574745156109,17_P5_1
1002,152,2026-02-09 14:00:53.240000+00:00,124370.28497233985,426819.49239130184,9.736425862901585,0.0092006779887015,-0.006778736074920744,0.0075049116737062604,0,-0.00871625541929124,0.0073912535940044875,0.0075049116737062604,29_KW_1
1003,141,2026-02-09 14:00:55.300000+00:00,124266.92797280537,427056.3123727821,7.089582813765431,0.00934405392035842,-0.0021455209353007376,0.005448113502333207,0,-0.0024314072799279983,0.00927377282391004,0.005448113502333207,906_GSL_1
1004,146,2026-02-09 14:01:07.740000+00:00,124350.92768388058,426607.51145354804,11.379611912099378,0.0014173056406434625,-0.00041184877045452595,0.0002903988752951392,0,-0.00010324030514755094,0.0014723165855609049,0.0002903988752951392,13_P5_1
1005,150,2026-02-09 14:01:09.850000+00:00,124401.11374172485,426812.3152983574,9.190162974767013,0.010561094924923964,-0.006133231625426561,0.008148951523203607,0,0.0014126024156512023,0.012130861906710654,0.008148951523203607,27_KW_1
1006,122,2026-02-09 14:01:12.090000+00:00,124329.16443899443,426611.38938917936,8.07887720464947,0.014888091376633383,-0.002649729489348829,-0.004786633792928541,0,0.001211948984307959,0.015073404090156445,-0.004786633792928541,16_P5_1
1007,148,2026-02-09 14:01:22.840000+00:00,124351.04225025639,426607.39787993196,8.016201934697191,0.0011318417236907408,-0.000575962767470628,0.0007455194848091651,0,-0.00032295835048544815,0.001228208736677675,0.0007455194848091651,14_P5_1
1008,120,2026-02-09 14:01:27.440000+00:00,124329.27185684354,426611.3298273147,11.35132244436751,0.01160500837431755,-0.001347775396425277,-0.006708722279363144,0,0.0016471500892898145,0.011566313780567357,-0.006708722279363144,15_P5_1
1009,129,2026-02-09 14:01:27.550000+00:00,124898.95060365264,426720.76648946793,4.085571891484021,0.010931953860563226,-0.006013202189933509,-0.0061128537615928735,0,0.011566703153020006,0.0046773490308529946,-0.0061128537615928735,901_GSL_1
1010,149,2026-02-09 14:01:44.860000+00:00,124351.05159438371,426607.39062126196,8.020487530646026,0.010282691640895791,-0.006111203518230468,0.00826168667822813,0,0.004416996776317978,-0.011116235662353384,0.00826168667822813,14_P5_1
1011,124,2026-02-09 14:01:47.470000+00:00,124339.6721809195,426609.5882819198,6.666285143017841,0.014415196274057962,-0.001959984248969704,-0.008145052815351939,0,0.002644176050530637,0.014305514841823207,-0.008145052815351939,17_P5_1
1012,147,2026-02-09 14:02:03.760000+00:00,124350.93728942022,426607.50410280155,11.380746216018693,0.010782074634335004,-0.005889938562177122,0.006526574346249703,0,0.00411134785298942,-0.011577621885271202,0.006526574346249703,13_P5_1
1013,131,2026-02-09 14:02:05.730000+00:00,124806.21818722211,426258.49768000137,4.626261656224698,-0.000357274038833566,-0.008604063128586859,0.014757183452135614,0,0.002657958824863434,0.008191019591287945,0.014757183452135614,903_GSL_1
1014,127,2026-02-09 14:02:17.490000+00:00,124898.9530306435,426720.7723086068,4.081089524187754,0.012677219274337403,0.0041370882536284626,0.004489821471254096,0,0.0132598092069011,0.001415926390926876,0.004489821471254096,901_GSL_1
1015,154,2026-02-09 14:02:17.690000+00:00,124285.66537911422,426445.56128595927,7.8966135742374775,0.0007541142113041133,-0.0025390407536178827,-0.00498642576252184,11,-0.0013173806354054875,-0.0022978086198989513,-0.00498642576252184,TS1-1
1016,126,2026-02-09 14:02:18.840000+00:00,124339.6677006361,426609.5823542556,6.676544140376425,0.010880031957640313,-0.006135905452538282,0.005886951240967164,0,0.0035739173762729245,-0.011968773776345594,0.005886951240967164,17_P5_1
1017,128,2026-02-09 14:02:25.490000+00:00,124898.93429290036,426720.7864634717,4.076971099222419,-0.0060084991418989375,0.017199436901137233,-0.004420831781260404,0,0.002016825171579192,-0.018106769669979404,-0.004420831781260404,901_GSL_1
1018,3,2026-02-09 14:02:25.690000+00:00,124314.90219134091,426440.7930160716,7.04731055888081,-0.0020336590969236568,-0.001183928397949785,-0.00488944111919043,11,0.0001401157772308026,-0.0023490047558366706,-0.00488944111919043,TS2
1019,121,2026-02-09 14:02:33.540000+00:00,124329.27254975072,426611.32074777456,11.362128346557718,0.013006981011130847,-0.006968718022108078,0.007828824483596009,0,0.003069218009971916,-0.01443345027021732,0.007828824483596009,15_P5_1
1020,123,2026-02-09 14:02:48.940000+00:00,124329.16220629703,426611.38350376586,8.084736253735713,0.012449684902094305,-0.006774253793992102,0.0066206086816471554,0,0.003028176396456729,-0.013846130013068402,0.0066206086816471554,16_P5_1
1021,4,2026-02-09 14:02:49.140000+00:00,124378.9703130664,426782.74268092157,7.758349985679833,0.003313066394184716,-0.0006940783932805061,-0.0061000143201672685,11,-0.003234367564278985,0.0009985089921653145,-0.0061000143201672685,TS3
1022,68,2026-02-09 14:06:20.530000+00:00,123928.08568937847,426940.4283943091,7.11853145219587,-0.023260983391082846,-0.01934069610433653,-0.0002818288443560135,0,-0.0010546581930222815,-0.0302328227298812,-0.0002818288443560135,905_GSL_1
1023,68,2026-02-09 14:06:20.740000+00:00,123928.0978316735,426940.4258741775,7.140880490440788,-0.011118688358692452,-0.021860827750060707,0.022067209400561616,0,0.0032772094324699935,-0.024305985252017187,0.022067209400561616,905_GSL_1
1024,67,2026-02-09 14:06:22.270000+00:00,123855.63004527756,426533.0798113748,6.047760584278088,0.012050803416059352,-0.01129132992355153,0.003352435940512599,0,-0.0140606628197289,-0.008661048174724078,0.003352435940512599,904_GSL_1
1025,69,2026-02-09 14:06:37.220000+00:00,124266.93012207582,427056.308373671,7.1141225528462995,-0.012475120835006237,-0.006464713020250201,0.023621181918866974,0,-0.0012546797700553427,-0.01399453225216238,0.023621181918866974,906_GSL_1
1026,69,2026-02-09 14:06:37.750000+00:00,124266.9455819219,427056.3164796893,7.080467819827102,0.002984725244459696,0.001641305279918015,-0.010033551100330662,0,0.0014044747857420675,0.003103210979456041,-0.010033551100330662,906_GSL_1
1027,68,2026-02-09 14:06:39.420000+00:00,123928.09783930935,426940.4269074286,7.127185686227593,-0.011111052503110841,-0.0208275766344741,0.008372405187366816,0,-0.010374781817869366,-0.021203946293635634,0.008372405187366816,905_GSL_1
1028,66,2026-02-09 14:06:54.950000+00:00,124898.94749196563,426720.75849262625,4.079335975190963,0.009886301952064969,-0.015712528547737747,-0.002950555212801298,0,0.002122544085833786,0.018442270094935962,-0.002950555212801298,901_GSL_1
1029,66,2026-02-09 14:06:55.350000+00:00,124898.9503571989,426720.7653239112,4.091731337612483,0.012751535221468657,-0.008881243586074561,0.009444807208718764,0,0.013712862310618364,0.007309962064851542,0.009444807208718764,901_GSL_1
1030,69,2026-02-09 14:06:56.090000+00:00,124266.92741597974,427056.31265063526,7.085609641866692,-0.015181216920609586,-0.00218774878885597,-0.004891729060740424,0,-0.0017211941881232749,-0.015241164080230692,-0.004891729060740424,906_GSL_1
1031,71,2026-02-09 14:07:11.930000+00:00,124806.22111297274,426258.5064053486,4.617153174106756,-0.006648962749750353,-0.008700783480890095,0.025649510957488353,0,-0.0032074009329025027,0.010470191883844055,0.025649510957488353,903_GSL_1
1032,66,2026-02-09 14:07:12.880000+00:00,124898.9536855319,426720.7709231275,4.077599358238432,0.01607986821909435,-0.003282027319073677,-0.004687172165332321,0,0.013326527329068097,0.009577971320388658,-0.004687172165332321,901_GSL_1
1033,149,2026-02-09 14:07:33.850000+00:00,124351.05149042538,426607.3906910433,8.022245059129132,0.010178733311477117,-0.006041422195266932,0.010019215161333861,0,0.004364443564531185,-0.011002591801010349,0.010019215161333861,14_P5_1
1034,147,2026-02-09 14:07:49.250000+00:00,124350.93758296638,426607.5040372052,11.379844338637875,0.011075620786868967,-0.005955534928943962,0.005624696965432108,0,0.004129713008430777,-0.011877846714467783,0.005624696965432108,13_P5_1
1035,164,2026-02-09 14:07:50.840000+00:00,124091.07087752972,427154.2047111555,9.83092561137862,-0.024450921642710455,0.00998021406121552,0.01629207974922231,0,0.016098335161191326,-0.02093551639973568,0.01629207974922231,907_GSL_1
1036,102,2026-02-09 14:08:01.390000+00:00,124282.39725965666,426301.7922261656,6.9038064962970696,0.003970710837165825,-0.0013316990225575864,0.0005085125303336824,0,0.0003923781611749441,-0.004169653009268269,0.0005085125303336824,02_P1_0
1037,126,2026-02-09 14:08:03.430000+00:00,124339.66837491211,426609.5821964557,6.677295827158645,0.01155430797371082,-0.006293705373536795,0.006638638023186871,0,0.0035784658695018,-0.012661253575418752,0.006638638023186871,17_P5_1
1038,122,2026-02-09 14:08:07.040000+00:00,124329.16534167802,426611.3891513737,8.079815956344593,0.015790774967172183,-0.0028875351417809725,-0.0038478820978049555,0,0.0012108030660872898,0.01600688568067022,-0.0038478820978049555,16_P5_1
1039,103,2026-02-09 14:08:16.160000+00:00,124282.3225417635,426301.7943702312,9.292308452732676,0.010823356336914003,-0.0030739220092073083,-0.0056430330584369415,0,0.0005218126748929533,-0.011239294926587996,-0.0056430330584369415,01_P1_0
1040,121,2026-02-09 14:08:19.240000+00:00,124329.27266024626,426611.32079274516,11.360836215587074,0.013117476555635221,-0.006923747423570603,0.006536693512952496,0,0.0029952448735770455,-0.01452704297922845,0.006536693512952496,15_P5_1
1041,120,2026-02-09 14:08:22.280000+00:00,124329.27276068002,426611.32969321765,11.351314604774725,0.012508844854892232,-0.0014818724594078958,-0.006716561872147864,0,0.001747264964279952,0.012474542506012603,-0.006716561872147864,15_P5_1
1042,100,2026-02-09 14:08:30.140000+00:00,124292.48859008281,426345.9285175058,7.588453437470442,0.004866809496888891,-0.0017174739041365683,-4.613149865573263e-05,0,0.0005519915521354625,-0.005131360113729018,-4.613149865573263e-05,06_P2_0
1043,123,2026-02-09 14:08:34.650000+00:00,124329.16270617342,426611.3833614234,8.086322671703114,0.01294956129277125,-0.006916596263181418,0.008207026649047933,0,0.003025265309553316,-0.01436586966911185,0.008207026649047933,16_P5_1
1044,124,2026-02-09 14:08:37.380000+00:00,124339.67251698798,426609.5880402075,6.6699000827743,0.014751264752703719,-0.002201696508564055,-0.0045301130588937255,0,0.0025196252062793805,0.014700298233031322,-0.0045301130588937255,17_P5_1
1045,101,2026-02-09 14:08:43.790000+00:00,124292.4126062438,426345.8810663072,10.216968345343522,0.007287372965947725,-0.0023272187099792063,0.0013498477432385414,0,0.0005835008160777707,-0.007627665335247713,0.0013498477432385414,05_P2_0
1046,118,2026-02-09 14:08:51.950000+00:00,124372.27101421295,426775.10757921735,6.17445229580279,0.01098685096076224,-0.005085281445644796,0.008920226812428211,0,-0.003450973513558151,-0.011604385516869969,0.008920226812428211,22_P6_1
1047,170,2026-02-09 14:08:53.170000+00:00,124669.39672558136,426931.3018644441,13.790697947134388,0.008678764890646562,0.003367472381796688,0.00450781646300058,0,0.008022198805002536,0.004722833535315293,0.00450781646300058,908_GSL_1
1048,98,2026-02-09 14:08:57.290000+00:00,124302.66555469726,426390.07647758664,7.980936341725796,0.004709063709015027,-0.0014344219234772027,0.001885546594925458,0,0.0002892381387834875,-0.004914182390712361,0.001885546594925458,10_P3_0
1049,74,2026-02-09 14:09:10.850000+00:00,124369.35736894097,426785.7202243181,7.238556928641033,0.011055731665692292,-0.006241978611797094,0.0085030938839612,0,-0.01240921723276851,-0.002683808361989489,0.0085030938839612,21_P6_1
1050,99,2026-02-09 14:09:11.090000+00:00,124302.54186175828,426390.13374357263,11.08958652255844,0.003781467108638026,-0.0010727193439379334,0.0018313198090726956,0,0.00014533086963672916,-0.003927989208602856,0.0018313198090726956,09_P3_0
1051,92,2026-02-09 14:09:12.670000+00:00,124278.32999108174,426395.6354502135,11.094440073801827,0.01601527916500345,-0.002840411674696952,-0.007348909425392236,0,0.0004722463111257681,-0.01625835442584447,-0.007348909425392236,11_P3_0
1052,93,2026-02-09 14:09:26.170000+00:00,124278.28391392477,426395.7883442727,7.941314407849323,0.015790345089044422,-0.0030058298143558204,-0.007411112430194322,0,0.0006471166867176732,-0.016060860839249905,-0.007411112430194322,12_P3_0
1053,73,2026-02-09 14:09:26.230000+00:00,124369.5007004381,426785.68826110626,11.414552590691432,0.011360873671947047,-0.00820554792881012,0.008497974628356886,0,-0.013288926330321133,-0.0044502701478940955,0.008497974628356886,20_P6_1
1054,166,2026-02-09 14:09:29.160000+00:00,124091.04024812904,427154.20032493473,9.827949549299575,-0.03203270665835589,0.011296955170109868,-0.0019040697632295434,0,0.02036838823231601,-0.02718168966038352,-0.0019040697632295434,907_GSL_1
1055,94,2026-02-09 14:09:40.070000+00:00,124268.23932121246,426351.5532512132,10.207539995707622,0.015098713367478922,-0.0027218072791583836,-0.006953943583338784,0,-8.05093193413521e-05,-0.015341867502610802,-0.006953943583338784,07_P2_0
1056,125,2026-02-09 14:09:44.160000+00:00,124339.65636657357,426609.59063921036,6.675343614083777,-0.0014989900519140065,-0.0005946360761299729,0.001827675954663377,0,-0.0008058352384411346,-0.001396851032594001,0.001827675954663377,17_P5_1
1057,152,2026-02-09 14:09:51.350000+00:00,124370.28500286858,426819.49241129466,9.73618802346441,0.009231206713593565,-0.006758743256796151,0.007267072236530225,0,-0.008703834576198359,0.007425567417413722,0.007267072236530225,29_KW_1
1058,95,2026-02-09 14:09:54.270000+00:00,124268.12533106972,426351.5462128472,7.185183009408169,0.015783167487825267,-0.0029781627818010747,-0.008487848836951528,0,2.7849952744814913e-05,-0.01606166410692808,-0.008487848836951528,08_P2_0
1059,146,2026-02-09 14:10:00.340000+00:00,124350.92524964707,426607.5117916642,11.378963780751548,-0.0010169278684770688,-7.37326336093247e-05,-0.00035773247253523266,0,-0.0002868335625417016,-0.0009784197965821816,-0.00035773247253523266,13_P5_1
1060,111,2026-02-09 14:10:06.600000+00:00,124434.24057618789,426964.0499485283,6.506761692072752,-0.02111457142746076,0.07188474893337116,0.04546918245798359,0,0.0658080864011751,-0.03581253998245059,0.04546918245798359,36_P9_0
1061,117,2026-02-09 14:10:07.680000+00:00,124377.69148922141,426815.89962951944,7.62631304240475,0.011472077327198349,-0.0060765190864913166,0.008878002232290072,0,-0.006521300174029324,0.011225207635046969,0.008878002232290072,26_KW_0
1062,96,2026-02-09 14:10:07.960000+00:00,124258.07726641906,426307.3495969028,9.299060764139504,0.0162882226286456,-0.0028126741526648402,-0.005484844036386605,0,-0.0004337324391186042,-0.016523595506446154,-0.005484844036386605,03_P1_0
1063,148,2026-02-09 14:10:17+00:00,124351.04061913361,426607.3982864371,8.015935851748964,-0.0004992810572730377,-0.00016945763491094112,0.0004794365365814457,0,-0.0002714394590490643,-0.0004520155796567675,0.0004794365365814457,14_P5_1
1064,116,2026-02-09 14:10:21.550000+00:00,124377.69865878602,426815.89415469696,10.013940969437275,0.011298894445644692,-0.005906866630539298,0.00888121416015153,0,-0.006342621899057087,0.011060164398886692,0.00888121416015153,25_KW_0
1065,97,2026-02-09 14:10:22.510000+00:00,124258.00312587216,426307.3888980386,6.832410888157012,0.015255663282005116,-0.0029546660371124744,-0.0046513024390879565,0,-0.00010090880232751701,-0.015538826563753065,-0.0046513024390879565,04_P1_0
1066,168,2026-02-09 14:10:34.960000+00:00,124669.3538814201,426931.32587932155,13.791015307499734,-0.0228505512495758,0.018138749175705016,-0.010324712435494376,0,0.0013176605769198832,-0.029144908383329338,-0.010324712435494376,908_GSL_1
1067,115,2026-02-09 14:10:35.450000+00:00,124396.3007782781,426811.628012784,7.655716572245462,0.010687518297345378,-0.005901552445720881,0.009444279472415218,0,0.0004290582470713517,0.012201117885108166,0.009444279472415218,24_KW_0
1068,114,2026-02-09 14:10:50.420000+00:00,124396.30985040557,426811.623619106,9.999374935747111,0.010829760547494516,-0.005919649789575487,0.008690858096928267,0,0.0004902528420338324,0.012332299838155395,0.008690858096928267,23_KW_0
1069,150,2026-02-09 14:11:05.250000+00:00,124401.11386778968,426812.3151915361,9.190421785252326,0.010687159752706066,-0.006240052927751094,0.008407762008516784,0,0.0014025467295888173,0.012295792239311588,0.008407762008516784,27_KW_1
1070,119,2026-02-09 14:11:20.840000+00:00,124400.82496874516,426811.3370970552,3.9929941173962624,0.010817358081112616,-0.006031826080288738,0.009459988310079659,0,0.00176807750600986,0.012258550634173918,0.009459988310079659,28_KW_1
1071,169,2026-02-09 14:11:37.240000+00:00,124669.38727626727,426931.3017885901,13.81605256439967,0.00819881894858554,-0.00037096283631399274,0.004297351526776794,0,0.00713012681657906,0.004064423348657418,0.004297351526776794,908_GSL_1
1072,113,2026-02-09 14:11:41.920000+00:00,124414.05733312733,426875.9892259211,7.342512653889548,-0.021413323818705976,0.07212898565921932,0.0457429170334569,0,-0.0650372322858533,0.03783225377622365,0.0457429170334569,32_P7_0
1073,112,2026-02-09 14:11:54.220000+00:00,124413.93092285458,426875.9415981996,10.707815823223262,-0.021477294561918825,0.07211810862645507,0.04567743073341113,0,-0.06491667584951542,0.03805418466089561,0.04567743073341113,31_P7_0
1074,62,2026-02-09 14:11:54.620000+00:00,124390.62176083999,426780.8752438228,7.45330118027055,0.01108062696584966,-0.00400138518307358,0.008503306688221635,0,0.011572868801321936,0.0022045600574774047,0.008503306688221635,19_P6_1
1075,72,2026-02-09 14:12:10.220000+00:00,124390.5340308468,426780.88182655926,10.995917607038145,0.010071143944514915,-0.005104372452478856,0.008832285471386925,0,0.010751682108710792,0.003447301889593182,0.008832285471386925,18_P6_1
1076,138,2026-02-09 14:15:20.590000+00:00,123928.08588562185,426940.4287349805,7.12485152297678,-0.000733256820240058,-0.002986171515658498,0.006915459378852518,0,-0.0019123522873636682,-0.002407861003956349,0.006915459378852518,905_GSL_1
1077,139,2026-02-09 14:15:20.940000+00:00,123928.09873715094,426940.42800564354,7.1400746005138656,0.011867227251059376,-0.003098369052167982,0.003472769774609752,0,-0.012224760149496574,0.0009930824230642164,0.003472769774609752,905_GSL_1
1078,134,2026-02-09 14:15:21.510000+00:00,123855.63032786512,426533.08062152815,6.0440992779424985,0.015865723704337142,0.006323466193862259,-0.001743640955282011,0,-0.014286178012576528,0.009360156577764034,-0.001743640955282011,904_GSL_1
1079,142,2026-02-09 14:15:37.900000+00:00,124266.93315344963,427056.3153105906,7.0802722919247465,0.013662503683008254,0.00015622045611962676,-0.0025284413293089614,0,-0.0009061402474118193,0.013633316602028458,-0.0025284413293089614,906_GSL_1
1080,137,2026-02-09 14:15:38.790000+00:00,123928.09832944213,426940.4272019544,7.128525739624488,0.008930180250899866,-0.006626616639550775,0.005662048658957808,0,-0.01060140743656528,0.0033571308829224377,0.005662048658957808,905_GSL_1
1081,143,2026-02-09 14:15:39.050000+00:00,124266.92999221229,427056.3082689464,7.115176467455531,0.010424784195492975,-0.005957929592113942,0.009634729232753436,0,-0.009464807388585614,0.007388536502187853,0.009634729232753436,906_GSL_1
1082,125,2026-02-09 14:15:52.530000+00:00,124339.6582872317,426609.590406595,6.674659596695149,0.00042166806815657765,-0.0008272514678537846,0.001143658566035377,0,-0.0007573169545132499,0.0005372336374203663,0.001143658566035377,17_P5_1
1083,141,2026-02-09 14:15:55.040000+00:00,124266.92835751206,427056.3125277335,7.0842825641048215,0.009728760618600063,-0.0019905695226043463,0.00014786384172360556,0,-0.0022883408774720107,0.009663055739611327,0.00014786384172360556,906_GSL_1
1084,152,2026-02-09 14:15:55.060000+00:00,124370.2849363792,426819.49233038764,9.736443682901326,0.009164717339444906,-0.0068396502756513655,0.00752273167344697,0,-0.00876724506518873,0.007342225396435589,0.00752273167344697,29_KW_1
1085,146,2026-02-09 14:16:08.900000+00:00,124350.92046573502,426607.5129342751,11.378704086714873,-0.005800839920993894,0.0010688782786019146,-0.0006174265092102615,0,-0.00018030341577505724,-0.0058957387358772335,-0.0006174265092102615,13_P5_1
1086,122,2026-02-09 14:16:10.760000+00:00,124329.16485743404,426611.389331597,8.078488217523407,0.015306530985981226,-0.002707311825361103,-0.005175620918990376,0,0.0012623496742545258,0.015492769327801048,-0.005175620918990376,16_P5_1
1087,150,2026-02-09 14:16:11.650000+00:00,124401.11385179104,426812.31525861815,9.190574752309137,0.010671161115169525,-0.0061729708686470985,0.008560729065328232,0,0.001446689547874755,0.012242807612763576,0.008560729065328232,27_KW_1
1088,120,2026-02-09 14:16:25.970000+00:00,124329.27265220629,426611.329689392,11.350388525902074,0.012400371124385856,-0.0014856980997137725,-0.007642640744798257,0,0.0017159850349776871,0.01237060621900674,-0.007642640744798257,15_P5_1
1089,148,2026-02-09 14:16:26.100000+00:00,124351.03813514033,426607.39893165266,8.01522448008721,-0.0029832743311999366,0.0004757579299621284,-0.0002319351251713897,0,-0.00016741739929785154,-0.0030163293516343045,-0.0002319351251713897,14_P5_1
1090,129,2026-02-09 14:16:29.250000+00:00,124898.950467674,426720.7666484023,4.092153094826841,0.010795975220389664,-0.0058542678016237915,0.00046834958122765613,0,0.011412872802102824,0.004535621992121733,0.00046834958122765613,901_GSL_1
1091,124,2026-02-09 14:16:41.290000+00:00,124339.67215697723,426609.5883171546,6.669970690223911,0.01439125400793273,-0.0019247494055889547,-0.0044595056092822105,0,0.002670161343876996,0.014271758496864352,-0.0044595056092822105,17_P5_1
1092,128,2026-02-09 14:16:43.360000+00:00,124898.93481795775,426720.7852568819,4.0773744299514085,-0.005483441753312945,0.015992847096640617,-0.004017501052270944,0,0.0019687088816347158,-0.016791768133757524,-0.004017501052270944,901_GSL_1
1093,149,2026-02-09 14:16:46.730000+00:00,124351.0510746058,426607.39065224363,8.01968436518687,0.009762913730810396,-0.006080221850425005,0.007458521219072978,0,0.004468192641572204,-0.010598058160976087,0.007458521219072978,14_P5_1
1094,127,2026-02-09 14:16:57.770000+00:00,124898.95441494581,426720.76916094846,4.076541664131717,0.014061521578696556,0.000989429885521531,-5.8038584782593716e-05,0,0.013234038095236501,0.004854440884421301,-5.8038584782593716e-05,901_GSL_1
1095,154,2026-02-09 14:16:57.970000+00:00,124285.66529409582,426445.56124090444,7.896097576480423,0.0006690958107355982,-0.0025840955786406994,-0.005502423519576638,11,-0.0012449904600966622,-0.0023611941719737157,-0.005502423519576638,TS1-1
1096,147,2026-02-09 14:17:01.550000+00:00,124350.9377271032,426607.5039621808,11.379780818054126,0.011219757609069347,-0.006030559306964278,0.005561176381682742,0,0.004181007544759046,-0.012032031510586686,0.005561176381682742,13_P5_1
1097,131,2026-02-09 14:17:01.730000+00:00,124806.22498609651,426258.51639760396,4.607585693208668,0.0064416003588121384,0.010113539465237409,-0.003918779563894859,0,0.00252133213284545,-0.011722660959587813,-0.003918779563894859,903_GSL_1
1098,3,2026-02-09 14:17:01.930000+00:00,124314.90236815474,426440.7929816301,7.073546876898532,-0.001856845265137963,-0.0012183699291199446,0.021346876898531875,11,1.3536385502647928e-05,-0.002220836866840186,0.021346876898531875,TS2
1099,126,2026-02-09 14:17:16.650000+00:00,124339.6679065754,426609.58241364313,6.675970797972208,0.011085971258580685,-0.006076517922338098,0.005313608836750028,0,0.0034703949841010415,-0.012156446333567201,0.005313608836750028,17_P5_1
1100,121,2026-02-09 14:17:31.850000+00:00,124329.27200448234,426611.3209143598,11.360051103874607,0.012461712627555244,-0.006802132760640234,0.005751581800485184,0,0.0030611339400089315,-0.01386336000782171,0.005751581800485184,15_P5_1
1101,123,2026-02-09 14:17:48.050000+00:00,124329.16256067735,426611.3832486444,8.08692094993471,0.012804065219825134,-0.007029375236015767,0.008805304880644016,0,0.0031741876337192843,-0.014257655320149627,0.008805304880644016,16_P5_1
1102,4,2026-02-09 14:17:48.250000+00:00,124378.970329041,426782.74271632475,7.759654883904955,0.0033290409919572994,-0.0006586752133443952,-0.004795116095045238,11,-0.003231183153748289,0.0010372185833948334,-0.004795116095045238,TS3
1103,68,2026-02-09 14:21:20.770000+00:00,123928.08203197304,426940.42543631856,7.118024915690032,-0.02691838881582953,-0.022298686672002077,-0.0007883653501936649,0,-0.001154842171190684,-0.03493561826125221,-0.0007883653501936649,905_GSL_1
1104,68,2026-02-09 14:21:21.340000+00:00,123928.0979958739,426940.42588480026,7.139738293945768,-0.010954487952403724,-0.02185020496835932,0.020925012905541607,0,0.00312572491391509,-0.024241743073079608,0.020925012905541607,905_GSL_1
1105,67,2026-02-09 14:21:22.260000+00:00,123855.6306329269,426533.0818727601,6.044240928287339,0.012638452753890306,-0.009229944611433893,-0.0001672200502369492,0,-0.014225379492712357,-0.006523874909191136,-0.0001672200502369492,904_GSL_1
1106,69,2026-02-09 14:21:37.970000+00:00,124266.93198665002,427056.31516978197,7.074852483961629,-0.010610546640236862,0.00033139792503789067,-0.015648886965803577,0,0.0011546835881445555,-0.010552735683254403,-0.015648886965803577,906_GSL_1
1107,69,2026-02-09 14:21:38.260000+00:00,124266.93020519298,427056.3082964436,7.112770764686811,-0.012392003671266139,-0.0065419404418207705,0.02226939375937853,0,-0.0013576460618132129,-0.013946882694847857,0.02226939375937853,906_GSL_1
1108,68,2026-02-09 14:21:47.140000+00:00,123928.0992727295,426940.4277584451,7.127391832040147,-0.00967763236258179,-0.019976560142822564,0.00857855099992122,0,-0.010524469964754724,-0.019543670465039905,0.00857855099992122,905_GSL_1
1109,66,2026-02-09 14:21:55.440000+00:00,124898.95058810123,426720.766008266,4.09148715080515,0.01298243754717987,-0.00819688878254965,0.009200620401385251,0,0.013861162913014646,0.006603092690458107,0.009200620401385251,901_GSL_1
1110,66,2026-02-09 14:21:55.580000+00:00,124898.93256008888,426720.78988972213,4.0919892038299,-0.0050455747987143695,0.015684567333664745,0.009702673426136066,0,0.0022304304859871783,-0.01632448030844669,0.009702673426136066,901_GSL_1
1111,69,2026-02-09 14:22:04.480000+00:00,124266.92946728677,427056.31251198414,7.084436777815403,-0.01312990988662932,-0.0023263999028131366,-0.006064593112029115,0,-0.001922682584880257,-0.013195073391861581,-0.006064593112029115,906_GSL_1
1112,71,2026-02-09 14:22:13.990000+00:00,124806.22840997175,426258.52582901565,4.603218277107786,0.0006480362644651905,0.010722883569542319,0.01171461395851825,0,-0.0031221606553395133,-0.010278730266344797,0.01171461395851825,903_GSL_1
1113,71,2026-02-09 14:22:25.990000+00:00,124806.21896074232,426258.5078894104,4.638467332001801,-0.008801193165709265,-0.007216721656732261,0.046963668852533225,0,0.0015703954509067293,0.011272796047948678,0.046963668852533225,903_GSL_1
1114,149,2026-02-09 14:22:36.160000+00:00,124351.0512986634,426607.3907688034,8.019928311822925,0.009986971330363303,-0.005963662057183683,0.007702467855127182,0,0.00431782760534518,-0.010800982652347425,0.007702467855127182,14_P5_1
1115,67,2026-02-09 14:22:47.780000+00:00,123855.61312080515,426533.07689319196,6.078321519011549,-0.004873668993241154,-0.014209512737579644,0.033913370673973375,0,0.012265410900774095,-0.008673096167476201,0.033913370673973375,904_GSL_1
1116,147,2026-02-09 14:22:51.340000+00:00,124350.93734270937,426607.5041218143,11.379626972346188,0.010835363777005114,-0.00587092584464699,0.005407330673744326,0,0.004084149810410516,-0.01162723521648643,0.005407330673744326,13_P5_1
1117,102,2026-02-09 14:22:58.010000+00:00,124282.39588804614,426301.79249439517,6.90498610271768,0.0025991003203671426,-0.0010634694481268525,0.0016881189509438954,0,0.00044358002139775076,-0.0027729995504955614,0.0016881189509438954,02_P1_0
1118,164,2026-02-09 14:22:58.090000+00:00,124091.07144043727,427154.2048091782,9.83264147165094,-0.023888014096883126,0.010078236751724035,0.018007940021542268,0,0.016043806905084793,-0.02036674577611852,0.018007940021542268,907_GSL_1
1119,68,2026-02-09 14:23:04.720000+00:00,123928.08756266127,426940.43512082536,7.18785148806553,-0.02138770058809314,-0.012614179868251085,0.06903820702530439,0,0.020964753277447085,-0.013305276780671728,0.06903820702530439,905_GSL_1
1120,126,2026-02-09 14:23:06.060000+00:00,124339.66835000976,426609.5824124579,6.67645772205001,0.011529405615874566,-0.006077703146729618,0.005800532914552292,0,0.003373342805150954,-0.012589131332783186,0.005800532914552292,17_P5_1
1121,103,2026-02-09 14:23:12.250000+00:00,124282.31828704575,426301.7953979734,9.300526498155216,0.006568638593307696,-0.002046179841272533,0.0025750123641028466,0,0.0004925477779384414,-0.006862307308680464,0.0025750123641028466,01_P1_0
1122,122,2026-02-09 14:23:14.380000+00:00,124329.16523225029,426611.38928430754,8.0790823660396,0.015681347242207266,-0.0027546013006940484,-0.004581472402797715,0,0.0013116455350292823,0.01586732698493683,-0.004581472402797715,16_P5_1
1123,69,2026-02-09 14:23:20.760000+00:00,124266.91892457569,427056.3143018765,7.159827865096185,-0.023672620969591662,-0.0005365075194276869,0.06932649416875236,0,0.0164152416937346,-0.017065188660680856,0.06932649416875236,906_GSL_1
1124,121,2026-02-09 14:23:21.270000+00:00,124329.2724716025,426611.3206642615,11.35955080702853,0.012928832788020372,-0.007052231056150049,0.005251284954407964,0,0.003171196067374716,-0.014381661782707346,0.005251284954407964,15_P5_1
1125,100,2026-02-09 14:23:26.320000+00:00,124292.48739129944,426345.9288006732,7.588434672706835,0.003668026125524193,-0.0014343064976856112,-6.48962622635807e-05,0,0.0005521530900265716,-0.0038995868694010776,-6.48962622635807e-05,06_P2_0
1126,120,2026-02-09 14:23:30.670000+00:00,124329.27242128296,426611.32974697254,11.350539019262774,0.012169447800260969,-0.0014281175681389868,-0.007492147384098757,0,0.0017129598502195241,0.012132631540735078,-0.007492147384098757,15_P5_1
1127,123,2026-02-09 14:23:36.950000+00:00,124329.16276746517,426611.3833942907,8.08558938694129,0.013010853042942472,-0.006883728958200663,0.007473741887224605,0,0.002976589751586156,-0.014415544898676845,0.007473741887224605,16_P5_1
1128,101,2026-02-09 14:23:39.710000+00:00,124292.4097266454,426345.8818688531,10.219023426017404,0.004407774569699541,-0.001524672785308212,0.0034049284171207006,0,0.00046682674645227466,-0.004640600882250731,0.0034049284171207006,05_P2_0
1129,124,2026-02-09 14:23:45.810000+00:00,124339.67194301965,426609.58838131075,6.669124787506107,0.014177296427078545,-0.0018605932709760964,-0.0053054083270867025,0,0.002664223124216832,0.01404846811740141,-0.0053054083270867025,17_P5_1
1130,98,2026-02-09 14:23:53.070000+00:00,124302.66421893924,426390.076845486,7.980615675927671,0.0033733056916389614,-0.0010665225563570857,0.0015648807968009493,0,0.0002450892315990103,-0.0035293898794290877,0.0015648807968009493,10_P3_0
1131,118,2026-02-09 14:23:53.240000+00:00,124372.27105459264,426775.10761689686,6.174424446185396,0.011027230648323894,-0.005047601938713342,0.008892377195034662,0,-0.0035059407862972694,-0.011609757977925886,0.008892377195034662,22_P6_1
1132,170,2026-02-09 14:24:01.390000+00:00,124669.3994728343,426931.2997260807,13.788075779346247,0.01142601782339625,0.0012291089515201747,0.001885648674859297,0,0.008047171259403548,0.008204122551321705,0.001885648674859297,908_GSL_1
1133,107,2026-02-09 14:24:02.870000+00:00,124409.92141799818,426969.5243017358,6.3381626399716575,0.00029578153043985367,-0.0013011135160923004,0.0523624048530662,0,-0.0011934533486005277,0.0005967010978887153,0.0523624048530662,38_P9_0
1134,99,2026-02-09 14:24:06.310000+00:00,124302.54113028734,426390.1338571046,11.089419175465467,0.003049996172194369,-0.0009591873968020082,0.0016639727161003037,0,0.0002085082539675669,-0.0031904610044022653,0.0016639727161003037,09_P3_0
1135,74,2026-02-09 14:24:10.440000+00:00,124369.35742095298,426785.72022386413,7.238561830763251,0.0111077436740743,-0.0062424325733445585,0.008507996006178686,0,-0.012459025659060792,-0.0026688225097513682,0.008507996006178686,21_P6_1
1136,106,2026-02-09 14:24:15.320000+00:00,124410.03291926337,426969.4496859366,8.97255642853985,0.0006888391362736002,-0.0011852774769067764,0.05162997826492699,0,-0.0009848530579325853,0.0009536490482381288,0.05162997826492699,37_P9_0
1137,92,2026-02-09 14:24:20.470000+00:00,124278.33005462261,426395.6354334434,11.094324698261312,0.016078820030088536,-0.0028571817674674094,-0.007464284965907453,0,0.0004795617539345413,-0.016323662632402314,-0.007464284965907453,11_P3_0
1138,166,2026-02-09 14:24:24.250000+00:00,124091.05136690702,427154.20367318904,9.82370794422507,-0.020913928674417548,0.014645209477748722,-0.006145674837734205,0,0.020234490563068773,-0.015570483772151917,-0.006145674837734205,907_GSL_1
1139,73,2026-02-09 14:24:26.160000+00:00,124369.50069566429,426785.6881885278,11.414598874068597,0.01135609985794872,-0.008278126362711191,0.008544258005521499,0,-0.01330598142603806,-0.004520977587939039,0.008544258005521499,20_P6_1
1140,104,2026-02-09 14:24:30.170000+00:00,124389.81633774198,426881.44489742257,10.774582041883917,0.0006783491116948426,-0.0012371735065244138,0.051796777536543104,0,0.0010701241004126038,-0.0009195597926721304,0.051796777536543104,33_P7_0
1141,93,2026-02-09 14:24:34.490000+00:00,124278.28395538812,426395.78848978004,7.941334177741245,0.015831808443181217,-0.0028603224782273173,-0.007391342538272561,0,0.0004970890038526734,-0.01608043860668251,-0.007391342538272561,12_P3_0
1142,125,2026-02-09 14:24:38.890000+00:00,124339.65922358027,426609.5901170457,6.6743732821853134,0.0013580166414612904,-0.0011168007622472942,0.0008573440561994161,0,-0.0009079455743657553,0.001505685217776803,0.0008573440561994161,17_P5_1
1143,105,2026-02-09 14:24:42.690000+00:00,124389.68744609853,426881.47289024433,7.111582159976058,0.0005731979181291535,-0.0010748628992587328,0.05166838673969032,0,0.0009307528658230365,-0.0007858658971559264,0.05166838673969032,34_P7_0
1144,94,2026-02-09 14:24:48.370000+00:00,124268.23948591104,426351.55331197614,10.207118200643453,0.015263411944033578,-0.002661044360138476,-0.007375738647507291,0,-0.00017031999362827885,-0.015492704488231295,-0.007375738647507291,07_P2_0
1145,152,2026-02-09 14:24:50.620000+00:00,124370.2849043529,426819.49264429207,9.736205652201813,0.009132691033300944,-0.006525745848193765,0.007284700973933411,0,-0.008454407383225853,0.007383386769187283,0.007284700973933411,29_KW_1
1146,146,2026-02-09 14:24:54.150000+00:00,124350.92680679995,426607.51148553775,11.379766145433521,0.0005402250098995864,-0.00037985906237736344,0.00044463220943846693,0,-0.00025720187267513813,0.000608262414820791,0.00044463220943846693,13_P5_1
1147,95,2026-02-09 14:25:03.070000+00:00,124268.12498335671,426351.5463706611,7.18637118583625,0.01543545447930228,-0.002820348890963942,-0.007299672408870528,0,-6.339735135463713e-05,-0.015690876445412973,-0.007299672408870528,08_P2_0
1148,117,2026-02-09 14:25:06.080000+00:00,124377.69152873516,426815.89957998256,7.6260616649940935,0.011511591073940508,-0.006126055959612131,0.00862662482163401,0,-0.006572347062267656,0.011262750319838746,0.00862662482163401,26_KW_0
1149,148,2026-02-09 14:25:09.150000+00:00,124351.04140303937,426607.3981619684,8.0168977435167,0.00028462470800150186,-0.00029392633587121964,0.0014413283043186453,0,-0.00022691534735124974,0.0003404604829640041,0.0014413283043186453,14_P5_1
1150,96,2026-02-09 14:25:17.170000+00:00,124258.0774605338,426307.34945162287,9.298617472091832,0.016482337363413535,-0.0029579540714621544,-0.005928136084058622,0,-0.00032930839773105013,-0.016742415991410593,-0.005928136084058622,03_P1_0
1151,116,2026-02-09 14:25:21.370000+00:00,124377.69857860316,426815.89415364387,10.01391082240478,0.011218711588298902,-0.0059079197235405445,0.008851067127656265,0,-0.006340550014681519,0.010980001396746434,0.008851067127656265,25_KW_0
1152,168,2026-02-09 14:25:26.270000+00:00,124669.3801377901,426931.3068092185,13.793559977847787,0.003405818744795397,-0.00093135389033705,-0.00778004208744143,0,0.0012399829900257564,0.003305973922445916,-0.00778004208744143,908_GSL_1
1153,97,2026-02-09 14:25:31.340000+00:00,124258.00330316825,426307.3889716986,6.831468656550022,0.015432959378813393,-0.0028810060466639698,-0.005593534046078652,0,-0.00020797377032213634,-0.015698190275948265,-0.005593534046078652,04_P1_0
1154,115,2026-02-09 14:25:36.240000+00:00,124396.3007483834,426811.6279144669,7.655812237878385,0.010657623584847897,-0.005999869550578296,0.009539945105338177,0,0.00032935277242614213,0.012225992877944842,0.009539945105338177,24_KW_0
1155,114,2026-02-09 14:25:50.450000+00:00,124396.30995438948,426811.623623516,9.999267039903277,0.010933744459180161,-0.0059152398025617,0.00858296225309374,0,0.0005474945065472874,0.012419222181190077,0.00858296225309374,23_KW_0
1156,150,2026-02-09 14:26:07.850000+00:00,124401.11379138728,426812.3153210352,9.190218008054458,0.010610757351969369,-0.006110553804319352,0.00820398481064899,0,0.0014605044566960968,0.012157054170720164,0.00820398481064899,27_KW_1
1157,119,2026-02-09 14:26:23.350000+00:00,124400.82493550106,426811.33700827905,3.992607895840742,0.010784113983390853,-0.006120602251030505,0.009073766754559287,0,0.001677337551385813,0.012285984903978876,0.009073766754559287,28_KW_1
1158,65,2026-02-09 14:26:31.240000+00:00,124372.12297634882,426824.91969036125,5.576295256033195,-0.0013861089100828394,-0.00019237532978877425,0.05165951539529878,0,0.0005455053627640325,0.001288693166474494,0.05165951539529878,30_KW_1
1159,169,2026-02-09 14:26:39.960000+00:00,124669.38683533217,426931.30259780324,13.817345694801693,0.0077578838536283,0.0004382503102533519,0.005590481928800628,0,0.007106137710037835,0.003143188200983532,0.005590481928800628,908_GSL_1
1160,62,2026-02-09 14:26:57.960000+00:00,124390.62176096124,426780.8752365199,7.453349664857606,0.011080748212407343,-0.004008688090834767,0.008551791275277054,0,0.011574139789843046,0.002211752536234785,0.008551791275277054,19_P6_1
1161,72,2026-02-09 14:27:12.320000+00:00,124390.53407743786,426780.88177051285,10.995906714766413,0.010117735000676475,-0.005160418862942606,0.008821393199655247,0,0.010806550922823286,0.0034952741719863436,0.008821393199655247,18_P6_1
1162,138,2026-02-09 14:30:20.460000+00:00,123928.09530649126,426940.4358390052,7.123552144210831,0.008687612586072646,0.004117853182833642,0.005616080612903751,0,-0.0020622556085539844,0.009390337005989116,0.005616080612903751,905_GSL_1
1163,139,2026-02-09 14:30:20.720000+00:00,123928.09845068441,426940.42749914614,7.1425303404361555,0.011580760721699335,-0.0036048664478585124,0.005928509696899731,0,-0.01212156492498984,0.00042041023941646416,0.005928509696899731,905_GSL_1
1164,134,2026-02-09 14:30:21.080000+00:00,123855.63026886484,426533.079878426,6.0463942652849605,0.015806723429705016,0.005580364027991891,0.0005513463871800184,0,-0.01437653982489419,0.008620212928421358,0.0005513463871800184,904_GSL_1
1165,143,2026-02-09 14:30:36.780000+00:00,124266.92949495598,427056.3080571842,7.111765753968058,0.009927527891704813,-0.006169691798277199,0.006224015745280198,0,-0.009472284523507324,0.006848118926539577,0.006224015745280198,906_GSL_1
1166,142,2026-02-09 14:30:37.430000+00:00,124266.94813042387,427056.31637742044,7.079108823305601,0.028639477925025858,0.0012230502907186747,-0.003691909948454253,0,-0.0010065900446820791,0.028647902616310627,-0.003691909948454253,906_GSL_1
1167,137,2026-02-09 14:30:37.880000+00:00,123928.09907290163,426940.4278004555,7.1282676196110595,0.009673639753600582,-0.006028115574736148,0.005403928645529632,0,-0.010551733676845573,0.0043102667989048035,0.005403928645529632,905_GSL_1
1168,125,2026-02-09 14:30:51.790000+00:00,124339.66360187731,426609.5896776115,6.674634072641223,0.005736313687521033,-0.0015562349581159651,0.0011181345121089592,0,-0.0007074737611491255,0.005901410241949704,0.0011181345121089592,17_P5_1
1169,152,2026-02-09 14:30:53.350000+00:00,124370.2850514719,426819.49241514545,9.73633044975893,0.009279810037696734,-0.00675489247078076,0.007409498531050218,0,-0.008711285976970297,0.007473750280480898,0.007409498531050218,29_KW_1
1170,141,2026-02-09 14:30:54.480000+00:00,124266.92624234261,427056.3124220172,7.09136595089876,0.007613591165863909,-0.0020962858106940985,0.007231250635662434,0,-0.0023290635978270246,0.007545637640273709,0.007231250635662434,906_GSL_1
1171,150,2026-02-09 14:31:09.650000+00:00,124401.1137347351,426812.31528859097,9.19047369469893,0.010554105174378492,-0.006142998056020588,0.008459671455121054,0,0.0014005950472473774,0.012131112672040503,0.008459671455121054,27_KW_1
1172,122,2026-02-09 14:31:11.550000+00:00,124329.16443552996,426611.3893900609,8.078900264489018,0.014884626914863475,-0.0026488479343242943,-0.004763573953379563,0,0.0012119232666676146,0.015069829321182173,-0.004763573953379563,16_P5_1
1173,146,2026-02-09 14:31:11.710000+00:00,124350.92418157434,426607.5121169701,11.379263646819652,-0.0020850005967076868,0.0002515732776373625,-5.786640443083968e-05,0,-0.00019443002476739925,-0.0020911034330614938,-5.786640443083968e-05,13_P5_1
1174,148,2026-02-09 14:31:27+00:00,124351.04103015935,426607.3983259231,8.020194471459732,-8.825531403999776e-05,-0.00012997165322303772,0.004738056247349576,0,-0.00014572567160143124,-5.8699742198241507e-05,0.004738056247349576,14_P5_1
1175,120,2026-02-09 14:31:27.280000+00:00,124329.2713083177,426611.3302219065,11.351714746364062,0.01105648252996616,-0.0009531836258247495,-0.006316420282811208,0,0.0018893089047565832,0.010935487040932144,-0.006316420282811208,15_P5_1
1176,129,2026-02-09 14:31:28.460000+00:00,124898.95046902109,426720.7668254258,4.089356330407316,0.01079732230573427,-0.005677244334947318,-0.002328414838297377,0,0.0113932628066328,0.0043596828819990885,-0.002328414838297377,901_GSL_1
1177,124,2026-02-09 14:31:41.860000+00:00,124339.67210691844,426609.58816413244,6.668409202096247,0.014341195215820335,-0.00207777158357203,-0.006020993736946423,0,0.0025091595108895836,0.014272040271827983,-0.006020993736946423,17_P5_1
1178,149,2026-02-09 14:31:45.730000+00:00,124351.05104088606,426607.3906077934,8.020235742215647,0.009729193989187479,-0.006124672072473913,0.008009898247848923,0,0.00451739517439062,-0.010571753142831894,0.008009898247848923,14_P5_1
1179,128,2026-02-09 14:31:47.200000+00:00,124898.93875575419,426720.77753458667,4.0910489017842355,-0.0015456453111255541,0.008270551858004183,0.009656970780556051,0,0.002181403824213021,-0.00812603992233915,0.009656970780556051,901_GSL_1
1180,127,2026-02-09 14:31:57.480000+00:00,124898.95404610621,426720.7699022639,4.079542910364482,0.013692681983229704,0.0017307453090324998,0.002943207647981616,0,0.013201042815769289,0.004027094212310825,0.002943207647981616,901_GSL_1
1181,154,2026-02-09 14:31:57.680000+00:00,124285.66532912485,426445.5612071142,7.89605406381718,0.0007041248463792726,-0.002617885824292898,-0.005545936182818956,11,-0.0012868467893591348,-0.0023860308734461985,-0.005545936182818956,TS1-1
1182,147,2026-02-09 14:32:01.150000+00:00,124350.93751612659,426607.5041071272,11.380259913156454,0.011008781002601609,-0.005885612918063998,0.006040271484010873,0,0.004071236887839879,-0.011800793566011387,0.006040271484010873,13_P5_1
1183,131,2026-02-09 14:32:04.170000+00:00,124806.22176142644,426258.50790556305,4.614158642548812,0.003216930286725983,0.001621498551685363,0.0026541697762496597,0,0.0024519960674214865,-0.0026392448367141327,0.0026541697762496597,903_GSL_1
1184,3,2026-02-09 14:32:04.370000+00:00,124314.90210276758,426440.79290128243,7.063808117311272,-0.0021222324285190552,-0.0012987175723537803,0.011608117311271648,11,9.356939954601152e-05,-0.0024863190826736182,0.011608117311271648,TS2
1185,126,2026-02-09 14:32:15.460000+00:00,124339.6683282147,426609.58226658753,6.675979444824864,0.011507610557600856,-0.006223573524039239,0.005322255689406141,0,0.00352041774755198,-0.01260018361125146,0.005322255689406141,17_P5_1
1186,121,2026-02-09 14:32:30.750000+00:00,124329.27220604185,426611.3209353241,11.361353816653994,0.012663272136705928,-0.006781168456654996,0.007054294579871723,0,0.0029848472179097286,-0.014051099385156378,0.007054294579871723,15_P5_1
1187,123,2026-02-09 14:32:46.120000+00:00,124329.16210497022,426611.3833759389,8.084163400433637,0.012348358097369783,-0.006902080727741122,0.006047755379571029,0,0.003179213739988349,-0.013784529954575986,0.006047755379571029,16_P5_1
1188,4,2026-02-09 14:32:46.320000+00:00,124378.9703342475,426782.7426698309,7.758939911850224,0.0033342474926030263,-0.0007051690481603146,-0.005510088149776493,11,-0.003258269939113948,0.0009990729364161971,-0.005510088149776493,TS3
1189,68,2026-02-09 14:36:21.050000+00:00,123928.08267125506,426940.42586754996,7.121245533395106,-0.026279106794390827,-0.021867455274332315,0.0024322523548798713,0,-0.0012051764842270908,-0.034166132408099514,0.0024322523548798713,905_GSL_1
1190,68,2026-02-09 14:36:21.050000+00:00,123928.09823108131,426940.4268634732,7.140558244871721,-0.010719280544435605,-0.020871532033197582,0.0217449638314946,0,0.0032268430312681045,-0.023240294939063592,0.0217449638314946,905_GSL_1
1191,67,2026-02-09 14:36:22.170000+00:00,123855.6305438167,426533.08193095936,6.043985012430056,0.012549342558486387,-0.009171745332423598,-0.0004231359075195229,0,-0.014126452177568617,-0.006484617179752293,-0.0004231359075195229,904_GSL_1
1192,69,2026-02-09 14:36:37.860000+00:00,124266.93949137593,427056.31575453386,7.0770514930154045,-0.003105820724158548,0.0009161498164758086,-0.013449877912028008,0,0.0011546588154886038,-0.0030252629433911754,-0.013449877912028008,906_GSL_1
1193,69,2026-02-09 14:36:38.650000+00:00,124266.93025026507,427056.30820684973,7.112774178687045,-0.012346931587671861,-0.00663153431378305,0.022272807759612157,0,-0.0014576380714091178,-0.01393912688220858,0.022272807759612157,906_GSL_1
1194,68,2026-02-09 14:36:39.480000+00:00,123928.09880280202,426940.4276625067,7.125353850387562,-0.010147559834877029,-0.02007249853340909,0.006540569347335712,0,-0.010327018777651228,-0.019980762026062932,0.006540569347335712,905_GSL_1
1195,66,2026-02-09 14:36:55.080000+00:00,124898.94178651842,426720.77052490227,4.080717075120172,0.004180854739388451,-0.003680252528283745,-0.0015694552835920916,0,0.0021791107781853752,0.00512594198564538,-0.0015694552835920916,901_GSL_1
1196,69,2026-02-09 14:36:55.970000+00:00,124266.92889743949,427056.3126468598,7.086192455605856,-0.013699757168069482,-0.0021915242541581392,-0.004308915321576734,0,-0.0017703962316652274,-0.0137605167854823,-0.004308915321576734,906_GSL_1
1197,66,2026-02-09 14:36:56.440000+00:00,124898.95035459596,426720.7648798346,4.09172678724738,0.012748932276736014,-0.009325320192147046,0.00944025684361538,0,0.013762825097563021,0.007751226755601733,0.00944025684361538,901_GSL_1
1198,71,2026-02-09 14:37:12.480000+00:00,124806.22154713009,426258.5075297149,4.609814195984419,-0.006214805398485623,-0.007576417177915573,0.018310532835151605,0,-0.003191440722846263,0.009265020750512044,0.018310532835151605,903_GSL_1
1199,66,2026-02-09 14:37:13.770000+00:00,124898.95405486322,426720.7700305717,4.08140144935011,0.016449199538328685,-0.004174583125859499,-0.0008850810536547016,0,0.013298040085386455,0.0105435022461191,-0.0008850810536547016,901_GSL_1
1200,149,2026-02-09 14:37:36.530000+00:00,124351.05151827875,426607.39068342565,8.020086989236612,0.010206586681306362,-0.006049039831850678,0.007861145268813985,0,0.004367583328364198,-0.011031296861209548,0.007861145268813985,14_P5_1
1201,164,2026-02-09 14:37:51.040000+00:00,124091.06985786834,427154.204479208,9.832300925361604,-0.02547058303025551,0.00974826654419303,0.01766739373220716,0,0.01614466261053556,-0.021980199492037104,0.01766739373220716,907_GSL_1
1202,147,2026-02-09 14:37:51.750000+00:00,124350.93761724724,426607.50414824113,11.38058202362905,0.01110990165034309,-0.005844498984515667,0.0063623819566061,0,0.004014653933193025,-0.011894142964375305,0.0063623819566061,13_P5_1
1203,102,2026-02-09 14:37:53.730000+00:00,124282.39451990419,426301.79287002253,6.900805059410949,0.0012309583689784631,-0.0006878420826978981,-0.002492924355786741,0,0.0003894165468037936,-0.0013552638082542118,-0.002492924355786741,02_P1_0
1204,126,2026-02-09 14:38:06.320000+00:00,124339.66843663654,426609.58229309134,6.676003938848176,0.011616032395977527,-0.006197069713380188,0.00534674971271798,0,0.0034705597864554687,-0.012700043166286151,0.00534674971271798,17_P5_1
1205,122,2026-02-09 14:38:07.270000+00:00,124329.16476275236,426611.3894060277,8.08027423548522,0.015211849313345738,-0.002632881165482104,-0.0033896029571778286,0,0.0013103399905772788,0.015382309055294056,-0.0033896029571778286,16_P5_1
1206,103,2026-02-09 14:38:08.810000+00:00,124282.31865258788,426301.7954429843,9.299084869397111,0.0069341807247838005,-0.002001168904826045,0.0011333836059979063,0,0.000365273585327731,-0.007207920262979308,0.0011333836059979063,01_P1_0
1207,121,2026-02-09 14:38:21.940000+00:00,124329.27265749837,426611.3206657177,11.359707743093601,0.013114728659274988,-0.007050774875096977,0.005408221019479242,0,0.003118008873323653,-0.014559792402763937,0.005408221019479242,15_P5_1
1208,100,2026-02-09 14:38:22.370000+00:00,124292.48987956948,426345.92831327347,7.588051797764172,0.006156296163680963,-0.0019217062508687377,-0.0004477712049260063,0,0.00045414841518253514,-0.006433248525167369,-0.0004477712049260063,06_P2_0
1209,120,2026-02-09 14:38:23.350000+00:00,124329.27150808346,426611.32987626496,11.350894403776815,0.01125624829728622,-0.0012988251401111484,-0.007136762870057822,0,0.0016058176370481536,0.011216569091807385,-0.007136762870057822,15_P5_1
1210,101,2026-02-09 14:38:35.570000+00:00,124292.40875351669,426345.88192009967,10.21673225440771,0.003434645856032148,-0.0014734262367710471,0.0011137568074257587,0,0.0006414312027514758,-0.003681893947916057,0.0011137568074257587,05_P2_0
1211,123,2026-02-09 14:38:37.540000+00:00,124329.16306428617,426611.38335867506,8.084850640046866,0.013307674045790918,-0.0069193445960991085,0.006734994992800836,0,0.0029279010132668387,-0.014710503519767574,0.006734994992800836,16_P5_1
1212,124,2026-02-09 14:38:38.560000+00:00,124339.67206700094,426609.5882819042,6.668321867453487,0.01430127771163825,-0.0019599998486228287,-0.006108328379705874,0,0.0026085522184411724,0.014197309566099771,-0.006108328379705874,17_P5_1
1213,98,2026-02-09 14:38:48.580000+00:00,124302.66384638057,426390.0768855712,7.980703021503292,0.00300074701954145,-0.001026437385007739,0.0016522263724212394,0,0.00029355568811717113,-0.0031578285955071207,0.0016522263724212394,10_P3_0
1214,118,2026-02-09 14:38:54.240000+00:00,124372.2709353449,426775.10758377577,6.174439872494545,0.010907982912613079,-0.0050807230290956795,0.008907803504182965,0,-0.003402237717937011,-0.01154221019696353,0.008907803504182965,22_P6_1
1215,170,2026-02-09 14:38:54.880000+00:00,124669.39495886985,426931.30324535543,13.791908317348476,0.0069120533735258505,0.004748383711557835,0.0057181866770879,0,0.008010664246378337,0.0024805015707420252,0.0057181866770879,908_GSL_1
1216,99,2026-02-09 14:39:02.170000+00:00,124302.54087961696,426390.1339112544,11.089331132805807,0.002799325797241181,-0.0009050375665538013,0.001575930056439745,0,0.0002153504247784674,-0.0029340998808018337,0.001575930056439745,09_P3_0
1217,74,2026-02-09 14:39:11.350000+00:00,124369.35753803412,426785.7202677725,7.238587089518302,0.011224824818782508,-0.0061985242064110935,0.008533254761229792,0,-0.01255782649187376,-0.0025921783020875673,0.008533254761229792,21_P6_1
1218,92,2026-02-09 14:39:13.480000+00:00,124278.32994581225,426395.6354140383,11.094561440840328,0.015970009670127183,-0.0028765868628397584,-0.0072275423868912725,0,0.0005146419948654809,-0.016218850281710443,-0.0072275423868912725,11_P3_0
1219,166,2026-02-09 14:39:19.310000+00:00,124091.05339825914,427154.2043946026,9.829041173845106,-0.018882576550822705,0.015366623061709106,-0.0008124452176989649,0,0.020314699051634015,-0.013416326023165573,-0.0008124452176989649,907_GSL_1
1220,73,2026-02-09 14:39:27.140000+00:00,124369.50073954691,426785.68817856134,11.414575999860903,0.011399982482544146,-0.008288092853035778,0.008521383797827298,0,-0.013350841119054574,-0.004517424615488093,0.008521383797827298,20_P6_1
1221,93,2026-02-09 14:39:27.270000+00:00,124278.28403167124,426395.7885290298,7.941366648550742,0.015908091561868787,-0.0028210727032274008,-0.0073588717287753624,0,0.0004470308358500643,-0.016150108103956916,-0.0073588717287753624,12_P3_0
1222,125,2026-02-09 14:39:34.940000+00:00,124339.65879177491,426609.59028469224,6.675854386693098,0.0009262112871510908,-0.0009491542004980147,0.00233844856398413,0,-0.0008047245346516562,0.0010541249774570285,0.00233844856398413,17_P5_1
1223,94,2026-02-09 14:39:42.570000+00:00,124268.23954912693,426351.5531659218,10.207858191416186,0.015326627835747786,-0.002807098673656583,-0.006635747874774722,0,-3.826175356835869e-05,-0.01558152302624417,-0.006635747874774722,07_P2_0
1224,146,2026-02-09 14:39:51.110000+00:00,124350.9257541979,426607.5118856449,11.379028697430229,-0.0005123770388308913,2.0248116925358772e-05,-0.00029281579385376233,0,-8.84169537929588e-05,-0.0005050966822719284,-0.00029281579385376233,13_P5_1
1225,152,2026-02-09 14:39:55.260000+00:00,124370.2849635928,426819.49242572184,9.73670445404095,0.009191930934321135,-0.006744316080585122,0.007783502813071053,0,-0.00868074613431597,0.0073906725166068095,0.007783502813071053,29_KW_1
1226,95,2026-02-09 14:39:56.780000+00:00,124268.12528926716,426351.5462113555,7.186432176893313,0.0157413649285445,-0.002979654527734965,-0.0072386813518070525,0,3.6996112807511694e-05,-0.01602084711261859,-0.0072386813518070525,08_P2_0
1227,148,2026-02-09 14:40:06.120000+00:00,124351.04049026528,426607.3982688948,8.014961691034875,-0.0006281493842834607,-0.00018699991051107645,-0.0004947241775070665,0,-0.0003158993112465158,-0.0005742370944660562,-0.0004947241775070665,14_P5_1
1228,117,2026-02-09 14:40:10.840000+00:00,124377.69142883702,426815.89957612683,7.626068268720579,0.011411692932597362,-0.0061299116932787,0.008633228548119654,0,-0.006572286085928351,0.01116277781557978,0.008633228548119654,26_KW_0
1229,96,2026-02-09 14:40:10.870000+00:00,124258.07766987708,426307.34940319444,9.297969834130226,0.016691680648364127,-0.003006382496096194,-0.006575774045664673,0,-0.00032284226142090516,-0.016957190553097162,-0.006575774045664673,03_P1_0
1230,168,2026-02-09 14:40:24.110000+00:00,124669.37272212148,426931.3121587437,13.794244147133746,-0.004009849872090854,0.004418171301949769,-0.0070958728014822725,0,0.0012323350634493,-0.0058378492564876115,-0.0070958728014822725,908_GSL_1
1231,116,2026-02-09 14:40:25.550000+00:00,124377.69856478377,426815.89410827245,10.013832536106861,0.011204892201931216,-0.0059532911400310695,0.008772780829737314,0,-0.0063853485312833,0.01096442469028401,0.008772780829737314,25_KW_0
1232,97,2026-02-09 14:40:29.880000+00:00,124258.00322422586,426307.38893408485,6.831787502540761,0.01535401698492933,-0.0029186197789385915,-0.0052746880553389275,0,-0.00015558013484282234,-0.01562817883853241,-0.0052746880553389275,04_P1_0
1233,115,2026-02-09 14:40:40.370000+00:00,124396.30077941736,426811.62807023694,7.655673287893869,0.010688657552236691,-0.005844099505338818,0.009400995120822486,0,0.00047893114802194836,0.012172572622611141,0.009400995120822486,24_KW_0
1234,114,2026-02-09 14:40:54.450000+00:00,124396.30989516355,426811.6236667352,9.99916770893615,0.010874518527998589,-0.005872020614333451,0.008483631285967519,0,0.0005541160573817211,0.012346203250631077,0.008483631285967519,23_KW_0
1235,150,2026-02-09 14:41:09.360000+00:00,124401.11386464357,426812.3153273408,9.190246469796904,0.010684013643185608,-0.006104248226620257,0.008232446553094519,0,0.0015094236893162599,0.012211946366820634,0.008232446553094519,27_KW_1
1236,119,2026-02-09 14:41:25.050000+00:00,124400.82494550922,426811.33721369214,3.992784506259508,0.010794122135848738,-0.005915189161896706,0.00925037717332522,0,0.0018466980283813068,0.012169315588668598,0.00925037717332522,28_KW_1
1237,169,2026-02-09 14:41:41.570000+00:00,124669.38632855298,426931.3032078762,13.815905906508691,0.007251104660099372,0.00104832329088822,0.0041506936357986746,0,0.006932831398874385,0.0023692507905907654,0.0041506936357986746,908_GSL_1
1238,62,2026-02-09 14:41:58.550000+00:00,124390.62170147119,426780.87518114835,7.453350121789967,0.011021258163964376,-0.004064059641677886,0.008552248207638335,0,0.01152412258323656,0.0022758099600809164,0.008552248207638335,19_P6_1
1239,72,2026-02-09 14:42:13.350000+00:00,124390.5340167131,426780.8817668154,10.995933851889207,0.010057010251330212,-0.0051641163299791515,0.008848530322449477,0,0.01074717524286719,0.003508529173887665,0.008848530322449477,18_P6_1
1240,138,2026-02-09 14:45:20.610000+00:00,123928.08855010442,426940.4306081447,7.124689003210464,0.0019312257500132546,-0.0011130073107779026,0.006752939612536757,0,-0.0020623273609109848,0.0008457091863029799,0.006752939612536757,905_GSL_1
1241,139,2026-02-09 14:45:21.020000+00:00,123928.0983138247,426940.426486984,7.138721714666771,0.011443901006714441,-0.004617028578650206,0.002119883927515609,0,-0.012326524509614842,-0.0005801867470195685,0.002119883927515609,905_GSL_1
1242,134,2026-02-09 14:45:21.360000+00:00,123855.63020452716,426533.07907320507,6.046983093359166,0.01574238574539777,0.004775143112055957,0.0011401744613852571,0,-0.014474058115706746,0.007818333733006158,0.0011401744613852571,904_GSL_1
1243,143,2026-02-09 14:45:36.930000+00:00,124266.92881129956,427056.30783264403,7.112373217448508,0.009243871463695541,-0.006394231982994825,0.0068314792257302415,0,-0.009420931926800382,0.006130367356062105,0.0068314792257302415,906_GSL_1
1244,137,2026-02-09 14:45:38.540000+00:00,123928.09745964501,426940.4266963775,7.128231103449774,0.008060383130214177,-0.00713219353929162,0.005367412484243772,0,-0.01050176843690112,0.00235601795100586,0.005367412484243772,905_GSL_1
1245,142,2026-02-09 14:45:45.510000+00:00,124266.9219190992,427056.3142847049,7.075750899437331,0.0024281532532768324,-0.0008696652366779745,-0.007049833816724416,0,-0.0010557573925529455,0.0023532152841070084,-0.007049833816724416,906_GSL_1
1246,152,2026-02-09 14:45:53.050000+00:00,124370.28501074425,426819.492421686,9.736987284972813,0.00923908238473814,-0.006748351908754557,0.008066333744933374,0,-0.008695537430734677,0.007435625433483188,0.008066333744933374,29_KW_1
1247,141,2026-02-09 14:45:54.770000+00:00,124266.92650732704,427056.3123740829,7.086728753009999,0.00787857559043914,-0.0021442201104946434,0.0025940527469012764,0,-0.002385111324884644,0.0078090253671261765,0.0025940527469012764,906_GSL_1
1248,125,2026-02-09 14:46:01.210000+00:00,124339.6575954958,426609.59060873394,6.674491364480948,-0.00027006783057004213,-0.0006251125014387071,0.0009754263518342299,0,-0.0006576823523874206,-0.00017651117789509917,0.0009754263518342299,17_P5_1
1249,150,2026-02-09 14:46:09.550000+00:00,124401.11376116473,426812.3153955688,9.190437117588425,0.010580534799373709,-0.006036020233295858,0.008423094344616189,0,0.0015020969651636544,0.012088215815609893,0.008423094344616189,27_KW_1
1250,122,2026-02-09 14:46:12.140000+00:00,124329.16393644997,426611.38946791505,8.080033972566222,0.014385546921403147,-0.0025709937908686697,-0.003629865876176197,0,0.0011606843880543351,0.014567318938360063,-0.003629865876176197,16_P5_1
1251,146,2026-02-09 14:46:17.690000+00:00,124350.92457511384,426607.5120738903,11.37961854686214,-0.001691461104201153,0.00020849349675700068,0.0002970336380574423,0,-0.00015342695158592062,-0.0016973421504641885,0.0002970336380574423,13_P5_1
1252,129,2026-02-09 14:46:27.430000+00:00,124898.95048063144,426720.7663417391,4.092032729245515,0.010808932653162628,-0.006160931021440774,0.0003479839999016576,0,0.01146202739914117,0.004838597322870926,0.0003479839999016576,901_GSL_1
1253,120,2026-02-09 14:46:27.440000+00:00,124329.2720433869,426611.32992212236,11.35186137101059,0.01179155173304025,-0.0012529677478596568,-0.0061697956362820605,0,0.001786271709110668,0.011722621457309448,-0.0061697956362820605,15_P5_1
1254,148,2026-02-09 14:46:32.810000+00:00,124351.04076947238,426607.398258315,8.015165214171606,-0.00034894228156190366,-0.00019757973495870829,-0.00029120104077584585,0,-0.0002670552259102022,-0.00029913203412879595,-0.00029120104077584585,14_P5_1
1255,124,2026-02-09 14:46:42.970000+00:00,124339.67157448028,426609.58834506106,6.669173559575402,0.01380875705217477,-0.001896842964924872,-0.005256636257791492,0,0.00251459071721804,0.013709727133843776,-0.005256636257791492,17_P5_1
1256,149,2026-02-09 14:46:44.850000+00:00,124351.05194764618,426607.3906158514,8.020641510170098,0.010635954109602608,-0.006116614094935358,0.008415666202299832,0,0.004366751041397942,-0.011465948419140237,0.008415666202299832,14_P5_1
1257,128,2026-02-09 14:46:49.920000+00:00,124898.93996677603,426720.7743152642,4.080186357667712,-0.00033462347346358,0.005051229381933808,-0.0012055733359677134,0,0.0018817901062066114,-0.0046995486096099845,-0.0012055733359677134,901_GSL_1
1258,127,2026-02-09 14:46:59.670000+00:00,124898.95352764399,426720.7713122863,4.080297909000113,0.013174219755455852,0.003140767745207995,0.003698206283613281,0,0.013305325759820909,0.0025283976387088063,0.003698206283613281,901_GSL_1
1259,154,2026-02-09 14:46:59.870000+00:00,124285.66524473095,426445.5612980981,7.894817963378147,0.0006197309412527829,-0.0025269018951803446,-0.006782036621852505,11,-0.0011838040431342543,-0.002316874535850198,-0.006782036621852505,TS1-1
1260,147,2026-02-09 14:46:59.940000+00:00,124350.93769861457,426607.50405394967,11.381551710007322,0.011191268975380808,-0.0059387904475443065,0.007332068334878983,0,0.004094896417858877,-0.011989393503683624,0.007332068334878983,13_P5_1
1261,131,2026-02-09 14:47:06.780000+00:00,124806.22247395731,426258.51017953607,4.609217768887808,0.003929461163352244,0.0038954715710133314,-0.002286703884754715,0,0.0023290286541872134,-0.00501906259403502,-0.002286703884754715,903_GSL_1
1262,3,2026-02-09 14:47:06.980000+00:00,124314.90230113399,426440.79298081715,7.072136943692392,-0.0019238660170231014,-0.001219182857312262,0.019936943692392184,11,4.996776244142978e-05,-0.0022770969486908153,0.019936943692392184,TS2
1263,126,2026-02-09 14:47:14.360000+00:00,124339.66845772565,426609.5821836216,6.676344245575841,0.011637121511739679,-0.006306539464276284,0.0056870564403830315,0,0.0035726404304484514,-0.01274485297868099,0.0056870564403830315,17_P5_1
1264,121,2026-02-09 14:47:31.340000+00:00,124329.27247914896,426611.3208220225,11.359728973962246,0.012936379251186736,-0.006894470076076686,0.0054294518881246034,0,0.0030175784413452316,-0.014344958909344428,0.0054294518881246034,15_P5_1
1265,123,2026-02-09 14:47:46.850000+00:00,124329.16283584324,426611.3832174926,8.085213515834965,0.013079231110168621,-0.00706052704481408,0.00709787078089974,0,0.0031272598544077605,-0.014530573780369559,0.00709787078089974,16_P5_1
1266,4,2026-02-09 14:47:47.050000+00:00,124378.97026553235,426782.7426590513,7.758513190982794,0.0032655323448125273,-0.0007159486413002014,-0.005936809017206279,11,-0.003203387873067044,0.0009563420343597826,-0.005936809017206279,TS3
1267,66,2026-02-09 14:48:05.900000+00:00,124898.91822832504,426720.84564009967,4.127243547061277,-0.01937733864178881,0.07143494486808777,0.04495701665751284,0,-0.04544586269331034,-0.05842179529256255,0.04495701665751284,901_GSL_1
1268,71,2026-02-09 14:48:21.510000+00:00,124806.2026006385,426258.5828161947,4.627503728673079,-0.025161296987789683,0.06771006260532886,0.03600006552381174,0,-0.07121688632919596,-0.012078847035197134,0.03600006552381174,903_GSL_1
1269,67,2026-02-09 14:48:38.760000+00:00,123855.59450943505,426533.14467190753,6.063314958222449,-0.023485039098886773,0.05356920283520594,0.018906809884873255,0,-0.010648301584389199,0.057513652529147995,0.018906809884873255,904_GSL_1
1270,110,2026-02-09 14:49:13.100000+00:00,124434.1191393417,426964.00641580974,8.790183428063132,-0.021313542165444233,0.07198796782176942,0.04581025558852758,0,0.06595291320655382,-0.03587126747572571,0.04581025558852758,35_P9_0
1271,111,2026-02-09 14:49:25.710000+00:00,124434.24050301073,426964.0499679743,6.506834681355652,-0.021187748585361987,0.07190419494872913,0.04554217174088393,0,0.0658116477264567,-0.035888173050047,0.04554217174088393,36_P9_0
1272,113,2026-02-09 14:51:01.400000+00:00,124414.05678148042,426875.9894152408,7.3424122297983,-0.021964970728731714,0.07231830537784845,0.04564249294220879,0,-0.06509100357253929,0.03841299891647959,0.04564249294220879,32_P7_0
1273,112,2026-02-09 14:51:14.090000+00:00,124413.93034755056,426875.94180474954,10.708112942439556,-0.02205259857873898,0.07232465856941417,0.045974549949704624,0,-0.06498008802657088,0.03866214558604365,0.045974549949704624,31_P7_0
1274,68,2026-02-09 14:51:20.750000+00:00,123928.09836650186,426940.4261897948,7.140381028186364,-0.010583859999314882,-0.021545210445765406,0.02156774714613796,0,0.0028765841351422487,-0.023831480217369302,0.02156774714613796,905_GSL_1
1275,68,2026-02-09 14:51:20.990000+00:00,123928.0886827676,426940.4305219249,7.119640447121327,-0.020267594256438315,-0.017213080311194062,0.0008271660811010051,0,-0.001204621389856612,-0.02656340335970389,0.0008271660811010051,905_GSL_1
1276,67,2026-02-09 14:51:21.840000+00:00,123855.63010233923,426533.078968567,6.042040942979682,0.012107865084544756,-0.012134137679822743,-0.002367205357893809,0,-0.014284669273122153,-0.00947554314516861,-0.002367205357893809,904_GSL_1
1277,69,2026-02-09 14:51:37.650000+00:00,124266.92965402668,427056.30796168826,7.1123734424835465,-0.01294316997518763,-0.00687669578474015,0.021872071556114037,0,-0.0014585503794499843,-0.014583800077931258,0.021872071556114037,906_GSL_1
1278,69,2026-02-09 14:51:38.090000+00:00,124266.94312065281,427056.31588673644,7.079833876758369,0.0005234561540419236,0.0010483523947186768,-0.010667494169063652,0,0.0010045191427768738,0.0006033161530338475,-0.010667494169063652,906_GSL_1
1279,68,2026-02-09 14:51:38.750000+00:00,123928.09691715393,426940.42611804756,7.127399826973569,-0.012033207924105227,-0.021616957674268633,0.008586545933343182,0,-0.010474558818691202,-0.022413713873199344,0.008586545933343182,905_GSL_1
1280,66,2026-02-09 14:51:54.900000+00:00,124898.93546803253,426720.78356438875,4.100270192567409,-0.0021376311487983912,0.009359233954455703,0.017983662163644887,0,0.00211828041187412,-0.009363632587795193,0.017983662163644887,901_GSL_1
1281,66,2026-02-09 14:51:55.140000+00:00,124898.95025104035,426720.7657466436,4.090955859125149,0.012645376671571285,-0.008458511205390096,0.008669328721384595,0,0.013557427803242537,0.006902761355971631,0.008669328721384595,901_GSL_1
1282,69,2026-02-09 14:51:57.370000+00:00,124266.92739673653,427056.3122014575,7.086850460837417,-0.01520046012592502,-0.002636926539707929,-0.0036509100900152802,0,-0.002169570619598709,-0.015274172086965191,-0.0036509100900152802,906_GSL_1
1283,71,2026-02-09 14:52:13.580000+00:00,124806.22489957661,426258.5166096382,4.617305510135251,-0.002862358873244375,0.0015035060932859778,0.02580184698598398,0,-0.0032065905512951736,-0.0004140119903256255,0.02580184698598398,903_GSL_1
1284,66,2026-02-09 14:52:13.870000+00:00,124898.95348863569,426720.7708571189,4.076423846334103,0.015882972002145834,-0.0033480359124951065,-0.005862684069660951,0,0.01311986492740822,0.009557577537162288,-0.005862684069660951,901_GSL_1
1285,149,2026-02-09 14:52:35.140000+00:00,124351.05163964373,426607.39066384546,8.01991716724478,0.010327951662475243,-0.0060686200158670545,0.007691323276981521,0,0.00436782174385897,-0.011154230930605667,0.007691323276981521,14_P5_1
1286,164,2026-02-09 14:52:51.230000+00:00,124091.07213346368,427154.2049994985,9.832641021883875,-0.02319498769065831,0.010268557060044259,0.018007490254477787,0,0.01604382767259074,-0.019648061270196273,0.018007490254477787,907_GSL_1
1287,147,2026-02-09 14:52:51.820000+00:00,124350.93738746062,426607.5043343861,11.3804576228912,0.010880115034524351,-0.0056583540281280875,0.0062379812187565165,0,0.0038671764343466866,-0.011637818519711922,0.0062379812187565165,13_P5_1
1288,102,2026-02-09 14:52:56.990000+00:00,124282.39699892995,426301.79233889934,6.903405754154371,0.0037099841283634305,-0.0012189652770757675,0.00010777038763531976,0,0.0003419872006491498,-0.0038901032549300187,0.00010777038763531976,02_P1_0
1289,126,2026-02-09 14:53:06.550000+00:00,124339.6688834133,426609.5823413827,6.676656542041256,0.012062809153576382,-0.0061487783677875996,0.0059993529057980055,0,0.00332451944865536,-0.013125029924815072,0.0059993529057980055,17_P5_1
1290,122,2026-02-09 14:53:07.060000+00:00,124329.16534321166,426611.38910102216,8.078324201468751,0.015792308608070016,-0.002937886689323932,-0.005339636973646478,0,0.0011624859508706442,0.016021136532276898,-0.005339636973646478,16_P5_1
1291,103,2026-02-09 14:53:15.370000+00:00,124282.31812483643,426301.7955125362,9.298911465389587,0.006406429267372005,-0.0019316170364618301,0.0009599795984733817,0,0.00041804217216530266,-0.006678227390234739,0.0009599795984733817,01_P1_0
1292,121,2026-02-09 14:53:21.420000+00:00,124329.2727844522,426611.32073360577,11.359734538036587,0.013241682492662221,-0.006982886814512312,0.005435015962465428,0,0.003017440463179064,-0.01466280725345378,0.005435015962465428,15_P5_1
1293,120,2026-02-09 14:53:23.260000+00:00,124329.27240104036,426611.3297625414,11.352522166414929,0.012149205198511481,-0.0014125487068668008,-0.005509000231944228,0,0.0017228702877172108,0.012109095704325352,-0.005509000231944228,15_P5_1
1294,100,2026-02-09 14:53:28.850000+00:00,124292.48691614183,426345.92906232405,7.587600646405557,0.0031928685202728957,-0.0011726556695066392,-0.0008989225635414044,0,0.00040681051483470266,-0.003376986217323905,-0.0008989225635414044,06_P2_0
1295,123,2026-02-09 14:53:36.790000+00:00,124329.16300119083,426611.3832755875,8.086288311504926,0.013244578702142462,-0.007002432132139802,0.008172666450860788,0,0.003025302605190236,-0.014673120489844647,0.008172666450860788,16_P5_1
1296,124,2026-02-09 14:53:38.260000+00:00,124339.67248399054,426609.5882055862,6.669440901910356,0.014718267309945077,-0.002036317833699286,-0.004989293922837312,0,0.0026664023843739337,0.01461725970390636,-0.004989293922837312,17_P5_1
1297,101,2026-02-09 14:53:42.900000+00:00,124292.4108565275,426345.8813767603,10.216926934144873,0.0055376566597260535,-0.0020167655893601477,0.0013084365445887869,0,0.0006850222124007086,-0.005853522810406834,0.0013084365445887869,05_P2_0
1298,118,2026-02-09 14:53:53.140000+00:00,124372.27096823978,426775.10764337215,6.174338380380703,0.010940877793473192,-0.005021126649808139,0.008806311390340937,0,-0.0034686956958125755,-0.011527474567093158,0.008806311390340937,22_P6_1
1299,170,2026-02-09 14:53:54.090000+00:00,124669.39599165237,426931.302265576,13.784423026114679,0.00794483590289019,0.0037686043069697917,-0.0017671045567091426,0,0.007882024434463631,0.0038982671484754016,-0.0017671045567091426,908_GSL_1
1300,98,2026-02-09 14:53:56.700000+00:00,124302.66370495137,426390.077073784,7.980689242370882,0.002859317813999951,-0.0008382245432585478,0.001638447240011942,0,0.0001437897750516235,-0.0029761793035650696,0.001638447240011942,10_P3_0
1301,74,2026-02-09 14:54:10.270000+00:00,124369.35739352295,426785.7202940404,7.238502597867143,0.011080313648562878,-0.006172256311401725,0.0084487631100707,0,-0.012412024375733797,-0.0026099328382847837,0.0084487631100707,21_P6_1
1302,99,2026-02-09 14:54:11+00:00,124302.54203058724,426390.1337248999,11.089222025647256,0.003950296071707271,-0.0010913920705206692,0.0014668228978891307,0,0.00012343261130006504,-0.004096430164937386,0.0014668228978891307,09_P3_0
1303,92,2026-02-09 14:54:12.080000+00:00,124278.33010863782,426395.63554678735,11.09463608139154,0.016132835240568966,-0.0027438378310762346,-0.007152901835679515,0,0.00035954726162083637,-0.016360554535505514,-0.007152901835679515,11_P3_0
1304,93,2026-02-09 14:54:25.780000+00:00,124278.283969342,426395.7884874787,7.9411305726445685,0.015845762318349443,-0.002862623834516853,-0.007594947634949278,0,0.00049730984440012,-0.016094579260926015,-0.007594947634949278,12_P3_0
1305,73,2026-02-09 14:54:25.960000+00:00,124369.50070857564,426785.6881393173,11.414527328077915,0.011369011204806156,-0.008327336865477264,0.008472712014839345,0,-0.01333296090875583,-0.004564110915800968,0.008472712014839345,20_P6_1
1306,166,2026-02-09 14:54:28.850000+00:00,124091.04834846467,427154.20244606445,9.828319886517344,-0.023932371026603505,0.013418084883596748,-0.001533732545460964,0,0.019967266133516137,-0.018817855033232612,-0.001533732545460964,907_GSL_1
1307,94,2026-02-09 14:54:40.370000+00:00,124268.23952723968,426351.55314381095,10.206798536515588,0.015304740591091104,-0.0028292095521464944,-0.007695402775372173,0,-1.252654299200046e-05,-0.015564040424525673,-0.007695402775372173,07_P2_0
1308,125,2026-02-09 14:54:43.530000+00:00,124339.65857884954,426609.5903632108,6.674378136317886,0.0007132859172997996,-0.0008706356165930629,0.0008621981887717567,0,-0.000757930594784334,0.0008320603284548934,0.0008621981887717567,17_P5_1
1309,152,2026-02-09 14:54:51.760000+00:00,124370.28496383663,426819.4924771053,9.736706767418095,0.009192174766212702,-0.006692932627629489,0.007785816190216011,0,-0.00863080137534531,0.007402748929277718,0.007785816190216011,29_KW_1
1310,95,2026-02-09 14:54:54.490000+00:00,124268.12553662466,426351.5462163757,7.186386171509828,0.015988722429028712,-0.0029746342916041613,-0.007284686735292034,0,-1.3382239574957349e-05,-0.016263072126660973,-0.007284686735292034,08_P2_0
1311,146,2026-02-09 14:54:59.330000+00:00,124350.9264070255,426607.51171210146,11.378310048388563,0.00014045056013856083,-0.00015329534653574228,-0.0010114648355195044,0,-0.00012017619921062424,0.00016965701947174828,-0.0010114648355195044,13_P5_1
1312,96,2026-02-09 14:55:08.580000+00:00,124258.07737196612,426307.3495214581,9.29873066204038,0.01639376969251316,-0.0028881188482046127,-0.005814946135510368,0,-0.0003804337200275512,-0.016641880464574422,-0.005814946135510368,03_P1_0
1313,117,2026-02-09 14:55:08.680000+00:00,124377.69144718038,426815.89967539243,7.625698984769235,0.011430036291130818,-0.0060306460945867,0.008263944596775374,0,-0.006473815341503581,0.011184996059848847,0.008263944596775374,26_KW_0
1314,148,2026-02-09 14:55:14.430000+00:00,124351.04091927179,426607.3981743421,8.015219967088166,-0.000199142872588709,-0.00028155260952189565,-0.00023644812421608208,0,-0.00031736695493166496,-0.0001349369169237032,-0.00023644812421608208,14_P5_1
1315,97,2026-02-09 14:55:22.870000+00:00,124258.00283280291,426307.3890571892,6.832613319090088,0.014962594039388932,-0.0027955154073424637,-0.004448871506012253,0,-0.00019936373357797162,-0.015220196479742966,-0.004448871506012253,04_P1_0
1316,116,2026-02-09 14:55:23.340000+00:00,124377.6987394301,426815.89408565307,10.014265116640438,0.011379538525943644,-0.005975910520646721,0.009205361363314069,0,-0.006414755508938953,0.01113805707359902,0.009205361363314069,25_KW_0
1317,168,2026-02-09 14:55:36.850000+00:00,124669.3684945179,426931.31527012325,13.79911298882803,-0.008237453454057686,0.0075295508722774684,-0.0022270311071981297,0,0.001277955429725552,-0.01108677616196955,-0.0022270311071981297,908_GSL_1
1318,115,2026-02-09 14:55:38.150000+00:00,124396.30072538432,426811.6280454986,7.655988602668182,0.010634624515660107,-0.005868837819434702,0.009716309895135389,0,0.0004299434874099087,0.012138930947062011,0.009716309895135389,24_KW_0
1319,114,2026-02-09 14:55:52.460000+00:00,124396.30993209833,426811.6235314067,9.99987461472287,0.0109114533115644,-0.006007349118590355,0.009190537072687022,0,0.00045702999105294773,0.01244745678403248,0.009190537072687022,23_KW_0
1320,150,2026-02-09 14:56:07.760000+00:00,124401.11385747085,426812.3152690069,9.190271470336633,0.010676840916858055,-0.006162582139950246,0.008257447092823611,0,0.0014584108327372544,0.012241135095998357,0.008257447092823611,27_KW_1
1321,119,2026-02-09 14:56:23.870000+00:00,124400.82482603795,426811.33698420384,3.9922709308639517,0.0106746508681681,-0.006144677463453263,0.008736801777768921,0,0.001591787728956045,0.012213576221283322,0.008736801777768921,28_KW_1
1322,169,2026-02-09 14:56:40.550000+00:00,124669.38689834649,426931.30228661775,13.81657042191081,0.007820898172212765,0.00012706482084468007,0.004815209037918322,0,0.007020506747003618,0.003448924282163054,0.004815209037918322,908_GSL_1
1323,62,2026-02-09 14:56:59.050000+00:00,124390.62167459451,426780.87533898046,7.45329551065446,0.010994381489581428,-0.0039062275318428874,0.008497637072131248,0,0.011472700722331176,0.0021241883166988407,0.008497637072131248,19_P6_1
1324,72,2026-02-09 14:57:14.850000+00:00,124390.53411694826,426780.8817470477,10.995939807958015,0.010157245400478132,-0.0051838840008713305,0.00885448639125741,0,0.01084927522738994,0.0035121951113750616,0.00885448639125741,18_P6_1
1325,134,2026-02-09 15:00:20.580000+00:00,123855.63017689745,426533.08031590586,6.047439438584498,0.015714756038505584,0.006017843901645392,0.0015965196867178122,0,-0.014199184331976467,0.009030568469419428,0.0015965196867178122,904_GSL_1
1326,139,2026-02-09 15:00:20.750000+00:00,123928.09833242695,426940.42700628354,7.139349915937523,0.011462503258371726,-0.004097729048226029,0.0027480851982675247,0,-0.012172646865529099,-8.386052696252444e-05,0.0027480851982675247,905_GSL_1
1327,138,2026-02-09 15:00:21.280000+00:00,123928.09253103846,426940.4339136879,7.1164461059299455,0.00591215978784021,0.0021925358450971544,-0.0014899576679816562,0,-0.0018855860482280306,0.006017093321838917,-0.0014899576679816562,905_GSL_1
1328,143,2026-02-09 15:00:37.220000+00:00,124266.92910128093,427056.3078339627,7.110821906845046,0.009533852833556011,-0.00639291328843683,0.0052801686222681,0,-0.009529627866232898,0.006399209552475494,0.0052801686222681,906_GSL_1
1329,137,2026-02-09 15:00:39.340000+00:00,123928.09739819665,426940.42657139903,7.123437980285613,0.007998934772331268,-0.007257172022946179,0.0005742893200828547,0,-0.010567078770548993,0.00223301355115812,0.0005742893200828547,905_GSL_1
1330,142,2026-02-09 15:00:42.800000+00:00,124266.94455790245,427056.31617022597,7.072411181851203,0.02506695649935864,0.0010158558143302798,-0.010389551402852248,0,-0.0009354913657926149,0.02507008430541817,-0.010389551402852248,906_GSL_1
1331,152,2026-02-09 15:00:53.350000+00:00,124370.28497116828,426819.4923965914,9.736554304336138,0.009199506414006464,-0.006773446511942893,0.0076333531082593,0,-0.00871083823648538,0.007391332297311611,0.0076333531082593,29_KW_1
1332,141,2026-02-09 15:00:56.080000+00:00,124266.92844552749,427056.31282813684,7.08941678619441,0.009816776044317521,-0.0016901661874726415,0.005282085931312075,0,-0.0019907815817092164,0.009760253190337303,0.005282085931312075,906_GSL_1
1333,125,2026-02-09 15:00:57.850000+00:00,124339.66247699314,426609.5898089378,6.674381531581221,0.004611429510987364,-0.0014249086380004883,0.0008655934521071273,0,-0.0007407488387070925,0.004769375003017445,0.0008655934521071273,17_P5_1
1334,150,2026-02-09 15:01:10.850000+00:00,124401.11381349544,426812.31525382487,9.190279580070147,0.010632865509251133,-0.006177764153108001,0.008265556826337672,0,0.0014199175648793288,0.012215008513226495,0.008265556826337672,27_KW_1
1335,122,2026-02-09 15:01:12.470000+00:00,124329.16469007205,426611.3892895641,8.07908916569368,0.015139169001486152,-0.002749344741459936,-0.004574672748717035,0,0.0011792535016667924,0.015341534986492036,-0.004574672748717035,16_P5_1
1336,146,2026-02-09 15:01:17.080000+00:00,124350.92282172032,426607.51238885784,11.378816641957618,-0.0034448546211933717,0.0005234610289335251,-0.0005048712664645905,0,-0.00021586080542258977,-0.0034777059856537303,-0.0005048712664645905,13_P5_1
1337,120,2026-02-09 15:01:27.860000+00:00,124329.27203611667,426611.32999370154,11.351871568447317,0.011784281508880667,-0.0011813885648734868,-0.006159598199555916,0,0.001853650104737782,0.011697390773628377,-0.006159598199555916,15_P5_1
1338,129,2026-02-09 15:01:28.320000+00:00,124898.95062960956,426720.76705092395,4.0914915584270535,0.010957910781144165,-0.005451746168546379,-0.00019318681856006492,0,0.011526039248210168,0.004116766233646795,-0.00019318681856006492,901_GSL_1
1339,148,2026-02-09 15:01:31.880000+00:00,124351.03816931507,426607.3989292711,8.017380699383073,-0.002949099594843574,0.0004733763635158539,0.0019242841706912373,0,-0.000162500832750485,-0.002982426374815885,0.0019242841706912373,14_P5_1
1340,149,2026-02-09 15:01:46.270000+00:00,124351.05141558147,426607.390583894,8.019392810914095,0.010103889406309463,-0.006148571497760713,0.0071669669462970376,0,0.0044820352853645485,-0.010945541206297437,0.0071669669462970376,14_P5_1
1341,128,2026-02-09 15:01:49.080000+00:00,124898.94001784781,426720.7741863282,4.0821246948670105,-0.00028355169342830777,0.004922293417621404,0.0007327638633309874,0,0.0018721074631087315,-0.0045612046323945665,0.0007327638633309874,901_GSL_1
1342,124,2026-02-09 15:01:51.130000+00:00,124339.67176313169,426609.588408797,6.669380823031879,0.013997408459545113,-0.001833107031416148,-0.0050493728013139005,0,0.0026341021066558445,0.013869002525909484,-0.0050493728013139005,17_P5_1
1343,147,2026-02-09 15:02:01.430000+00:00,124350.937701434,426607.5039256534,11.380924255553985,0.011194088408956304,-0.006067086709663272,0.0067046138815420875,0,0.00422113362286061,-0.012012459672692277,0.0067046138815420875,13_P5_1
1344,131,2026-02-09 15:02:06.210000+00:00,124806.22336959859,426258.5122452505,4.612363377838088,0.004825102441827767,0.005961186019703746,0.0008589050655256614,0,0.002450179143483426,-0.00726732237488351,0.0008589050655256614,903_GSL_1
1345,3,2026-02-09 15:02:06.410000+00:00,124314.90242589788,426440.79295550345,7.069953674944151,-0.0017991021304624155,-0.0012444965541362762,0.017753674944151143,11,-4.01914104065445e-05,-0.00218721850751611,0.017753674944151143,TS2
1346,127,2026-02-09 15:02:07.310000+00:00,124898.95378539508,426720.7704981365,4.077978908611357,0.013431970844976604,0.0023266179487109184,0.0013792058948567387,0,0.01320714991477547,0.0033767118604067455,0.0013792058948567387,901_GSL_1
1347,154,2026-02-09 15:02:07.510000+00:00,124285.66536936245,426445.5611883214,7.894708662633188,0.0007443624490406364,-0.0026366786332800984,-0.0068913373668113564,11,-0.00133032604348589,-0.0023950745893939838,-0.0068913373668113564,TS1-1
1348,126,2026-02-09 15:02:15.750000+00:00,124339.66884378047,426609.5822922968,6.6755448296518765,0.012023176328511909,-0.006197864247951657,0.0048876405164186565,0,0.0033811639062084624,-0.013097252418040953,0.0048876405164186565,17_P5_1
1349,121,2026-02-09 15:02:31.130000+00:00,124329.27249168776,426611.3208416808,11.364001978047291,0.01294891805446241,-0.006874811777379364,0.009702455973169322,0,0.0029952052294909288,-0.014351524706065441,0.009702455973169322,15_P5_1
1350,123,2026-02-09 15:02:47.180000+00:00,124329.16261319026,426611.38326839235,8.085477848786834,0.012856578134233132,-0.0070096272975206375,0.00736220373276808,0,0.003140561027443136,-0.014302564546426396,0.00736220373276808,16_P5_1
1351,4,2026-02-09 15:02:47.380000+00:00,124378.9702623747,426782.74269945675,7.758502966885555,0.0032623746956232935,-0.0006755432114005089,-0.0059470331144453326,11,-0.0031810439097894392,0.0009901550025647528,-0.0059470331144453326,TS3
1352,68,2026-02-09 15:06:20.750000+00:00,123928.07888125096,426940.4230292236,7.120493899156746,-0.030069110900512896,-0.024705781659577042,0.001680618116520094,0,-0.0011295671169229517,-0.03890052899237237,0.001680618116520094,905_GSL_1
1353,68,2026-02-09 15:06:21.280000+00:00,123928.09766881516,426940.42496123974,7.140330635365904,-0.011281546700047329,-0.022773765493184328,0.02151735432567836,0,0.0031295038657410726,-0.025221496708923,0.02151735432567836,905_GSL_1
1354,67,2026-02-09 15:06:21.530000+00:00,123855.6301904243,426533.0805935261,6.045556276827619,0.012195950155728497,-0.010509178624488413,0.0011481284900431987,0,-0.01404689977637103,-0.007865662224822883,0.0011481284900431987,904_GSL_1
1355,69,2026-02-09 15:06:36.860000+00:00,124266.93427760988,427056.3154189711,7.078659814265663,-0.00831958677736111,0.0005805870750918984,-0.011841556661769559,0,0.0012251449656232947,-0.008249340901612291,-0.011841556661769559,906_GSL_1
1356,69,2026-02-09 15:06:40.120000+00:00,124266.9301844471,427056.30811414676,7.110247267527988,-0.012412749551003799,-0.006724237289745361,0.019745896600555923,0,-0.00151848233047256,-0.014035167614132354,0.019745896600555923,906_GSL_1
1357,68,2026-02-09 15:06:40.620000+00:00,123928.09829388716,426940.4269194,7.129452408311497,-0.010656474696588702,-0.02081560523947701,0.010639127271271143,0,-0.010631303766574817,-0.02082847221155671,0.010639127271271143,905_GSL_1
1358,66,2026-02-09 15:06:54.360000+00:00,124898.93931779383,426720.77560642385,4.078329223491612,0.0017121301498264074,0.0014012690517120063,-0.003957306912152347,0,0.0021496390424273525,-0.0005234468382772758,-0.003957306912152347,901_GSL_1
1359,69,2026-02-09 15:06:56.510000+00:00,124266.92788955531,427056.3126061065,7.085691930554721,-0.014707641341374256,-0.0022322775330394506,-0.004809440372711471,0,-0.0017802239920871588,-0.014769176664560929,-0.004809440372711471,906_GSL_1
1360,66,2026-02-09 15:06:58.220000+00:00,124898.95057567424,426720.766435583,4.0942402969239,0.01297001056082081,-0.007769571791868657,0.011953766520135467,0,0.013798258949803514,0.006180248355120668,0.011953766520135467,901_GSL_1
1361,71,2026-02-09 15:07:10.960000+00:00,124806.22282518112,426258.5103682042,4.610745908621852,-0.004936754368827678,-0.004737927869427949,0.019242245472584685,0,-0.0029805033790414356,0.006159229156441885,0.019242245472584685,903_GSL_1
1362,66,2026-02-09 15:07:14.130000+00:00,124898.9543093618,426720.769455679,4.07819705057261,0.01670369811472483,-0.004749475803691894,-0.00408947983115393,0,0.013294848518509865,0.011172200051359297,-0.00408947983115393,901_GSL_1
1363,149,2026-02-09 15:07:38.350000+00:00,124351.05138528357,426607.3906390503,8.019187971695208,0.01007359150389675,-0.0060934151988476515,0.006962127727410561,0,0.004432333786954843,-0.010906941449093183,0.006962127727410561,14_P5_1
1364,164,2026-02-09 15:07:51.830000+00:00,124091.07331035587,427154.2053695925,9.830542905038943,-0.022018095492967404,0.010638651088811457,0.01590937340954568,0,0.016089082652214932,-0.01841517975847907,0.01590937340954568,907_GSL_1
1365,102,2026-02-09 15:07:53.360000+00:00,124282.39496157052,426301.79280823504,6.904102086585306,0.0016726246976759285,-0.0007496295729652047,0.0008041028185701293,0,0.0003489913788575502,-0.0017993951465485817,0.0008041028185701293,02_P1_0
1366,147,2026-02-09 15:07:53.820000+00:00,124350.93724437198,426607.5041418837,11.380495386120831,0.01073702638677787,-0.005850856425240636,0.006275744448387854,0,0.004079878796440727,-0.01152696167884223,0.006275744448387854,13_P5_1
1367,103,2026-02-09 15:08:06.950000+00:00,124282.31295102456,426301.7968711453,9.298783704735119,0.0012326174037298188,-0.0005730079137720168,0.000832218944005092,0,0.00027647374760116024,-0.0013308816626997188,0.000832218944005092,01_P1_0
1368,122,2026-02-09 15:08:08.150000+00:00,124329.16538822955,426611.38910635776,8.07920014477885,0.015837326500331983,-0.002932551084086299,-0.0044636936635473745,0,0.0011790620913398428,0.016063330262547013,-0.0044636936635473745,16_P5_1
1369,126,2026-02-09 15:08:08.250000+00:00,124339.66848616008,426609.5822550302,6.678082196653282,0.011665555939543992,-0.00623513082973659,0.007425007517824156,0,0.0034967076850564932,-0.012756766330376547,0.007425007517824156,17_P5_1
1370,100,2026-02-09 15:08:20.410000+00:00,124292.48636780177,426345.92910331575,7.587997970282882,0.0026445284602232277,-0.0011316639720462263,-0.0005015986862160204,0,0.0004930435886983862,-0.002833919925156936,-0.0005015986862160204,06_P2_0
1371,121,2026-02-09 15:08:23.160000+00:00,124329.27282440176,426611.32069333334,11.359051447389197,0.013281632054713555,-0.007023159239906818,0.004751925315074956,0,0.0030449889787324247,-0.014712394701926711,0.004751925315074956,15_P5_1
1372,120,2026-02-09 15:08:24.460000+00:00,124329.272066081,426611.3297704392,11.352280019233906,0.0118142458377406,-0.0014046509168110788,-0.005751147412967228,0,0.0016453433736498685,0.011783136004284078,-0.005751147412967228,15_P5_1
1373,101,2026-02-09 15:08:34.660000+00:00,124292.41125405449,426345.8812841495,10.216619971229157,0.005935183653491549,-0.0021093764225952327,0.0010014736288734838,0,0.0006834390801300197,-0.006261691857367703,0.0010014736288734838,05_P2_0
1374,123,2026-02-09 15:08:37.950000+00:00,124329.16271874485,426611.3832903887,8.085803829857888,0.012962132721440867,-0.006987630971707404,0.00768818480382194,0,0.0030899635458537357,-0.014397777487178623,0.00768818480382194,16_P5_1
1375,124,2026-02-09 15:08:39.320000+00:00,124339.67194487037,426609.58828842675,6.668314634173424,0.014179147139657289,-0.0019534772727638483,-0.006115561659769675,0,0.002576572001510467,0.014079260058124102,-0.006115561659769675,17_P5_1
1376,98,2026-02-09 15:08:48.070000+00:00,124302.6653528867,426390.0764550954,7.981012962906037,0.004507253150222823,-0.0014569131890311837,0.0019621677751668898,0,0.0003584622304055268,-0.004723286126198504,0.0019621677751668898,10_P3_0
1377,118,2026-02-09 15:08:54.350000+00:00,124372.27103838013,426775.1076495683,6.174314737605503,0.011011018141289242,-0.005014930502511561,0.008782668615141098,0,-0.003519727154212298,-0.011575991068272394,0.008782668615141098,22_P6_1
1378,170,2026-02-09 15:08:55.490000+00:00,124669.39749739255,426931.3012741273,13.79371588731166,0.009450576078961603,0.0027771556051447988,0.0075257566402715526,0,0.008037401692397752,0.005694396852562194,0.0075257566402715526,908_GSL_1
1379,99,2026-02-09 15:09:01.260000+00:00,124302.54110843709,426390.1339715065,11.089758812773466,0.0030281459185061976,-0.0008447854779660702,0.0020036100240989896,0,0.00010255181053661942,-0.003142103329571414,0.0020036100240989896,09_P3_0
1380,71,2026-02-09 15:09:06.930000+00:00,124806.2217898345,426258.5095862236,4.638005060042979,-0.005972100989311002,-0.005519908503629267,0.0465013968937118,0,0.001597215541337012,0.00797397533414041,0.0465013968937118,903_GSL_1
1381,74,2026-02-09 15:09:11.750000+00:00,124369.35749153954,426785.72029391763,7.238565083779991,0.011178330241818912,-0.006172379071358591,0.00851124902291911,0,-0.012505671095915624,-0.0025809922193779184,0.00851124902291911,21_P6_1
1382,92,2026-02-09 15:09:13.630000+00:00,124278.3298455014,426395.6355712454,11.094727957912628,0.015869698821916245,-0.0027193797868676484,-0.007061025314591518,0,0.00037376107156975144,-0.016096666418390276,-0.007061025314591518,11_P3_0
1383,166,2026-02-09 15:09:18.440000+00:00,124091.05185466944,427154.2037820377,9.826226799501557,-0.0204261662584031,0.014754058152902871,-0.003626819561247885,0,0.02019232728504959,-0.015072505392555237,-0.003626819561247885,907_GSL_1
1384,67,2026-02-09 15:09:24.950000+00:00,123855.61373856878,426533.0760413382,6.080423864395069,-0.004255905369063839,-0.015061366488225758,0.03601571605749321,0,0.012262735239653292,-0.009725369681674912,0.03601571605749321,904_GSL_1
1385,73,2026-02-09 15:09:27.150000+00:00,124369.50080235768,426785.6882314899,11.414561212565609,0.011462793248938397,-0.008235164277721196,0.00850659650253327,0,-0.013395041435258237,-0.004448193419431973,0.00850659650253327,20_P6_1
1386,93,2026-02-09 15:09:27.740000+00:00,124278.28410151653,426395.78859942633,7.941125156016686,0.015977936855051666,-0.0027506761834956706,-0.007600364262831505,0,0.0003671139727963839,-0.01620882207137355,-0.007600364262831505,12_P3_0
1387,125,2026-02-09 15:09:33.380000+00:00,124339.65942436187,426609.59030859114,6.675023046836754,0.0015587982488796115,-0.0009252552990801632,0.00150710870764037,0,-0.0006892952036083628,0.0016765504679157651,0.00150710870764037,17_P5_1
1388,94,2026-02-09 15:09:41.730000+00:00,124268.23958401543,426351.5532524228,10.206996748380817,0.0153615163435461,-0.0027205977239646018,-0.0074971909101435585,0,-0.00012967846277099808,-0.015600032687304494,-0.0074971909101435585,07_P2_0
1389,68,2026-02-09 15:09:41.850000+00:00,123928.08763972952,426940.4341811753,7.184963323888757,-0.021310632335371338,-0.013553829921875149,0.06615004284853132,0,0.02085706826245744,-0.014241912075970807,0.06615004284853132,905_GSL_1
1390,146,2026-02-09 15:09:48.870000+00:00,124350.92679957596,426607.5115230007,11.379063960169942,0.0005330010171746835,-0.0003423960879445076,-0.0002575530541406579,0,-0.0002221094938186668,0.0005932895904232316,-0.0002575530541406579,13_P5_1
1391,152,2026-02-09 15:09:52.070000+00:00,124370.28486398362,426819.4925223328,9.736614856634327,0.009092321750358678,-0.006647705100476742,0.007693905406448209,0,-0.008563783831342155,0.007316003308158946,0.007693905406448209,29_KW_1
1392,95,2026-02-09 15:09:55.630000+00:00,124268.12530035911,426351.5463233466,7.186456576986128,0.015752456878544763,-0.00286766339559108,-0.007214281258992372,0,-7.51266264712636e-05,-0.016011175692335032,-0.007214281258992372,08_P2_0
1393,69,2026-02-09 15:09:59.460000+00:00,124266.91904802414,427056.31443486095,7.159370207226253,-0.02354917251795996,-0.00040352309588342905,0.06886883629882057,0,0.01642139540231536,-0.016883842282204835,0.06886883629882057,906_GSL_1
1394,148,2026-02-09 15:10:03.870000+00:00,124351.04210417808,426607.39797599235,8.01695347474866,0.0009857634140644222,-0.0004799023736268282,0.0014970595362786554,0,-0.0002600450155792377,0.0010650879712929835,0.0014970595362786554,14_P5_1
1395,117,2026-02-09 15:10:08.670000+00:00,124377.69146040948,426815.8995375688,7.625973478282755,0.011443265393609181,-0.006168469728436321,0.00853843811029531,0,-0.006612051446018263,0.011192815433768957,0.00853843811029531,26_KW_0
1396,96,2026-02-09 15:10:09.430000+00:00,124258.07750313007,426307.3493428002,9.299334462758885,0.01652493364235852,-0.0030667767277918756,-0.005211145417005625,0,-0.00023094290389381753,-0.016805511499434326,-0.005211145417005625,03_P1_0
1397,168,2026-02-09 15:10:20.850000+00:00,124669.37451712307,426931.3108750026,13.79472934317473,-0.002214848282164894,0.0031344302115030587,-0.006610676760498535,0,0.001243215090612013,-0.0036310634671217817,-0.006610676760498535,908_GSL_1
1398,116,2026-02-09 15:10:22.840000+00:00,124377.69864374837,426815.89422148437,10.013844842022678,0.011283856802037917,-0.0058400792186148465,0.008785086745554338,0,-0.006275299288156431,0.011047740422939786,0.008785086745554338,25_KW_0
1399,97,2026-02-09 15:10:23.540000+00:00,124258.00333096494,426307.3890024954,6.83264535992315,0.015460756068932824,-0.002850209246389568,-0.004416830672949956,0,-0.0002436325173838508,-0.01571939293254421,-0.004416830672949956,04_P1_0
1400,115,2026-02-09 15:10:37.750000+00:00,124396.30082793276,426811.62799566233,7.655732698754105,0.01073717295366805,-0.005918674112763256,0.00946040598105835,0,0.00043988538140704375,0.012252513503004148,0.00946040598105835,24_KW_0
1401,107,2026-02-09 15:10:41.590000+00:00,124409.92142254525,426969.52437520056,6.338318199058115,0.0003003285964950919,-0.0012276487541384995,0.05251796393952368,0,-0.0011210146889182675,0.0005836478361477938,0.05251796393952368,38_P9_0
1402,114,2026-02-09 15:10:51.750000+00:00,124396.30995076676,426811.62340206164,9.999299740131821,0.010930121745332144,-0.006136694166343659,0.008615662481638253,0,0.000355685179766408,0.01252996666842787,0.008615662481638253,23_KW_0
1403,106,2026-02-09 15:10:54.060000+00:00,124410.03293048927,426969.44959453854,8.972637181889143,0.000700065036653541,-0.0012766755535267293,0.051710731614219796,0,-0.0010708697380602966,0.0009865239625189933,0.051710731614219796,37_P9_0
1404,150,2026-02-09 15:11:07.350000+00:00,124401.11377998823,426812.3152874417,9.190102528378665,0.010599358298350126,-0.006144147308077663,0.008088505134855595,0,0.0014267743613457019,0.012168042463846361,0.008088505134855595,27_KW_1
1405,104,2026-02-09 15:11:08.760000+00:00,124389.81625434113,426881.4448986493,10.774546745725893,0.0005949482583673671,-0.0012359467800706625,0.051761481378518326,0,0.001086173246643482,-0.000837708512298496,0.051761481378518326,33_P7_0
1406,105,2026-02-09 15:11:21.250000+00:00,124389.6873811728,426881.4729002391,7.111268053930571,0.0005082721909275278,-0.0010648681200109422,0.05135428069420378,0,0.0009345962129156463,-0.0007202878951430738,0.05135428069420378,34_P7_0
1407,119,2026-02-09 15:11:23.250000+00:00,124400.82493710215,426811.3370547549,3.99285853799053,0.010785715072415769,-0.0060741264023818076,0.009324408904347159,0,0.0017152538631680643,0.012259060541507064,0.009324408904347159,28_KW_1
1408,169,2026-02-09 15:11:40.520000+00:00,124669.38703386798,426931.30196036043,13.815626007527658,0.007956419663969427,-0.00019919249461963773,0.00387079465476603,0,0.00699256154254495,0.003801101760389158,0.00387079465476603,908_GSL_1
1409,62,2026-02-09 15:11:57.870000+00:00,124390.62178473578,426780.8753750923,7.4532671200303104,0.011104522753157653,-0.003870115673635155,0.00846924644798186,0,0.01157577197436022,0.0020711649138417257,0.00846924644798186,19_P6_1
1410,72,2026-02-09 15:12:12.730000+00:00,124390.53410883043,426780.88173268246,10.995975156523834,0.010149127570912242,-0.005198249244131148,0.008889834957075848,0,0.010843531539842348,0.003527663447553533,0.008889834957075848,18_P6_1
1411,65,2026-02-09 15:13:09.140000+00:00,124372.12280353259,426824.9196959136,5.576509355249474,-0.0015589251415804029,-0.0001868229592218995,0.051873614611578134,0,0.0005849922705623428,0.0014570293265841361,0.051873614611578134,30_KW_1
1412,134,2026-02-09 15:15:20.250000+00:00,123855.63041631313,426533.0804374788,6.044967309255562,0.015954171714838594,0.006139416829682887,-0.0008756096422182225,0,-0.01440954985911724,0.009197440240238785,-0.0008756096422182225,904_GSL_1
1413,139,2026-02-09 15:15:21.450000+00:00,123928.0987685531,426940.42750418704,7.141421031546679,0.011898629411007278,-0.0035998255480080843,0.004819200807423485,0,-0.012419948169301696,0.0005301068839758293,0.004819200807423485,905_GSL_1
1414,138,2026-02-09 15:15:21.890000+00:00,123928.09479830266,426940.4353522603,7.120100621992347,0.00817942398134619,0.003631108265835792,0.002164558394420091,0,-0.00213603570526639,0.008690527910930917,0.002164558394420091,905_GSL_1
1415,143,2026-02-09 15:15:38.310000+00:00,124266.92939615881,427056.3079055465,7.112855167282801,0.009828730719164014,-0.006321329507045448,0.007313429060022969,0,-0.00957515805114808,0.006699216564794414,0.007313429060022969,906_GSL_1
1416,142,2026-02-09 15:15:42.180000+00:00,124266.94641380974,427056.31641496083,7.076148557841833,0.026922863791696727,0.0012605906813405454,-0.006652175412222405,0,-0.0008357431443740815,0.0269393989726714,-0.006652175412222405,906_GSL_1
1417,137,2026-02-09 15:15:42.930000+00:00,123928.09727333032,426940.4263594419,7.1245059711966645,0.007874068440287374,-0.0074691291665658355,0.001642280231134663,0,-0.010665745565086204,0.0020076642772181986,0.001642280231134663,905_GSL_1
1418,152,2026-02-09 15:15:54.380000+00:00,124370.28505805196,426819.4924252619,9.736403158810989,0.009286390093620867,-0.00674477603752166,0.007482207583109357,0,-0.008702957829811042,0.0074824841984301475,0.007482207583109357,29_KW_1
1419,125,2026-02-09 15:15:56.860000+00:00,124339.662396724,426609.5898231845,6.6755074595614685,0.004531160375336185,-0.0014106619637459517,0.0019915214323544816,0,-0.000738299331931182,0.004687888183334401,0.0019915214323544816,17_P5_1
1420,141,2026-02-09 15:15:59.530000+00:00,124266.92982460305,427056.3124693332,7.088684149523121,0.011195851606316864,-0.0020489698508754373,0.004549449260022875,0,-0.0023917589298404285,0.01112766192252411,0.004549449260022875,906_GSL_1
1421,150,2026-02-09 15:16:11.360000+00:00,124401.11372927632,426812.31524876336,9.190395305192304,0.01054864638717845,-0.006182825658470392,0.008381281948494745,0,0.001365429603238848,0.012150591579152508,0.008381281948494745,27_KW_1
1422,146,2026-02-09 15:16:14.390000+00:00,124350.92493880988,426607.5118535525,11.381813393888773,-0.0013277650577947497,-1.1844327673316002e-05,0.0024918806646905267,0,-0.00029198651793225415,-0.0012953162587354971,0.0024918806646905267,13_P5_1
1423,122,2026-02-09 15:16:15.600000+00:00,124329.16437876836,426611.3893702861,8.07986702168445,0.01482786530687008,-0.0026686227647587657,-0.003796816757947852,0,0.0011784020125888135,0.015019936941145815,-0.003796816757947852,16_P5_1
1424,129,2026-02-09 15:16:28.050000+00:00,124898.95040126037,426720.7659605459,4.091818818018263,0.010729561588959768,-0.006542124203406274,0.0001340727726493185,0,0.011428321507079887,0.005226504425989741,0.0001340727726493185,901_GSL_1
1425,148,2026-02-09 15:16:29.580000+00:00,124351.04207286888,426607.39809044363,8.016038114138722,0.0009544542117509991,-0.0003654510946944356,0.0005816989263394134,0,-0.00015483111252240903,0.0010102300092244615,0.0005816989263394134,14_P5_1
1426,120,2026-02-09 15:16:31.300000+00:00,124329.27218650667,426611.32981580525,11.351068895420724,0.011934671507333405,-0.0013592848554253578,-0.006962271226148786,0,0.0017198374306373612,0.011888069587545458,-0.006962271226148786,15_P5_1
1427,124,2026-02-09 15:16:46.270000+00:00,124339.67158177031,426609.58846213063,6.6685228535326155,0.013816047081490979,-0.0017797733889892697,-0.005907342300577767,0,0.0026280727264574597,0.013680057895293434,-0.005907342300577767,17_P5_1
1428,149,2026-02-09 15:16:46.920000+00:00,124351.05146930816,426607.3906287859,8.021311462154118,0.01015761609596666,-0.006103679595980793,0.009085618186320588,0,0.0044292483092017235,-0.010991534414214736,0.009085618186320588,14_P5_1
1429,128,2026-02-09 15:16:47.910000+00:00,124898.93563718404,426720.78348209854,4.075201704877823,-0.004664215462980792,0.014218063734006137,-0.006190226125856846,0,0.0019402392319456212,-0.01483724077961225,-0.006190226125856846,901_GSL_1
1430,147,2026-02-09 15:17:02.150000+00:00,124350.93782591894,426607.5040130352,11.38121532391916,0.011318573349853978,-0.005979704903438687,0.006995682246715873,0,0.004115170987139295,-0.012121565128102904,0.006995682246715873,13_P5_1
1431,127,2026-02-09 15:17:02.740000+00:00,124898.95357623957,426720.7710033536,4.0808089348508725,0.01322281533794012,0.0028318350086919963,0.00420923213437252,0,0.013223176791938787,0.0028301467288551576,0.00420923213437252,901_GSL_1
1432,154,2026-02-09 15:17:02.940000+00:00,124285.66527253088,426445.56125149626,7.895976910780347,0.0006475308764493093,-0.0025735037634149194,-0.005623089219652044,11,-0.0012215687047621398,-0.002355841199192278,-0.005623089219652044,TS1-1
1433,131,2026-02-09 15:17:06.010000+00:00,124806.21991855823,426258.50264032243,4.624346243936701,0.0013740620779572055,-0.003643742064014077,0.012841771164138649,0,0.0025557270681416805,0.002938224289654139,0.012841771164138649,903_GSL_1
1434,3,2026-02-09 15:17:06.210000+00:00,124314.90216687499,426440.79296705284,7.046955777381419,-0.0020581250137183815,-0.0012329471646808088,-0.005244222618580707,11,0.00011284292521153454,-0.0023965190917698605,-0.005244222618580707,TS2
1435,126,2026-02-09 15:17:19.760000+00:00,124339.66745907675,426609.5825020006,6.675884078337857,0.010638472609571181,-0.005988160439301282,0.005226889202399221,0,0.0034833397859656313,-0.011700491820727797,0.005226889202399221,17_P5_1
1436,121,2026-02-09 15:17:35.840000+00:00,124329.27206687474,426611.32086535654,11.359262153004934,0.012524105026386678,-0.0068511360441334546,0.004962630930812395,0,0.0030908153193217715,-0.013936934112961662,0.004962630930812395,15_P5_1
1437,123,2026-02-09 15:17:51.230000+00:00,124329.16241430953,426611.38348141144,8.08493968533887,0.012657697399845347,-0.006796608213335276,0.0068240402848047665,0,0.002991553846714972,-0.01405210988619976,0.0068240402848047665,16_P5_1
1438,4,2026-02-09 15:17:51.430000+00:00,124378.97028717215,426782.7426916211,7.758823080854139,0.003287172148702666,-0.0006833788356743753,-0.005626919145861109,11,-0.003206532063800268,0.0009953187891700648,-0.005626919145861109,TS3
1439,68,2026-02-09 15:21:21.450000+00:00,123928.09858398812,426940.42742543167,7.1400524894491975,-0.010366373739088885,-0.020309573563281447,0.02123920840897142,0,0.0030792730656831165,-0.022593329993778492,0.02123920840897142,905_GSL_1
1440,68,2026-02-09 15:21:21.630000+00:00,123928.09149894975,426940.4325450843,7.119786823195734,-0.017451412102673203,-0.015189920959528536,0.0009735421555081558,0,-0.0013287079246282049,-0.023098052263883277,0.0009735421555081558,905_GSL_1
1441,67,2026-02-09 15:21:22.110000+00:00,123855.63038153196,426533.08051408717,6.044814670379459,0.012387057809974067,-0.010588617529720068,0.0004065220418834059,0,-0.0142500114574453,-0.007905390302889054,0.0004065220418834059,904_GSL_1
1442,69,2026-02-09 15:21:37.690000+00:00,124266.94310173509,427056.3159061775,7.075285662700595,0.000504538431414403,0.0010677934624254704,-0.015215708226837599,0,0.0010253710932229155,0.0005859658935087639,-0.015215708226837599,906_GSL_1
1443,69,2026-02-09 15:21:38.960000+00:00,124266.93025022601,427056.3080900377,7.111498175244363,-0.012346970645012334,-0.00674834632081911,0.02099680431693063,0,-0.001565721745387639,-0.01398343225358243,0.02099680431693063,906_GSL_1
1444,68,2026-02-09 15:21:39.840000+00:00,123928.09955814463,426940.4280180118,7.12946817103436,-0.009392217223648913,-0.0197169934399426,0.010654889994134109,0,-0.010481229984748928,-0.01916030774005853,0.010654889994134109,905_GSL_1
1445,66,2026-02-09 15:21:54.690000+00:00,124898.93602138129,426720.7827772716,4.106269913739008,-0.0015842823922866955,0.008572116785217077,0.023983383335243857,0,0.0022769960125946847,-0.008414655431836641,0.023983383335243857,901_GSL_1
1446,66,2026-02-09 15:21:56.050000+00:00,124898.95024669419,426720.7658324103,4.093486346078395,0.012641030509257689,-0.008372744487132877,0.011199815674630464,0,0.013542963426843918,0.006818111483538955,0.011199815674630464,901_GSL_1
1447,69,2026-02-09 15:21:56.370000+00:00,124266.92899300208,427056.3125434348,7.088366505193741,-0.01360419458069373,-0.0022949492558836937,-0.0021348657336917043,0,-0.0018767029832313128,-0.013668170623356605,-0.0021348657336917043,906_GSL_1
1448,71,2026-02-09 15:22:13.390000+00:00,124806.22284856117,426258.5108816264,4.60931141133509,-0.004913374315947294,-0.004224505682941526,0.01780774818582298,0,-0.003137166461937446,0.005669733858296232,0.01780774818582298,903_GSL_1
1449,66,2026-02-09 15:22:13.430000+00:00,124898.95350152803,426720.7711083278,4.076362179969175,0.015895864344201982,-0.0030968270148150623,-0.005924350434589165,0,0.013234480631024963,0.009333668262584941,-0.005924350434589165,901_GSL_1
1450,149,2026-02-09 15:22:37.430000+00:00,124351.0516139683,426607.3907021311,8.017985687624448,0.010302276234142482,-0.006030334392562509,0.005759843656649721,0,0.004334053351838242,-0.011122850805172158,0.005759843656649721,14_P5_1
1451,164,2026-02-09 15:22:52.410000+00:00,124091.07056222273,427154.2044906142,9.838027963451395,-0.024766228641965427,0.00975967274280265,0.023394431821998296,0,0.015969155864269714,-0.021297965963334945,0.023394431821998296,907_GSL_1
1452,102,2026-02-09 15:22:54.270000+00:00,124282.39510509753,426301.7928218667,6.908233927769847,0.0018161517073167488,-0.0007359979208558798,0.004935944003110926,0,0.0003030298936736006,-0.0019360456727654657,0.004935944003110926,02_P1_0
1453,147,2026-02-09 15:22:54.620000+00:00,124350.93787007077,426607.50402472646,11.379670696655737,0.011362725184881128,-0.005968013661913574,0.005451054983293346,0,0.004096646857516858,-0.012163313496770368,0.005451054983293346,13_P5_1
1454,122,2026-02-09 15:23:08.510000+00:00,124329.16503508389,426611.38909572427,8.079078467282779,0.015484180839848705,-0.002943184575997293,-0.0045853711596191005,0,0.0010792311436107432,0.015724422147353676,-0.0045853711596191005,16_P5_1
1455,126,2026-02-09 15:23:08.710000+00:00,124339.66890832876,426609.58216802333,6.676671867637863,0.012087724622688256,-0.006322137720417231,0.006014678502404891,0,0.0034880556899599797,-0.013187720781606052,0.006014678502404891,17_P5_1
1456,103,2026-02-09 15:23:09.550000+00:00,124282.31720197896,426301.7955999681,9.297692898227512,0.005483571803779341,-0.001844185113441199,-0.0002585875636018642,0,0.0005436041281366425,-0.005759780639201006,-0.0002585875636018642,01_P1_0
1457,100,2026-02-09 15:23:23.820000+00:00,124292.4870761805,426345.9289337828,7.587624922732277,0.0033529071952216327,-0.0013011969276703894,-0.0008746462368209862,0,0.0004950941754792716,-0.0035623000802507297,-0.0008746462368209862,06_P2_0
1458,120,2026-02-09 15:23:24.510000+00:00,124329.27237683831,426611.3298578651,11.351609823380638,0.012125003151595592,-0.0013172249891795218,-0.006421343266234558,0,0.0018089079012315928,0.012061452454127734,-0.006421343266234558,15_P5_1
1459,121,2026-02-09 15:23:24.660000+00:00,124329.272815788,426611.32077813416,11.3604921587427,0.013273018295876682,-0.006938358419574797,0.006192636668577833,0,0.0029659451070562404,-0.01468049733023683,0.006192636668577833,15_P5_1
1460,101,2026-02-09 15:23:37.570000+00:00,124292.4107576259,426345.8814441082,10.216347440083556,0.005438755062641576,-0.0019494176958687603,0.0007289424832723768,0,0.0006423038812673875,-0.0057417533653479486,0.0007289424832723768,05_P2_0
1461,124,2026-02-09 15:23:39.280000+00:00,124339.67205725965,426609.5882554093,6.66885068340116,0.014291536426753737,-0.001986494695302099,-0.005579512432033695,0,0.0025803400564647955,0.014196338253391106,-0.005579512432033695,17_P5_1
1462,123,2026-02-09 15:23:39.940000+00:00,124329.16296076206,426611.383217099,8.084247527700523,0.013204149930970743,-0.007060920645017177,0.006131882646457143,0,0.0030927541078987746,-0.014650633016455628,0.006131882646457143,16_P5_1
1463,98,2026-02-09 15:23:50.610000+00:00,124302.66400014215,426390.0768156678,7.9800719762235905,0.0031545085948891938,-0.0010963407694362104,0.0010211810927200915,0,0.0003254220529522092,-0.0033237009560744403,0.0010211810927200915,10_P3_0
1464,118,2026-02-09 15:23:56.450000+00:00,124372.27105237682,426775.1076165047,6.174414406385521,0.01102501482819207,-0.005047994083724916,0.008882337395159645,0,-0.0035041813143053082,-0.011608355161160874,0.008882337395159645,22_P6_1
1465,170,2026-02-09 15:23:56.910000+00:00,124669.39681855399,426931.30163084227,13.792760225233888,0.008771737513598055,0.0031338705448433757,0.006570094562500017,0,0.007896522342582243,0.004940592929234276,0.006570094562500017,908_GSL_1
1466,99,2026-02-09 15:24:05.220000+00:00,124302.54096110482,426390.1339308584,11.090092502031933,0.0028808136557927355,-0.000885433575604111,0.0023372992825656524,0,0.0001769806001697763,-0.0030086139339191614,0.0023372992825656524,09_P3_0
1467,74,2026-02-09 15:24:14.050000+00:00,124369.3573860409,426785.7202975038,7.238597600404659,0.011072831592173316,-0.006168792897369713,0.008543765647586632,0,-0.012403851911060037,-0.002608843239399932,0.008543765647586632,21_P6_1
1468,92,2026-02-09 15:24:15.040000+00:00,124278.33008860021,426395.6355187346,11.09446781539763,0.0161127976316493,-0.002771890605799854,-0.00732116782958947,0,0.0003902244450655239,-0.016344826396492502,-0.00732116782958947,11_P3_0
1469,166,2026-02-09 15:24:25.350000+00:00,124091.05289278086,427154.20428900584,9.806548312779338,-0.019388054832234047,0.015261026273947209,-0.02330530628346672,0,0.02036526862358088,-0.013930234276609027,-0.02330530628346672,907_GSL_1
1470,93,2026-02-09 15:24:29.530000+00:00,124278.28391453867,426395.7883243001,7.9414666361291815,0.01579095899069216,-0.0030258024344220757,-0.0072588841503362644,0,0.0006667810133500403,-0.016064410020231432,-0.0072588841503362644,12_P3_0
1471,73,2026-02-09 15:24:29.760000+00:00,124369.50072135216,426785.6881581131,11.414555098757532,0.011381787728169002,-0.008308541087899357,0.00850048269445658,0,-0.01333956083166838,-0.004542363230371292,0.00850048269445658,20_P6_1
1472,125,2026-02-09 15:24:40.120000+00:00,124339.66073285225,426609.59002001025,6.677026839181742,0.002867288625566289,-0.0012138361926190555,0.003510901052627524,0,-0.0007849708618685816,0.0030130654010211986,0.003510901052627524,17_P5_1
1473,94,2026-02-09 15:24:43.330000+00:00,124268.23965244494,426351.5531975444,10.207348410583077,0.015429945851792581,-0.0027754760812968016,-0.007145528707884097,0,-8.821562256086075e-05,-0.01567733122923152,-0.007145528707884097,07_P2_0
1474,152,2026-02-09 15:24:55.860000+00:00,124370.28485662829,426819.4925169397,9.736682879091529,0.00908496642659884,-0.006653098214883357,0.007761927863649376,0,-0.008567337116702965,0.0073076032704352464,0.007761927863649376,29_KW_1
1475,95,2026-02-09 15:24:56.940000+00:00,124268.12531892453,426351.54627129907,7.186149425999948,0.015771022299304605,-0.0029197109397500753,-0.0075214322451726545,0,-2.7375733245670647e-05,-0.016038987091025688,-0.0075214322451726545,08_P2_0
1476,146,2026-02-09 15:24:57.960000+00:00,124350.92244405259,426607.5124679821,11.378911559554751,-0.003822522354312241,0.0006025852635502815,-0.00040995366933138655,0,-0.00021828045794586084,-0.00386356568350322,-0.00040995366933138655,13_P5_1
1477,96,2026-02-09 15:25:10.560000+00:00,124258.07751461888,426307.3494870313,9.298704392033196,0.01653642245219089,-0.002922545652836561,-0.00584121614269506,0,-0.00037462892302134485,-0.01678851374542347,-0.00584121614269506,03_P1_0
1478,117,2026-02-09 15:25:10.720000+00:00,124377.69142095213,426815.89948665537,7.626133261170957,0.011403808050090447,-0.006219383154530078,0.008698220998497597,0,-0.006661379948098747,0.011151393726939612,0.008698220998497597,26_KW_0
1479,148,2026-02-09 15:25:13.860000+00:00,124351.04110069262,426607.3981509888,8.01549395531301,-1.772204996086657e-05,-0.00030490593053400517,3.754010062806401e-05,0,-0.0003017338497960607,4.7311535769527845e-05,3.754010062806401e-05,14_P5_1
1480,116,2026-02-09 15:25:24.560000+00:00,124377.69854246911,426815.8940619594,10.013920739603327,0.011182577538420446,-0.005999604181852192,0.00886098432620308,0,-0.006430756955325656,0.01094032246888612,0.00886098432620308,25_KW_0
1481,97,2026-02-09 15:25:25.030000+00:00,124258.00321514797,426307.38892633806,6.832299931202726,0.015344939092756249,-0.002926366578321904,-0.004762259393373824,0,-0.0001462004522917958,-0.015620800316848944,-0.004762259393373824,04_P1_0
1482,168,2026-02-09 15:25:31.450000+00:00,124669.36203947451,426931.3199194399,13.792710477529306,-0.01469249684305396,0.01217886753147468,-0.008629542405921953,0,0.001265437078772844,-0.019041873511606612,-0.008629542405921953,908_GSL_1
1483,115,2026-02-09 15:25:38.930000+00:00,124396.30071766017,426811.6280032706,7.655678220570564,0.01062690035905689,-0.005911065847612917,0.009405927797517144,0,0.0003897479715347452,0.012154003752460495,0.009405927797517144,24_KW_0
1484,114,2026-02-09 15:25:52.850000+00:00,124396.3099595666,426811.6234948759,9.999542241814552,0.010938921579509042,-0.006043879897333682,0.008858164164369242,0,0.00043981833923373374,0.012489797811194404,0.008858164164369242,23_KW_0
1485,150,2026-02-09 15:26:07.660000+00:00,124401.113795594,426812.3153279782,9.190315552322833,0.010614964077831246,-0.0061036107945255935,0.008301529079023595,0,0.0014685840444318993,0.012156265380828816,0.008301529079023595,27_KW_1
1486,119,2026-02-09 15:26:25.350000+00:00,124400.82477470144,426811.33702309366,3.99263717791838,0.010623314359690994,-0.006105787644628435,0.009103048832197036,0,0.001591556213270484,0.012149172793491508,0.009103048832197036,28_KW_1
1487,169,2026-02-09 15:26:42.050000+00:00,124669.3870256271,426931.3017583168,13.818284822408373,0.007948178783408366,-0.0004012361168861389,0.0065296095354803185,0,0.006893203807972375,0.003977219840073203,0.0065296095354803185,908_GSL_1
1488,62,2026-02-09 15:26:59.260000+00:00,124390.62171193252,426780.8752380626,7.453257698204324,0.011031719492166303,-0.004007145413197577,0.008459824621995793,0,0.01152548092902102,0.0022179582212307563,0.008459824621995793,19_P6_1
1489,72,2026-02-09 15:27:13.650000+00:00,124390.53400442778,426780.8817452079,10.99597993870549,0.0100447249278659,-0.005185723828617483,0.008894617138732741,0,0.010738461930538968,0.0035318077339440593,0.008894617138732741,18_P6_1
1490,138,2026-02-09 15:30:20.720000+00:00,123928.09151048306,426940.4330600175,7.118818869243781,0.004891604388831183,0.0013388654333539307,0.0008828056458538569,0,-0.0019358445291090963,0.004687521744438193,0.0008828056458538569,905_GSL_1
1491,134,2026-02-09 15:30:21.670000+00:00,123855.63014336102,426533.0799297722,6.048838879316178,0.0156812196073588,0.00563171022804454,0.0029959604183975586,0,-0.014243317823724256,0.008645502058252862,0.0029959604183975586,904_GSL_1
1492,139,2026-02-09 15:30:22.250000+00:00,123928.0981290411,426940.426123529,7.1397784009755885,0.011259117411100306,-0.004980483616236597,0.0031765702363326653,0,-0.012272088630875052,-0.0009842675268901765,0.0031765702363326653,905_GSL_1
1493,142,2026-02-09 15:30:37.990000+00:00,124266.94983499486,427056.3163806338,7.075537784842823,0.030344048907863908,0.0012262636446394026,-0.007262948411232095,0,-0.0011358704527634892,0.030347567035324926,-0.007262948411232095,906_GSL_1
1494,137,2026-02-09 15:30:38.460000+00:00,123928.09826899428,426940.4271393432,7.123702870473298,0.008869732395396568,-0.006689227826427668,0.0008391795077677955,0,-0.010616752695750603,0.0032714650964168757,0.0008391795077677955,905_GSL_1
1495,143,2026-02-09 15:30:38.730000+00:00,124266.92979252094,427056.3080122788,7.112190289239299,0.010225092846667394,-0.006214597204234451,0.006648551016521509,0,-0.009626629750289887,0.007106457752261742,0.006648551016521509,906_GSL_1
1496,125,2026-02-09 15:30:52.900000+00:00,124339.66463729973,426609.58939052786,6.674168599211827,0.0067717361089307815,-0.0018433185759931803,0.0006526610827126689,0,-0.0008412879705279189,0.0069675295372350985,0.0006526610827126689,17_P5_1
1497,152,2026-02-09 15:30:54.570000+00:00,124370.28496131298,426819.492438144,9.736695190330943,0.009189651114866138,-0.006731893925461918,0.007774239103063962,0,-0.00866813291942541,0.007391316197255064,0.007774239103063962,29_KW_1
1498,141,2026-02-09 15:30:54.650000+00:00,124266.92765580791,427056.3125990438,7.085779114416141,0.009027056468767114,-0.0019192592008039355,0.0016444141530431722,0,-0.002195519197449778,0.008963871921430507,0.0016444141530431722,906_GSL_1
1499,146,2026-02-09 15:31:09.320000+00:00,124350.93009673839,426607.51089702616,11.377705888981417,0.0038301634485833347,-0.0009683706448413432,-0.001615624242665703,0,-0.00013764101102551362,0.003948284273040391,-0.001615624242665703,13_P5_1
1500,122,2026-02-09 15:31:11.430000+00:00,124329.1644785313,426611.38934360363,8.080312090627805,0.01492762824636884,-0.00269530521472916,-0.003351747814592798,0,0.0011778878558988098,0.015123205198014779,-0.003351747814592798,16_P5_1
1501,150,2026-02-09 15:31:11.450000+00:00,124401.11385474731,426812.3152243189,9.190251369979713,0.010674117380403914,-0.006207270140293986,0.008237346735903373,0,0.0014209908718468124,0.012265715200808889,0.008237346735903373,27_KW_1
1502,148,2026-02-09 15:31:24.520000+00:00,124351.04443328583,426607.3975761953,8.016423511289284,0.003314871166367084,-0.0008796994225122035,0.0009670960769021519,0,-0.00015705646611771927,0.0034260144760392924,0.0009670960769021519,14_P5_1
1503,120,2026-02-09 15:31:26.750000+00:00,124329.27214252231,426611.32978847425,11.350455955616619,0.011890687150298618,-0.00138661585515365,-0.007575211030253826,0,0.0016822213534687437,0.011852479730165073,-0.007575211030253826,15_P5_1
1504,129,2026-02-09 15:31:28.570000+00:00,124898.95050047702,426720.7664898469,4.089805147529826,0.01082877823500894,-0.006012823199853301,-0.0018795977157877175,0,0.011464207588838109,0.004689181725602465,-0.0018795977157877175,901_GSL_1
1505,124,2026-02-09 15:31:41.730000+00:00,124339.67174432252,426609.58831076015,6.669522750868387,0.013978599294205196,-0.0019311438663862646,-0.004907444964806551,0,0.002535098428942993,0.013881780534794738,-0.004907444964806551,17_P5_1
1506,128,2026-02-09 15:31:44.320000+00:00,124898.93693924288,426720.78053302853,4.085956538978216,-0.0033621566253714263,0.011268993723206222,0.004564607974536727,0,0.0018395413738473453,-0.011615093811118962,0.004564607974536727,901_GSL_1
1507,149,2026-02-09 15:31:46.360000+00:00,124351.05141043355,426607.3906858018,8.019274941870172,0.01009874147712253,-0.006046663678716868,0.007049097902374513,0,0.0043822071538868095,-0.010924421335965218,0.007049097902374513,14_P5_1
1508,127,2026-02-09 15:31:57.330000+00:00,124898.95341205646,426720.77121682814,4.078620584445273,0.013058632233878598,0.003045309567824006,0.0020208817287734604,0,0.013160787231563931,0.0025681638633617923,0.0020208817287734604,901_GSL_1
1509,154,2026-02-09 15:31:57.530000+00:00,124285.66536567808,426445.5612824591,7.894152015399803,0.0007406780787277967,-0.0025425408966839314,-0.007447984600196023,11,-0.0013051083489234935,-0.00230430258976299,-0.007447984600196023,TS1-1
1510,131,2026-02-09 15:32:01.130000+00:00,124806.22092605996,426258.5054316458,4.60787074052586,0.0023815638123778626,-0.0008524187142029405,-0.0036337322467021593,0,0.0025293494861281427,-2.924096056002606e-05,-0.0036337322467021593,903_GSL_1
1511,3,2026-02-09 15:32:01.330000+00:00,124314.90184720993,426440.79291597835,7.07287201464118,-0.0023777900787536055,-0.0012840216513723135,0.02067201464118007,11,0.0002473052919090409,-0.002690991890066885,0.02067201464118007,TS2
1512,147,2026-02-09 15:32:02.140000+00:00,124350.9375292908,426607.5040814404,11.379776213434685,0.011021945203538053,-0.005911299725994468,0.005556571762241447,0,0.004094519570464633,-0.011817853020215638,0.005556571762241447,13_P5_1
1513,126,2026-02-09 15:32:17.760000+00:00,124339.66764636601,426609.5823985075,6.677430201066643,0.010825761870364659,-0.006091653543990105,0.006773011931184847,0,0.003542783645128807,-0.011906050857343772,0.006773011931184847,17_P5_1
1514,121,2026-02-09 15:32:32.750000+00:00,124329.27241300764,426611.3208191633,11.36184353720055,0.012870237929746509,-0.006897329294588417,0.007544015126427439,0,0.003038750750641168,-0.01428223265605735,0.007544015126427439,15_P5_1
1515,123,2026-02-09 15:32:47.950000+00:00,124329.16272515892,426611.38333801634,8.084433890566022,0.012968546798219904,-0.006940003309864551,0.006318245511955922,0,0.0030424394625520575,-0.014390636334619,0.006318245511955922,16_P5_1
1516,4,2026-02-09 15:32:48.150000+00:00,124378.97027533824,426782.7427094048,7.7584639104100175,0.0032753382402006537,-0.0006655951729044318,-0.0059860895899825906,11,-0.0031875621549211208,0.0010051393089661835,-0.0059860895899825906,TS3
1517,66,2026-02-09 15:36:12.300000+00:00,124898.91617029154,426720.8410319844,4.128855930704008,-0.02143537213851232,0.06682682962855324,0.04656940030024348,0,-0.04556597427576255,-0.05337642106043395,0.04656940030024348,901_GSL_1
1518,68,2026-02-09 15:36:20.470000+00:00,123928.09827692316,426940.4263883011,7.138107282919785,-0.010673438693629578,-0.021346704161260277,0.019294001879559097,0,0.0030266813123548,-0.023673683117091816,0.019294001879559097,905_GSL_1
1519,67,2026-02-09 15:36:21.230000+00:00,123855.63042044282,426533.0809896357,6.046414362060826,0.012425968670868315,-0.010113068972714245,0.002006213723250383,0,-0.01419329628175735,-0.007431635224802776,0.002006213723250383,904_GSL_1
1520,71,2026-02-09 15:36:27.980000+00:00,124806.1898598575,426258.57539103663,4.629798708155811,-0.037902077980106696,0.06028490455355495,0.038295045006544015,0,-0.07115982876536557,0.0026675836116549943,0.038295045006544015,903_GSL_1
1521,68,2026-02-09 15:36:38.150000+00:00,123928.09738375846,426940.4265052936,7.127353518422526,-0.0115666033962043,-0.021229711652267724,0.008540237382299587,0,-0.010433941341901539,-0.021808710164456648,0.008540237382299587,905_GSL_1
1522,69,2026-02-09 15:36:38.240000+00:00,124266.9298066954,427056.3079663082,7.11313939741319,-0.012790501248673536,-0.006872075842693448,0.0226380264857573,0,-0.0015121332092503552,-0.014440768737762278,0.0226380264857573,906_GSL_1
1523,67,2026-02-09 15:36:45.080000+00:00,123855.58925983301,426533.152619487,6.066217115620873,-0.028734641135088168,0.06151678232708946,0.021808967283297065,0,-0.010767360829989792,0.06703773601336495,0.021808967283297065,904_GSL_1
1524,69,2026-02-09 15:36:55.530000+00:00,124266.92551997222,427056.31233753974,7.088970946195142,-0.017077224430977367,-0.0025008443044498563,-0.0015304247322909248,0,-0.0019760021744387895,-0.017145880902061657,-0.0015304247322909248,906_GSL_1
1525,66,2026-02-09 15:36:58.560000+00:00,124898.95048599373,426720.7670088747,4.093256773692453,0.012880330046755262,-0.007196280115749687,0.010970243288689119,0,0.013641371075758316,0.005621596284966143,0.010970243288689119,901_GSL_1
1526,66,2026-02-09 15:37:12.460000+00:00,124898.95278649691,426720.77258051094,4.076431138351659,0.01518083323026076,-0.0016246438608504832,-0.005855392052104946,0,0.013184891488620263,0.007697779009097198,-0.005855392052104946,901_GSL_1
1527,110,2026-02-09 15:37:18.430000+00:00,124434.11900969289,426964.0065095222,8.79004489094407,-0.021443190969876014,0.07208168029319495,0.045671718469465716,0,0.06601749736924017,-0.036017622269707214,0.045671718469465716,35_P9_0
1528,111,2026-02-09 15:37:30.740000+00:00,124434.24026659456,426964.04993144557,6.506833827004888,-0.021424164762720466,0.07186766620725393,0.04554131739011957,0,0.06572603836968918,-0.03611155164325686,0.04554131739011957,36_P9_0
1529,149,2026-02-09 15:37:39.750000+00:00,124351.05173818403,426607.39068377845,8.01896758804595,0.01042649196460843,-0.006048687035217881,0.006741744078151868,0,0.004332630929217949,-0.011248406943618332,0.006741744078151868,14_P5_1
1530,164,2026-02-09 15:37:50.140000+00:00,124091.07247056974,427154.2050257956,9.833991527399968,-0.02285788163135294,0.010294854175299406,0.01935799577057118,0,0.015979923918005123,-0.01931602461011037,0.01935799577057118,907_GSL_1
1531,147,2026-02-09 15:37:55.920000+00:00,124350.93725591668,426607.5041108282,11.37908039744187,0.010748571090516634,-0.005881911900360137,0.004860755769426461,0,0.0041087186590198655,-0.011543270726813529,0.004860755769426461,13_P5_1
1532,122,2026-02-09 15:38:06.030000+00:00,124329.16554107887,426611.38896306173,8.07905734783952,0.01599017581611406,-0.0030758471111766994,-0.0046064906028782104,0,0.0010792062322641472,0.016247518948744613,-0.0046064906028782104,16_P5_1
1533,126,2026-02-09 15:38:11.870000+00:00,124339.66831840851,426609.5822976375,6.677360591149265,0.011497804371174425,-0.006192523578647524,0.006703402013807036,0,0.0034923106572313234,-0.012583744272007905,0.006703402013807036,17_P5_1
1534,120,2026-02-09 15:38:21.830000+00:00,124329.2725164333,426611.3296722702,11.351311113036214,0.012264598131878302,-0.001502819883171469,-0.006720053610658638,0,0.0016649049321044017,0.012243648414781545,-0.006720053610658638,15_P5_1
1535,121,2026-02-09 15:38:26.730000+00:00,124329.27261886609,426611.32084830175,11.361114492690389,0.013076096380245872,-0.00686819083057344,0.006814970616266791,0,0.0029534158411041907,-0.01447182354439713,0.006814970616266791,15_P5_1
1536,124,2026-02-09 15:38:36.450000+00:00,124339.67261217312,426609.5880222855,6.669143935252834,0.014846449892502278,-0.0022196185309439898,-0.00528626058035897,0,0.002532354512134424,0.014796315806928537,-0.00528626058035897,17_P5_1
1537,123,2026-02-09 15:38:43.430000+00:00,124329.16220120821,426611.3834905221,8.084527217696545,0.01244459608278703,-0.0067874975502491,0.0064115726424791575,0,0.0030423143491859887,-0.01384494196662062,0.0064115726424791575,16_P5_1
1538,170,2026-02-09 15:38:52.240000+00:00,124669.39673004008,426931.30168838333,13.793778247057304,0.008683223612024449,0.003191411611624062,0.007588116385916166,0,0.007886807475561076,0.00483546773483825,0.007588116385916166,908_GSL_1
1539,118,2026-02-09 15:38:59.950000+00:00,124372.27093880034,426775.1075819305,6.174412853302323,0.010911438352195546,-0.005082568270154297,0.008880784311961598,0,-0.003403138628027321,-0.011546022458533997,0.008880784311961598,22_P6_1
1540,113,2026-02-09 15:39:06.850000+00:00,124414.0574289667,426875.9893414576,7.342539138100398,-0.02131748445390258,0.07224452216178179,0.04576940124430706,0,-0.06517212469276393,0.03776639099592902,0.04576940124430706,32_P7_0
1541,92,2026-02-09 15:39:09.710000+00:00,124278.32985005593,426395.63542016444,11.094751483451445,0.015874253353103995,-0.0028704607393592596,-0.007037499775774947,0,0.000522558987572115,-0.016123225374572045,-0.007037499775774947,11_P3_0
1542,74,2026-02-09 15:39:17.950000+00:00,124369.35735823345,426785.72037242056,7.238572292063261,0.011045024148188531,-0.006093876145314425,0.008518457306188942,0,-0.012355084816860951,-0.0025455380721317103,0.008518457306188942,21_P6_1
1543,112,2026-02-09 15:39:19.750000+00:00,124413.93090182403,426875.94164027466,10.707817754557617,-0.021498325106222183,0.0721601836849004,0.045679362067765794,0,-0.06495252258311668,0.038084641286233865,0.045679362067765794,31_P7_0
1544,93,2026-02-09 15:39:23.200000+00:00,124278.2838443472,426395.78838517895,7.941377224624421,0.015720767521997914,-0.0029649235657416284,-0.007348295655096315,0,0.0006169054587241996,-0.015986016729829567,-0.007348295655096315,12_P3_0
1545,73,2026-02-09 15:39:34.160000+00:00,124369.50066256222,426785.68814936053,11.414554408302486,0.011322997786919586,-0.008317293657455593,0.008499792239410553,0,-0.01328604424140981,-0.004568225156692489,0.008499792239410553,20_P6_1
1546,94,2026-02-09 15:39:37.120000+00:00,124268.2394202222,426351.5531958606,10.207595444962639,0.015197723114397377,-0.0027771599125117064,-0.0068984943283219025,0,-4.416320594677318e-05,-0.015449318905789692,-0.0068984943283219025,07_P2_0
1547,95,2026-02-09 15:39:51.230000+00:00,124268.12533770295,426351.5464173887,7.186552826562967,0.015789800716447644,-0.002773621294181794,-0.007118031682153081,0,-0.00017442873476126842,-0.016030606862036095,-0.007118031682153081,08_P2_0
1548,152,2026-02-09 15:40:02.020000+00:00,124370.28478920925,426819.4924533875,9.736611234760835,0.0090175473887939,-0.006716650445014238,0.007690283532955533,0,-0.008613645559928705,0.007227355275449947,0.007690283532955533,29_KW_1
1549,96,2026-02-09 15:40:05.230000+00:00,124258.07738124469,426307.34941205266,9.298740023606216,0.01640304825559724,-0.0029975242796353996,-0.005805584569674949,0,-0.00027496774330798416,-0.01667241843952447,-0.005805584569674949,03_P1_0
1550,117,2026-02-09 15:40:18.420000+00:00,124377.69143102362,426815.8996368947,7.626068639947867,0.011413879532483406,-0.006069143826607615,0.008633599775407674,0,-0.006511650537830009,0.011167343464014667,0.008633599775407674,26_KW_0
1551,97,2026-02-09 15:40:19.430000+00:00,124258.00317019384,426307.38904839964,6.830848950330591,0.015299984966986813,-0.002804304996971041,-0.006213240265509512,0,-0.00025704779632366613,-0.01555273586660766,-0.006213240265509512,04_P1_0
1552,116,2026-02-09 15:40:32.460000+00:00,124377.69860117776,426815.89411224966,10.013952137569213,0.011241286192671396,-0.005949313926976174,0.008892382292088996,0,-0.006382792363313125,0.011000946009961548,0.008892382292088996,25_KW_0
1553,115,2026-02-09 15:40:46.650000+00:00,124396.30071705082,426811.6279460661,7.655874505850425,0.010626291012158617,-0.005968270357698202,0.009602213077378963,0,0.0003403604899096098,0.0121828759525233,0.009602213077378963,24_KW_0
1554,114,2026-02-09 15:41:01.050000+00:00,124396.30990217708,426811.6234715802,9.999533050247162,0.010881532056373544,-0.006067175592761487,0.008848972596979365,0,0.00039033255285019956,0.012452549942299818,0.008848972596979365,23_KW_0
1555,150,2026-02-09 15:41:15.920000+00:00,124401.11374117628,426812.31518103427,9.190319275053051,0.010560546346823685,-0.006250554753933102,0.00830525180924191,0,0.0013183141153950664,0.012200681201001725,0.00830525180924191,27_KW_1
1556,119,2026-02-09 15:41:31.650000+00:00,124400.82478765523,426811.33707712876,3.992642257477548,0.010636268154485151,-0.006051752541679889,0.009108128391365433,0,0.0016423693221214457,0.012126686772964754,0.009108128391365433,28_KW_1
1557,169,2026-02-09 15:41:48.230000+00:00,124669.38717263327,426931.301667616,13.816153579964933,0.008095184952253476,-0.0004919369239360094,0.004398367092040445,0,0.0069827676779195685,0.004124921442224625,0.004398367092040445,908_GSL_1
1558,62,2026-02-09 15:42:06.170000+00:00,124390.62173515461,426780.8753844329,7.453251236561907,0.011054941584006883,-0.003860775090288371,0.008453362979578216,0,0.011525338281049855,0.002069757287935605,0.008453362979578216,19_P6_1
1559,72,2026-02-09 15:42:21.450000+00:00,124390.53415075142,426780.8816996598,10.995994154569956,0.010191048568231054,-0.005231271905358881,0.00890883300319878,0,0.010890147695435448,0.003553640364393015,0.00890883300319878,18_P6_1
1560,134,2026-02-09 15:45:20.730000+00:00,123855.6302580227,426533.08072497515,6.0479367502954196,0.015795881292433478,0.006426913198083639,0.0020938313976390788,0,-0.01419711051378888,0.00944759927810324,0.0020938313976390788,904_GSL_1
1561,139,2026-02-09 15:45:21.330000+00:00,123928.09839648638,426940.4264283674,7.138387908087969,0.011526562695507891,-0.004675645206589252,0.0017860773487132775,0,-0.012423902952332946,-0.000608227837564096,0.0017860773487132775,905_GSL_1
1562,143,2026-02-09 15:45:38.450000+00:00,124266.92988368272,427056.3079941155,7.111572237668127,0.010316254629287869,-0.006232760497368872,0.006030499445349058,0,-0.009677992154263593,0.007183932130517212,0.006030499445349058,906_GSL_1
1563,137,2026-02-09 15:45:39.250000+00:00,123928.09984201427,426940.4282810055,7.126977899007219,0.01044275239109993,-0.005547565582673997,0.00411420804168916,0,-0.01061268841499675,0.005215113230035004,0.00411420804168916,905_GSL_1
1564,152,2026-02-09 15:45:54.850000+00:00,124370.28493527925,426819.49233852525,9.736519403402799,0.009163617389276624,-0.00683151267003268,0.007598452174919501,0,-0.00875907297146635,0.007343030008000621,0.007598452174919501,29_KW_1
1565,141,2026-02-09 15:45:55.050000+00:00,124266.9300031643,427056.312416263,7.082173956457124,0.011374412861187011,-0.002102040045429021,-0.0019607438059736637,0,-0.002450286611089502,0.01130450953437783,-0.0019607438059736637,906_GSL_1
1566,122,2026-02-09 15:46:11.550000+00:00,124329.16497920826,426611.38916146243,8.079595644800351,0.015428305210662074,-0.0028774464153684676,-0.00406819364204658,0,0.0011286528529870679,0.015653703788052958,-0.00406819364204658,16_P5_1
1567,150,2026-02-09 15:46:11.570000+00:00,124401.11383794092,426812.3152247968,9.190502017237286,0.010657310995156877,-0.006206792197190225,0.00848799399347655,0,0.0014113091817027665,0.012251969369053883,0.00848799399347655,27_KW_1
1568,120,2026-02-09 15:46:26.750000+00:00,124329.27221858717,426611.32984473533,11.351754957920926,0.011966752004809678,-0.0013303547748364508,-0.006276208725946475,0,0.0017559734201017592,0.011911740205337031,-0.006276208725946475,15_P5_1
1569,129,2026-02-09 15:46:29.440000+00:00,124898.95035770311,426720.76591681637,4.093520301728402,0.010686004330636933,-0.006585853756405413,0.0018355564827885473,0,0.011390244904555062,0.005275080972782129,0.0018355564827885473,901_GSL_1
1570,124,2026-02-09 15:46:41.910000+00:00,124339.67235238214,426609.58821462246,6.6693518751264,0.014586658915504813,-0.0020272815600037575,-0.005078320706793704,0,0.0026338472981004553,0.014489421563716623,-0.005078320706793704,17_P5_1
1571,149,2026-02-09 15:46:47.330000+00:00,124351.0514402679,426607.3907338619,8.020761765361986,0.010128575828275643,-0.005998603592161089,0.008535921394187795,0,0.004330051129768606,-0.010946321326299862,0.008535921394187795,14_P5_1
1572,127,2026-02-09 15:46:57.850000+00:00,124898.95345526723,426720.77073873265,4.077505262092647,0.01310184299654793,0.0025672140764072537,0.0009055593761466696,0,0.013004465965877112,0.003022042845930453,0.0009055593761466696,901_GSL_1
1573,154,2026-02-09 15:46:58.050000+00:00,124285.66543617993,426445.56121587876,7.8942720125298225,0.0008111799252219498,-0.0026091212639585137,-0.007327987470176822,11,-0.001389023088755734,-0.002352900656642146,-0.007327987470176822,TS1-1
1574,147,2026-02-09 15:47:02.550000+00:00,124350.93742512238,426607.50417809817,11.381197363659997,0.010917776788119227,-0.005814641946926713,0.006977721987553309,0,0.0040155451212588915,-0.011699714028355077,0.006977721987553309,13_P5_1
1575,126,2026-02-09 15:47:16.660000+00:00,124339.6678373256,426609.5825183093,6.67594142913739,0.01101672145887278,-0.005971851758658886,0.005284240001932616,0,0.003383664847213954,-0.012065735673033526,0.005284240001932616,17_P5_1
1576,121,2026-02-09 15:47:33.450000+00:00,124329.27248091914,426611.3207808203,11.360955211770532,0.012938149433466606,-0.006935672310646623,0.006655689696410505,0,0.00305665633460926,-0.014358137525998127,0.006655689696410505,15_P5_1
1577,123,2026-02-09 15:47:49.540000+00:00,124329.1621301755,426611.38345860003,8.084258939585341,0.01237356336787343,-0.006819419621024281,0.0061432945312756004,0,0.0030928024488995278,-0.013785649328140887,0.0061432945312756004,16_P5_1
1578,4,2026-02-09 15:47:49.740000+00:00,124378.97029511322,426782.7427167208,7.758712265771578,0.0032951132161542773,-0.0006582791684195399,-0.005737734228421942,11,-0.003201314046233388,0.0010211223963063985,-0.005737734228421942,TS3
1579,68,2026-02-09 15:51:21.530000+00:00,123928.0984910729,426940.4265469828,7.1382921225739056,-0.010459288954734802,-0.021188022452406585,0.019478841533679514,0,0.0028769342537385226,-0.023453193176665495,0.019478841533679514,905_GSL_1
1580,67,2026-02-09 15:51:22.650000+00:00,123855.63068331884,426533.08150066243,6.04505878247565,0.01268884469754994,-0.009602042264305055,0.0006506341380738689,0,-0.014348970904737603,-0.006878446727207782,0.0006506341380738689,904_GSL_1
1581,69,2026-02-09 15:51:38.920000+00:00,124266.92993792788,427056.30796508474,7.112742441890719,-0.012659268773859367,-0.006873299309518188,0.02224107096328609,0,-0.001562999685498254,-0.014319789148942327,0.02224107096328609,906_GSL_1
1582,68,2026-02-09 15:51:39.530000+00:00,123928.09976631438,426940.4281019391,7.12632999447301,-0.009184047477901913,-0.019633066141977906,0.007516713432783817,0,-0.010535117328947949,-0.018942421098606596,0.007516713432783817,905_GSL_1
1583,66,2026-02-09 15:51:55.740000+00:00,124898.95012429275,426720.7660612063,4.093684091221409,0.012518629067926668,-0.008143948507495224,0.011397560817644425,0,0.013394348577683212,0.006605406665193894,0.011397560817644425,901_GSL_1
1584,69,2026-02-09 15:51:56.240000+00:00,124266.92880726047,427056.31228711776,7.087985622228248,-0.013789936187095009,-0.002551266283262521,-0.0025157486991842504,0,-0.002127203782707953,-0.013861684737401063,-0.0025157486991842504,906_GSL_1
1585,66,2026-02-09 15:52:12.730000+00:00,124898.95441812124,426720.76887031505,4.0798869145703005,0.0168124575575348,-0.005334839748684317,-0.0023996158334638196,0,0.013154406065521101,0.011750780626470425,-0.0023996158334638196,901_GSL_1
1586,71,2026-02-09 15:52:24.490000+00:00,124806.21906965661,426258.50826950575,4.639117135190556,-0.00869227887596935,-0.00683662632945925,0.04761347204128885,0,0.001302811815492975,0.01098170537756729,0.04761347204128885,903_GSL_1
1587,149,2026-02-09 15:52:35.060000+00:00,124351.05208569036,426607.39053060283,8.021307009481069,0.01077399829227943,-0.0062018626485951245,0.009081165513270761,0,0.004429215081969925,-0.01161568737835732,0.009081165513270761,14_P5_1
1588,67,2026-02-09 15:52:41.490000+00:00,123855.61360323569,426533.0765036639,6.077572667454843,-0.00439123845717404,-0.014599040790926665,0.03316451911726759,0,0.012102027113403503,-0.00927124085273117,0.03316451911726759,904_GSL_1
1589,164,2026-02-09 15:52:50.910000+00:00,124091.07094764448,427154.20434585045,9.834887123768352,-0.02438080689171329,0.009614909009542316,0.020253592138955057,0,0.01572750357841121,-0.020964633341507666,0.020253592138955057,907_GSL_1
1590,147,2026-02-09 15:52:50.920000+00:00,124350.93736336145,426607.504116416,11.380184160705818,0.010856015855097212,-0.005876324139535427,0.005964519033375026,0,0.004086215360977135,-0.011648481002376376,0.005964519033375026,13_P5_1
1591,68,2026-02-09 15:52:57.410000+00:00,123928.08778560975,426940.43422273523,7.186817465650637,-0.021164752106415108,-0.013512270001228899,0.06800418461041069,0,0.020712621667660573,-0.014195614673710713,0.06800418461041069,905_GSL_1
1592,126,2026-02-09 15:53:05.530000+00:00,124339.66894683233,426609.5822111347,6.676579434886781,0.012126228190027177,-0.0062790263327769935,0.005922245751323274,0,0.0034374874578836302,-0.013215720252078938,0.005922245751323274,17_P5_1
1593,122,2026-02-09 15:53:07.310000+00:00,124329.16550184443,426611.38897313434,8.079242266999744,0.015950941378832795,-0.0030657745082862675,-0.004421571442653871,0,0.001079001214015031,0.016207012697803762,-0.004421571442653871,16_P5_1
1594,69,2026-02-09 15:53:14.110000+00:00,124266.91850712287,427056.3136848129,7.160039712530752,-0.02409007378446404,-0.0011535711237229407,0.06953834160331951,0,0.016276473306129385,-0.017797157019964354,0.06953834160331951,906_GSL_1
1595,121,2026-02-09 15:53:21.250000+00:00,124329.27306555815,426611.3205540706,11.360710188918855,0.013522788445698097,-0.007162421999964863,0.006410666844733015,0,0.0031115546876800005,-0.01498280092900734,0.006410666844733015,15_P5_1
1596,120,2026-02-09 15:53:23.630000+00:00,124329.27253598823,426611.3297633131,11.351657167719331,0.012284153068321757,-0.00141177698969841,-0.006373998927541535,0,0.0017579278421289745,0.012239412591152752,-0.006373998927541535,15_P5_1
1597,123,2026-02-09 15:53:36.320000+00:00,124329.16302102894,426611.38325498364,8.086020326636756,0.013264416818856262,-0.007023036014288664,0.007904681582690642,0,0.0030395470162066507,-0.014697923062073149,0.007904681582690642,16_P5_1
1598,124,2026-02-09 15:53:38.210000+00:00,124339.67215571903,426609.58818199206,6.670419904416188,0.01438999580568634,-0.0020599119598045945,-0.004010291417005263,0,0.002541378434803242,0.01431281286892739,-0.004010291417005263,17_P5_1
1599,170,2026-02-09 15:53:54.710000+00:00,124669.39773440808,426931.3008260221,13.78896715563286,0.009687591606052592,0.0023290503886528313,0.002777024961472918,0,0.007832692480226106,0.006158151942649188,0.002777024961472918,908_GSL_1
1600,118,2026-02-09 15:53:55.550000+00:00,124372.27097132018,426775.1076831333,6.174436815870356,0.010943958186544478,-0.004981365520507097,0.00890474687999454,0,-0.0035005585462235243,-0.011503491344030833,0.00890474687999454,22_P6_1
1601,107,2026-02-09 15:53:56.530000+00:00,124409.92141692371,426969.5243499775,6.3377947687221265,0.00029470706067513674,-0.0012528718216344714,0.05199453360353523,0,-0.0011468510124838913,0.0005841855939871604,0.05199453360353523,38_P9_0
1602,106,2026-02-09 15:54:09.130000+00:00,124410.03279103023,426969.44962685526,8.972901103261727,0.0005606060003628954,-0.001244358834810555,0.051974652986803704,0,-0.0010730368920413116,0.0008433859292947016,0.051974652986803704,37_P9_0
1603,92,2026-02-09 15:54:12.330000+00:00,124278.32995841122,426395.635516999,11.094930459677498,0.015982608645572327,-0.0027736261836253107,-0.006858523549722051,0,0.0004109450519460331,-0.01621628519385054,-0.006858523549722051,11_P3_0
1604,74,2026-02-09 15:54:12.650000+00:00,124369.35747762598,426785.72041518916,7.238548641770125,0.011164416675455868,-0.006051107542589307,0.008494807013052608,0,-0.012456431018553496,-0.0024692971621893835,0.008494807013052608,21_P6_1
1605,104,2026-02-09 15:54:23.880000+00:00,124389.81626236532,426881.44500868424,10.77473506822077,0.0006029724463587627,-0.0011259118327870965,0.051949803873394984,0,0.0009768578714186673,-0.0008228012672117492,0.051949803873394984,33_P7_0
1606,93,2026-02-09 15:54:26.040000+00:00,124278.28398633476,426395.78846516355,7.941364759613242,0.015862755084526725,-0.00288493896368891,-0.0073607606662760006,0,0.0005168785134716046,-0.016114673695058188,-0.0073607606662760006,12_P3_0
1607,73,2026-02-09 15:54:28.460000+00:00,124369.50077052263,426785.68807669246,11.414603715558632,0.011430958198616281,-0.008389961731154472,0.008549099495557044,0,-0.013410746043468933,-0.004605448267685968,0.008549099495557044,20_P6_1
1608,105,2026-02-09 15:54:36.530000+00:00,124389.68738609465,426881.472944908,7.111427743530449,0.0005131940415594727,-0.0010201992117799819,0.051513970294081446,0,0.0008898884389151353,-0.0007157325773596067,0.051513970294081446,34_P7_0
1609,94,2026-02-09 15:54:39.650000+00:00,124268.23956707589,426351.5533183165,10.207477901463832,0.015344576793722808,-0.0026547039742581546,-0.00701603782712823,0,-0.0001913720756646624,-0.01557134762626711,-0.00701603782712823,07_P2_0
1610,152,2026-02-09 15:54:52.950000+00:00,124370.2846897469,426819.4924981279,9.736297986416522,0.008918085033656098,-0.006671909999568015,0.007377035188643077,0,-0.00854719200352822,0.007140877576648391,0.007377035188643077,29_KW_1
1611,95,2026-02-09 15:54:53.330000+00:00,124268.1255897736,426351.5462704631,7.186301044597977,0.016041871363995597,-0.0029205469181761146,-0.007369813647143175,0,-7.631332709613834e-05,-0.016305379708438483,-0.007369813647143175,08_P2_0
1612,96,2026-02-09 15:55:07.540000+00:00,124258.07783928863,426307.34942376433,9.298858257000163,0.01686109219735954,-0.0029858126072213054,-0.0056873511757284945,0,-0.00037621156018446174,-0.01711928654691205,-0.0056873511757284945,03_P1_0
1613,117,2026-02-09 15:55:09.350000+00:00,124377.69142191799,426815.89958711236,7.626216687293583,0.0114047739043599,-0.006118926161434501,0.008781647121123726,0,-0.00656103791843286,0.011156294483902006,0.008781647121123726,26_KW_0
1614,97,2026-02-09 15:55:21.530000+00:00,124258.00325818866,426307.38903069304,6.830859509083734,0.015387979787192307,-0.002822011592797935,-0.006202681512366581,0,-0.000256978735524151,-0.01564249447148419,-0.006202681512366581,04_P1_0
1615,116,2026-02-09 15:55:24.250000+00:00,124377.69862510754,426815.89407598256,10.013761245728366,0.011265215973253362,-0.005985581025015563,0.008701490451242577,0,-0.006419964301778914,0.01102344453857112,0.008701490451242577,25_KW_0
1616,115,2026-02-09 15:55:39.140000+00:00,124396.30076400432,426811.62791781867,7.655847544184811,0.01067324451287277,-0.005996517778839916,0.009575251411764185,0,0.0003402551011320563,0.012237671362218611,0.009575251411764185,24_KW_0
1617,114,2026-02-09 15:55:53.050000+00:00,124396.30995363682,426811.6234944418,9.999593787634712,0.01093299180502072,-0.006044314010068774,0.008909709984529002,0,0.0004363974370453797,0.012484934879201577,0.008909709984529002,23_KW_0
1618,71,2026-02-09 15:56:07.200000+00:00,124806.21907280269,426258.50098766753,4.609663750413492,-0.008689132795552723,-0.014118464547209442,0.018160087264224245,0,-0.0032357507433091117,0.01625921237442744,0.018160087264224245,903_GSL_1
1619,150,2026-02-09 15:56:08.150000+00:00,124401.11382198888,426812.31530093803,9.190466583937447,0.010641358952852897,-0.006130650988779962,0.008452560693637423,0,0.001462735043462517,0.012193597012461825,0.008452560693637423,27_KW_1
1620,119,2026-02-09 15:56:23.650000+00:00,124400.82498920758,426811.3370655624,3.99276252214546,0.010837820504093543,-0.006063318927772343,0.009228393059277362,0,0.0017554576263877932,0.01229392363002104,0.009228393059277362,28_KW_1
1621,65,2026-02-09 15:56:25.070000+00:00,124372.12273423598,426824.91966236214,5.5765219054215365,-0.001628221754799597,-0.00022037443704903126,0.05188616478364061,0,0.0006353779773267988,0.001515244469132114,0.05188616478364061,30_KW_1
1622,138,2026-02-09 15:56:25.500000+00:00,123928.0950120018,426940.4353910823,7.121125191978223,0.008393123120185919,0.0036699302727356553,0.003189128380295614,0,-0.0022361594408843877,0.008883270505409853,0.003189128380295614,905_GSL_1
1623,169,2026-02-09 15:56:40.950000+00:00,124669.38689888052,426931.3023379483,13.815529733549399,0.007821432198397815,0.00017839536303654313,0.003774520676506299,0,0.007044360776106866,0.0034034699639829474,0.003774520676506299,908_GSL_1
1624,142,2026-02-09 15:56:42.600000+00:00,124266.94732945204,427056.3160349371,7.076205818695891,0.02783850609557703,0.0008805669494904578,-0.006594914558164078,0,-0.0012857835973512381,0.027822734954112565,-0.006594914558164078,906_GSL_1
1625,125,2026-02-09 15:56:57.600000+00:00,124339.6601044258,426609.59006131464,6.676877715630256,0.00223886217281688,-0.0011725318036042154,0.0033617775011416384,0,-0.0008352832163036853,0.002385295916211455,0.0033617775011416384,17_P5_1
1626,62,2026-02-09 15:56:58.660000+00:00,124390.62170515787,426780.87518907245,7.453297416274026,0.011024944848031737,-0.004056135541759431,0.008499542691697393,0,0.011526513984060203,0.0022674037599268114,0.008499542691697393,19_P6_1
1627,72,2026-02-09 15:57:13.950000+00:00,124390.53415746364,426780.88173748215,10.995991859190648,0.01019776078464929,-0.005193449556827545,0.008906537623889932,0,0.010890793545051196,0.003515232464477179,0.008906537623889932,18_P6_1
1628,146,2026-02-09 15:57:14.010000+00:00,124350.92543033363,426607.51165234216,11.383498821470365,-0.0008362413063878193,-0.00021305464906618,0.004177308246282152,0,-0.0003848541958060149,-0.0007723853014968795,0.004177308246282152,13_P5_1
1629,148,2026-02-09 15:57:31.130000+00:00,124351.04239322591,426607.397961558,8.017451077237729,0.0012748112494591624,-0.0004943367093801498,0.001994662025346372,0,-0.00021288191348220104,0.001350627185755041,0.001994662025346372,14_P5_1
1630,128,2026-02-09 15:57:49.910000+00:00,124898.93490415704,426720.78416099865,4.082295791836124,-0.005397242464823648,0.014896963839419186,0.0009038608324445363,0,0.0015727124158478889,-0.015766303736579997,0.0009038608324445363,901_GSL_1
1631,131,2026-02-09 15:58:07.510000+00:00,124806.22264858912,426258.5109246194,4.608787135772477,0.004104092964553274,0.004640554892830551,-0.0027173370000852515,0,0.0022335777036455295,-0.005778361308956616,-0.0027173370000852515,903_GSL_1
1632,3,2026-02-09 15:58:07.710000+00:00,124314.90218499441,426440.7929291878,7.073582412114985,-0.002040005594608374,-0.001270812179427594,0.021382412114984817,11,7.127927845513942e-05,-0.0024023958220655253,0.021382412114984817,TS2
1633,102,2026-02-09 15:58:48.680000+00:00,124282.39582450739,426301.79234922474,6.904536722755485,0.002535561565309763,-0.0012086398783139884,0.0012387389887491551,0,0.0005994062300201192,-0.0027441929557412716,0.0012387389887491551,02_P1_0
1634,103,2026-02-09 15:59:02.810000+00:00,124282.31797411485,426301.7956548021,9.299569036121657,0.006255707688978873,-0.0017893511103466153,0.001617550330543338,0,0.0003139424271181568,-0.006499007327161835,0.001617550330543338,01_P1_0
1635,100,2026-02-09 15:59:16.470000+00:00,124292.48681460353,426345.92895120755,7.588846976133518,0.0030913302180124447,-0.0012837721733376384,0.0003474071644200549,0,0.0005383028892546289,-0.0033037287281574785,0.0003474071644200549,06_P2_0
1636,101,2026-02-09 15:59:29.730000+00:00,124292.4104694985,426345.8815979865,10.217370459776784,0.0051506276649888605,-0.0017955393996089697,0.0017519621765007543,0,0.000559036855527392,-0.005425901295919304,0.0017519621765007543,05_P2_0
1637,98,2026-02-09 15:59:44.270000+00:00,124302.66321773666,426390.077070839,7.9808795169762305,0.0023721031029708683,-0.0008411695598624647,0.0018287218453600929,0,0.00026099220478925715,-0.0025032623571256923,0.0018287218453600929,10_P3_0
1638,99,2026-02-09 15:59:58.270000+00:00,124302.54150109904,426390.13368133997,11.089264306708678,0.0034208078723168,-0.0011349520063959062,0.0015091039593109201,0,0.00029131959831452613,-0.0035923774088706976,0.0015091039593109201,09_P3_0
1639,166,2026-02-09 16:00:14.940000+00:00,124091.05636507526,427154.20522728056,9.836187895882897,-0.01591576043574605,0.01619930099695921,0.00633427682009291,0,0.020221022100292613,-0.010336297608796919,0.00633427682009291,907_GSL_1
1640,134,2026-02-09 16:00:20.150000+00:00,123855.63031237177,426533.0801659158,6.046761769291116,0.015850230352953076,0.00586785381892696,0.0009188503933357239,0,-0.01436184653300922,0.008910604628433573,0.0009188503933357239,904_GSL_1
1641,139,2026-02-09 16:00:21.460000+00:00,123928.097835614,426940.42528670584,7.1396497979116145,0.010965690307784826,-0.0058173067518509924,0.0030479671723586677,0,-0.012271373899647978,-0.0018710436623487813,0.0030479671723586677,905_GSL_1
1642,138,2026-02-09 16:00:30.430000+00:00,123928.08885916162,426940.4310919528,7.11834849945324,0.0022402829490602016,-0.0006291992613114417,0.0004124358553125873,0,-0.0018689663316552117,0.0013862626927909443,0.0004124358553125873,905_GSL_1
1643,137,2026-02-09 16:00:37.140000+00:00,123928.09773865216,426940.42675473995,7.126807227173996,0.008339390275068581,-0.007073831104207784,0.003943536208466547,0,-0.01061787412287377,0.0026163458795758487,0.003943536208466547,905_GSL_1
1644,143,2026-02-09 16:00:37.750000+00:00,124266.92949100908,427056.30805703124,7.112382416032782,0.009923580990289338,-0.00616984476801008,0.006840677810004081,0,-0.009470930021777912,0.006844408568660926,0.006840677810004081,906_GSL_1
1645,142,2026-02-09 16:00:48.240000+00:00,124266.9385233014,427056.3158105763,7.0812137367252985,0.019032355456147343,0.0006562061607837677,-0.0015869965287569343,0,-0.0008250269491729633,0.019025784905431112,-0.0015869965287569343,906_GSL_1
1646,141,2026-02-09 16:00:54.050000+00:00,124266.92751693106,427056.31229224394,7.087642613969436,0.00888817961094901,-0.002226059092208743,0.0035079137063380728,0,-0.002497910394792974,0.008815640619834732,0.0035079137063380728,906_GSL_1
1647,152,2026-02-09 16:00:54.560000+00:00,124370.28486541475,426819.4923881009,9.736626973688479,0.009093752887565643,-0.006781937030609697,0.007706022460599371,0,-0.008694733888098476,0.007286467874245758,0.007706022460599371,29_KW_1
1648,125,2026-02-09 16:01:02.690000+00:00,124339.6605080228,426609.5900540189,6.675428427935915,0.002642459177877754,-0.0011798275518231094,0.0019124898068012541,0,-0.0007839430549793591,0.0027856806789976693,0.0019124898068012541,17_P5_1
1649,122,2026-02-09 16:01:09.250000+00:00,124329.16445498403,426611.38945883693,8.079659680604523,0.014904080977430567,-0.002580071915872395,-0.004004157837874445,0,0.0012833844391076136,0.015071208486857899,-0.004004157837874445,16_P5_1
1650,150,2026-02-09 16:01:11.050000+00:00,124401.113689944,426812.31537312636,9.190225802675892,0.010509314073715359,-0.006058462662622333,0.008211779432082622,0,0.0014414733133766356,0.012044617338097694,0.008211779432082622,27_KW_1
1651,146,2026-02-09 16:01:19.410000+00:00,124350.92771849569,426607.51135996974,11.37984291162913,0.001451920747058466,-0.0005054270732216537,0.0005213984050467246,0,-0.0001873976440784932,0.001525913662393142,0.0005213984050467246,13_P5_1
1652,120,2026-02-09 16:01:24.400000+00:00,124329.27184494217,426611.32980327314,11.351252966162178,0.011593107003136538,-0.0013718169648200274,-0.006778200484694352,0,0.0016208726094955944,0.011560916216067325,-0.006778200484694352,15_P5_1
1653,129,2026-02-09 16:01:29.330000+00:00,124898.95040924603,426720.7658186447,4.091772439291253,0.01073754724347964,-0.006684025400318205,8.769404563935268e-05,0,0.011453042567541786,0.005366463668388335,8.769404563935268e-05,901_GSL_1
1654,148,2026-02-09 16:01:34.320000+00:00,124351.04238326421,426607.3978225626,8.016115700827939,0.0012648495467146859,-0.0006333321216516197,0.0006592856155567262,0,-0.0003508304026673196,0.00137035469156871,0.0006592856155567262,14_P5_1
1655,124,2026-02-09 16:01:38.860000+00:00,124339.67190542293,426609.58826454706,6.669710289465625,0.014139699705992825,-0.0019773569656535983,-0.0047199063675682496,0,0.002541558309859645,0.014049253706259838,-0.0047199063675682496,17_P5_1
1656,154,2026-02-09 16:01:39.060000+00:00,124285.66677608911,426445.56019046897,7.894332693236812,0.0021510891092475504,-0.0036345310509204865,-0.007267306763186987,11,-0.0029287055839182395,-0.003042972875126349,-0.007267306763186987,TS1-1
1657,149,2026-02-09 16:01:46.550000+00:00,124351.05143273521,426607.39065945154,8.020965855715716,0.010121043145773001,-0.006073013937566429,0.00874001174791772,0,0.004404719768195149,-0.010950591600828952,0.00874001174791772,14_P5_1
1658,131,2026-02-09 16:02:02.140000+00:00,124806.22008932669,426258.5029533546,4.610067845954176,0.0015448305348400027,-0.0033307098783552647,-0.0014366268183865216,0,0.0026069429175197317,0.0025853391073399055,-0.0014366268183865216,903_GSL_1
1659,147,2026-02-09 16:02:03.540000+00:00,124350.93738817975,426607.5041414945,11.380361828044816,0.010880834161071107,-0.005851245601661503,0.006142186372372294,0,0.00405752869399578,-0.011669022582422915,0.006142186372372294,13_P5_1
1660,126,2026-02-09 16:02:18.760000+00:00,124339.66761664276,426609.58264331013,6.6762672767192015,0.010796038623084314,-0.0058468509232625365,0.005610087583743706,0,0.0033106430785273715,-0.011822848983074384,0.005610087583743706,17_P5_1
1661,128,2026-02-09 16:02:20.120000+00:00,124898.93203432058,426720.7912399408,4.0820691720320434,-0.008267078927019611,0.0219759059837088,0.0006772410283639729,0,0.002044933115941246,-0.023390239125363952,0.0006772410283639729,901_GSL_1
1662,3,2026-02-09 16:02:20.320000+00:00,124314.90209881504,426440.7930455081,7.0731650084828335,-0.0021261849615257233,-0.0011544919107109308,0.020965008482833447,11,0.00021585842830124533,-0.002409755008594532,0.020965008482833447,TS2
1663,121,2026-02-09 16:02:34.030000+00:00,124329.27274130817,426611.3207136502,11.36013046417479,0.013198538465076126,-0.00700284237973392,0.005830942100669034,0,0.003048625471106018,-0.014626930701497669,0.005830942100669034,15_P5_1
1664,4,2026-02-09 16:02:34.230000+00:00,124378.97039228883,426782.7425956656,7.758316332223419,0.0033922888251254335,-0.0007793343393132091,-0.0061336677765808645,11,-0.003344982777530875,0.000962328272226003,-0.0061336677765808645,TS3
1665,125,2026-02-09 16:02:35.660000+00:00,124339.6579685232,426609.59047569253,6.674842825465475,0.00010295957326889038,-0.0007581539102829993,0.0013268873363605493,0,-0.0007351926371517385,0.00021187215881985627,0.0013268873363605493,17_P5_1
1666,146,2026-02-09 16:02:52.020000+00:00,124350.92701674225,426607.5114118404,11.377774693070675,0.0007501673098886386,-0.0004535564221441746,-0.0015468201534076798,0,-0.00028489950871179586,0.0008290335884809244,-0.0015468201534076798,13_P5_1
1667,148,2026-02-09 16:03:07.930000+00:00,124351.03890391087,426607.3986246566,8.016755461700274,-0.002214503794675693,0.00016876187874004245,0.0012990464878921415,0,-0.0003044811353862676,-0.0021999542873757175,0.0012990464878921415,14_P5_1
1668,168,2026-02-09 16:03:23.820000+00:00,124669.37752534417,426931.308631128,13.795830306740363,0.0007933728193165734,0.0008905556169338524,-0.005509713194864929,0,0.001186501711812368,0.00012142250676494597,-0.005509713194864929,908_GSL_1
1669,68,2026-02-09 16:06:21.310000+00:00,123928.0799233035,426940.42379422876,7.119141650018508,-0.029027058350038715,-0.023940776474773884,0.0003283689782822563,0,-0.0011625220854824367,-0.03760823629303034,0.0003283689782822563,905_GSL_1
1670,67,2026-02-09 16:06:21.350000+00:00,123855.6306902139,426533.08153775573,6.0475560900596665,0.01269573975878302,-0.00956494896672666,0.0031479417220907635,0,-0.01434832948436045,-0.006840723482721833,0.0031479417220907635,904_GSL_1
1671,68,2026-02-09 16:06:23.530000+00:00,123928.09798804231,426940.4257221402,7.139547390406814,-0.010962319545797072,-0.022012865054421127,0.020734109366587816,0,0.003079410751234353,-0.02439786685662297,0.020734109366587816,905_GSL_1
1672,69,2026-02-09 16:06:37.810000+00:00,124266.92344488633,427056.3142841285,7.0841502987214655,-0.019152310327626765,-0.0005542555591091514,-0.006351072205966979,0,0.0009352790718230061,-0.019137487901193618,-0.006351072205966979,906_GSL_1
1673,68,2026-02-09 16:06:38.370000+00:00,123928.09774903985,426940.4266405831,7.127924283355501,-0.011201322005945258,-0.021094422147143632,0.009111002315274952,0,-0.010538209616903084,-0.02143339446921529,0.009111002315274952,905_GSL_1
1674,69,2026-02-09 16:06:42.750000+00:00,124266.9300248646,427056.30806266784,7.113689353781115,-0.012572332052513957,-0.006775716203264892,0.023187982853682954,0,-0.0015056428800516838,-0.014202355537853777,0.023187982853682954,906_GSL_1
1675,69,2026-02-09 16:06:55.260000+00:00,124266.9273169494,427056.31223872025,7.089665999808291,-0.015280247258488089,-0.0025996637996286154,-0.0008353711191411151,0,-0.002129878763444118,-0.015352779051515789,-0.0008353711191411151,906_GSL_1
1676,66,2026-02-09 16:06:55.450000+00:00,124898.94053296238,426720.77332335984,4.086053670637199,0.002927298701251857,-0.0008817949565127492,0.003767140233434496,0,0.0022584657863686177,0.002060575726219376,0.003767140233434496,901_GSL_1
1677,66,2026-02-09 16:07:01.650000+00:00,124898.95023353223,426720.76571731473,4.089992035024704,0.01262786854931619,-0.008487840066663921,0.00770550462093933,0,0.013543513161573267,0.006933955893886696,0.00770550462093933,901_GSL_1
1678,71,2026-02-09 16:07:12.030000+00:00,124806.22186536867,426258.50844778196,4.610906816581453,-0.0058965668140444905,-0.006658350117504597,0.019403153432185682,0,-0.003212404165938269,0.008293587037852001,0.019403153432185682,903_GSL_1
1679,66,2026-02-09 16:07:12.130000+00:00,124898.95288515816,426720.77230242454,4.078452541897077,0.01527949447336141,-0.0019027302623726428,-0.003833988506687369,0,0.013161045976143277,0.007991883546866372,-0.003833988506687369,901_GSL_1
1680,149,2026-02-09 16:07:41.950000+00:00,124351.05159453575,426607.390582158,8.020359727972385,0.010282843679306097,-0.006150307483039796,0.0081338840045877,0,0.004455589640655327,-0.01112253915358654,0.0081338840045877,14_P5_1
1681,164,2026-02-09 16:07:51.470000+00:00,124091.07273261703,427154.2048853181,9.830058878256288,-0.02259583433624357,0.010154376679565758,0.015425346626891212,0,0.015775073167114174,-0.0191005277852123,0.015425346626891212,907_GSL_1
1682,102,2026-02-09 16:07:55.160000+00:00,124282.39442080655,426301.79299026256,6.904415689387039,0.001131860728492029,-0.0005676020518876612,0.001117705620303333,0,0.0002949057748193161,-0.0012313859597980678,0.001117705620303333,02_P1_0
1683,147,2026-02-09 16:07:57.770000+00:00,124350.9367891376,426607.504185087,11.380282903788956,0.010281792012392543,-0.005807653127703816,0.006063262116512647,0,0.004109186197215719,-0.011070621962402962,0.006063262116512647,13_P5_1
1684,122,2026-02-09 16:08:07.370000+00:00,124329.16526669364,426611.3891430927,8.079241584600759,0.01571579059236683,-0.0028958161710761487,-0.00442225384163919,0,0.0011837793453563583,0.015936451665954362,-0.00442225384163919,16_P5_1
1685,103,2026-02-09 16:08:09.340000+00:00,124282.31648582409,426301.7959996373,9.299038531661106,0.0047674169327365234,-0.0014445159467868507,0.0010870458699923091,0,0.0003179850571392495,-0.004971295206935572,0.0010870458699923091,01_P1_0
1686,126,2026-02-09 16:08:12.450000+00:00,124339.66790835824,426609.5822669085,6.676670707972882,0.011087754101026803,-0.006223252566996962,0.006013518837423959,0,0.0036130909037801672,-0.012190682410697606,0.006013518837423959,17_P5_1
1687,120,2026-02-09 16:08:23.570000+00:00,124329.2725286544,426611.3296758088,11.351223293721231,0.01227681923774071,-0.0014992813230492175,-0.006807872925641334,0,0.0016714344848556843,0.012254568203108579,-0.006807872925641334,15_P5_1
1688,100,2026-02-09 16:08:24.550000+00:00,124292.48542762529,426345.929343828,7.587812729580668,0.0017043519765138626,-0.0008911517215892673,-0.0006868393884298385,0,0.00047523348312928835,-0.001863630914975127,-0.0006868393884298385,06_P2_0
1689,121,2026-02-09 16:08:27.610000+00:00,124329.27265145112,426611.32074806775,11.360528806623662,0.013108681407175027,-0.006968424830120057,0.006229284549540637,0,0.0030406037492026966,-0.014531042691017893,0.006229284549540637,15_P5_1
1690,124,2026-02-09 16:08:38.750000+00:00,124339.67218991199,426609.5882181497,6.668982791682357,0.014424188761040568,-0.002023754292167723,-0.0054474041508365545,0,0.0025864123961617616,0.014333990155088606,-0.0054474041508365545,17_P5_1
1691,101,2026-02-09 16:08:39.010000+00:00,124292.40966445555,426345.8817011188,10.21724470151723,0.00434558471897617,-0.001692407124210149,0.0016262039169454567,0,0.0006443829058814971,-0.004618778961423049,0.0016262039169454567,05_P2_0
1692,123,2026-02-09 16:08:42.940000+00:00,124329.16265104074,426611.3832334536,8.086779814652283,0.012894428611616604,-0.00704456603853032,0.008664169598217697,0,0.0031635400632892803,-0.014348665936568993,0.008664169598217697,16_P5_1
1693,98,2026-02-09 16:08:52.410000+00:00,124302.66334079359,426390.07702284656,7.980817623787527,0.0024951600353233516,-0.0008891620091162622,0.0017668286566561164,0,0.00027876532196363576,-0.0026341455114706567,0.0017668286566561164,10_P3_0
1694,170,2026-02-09 16:08:54.820000+00:00,124669.39563059041,426931.3023535244,13.789303788991049,0.00758377394231502,0.003856552706565708,0.003113658319660928,0,0.007727224888833369,0.003560424343255972,0.003113658319660928,908_GSL_1
1695,118,2026-02-09 16:08:59.530000+00:00,124372.2710270905,426775.1075490415,6.174486656708336,0.0109997285035206,-0.005115457286592573,0.008954587717973972,0,-0.0034368537520770978,-0.011634000459384132,0.008954587717973972,22_P6_1
1696,99,2026-02-09 16:09:06.010000+00:00,124302.54106891021,426390.13393963577,11.08945478148826,0.0029886190459365025,-0.0008766562095843256,0.0016995787388935923,0,0.000142887260329115,-0.003111262306905801,0.0016995787388935923,09_P3_0
1697,92,2026-02-09 16:09:11.930000+00:00,124278.3300558223,426395.63551382686,11.094570886168075,0.016080019719083793,-0.002776798326522112,-0.007218097059144668,0,0.00039986417452020026,-0.016313115942524128,-0.007218097059144668,11_P3_0
1698,74,2026-02-09 16:09:17.250000+00:00,124369.35745458868,426785.7203674069,7.2385977554510355,0.011141379378386773,-0.006098889803979546,0.008543920693963258,0,-0.012448594808278132,-0.0025217610103930236,0.008543920693963258,21_P6_1
1699,166,2026-02-09 16:09:23.130000+00:00,124091.06386498825,427154.20765328495,9.830971466706725,-0.008415847449214198,0.018625305383466184,0.0011178476439202,0,0.020290539219902606,-0.002454079681146009,0.0011178476439202,907_GSL_1
1700,93,2026-02-09 16:09:25.730000+00:00,124278.28387326241,426395.7884655626,7.941226971624854,0.015749682730529457,-0.0028845398919656873,-0.007498548654663928,0,0.0005331394033937297,-0.016002775974099874,-0.007498548654663928,12_P3_0
1701,73,2026-02-09 16:09:33.180000+00:00,124369.50068540339,426785.68807779223,11.414542775202996,0.011345838953275234,-0.008388861955609173,0.008488159139920626,0,-0.0133291607606335,-0.0046297451205344715,0.008488159139920626,20_P6_1
1702,125,2026-02-09 16:09:38.440000+00:00,124339.6608694851,426609.59015134134,6.674850218353685,0.0030039214761927724,-0.0010825050994753838,0.0013342802245706054,0,-0.0006352051556546575,0.0031291973309064604,0.0013342802245706054,17_P5_1
1703,94,2026-02-09 16:09:39.940000+00:00,124268.23938169345,426351.55326615786,10.207291485828188,0.015159194357693195,-0.0027068626368418336,-0.007202453462772596,0,-0.00010624479448746835,-0.015398603539045085,-0.007202453462772596,07_P2_0
1704,146,2026-02-09 16:09:53.420000+00:00,124350.92759052703,426607.5113414147,11.379651926787869,0.001323952092207037,-0.0005239821039140224,0.0003304135637858252,0,-0.00023255973923002322,0.0014047499262754275,0.0003304135637858252,13_P5_1
1705,95,2026-02-09 16:09:54.150000+00:00,124268.12537327093,426351.5462316286,7.185940351780419,0.015825368696823716,-0.0029593813815154135,-0.007730506464701747,0,1.635181283541294e-06,-0.016099696577198286,-0.007730506464701747,08_P2_0
1706,152,2026-02-09 16:09:57.850000+00:00,124370.28464623904,426819.49248085805,9.736808356048613,0.008874577179085463,-0.006689179863315076,0.007887404820733579,0,-0.008553972664600416,0.007094561227066354,0.007887404820733579,29_KW_1
1707,96,2026-02-09 16:10:07.820000+00:00,124258.07741671058,426307.3495094582,9.298488793027913,0.016438514154287986,-0.0029001187649555504,-0.0060568151479785115,0,-0.0003774346789742303,-0.016688108925659653,-0.0060568151479785115,03_P1_0
1708,148,2026-02-09 16:10:13.420000+00:00,124351.0429920374,426607.39784398506,8.016119031032808,0.001873622735729441,-0.0006119096651673317,0.0006626158204259269,0,-0.00020085316619503527,0.001960753324566071,0.0006626158204259269,14_P5_1
1709,117,2026-02-09 16:10:14.160000+00:00,124377.69142886043,426815.89950460504,7.626180910351879,0.011411716346628964,-0.0062014334835112095,0.008745870179419413,0,-0.006643753884095194,0.011159999173561919,0.008745870179419413,26_KW_0
1710,97,2026-02-09 16:10:25.150000+00:00,124258.00350472087,426307.3890929661,6.830259768882751,0.01563451199035626,-0.0027597385342232883,-0.006802421713349105,0,-0.0003664847165683818,-0.01587198194638566,-0.006802421713349105,04_P1_0
1711,116,2026-02-09 16:10:29.450000+00:00,124377.69866056944,426815.8940244387,10.014060031374836,0.01130067787016742,-0.006037124898284674,0.009000276097712145,0,-0.006472850742743301,0.01105687119509619,0.009000276097712145,25_KW_0
1712,168,2026-02-09 16:10:31.210000+00:00,124669.37212230387,426931.3122658885,13.806456159762451,-0.004609667477780022,0.00452531612245366,0.00511613982722281,0,0.0009678519321661848,-0.006386766231923949,0.00511613982722281,908_GSL_1
1713,115,2026-02-09 16:10:45.110000+00:00,124396.3007478015,426811.6280647007,7.655833067959918,0.01065704169741366,-0.0058496357523836195,0.009560775186871595,0,0.00045793570403373184,0.01214829498600315,0.009560775186871595,24_KW_0
1714,114,2026-02-09 16:10:58.860000+00:00,124396.30993131147,426811.62346491177,9.999661104860087,0.010910666445852257,-0.006073844037018716,0.008977027209903454,0,0.0003995911287100944,0.012480967534952182,0.008977027209903454,23_KW_0
1715,150,2026-02-09 16:11:13.430000+00:00,124401.11374869167,426812.31526302884,9.19030131657841,0.010568061741651036,-0.0061685601831413805,0.00828729333460032,0,0.0013884811298507914,0.012157597783297234,0.00828729333460032,27_KW_1
1716,119,2026-02-09 16:11:28.650000+00:00,124400.8249600652,426811.33715944097,3.992643637627666,0.010808678125613369,-0.005969440331682563,0.00910950854148318,0,0.0018124034753881117,0.012213800978361833,0.00910950854148318,28_KW_1
1717,169,2026-02-09 16:11:45.790000+00:00,124669.38708542335,426931.3017439892,13.816919269670557,0.008007975033251569,-0.00041556369978934526,0.005164056797664074,0,0.006939912503866385,0.004017209449411628,0.005164056797664074,908_GSL_1
1718,62,2026-02-09 16:12:03.650000+00:00,124390.62183093587,426780.87531510537,7.453224708486473,0.011150722843012773,-0.003930102626327425,0.008426834904144087,0,0.01163085095063011,0.0021231186352578747,0.008426834904144087,19_P6_1
1719,72,2026-02-09 16:12:18.960000+00:00,124390.53406902599,426780.8817443211,10.995960228746721,0.010109323135111481,-0.0051866106223315,0.008874907179963643,0,0.010802387351679796,0.0035224666786288425,0.008874907179963643,18_P6_1
1720,139,2026-02-09 16:15:20.420000+00:00,123928.09835748927,426940.42677821906,7.139477358653904,0.011487565585412085,-0.004325793532188982,0.0028755279146484014,0,-0.012271595269886791,-0.00029086473551161,0.0028755279146484014,905_GSL_1
1721,134,2026-02-09 16:15:20.850000+00:00,123855.63013796537,426533.0795731417,6.0474039725772,0.015675823960918933,0.005275079747661948,0.0015610536794197216,0,-0.01430914392014772,0.008294957713600046,0.0015610536794197216,904_GSL_1
1722,138,2026-02-09 16:15:21.570000+00:00,123928.10018121362,426940.4393412255,7.169773175834816,0.013562334948801436,0.007620073447469622,0.05183711223688903,0,-0.002277151723645557,0.015388860537278596,0.05183711223688903,905_GSL_1
1723,143,2026-02-09 16:15:38.250000+00:00,124266.929755457,427056.3079947131,7.108800668412364,0.010188028900302015,-0.0062321629375219345,0.003258930189586451,0,-0.009628835757182862,0.007065501377425942,0.003258930189586451,906_GSL_1
1724,137,2026-02-09 16:15:38.650000+00:00,123928.09715462498,426940.42614673276,7.126196361109681,0.007755363098112866,-0.007681838294956833,0.003332670144151173,0,-0.01076863027881142,0.0017868682916493805,0.003332670144151173,905_GSL_1
1725,142,2026-02-09 16:15:41.100000+00:00,124266.93415422224,427056.31506935396,7.071643213659379,0.014663276291685179,-8.501618867740035e-05,-0.01115751959467648,0,-0.0012244300095106914,0.014612312291709464,-0.01115751959467648,906_GSL_1
1726,141,2026-02-09 16:15:54.680000+00:00,124266.92809844456,427056.31225822424,7.086227283841598,0.009469693119172007,-0.0022600787924602628,0.0020925835785003954,0,-0.0025497687261713886,0.009395835426531302,0.0020925835785003954,906_GSL_1
1727,152,2026-02-09 16:15:54.850000+00:00,124370.28474087606,426819.4924030408,9.736758196081114,0.008969214191893116,-0.006766997103113681,0.007837244853234893,0,-0.008651501261674948,0.007168722266404427,0.007837244853234893,29_KW_1
1728,125,2026-02-09 16:15:56.140000+00:00,124339.66194147182,426609.58984235046,6.674776315577361,0.0040759081894066185,-0.0013914959854446352,0.0012603774482471408,0,-0.0007853896268400617,0.004234672570581167,0.0012603774482471408,17_P5_1
1729,150,2026-02-09 16:16:12.130000+00:00,124401.11378476839,426812.3153104771,9.19005372066312,0.010604138456983492,-0.006121111917309463,0.008039697419309988,0,0.0014480851447540815,0.012158076037459492,0.008039697419309988,27_KW_1
1730,122,2026-02-09 16:16:13.270000+00:00,124329.16470254179,426611.3893436393,8.07845255010002,0.015151638741372153,-0.00269526953343302,-0.005211288342378495,0,0.0012347233342440585,0.015339885680629273,-0.005211288342378495,16_P5_1
1731,146,2026-02-09 16:16:14.870000+00:00,124350.9275399533,426607.5113510389,11.379702064469354,0.0012733783660223708,-0.0005143579328432679,0.00038055124527147655,0,-0.00023383325210808,0.0013532843590100205,0.00038055124527147655,13_P5_1
1732,66,2026-02-09 16:16:17.860000+00:00,124898.91755481153,426720.8442641365,4.129977374393475,-0.020050852152053267,0.07005898171337321,0.04769084398971035,0,-0.04553615047542754,-0.05689250030203877,0.04769084398971035,901_GSL_1
1733,120,2026-02-09 16:16:28.370000+00:00,124329.27205938382,426611.32979484374,11.351432259181998,0.011807548653450795,-0.001380246365442872,-0.006598907464875126,0,0.0016672431282668547,0.011770453924304402,-0.006598907464875126,15_P5_1
1734,129,2026-02-09 16:16:29.330000+00:00,124898.9505285406,426720.7670709769,4.094662858998671,0.010856841821805574,-0.005431693221908063,0.002978113753057343,0,0.011423307481878505,0.004108813913416764,0.002978113753057343,901_GSL_1
1735,148,2026-02-09 16:16:29.880000+00:00,124351.04389040603,426607.3975055831,8.014408025057628,0.002771991363260895,-0.0009503116016276181,-0.0010483901547537755,0,-0.00034113823469622865,0.0029104386203817087,-0.0010483901547537755,14_P5_1
1736,71,2026-02-09 16:16:33.570000+00:00,124806.20404428738,426258.58355108334,4.6257656427557805,-0.0237176481023198,0.06844495126279071,0.034261979606513115,0,-0.07113117299466865,-0.013696510989072765,0.034261979606513115,903_GSL_1
1737,124,2026-02-09 16:16:43.450000+00:00,124339.67175856091,426609.5884707599,6.669703658706744,0.013992837688419968,-0.0017711441032588482,-0.004726537126448882,0,0.0026915313532703744,0.013845292231778187,-0.004726537126448882,17_P5_1
1738,149,2026-02-09 16:16:46.100000+00:00,124351.05112534412,426607.39070551225,8.018988756360503,0.00981365205370821,-0.006026953225955367,0.0067629123927055446,0,0.004407603549290685,-0.01063978208288992,0.0067629123927055446,14_P5_1
1739,67,2026-02-09 16:16:50.500000+00:00,123855.5959746753,426533.1426196985,6.06540578739341,-0.02201979883830063,0.05151699378620833,0.020997639055834405,0,-0.010708328079214442,0.05499276224554793,0.020997639055834405,904_GSL_1
1740,128,2026-02-09 16:16:54.880000+00:00,124898.94131619917,426720.77117649745,4.070389157871529,0.0010147996654268354,0.0019124626414850354,-0.0110027731321507,0,0.0017418008991022084,-0.001285869878297596,-0.0110027731321507,901_GSL_1
1741,127,2026-02-09 16:16:59.820000+00:00,124898.95354902692,426720.77043143613,4.0766265283349465,0.01319560268893838,0.0022599175572395325,2.6825618446579824e-05,0,0.012964192097592649,0.0033407904673226053,2.6825618446579824e-05,901_GSL_1
1742,154,2026-02-09 16:17:00.020000+00:00,124285.66536235865,426445.5612021814,7.8947868080126735,0.0007373586413450539,-0.00262281863251701,-0.006813191987325773,11,-0.0013203247655909395,-0.002383194884689847,-0.006813191987325773,TS1-1
1743,147,2026-02-09 16:17:01.340000+00:00,124350.93741696686,426607.5040290629,11.380045445705822,0.010909621269092895,-0.00596367719117552,0.00582580403337829,0,0.004163995529963829,-0.011715221854580155,0.00582580403337829,13_P5_1
1744,131,2026-02-09 16:17:12.080000+00:00,124806.22137633282,426258.50692618295,4.604626886824307,0.0028318366676103324,0.0006421184516511858,-0.0068775859482554935,0,0.0024316285545620494,-0.0015870720180923695,-0.0068775859482554935,903_GSL_1
1745,3,2026-02-09 16:17:12.280000+00:00,124314.90202737022,426440.7929897355,7.045953194475066,-0.00219762978667859,-0.0012102645123377442,-0.0062468055249338406,11,0.000208972951075795,-0.002500129431617446,-0.0062468055249338406,TS2
1746,126,2026-02-09 16:17:15.950000+00:00,124339.66822024986,426609.58240582887,6.6759313918952286,0.011399645722121932,-0.0060843321844004095,0.005274202759770752,0,0.003408545311787613,-0.012464061921280486,0.005274202759770752,17_P5_1
1747,121,2026-02-09 16:17:31.350000+00:00,124329.27271957845,426611.32073559484,11.360875780709891,0.013176808744901791,-0.006980897742323577,0.006576258635769605,0,0.0030336032915858455,-0.014599947707364511,0.006576258635769605,15_P5_1
1748,123,2026-02-09 16:17:46.570000+00:00,124329.1627052116,426611.38326463004,8.084048252331025,0.012948599469382316,-0.00701338960789144,0.00593260727695899,0,0.003118476628960397,-0.014391975733901009,0.00593260727695899,16_P5_1
1749,4,2026-02-09 16:17:46.770000+00:00,124378.97036935305,426782.7427097155,7.7596470776228905,0.0033693530422169715,-0.0006652844604104757,-0.004802922377109553,11,-0.0032696478286252657,0.0010509740306622734,-0.004802922377109553,TS3
1750,67,2026-02-09 16:21:21.050000+00:00,123855.63092462505,426533.0826247986,6.044474695244105,0.012930150900501758,-0.008477906114421785,6.654690652929673e-05,0,-0.014361229342167119,-0.005728768294875862,6.654690652929673e-05,904_GSL_1
1751,68,2026-02-09 16:21:21.890000+00:00,123928.0931292803,426940.4338914783,7.121578453244871,-0.015821081557078287,-0.013843526947312057,0.0027651722046453386,0,-0.0012620387159864726,-0.02098468770928052,0.0027651722046453386,905_GSL_1
1752,68,2026-02-09 16:21:22.720000+00:00,123928.09847793235,426940.4268258471,7.141037339625247,-0.010472429508809,-0.020909158105496317,0.022224058585020856,0,0.0029814123561529206,-0.023194306475085528,0.022224058585020856,905_GSL_1
1753,68,2026-02-09 16:21:38.150000+00:00,123928.09951918515,426940.42785160337,7.123777850580863,-0.009431176702491939,-0.019883401866536587,0.004964569540637065,0,-0.010593297353378885,-0.019289344596504915,0.004964569540637065,905_GSL_1
1754,69,2026-02-09 16:21:39.630000+00:00,124266.92922305383,427056.3077302277,7.111992499522281,-0.01337414282897953,-0.007108156336471438,0.021491128594848696,0,-0.0015094158487398651,-0.015070343284385944,0.021491128594848696,906_GSL_1
1755,69,2026-02-09 16:21:42.220000+00:00,124266.94542498444,427056.3157468942,7.0746791453386,0.0028277877863729373,0.0009085101773962379,-0.015822225588832062,0,0.0006860860486136539,0.002889820139920511,-0.015822225588832062,906_GSL_1
1756,69,2026-02-09 16:21:54.970000+00:00,124266.92856959505,427056.3122711025,7.085015388461401,-0.014027601602720097,-0.0025672815390862525,-0.0054859824660313805,0,-0.0021359235948760235,-0.014099729487561823,-0.0054859824660313805,906_GSL_1
1757,66,2026-02-09 16:21:56.770000+00:00,124898.95042468015,426720.7668205462,4.0913104515264545,0.012819016468711197,-0.007384608616121113,0.009023921122690126,0,0.01360277311652472,0.00581585687398954,0.009023921122690126,901_GSL_1
1758,66,2026-02-09 16:22:02.290000+00:00,124898.94198290996,426720.76964738057,4.090088472616702,0.004377246281364933,-0.004557774227578193,0.007801942212937618,0,0.0019768643565828744,0.006002132807008798,0.007801942212937618,901_GSL_1
1759,66,2026-02-09 16:22:12.450000+00:00,124898.95289707462,426720.77202411066,4.077909657726305,0.015291410934878513,-0.002181044139433652,-0.004376872677458898,0,0.013057966622952746,0.008250679341201675,-0.004376872677458898,901_GSL_1
1760,71,2026-02-09 16:22:21.100000+00:00,124806.22009596732,426258.5033472825,4.614201774081467,-0.007665968165383674,-0.011758849606849253,0.022698110932199533,0,-0.003097217663910934,0.013691050169053245,0.022698110932199533,903_GSL_1
1761,149,2026-02-09 16:22:38.130000+00:00,124351.05150072643,426607.39059791446,8.020913432744546,0.01018903436488472,-0.006134551018476486,0.008687588776748356,0,0.004454791184452841,-0.011027419144569318,0.008687588776748356,14_P5_1
1762,164,2026-02-09 16:22:49.470000+00:00,124091.07243563267,427154.20474257495,9.833457646360628,-0.02289281869889237,0.010011633508838713,0.018824114731231134,0,0.015716063458078678,-0.019424708566084133,0.018824114731231134,907_GSL_1
1763,147,2026-02-09 16:22:53.520000+00:00,124350.93697230007,426607.5041427438,11.379651676577145,0.010464954480994493,-0.0058499962906353176,0.005432034904702121,0,0.004122040973603753,-0.011258175123067926,0.005432034904702121,13_P5_1
1764,102,2026-02-09 16:23:04.650000+00:00,124282.39680629033,426301.79238211527,6.90332619395032,0.0035173445066902786,-0.0011757493484765291,2.8210183583787796e-05,0,0.0003437803890566592,-0.0036926838415016405,2.8210183583787796e-05,02_P1_0
1765,122,2026-02-09 16:23:05.270000+00:00,124329.16504732583,426611.38925232744,8.0792247008306,0.01549642278405372,-0.00278658140450716,-0.00443913761179715,0,0.0012338204268667384,0.015696555105510598,-0.00443913761179715,16_P5_1
1766,126,2026-02-09 16:23:08.160000+00:00,124339.66787878382,426609.5824784878,6.67670712246504,0.0110581796761835,-0.006011673249304295,0.00604993332958248,0,0.003413315642601045,-0.012114983670279281,0.00604993332958248,17_P5_1
1767,103,2026-02-09 16:23:17.820000+00:00,124282.31552234375,426301.7961260283,9.299237265451877,0.00380393658997491,-0.001318124937824905,0.0012857796607637084,0,0.0004148908237144348,-0.004004404142524005,0.0012857796607637084,01_P1_0
1768,120,2026-02-09 16:23:20.370000+00:00,124329.27216728231,426611.32996116695,11.352013053859778,0.011915447146748193,-0.0012139231548644602,-0.0060181127870944096,0,0.0018555342395893037,0.011832518025280058,-0.0060181127870944096,15_P5_1
1769,121,2026-02-09 16:23:23.040000+00:00,124329.27286855555,426611.3207293758,11.360156915825158,0.013325785839697346,-0.006987116765230894,0.005857393751036,0,0.002998072630405463,-0.014744759388991825,0.005857393751036,15_P5_1
1770,100,2026-02-09 16:23:31.300000+00:00,124292.48589006296,426345.92925579665,7.582515233077498,0.002166789650800638,-0.0009791830671019852,-0.005984335891600523,0,0.0004545375206297447,-0.0023339178460382373,-0.005984335891600523,06_P2_0
1771,124,2026-02-09 16:23:35.150000+00:00,124339.67196220411,426609.58835457405,6.670174051916215,0.014196480886312202,-0.0018873299704864621,-0.004256143916978594,0,0.0026448229264898317,0.01407504869122796,-0.004256143916978594,17_P5_1
1772,123,2026-02-09 16:23:38.060000+00:00,124329.1626303422,426611.3833400483,8.084890198781205,0.012873730069259182,-0.006937971338629723,0.006774553727138866,0,0.0030669659802683162,-0.014299024157881276,0.006774553727138866,16_P5_1
1773,101,2026-02-09 16:23:44.750000+00:00,124292.40880654745,426345.88190043013,10.215585204054886,0.003487676614895463,-0.001493095769546926,-3.329354539793883e-05,0,0.0006483378360641231,-0.0037380317277218625,-3.329354539793883e-05,05_P2_0
1774,170,2026-02-09 16:23:51.550000+00:00,124669.39386342237,426931.3036921648,13.788778911045664,0.005816605902509764,0.005195193050894886,0.002588780374276567,0,0.0076822372326437495,0.001343936814943336,0.002588780374276567,908_GSL_1
1775,118,2026-02-09 16:23:54.830000+00:00,124372.27097704257,426775.10753776337,6.174428543926711,0.010949680581688881,-0.005126735428348184,0.00889647493634893,0,-0.0033952972190387887,-0.01160391648486331,0.00889647493634893,22_P6_1
1776,98,2026-02-09 16:23:58.150000+00:00,124302.66569365343,426390.07650341553,7.980653561648059,0.004848019874771126,-0.0014085930306464434,0.001602766517188492,0,0.0002315203143697181,-0.005043196345195746,0.001602766517188492,10_P3_0
1777,92,2026-02-09 16:24:08.250000+00:00,124278.32994700571,426395.63537581294,11.094538038740284,0.015971203130902722,-0.002914812241215259,-0.007250944486935751,0,0.0005522837359424798,-0.016225610698063376,-0.007250944486935751,11_P3_0
1778,99,2026-02-09 16:24:11.250000+00:00,124302.5415422555,426390.13379652,11.08975576178851,0.0034619643265614286,-0.001019771967548877,0.0020005590391427575,0,0.0001696650029803499,-0.003605044472811135,0.0020005590391427575,09_P3_0
1779,74,2026-02-09 16:24:13.460000+00:00,124369.35739810209,426785.72051516,7.238551324977836,0.01108489278703928,-0.005951136699877679,0.008497490220763737,0,-0.012350844855745278,-0.0023973959769084474,0.008497490220763737,21_P6_1
1780,93,2026-02-09 16:24:21.740000+00:00,124278.28397402038,426395.7883996243,7.940853156237986,0.015850440700887702,-0.002950478228740394,-0.00787236404153191,0,0.0005835167769828423,-0.016112147602402607,-0.00787236404153191,12_P3_0
1781,166,2026-02-09 16:24:28.630000+00:00,124091.05488203047,427154.204588938,9.826811919386108,-0.017398805226548575,0.01556095841806382,-0.003041699676696652,0,0.020055929731170596,-0.011942425751011922,-0.003041699676696652,907_GSL_1
1782,73,2026-02-09 16:24:29.260000+00:00,124369.5006873541,426785.6881552564,11.414630060950284,0.011347789666615427,-0.008311397803481668,0.008575444887208405,0,-0.013307955769783797,-0.004555214264438271,0.008575444887208405,20_P6_1
1783,94,2026-02-09 16:24:35.260000+00:00,124268.23963106117,426351.5532242121,10.207466298177456,0.01540856207429897,-0.002748808416072279,-0.0070276411135044015,0,-0.00011053104647996364,-0.015651438138189044,-0.0070276411135044015,07_P2_0
1784,125,2026-02-09 16:24:43.230000+00:00,124339.65836940789,426609.59021525405,6.675065312842391,0.0005038442614022642,-0.0010185923893004656,0.0015493747132770963,0,-0.0009347100274181144,0.0006463022976385373,0.0015493747132770963,17_P5_1
1785,95,2026-02-09 16:24:49.190000+00:00,124268.12552968155,426351.54620026966,7.18622982284988,0.015981779317371547,-0.0029907403513789177,-0.007441035395240547,0,3.725246062289795e-06,-0.01625920613440499,-0.007441035395240547,08_P2_0
1786,152,2026-02-09 16:24:53.960000+00:00,124370.28455119362,426819.49236946995,9.736547702039038,0.008779531752225012,-0.006800567964091897,0.007626750811159155,0,-0.008640464584068565,0.006976408402180667,0.007626750811159155,29_KW_1
1787,96,2026-02-09 16:25:03.630000+00:00,124258.07774902452,426307.34934392915,9.29876438242691,0.016770828093285672,-0.003065647790208459,-0.0057812257489811,0,-0.0002802359265322866,-0.01704641719346416,-0.0057812257489811,03_P1_0
1788,146,2026-02-09 16:25:07.590000+00:00,124350.92420916403,426607.51191724907,11.381667346667431,-0.00205741090758238,5.185225745663047e-05,0.0023458334433481554,0,-0.0003838197494035383,-0.002021957145740262,0.0023458334433481554,13_P5_1
1789,117,2026-02-09 16:25:08.880000+00:00,124377.69143260484,426815.899604634,7.626134111426934,0.011415460758144036,-0.00610140454955399,0.008699071254474333,0,-0.006543948441594025,0.011167659584344593,0.008699071254474333,26_KW_0
1790,97,2026-02-09 16:25:18.450000+00:00,124258.00376533973,426307.3887726784,6.831978021443197,0.015895130854914896,-0.0030800262466073036,-0.005084169152903328,0,-0.00010365775795796117,-0.016190460204820387,-0.005084169152903328,04_P1_0
1791,116,2026-02-09 16:25:22.670000+00:00,124377.69861966447,426815.8940361532,10.013864200613915,0.011259772902121767,-0.006025410373695195,0.008804445336791034,0,-0.006459551326684385,0.011016453723259554,0.008804445336791034,25_KW_0
1792,148,2026-02-09 16:25:23.010000+00:00,124351.04063127426,426607.3980943652,8.017124772845024,-0.0004871404089499265,-0.00036152952816337347,0.00166835763264217,0,-0.00045657329715432615,-0.00039943735690538566,0.00166835763264217,14_P5_1
1793,115,2026-02-09 16:25:36.770000+00:00,124396.30075222596,426811.62794526096,7.655780377998765,0.010661466149031185,-0.005969075486063957,0.009508085225718332,0,0.00035774478381980703,0.012213465571856222,0.009508085225718332,24_KW_0
1794,168,2026-02-09 16:25:41.230000+00:00,124669.36649162396,426931.31623761496,13.795593070406522,-0.010240347386570647,0.008497042581439018,-0.00574694952870658,0,0.0008889843255622485,-0.013276827712120723,-0.00574694952870658,908_GSL_1
1795,114,2026-02-09 16:25:50.660000+00:00,124396.3100038636,426811.62348830106,9.999551622328138,0.010983218584442511,-0.006050454743672162,0.008867544677954697,0,0.000456952440007777,0.012531172632536799,0.008867544677954697,23_KW_0
1796,150,2026-02-09 16:26:05.430000+00:00,124401.11376787494,426812.31525504956,9.190169225533168,0.010587245007627644,-0.006176539463922381,0.008155202289358954,0,0.001393578662518735,0.012177739326833184,0.008155202289358954,27_KW_1
1797,119,2026-02-09 16:26:21.260000+00:00,124400.82498361051,426811.33690013236,3.9927324877383827,0.010832223430043086,-0.006228748941794038,0.009198358652199978,0,0.0016205570113782513,0.012389841515981855,0.009198358652199978,28_KW_1
1798,169,2026-02-09 16:26:37.760000+00:00,124669.3863287932,426931.3031395865,13.816271442483744,0.007251344883115962,0.0009800335974432528,0.004516229610851852,0,0.00690194257082723,0.0024301558005634973,0.004516229610851852,908_GSL_1
1799,62,2026-02-09 16:26:55.680000+00:00,124390.62177204236,426780.87526093895,7.453240344196235,0.011091829335782677,-0.003984269045758992,0.008442470613906572,0,0.011581232844633593,0.0021858919555875845,0.008442470613906572,19_P6_1
1800,72,2026-02-09 16:27:10.680000+00:00,124390.53403035142,426780.88170382555,10.9958874694691,0.010070648568216711,-0.005227106157690287,0.008802147902342128,0,0.010770604217162548,0.003568569204251103,0.008802147902342128,18_P6_1
1801,138,2026-02-09 16:30:19.870000+00:00,123928.09304432571,426940.4338256226,7.122139792574492,0.00642544703441672,0.002104470564518124,0.004203728976564847,0,-0.00226944265356111,0.006369049849955279,0.004203728976564847,905_GSL_1
1802,139,2026-02-09 16:30:20.460000+00:00,123928.09866329342,426940.42719743896,7.139276508971106,0.011793369732913561,-0.003906573634594679,0.0026746782318500806,0,-0.012421856972858499,0.00020580710764856868,0.0026746782318500806,905_GSL_1
1803,134,2026-02-09 16:30:20.850000+00:00,123855.63026660075,426533.08018726547,6.046549118808656,0.01580445934087038,0.005889203515835106,0.0007061999108755046,0,-0.014312737513824992,0.008922398666754157,0.0007061999108755046,904_GSL_1
1804,143,2026-02-09 16:30:36.660000+00:00,124266.92957275195,427056.30776925903,7.113618590680288,0.010005323856603354,-0.006457616982515901,0.008076852457509887,0,-0.00976821236192156,0.006810972751435494,0.008076852457509887,906_GSL_1
1805,137,2026-02-09 16:30:37.670000+00:00,123928.09824032136,426940.426872513,7.128128528414191,0.008841059476253577,-0.006956058030482382,0.0052648374486610194,0,-0.010816235342446528,0.00309194582793784,0.0052648374486610194,905_GSL_1
1806,142,2026-02-09 16:30:40.490000+00:00,124266.93870934893,427056.315374075,7.074214651336676,0.01921840298746247,0.00021970487432554364,-0.008586081917379751,0,-0.0012746679588254172,0.01917734353905808,-0.008586081917379751,906_GSL_1
1807,152,2026-02-09 16:30:52.980000+00:00,124370.28477164854,426819.49225789995,9.736722270438257,0.008999986675917171,-0.006912137963809073,0.007801319210377855,0,-0.00879982720654447,0.007165225225516432,0.007801319210377855,29_KW_1
1808,141,2026-02-09 16:30:53.770000+00:00,124266.9271254998,427056.3119767935,7.085127387878496,0.008496748356265016,-0.0025415095151402056,0.000992687615398502,0,-0.002801193667208075,0.008414708389720575,0.000992687615398502,906_GSL_1
1809,125,2026-02-09 16:30:55.400000+00:00,124339.66140433021,426609.58992377325,6.675980213554246,0.0035387665848247707,-0.0013100731885060668,0.0024642754251322785,0,-0.0007827633961895619,0.003691401111597141,0.0024642754251322785,17_P5_1
1810,150,2026-02-09 16:31:09.860000+00:00,124401.11384169658,426812.3152674026,9.190063605465214,0.01066106665530242,-0.006164186401292682,0.00804958222140506,0,0.001447679665918189,0.012229462776572395,0.00804958222140506,27_KW_1
1811,122,2026-02-09 16:31:10.260000+00:00,124329.1645835339,426611.38921875006,8.079331732788614,0.015032630850328133,-0.0028201587847433984,-0.0043321056537841685,0,0.0010837395331689478,0.01525643452703315,-0.0043321056537841685,16_P5_1
1812,146,2026-02-09 16:31:15.300000+00:00,124350.92329338857,426607.5120944317,11.378525868785427,-0.0029731863760389388,0.0002290348638780415,-0.0007956444386554296,0,-0.0004040351309282053,-0.002954496540615849,-0.0007956444386554296,13_P5_1
1813,120,2026-02-09 16:31:25.760000+00:00,124329.27149810934,426611.3299400677,11.351545721761628,0.011246274181758054,-0.0012350223842076957,-0.006485444885244718,0,0.0016649876826005125,0.01119070057134764,-0.006485444885244718,15_P5_1
1814,129,2026-02-09 16:31:27.560000+00:00,124898.95041616594,426720.7672822888,4.089443036359294,0.01074446715938393,-0.005220381310209632,-0.002241708886319138,0,0.011286717308623143,0.003912284237921957,-0.002241708886319138,901_GSL_1
1815,148,2026-02-09 16:31:33.940000+00:00,124351.04097288229,426607.3982365279,8.015132569003368,-0.0001455323799746111,-0.00021936680423095822,-0.00032384620901382277,0,-0.00024523043780594746,-9.572617611229169e-05,-0.00032384620901382277,14_P5_1
1816,124,2026-02-09 16:31:40.870000+00:00,124339.67165796211,426609.5885067127,6.670086804410629,0.01389223888691049,-0.0017351913265883923,-0.004343391422564125,0,0.0026942370693041943,0.01373849616389082,-0.004343391422564125,17_P5_1
1817,149,2026-02-09 16:31:44.650000+00:00,124351.05142019715,426607.3907103714,8.019804047317084,0.010108505084645003,-0.006022094108629972,0.007578203349286383,0,0.0043564072951975796,-0.010930197069487769,0.007578203349286383,14_P5_1
1818,128,2026-02-09 16:31:51.970000+00:00,124898.93390034247,426720.78650779667,4.079209147603033,-0.006401057034963742,0.017243761860299855,-0.002182783400646038,0,0.0016820004916850107,-0.0183164332937819,-0.002182783400646038,901_GSL_1
1819,127,2026-02-09 16:31:57.050000+00:00,124898.9529286874,426720.7716044865,4.079152706625159,0.01257526317203883,0.003432967932894826,0.0025530039086589795,0,0.012878505610467574,0.002016582732117757,0.0025530039086589795,901_GSL_1
1820,154,2026-02-09 16:31:57.250000+00:00,124285.6654134769,426445.5612208589,7.894855765893222,0.0007884769001975656,-0.0026041411329060793,-0.006744234106776936,11,-0.0013657832070480883,-0.002353270722544255,-0.006744234106776936,TS1-1
1821,147,2026-02-09 16:32:01.140000+00:00,124350.93712892204,426607.50422975776,11.380174187507158,0.0106215764535591,-0.005762982356827706,0.005954545834715219,0,0.004011361082523925,-0.011399071640687283,0.005954545834715219,13_P5_1
1822,131,2026-02-09 16:32:10.200000+00:00,124806.22323303264,426258.5116235429,4.606089848112151,0.004688536486355588,0.005339478375390172,-0.005414624660411427,0,0.002538402540314283,-0.00663693575744657,-0.005414624660411427,903_GSL_1
1823,3,2026-02-09 16:32:10.400000+00:00,124314.9020686884,426440.7930129219,7.074845992125172,-0.0021563116024481133,-0.0011870781308971345,0.022645992125172043,11,0.00020540365111806306,-0.0024528847416488927,0.022645992125172043,TS2
1824,126,2026-02-09 16:32:16.190000+00:00,124339.66780577513,426609.5824461813,6.676325972098649,0.01098517098580487,-0.006043979781679809,0.005668782963191177,0,0.0034609892309424364,-0.012050942981029492,0.005668782963191177,17_P5_1
1825,121,2026-02-09 16:32:31.760000+00:00,124329.27220843558,426611.3210008281,11.36148875752357,0.012665665868553333,-0.006715664465446025,0.0071892354494487165,0,0.002921269645576781,-0.014035149616734514,0.0071892354494487165,15_P5_1
1826,123,2026-02-09 16:32:46.920000+00:00,124329.16227316164,426611.383392059,8.08501582265227,0.012516549511929043,-0.006885960639920086,0.006900177598204493,0,0.003116767340828576,-0.013941528860288033,0.006900177598204493,16_P5_1
1827,4,2026-02-09 16:32:47.120000+00:00,124378.97037733735,426782.74273915414,7.758380637282832,0.003377337343408726,-0.0006358458194881678,-0.006069362717168403,11,-0.0032623648064361546,0.001080593960315568,-0.006069362717168403,TS3
1828,68,2026-02-09 16:36:21.400000+00:00,123928.08863204114,426940.43021951854,7.12515739124725,-0.020318320719525218,-0.01751548668835312,0.0063441102070243005,0,-0.0014126973005281565,-0.026788630370521815,0.0063441102070243005,905_GSL_1
1829,67,2026-02-09 16:36:21.850000+00:00,123855.63010852547,426533.0784243212,6.047344528021948,0.012114051321987063,-0.012678383500315249,0.0029363796843719925,0,-0.01439927664308321,-0.010007621084391674,0.0029363796843719925,904_GSL_1
1830,68,2026-02-09 16:36:21.930000+00:00,123928.098568186,426940.4264813428,7.141863556731537,-0.010382175853010267,-0.02125366241671145,0.02305027569131113,0,0.0027824729380503525,-0.023489691056192707,0.02305027569131113,905_GSL_1
1831,69,2026-02-09 16:36:38.360000+00:00,124266.9344653843,427056.31484230293,7.082359045838016,-0.008131812355713919,3.918888978660107e-06,-0.008142325089416147,0,0.0006356321489443439,-0.008106932793446655,-0.008142325089416147,906_GSL_1
1832,69,2026-02-09 16:36:39.450000+00:00,124266.93026771094,427056.3081056189,7.112643484439572,-0.012329485718510114,-0.00673276511952281,0.022142113512139794,0,-0.0015579292251978554,-0.013961346667384284,0.022142113512139794,906_GSL_1
1833,68,2026-02-09 16:36:39.770000+00:00,123928.09801554217,426940.4266447053,7.125715458956182,-0.01093481968564447,-0.0210902999388054,0.0069021779159559316,0,-0.010690946572921097,-0.02121496392740934,0.0069021779159559316,905_GSL_1
1834,69,2026-02-09 16:36:56.250000+00:00,124266.92948433754,427056.3120521674,7.087382765608436,-0.013112859116517939,-0.0027862166170962155,-0.003118605318996437,0,-0.0023828059164336807,-0.013192130730539299,-0.003118605318996437,906_GSL_1
1835,66,2026-02-09 16:36:56.660000+00:00,124898.95008255942,426720.76562680915,4.09153249729358,0.012476895732106641,-0.008578345645219088,0.009245966889815271,0,0.01340431052102839,0.0070416901788248115,0.009245966889815271,901_GSL_1
1836,66,2026-02-09 16:36:58.710000+00:00,124898.93401223356,426720.7861707045,4.08033807698203,-0.0035934301267843693,0.01196554972557351,-0.0019484534217344418,0,0.0019322054059389756,-0.012343164204551197,-0.0019484534217344418,901_GSL_1
1837,66,2026-02-09 16:37:14.350000+00:00,124898.95347610814,426720.7699954459,4.077504234050128,0.015870444462052546,-0.004209708888083696,-0.004782296353636362,0,0.012755637188829331,0.010338586762824953,-0.004782296353636362,901_GSL_1
1838,71,2026-02-09 16:37:18.100000+00:00,124806.22530007089,426258.5179103234,4.606352938326864,-0.002461864598444663,0.002804191317409277,0.014849275177597043,0,-0.003283520296943831,-0.0017727833215784082,0.014849275177597043,903_GSL_1
1839,149,2026-02-09 16:37:37.530000+00:00,124351.05165563703,426607.3906218439,8.019533548302537,0.010343944959458895,-0.006110621558036655,0.007307704334738929,0,0.004406783327136687,-0.011176634281281978,0.007307704334738929,14_P5_1
1840,147,2026-02-09 16:37:53.320000+00:00,124350.93669274331,426607.5041954434,11.380037293631386,0.010185397724853829,-0.00579729670425877,0.005817651958942349,0,0.004114198854859558,-0.01097380260772625,0.005817651958942349,13_P5_1
1841,164,2026-02-09 16:37:53.840000+00:00,124091.07130774685,427154.20433065755,9.832902709887222,-0.02402070451353211,0.00959971611155197,0.018269178257824592,0,0.015617501558697759,-0.020621407318921894,0.018269178257824592,907_GSL_1
1842,102,2026-02-09 16:37:59.540000+00:00,124282.39614267083,426301.792536927,6.903706726896169,0.0028537250036606565,-0.00102093763416633,0.0004087431294328425,0,0.00034417553353220193,-0.003011246129344624,0.0004087431294328425,02_P1_0
1843,126,2026-02-09 16:38:08.850000+00:00,124339.66901795506,426609.58221553976,6.677395375641906,0.01219735092308838,-0.006274621293414384,0.006738186506447974,0,0.0034174401672585515,-0.013284101197293778,0.006738186506447974,17_P5_1
1844,122,2026-02-09 16:38:10.030000+00:00,124329.16509470025,426611.38903339853,8.079005704245764,0.015543797198915854,-0.0030055103125050664,-0.004658134196633412,0,0.001034058849599647,0.01579789371704859,-0.004658134196633412,16_P5_1
1845,103,2026-02-09 16:38:14.240000+00:00,124282.31741889543,426301.79561979277,9.298606592653114,0.005700488269212656,-0.0018243604572489858,0.0006551068620002098,0,0.00047478177953363075,-0.005966442813538709,0.0006551068620002098,01_P1_0
1846,121,2026-02-09 16:38:23.360000+00:00,124329.27302737306,426611.32070350373,11.361118453188213,0.013484603347023949,-0.007012988848146051,0.006818931114091598,0,0.0029786755322317314,-0.01490449704231828,0.006818931114091598,15_P5_1
1847,120,2026-02-09 16:38:25.250000+00:00,124329.27191078146,426611.32982902776,11.35166630753283,0.0116589462995762,-0.0013460623449645936,-0.006364859114043497,0,0.0016625208431656515,0.011618043600321568,-0.006364859114043497,15_P5_1
1848,100,2026-02-09 16:38:28.590000+00:00,124292.4868938785,426345.92894174356,7.587077532523918,0.0031706051813671365,-0.001293236156925559,-0.0014220364451800194,0,0.0005292787982845469,-0.0033830549696063452,-0.0014220364451800194,06_P2_0
1849,123,2026-02-09 16:38:38.480000+00:00,124329.16265841677,426611.3832808122,8.085419597129412,0.012901804642751813,-0.00699720747070387,0.007303952075346842,0,0.0031160057423699314,-0.014342523614807957,0.007303952075346842,16_P5_1
1850,124,2026-02-09 16:38:39.860000+00:00,124339.67187029474,426609.5881103026,6.668646746314086,0.014104571513598785,-0.0021316014463081956,-0.005783449519107364,0,0.0023840624759830435,0.01406409998608994,-0.005783449519107364,17_P5_1
1851,101,2026-02-09 16:38:42.830000+00:00,124292.40885419417,426345.8819402142,10.21711419741397,0.003535323339747265,-0.0014533117064274848,0.0014956998136863575,0,0.0005986360991898368,-0.0037752166630999734,0.0014956998136863575,05_P2_0
1852,118,2026-02-09 16:38:55.030000+00:00,124372.2710337166,426775.1076244749,6.174420066804342,0.01100635461625643,-0.005040023883339018,0.00888799781398042,0,-0.0034978200212828453,-0.01158908701244968,0.00888799781398042,22_P6_1
1853,170,2026-02-09 16:38:55.750000+00:00,124669.39669205119,426931.3014025294,13.793314435303607,0.008645234716823325,0.002905557688791305,0.007124304632219136,0,0.007638949120890536,0.004982851103565835,0.007124304632219136,908_GSL_1
1854,98,2026-02-09 16:38:56.130000+00:00,124302.6632023363,426390.0771595461,7.980838886947873,0.002356702752877027,-0.0007524624816142023,0.0017880918170023463,0,0.0001783766399646906,-0.002467474300974595,0.0017880918170023463,10_P3_0
1855,71,2026-02-09 16:39:06.420000+00:00,124806.21822847816,426258.5077632776,4.641817563339364,-0.00953345732705202,-0.007342854456510395,0.05031390019009674,0,0.0012962983133141485,0.011963441430421067,0.05031390019009674,903_GSL_1
1856,99,2026-02-09 16:39:09.840000+00:00,124302.5413437853,426390.133874128,11.090121187785252,0.003263494130806066,-0.0009421639842912555,0.002365985035885032,0,0.00014133879849822495,-0.003393831206636578,0.002365985035885032,09_P3_0
1857,92,2026-02-09 16:39:12.860000+00:00,124278.32987447616,426395.6355420804,11.094595085358591,0.015898673576884903,-0.002748544793576002,-0.007193897868628341,0,0.0003983842646908367,-0.016129588028349597,-0.007193897868628341,11_P3_0
1858,74,2026-02-09 16:39:14.050000+00:00,124369.35744404334,426785.7204924151,7.238540761758163,0.011130834041978233,-0.005973881634417921,0.00848692700109055,0,-0.012401463785253954,-0.002405498749767271,0.00848692700109055,21_P6_1
1859,67,2026-02-09 16:39:23.420000+00:00,123855.61414304131,426533.0755222509,6.078484283248034,-0.0038514328334713355,-0.015580453793518245,0.03407613491045858,0,0.012238371095622137,-0.010382983588956436,0.03407613491045858,904_GSL_1
1860,93,2026-02-09 16:39:26.550000+00:00,124278.2839675762,426395.78845160356,7.941276854963203,0.015843996516196057,-0.0028984989621676505,-0.007448665316315051,0,0.0005330537422329321,-0.016098117142908708,-0.007448665316315051,12_P3_0
1861,166,2026-02-09 16:39:29.270000+00:00,124091.05809801641,427154.2054239945,9.831122567825275,-0.014182819286361337,0.01639601495116949,0.0012689487624708562,0,0.019889929082628006,-0.00862394284979818,0.0012689487624708562,907_GSL_1
1862,73,2026-02-09 16:39:29.650000+00:00,124369.50066010637,426785.6881188873,11.414588730969205,0.011320541932946071,-0.008347766881342977,0.008534114906129986,0,-0.013292774088595851,-0.00459804725839043,0.008534114906129986,20_P6_1
1863,68,2026-02-09 16:39:39.350000+00:00,123928.08788325226,426940.43263048417,7.18782630201282,-0.02106710959924385,-0.015104521065950394,0.06901302097259432,0,0.020563081056183062,-0.015783832265173655,0.06901302097259432,905_GSL_1
1864,94,2026-02-09 16:39:40.150000+00:00,124268.23978668371,426351.55314604583,10.207529980777817,0.015564184621325694,-0.002826974669005722,-0.0069639585131433535,0,-6.209053909164663e-05,-0.015818715923578204,-0.0069639585131433535,07_P2_0
1865,125,2026-02-09 16:39:46.630000+00:00,124339.66073579181,426609.58986576204,6.673951176708602,0.002870228185201995,-0.0013680843985639513,0.0004352385794881286,0,-0.0009371603319903899,0.003038354039420964,0.0004352385794881286,17_P5_1
1866,95,2026-02-09 16:39:53.970000+00:00,124268.12534900189,426351.5462741784,7.187668935472283,0.015801099652890116,-0.002916831581387669,-0.006001922772837176,0,-3.573177818263396e-05,-0.01606802352359407,-0.006001922772837176,08_P2_0
1867,152,2026-02-09 16:39:55.230000+00:00,124370.28456757173,426819.4924192331,9.736651269718736,0.008795909860054962,-0.006750804837793112,0.0077303184908572575,0,-0.008595814016359875,0.007003811649404493,0.0077303184908572575,29_KW_1
1868,69,2026-02-09 16:39:56.250000+00:00,124266.91880551215,427056.3138404615,7.16006431939095,-0.023791684507159516,-0.0009979225578717887,0.06956294846351785,0,0.016174497670505605,-0.017476433452696585,0.06956294846351785,906_GSL_1
1869,146,2026-02-09 16:40:02.500000+00:00,124350.92453358992,426607.5118207182,11.378747903740669,-0.0017329850234091282,-4.467862891033292e-05,-0.000573609483414117,0,-0.000409658237253719,-0.0016844623474247856,-0.000573609483414117,13_P5_1
1870,96,2026-02-09 16:40:07.660000+00:00,124258.07759686753,426307.34963219624,9.299050969148222,0.0166186710994225,-0.002777380694169551,-0.0054946390276686685,0,-0.0005330969599627441,-0.01684072089497373,-0.0054946390276686685,03_P1_0
1871,117,2026-02-09 16:40:11.050000+00:00,124377.69142340941,426815.8995539079,7.626053851888517,0.011406265330151655,-0.006152130605187267,0.008618811716057273,0,-0.0065942753003555,0.011156483900773704,0.008618811716057273,26_KW_0
1872,148,2026-02-09 16:40:19.500000+00:00,124351.04128197694,426607.39815267816,8.018016919867952,0.00016356227570213377,-0.0003032165695913136,0.002560504655569673,0,-0.0002616560608594895,0.0002241182989474082,0.002560504655569673,14_P5_1
1873,97,2026-02-09 16:40:24.740000+00:00,124258.00371255621,426307.3888454784,6.830505888081612,0.01584234733309131,-0.0030072262161411345,-0.006556302514487911,0,-0.0001646655165724557,-0.01612439964169221,-0.006556302514487911,04_P1_0
1874,116,2026-02-09 16:40:26.170000+00:00,124377.6986574617,426815.89412902,10.013995271103427,0.011297570134047419,-0.005932543601375073,0.008935515826303586,0,-0.006368227772657198,0.011057840636918859,0.008935515826303586,25_KW_0
1875,168,2026-02-09 16:40:38.070000+00:00,124669.36577512605,426931.31675738667,13.795446528095763,-0.010956845304463059,0.009016814292408526,-0.005893491839465526,0,0.0008905986801939314,-0.014161999611656316,-0.005893491839465526,908_GSL_1
1876,107,2026-02-09 16:40:38.700000+00:00,124409.92129585972,426969.5243211183,6.33818382188306,0.00017364307132083923,-0.0012817310052923858,0.05238358676446886,0,-0.0012036713178578593,0.00047345712024626704,0.05238358676446886,38_P9_0
1877,115,2026-02-09 16:40:42.960000+00:00,124396.30082547494,426811.6280758623,7.655678781722759,0.01073471513518598,-0.005838474142365158,0.009406488949712966,0,0.0005074240270321253,0.01220919367531894,0.009406488949712966,24_KW_0
1878,106,2026-02-09 16:40:51.230000+00:00,124410.03272172056,426969.44961826364,8.97278201993627,0.0004912963340757415,-0.0012529504601843655,0.05185556966134719,0,-0.0010980432481287631,0.0007781760525686402,0.05185556966134719,37_P9_0
1879,114,2026-02-09 16:40:57.960000+00:00,124396.309864345,426811.6234731039,9.999319452253816,0.010843699987162836,-0.006065651890821755,0.008635374603633394,0,0.00037218964572836833,0.012419317096355879,0.008635374603633394,23_KW_0
1880,104,2026-02-09 16:41:05.900000+00:00,124389.81636761555,426881.4449509777,10.77450544528795,0.000708222680259496,-0.0011836183839477599,0.051720180940575844,0,0.001011548355731844,-0.000937710919030622,0.051720180940575844,33_P7_0
1881,150,2026-02-09 16:41:13.450000+00:00,124401.11379590811,426812.31528571196,9.190394154695348,0.01061527818092145,-0.006145877065137029,0.008380131451538375,0,0.0014349226399860372,0.012181827973476717,0.008380131451538375,27_KW_1
1882,105,2026-02-09 16:41:18.500000+00:00,124389.68742897619,426881.4730178661,7.111316016757179,0.0005560755816986784,-0.0009472411475144327,0.05140224352081191,0,0.0008095598857552086,-0.0007423601790788593,0.05140224352081191,34_P7_0
1883,119,2026-02-09 16:41:28.960000+00:00,124400.82489819065,426811.3369796358,3.9928406962141696,0.010746803571237251,-0.00614924548426643,0.009306567127986831,0,0.00163193186229477,0.012273703818381635,0.009306567127986831,28_KW_1
1884,169,2026-02-09 16:41:45.610000+00:00,124669.38668834721,426931.3024421968,13.816138033485622,0.007610898886923678,0.00028264388674870133,0.004382820612729432,0,0.006904411552932413,0.0032147737931969528,0.004382820612729432,908_GSL_1
1885,62,2026-02-09 16:42:02.370000+00:00,124390.62171791166,426780.87522755255,7.4533102257827375,0.011037698641302995,-0.004017655446659774,0.008512352200408912,0,0.011533042156601184,0.002227394261992447,0.008512352200408912,19_P6_1
1886,72,2026-02-09 16:42:16.770000+00:00,124390.53406143586,426780.88168202643,10.995951626932163,0.010101733001647517,-0.005248905275948346,0.008866305365405225,0,0.01080474511194345,0.0035851777220086392,0.008866305365405225,18_P6_1
1887,65,2026-02-09 16:43:06.960000+00:00,124372.12274237374,426824.919608084,5.576377636387436,-0.001620083989109844,-0.0002746525569818914,0.051741895749540134,0,0.0006856845224602615,0.0014932993318438202,0.051741895749540134,30_KW_1
1888,134,2026-02-09 16:45:20.870000+00:00,123855.62995218484,426533.07848477416,6.050990259804505,0.015490043428144418,0.004186712205410004,0.005147340906724196,0,-0.01434411868670788,0.007191402060681,0.005147340906724196,904_GSL_1
1889,138,2026-02-09 16:45:21.030000+00:00,123928.09295054158,426940.4335637183,7.119481094611444,0.0063316629093606025,0.0018425662419758737,0.0015450310135172174,0,-0.0024191240784905733,0.006134561455125296,0.0015450310135172174,905_GSL_1
1890,139,2026-02-09 16:45:21.830000+00:00,123928.09788091748,426940.42465060536,7.137538884514274,0.011010993795935065,-0.006453407229855657,0.0009370537750186259,0,-0.012524134046032556,-0.0024565251159884235,0.0009370537750186259,905_GSL_1
1891,137,2026-02-09 16:45:37.470000+00:00,123928.09796540688,426940.42648933636,7.128476867991178,0.00856614499934949,-0.007339234696701169,0.005613177025647786,0,-0.01096580090599798,0.0026446959320792405,0.005613177025647786,905_GSL_1
1892,143,2026-02-09 16:45:39.170000+00:00,124266.93010324141,427056.30797969806,7.110741642882651,0.010535813315073028,-0.006247177952900529,0.005199904659873411,0,-0.009774556554171752,0.0073816420093753285,0.005199904659873411,906_GSL_1
1893,142,2026-02-09 16:45:40.980000+00:00,124266.94732290742,427056.3158948662,7.072568496451958,0.02783196147356648,0.0007404960342682898,-0.010232236802097283,0,-0.0014249221326892174,0.027805323424816127,-0.010232236802097283,906_GSL_1
1894,141,2026-02-09 16:45:53.850000+00:00,124266.93005079277,427056.3119686144,7.0866971193453265,0.011422041323385201,-0.0025496886228211224,0.0025624190822286508,0,-0.0028991865088950383,0.011338371031726897,0.0025624190822286508,906_GSL_1
1895,125,2026-02-09 16:45:55.210000+00:00,124339.66234377999,426609.5896323481,6.6750535642419555,0.004478216360439546,-0.0016014983411878347,0.0015376261128414725,0,-0.000934798064580199,0.004663193249930022,0.0015376261128414725,17_P5_1
1896,152,2026-02-09 16:45:55.660000+00:00,124370.28462217818,426819.49232502596,9.736729953374734,0.00885051631485112,-0.006845011957921088,0.007809002146855093,0,-0.008700068163523672,0.007035242831172952,0.007809002146855093,29_KW_1
1897,122,2026-02-09 16:46:10.070000+00:00,124329.1647977685,426611.38916168734,8.080087298479404,0.01524686545599252,-0.002877221500966698,-0.0035765399629941186,0,0.0010828638544630627,0.015478136698952507,-0.0035765399629941186,16_P5_1
1898,146,2026-02-09 16:46:10.540000+00:00,124350.92846756136,426607.5111488238,11.37977067721801,0.0022009864187566563,-0.0007165730348788202,0.00044916399392747053,0,-0.0002355868532444583,0.002302676044181002,0.00044916399392747053,13_P5_1
1899,150,2026-02-09 16:46:12.240000+00:00,124401.11384959263,426812.31525250856,9.190249803712195,0.010668962699128315,-0.006179080461151898,0.008235780468385911,0,0.0014404800842146264,0.012244705694616,0.008235780468385911,27_KW_1
1900,120,2026-02-09 16:46:25.170000+00:00,124329.27233822395,426611.32958719315,11.350436958206807,0.012086388785974123,-0.0015878969570621848,-0.007594208440066197,0,0.001537313078789534,0.012092926822310264,-0.007594208440066197,15_P5_1
1901,148,2026-02-09 16:46:25.980000+00:00,124351.03924228763,426607.3985315057,8.020140269512531,-0.0018761270330287516,7.561099482700229e-05,0.0046838543001488375,0,-0.00032378959575144085,-0.0018495215500996774,0.0046838543001488375,14_P5_1
1902,129,2026-02-09 16:46:29.290000+00:00,124898.95005132159,426720.7652544027,4.093394909027391,0.010379622806794941,-0.007248267414979637,0.0017101637817775739,0,0.011164401021269756,0.005969095406061468,0.0017101637817775739,901_GSL_1
1903,124,2026-02-09 16:46:39.550000+00:00,124339.67165334565,426609.5882406855,6.669500464239155,0.013887622422771528,-0.0020012184977531433,-0.004929731594038422,0,0.0024400973775281364,0.013817266619031284,-0.004929731594038422,17_P5_1
1904,149,2026-02-09 16:46:45.930000+00:00,124351.0514815101,426607.3907506864,8.01942921736295,0.010169818036956713,-0.005981779075227678,0.0072033733951517576,0,0.00430694640256888,-0.010984402236582596,0.0072033733951517576,14_P5_1
1905,128,2026-02-09 16:46:45.980000+00:00,124898.93137067744,426720.7914981153,4.0849534865085815,-0.008930722062359564,0.022234080475755036,0.003561555504902003,0,0.001558102258430547,-0.02390992364081786,0.003561555504902003,901_GSL_1
1906,127,2026-02-09 16:46:56.050000+00:00,124898.95276361387,426720.7716595949,4.074204143567325,0.012410189636284485,0.0034880763269029558,-0.002395559149174886,0,0.012750464574677762,0.0018987196740780613,-0.002395559149174886,901_GSL_1
1907,154,2026-02-09 16:46:56.250000+00:00,124285.66539493376,426445.5613648669,7.89382384609486,0.0007699337584199384,-0.0024601331097073853,-0.007776153905139083,11,-0.001314644661788152,-0.0022173773524290126,-0.007776153905139083,TS1-1
1908,147,2026-02-09 16:47:01.730000+00:00,124350.93734384471,426607.50423990353,11.379878419915778,0.01083649911743123,-0.005752836586907506,0.00565877824333505,0,0.003967366050727694,-0.011609687701970402,0.00565877824333505,13_P5_1
1909,131,2026-02-09 16:47:04.400000+00:00,124806.22223948978,426258.50971691974,4.6129089311634175,0.003694993632961996,0.0034328552428632975,0.0014044583908550123,0,0.002270124526290861,-0.00450377704834691,0.0014044583908550123,903_GSL_1
1910,3,2026-02-09 16:47:04.600000+00:00,124314.90193635804,426440.79291725904,7.06839683122448,-0.0022886419610586017,-0.0012827409664168954,0.016196831224480235,11,0.00019901185815673369,-0.0026160467681513875,0.016196831224480235,TS2
1911,126,2026-02-09 16:47:16.860000+00:00,124339.66757589731,426609.582547656,6.676643223071557,0.010755293173133396,-0.00594250502763316,0.005986033936099311,0,0.003412945741209151,-0.011804300005127688,0.005986033936099311,17_P5_1
1912,121,2026-02-09 16:47:32.100000+00:00,124329.27251773192,426611.32090499654,11.361196309746557,0.012974962213775143,-0.006811496044974774,0.006896787672435067,0,0.0029271405193576324,-0.014358898676414374,0.006896787672435067,15_P5_1
1913,123,2026-02-09 16:47:47.980000+00:00,124329.1625352216,426611.38336682046,8.08442046177385,0.012778609481756575,-0.006911199190653861,0.006304816719785222,0,0.0030678213832356685,-0.014200211494928365,0.006304816719785222,16_P5_1
1914,4,2026-02-09 16:47:48.180000+00:00,124378.97040836189,426782.7427442805,7.758976482179582,0.003408361881156452,-0.0006307194707915187,-0.005473517820417939,11,-0.003287018055516443,0.00110011366070274,-0.005473517820417939,TS3
1915,66,2026-02-09 16:51:19.990000+00:00,124898.91802816227,426720.8459392805,4.128912857954708,-0.01957750141446013,0.07173412572592497,0.046626327550943536,0,-0.04574598418049384,-0.05862054491945641,0.046626327550943536,901_GSL_1
1916,68,2026-02-09 16:51:21.240000+00:00,123928.09223086732,426940.4327534036,7.120990774688815,-0.016719494538847357,-0.014981601620092988,0.0021774936485892127,0,-0.001612015720461077,-0.022391768354792924,0.0021774936485892127,905_GSL_1
1917,67,2026-02-09 16:51:21.740000+00:00,123855.63055756708,426533.0813818106,6.047289195462949,0.01256309293967206,-0.009720894100610167,0.0028810471253732928,0,-0.014249449578179205,-0.00701999095761839,0.0028810471253732928,904_GSL_1
1918,68,2026-02-09 16:51:21.750000+00:00,123928.09823791865,426940.4250732625,7.139485356628256,-0.010712443210650235,-0.022661742754280567,0.020672075588030303,0,0.002629303454859886,-0.02492785164318931,0.020672075588030303,905_GSL_1
1919,71,2026-02-09 16:51:36.480000+00:00,124806.19720725363,426258.5801769819,4.626121365878421,-0.030554681856301613,0.06507084984332323,0.034617702729153876,0,-0.07162914266633019,-0.006088514068197741,0.034617702729153876,903_GSL_1
1920,69,2026-02-09 16:51:37.570000+00:00,124266.94420730183,427056.3156015906,7.080008292228945,0.001610105173313059,0.0007632065680809319,-0.010493078698487146,0,0.000635818022312798,0.0016645294762165047,-0.010493078698487146,906_GSL_1
1921,68,2026-02-09 16:51:38.910000+00:00,123928.09894420742,426940.42694954335,7.128275478998432,-0.010006154436268844,-0.02078546187840402,0.009462197958206353,0,-0.010987733660216591,-0.02028369446410571,0.009462197958206353,905_GSL_1
1922,69,2026-02-09 16:51:39.070000+00:00,124266.92908604367,427056.3075144299,7.113008271769815,-0.013511152981664054,-0.007323954137973487,0.022506900842382827,0,-0.0016571924365874863,-0.01527891594116499,0.022506900842382827,906_GSL_1
1923,67,2026-02-09 16:51:53.890000+00:00,123855.59060258647,426533.15081363777,6.064091353699906,-0.027391887677367777,0.059710933070164174,0.01968320536233037,0,-0.010864375302801769,0.06478947744749165,0.01968320536233037,904_GSL_1
1924,69,2026-02-09 16:51:55.750000+00:00,124266.92866846769,427056.3118763938,7.086881718250188,-0.013928728963946924,-0.002961990248877555,-0.0036196526772442894,0,-0.0025334785741531127,-0.01401300692570466,-0.0036196526772442894,906_GSL_1
1925,66,2026-02-09 16:51:56.670000+00:00,124898.95034292829,426720.76687701326,4.093042732278725,0.01273726460931357,-0.007328141538891941,0.010756201874960958,0,0.01351491388461188,0.005769460185600601,0.010756201874960958,901_GSL_1
1926,66,2026-02-09 16:51:56.950000+00:00,124898.93760567144,426720.77813928615,4.073436283371535,0.0,0.003934131353162229,-0.008850247032229142,0,0.0017006749111628057,-0.0035475476530323893,-0.008850247032229142,901_GSL_1
1927,66,2026-02-09 16:52:12.350000+00:00,124898.95287833094,426720.7714827112,4.079894717650118,0.015272667253157124,-0.0027224436053074896,-0.002391812753645972,0,0.01281919857319533,0.00873694524137152,-0.002391812753645972,901_GSL_1
1928,71,2026-02-09 16:52:16.950000+00:00,124806.22102394195,426258.5065765721,4.602744571950738,-0.006737993535352871,-0.008529560000170022,0.01124090880147044,0,-0.0033504289792825447,0.010340627463251019,0.01124090880147044,903_GSL_1
1929,110,2026-02-09 16:52:27.210000+00:00,124434.11897118133,426964.0064401198,8.789752433791252,-0.021481702526216395,0.07201227790210396,0.045379261316647046,0,0.06594158476434384,-0.03604079786632864,0.045379261316647046,35_P9_0
1930,149,2026-02-09 16:52:37.660000+00:00,124351.05091784829,426607.3908407262,8.019605799267621,0.009606156221707352,-0.005891739274375141,0.007379955299823493,0,0.0043067254212064005,-0.010413594248836274,0.007379955299823493,14_P5_1
1931,111,2026-02-09 16:52:39.550000+00:00,124434.2404307677,426964.0498702547,6.506846347605052,-0.02125999161216896,0.07180647534551099,0.04555383799028334,0,0.06570088059905367,-0.035938161241274774,0.04555383799028334,36_P9_0
1932,164,2026-02-09 16:52:49.830000+00:00,124091.07173028956,427154.20424577926,9.83054052848407,-0.02359816180251073,0.009514837816823274,0.015906996854672784,0,0.01542376792138764,-0.020236421675906547,0.015906996854672784,907_GSL_1
1933,147,2026-02-09 16:52:52.870000+00:00,124350.93667166766,426607.5043981139,11.379877966760215,0.010164322069613263,-0.005594626243691891,0.005658325087772198,0,0.003917408815799257,-0.010920952069821181,0.005658325087772198,13_P5_1
1934,102,2026-02-09 16:53:01.420000+00:00,124282.39675641239,426301.7923938961,6.903213107314482,0.0034674665657803416,-0.0011639685253612697,-8.487645225407903e-05,0,0.0003436687967531884,-0.003641433628527976,-8.487645225407903e-05,02_P1_0
1935,126,2026-02-09 16:53:07.460000+00:00,124339.66831906012,426609.582383944,6.6758439663746945,0.01149845597683452,-0.006106217042542994,0.005186777239236662,0,0.0034080030683253898,-0.012565265278064317,0.005186777239236662,17_P5_1
1936,122,2026-02-09 16:53:07.480000+00:00,124329.16541666946,426611.3889491759,8.078827855961745,0.015865766414208338,-0.0030897329561412334,-0.0048359824806532,0,0.0010342284687226537,0.016130696362059826,-0.0048359824806532,16_P5_1
1937,103,2026-02-09 16:53:14.700000+00:00,124282.3133337568,426301.7967469032,9.299545514251871,0.0016153496399056166,-0.0006972500123083591,0.001594028460758068,0,0.00031005846747017953,-0.0017318706030062568,0.001594028460758068,01_P1_0
1938,121,2026-02-09 16:53:23.350000+00:00,124329.27233660653,426611.32091393584,11.359119550988222,0.012793836824130267,-0.0068025567452423275,0.00482002891410005,0,0.0029690147805574675,-0.014182453602516909,0.00482002891410005,15_P5_1
1939,120,2026-02-09 16:53:23.550000+00:00,124329.27206181483,426611.3296989898,11.35103975529821,0.011809979667305015,-0.0014761002967134118,-0.006991411348662879,0,0.0015751573270570709,0.011797176408918099,-0.006991411348662879,15_P5_1
1940,100,2026-02-09 16:53:27.970000+00:00,124292.48577298368,426345.92936721095,7.588205503837389,0.0020497103687375784,-0.0008677687728777528,-0.0002940651317091536,0,0.0003730403605648113,-0.0021943509583204268,-0.0002940651317091536,06_P2_0
1941,123,2026-02-09 16:53:38.360000+00:00,124329.1621965239,426611.38336184516,8.08478983740693,0.012439911777619272,-0.006916174490470439,0.006674192352864594,0,0.0031671803829314764,-0.01387637715830608,0.006674192352864594,16_P5_1
1942,124,2026-02-09 16:53:38.790000+00:00,124339.67237897369,426609.588052776,6.6692712828809,0.014613250459660776,-0.0021891280193813145,-0.005158912952293093,0,0.002488422962223475,0.01456527108031619,-0.005158912952293093,17_P5_1
1943,101,2026-02-09 16:53:43.020000+00:00,124292.40927911994,426345.88172292843,10.216702763445916,0.003960249101510271,-0.0016705974703654647,0.0010842658456322596,0,0.0007120457461747977,-0.004238804042340101,0.0010842658456322596,05_P2_0
1944,118,2026-02-09 16:53:54.470000+00:00,124372.27087746747,426775.10768983664,6.174442509412203,0.010850105478311889,-0.00497466215165332,0.008910440421841415,0,-0.0034435224264399334,-0.011428657213872106,0.008910440421841415,22_P6_1
1945,98,2026-02-09 16:53:55.920000+00:00,124302.66359092057,426390.07701952796,7.981121840362263,0.002745287012658082,-0.0008924806024879217,0.0020710452313927874,0,0.00022329137954194494,-0.002878065907429605,0.0020710452313927874,10_P3_0
1946,170,2026-02-09 16:53:56.150000+00:00,124669.39492397511,426931.302622455,13.78688909878981,0.006877158637507819,0.004125483275856823,0.0006989681184226271,0,0.007500242931373378,0.002839239185980361,0.0006989681184226271,908_GSL_1
1947,99,2026-02-09 16:54:10.020000+00:00,124302.54178662508,426390.13372685324,11.089630106600772,0.0037063339113956317,-0.001089438737835735,0.0018749038514052074,0,0.0001793913610778964,-0.0038589644421565977,0.0018749038514052074,09_P3_0
1948,74,2026-02-09 16:54:11.660000+00:00,124369.35756725346,426785.7207250305,7.238565723703928,0.011254044162342325,-0.005741266184486449,0.008511888946856061,0,-0.012450174235683618,-0.002146813664526748,0.008511888946856061,21_P6_1
1949,92,2026-02-09 16:54:13.560000+00:00,124278.33007956165,426395.63546361006,11.09463185440621,0.01610375907330308,-0.0028270151233300567,-0.007157128821010161,0,0.0004460778827156959,-0.01634393114648615,-0.007157128821010161,11_P3_0
1950,113,2026-02-09 16:54:14.700000+00:00,124414.05729233017,426875.9893462587,7.34267216158458,-0.021454120986163616,0.07224932324606925,0.04590242472848871,0,-0.06514454115921994,0.037900300446812384,0.04590242472848871,32_P7_0
1951,112,2026-02-09 16:54:27+00:00,124413.93062945051,426875.94173374726,10.707794436889262,-0.0217706986295525,0.07225365628255531,0.0456560443994114,0,-0.06497835216311822,0.03837144661310325,0.0456560443994114,31_P7_0
1952,93,2026-02-09 16:54:27.060000+00:00,124278.28399014652,426395.7883978305,7.941392614649689,0.015866566842305474,-0.0029522720142267644,-0.007332905629828801,0,0.0005829156076203551,-0.016128362061961735,-0.007332905629828801,12_P3_0
1953,166,2026-02-09 16:54:27.630000+00:00,124091.05108816059,427154.20316450193,9.833062014756294,-0.02119267510715872,0.014136522368062288,0.0032083956934894076,0,0.019832580298056804,-0.01598873045558775,0.0032083956934894076,907_GSL_1
1954,73,2026-02-09 16:54:28.470000+00:00,124369.50060713725,426785.6881523361,11.414569034194752,0.011267572815995663,-0.008314318081829697,0.008514418131676749,0,-0.01323224757173271,-0.004581888969625789,0.008514418131676749,20_P6_1
1955,94,2026-02-09 16:54:40.850000+00:00,124268.2394685394,426351.5532014929,10.207385218411105,0.01524604030419141,-0.0027715276228263974,-0.007108720879855923,0,-5.852209832812218e-05,-0.015495795735783495,-0.007108720879855923,07_P2_0
1956,125,2026-02-09 16:54:44.400000+00:00,124339.6590006906,426609.590075734,6.67670462841219,0.001135126978624612,-0.0011581124272197485,0.003188690283075779,0,-0.0009811595988363025,0.0012911481298803957,0.003188690283075779,17_P5_1
1957,95,2026-02-09 16:54:54.560000+00:00,124268.12521579552,426351.54630905227,7.18632293284394,0.015667893283534795,-0.002881957741919905,-0.0073479254011799,0,-4.553988251097121e-05,-0.01593067752763666,-0.0073479254011799,08_P2_0
1958,152,2026-02-09 16:54:55.180000+00:00,124370.28458233686,426819.4923746756,9.73658796733022,0.008810674989945255,-0.006795362336561084,0.00766701610234044,0,-0.008642574658742996,0.0070079131224390296,0.00766701610234044,29_KW_1
1959,146,2026-02-09 16:54:59.860000+00:00,124350.92328158296,426607.5120965805,11.380509813498573,-0.002984991981065832,0.00023118371609598398,0.0011883002744905724,0,-0.0004044279591087929,-0.002966489687072309,0.0011883002744905724,13_P5_1
1960,96,2026-02-09 16:55:08.030000+00:00,124258.07757671436,426307.3494822979,9.298957699193634,0.016598517933744006,-0.0029272790416143835,-0.005587908982256806,0,-0.0003821556636582922,-0.016850332852291972,-0.005587908982256806,03_P1_0
1961,117,2026-02-09 16:55:11.370000+00:00,124377.69153992187,426815.8994582896,7.6260366238666375,0.011522777786012739,-0.006247748911846429,0.008601583694177961,0,-0.006694384853608124,0.011269160829586603,0.008601583694177961,26_KW_0
1962,148,2026-02-09 16:55:17.960000+00:00,124351.04027951999,426607.39822629804,8.01635679770931,-0.0008388946735067293,-0.0002295966842211783,0.0009003824969280316,0,-0.0004021997779644855,-0.000771164216784363,0.0009003824969280316,14_P5_1
1963,97,2026-02-09 16:55:22.090000+00:00,124258.003689186,426307.3888931046,6.831560599328862,0.015818977131857537,-0.0029596000094898045,-0.0055015912672384815,0,-0.00020677046728939533,-0.016092125890890263,-0.0055015912672384815,04_P1_0
1964,116,2026-02-09 16:55:25.160000+00:00,124377.6988249127,426815.8940474694,10.013814387300172,0.011465021132607944,-0.006014094164129347,0.008754632023048714,0,-0.006456240830285636,0.011221987013337436,0.008754632023048714,25_KW_0
1965,168,2026-02-09 16:55:36.060000+00:00,124669.36288269152,426931.31887140055,13.793709322103485,-0.013849279828718863,0.011130828177556396,-0.007630697831743305,0,0.0009098768067670231,-0.017744576971259418,-0.007630697831743305,908_GSL_1
1966,115,2026-02-09 16:55:39.750000+00:00,124396.30076922919,426811.6279349565,7.655750291876939,0.010678469378035516,-0.0059793799300678074,0.009477999103892465,0,0.00035764208081235104,0.012233347242180781,0.009477999103892465,24_KW_0
1967,114,2026-02-09 16:55:54.360000+00:00,124396.30999560974,426811.6233826712,9.999470405856378,0.010974964723573066,-0.006156084593385458,0.008786328206195293,0,0.0003621077317476817,0.012578398395471483,0.008786328206195293,23_KW_0
1968,150,2026-02-09 16:56:08.960000+00:00,124401.11385886162,426812.31518625806,9.19018391701177,0.010678231687052175,-0.006245330965612084,0.008169893767961511,0,0.0013929731954905574,0.0122918028176929,0.008169893767961511,27_KW_1
1969,119,2026-02-09 16:56:24.160000+00:00,124400.82494487723,426811.33693481825,3.9927712006595724,0.01079349014617037,-0.0061940630548633635,0.0092370715733896,0,0.001624630109763417,0.012338007281143511,0.0092370715733896,28_KW_1
1970,169,2026-02-09 16:56:41.860000+00:00,124669.38746624984,426931.3011299949,13.816413269420782,0.00838880152150523,-0.0010295580141246319,0.004658056547889089,0,0.006999302147611178,0.004737272434439703,0.004658056547889089,908_GSL_1
1971,62,2026-02-09 16:57:00.060000+00:00,124390.62164006634,426780.87505208387,7.453342356278511,0.010959853316308,-0.004193124128505588,0.008544482696182243,0,0.011483831753379267,0.0024129407228776403,0.008544482696182243,19_P6_1
1972,72,2026-02-09 16:57:14.280000+00:00,124390.53415959634,426780.88166354847,10.995965736422816,0.01019989348424133,-0.005267383239697665,0.008880414856058394,0,0.010904592565067787,0.0035878983087017603,0.008880414856058394,18_P6_1
1973,134,2026-02-09 17:00:20.650000+00:00,123855.62984725542,426533.07840608904,6.046786497618271,0.015385114005766809,0.004108027089387178,0.0009435787204905566,0,-0.014256986605549395,0.007093373842309886,0.0009435787204905566,904_GSL_1
1974,138,2026-02-09 17:00:20.830000+00:00,123928.09224688838,426940.4334826512,7.121255407451533,0.0056280097051057965,0.0017614991520531476,0.0033193438536054387,0,-0.0020524670735544426,0.005528539718173675,0.0033193438536054387,905_GSL_1
1975,139,2026-02-09 17:00:21.540000+00:00,123928.09827449899,426940.4267885944,7.142822672325707,0.011404575299820863,-0.004315418191254139,0.006220841586451087,0,-0.012189832605666832,-0.00030846876748388607,0.006220841586451087,905_GSL_1
1976,142,2026-02-09 17:00:37.310000+00:00,124266.93938950312,427056.31573642377,7.075055000474269,0.0198985571769299,0.0005820536171086133,-0.007745732779786074,0,-0.0009662788111727983,0.019883603028521168,-0.007745732779786074,906_GSL_1
1977,143,2026-02-09 17:00:37.950000+00:00,124266.93028304039,427056.3081869293,7.111619488960817,0.010715612297644839,-0.006039946689270437,0.006077750738039178,0,-0.009650941378198004,0.007626574161263482,0.006077750738039178,906_GSL_1
1978,137,2026-02-09 17:00:38.270000+00:00,123928.09859033502,426940.42744107195,7.129320601030434,0.009191073142574169,-0.006387499102856964,0.006456910064904342,0,-0.010560395001151104,0.0037086423015450687,0.006456910064904342,905_GSL_1
1979,125,2026-02-09 17:00:51.880000+00:00,124339.66113297138,426609.58991022425,6.675153422873596,0.0032674077519914135,-0.0013236221857368946,0.0016374847444815543,0,-0.000835541022976237,0.003424879604785009,0.0016374847444815543,17_P5_1
1980,141,2026-02-09 17:00:54.750000+00:00,124266.92801854503,427056.31236288126,7.088066044989295,0.009389793587615713,-0.002155421767383814,0.003931344726197494,0,-0.002442707825323264,0.009319186933066942,0.003931344726197494,906_GSL_1
1981,152,2026-02-09 17:00:56.360000+00:00,124370.28450874392,426819.4924783125,9.736670703694884,0.008737082054722123,-0.006691725400742143,0.007749752467004711,0,-0.008524769782116467,0.006960179008603076,0.007749752467004711,29_KW_1
1982,146,2026-02-09 17:01:07.300000+00:00,124350.92774934458,426607.51131634554,11.379257661165186,0.0014827696431893855,-0.0005490512703545392,-6.38520588971403e-05,0,-0.00022352296176615538,0.0015652797187101087,-6.38520588971403e-05,13_P5_1
1983,122,2026-02-09 17:01:11.250000+00:00,124329.16473085158,426611.38933488325,8.079147426253776,0.015179948532022536,-0.002704025595448911,-0.0045164121886216435,0,0.0012334317715969522,0.015369490489945044,-0.0045164121886216435,16_P5_1
1984,150,2026-02-09 17:01:12.960000+00:00,124401.11374842295,426812.3153434874,9.190488990339007,0.010567793025984429,-0.006088101596105844,0.008474967095198238,0,0.0014527565383181291,0.012109200176928514,0.008474967095198238,27_KW_1
1985,148,2026-02-09 17:01:22.880000+00:00,124351.04254753584,426607.3978911105,8.015611290498034,0.0014291211700765416,-0.0005647842190228403,0.00015487528565216735,0,-0.0002490195326668344,0.0015163633486630355,0.00015487528565216735,14_P5_1
1986,120,2026-02-09 17:01:26.750000+00:00,124329.27190523232,426611.3298238526,11.351958714690804,0.011653397159534506,-0.0013512375298887491,-0.006072451956068647,0,0.0016561048317723448,0.011613992638460172,-0.006072451956068647,15_P5_1
1987,129,2026-02-09 17:01:31.060000+00:00,124898.9504683575,426720.76452545956,4.092857549200456,0.01079665872384794,-0.007977210567332804,0.0011728039548426494,0,0.01166476447067196,0.006643568158644652,0.0011728039548426494,901_GSL_1
1988,128,2026-02-09 17:01:39.670000+00:00,124898.94274040037,426720.76870407455,4.078987721586774,0.0024390008620684966,-0.0005599602591246367,-0.002404209416905445,0,0.0019572876603992997,0.0015592644777004429,-0.002404209416905445,901_GSL_1
1989,124,2026-02-09 17:01:41.850000+00:00,124339.67161962781,426609.58846147155,6.669351092542599,0.013853904587449506,-0.001780432474333793,-0.005079103290594134,0,0.002639280283085346,0.013716224396718426,-0.005079103290594134,17_P5_1
1990,149,2026-02-09 17:01:48.420000+00:00,124351.05077165835,426607.3907102185,8.0204331976513,0.009459966284339316,-0.0060222469619475305,0.00820735368350256,0,0.004458611432262436,-0.010289762128816273,0.00820735368350256,14_P5_1
1991,131,2026-02-09 17:01:57.110000+00:00,124806.22021741011,426258.50356669386,4.610620631957012,0.001672913960646838,-0.002717370633035898,-0.0008838408155504851,0,0.0025136776680110755,0.001965748930650964,-0.0008838408155504851,903_GSL_1
1992,3,2026-02-09 17:01:57.310000+00:00,124314.90221758962,426440.793071391,7.073623789293184,-0.002007410381338559,-0.0011286090011708438,0.021423789293184115,11,0.00017164822543972043,-0.002296517276950701,0.021423789293184115,TS2
1993,127,2026-02-09 17:01:57.960000+00:00,124898.95239248063,426720.77361028624,4.077714202793165,0.012039056397043169,0.005438767664600164,0.0011145000766648039,0,0.013210525655202063,-3.293256647236634e-05,0.0011145000766648039,901_GSL_1
1994,154,2026-02-09 17:01:58.160000+00:00,124285.66531417065,426445.561284998,7.895189075896186,0.0006891706434544176,-0.0025400019949302077,-0.00641092410381372,11,-0.00125439582694155,-0.0023136675256830736,-0.00641092410381372,TS1-1
1995,147,2026-02-09 17:02:04.250000+00:00,124350.93717049586,426607.50410759205,11.379634768398578,0.010663150271284394,-0.005885148071683943,0.005415126726134645,0,0.004125418201982259,-0.011459435683854208,0.005415126726134645,13_P5_1
1996,126,2026-02-09 17:02:19.790000+00:00,124339.6668938841,426609.58254966163,6.6759833082997035,0.010073279961943626,-0.005940499424468726,0.005326119164245746,0,0.0035620362758500656,-0.011138779115025867,0.005326119164245746,17_P5_1
1997,121,2026-02-09 17:02:35.650000+00:00,124329.27228482839,426611.3208689353,11.361402324190445,0.012742058679577895,-0.006847557262517512,0.0071028021163233035,0,0.0030266585922104927,-0.01414526202031836,0.0071028021163233035,15_P5_1
1998,123,2026-02-09 17:02:52.370000+00:00,124329.16218183744,426611.38320456055,8.083938280915481,0.012425225315382704,-0.007073459099046886,0.005822635861415293,0,0.003322309130947596,-0.01390619681301608,0.005822635861415293,16_P5_1
1999,4,2026-02-09 17:02:52.570000+00:00,124378.9705057689,426782.742727816,7.759171894808095,0.0035057688946835697,-0.0006471839733421803,-0.005278105191904636,11,-0.0033802008204217486,0.0011329188196432995,-0.005278105191904636,TS3
2000,67,2026-02-09 17:06:21.460000+00:00,123855.63001017655,426533.0789613032,6.047042478182772,0.012015702406642959,-0.012141401472035795,0.0026343298451960706,0,-0.014195806879689767,-0.009501042104143683,0.0026343298451960706,904_GSL_1
2001,68,2026-02-09 17:06:22.350000+00:00,123928.09837776567,426940.4272263834,7.140554198092461,-0.010572596191195771,-0.02050862181931734,0.021740917052235353,0,0.0032082093170441063,-0.022849305287642733,0.021740917052235353,905_GSL_1
2002,68,2026-02-09 17:06:38.650000+00:00,123928.0980249532,426940.4269633463,7.124425664933983,-0.010925408656476066,-0.020771658921148628,0.005612383893756956,0,-0.010438180243381532,-0.02102072220106186,0.005612383893756956,905_GSL_1
2003,69,2026-02-09 17:06:40.340000+00:00,124266.93093674368,427056.30840242276,7.112368155990388,-0.011660452975775115,-0.006435961287934333,0.021866785062955252,0,-0.0015368142799220513,-0.01322973783448031,0.021866785062955252,906_GSL_1
2004,69,2026-02-09 17:06:54.960000+00:00,124266.92694685566,427056.3123322625,7.089818943390446,-0.015650340996216983,-0.002506121527403593,-0.0006824275369865518,0,-0.002025031709074348,-0.015719830310319163,-0.0006824275369865518,906_GSL_1
2005,66,2026-02-09 17:06:58.150000+00:00,124898.95027767685,426720.7647739473,4.09018401291206,0.012672013166593388,-0.009431207494344562,0.007897482508295361,0,0.013698976004128215,0.007865471946044722,0.007897482508295361,901_GSL_1
2006,66,2026-02-09 17:07:12.160000+00:00,124898.95382626356,426720.7706128362,4.083169121784156,0.016220599878579378,-0.0035923186223953962,0.0008825913803915952,0,0.013327878538417829,0.009918682733657709,0.0008825913803915952,901_GSL_1
2007,149,2026-02-09 17:07:37.660000+00:00,124351.05150398609,426607.39049129986,8.01974416534043,0.010192294022999704,-0.006241165625397116,0.0075183213726326414,0,0.00455956460017159,-0.011047414922586015,0.0075183213726326414,14_P5_1
2008,68,2026-02-09 17:07:39.310000+00:00,123928.08961454421,426940.431507671,7.123136348172851,-0.019335817647515796,-0.016227334213908762,0.004323067132625091,0,-0.0009955213101671754,-0.025223186894381133,0.004323067132625091,905_GSL_1
2009,164,2026-02-09 17:07:50.580000+00:00,124091.06977801521,427154.2042548378,9.830846194367549,-0.02555043615575414,0.009523896384052932,0.016212662738151806,0,0.015949445368340198,-0.022116613269797355,0.016212662738151806,907_GSL_1
2010,147,2026-02-09 17:07:52.970000+00:00,124350.9371948374,426607.50412273605,11.38055706796069,0.010687491812859662,-0.005870004068128765,0.006337426288247627,0,0.0041066165127644,-0.011481077032529714,0.006337426288247627,13_P5_1
2011,69,2026-02-09 17:07:55.230000+00:00,124266.93928755677,427056.3155276294,7.079801188297765,-0.003309639883809723,0.0006892453529872,-0.010700182629667765,0,0.0009442739024278256,-0.0032460933619217133,-0.010700182629667765,906_GSL_1
2012,122,2026-02-09 17:08:06.380000+00:00,124329.16511682852,426611.3890784219,8.079298237641526,0.015565925466944464,-0.002960486919619143,-0.004365600800872116,0,0.0010832217461192205,0.015807882498691615,-0.004365600800872116,16_P5_1
2013,126,2026-02-09 17:08:07.660000+00:00,124339.66808807882,426609.58232754056,6.676343877373991,0.011267474677879363,-0.006162620498798788,0.005686688238533577,0,0.0035141615734885267,-0.01235251170670501,0.005686688238533577,17_P5_1
2014,66,2026-02-09 17:08:15.270000+00:00,124898.93736341373,426720.78041030007,4.092507718622759,-0.0002422499528620392,0.0062051452696323395,0.010221188218994648,0,0.0024639485942674197,-0.005700128961849009,0.010221188218994648,901_GSL_1
2015,120,2026-02-09 17:08:22.550000+00:00,124329.27206702511,426611.3297639389,11.350315995065582,0.011815189951448701,-0.0014111511991359293,-0.007715171581290647,0,0.001639296754867571,0.0117857018223404,-0.007715171581290647,15_P5_1
2016,121,2026-02-09 17:08:23.280000+00:00,124329.27266441325,426611.3205908054,11.360838096301572,0.01312164354021661,-0.007125687203370035,0.006538574227450411,0,0.003188029025810847,-0.014587303323348264,0.006538574227450411,15_P5_1
2017,71,2026-02-09 17:08:32.630000+00:00,124806.22100781725,426258.50547845574,4.605469015572329,-0.006754118236131035,-0.009627676336094737,0.013965352423061184,0,-0.0029835898762151174,0.011375783763362552,0.013965352423061184,903_GSL_1
2018,124,2026-02-09 17:08:37.550000+00:00,124339.67239545018,426609.5883098118,6.669139632429727,0.014629726952989586,-0.0019320922438055277,-0.005290563403466564,0,0.0027377290577541625,0.014500576911417418,-0.005290563403466564,17_P5_1
2019,123,2026-02-09 17:08:38.760000+00:00,124329.1630176855,426611.38306542335,8.083794799882625,0.013261073370813392,-0.007212596305180341,0.005679154828559518,0,0.0032224999146790168,-0.014747647497397369,0.005679154828559518,16_P5_1
2020,170,2026-02-09 17:08:53.730000+00:00,124669.39898227039,426931.3000276407,13.784770689362915,0.010935453916317783,0.001530668989289552,-0.001419441308472713,0,0.00797971826921844,0.007632247130078015,-0.001419441308472713,908_GSL_1
2021,118,2026-02-09 17:08:55.070000+00:00,124372.27088365197,426775.10762214864,6.174379198992331,0.010856289984076284,-0.005042350152507424,0.008847130001969461,0,-0.003396837792267072,-0.011478058210859225,0.008847130001969461,22_P6_1
2022,92,2026-02-09 17:09:11.240000+00:00,124278.33003543853,426395.63548832096,11.09458985187271,0.016059635949204676,-0.0028023042250424623,-0.007199131354509447,0,0.00042807229004962005,-0.016296673584052967,-0.007199131354509447,11_P3_0
2023,74,2026-02-09 17:09:12.940000+00:00,124369.35752550061,426785.72077112616,7.238519842778649,0.011212291312403977,-0.005695170548278838,0.008466008021576599,0,-0.012396632908492602,-0.002115168215596717,0.008466008021576599,21_P6_1
2024,102,2026-02-09 17:09:15.050000+00:00,124282.39881063567,426301.7919306846,6.903616801586432,0.005521689847228117,-0.0016271800268441439,0.0003188178196964486,0,0.00032686064199863546,-0.005747167626705769,0.0003188178196964486,02_P1_0
2025,93,2026-02-09 17:09:25.050000+00:00,124278.2840689257,426395.7885082447,7.941393527629632,0.015945346021908335,-0.002841857844032347,-0.007331992649885599,0,0.0004621016493830295,-0.016190017845256182,-0.007331992649885599,12_P3_0
2026,103,2026-02-09 17:09:28.800000+00:00,124282.31928704963,426301.79521690466,9.299685357719142,0.007568642467958853,-0.00222724856575951,0.0017338719280282078,0,0.00044053759388538067,-0.007877240101065965,0.0017338719280282078,01_P1_0
2027,73,2026-02-09 17:09:29.860000+00:00,124369.5006347275,426785.6882064983,11.41461462993647,0.011295163072645664,-0.008260155911557376,0.008560013873394112,0,-0.013242457825273267,-0.0045219680744951396,0.008560013873394112,20_P6_1
2028,94,2026-02-09 17:09:38.570000+00:00,124268.23946387474,426351.55314400827,10.207309360198558,0.015241375644109212,-0.0028290122281759977,-0.007184579092402998,0,-1.1520174370905366e-06,-0.015501704434831372,-0.007184579092402998,07_P2_0
2029,100,2026-02-09 17:09:42.100000+00:00,124292.49040919791,426345.9280627395,7.588789769480232,0.00668592459987849,-0.0021722402307204902,0.0002902005111335981,0,0.0005761431809499618,-0.007006302477788538,0.0002902005111335981,06_P2_0
2030,95,2026-02-09 17:09:52.260000+00:00,124268.12499351946,426351.54624160123,7.186540200118969,0.015445617231307551,-0.002949408779386431,-0.0071306581261509905,0,6.159879098925591e-05,-0.01572457660456825,-0.0071306581261509905,08_P2_0
2031,101,2026-02-09 17:09:55.260000+00:00,124292.41034754676,426345.8815130564,10.216666131892705,0.005028675921494141,-0.001880469499155879,0.0010476342924210513,0,0.0006698069024705294,-0.005326828866602845,0.0010476342924210513,05_P2_0
2032,152,2026-02-09 17:09:55.660000+00:00,124370.28455344198,426819.4923912073,9.736573494245679,0.008781780110439286,-0.006778830604162067,0.007652543017799829,0,-0.008619830124301528,0.006983604720788197,0.007652543017799829,29_KW_1
2033,96,2026-02-09 17:10:05.600000+00:00,124258.07728937347,426307.3492900702,9.297665046293442,0.016311177038005553,-0.003119506756775081,-0.006880561882448788,0,-0.00013734705569411486,-0.016606232401029958,-0.006880561882448788,03_P1_0
2034,98,2026-02-09 17:10:08.400000+00:00,124302.66446998437,426390.07682063134,7.98074159269781,0.0036243508220650256,-0.0010913772275671363,0.0016907975669395725,0,0.0002103344485396119,-0.003779256878542803,0.0016907975669395725,10_P3_0
2035,117,2026-02-09 17:10:09.670000+00:00,124377.69146262055,426815.89957362704,7.625788187704883,0.01144547646981664,-0.00613241147948429,0.008353147532423222,0,-0.006576107504262724,0.011196437481056936,0.008353147532423222,26_KW_0
2036,97,2026-02-09 17:10:19.450000+00:00,124258.00333184087,426307.3888259319,6.832128955367488,0.015461631992366165,-0.0030267727561295033,-0.0049332352286119985,0,-7.068397133065335e-05,-0.015754949094199118,-0.0049332352286119985,04_P1_0
2037,99,2026-02-09 17:10:21.300000+00:00,124302.54119743728,426390.13382538705,11.089455832211087,0.003117146115982905,-0.0009909049258567393,0.0017006294617196716,0,0.00022339614459664412,-0.0032632172227808885,0.0017006294617196716,09_P3_0
2038,116,2026-02-09 17:10:23.480000+00:00,124377.69872195399,426815.894108368,10.01388286737519,0.011362062417902052,-0.00595319556305185,0.008823112098065522,0,-0.006391376875560831,0.011121479282666885,0.008823112098065522,25_KW_0
2039,166,2026-02-09 17:10:37.940000+00:00,124091.04624294786,427154.2022889421,9.824709400841567,-0.026037887830170803,0.013260962557978928,-0.005144218221238006,0,0.020447671864136933,-0.020873845979053753,-0.005144218221238006,907_GSL_1
2040,115,2026-02-09 17:10:38.160000+00:00,124396.30073981112,426811.62809200684,7.655753353426316,0.01064905131352134,-0.005822329607326537,0.009481060653269147,0,0.0004772550693045222,0.012127408772412387,0.009481060653269147,24_KW_0
2041,114,2026-02-09 17:10:52.450000+00:00,124396.30993874893,426811.6235702614,9.999293544905267,0.01091810391517356,-0.005968494398985058,0.008609467255084269,0,0.000493775777921378,0.01243318559237263,0.008609467255084269,23_KW_0
2042,125,2026-02-09 17:10:52.770000+00:00,124339.6582608302,426609.59038297314,6.675608512979557,0.00039526657201349735,-0.0008508733008056879,0.0020925748504430075,0,-0.0007845194716755132,0.0005145388571694478,0.0020925748504430075,17_P5_1
2043,150,2026-02-09 17:11:07.650000+00:00,124401.11377885065,426812.3152171314,9.190045562924864,0.010598220716929063,-0.0062144576222635806,0.008031539681054412,0,0.0013697841748685669,0.012209236553443213,0.008031539681054412,27_KW_1
2044,146,2026-02-09 17:11:08.470000+00:00,124350.92508929053,426607.5119726963,11.378086408398715,-0.0011772844154620543,0.0001072994782589376,-0.0012351048253673724,0,-0.0001437501186563481,-0.0011733915272877833,-0.0012351048253673724,13_P5_1
2045,119,2026-02-09 17:11:22.970000+00:00,124400.82493480407,426811.33719982026,3.9926020115478407,0.01078341699030716,-0.0059290610370226204,0.009067882461657906,0,0.0018291760340832096,0.012169221906265022,0.009067882461657906,28_KW_1
2046,148,2026-02-09 17:11:23.440000+00:00,124351.04084715518,426607.39831011783,8.033196934758612,-0.0002712594869080931,-0.00014577689580619335,0.017740519546229905,0,-0.00019996313150534155,-0.00023419512938383064,0.017740519546229905,14_P5_1
2047,169,2026-02-09 17:11:40.500000+00:00,124669.38718044756,426931.30190370366,13.815958053229469,0.008102999243419617,-0.0002558492706157267,0.004202840356576587,0,0.007097251064719266,0.003918301023718664,0.004202840356576587,908_GSL_1
2048,168,2026-02-09 17:11:43.840000+00:00,124669.36727635434,426931.3160672843,13.802748972088775,-0.009455617007915862,0.008326711948029697,0.0014089521535467497,0,0.0012105617103438143,-0.012541027278947195,0.0014089521535467497,908_GSL_1
2049,62,2026-02-09 17:11:58.380000+00:00,124390.62169305916,426780.8750239569,7.453339039274871,0.011012846138328314,-0.0042212511179968715,0.008541165692542485,0,0.011540596000583376,0.0024323620246586835,0.008541165692542485,19_P6_1
2050,72,2026-02-09 17:12:13.090000+00:00,124390.5341219813,426780.8816653081,10.99593984625577,0.010162278442294337,-0.005265623622108251,0.008854524689011711,0,0.010867172652959773,0.003592109936957373,0.008854524689011711,18_P6_1
2051,138,2026-02-09 17:15:20.210000+00:00,123928.08653891803,426940.42925350915,7.119785128422577,-7.996064960025251e-05,-0.002467642887495458,0.0018490648246496377,0,-0.0019022712503032621,-0.0015738548903762003,0.0018490648246496377,905_GSL_1
2052,134,2026-02-09 17:15:21.580000+00:00,123855.63012155161,426533.08023138135,6.045644825249781,0.015659410200896673,0.005933319393079728,-0.00019809364799971974,0,-0.014161804466750921,0.008936705271281825,-0.00019809364799971974,904_GSL_1
2053,139,2026-02-09 17:15:24.960000+00:00,123928.0977923226,426940.4251099245,7.143567583393966,0.010922398912953213,-0.005994088074658066,0.006965752654710222,0,-0.012288870658971458,-0.002052205590945996,0.006965752654710222,905_GSL_1
2054,137,2026-02-09 17:15:38.450000+00:00,123928.09857772513,426940.4274909953,7.127587092935788,0.009178463253192604,-0.006337575730867684,0.004723401970258223,0,-0.010512544779456899,0.003727660941475697,0.004723401970258223,905_GSL_1
2055,142,2026-02-09 17:15:39.830000+00:00,124266.9387602591,427056.315737775,7.069621219352988,0.019269313153927214,0.0005834048497490585,-0.01317951390106753,0,-0.0009160250542036419,0.019256367485662874,-0.01317951390106753,906_GSL_1
2056,143,2026-02-09 17:15:41.690000+00:00,124266.9299448374,427056.30799901986,7.113573767111693,0.01037740930041764,-0.006227856152690947,0.008032028888915299,0,-0.009696634205422128,0.007242382283008995,0.008032028888915299,906_GSL_1
2057,141,2026-02-09 17:15:54.560000+00:00,124266.92980279912,427056.3124668308,7.0874127590101486,0.011174047671374865,-0.002051472256425768,0.0032780587470506717,0,-0.0023935906920663033,0.011105791434197574,0.0032780587470506717,906_GSL_1
2058,125,2026-02-09 17:15:54.640000+00:00,124339.66030568791,426609.590182277,6.674751601538556,0.002440124284476042,-0.0010515694157220423,0.0012356634094423669,0,-0.000686399304997186,0.002566877627365803,0.0012356634094423669,17_P5_1
2059,152,2026-02-09 17:15:58.730000+00:00,124370.28455220751,426819.4923453119,9.736464614218201,0.008780545642366633,-0.006824726006016135,0.007543662990322275,0,-0.008664206242445687,0.006971828814826264,0.007543662990322275,29_KW_1
2060,146,2026-02-09 17:16:10.810000+00:00,124350.92382325587,426607.5122260127,11.378864131567031,-0.0024433190701529384,0.0003606159007176757,-0.0004573816570516698,0,-0.00016351974033380456,-0.0024643687226031346,-0.0004573816570516698,13_P5_1
2061,122,2026-02-09 17:16:11.660000+00:00,124329.16509467327,426611.3891858746,8.080779966228823,0.01554377021966502,-0.002853034238796681,-0.0028838722135748895,0,0.001181544958746602,0.015759205199500127,-0.0028838722135748895,16_P5_1
2062,150,2026-02-09 17:16:15.660000+00:00,124401.11375118258,426812.31529825425,9.190088556387924,0.010570552651188336,-0.006133334769401699,0.008074533144114326,0,0.0014181835445903766,0.012138498019893139,0.008074533144114326,27_KW_1
2063,120,2026-02-09 17:16:27.930000+00:00,124329.27148092946,426611.33011480066,11.350799322360146,0.01122909429250285,-0.001060289447195828,-0.007231844286726741,0,0.0018296103233147126,0.011129658503591886,-0.007231844286726741,15_P5_1
2064,148,2026-02-09 17:16:29.610000+00:00,124351.0398367933,426607.3984143829,8.017931512182972,-0.0012816213711630553,-4.1511841118335724e-05,0.0024750969705902293,0,-0.00031223366213679004,-0.0012436988028471977,0.0024750969705902293,14_P5_1
2065,129,2026-02-09 17:16:33.770000+00:00,124898.95049354706,426720.7656001916,4.092547446206227,0.010821848278283142,-0.006902478518895805,0.0008627009606136937,0,0.011562601393797757,0.005573406397360953,0.0008627009606136937,901_GSL_1
2066,124,2026-02-09 17:16:42.760000+00:00,124339.67205465723,426609.5883717011,6.669456915167184,0.014288934005890042,-0.0018702029483392835,-0.004973280666009217,0,0.0026899910009483452,0.014157515407283676,-0.004973280666009217,17_P5_1
2067,128,2026-02-09 17:16:48.810000+00:00,124898.93362780157,426720.7875537625,4.07492722900083,-0.0066735979344230145,0.01828972768271342,-0.006464702002849876,0,0.0018883869786026951,-0.019377436433057713,-0.006464702002849876,901_GSL_1
2068,149,2026-02-09 17:16:50.860000+00:00,124351.05140585538,426607.39060908393,8.020352842242495,0.010094163313624449,-0.006123381550423801,0.008126998274697428,0,0.004458689651234873,-0.010931972429903186,0.008126998274697428,14_P5_1
2069,127,2026-02-09 17:16:58.760000+00:00,124898.95428717165,426720.76968543,4.0815445332766975,0.01393374742474407,0.001513911411166191,0.004944830560197566,0,0.01333220009428359,0.004323619514180894,0.004944830560197566,901_GSL_1
2070,154,2026-02-09 17:16:58.960000+00:00,124285.66534437641,426445.561252187,7.895361653963196,0.0007193764031399041,-0.0025728130131028593,-0.006238346036803399,11,-0.0012913329333036673,-0.002338659544515034,-0.006238346036803399,TS1-1
2071,131,2026-02-09 17:17:07.010000+00:00,124806.22444185447,426258.51495348307,4.6105845739946165,0.005897358321817592,0.008669418573845178,-0.00091989877794596,0,0.002513414942080652,-0.010179410538600388,-0.00091989877794596,903_GSL_1
2072,3,2026-02-09 17:17:07.210000+00:00,124314.90217074097,426440.7929438657,7.075864612139936,-0.0020542590355034918,-0.0012561343028210104,0.023664612139936203,11,9.139384316934287e-05,-0.002406138137576914,0.023664612139936203,TS2
2073,147,2026-02-09 17:17:08.460000+00:00,124350.93753402347,426607.50396872003,11.38063256508088,0.011026677879272029,-0.0060240200837142766,0.00641292340843691,0,0.004205074277425456,-0.011840345997628397,0.00641292340843691,13_P5_1
2074,126,2026-02-09 17:17:23.660000+00:00,124339.66860200808,426609.58210483525,6.676898394389866,0.011781403940403834,-0.006385325803421438,0.0062412052544083,0,0.0036175158474870653,-0.012903001337517662,0.0062412052544083,17_P5_1
2075,121,2026-02-09 17:17:38.860000+00:00,124329.27262200204,426611.3207036899,11.36066874497181,0.0130792323325295,-0.00701280270004645,0.006369222897687266,0,0.0030914289165417186,-0.01451512271295126,0.006369222897687266,15_P5_1
2076,123,2026-02-09 17:17:54.480000+00:00,124329.16293542845,426611.3830896898,8.083982484656156,0.013178816327126697,-0.007188329822383821,0.005866839602090224,0,0.003222169147188553,-0.014661886352254272,0.005866839602090224,16_P5_1
2077,4,2026-02-09 17:17:54.680000+00:00,124378.97040520213,426782.7427928096,7.758622159333729,0.00340520212193951,-0.000582190346904099,-0.005827840666270845,11,-0.0032607352138274183,0.0011410315318147516,-0.005827840666270845,TS3
2078,71,2026-02-09 17:20:57.850000+00:00,124806.21959367591,426258.50806544104,4.641876858478929,-0.008168259577360004,-0.007040691038127989,0.050373195329661336,0,0.0017501295561680498,0.010640904160555917,0.050373195329661336,903_GSL_1
2079,67,2026-02-09 17:21:15.050000+00:00,123855.6141999072,426533.0751900538,6.0809307880268255,-0.003794566946453415,-0.015912650909740478,0.036522639689249736,0,0.012386591102206775,-0.010685670692713358,0.036522639689249736,904_GSL_1
2080,68,2026-02-09 17:21:20.970000+00:00,123928.08187490137,426940.4253894436,7.121207496403415,-0.02707546048623044,-0.022345561650581658,0.0023942153631892893,0,-0.00109575864305178,-0.0350885166260637,0.0023942153631892893,905_GSL_1
2081,67,2026-02-09 17:21:22.130000+00:00,123855.62987602025,426533.07950822543,6.0447827968623145,0.011881546102813445,-0.011594479263294488,0.0003746485247386744,0,-0.013955266622205455,-0.008991864138397867,0.0003746485247386744,904_GSL_1
2082,68,2026-02-09 17:21:22.460000+00:00,123928.09807401807,426940.42605634534,7.140902080464176,-0.010876343789277598,-0.0216786598903127,0.022088799423950256,0,0.003108603310020889,-0.02405401701012405,0.022088799423950256,905_GSL_1
2083,68,2026-02-09 17:21:31.050000+00:00,123928.08773719963,426940.4318329439,7.186597141203422,-0.02121316222473979,-0.015902061306405813,0.06778386016319615,0,0.020683034721945256,-0.016585713130782866,0.06778386016319615,905_GSL_1
2084,69,2026-02-09 17:21:37.120000+00:00,124266.9335385256,427056.3153805243,7.079540619006046,-0.00905867105757352,0.0005421402747742832,-0.010960751921386347,0,0.0012442305956555891,-0.008989178362435969,-0.010960751921386347,906_GSL_1
2085,68,2026-02-09 17:21:39.390000+00:00,123928.09889053047,426940.42765559495,7.1277567409772695,-0.01005983138747979,-0.020079410285688937,0.008943459937043485,0,-0.010383999724906978,-0.019913700677641158,0.008943459937043485,905_GSL_1
2086,69,2026-02-09 17:21:40.650000+00:00,124266.92987567015,427056.30796689383,7.111975803592464,-0.012721526509267278,-0.006871490215416998,0.02147443266503135,0,-0.0015377312028990928,-0.01437671719323268,0.02147443266503135,906_GSL_1
2087,69,2026-02-09 17:21:47.730000+00:00,124266.91837245626,427056.3137017884,7.1602403137903305,-0.02422474039485678,-0.0011365956743247807,0.06973894286289806,0,0.016383970287988367,-0.017880028370430904,0.06973894286289806,906_GSL_1
2088,66,2026-02-09 17:21:56.410000+00:00,124898.94423215087,426720.7660641124,4.079858464638849,0.006626487185712904,-0.008141042373608798,-0.002428065764915388,0,0.0024560928034892985,0.010205611764708638,-0.002428065764915388,901_GSL_1
2089,69,2026-02-09 17:21:56.780000+00:00,124266.92978177125,427056.3123635297,7.085419088145269,-0.012815425405278802,-0.0024748543510213494,-0.005082282782163716,0,-0.0020807107567703434,-0.012885289097404638,-0.005082282782163716,906_GSL_1
2090,66,2026-02-09 17:21:58.160000+00:00,124898.95050400183,426720.7663984465,4.09481904692376,0.012898338143713772,-0.007806708279531449,0.012532516519995873,0,0.013731484425906906,0.006225604909754761,0.012532516519995873,901_GSL_1
2091,71,2026-02-09 17:22:13.490000+00:00,124806.22134280235,426258.5060021283,4.612330289813455,-0.006419133133022115,-0.009104003780521452,0.020826626664187664,0,-0.002851670556961322,0.010768292810365584,0.020826626664187664,903_GSL_1
2092,66,2026-02-09 17:22:13.890000+00:00,124898.95376647824,426720.7705560479,4.078258691722434,0.016160814557224512,-0.0036491068894974887,-0.004027838681330387,0,0.013250082961226435,0.009946014767965843,-0.004027838681330387,901_GSL_1
2093,107,2026-02-09 17:22:30.200000+00:00,124409.92141259689,426969.5243225292,6.338234240823761,0.00029038023785687983,-0.0012803201097995043,0.05243400570516954,0,-0.0011745408423174352,0.0005865100816039594,0.05243400570516954,38_P9_0
2094,149,2026-02-09 17:22:38.350000+00:00,124351.05150566426,426607.39064394793,8.02044226760386,0.010193972193519585,-0.006088517548050731,0.008216423636062231,0,0.004408554211006288,-0.011025051690753697,0.008216423636062231,14_P5_1
2095,106,2026-02-09 17:22:42.660000+00:00,124410.0329266913,426969.44954320154,8.97279640418805,0.0006962670740904287,-0.0013280125567689538,0.051869953913127986,0,-0.001121613641224735,0.0009951824100219273,0.051869953913127986,37_P9_0
2096,164,2026-02-09 17:22:51.950000+00:00,124091.06952876292,427154.2041108109,9.83946975587071,-0.025799688446568325,0.009379869443364441,0.024836224241312266,0,0.01587655874920746,-0.02239510564827764,0.024836224241312266,907_GSL_1
2097,147,2026-02-09 17:22:54.070000+00:00,124350.93741354234,426607.5041386033,11.380567774226108,0.010906196752330288,-0.005854136834386736,0.0063481325536649535,0,0.004056374029990364,-0.011694523308159382,0.0063481325536649535,13_P5_1
2098,102,2026-02-09 17:22:54.980000+00:00,124282.3995062944,426301.791614765,6.902829924515852,0.006217348578502424,-0.001943099603522569,-0.0004680592508838899,0,0.0004760425517416804,-0.006496494662873737,-0.0004680592508838899,02_P1_0
2099,104,2026-02-09 17:22:57.610000+00:00,124389.81631150555,426881.44499929954,10.774742473106823,0.0006521126779261976,-0.001135296537540853,0.05195720875944865,0,0.0009758762515059943,-0.0008728199783523149,0.05195720875944865,33_P7_0
2100,103,2026-02-09 17:23:08.320000+00:00,124282.31840450528,426301.7954602733,9.298766815974371,0.006686098116915673,-0.001983879948966205,0.0008153301832578563,0,0.00040507754452506517,-0.006962442090520753,0.0008153301832578563,01_P1_0
2101,126,2026-02-09 17:23:08.770000+00:00,124339.66847484793,426609.5822898491,6.676527805795684,0.011654243789962493,-0.006200311938300729,0.005870616660225814,0,0.0034652587708918193,-0.012738023712447357,0.005870616660225814,17_P5_1
2102,122,2026-02-09 17:23:08.960000+00:00,124329.16520434694,426611.3891591285,8.079062276858922,0.015653443886549212,-0.002879780367948115,-0.0046015615834757995,0,0.0011834822061718509,0.015872076434563905,-0.0046015615834757995,16_P5_1
2103,105,2026-02-09 17:23:10.150000+00:00,124389.68744123713,426881.4729348147,7.111396408774663,0.0005683365161530674,-0.001030292536597699,0.051482635538295796,0,0.0008881931363186572,-0.0007717655467552006,0.051482635538295796,34_P7_0
2104,100,2026-02-09 17:23:21.590000+00:00,124292.48853417415,426345.92855503195,7.5884182831200055,0.004810900834854692,-0.0016799477743916214,-8.128584909261605e-05,0,0.000528331348354381,-0.005068318986985228,-8.128584909261605e-05,06_P2_0
2105,121,2026-02-09 17:23:23.830000+00:00,124329.27303978286,426611.32071378175,11.359478963977134,0.013497013147571124,-0.007002710830420256,0.005179441903012005,0,0.0029653471770328408,-0.0149135521925481,0.005179441903012005,15_P5_1
2106,120,2026-02-09 17:23:25.140000+00:00,124329.2718806913,426611.33009788155,11.351527154370412,0.011628856140305288,-0.0010772085515782237,-0.006504012276460358,0,0.0019148887585471266,0.011520584813189783,-0.006504012276460358,15_P5_1
2107,101,2026-02-09 17:23:35.190000+00:00,124292.40923436164,426345.88182159263,10.216465263232621,0.003915490800864063,-0.0015719332732260227,0.0008467656323372097,0,0.000626366537803545,-0.0041724941446868655,0.0008467656323372097,05_P2_0
2108,123,2026-02-09 17:23:39.030000+00:00,124329.16249461185,426611.3830629743,8.084693961219031,0.012737999728415161,-0.007215045334305614,0.006578316164965514,0,0.0033709202833001814,-0.01424606656943682,0.006578316164965514,16_P5_1
2109,124,2026-02-09 17:23:39.860000+00:00,124339.6721039436,426609.58819107496,6.6685829074049305,0.0143382203677902,-0.0020508290617726743,-0.005847288428262765,0,0.0025338220672944467,0.014260792715947344,-0.005847288428262765,17_P5_1
2110,98,2026-02-09 17:23:48.240000+00:00,124302.66417366218,426390.0766919618,7.981044686191075,0.003328028629766777,-0.0012200467754155397,0.0019938910602048665,0,0.000404951553610222,-0.0035214063858035266,0.0019938910602048665,10_P3_0
2111,118,2026-02-09 17:23:55.950000+00:00,124372.27093118388,426775.10770352883,6.174434949411116,0.010903821894316934,-0.004960969963576645,0.008902880420754045,0,-0.003489315757624995,-0.011459896614982394,0.008902880420754045,22_P6_1
2112,170,2026-02-09 17:23:56.950000+00:00,124669.39632376975,426931.30201356934,13.788924837157484,0.008276953274616972,0.0035165976150892675,0.0027347064860965276,0,0.007890145182527597,0.004315092501358538,0.0027347064860965276,908_GSL_1
2113,99,2026-02-09 17:24:01.540000+00:00,124302.54133915128,426390.1336817498,11.089383064122249,0.0032588601170573384,-0.0011345421662554145,0.0016278613728815117,0,0.0003293278460974083,-0.003434952453723827,0.0016278613728815117,09_P3_0
2114,74,2026-02-09 17:24:13.360000+00:00,124369.35742201566,426785.7206174704,7.238582346924561,0.011108806356787682,-0.005848826316650957,0.008528512167488955,0,-0.012343352616789871,-0.0022925955012914638,0.008528512167488955,21_P6_1
2115,92,2026-02-09 17:24:14.660000+00:00,124278.32985416245,426395.6353619533,11.094572230236352,0.01587835987447761,-0.002928671892732382,-0.007216752990867548,0,0.0005795472199396152,-0.01613578496319784,-0.007216752990867548,11_P3_0
2116,166,2026-02-09 17:24:18.780000+00:00,124091.05226224469,427154.20411156723,9.828229546206988,-0.02001859100710135,0.0150835876702331,-0.0016240728558170048,0,0.020384729383517947,-0.014584972090338294,-0.0016240728558170048,907_GSL_1
2117,93,2026-02-09 17:24:27.770000+00:00,124278.283940114,426395.7883757872,7.941436513588357,0.015816534316400066,-0.0029743153136223555,-0.0072890066911606155,0,0.000612088267694165,-0.01608212228902829,-0.0072890066911606155,12_P3_0
2118,73,2026-02-09 17:24:28.960000+00:00,124369.50077149709,426785.6881305622,11.414596518942652,0.011431932653067634,-0.00833609199617058,0.008541902879576568,0,-0.013395635007492414,-0.004553732172508271,0.008541902879576568,20_P6_1
2119,125,2026-02-09 17:24:33.450000+00:00,124339.6580040693,426609.59041903535,6.674883770184187,0.00013850566756445915,-0.0008148110937327147,0.0013678320550729595,0,-0.0007860928287632133,0.0002552626157204159,0.0013678320550729595,17_P5_1
2120,94,2026-02-09 17:24:41.560000+00:00,124268.23973126855,426351.5530973281,10.207427877039569,0.015508769458392635,-0.002875692385714501,-0.007066062251391614,0,-4.0744855657430975e-06,-0.015773126519792957,-0.007066062251391614,07_P2_0
2121,146,2026-02-09 17:24:48.480000+00:00,124350.92454260173,426607.51199950307,11.379630704161045,-0.0017239732114830986,0.00013410625979304314,0.0003091909369619117,0,-0.00023300260156430128,-0.0017134111913056057,0.0003091909369619117,13_P5_1
2122,152,2026-02-09 17:24:53.960000+00:00,124370.28445897117,426819.49232124106,9.736502092350365,0.008687309309607372,-0.006848796852864325,0.007581141122486201,0,-0.008666147078276907,0.006875554973256182,0.007581141122486201,29_KW_1
2123,95,2026-02-09 17:24:55.160000+00:00,124268.12535759958,426351.54617391137,7.186500784011766,0.015809697346412577,-0.003017098642885685,-0.007170074233354029,0,6.124913666728701e-05,-0.016094895555713466,-0.007170074233354029,08_P2_0
2124,65,2026-02-09 17:24:58.550000+00:00,124372.12240231152,426824.9196733097,5.576893301004363,-0.0019601462117861956,-0.00020942685659974813,0.052257560366467004,0,0.0007109460851009822,0.0018386376597700296,0.052257560366467004,30_KW_1
2125,148,2026-02-09 17:25:04.380000+00:00,124351.03919601376,426607.3985653843,8.015868835492208,-0.001922400901094079,0.00010948959970846772,0.0004124202798259091,0,-0.00030048950777355994,-0.0019019251438186654,0.0004124202798259091,14_P5_1
2126,117,2026-02-09 17:25:08.860000+00:00,124377.69151876283,426815.8996272338,7.626124464356937,0.011501618748297915,-0.006078804726712406,0.008689424184477268,0,-0.006524741415688107,0.011254636830884571,0.008689424184477268,26_KW_0
2127,96,2026-02-09 17:25:09.150000+00:00,124258.07760377503,426307.3493423848,9.298949054859705,0.0166255786025431,-0.003067192155867815,-0.005596553316186359,0,-0.0002502581201197836,-0.016904286511523346,-0.005596553316186359,03_P1_0
2128,168,2026-02-09 17:25:21.220000+00:00,124669.37576327893,426931.31001063995,13.797207204727943,-0.0009686924167908728,0.0022700675763189793,-0.004132815207285034,0,0.0012725367297386511,-0.002114762887623321,-0.004132815207285034,908_GSL_1
2129,97,2026-02-09 17:25:22.770000+00:00,124258.00301663394,426307.3888366599,6.832314681100112,0.015146425066632219,-0.0030160447349771857,-0.004747509495988567,0,-1.926002397968795e-05,-0.015443780210620867,-0.004747509495988567,04_P1_0
2130,116,2026-02-09 17:25:23.230000+00:00,124377.69873447773,426815.894056808,10.013910733601197,0.011374586159945466,-0.0060047555598430336,0.008850978324073111,0,-0.006443385684745993,0.011131984574239185,0.008850978324073111,25_KW_0
2131,115,2026-02-09 17:25:38.960000+00:00,124396.30080934039,426811.6279910975,7.655501934719429,0.010718580582761206,-0.005923238932155073,0.00922964194638265,0,0.0004264155114441341,0.01223890922297175,0.00922964194638265,24_KW_0
2132,114,2026-02-09 17:25:52.850000+00:00,124396.30991109273,426811.6234678728,9.999320790838507,0.010890447709243745,-0.006070883013308048,0.008636713188323597,0,0.00039173622831491163,0.012462103136969703,0.008636713188323597,23_KW_0
2133,150,2026-02-09 17:26:07.950000+00:00,124401.1138618772,426812.31514099333,9.190335903385707,0.010681247265893035,-0.006290595687460154,0.008321880141897608,0,0.001358528212811848,0.012321324537290379,0.008321880141897608,27_KW_1
2134,119,2026-02-09 17:26:23.950000+00:00,124400.82506642028,426811.33692836855,3.992745014304392,0.0109150331991259,-0.00620051275473088,0.009210885218209341,0,0.0016932437982390652,0.012438538242065499,0.009210885218209341,28_KW_1
2135,169,2026-02-09 17:26:40.970000+00:00,124669.38737846738,426931.3015473463,13.817898697180457,0.008301019057398662,-0.0006122066406533122,0.006143484307564506,0,0.007111236497354619,0.004325740380657095,0.006143484307564506,908_GSL_1
2136,62,2026-02-09 17:26:58.560000+00:00,124390.62171294041,426780.8748296677,7.453349881236577,0.01103272738691885,-0.0044155403156764805,0.008552007654248683,0,0.011590857139531025,0.0026210876834658263,0.008552007654248683,19_P6_1
2137,72,2026-02-09 17:27:12.860000+00:00,124390.53402021271,426780.8816792668,10.995936037881947,0.010060509855975397,-0.005251664901152253,0.008850716315189189,0,0.010764477259962603,0.0035944223619269636,0.008850716315189189,18_P6_1
2138,138,2026-02-09 17:30:20.190000+00:00,123928.08829636425,426940.4303611122,7.120289889958016,0.0016774855757830665,-0.0013600398669950664,0.002353826360089073,0,-0.0021023283196709764,0.0004938440372077139,0.002353826360089073,905_GSL_1
2139,134,2026-02-09 17:30:20.440000+00:00,123855.62997970241,426533.0805914838,6.048225524355634,0.015517560997977853,0.006293421844020486,0.002382605457853515,0,-0.013950998248658768,0.009261290714510456,0.002382605457853515,904_GSL_1
2140,139,2026-02-09 17:30:21.540000+00:00,123928.09888107333,426940.42805827776,7.140205263955787,0.01201114963623695,-0.00304573483299464,0.0036034332165311156,0,-0.012343237339388108,0.0010902789737159515,0.0036034332165311156,905_GSL_1
2141,142,2026-02-09 17:30:37.470000+00:00,124266.93791399998,427056.3155712446,7.075996737849627,0.018423054032609798,0.0004168744198977947,-0.006803995404428775,0,-0.0010162780963126942,0.018399725079505408,-0.006803995404428775,906_GSL_1
2142,137,2026-02-09 17:30:37.570000+00:00,123928.0967723805,426940.42606132873,7.126425437725992,0.007373118613031693,-0.0077672423212789,0.003561746760461837,0,-0.010613978135345014,0.0014270247025606807,0.003561746760461837,905_GSL_1
2143,143,2026-02-09 17:30:41.220000+00:00,124266.93001352536,427056.30807302357,7.1101433119280255,0.010446097265230492,-0.006153852446004748,0.00460157370524783,0,-0.009654188697744672,0.007333995404293188,0.00460157370524783,906_GSL_1
2144,125,2026-02-09 17:30:51.820000+00:00,124339.65999356318,426609.59012863965,6.67550613618711,0.0021279995562508702,-0.001105206785723567,0.00199019805799594,0,-0.00078475590233598,0.002265838106388486,0.00199019805799594,17_P5_1
2145,141,2026-02-09 17:30:53.660000+00:00,124266.92939848058,427056.31249893835,7.083212577075863,0.010769729138701223,-0.002019364677835256,-0.0009221231872347246,0,-0.002349084138716385,0.010702649351086392,-0.0009221231872347246,906_GSL_1
2146,152,2026-02-09 17:30:56.860000+00:00,124370.28435046512,426819.49240166927,9.736442522201482,0.008578803259297274,-0.006768368650227785,0.0075215709736031755,0,-0.008562882235917273,0.006788499639900426,0.0075215709736031755,29_KW_1
2147,146,2026-02-09 17:31:07.090000+00:00,124350.92643497618,426607.5117093677,11.379000303318865,0.00016840123862493783,-0.0001560291275382042,-0.00032120990521811166,0,-0.00011694544544426307,0.0001975546218153079,-0.00032120990521811166,13_P5_1
2148,122,2026-02-09 17:31:10.260000+00:00,124329.16486421441,426611.3892485466,8.078868789959072,0.015313311363570392,-0.0027903622249141335,-0.004795048483325459,0,0.0011837327323298136,0.015520386692421449,-0.004795048483325459,16_P5_1
2149,150,2026-02-09 17:31:13.850000+00:00,124401.11377896495,426812.3153333847,9.190224811060085,0.010598335022223182,-0.006098204350564629,0.008210787816276266,0,0.0014629556030238283,0.012139710146791357,0.008210787816276266,27_KW_1
2150,148,2026-02-09 17:31:22.190000+00:00,124351.04108988302,426607.39825548645,8.016119150176293,-2.853164914995432e-05,-0.00020040827803313732,0.0006627349639103386,0,-0.0002019020905421869,1.459721693056309e-05,0.0006627349639103386,14_P5_1
2151,120,2026-02-09 17:31:24.960000+00:00,124329.27103050274,426611.33006639266,11.351360058252858,0.010778667579870671,-0.0011086974409408867,-0.006671108394014524,0,0.001668269818243989,0.010706342074977808,-0.006671108394014524,15_P5_1
2152,129,2026-02-09 17:31:30.050000+00:00,124898.9506061256,426720.766476292,4.093704439137259,0.010934426813037135,-0.006026378134265542,0.0020196938916452467,0,0.0115707178720754,0.004690139771014741,0.0020196938916452467,901_GSL_1
2153,124,2026-02-09 17:31:39.470000+00:00,124339.6723191698,426609.5882324475,6.669518268768065,0.014553446570062079,-0.0020094565115869045,-0.004911927065128552,0,0.0026403975240079217,0.014452301666337562,-0.004911927065128552,17_P5_1
2154,128,2026-02-09 17:31:42.100000+00:00,124898.93269797463,426720.7897591208,4.07818604057454,-0.007603424877743237,0.02049508597701788,-0.0032058904291396573,0,0.0020032514623960153,-0.021768040854777168,-0.0032058904291396573,901_GSL_1
2155,149,2026-02-09 17:31:47.310000+00:00,124351.05101920862,426607.39072044025,8.019767139823875,0.00970751655404456,-0.006012025231029838,0.0075412958560772125,0,0.0044095628730855775,-0.010532619821008152,0.0075412958560772125,14_P5_1
2156,131,2026-02-09 17:31:59.100000+00:00,124806.22378802266,426258.5127665219,4.5993540641190185,0.005243526509730145,0.006482457392849028,-0.012150408653543998,0,0.002661148634292435,-0.007901589210693588,-0.012150408653543998,903_GSL_1
2157,3,2026-02-09 17:31:59.300000+00:00,124314.90186730956,426440.792936707,7.077847960924684,-0.002357690449571237,-0.001263293030206114,0.02564796092468402,11,0.00025343772544333325,-0.002662777282366829,0.02564796092468402,TS2
2158,147,2026-02-09 17:32:02.540000+00:00,124350.93730642697,426607.50408261287,11.379478504081057,0.01079908138490282,-0.005910127249080688,0.005258862408613396,0,0.004128594090232613,-0.011597606377877162,0.005258862408613396,13_P5_1
2159,127,2026-02-09 17:32:02.580000+00:00,124898.95296396679,426720.7723361445,4.077666096085264,0.012610542558832094,0.0041646259487606585,0.0010663933687640181,0,0.013210251751543998,0.0013635034220840238,0.0010663933687640181,901_GSL_1
2160,154,2026-02-09 17:32:02.780000+00:00,124285.66544514334,426445.5613050849,7.894452494262989,0.0008201433374779299,-0.0025199151132255793,-0.007147505737010285,11,-0.0013772479543325334,-0.0022640219398581307,-0.007147505737010285,TS1-1
2161,126,2026-02-09 17:32:17.250000+00:00,124339.66769729248,426609.5823697738,6.675581814941957,0.01087668833497446,-0.00612038723193109,0.0049246258064989945,0,0.003559525037602341,-0.01196207634617154,0.0049246258064989945,17_P5_1
2162,121,2026-02-09 17:32:33.550000+00:00,124329.27224352366,426611.320697929,11.360126828399931,0.012700753955869004,-0.007018563570454717,0.0058273063258091895,0,0.003202401868131302,-0.014153233125862988,0.0058273063258091895,15_P5_1
2163,123,2026-02-09 17:32:49.060000+00:00,124329.16280406577,426611.3829228218,8.085696058668436,0.013047453641775064,-0.007355197856668383,0.007580413614370229,0,0.0034190820108645696,-0.014582347556137552,0.007580413614370229,16_P5_1
2164,4,2026-02-09 17:32:49.260000+00:00,124378.97051352946,426782.74278957036,7.760015267951886,0.003513529460178688,-0.0005854296032339334,-0.004434732048114398,11,-0.003357060734550746,0.001190697405902856,-0.004434732048114398,TS3
2165,66,2026-02-09 17:34:39.470000+00:00,124898.91716068977,426720.84316314297,4.131370372010239,-0.020444973910343833,0.06895798817276955,0.04908384160647472,0,-0.04547481571842792,-0.0557247003258473,0.04908384160647472,901_GSL_1
2166,71,2026-02-09 17:34:56.760000+00:00,124806.20315940584,426258.58302634023,4.629196484185582,-0.024602529651019722,0.0679202081519179,0.03769282103631433,0,-0.07111937712117347,-0.012667807171151155,0.03769282103631433,903_GSL_1
2167,67,2026-02-09 17:35:13.840000+00:00,123855.59335463526,426533.14604651084,6.0640600163695,-0.02463983888446819,0.054943806142546237,0.019651868031924202,0,-0.010464649561172736,0.0592995329091562,0.019651868031924202,904_GSL_1
2168,110,2026-02-09 17:35:48.040000+00:00,124434.1190976591,426964.00638923416,8.79009099562939,-0.021355224758735858,0.07196139224106446,0.04571782315478501,0,0.06591822197965719,-0.03590648421676922,0.04571782315478501,35_P9_0
2169,111,2026-02-09 17:36:00.240000+00:00,124434.24054994584,426964.04982655577,6.506961389515526,-0.021140813478268683,0.07176277640974149,0.04566887990075763,0,0.06568332289451416,-0.035812444290951276,0.04566887990075763,36_P9_0
2170,68,2026-02-09 17:36:21.320000+00:00,123928.0825953485,426940.42594723456,7.121139001809211,-0.026355013353168033,-0.021787770674563944,0.0023257207689848514,0,-0.0010957004908020741,-0.03417737731669167,0.0023257207689848514,905_GSL_1
2171,67,2026-02-09 17:36:22.430000+00:00,123855.63002689017,426533.08053124987,6.046255554964665,0.012032416023430414,-0.01057145482627675,0.0018474066270890432,0,-0.013899071584744013,-0.007959302832979567,0.0018474066270890432,904_GSL_1
2172,68,2026-02-09 17:36:23.570000+00:00,123928.0984207807,426940.42658461706,7.138660143680414,-0.01052958115178626,-0.02115038817282766,0.01984686264018798,0,0.002955710364983893,-0.023440878296933917,0.01984686264018798,905_GSL_1
2173,69,2026-02-09 17:36:37.150000+00:00,124266.93348225397,427056.3150249851,7.081196164616352,-0.00911494268802926,0.00018660107161849737,-0.00930520631108056,0,0.0008941373642589545,-0.009072900227591135,-0.00930520631108056,906_GSL_1
2174,69,2026-02-09 17:36:40.240000+00:00,124266.93038198586,427056.30833866616,7.11294349273644,-0.012215210794238374,-0.006499717885162681,0.022442121809007176,0,-0.0013855737565215934,-0.013767276153968146,0.022442121809007176,906_GSL_1
2175,68,2026-02-09 17:36:40.930000+00:00,123928.09919682798,426940.4276316874,7.128747641590271,-0.009753533871844411,-0.020103317860048264,0.009934360550045263,0,-0.010582762757238847,-0.01967942947331935,0.009934360550045263,905_GSL_1
2176,66,2026-02-09 17:36:54.220000+00:00,124898.93298421497,426720.7893239953,4.104493506183599,-0.0046214487083489075,0.015118840499781072,0.022206975779834437,0,0.0023683250841997055,-0.015631000048534023,0.022206975779834437,901_GSL_1
2177,69,2026-02-09 17:36:57.930000+00:00,124266.92821149755,427056.31241584255,7.085782110880551,-0.014385699105332606,-0.0024225414963439107,-0.004719260046881502,0,-0.001980270706330576,-0.014453220194140975,-0.004719260046881502,906_GSL_1
2178,66,2026-02-09 17:36:59.950000+00:00,124898.9501243589,426720.7637390954,4.0930697745288604,0.012518695220933296,-0.010466059378813952,0.010783244125096125,0,0.01366918891083108,0.00891119540103853,0.010783244125096125,901_GSL_1
2179,71,2026-02-09 17:37:12.340000+00:00,124806.22749688735,426258.522047979,4.60985981012584,-0.00026504813286010176,0.006941846921108663,0.01835614697657295,0,-0.0026630751437108535,-0.006416192014566573,0.01835614697657295,903_GSL_1
2180,66,2026-02-09 17:37:16.070000+00:00,124898.95472500681,426720.768242184,4.07423025242595,0.01711934313061647,-0.005962970783002675,-0.008056277977813942,0,0.013177211630584437,0.012449498922668301,-0.008056277977813942,901_GSL_1
2181,113,2026-02-09 17:37:36.790000+00:00,124414.05686690855,426875.9894284077,7.342520062573552,-0.02187954260443803,0.07233147224178538,0.04575032571746096,0,-0.06512396120917659,0.03833309193985335,0.04575032571746096,32_P7_0
2182,149,2026-02-09 17:37:42.650000+00:00,124351.0516031653,426607.3906303488,8.021752475822657,0.010291473226970993,-0.006102116662077606,0.009526631854859247,0,0.004406641270066856,-0.011123477947836706,0.009526631854859247,14_P5_1
2183,112,2026-02-09 17:37:49.570000+00:00,124413.93044194045,426875.94170532865,10.707875881391637,-0.021958208686555736,0.07222523767268285,0.04573748890178564,0,-0.06490604194135097,0.038546771656073196,0.04573748890178564,31_P7_0
2184,164,2026-02-09 17:37:53.230000+00:00,124091.0703332015,427154.20439347974,9.835875875676486,-0.0249952498706989,0.009662538301199675,0.02124234404708858,0,0.015936130993826576,-0.02154453275122076,0.02124234404708858,907_GSL_1
2185,102,2026-02-09 17:37:55.080000+00:00,124282.39655869246,426301.79225227714,6.903278687274815,0.0032697466376703233,-0.0013055874733254313,-1.9296491920783865e-05,0,0.0005265964284388282,-0.0034811633007683133,-1.9296491920783865e-05,02_P1_0
2186,147,2026-02-09 17:37:58.130000+00:00,124350.93735663431,426607.5040518909,11.380832883180911,0.010849288722965866,-0.005940849194303155,0.006613241508468093,0,0.004150992491254118,-0.011652039146916676,0.006613241508468093,13_P5_1
2187,103,2026-02-09 17:38:09.100000+00:00,124282.31765292025,426301.7954391917,9.299270469503895,0.005934513086685911,-0.002004961541388184,0.0013189837127818294,0,0.0005971864944038981,-0.006235517993670903,0.0013189837127818294,01_P1_0
2188,122,2026-02-09 17:38:09.450000+00:00,124329.16485731467,426611.3892508219,8.078468689927382,0.015306411616620608,-0.002788086945656687,-0.005195148515015902,0,0.00118418412600591,0.01551313550993722,-0.005195148515015902,16_P5_1
2189,126,2026-02-09 17:38:13.640000+00:00,124339.66812194075,426609.5823667234,6.677045818210545,0.011301336606265977,-0.0061234376626089215,0.006388629075087415,0,0.003468452324414787,-0.01237685486580684,0.006388629075087415,17_P5_1
2190,100,2026-02-09 17:38:24.320000+00:00,124292.48756688966,426345.9287299074,7.588013023399475,0.0038436163449659944,-0.0015050723450258374,-0.00048654556962279827,0,0.0005806333812307632,-0.004086746168732756,-0.00048654556962279827,06_P2_0
2191,120,2026-02-09 17:38:25.730000+00:00,124329.27130918074,426611.3300839514,11.35196170759322,0.011057345574954525,-0.001091138692572713,-0.006069459053652082,0,0.001756106866588343,0.010971397517341032,-0.006069459053652082,15_P5_1
2192,121,2026-02-09 17:38:29.770000+00:00,124329.27243845476,426611.32078230457,11.359397344472063,0.012895685053081252,-0.00693418801529333,0.005097822397940988,0,0.0030670609383830383,-0.014316940791242584,0.005097822397940988,15_P5_1
2193,101,2026-02-09 17:38:37.570000+00:00,124292.41008085276,426345.88150652417,10.216117500086641,0.0047619819233659655,-0.001887001737486571,0.0004990024863573694,0,0.0007376805817274002,-0.0050688336681216795,0.0004990024863573694,05_P2_0
2194,124,2026-02-09 17:38:40.660000+00:00,124339.6715772578,426609.5885310999,6.669761391199839,0.013811534576234408,-0.0017108041211031377,-0.004668804633354284,0,0.0026921754410335393,0.013654212884161352,-0.004668804633354284,17_P5_1
2195,123,2026-02-09 17:38:45.120000+00:00,124329.16301916036,426611.3829644234,8.085693873265456,0.013262548236525618,-0.007313596259336919,0.00757822821138987,0,0.003319070049421603,-0.014777268014683506,0.00757822821138987,16_P5_1
2196,98,2026-02-09 17:38:53.730000+00:00,124302.66391176372,426390.0769109646,7.981123910051964,0.003066130171646364,-0.0010010439436882734,0.0020731149210932998,0,0.00025352728585272184,-0.0032154264292630435,0.0020731149210932998,10_P3_0
2197,170,2026-02-09 17:38:57.160000+00:00,124669.39691962757,426931.30187262327,13.788007330767787,0.008872811100445688,0.0033756515476852655,0.0018172000963989632,0,0.008148901143645243,0.00487003186300453,0.0018172000963989632,908_GSL_1
2198,118,2026-02-09 17:39:01.770000+00:00,124372.27081820046,426775.107685999,6.174349037104644,0.010790838467073627,-0.0049784997827373445,0.008816968114282453,0,-0.003401450649790486,-0.011386737389886164,0.008816968114282453,22_P6_1
2199,99,2026-02-09 17:39:07.870000+00:00,124302.5413305931,426390.1337847664,11.089354052819022,0.0032503019319847226,-0.001031525549478829,0.0015988500696551,0,0.00023127965442912293,-0.0034022077140789574,0.0015988500696551,09_P3_0
2200,92,2026-02-09 17:39:14.070000+00:00,124278.33027205692,426395.6353353874,11.094328203510843,0.016296254339977168,-0.0029552378109656274,-0.00746077971637682,0,0.0005448287550700075,-0.016553081213485133,-0.00746077971637682,11_P3_0
2201,74,2026-02-09 17:39:20.220000+00:00,124369.35743970243,426785.7208388843,7.23855608632025,0.011126493132906035,-0.005627412407193333,0.00850225156317741,0,-0.012294604242756867,-0.002075891700263638,0.00850225156317741,21_P6_1
2202,166,2026-02-09 17:39:24.100000+00:00,124091.04610389179,427154.2020700248,9.829344754960141,-0.02617694390937686,0.013042045233305544,-0.0005088641026631535,0,0.0202804233057395,-0.021072061286031517,-0.0005088641026631535,907_GSL_1
2203,93,2026-02-09 17:39:27.860000+00:00,124278.28400506274,426395.7883663355,7.9416138667104175,0.015881483064731583,-0.0029837670153938234,-0.0071116535691002625,0,0.0006118698885823826,-0.01614775480297352,-0.0071116535691002625,12_P3_0
2204,73,2026-02-09 17:39:35.850000+00:00,124369.50082197765,426785.68805107847,11.41450212573288,0.011482413217891008,-0.008415575721301138,0.008447509669805342,0,-0.013467494107118082,-0.004614578041608032,0.008447509669805342,20_P6_1
2205,125,2026-02-09 17:39:39.010000+00:00,124339.66021516909,426609.59027398424,6.664591044979363,0.0023496054636780173,-0.000959862198214978,-0.008924893149750979,0,-0.0006087960772879345,0.0024640106758669904,-0.008924893149750979,17_P5_1
2206,94,2026-02-09 17:39:41.550000+00:00,124268.23963179666,426351.55316641374,10.207418299197638,0.015409297571750358,-0.002806606760714203,-0.007075640093322733,0,-5.383840566245319e-05,-0.015662713512993653,-0.007075640093322733,07_P2_0
2207,95,2026-02-09 17:39:55.360000+00:00,124268.12557998895,426351.5460808001,7.186597753008852,0.016032086714403704,-0.003110209887381643,-0.007073105236268695,0,0.00011191905108905262,-0.016330605747728086,-0.007073105236268695,08_P2_0
2208,146,2026-02-09 17:39:58.410000+00:00,124350.92265667413,426607.5125182979,11.379284151853861,-0.003609900813899003,0.0006529010715894401,-3.736137022158914e-05,0,-0.0001241961860285154,-0.0036663659122961652,-3.736137022158914e-05,13_P5_1
2209,152,2026-02-09 17:40:00.740000+00:00,124370.28424873787,426819.49232383474,9.736485662515848,0.008477076000417583,-0.006846203177701682,0.007564711287969317,0,-0.008615183822742307,0.006671575763460055,0.007564711287969317,29_KW_1
2210,96,2026-02-09 17:40:08.840000+00:00,124258.0778521076,426307.3492397322,9.298746816542707,0.016873911168659106,-0.0031698447419330478,-0.005798791633184308,0,-0.00019825956661409866,-0.01716792028639477,-0.005798791633184308,03_P1_0
2211,148,2026-02-09 17:40:13.400000+00:00,124351.04111513926,426607.3981585228,8.014256030694979,-3.2754032872617245e-06,-0.00029737193835899234,-0.0012003845174035632,0,-0.0002913088045992857,5.983292031159544e-05,-0.0012003845174035632,14_P5_1
2212,117,2026-02-09 17:40:15.460000+00:00,124377.69142713044,426815.8995219845,7.625733694118305,0.011409986356738955,-0.006184054014738649,0.008298653945845835,0,-0.006626319981535341,0.011158951394305817,0.008298653945845835,26_KW_0
2213,97,2026-02-09 17:40:22.670000+00:00,124258.00355653929,426307.3887308375,6.832009801476836,0.015686330414609984,-0.003121867135632783,-0.005052389119263978,0,-2.1600381793673777e-05,-0.01599395353602006,-0.005052389119263978,04_P1_0
2214,116,2026-02-09 17:40:30.050000+00:00,124377.69867193564,426815.8941500216,10.013979563637431,0.011312044065562077,-0.00591154198627919,0.008919808360307258,0,-0.006347806055333635,0.011073121866963694,0.008919808360307258,25_KW_0
2215,168,2026-02-09 17:40:32.030000+00:00,124669.36316330869,426931.3192072333,13.790556713762047,-0.013568662659963593,0.011466660944279283,-0.010783306173181018,0,0.0013464368910972326,-0.01771383717011203,-0.010783306173181018,908_GSL_1
2216,115,2026-02-09 17:40:44.770000+00:00,124396.30076862597,426811.62795817305,7.6557621834536995,0.010677866157493554,-0.005956163397058845,0.00948989068065309,0,0.00037724901329114023,0.012220899773411963,0.00948989068065309,24_KW_0
2217,114,2026-02-09 17:40:58.940000+00:00,124396.30994669281,426811.62357878574,9.999121889566382,0.01092604779114481,-0.0059599700616672635,0.008437811916198967,0,0.0005051713333241403,0.012435616807956813,0.008437811916198967,23_KW_0
2218,150,2026-02-09 17:41:13.920000+00:00,124401.11389999106,426812.3153016643,9.190300543104238,0.01071936113294214,-0.006129924731794745,0.008286519860428498,0,0.0015100280653814896,0.012255631177448989,0.008286519860428498,27_KW_1
2219,119,2026-02-09 17:41:29.650000+00:00,124400.82493947189,426811.33711674536,3.992958651830572,0.010788084808154963,-0.006012135942000896,0.009424522744389208,0,0.0017659695058092203,0.012223334410773308,0.009424522744389208,28_KW_1
2220,169,2026-02-09 17:41:46.270000+00:00,124669.38656847237,426931.3030635875,13.816850311824243,0.007491024050978012,0.0009040345903486013,0.005095098951350963,0,0.007080705495170405,0.0026069770930219963,0.005095098951350963,908_GSL_1
2221,62,2026-02-09 17:42:05.520000+00:00,124390.62173393807,426780.8749613706,7.453347749293948,0.011053725043893792,-0.0042838373919948936,0.008549875711619137,0,0.011590830095268475,0.0024877214172163617,0.008549875711619137,19_P6_1
2222,72,2026-02-09 17:42:20.410000+00:00,124390.53383827093,426780.8817050663,10.995850038452367,0.009878568074782379,-0.005225865403190255,0.008764716885609758,0,0.010580745032392015,0.0035977230271217677,0.008764716885609758,18_P6_1
2223,134,2026-02-09 17:45:20.960000+00:00,123855.62955019921,426533.0789811171,6.0481615704206995,0.015088057800312527,0.004683055158238858,0.002318651522918991,0,-0.01385123340451175,0.007597619822972,0.002318651522918991,904_GSL_1
2224,138,2026-02-09 17:45:22.180000+00:00,123928.09395457435,426940.43493199535,7.115594023690899,0.00733569567091763,0.0032108433078974485,-0.002342039907028415,0,-0.001951839721540795,0.007766097309820747,-0.002342039907028415,905_GSL_1
2225,139,2026-02-09 17:45:24.050000+00:00,123928.09813082946,426940.42620769126,7.138094801122447,0.011260905768722296,-0.0048963213339447975,0.0014929703831914054,0,-0.012245992131593228,-0.0009042334047372984,0.0014929703831914054,905_GSL_1
2226,137,2026-02-09 17:45:38.250000+00:00,123928.09704956277,426940.4263203677,7.1245137420537,0.007650300889508799,-0.007508203329052776,0.001650051088169846,0,-0.010566359074826098,0.0018034070068230512,0.001650051088169846,905_GSL_1
2227,142,2026-02-09 17:45:38.480000+00:00,124266.94473555991,427056.31625313446,7.078372722674188,0.025244613963877782,0.0010987643036060035,-0.004428010579867525,0,-0.0008666417109270903,0.02525364823792739,-0.004428010579867525,906_GSL_1
2228,143,2026-02-09 17:45:40.330000+00:00,124266.92909007255,427056.30769724486,7.111172782545574,0.009522644453682005,-0.006529631151352078,0.005631044322796264,0,-0.009651895065247777,0.006337015229064368,0.005631044322796264,906_GSL_1
2229,125,2026-02-09 17:45:52.860000+00:00,124339.66261006836,426609.58984541846,6.675259701884981,0.004744504738482647,-0.0013884279760532081,0.0017437637558668229,0,-0.0006853460547657744,0.00489574899717995,0.0017437637558668229,17_P5_1
2230,141,2026-02-09 17:45:54.050000+00:00,124266.9290051751,427056.31248996273,7.0855753454869,0.010376423655543476,-0.0020283402991481125,0.0014406452238020506,0,-0.0023459795580612545,0.010309253715067314,0.0014406452238020506,906_GSL_1
2231,152,2026-02-09 17:45:59.020000+00:00,124370.28425722603,426819.49238320114,9.736375640658972,0.00848556416167412,-0.00678683677688241,0.007454689431092731,0,-0.008559370460215193,0.006693514017519302,0.007454689431092731,29_KW_1
2232,122,2026-02-09 17:46:10.560000+00:00,124329.16480777052,426611.3892635474,8.078697459382074,0.015256867467542179,-0.002775361470412463,-0.004966379060324044,0,0.001183931110468812,0.0154619838099534,-0.004966379060324044,16_P5_1
2233,146,2026-02-09 17:46:10.990000+00:00,124350.92595269249,426607.51176056947,11.379070757455137,-0.000313882454065606,-0.00010482734069228172,-0.00025075576894550977,0,-0.00016875149877309596,-0.0002846645358816176,-0.00025075576894550977,13_P5_1
2234,150,2026-02-09 17:46:16.240000+00:00,124401.113717764,426812.315255496,9.190197756634225,0.010537134076002985,-0.006176093011163175,0.008183733390415782,0,0.0013639274176181822,0.012137339964657465,0.008183733390415782,27_KW_1
2235,148,2026-02-09 17:46:25.920000+00:00,124351.03957698999,426607.3986218106,8.018344562447531,-0.0015414246736327186,0.00016591587336733937,0.0028881472351489634,0,-0.00016458996841199242,-0.0015415668145809054,0.0028881472351489634,14_P5_1
2236,120,2026-02-09 17:46:27.160000+00:00,124329.27089665562,426611.3303061888,11.351467266749687,0.010644820460584015,-0.0008689013193361461,-0.006563899897185976,0,0.001866154232429824,0.010515924140159838,-0.006563899897185976,15_P5_1
2237,129,2026-02-09 17:46:34.150000+00:00,124898.95066117003,426720.7665278012,4.093499047120455,0.010989471251377836,-0.005974868894554675,0.0018143018748411066,0,0.011619280356908741,0.004632478891428609,0.0018143018748411066,901_GSL_1
2238,124,2026-02-09 17:46:41.930000+00:00,124339.67159586558,426609.58856886363,6.668581237649606,0.01383014235761948,-0.001673040387686342,-0.005848958183586994,0,0.002733863327354431,0.013660083933790331,-0.005848958183586994,17_P5_1
2239,128,2026-02-09 17:46:46.410000+00:00,124898.93811580709,426720.77897506993,4.072403560769702,-0.0021855924132978544,0.009711035119835287,-0.00898837023397725,0,0.002227026319221762,-0.00970161693065816,-0.00898837023397725,901_GSL_1
2240,149,2026-02-09 17:46:52.920000+00:00,124351.05208442846,426607.3905507634,8.019761148907735,0.010772736393846571,-0.0061817020759917796,0.0075353049399371486,0,0.004409504250061247,-0.01161126876083399,0.0075353049399371486,14_P5_1
2241,127,2026-02-09 17:46:57.450000+00:00,124898.95337725294,426720.7719279821,4.079422180640941,0.013023828709265217,0.0037564635276794434,0.0028224779244414577,0,0.013420198793308812,0.0019050975909751897,0.0028224779244414577,901_GSL_1
2242,154,2026-02-09 17:46:57.650000+00:00,124285.6654007143,426445.56128369324,7.89483134309093,0.0007757142884656787,-0.002541306777857244,-0.00676865690906947,11,-0.0013389234090961926,-0.002295050522556576,-0.00676865690906947,TS1-1
2243,131,2026-02-09 17:47:04.390000+00:00,124806.22467891904,426258.514611653,4.60868252806271,0.0061344228888629004,0.008327588497195393,-0.0028219447098525308,0,0.0028545804029108347,-0.009941390500394977,-0.0028219447098525308,903_GSL_1
2244,3,2026-02-09 17:47:04.590000+00:00,124314.90193526144,426440.7929535975,7.078451570703567,-0.002289738564286381,-0.0012464025057852268,0.026251570703567317,11,0.00022987904006069632,-0.0025968399115364666,0.026251570703567317,TS2
2245,147,2026-02-09 17:47:10.860000+00:00,124350.93755096501,426607.5039155717,11.380642715136167,0.011043619422707707,-0.006077168392948806,0.0064230734637238385,0,0.004254875975429971,-0.01186547664712934,0.0064230734637238385,13_P5_1
2246,126,2026-02-09 17:47:25.450000+00:00,124339.66818284498,426609.5820792131,6.679811173215205,0.011362240838934667,-0.006410947942640632,0.00915398407974699,0,0.003735334294149617,-0.012499921924402276,0.00915398407974699,17_P5_1
2247,121,2026-02-09 17:47:40.550000+00:00,124329.27225503216,426611.32071603613,11.361148497936021,0.01271226245444268,-0.007000456447713077,0.006848975861899476,0,0.0031818054537484136,-0.014159241548948072,0.006848975861899476,15_P5_1
2248,123,2026-02-09 17:47:56.200000+00:00,124329.16317526472,426611.3828636564,8.083931694132097,0.013418652597465552,-0.0074143632664345205,0.005816049078031682,0,0.0033722360840934933,-0.01495530153394643,0.005816049078031682,16_P5_1
2249,4,2026-02-09 17:47:56.400000+00:00,124378.97050824173,426782.74283688306,7.758383813296404,0.0035082417307421565,-0.0005381169030442834,-0.006066186703596266,11,-0.0033295060456026986,0.0012295199611872002,-0.006066186703596266,TS3
2250,68,2026-02-09 17:51:20.190000+00:00,123928.08060717862,426940.42428171134,7.119677295727753,-0.02834318323584739,-0.023453293892089278,0.0008640146875267263,0,-0.0011956730402352966,-0.03676905487377106,0.0008640146875267263,905_GSL_1
2251,67,2026-02-09 17:51:21.940000+00:00,123855.62972146031,426533.0790048559,6.045038525756018,0.011726986165740527,-0.012097848812118173,0.0006303774184424071,0,-0.013904204822815252,-0.009515946545538173,0.0006303774184424071,904_GSL_1
2252,68,2026-02-09 17:51:22.450000+00:00,123928.09844827627,426940.4268173496,7.1393326942815305,-0.01050208558444865,-0.02091765560908243,0.020519413241304463,0,0.0030065996178570585,-0.023212119173853206,0.020519413241304463,905_GSL_1
2253,69,2026-02-09 17:51:36.200000+00:00,124266.93279891174,427056.31542317796,7.079659067635232,-0.00979828491108492,0.0005847939173690975,-0.010842303292200484,0,0.0013442127154880956,-0.009723243455766518,-0.010842303292200484,906_GSL_1
2254,68,2026-02-09 17:51:40.240000+00:00,123928.09765850405,426940.4265174528,7.127003342622082,-0.011291857808828354,-0.021217552421148866,0.008190061581855979,0,-0.01058499150739192,-0.021578891035163018,0.008190061581855979,905_GSL_1
2255,69,2026-02-09 17:51:40.250000+00:00,124266.92986855094,427056.3080199544,7.112794037894314,-0.012728645713650621,-0.0068184296251274645,0.022292666966881924,0,-0.0014859306151781624,-0.014363196526655493,0.022292666966881924,906_GSL_1
2256,66,2026-02-09 17:51:53.870000+00:00,124898.94118721523,426720.77276417025,4.079974631904006,0.0035815515439026058,-0.0014409845462068915,-0.0023118984997578806,0,0.002606700100958828,0.002847641569386754,-0.0023118984997578806,901_GSL_1
2257,69,2026-02-09 17:51:57.300000+00:00,124266.92961249674,427056.3126070278,7.084333983189164,-0.01298469991888851,-0.0022313562221825123,-0.006167387738268637,0,-0.001832136404263191,-0.013047017236519211,-0.006167387738268637,906_GSL_1
2258,66,2026-02-09 17:51:57.550000+00:00,124898.95050361003,426720.76565235184,4.093092439672992,0.012897946347948164,-0.00855280295945704,0.01080590926922742,0,0.013819380530238286,0.006966504160503848,0.01080590926922742,901_GSL_1
2259,71,2026-02-09 17:52:10.730000+00:00,124806.2231907943,426258.51040307054,4.612706151249877,-0.004571141180349514,-0.004703061538748443,0.02120248810060943,0,-0.0026498473702242023,0.005999369003691796,0.02120248810060943,903_GSL_1
2260,66,2026-02-09 17:52:14.250000+00:00,124898.95374169218,426720.7712392104,4.079509661458987,0.016136028498294763,-0.002965944411698729,-0.0027768689447773554,0,0.013507179724573647,0.009312590286227258,-0.0027768689447773554,901_GSL_1
2261,149,2026-02-09 17:52:37.940000+00:00,124351.05144462577,426607.3905021204,8.020674051960556,0.010132933704880998,-0.006230345054063946,0.008448207992758583,0,0.00455821969603381,-0.01098709143326394,0.008448207992758583,14_P5_1
2262,102,2026-02-09 17:52:52.390000+00:00,124282.39522282426,426301.7926152842,6.904029851086767,0.0019338784331921488,-0.0009425804018974304,0.0007318673200309433,0,0.0004773712859798196,-0.002097727404533014,0.0007318673200309433,02_P1_0
2263,164,2026-02-09 17:52:52.530000+00:00,124091.07099802158,427154.2045845765,9.832776811411197,-0.02433042979100719,0.009853635041508824,0.018143279781799748,0,0.015944369225307023,-0.02085284218885913,0.018143279781799748,907_GSL_1
2264,147,2026-02-09 17:52:52.840000+00:00,124350.93746515262,426607.50392320193,11.380347124697845,0.010957807025988586,-0.0060695381835103035,0.006127483025402114,0,0.004260907687279315,-0.011779537098730935,0.006127483025402114,13_P5_1
2265,103,2026-02-09 17:53:05.610000+00:00,124282.31439040354,426301.7963521421,9.298897279953206,0.0026719963789219037,-0.001092011108994484,0.0009457941620922838,0,0.0004531660464038005,-0.0028507355972671117,0.0009457941620922838,01_P1_0
2266,126,2026-02-09 17:53:06.960000+00:00,124339.6688367997,426609.5821036054,6.676770417875295,0.012016195556498133,-0.006386555673088878,0.0061132287398368845,0,0.003566715578129069,-0.013132234729938413,0.0061132287398368845,17_P5_1
2267,122,2026-02-09 17:53:08.650000+00:00,124329.16531310775,426611.38918256934,8.078830134445552,0.015762204697239213,-0.0028563395026139915,-0.004833703996846239,0,0.0012337348021304417,0.01597133903935031,-0.004833703996846239,16_P5_1
2268,100,2026-02-09 17:53:19.250000+00:00,124292.48552122063,426345.9292434974,7.59326417059252,0.0017979473195737228,-0.0009914823458530009,0.00476460162342196,0,0.0005513457807473268,-0.0019777941339160212,0.00476460162342196,06_P2_0
2269,121,2026-02-09 17:53:21.260000+00:00,124329.27289501515,426611.32055689744,11.359927710075205,0.013352245441637933,-0.0071595951449126005,0.00562818800108289,0,0.003156351260364239,-0.014818222150244411,0.00562818800108289,15_P5_1
2270,120,2026-02-09 17:53:24.580000+00:00,124329.27117258817,426611.3301393581,11.351029635927086,0.010920753004029393,-0.0010357319843024015,-0.007001530719787041,0,0.0017749633813492207,0.010825206321968804,-0.007001530719787041,15_P5_1
2271,101,2026-02-09 17:53:34.500000+00:00,124292.40973062746,426345.8815198341,10.217109113317795,0.004411756628542207,-0.0018736917991191149,0.00149061571751119,0,0.0008055151177484242,-0.004724982846810247,0.00149061571751119,05_P2_0
2272,123,2026-02-09 17:53:36.350000+00:00,124329.16369783184,426611.3825643645,8.08861471003193,0.013941219716798514,-0.007713655126281083,0.010499064977864236,0,0.003513694250032512,-0.015540657493058089,0.010499064977864236,16_P5_1
2273,124,2026-02-09 17:53:39.450000+00:00,124339.67218559506,426609.58833176113,6.66988322851155,0.014419871833524667,-0.001910142891574651,-0.0045469673216436135,0,0.0026929813795321445,0.014294376546425673,-0.0045469673216436135,17_P5_1
2274,98,2026-02-09 17:53:50+00:00,124302.66322506413,426390.0770236273,7.981035083307793,0.00237943057436496,-0.0008883812697604299,0.001984288176922533,0,0.000305165802949821,-0.0025214648463529905,0.001984288176922533,10_P3_0
2275,118,2026-02-09 17:53:53.070000+00:00,124372.27081581751,426775.10766912706,6.174440135487093,0.010788455518195406,-0.0049953717389144,0.008908066496731593,0,-0.0033872187461845044,-0.011396107249562101,0.008908066496731593,22_P6_1
2276,170,2026-02-09 17:53:56.170000+00:00,124669.3959046177,426931.302514246,13.790701921949214,0.007857801232603379,0.004017274302896112,0.004511791277826305,0,0.008023205686231993,0.0036758269208747073,0.004511791277826305,908_GSL_1
2277,99,2026-02-09 17:54:03.860000+00:00,124302.54104575177,426390.13362740603,11.089098608150998,0.0029654606041731313,-0.001188885944429785,0.001343405401630804,0,0.0004517018968703106,-0.003162810740485326,0.001343405401630804,09_P3_0
2278,74,2026-02-09 17:54:10.550000+00:00,124369.35749091601,426785.72082742554,7.238512995674553,0.011177706706803292,-0.005638871167320758,0.008459160917480446,0,-0.012346912594604785,-0.002071652636458724,0.008459160917480446,21_P6_1
2279,92,2026-02-09 17:54:13.640000+00:00,124278.33020923668,426395.635413672,11.09461440469528,0.016233434100286104,-0.002876953163649887,-0.0071745785319397015,0,0.0004765524450362095,-0.016479506666198986,-0.0071745785319397015,11_P3_0
2280,166,2026-02-09 17:54:21.280000+00:00,124091.05166673953,427154.2037149772,9.828259760632363,-0.020614096167264506,0.014686997630633414,-0.0015938584304411307,0,0.02018460229014148,-0.015271892174327189,-0.0015938584304411307,907_GSL_1
2281,73,2026-02-09 17:54:25.950000+00:00,124369.50067611008,426785.6881823132,11.414596760408486,0.011336545649101026,-0.008284340961836278,0.008542144345410563,0,-0.013289164876117376,-0.00453273309621006,0.008542144345410563,20_P6_1
2282,93,2026-02-09 17:54:27.250000+00:00,124278.28399611451,426395.7883675886,7.941545853905751,0.015872534830123186,-0.0029825139208696783,-0.007179666373766658,0,0.0006119485420445674,-0.01613871959616204,-0.007179666373766658,12_P3_0
2283,125,2026-02-09 17:54:39.700000+00:00,124339.65999734047,426609.5903294172,6.675137992713015,0.002131776840542443,-0.0009044292382895947,0.001622054583901189,0,-0.0005855548960748263,0.0022404441989545324,0.001622054583901189,17_P5_1
2284,94,2026-02-09 17:54:41.090000+00:00,124268.23985080831,426351.55290618684,10.20676539929509,0.015628309221938252,-0.003066833654884249,-0.00772853999587042,0,0.00016202988338374411,-0.01592555380889913,-0.00772853999587042,07_P2_0
2285,152,2026-02-09 17:54:53.740000+00:00,124370.28432884233,426819.4923391841,9.736552749403655,0.008557180466596037,-0.0068308538175188005,0.007631798175776083,0,-0.00861870413226305,0.006753061564558385,0.007631798175776083,29_KW_1
2286,95,2026-02-09 17:54:54.860000+00:00,124268.12511053079,426351.54622065957,7.186418154571718,0.015562628555926494,-0.0029703504405915737,-0.007252703673402472,0,6.06871429599828e-05,-0.015843443640204635,-0.007252703673402472,08_P2_0
2287,146,2026-02-09 17:54:57.440000+00:00,124350.92370574485,426607.5121528204,11.380687880984159,-0.0025608300929889083,0.0002874236088246107,0.001366367760075704,0,-0.000259878230427436,-0.002563771909007751,0.001366367760075704,13_P5_1
2288,117,2026-02-09 17:55:08.610000+00:00,124377.69148348688,426815.8994742429,7.625759329473802,0.011466342795756646,-0.0062317956471815705,0.00832428930134288,0,-0.006676232860314914,0.011213394173615892,0.00832428930134288,26_KW_0
2289,96,2026-02-09 17:55:08.760000+00:00,124258.07781474231,426307.3491939361,9.298524935883623,0.016836545881233178,-0.0032156408415175974,-0.006020672292267548,0,-0.0001460292081208323,-0.017140253752581422,-0.006020672292267548,03_P1_0
2290,148,2026-02-09 17:55:12.730000+00:00,124351.04157089205,426607.39805509005,8.015043539906003,0.00045247738307807595,-0.0004008046817034483,-0.00041287530637923453,0,-0.00029578529963898096,0.0005271538974436826,-0.00041287530637923453,14_P5_1
2291,97,2026-02-09 17:55:22.970000+00:00,124258.00369325856,426307.3887559728,6.831809650357159,0.01582304968906101,-0.0030967318452894688,-0.005252540238941172,0,-7.311289789239382e-05,-0.01612306745282316,-0.005252540238941172,04_P1_0
2292,116,2026-02-09 17:55:24.450000+00:00,124377.69869704472,426815.89412966557,10.013554963929911,0.011337153147906065,-0.005931898020207882,0.008495208652787412,0,-0.006369124961118593,0.011097418747207778,0.008495208652787412,25_KW_0
2293,168,2026-02-09 17:55:30.050000+00:00,124669.36754313526,426931.31623112,13.785796174333424,-0.009188836091198027,0.008490547654218972,-0.015543845601804662,0,0.0014996117373414488,-0.012420759751991603,-0.015543845601804662,908_GSL_1
2294,115,2026-02-09 17:55:38.870000+00:00,124396.30071075601,426811.62799239135,7.655634307156171,0.010619996202876791,-0.005921945092268288,0.00936201438312434,0,0.00037686718119477053,0.01215367122118647,0.00936201438312434,24_KW_0
2295,114,2026-02-09 17:55:53.220000+00:00,124396.30991170759,426811.6235331374,9.999227814576802,0.010891062571317889,-0.006005618430208415,0.008543736926618806,0,0.00044803137308780327,0.012429077381300249,0.008543736926618806,23_KW_0
2296,150,2026-02-09 17:56:08.150000+00:00,124401.11385928388,426812.3152101035,9.190239037718026,0.010678653954528272,-0.006221485498826951,0.008225014474216863,0,0.0014123230279949604,0.012277861204512432,0.008225014474216863,27_KW_1
2297,119,2026-02-09 17:56:23.250000+00:00,124400.82492878422,426811.3370957409,3.992257471081756,0.010777397139463574,-0.006033140409272164,0.008723341995573453,0,0.0017427882221513892,0.012227581997780292,0.008723341995573453,28_KW_1
2298,169,2026-02-09 17:56:40.460000+00:00,124669.38625683748,426931.3037425963,13.817830523754186,0.007179389154771343,0.0015830433694645762,0.0060753108812932055,0,0.007112525354832863,0.0018605477747464009,0.0060753108812932055,908_GSL_1
2299,62,2026-02-09 17:56:59.160000+00:00,124390.62167245297,426780.8748869404,7.453387846570134,0.01099223994242493,-0.004358267586212605,0.008589972987805616,0,0.01154184725838055,0.0025709136837099088,0.008589972987805616,19_P6_1
2300,72,2026-02-09 17:57:13.360000+00:00,124390.53405424539,426780.8816239889,10.995970460025504,0.0100945425365353,-0.005306942795868963,0.008885138458746056,0,0.010806824212883726,0.0036436220018514626,0.008885138458746056,18_P6_1
