,Id,Timestamp,Easting,Northing,Height,EastingDiff,NorthingDiff,HeightDiff,Type,LongitudinalDisplacement,TransverseDisplacement,HeightDisplacement,Name
28535,138,2026-02-13 18:00:20.360000+00:00,123928.08558013117,426940.43101188156,7.11592460181256,-0.0010387475049355999,-0.0007092704763635993,-0.0020114617853668193,0,7.505555842438913e-05,-0.001255558700659027,-0.0020114617853668193,905_GSL_1
28536,130,2026-02-13 18:00:21.310000+00:00,124898.94275374827,426720.7762880031,4.125035384355464,0.004380751008284278,0.006611304299440235,0.03497265188526999,0,0.0014906172222648104,-0.0077896331257042,0.03497265188526999,901_GSL_1
28537,133,2026-02-13 18:00:21.450000+00:00,124806.21833130783,426258.50622741564,4.587328385352766,-0.003564785700291395,-0.005256397707853466,-0.0008287188317996907,0,0.0026273473361112716,0.0057822538795488905,-0.0008287188317996907,903_GSL_1
28538,134,2026-02-13 18:00:22.370000+00:00,123855.61421726683,426533.0718044354,6.051902076626917,-0.00024487457994837314,-0.0024936265544965863,0.006059157729136899,0,-0.00025728777826102445,-0.0024923763665130744,0.006059157729136899,904_GSL_1
28539,139,2026-02-13 18:00:23.930000+00:00,123928.08706391689,426940.4318275795,7.1374058110011,0.00019399319717194885,0.0007235669181682169,0.0008039802618444725,0,5.5751928524434866e-05,0.0007470436185941568,0.0008039802618444725,905_GSL_1
28540,125,2026-02-13 18:00:36.990000+00:00,124339.6586335374,426609.5904016516,6.674534451084293,0.0007679737755097449,-0.0008321948116645217,0.001018512955178963,0,-0.0007119505606980049,0.0008806011148947276,0.001018512955178963,17_P5_1
28541,153,2026-02-13 18:00:37.910000+00:00,124370.2757090263,426819.4966941194,9.727675983797841,0.0018702214292716235,-0.0024289778084494174,0.0015955066848523103,0,0.0018519029528371099,-0.002442972951491629,0.0015955066848523103,29_KW_1
28542,132,2026-02-13 18:00:38.830000+00:00,124806.23085902499,426258.5114287132,4.621073951400993,0.01672473721555434,0.006286962772719562,0.038441777190671544,0,0.0029212398227929314,-0.017626942268375384,0.038441777190671544,903_GSL_1
28543,137,2026-02-13 18:00:38.970000+00:00,123928.08487484933,426940.429479356,7.13320581010913,-0.004524412550381385,-0.004349215072579682,0.010342119143600392,0,-0.0008754291666652288,-0.006214467350284713,0.010342119143600392,905_GSL_1
28544,143,2026-02-13 18:00:41.080000+00:00,124266.91947356255,427056.31497910613,7.107344638193606,-9.386554302182049e-05,0.0007522301166318357,0.0018028999708281646,0,0.0007316813014670897,0.00019825075439491358,0.0018028999708281646,906_GSL_1
28545,146,2026-02-13 18:00:52.360000+00:00,124350.92573192256,426607.51177128707,11.378771749242631,-0.0005346523830667138,-9.410973871126771e-05,-0.0005497639814517896,0,-0.00020490620154487745,-0.0005027158861699809,-0.0005497639814517896,13_P5_1
28546,136,2026-02-13 18:00:53.770000+00:00,123855.6143118228,426533.07525136916,6.0260235771025945,-0.0014582889853045344,0.0011428430443629622,0.0037310346658561144,0,0.0005140986208406143,0.0017799998867300837,0.0037310346658561144,904_GSL_1
28547,141,2026-02-13 18:00:55.470000+00:00,124266.91726155728,427056.31449904095,7.09203292795229,-0.0013671941705979407,-1.9262079149484634e-05,0.007898227689191906,0,2.269186946380181e-05,-0.0013671415460260105,0.007898227689191906,906_GSL_1
28548,135,2026-02-13 18:00:56.130000+00:00,123855.62135381458,426533.06184445845,6.059649984915644,0.007703536350163631,-0.01479046285385266,0.03845153779728694,0,0.0019295065720184858,-0.016564397608063663,0.03845153779728694,904_GSL_1
28549,5,2026-02-13 18:00:56.330000+00:00,124424.61764033257,426919.14272694703,8.783332220940965,0.000437555048847571,-0.0036208220408298075,0.015506398934650889,11,-0.0036435944779499943,-0.000161325609818284,0.015506398934650889,TS4
28550,152,2026-02-13 18:00:57.040000+00:00,124370.27569281218,426819.49898607295,9.732440166871726,-7.884968363214284e-05,-0.00018396496307104826,0.003519215643846607,0,-0.00016087454278400378,-0.00011907880470788621,0.003519215643846607,29_KW_1
28551,148,2026-02-13 18:01:08.390000+00:00,124351.04019344704,426607.3984324694,8.013982407278341,-0.0009249676222680137,-2.3425323888659477e-05,-0.001474007934040955,0,-0.00021896973314225842,-0.0008989805915652681,-0.001474007934040955,14_P5_1
28552,140,2026-02-13 18:01:09.470000+00:00,123928.0878132013,426940.4311536583,7.135560541609809,0.000289468836854212,-0.00328501861076802,-1.316459253430935e-05,0,-0.0003964020958950446,-0.003273836412982787,-1.316459253430935e-05,905_GSL_1
28553,122,2026-02-13 18:01:11.290000+00:00,124329.15063125221,426611.39078218344,8.0872281947267,0.001080349160474725,-0.0012567254016175866,0.0035643562843024057,0,-0.0009415981335536694,0.0013637837066403065,0.0035643562843024057,16_P5_1
28554,150,2026-02-13 18:01:13.760000+00:00,124401.1029626276,426812.32179604674,9.185718792918815,-0.00021800232934765518,0.00036445772275328636,0.003704769675005437,0,0.00016120901209772952,-0.00039289451726129876,0.003704769675005437,27_KW_1
28555,145,2026-02-13 18:01:25.670000+00:00,124266.91927630443,427056.31377363903,7.110365201783836,0.0009525515924906358,-0.0009729685843922198,0.0023982654921894664,0,-0.0013614925413529592,-1.8985847647846064e-05,0.0023982654921894664,906_GSL_1
28556,6,2026-02-13 18:01:25.870000+00:00,124399.03951180057,426925.0750443502,8.556422235194464,0.00034105619124602526,-0.00040486472425982356,0.009115539372906767,11,-0.00038109322661142954,0.0003674271671612184,0.009115539372906767,TS5
28557,128,2026-02-13 18:01:26.130000+00:00,124898.93961877891,426720.77134404605,4.075905633377166,-0.000682620593579486,0.0020800112397409976,-0.0054862976265130925,0,0.00028359167964075294,-0.0021707126459912258,-0.0054862976265130925,901_GSL_1
28558,120,2026-02-13 18:01:26.490000+00:00,124329.26122935387,426611.32958963397,11.361089072240446,0.000977518706349656,-0.0015854561352171004,0.003057905593573551,0,-0.0012846973407822423,0.0013486165950884947,0.003057905593573551,15_P5_1
28559,129,2026-02-13 18:01:30.300000+00:00,124898.94009785936,426720.77285504516,4.087162644127243,0.00042616057908162475,0.0003523750347085297,-0.004522101118370259,0,0.0003814656460861007,-0.00040033106937275935,-0.004522101118370259,901_GSL_1
28560,124,2026-02-13 18:01:42.090000+00:00,124339.6585159168,426609.58951296075,6.677052839347934,0.0007501935760956258,-0.0007289432687684894,0.00262264351474073,0,-0.00045783825389179037,0.0009404960520764296,0.00262264351474073,17_P5_1
28561,154,2026-02-13 18:01:42.290000+00:00,124285.66486076989,426445.56233835866,7.895450952182103,0.00023576988314744085,-0.0014866413548588753,-0.006149047817896047,11,-0.001500489116024807,-0.0001192575719486339,-0.006149047817896047,TS1-1
28562,131,2026-02-13 18:01:43.360000+00:00,124806.21759436734,426258.5032683408,4.610200326724687,-0.0009501288150204346,-0.003015723719727248,-0.0013041460478753208,0,0.00015822243711190108,0.0031578948651359586,-0.0013041460478753208,903_GSL_1
28563,3,2026-02-13 18:01:43.560000+00:00,124314.90326329124,426440.7933309494,7.048921857036386,-0.003976060688728467,-0.0027463341830298305,-0.02950723845469838,11,-0.004781454297052167,0.0006993603152391353,-0.02950723845469838,TS2
28564,149,2026-02-13 18:01:47.980000+00:00,124351.04107568049,426607.39707907394,8.013404323170016,-0.0002360115759074688,0.0003466084599494934,0.0011784792022186963,0,-0.0003051693553162758,0.0002875944245751907,0.0011784792022186963,14_P5_1
28565,147,2026-02-13 18:02:03.620000+00:00,124350.92730791283,426607.5104113014,11.375177825205839,0.0008005672425497323,0.000418561277911067,0.0009581835333953848,0,-0.0005398141825585465,-0.0007243632386578406,0.0009581835333953848,13_P5_1
28566,126,2026-02-13 18:02:19.010000+00:00,124339.6581351448,426609.5887385526,6.672094957124248,0.0013145406555850059,0.0002483915304765105,0.0014377679887900285,0,-0.0005332796033799568,-0.001226918233712922,0.0014377679887900285,17_P5_1
28567,121,2026-02-13 18:02:35.030000+00:00,124329.26073753824,426611.32761277235,11.35502204880661,0.0011947685270570219,-0.00010372023098170757,0.0007225267324884044,0,-0.00023316197029770163,-0.0011763780069211588,0.0007225267324884044,15_P5_1
28568,123,2026-02-13 18:02:52.740000+00:00,124329.15152869193,426611.3903543892,8.082417526278961,0.0017720798059599474,7.63695570640266e-05,0.0043018812248956095,0,-0.0005680802550233315,-0.0016802928232274954,0.0043018812248956095,16_P5_1
28569,4,2026-02-13 18:02:52.940000+00:00,124378.97068771039,426782.74199871114,7.7611020904052594,-0.0011302628117846325,0.000815803708974272,0.006026385432993386,11,-0.0012838525716321574,-0.0005429109407563803,0.006026385432993386,TS3
28570,68,2026-02-13 18:06:20.610000+00:00,123928.08163780365,426940.42851558246,7.116536143166853,-0.02731255820253864,-0.019219422771129757,-0.0022771378733734693,0,0.0015213151879328525,-0.033362368730673886,-0.0022771378733734693,905_GSL_1
28571,66,2026-02-13 18:06:21.480000+00:00,124898.93850536575,426720.7665483511,4.131160909800303,0.0008997020631795749,-0.007656803703866899,0.048874379396538714,0,0.003784288140016183,0.006716790158652591,0.048874379396538714,901_GSL_1
28572,67,2026-02-13 18:06:21.730000+00:00,123855.61529659301,426533.077841512,6.051979209515586,-0.0026978811365552247,-0.01326119271107018,0.007571061178010652,0,-1.185978722053903e-06,-0.01353284128853124,0.007571061178010652,904_GSL_1
28573,71,2026-02-13 18:06:21.960000+00:00,124806.22122443683,426258.508261634,4.586518270482669,-0.0065374986588722095,-0.006844498100690544,-0.004985392666598365,0,0.0024328352709767818,0.009146986143501243,-0.004985392666598365,903_GSL_1
28574,68,2026-02-13 18:06:22.910000+00:00,123928.08722915883,426940.43209867296,7.134604131520539,-0.02172120302566327,-0.01563633227488026,0.015790850480312812,0,0.015340433041523696,-0.021931180132201585,0.015790850480312812,905_GSL_1
28575,71,2026-02-13 18:06:37.530000+00:00,124806.21486480768,426258.5019256373,4.625239664216168,-0.012897127802716568,-0.013180494774132967,0.033736001066900556,0,0.00496211619729227,0.017760595454407516,0.033736001066900556,903_GSL_1
28576,67,2026-02-13 18:06:38.410000+00:00,123855.61414630763,426533.07519126043,6.024179454969989,-0.0038481665105791762,-0.01591144426492974,-0.020228693367586814,0,0.012429343242492749,-0.010653350207770725,-0.020228693367586814,904_GSL_1
28577,68,2026-02-13 18:06:38.670000+00:00,123928.08895662015,426940.432742574,7.133500812707348,-0.019993741705548018,-0.0149924312136136,0.014687531667122222,0,-0.00044330465530639676,-0.02498652000710962,0.014687531667122222,905_GSL_1
28578,69,2026-02-13 18:06:40.120000+00:00,124266.91933636354,427056.31562888157,7.107180084555498,-0.023260833113454282,0.0007904975209385157,0.016678713628065722,0,0.009546404584207744,-0.02122633748382416,0.016678713628065722,906_GSL_1
28579,69,2026-02-13 18:06:54.690000+00:00,124266.92430604118,427056.3150188894,7.092955273639398,-0.01829115547297988,0.0001805053325369954,0.002453902711965661,0,0.0007408620824476986,-0.01827703679721052,0.002453902711965661,906_GSL_1
28580,67,2026-02-13 18:06:54.900000+00:00,123855.60716270306,426533.08208576933,6.063424674358565,-0.010831771083758213,-0.009016935364343226,0.019016526020989133,0,0.014025958379208059,-0.0013801738007973058,0.019016526020989133,904_GSL_1
28581,68,2026-02-13 18:06:55.060000+00:00,123928.08774758382,426940.4314461878,7.136329096564474,-0.02120277803624049,-0.016288817452732474,0.017515815524247635,0,0.02066001833939003,-0.01697194781628178,0.017515815524247635,905_GSL_1
28582,66,2026-02-13 18:06:57.330000+00:00,124898.94050321242,426720.7736317854,4.085762347197239,0.0028975487366551533,-0.0005733693833462894,0.0034758167934745288,0,0.0029450404269975353,0.00022644649346138226,0.0034758167934745288,901_GSL_1
28583,66,2026-02-13 18:06:58.510000+00:00,124898.94091823151,426720.7696912632,4.07469055347306,0.003312567831017077,-0.004513891588430852,-0.007595976930704573,0,0.001035789227882007,0.005502314384202303,-0.007595976930704573,901_GSL_1
28584,69,2026-02-13 18:07:10.750000+00:00,124266.91960388313,427056.31402922014,7.110638584992266,-0.02299331352696754,-0.0008091639028862119,0.020137214064833486,0,0.01574117257276491,-0.01677983013041539,0.020137214064833486,906_GSL_1
28585,66,2026-02-13 18:07:11.500000+00:00,124898.94384750871,426720.76251607435,4.084826465081676,0.006241845025215298,-0.011689080449286848,0.0025399346779115817,0,0.000908933441926402,0.013220025380718934,0.0025399346779115817,901_GSL_1
28586,71,2026-02-13 18:07:15.700000+00:00,124806.21838605119,426258.5055322354,4.606410179132289,-0.009375884299515747,-0.00957389670656994,0.014906515983021507,0,-0.00546034951232133,0.012237290866416015,0.014906515983021507,903_GSL_1
28587,149,2026-02-13 18:07:36.710000+00:00,124351.04098288652,426607.39776040294,8.015069080878664,-0.0003288055449957028,0.00102793745463714,0.002843236910866409,0,-0.0009634197174398147,0.0004864061524220175,0.002843236910866409,14_P5_1
28588,164,2026-02-13 18:07:49.700000+00:00,124091.05930150281,427154.2070870369,9.841520117920911,-0.036026948553626426,0.012356095481663942,0.026886586291514192,0,0.021454026540148066,-0.031469649868599806,0.026886586291514192,907_GSL_1
28589,147,2026-02-13 18:07:51.910000+00:00,124350.92723923906,426607.51116478833,11.373871823811212,0.0007318934658542275,0.0011720482143573463,-0.0003478178612308369,0,-0.0012729814141870862,-0.0005374787263442183,-0.0003478178612308369,13_P5_1
28590,110,2026-02-13 18:07:57.200000+00:00,124434.14023903188,426963.9313292869,8.792300050578685,0.00015318940859287977,-0.0007572865579277277,0.04123969032089647,0,-0.0007088738945753685,0.0003073234896857241,0.04123969032089647,35_P9_0
28591,122,2026-02-13 18:08:06.100000+00:00,124329.15017581978,426611.39120027685,8.088002943565188,0.0006249167345231399,-0.0008386319968849421,0.004339105122790343,0,-0.0006526959391305588,0.0008171979945697172,0.004339105122790343,16_P5_1
28592,126,2026-02-13 18:08:08.380000+00:00,124339.65814510224,426609.58947243524,6.671677305006321,0.0013244980946183205,0.000982274184934795,0.0010201158708635916,0,-0.0012511533754811395,-0.0010741382630085512,0.0010201158708635916,17_P5_1
28593,107,2026-02-13 18:08:10.340000+00:00,124409.92206479642,426969.5240677934,6.288530602494868,0.0012472891248762608,-0.0003432597150094807,-0.0005497209351652543,0,-3.6828170518433656e-05,0.0012931361408758334,-0.0005497209351652543,38_P9_0
28594,111,2026-02-13 18:08:12.860000+00:00,124434.26198926577,426963.97475305334,6.508784561252789,0.0002985064493259415,-0.003310726024210453,0.04749205163802017,0,-0.0031739226186818146,0.0009880425690695254,0.04749205163802017,36_P9_0
28595,120,2026-02-13 18:08:21.400000+00:00,124329.2611732733,426611.33007333864,11.361315847685736,0.0009214381425408646,-0.0011017514625564218,0.0032846810388633685,0,-0.000831160924497532,0.0011713565013960444,0.0032846810388633685,15_P5_1
28596,121,2026-02-13 18:08:23.810000+00:00,124329.26072365417,426611.3284194423,11.35467464273561,0.0011808844574261457,0.0007029497064650059,0.00037512066148792655,0,-0.0010040436251263975,-0.0009383617588397999,0.00037512066148792655,15_P5_1
28597,106,2026-02-13 18:08:25.580000+00:00,124410.03329310357,426969.44929321023,8.922861643215938,0.0010892853460973129,-0.00026813067961484194,-0.0010255811225921008,0,1.6666788455730636e-06,0.0011217993799047517,-0.0010255811225921008,37_P9_0
28598,124,2026-02-13 18:08:36.710000+00:00,124339.65812645378,426609.5899279689,6.678080194183853,0.00036073055525776,-0.00031393510289490223,0.003649998350659267,0,-0.00018540740141354437,0.00044080140406682183,0.003649998350659267,17_P5_1
28599,123,2026-02-13 18:08:39.240000+00:00,124329.15155484463,426611.39109700324,8.080272825472868,0.0017982325080083683,0.0008189835934899747,0.002157180418802085,0,-0.0012884672711926586,-0.00149807422056758,0.002157180418802085,16_P5_1
28600,102,2026-02-13 18:08:40.170000+00:00,124282.3933197898,426301.79398057994,6.904036131915914,3.084397758357227e-05,0.0004227153258398175,0.0007381481491783859,0,-0.00041863205473722295,6.623292534328947e-05,0.0007381481491783859,02_P1_0
28601,160,2026-02-13 18:08:41.380000+00:00,124421.81252530556,426965.616798365,5.59448621643557,0.0013191449252190068,-0.001839673612266779,0.0023049865482311915,0,-0.000958004396510725,0.0020510411769800916,0.0023049865482311915,38a_P9_0
28602,170,2026-02-13 18:08:52.880000+00:00,124669.37553526563,426931.30912496254,13.798843984307924,-0.012511550841736607,0.010627990821376443,0.012653853636535928,0,0.0005838721511128744,-0.016405858303538304,0.012653853636535928,908_GSL_1
28603,103,2026-02-13 18:08:55.760000+00:00,124282.31134637819,426301.7979816631,9.298065974632,-0.0003720289678312838,0.0005375098553486168,0.00011448884088594014,0,-0.0004383898171981001,0.00048490902825119457,0.00011448884088594014,01_P1_0
28604,118,2026-02-13 18:08:56.600000+00:00,124372.26146210804,426775.1132397807,6.169533816316688,0.0014347460528369993,0.0005752819124609232,0.004001747326326743,0,-0.0013795374547056136,-0.0006973678555829802,0.004001747326326743,22_P6_1
28605,162,2026-02-13 18:09:04.080000+00:00,124402.99646897239,426879.6458703485,6.546951446726795,0.0010408440721221268,-0.0018632393912412226,0.0022784034362279826,0,0.001946521442183474,-0.0008752552123036468,0.0022784034362279826,34a_P7_0
28606,92,2026-02-13 18:09:10.390000+00:00,124278.31530445971,426395.63721360266,11.104503708343328,0.0013286571338539943,-0.0010770225198939443,0.002714725116108596,0,0.000871987559125189,-0.001471375201785971,0.002714725116108596,11_P3_0
28607,100,2026-02-13 18:09:11.050000+00:00,124292.4844832344,426345.93027563643,7.587316635836873,0.0007599610835313797,4.0656712371855974e-05,-0.0011829331322248393,0,-0.0002143513955351759,-0.0007302378352120623,-0.0011829331322248393,06_P2_0
28608,74,2026-02-13 18:09:14.530000+00:00,124369.34679038521,426785.72615988227,7.233561566894325,0.00047717591223772615,-0.0003064144402742386,0.0035077321372529724,0,-0.000546517472901161,-0.00015134501062872817,0.0035077321372529724,21_P6_1
28609,104,2026-02-13 18:09:20.280000+00:00,124389.8169027483,426881.444355099,10.724774304355286,-0.00019346197950653732,1.5530851669609547e-05,-0.0011375637049209075,0,2.4812926216382307e-05,0.00019249172335649044,-0.0011375637049209075,33_P7_0
28610,93,2026-02-13 18:09:25.280000+00:00,124278.26923189792,426395.79029987,7.951249258567526,0.001108318247133866,-0.0010502325021661818,0.002523738288008559,0,0.0008758993325166894,-0.0012506630260917374,0.002523738288008559,12_P3_0
28611,101,2026-02-13 18:09:26.210000+00:00,124292.40530900547,426345.88347905973,10.21627799640343,-9.865369065664709e-06,8.553382940590382e-05,0.000659498803146974,0,-8.095225801765918e-05,2.9327349036051057e-05,0.000659498803146974,05_P2_0
28612,73,2026-02-13 18:09:31.580000+00:00,124369.48992885163,426785.69575680775,11.409978060852747,0.0005892871995456517,-0.0007098464411683381,0.003923444789672104,0,-0.0007737755572258688,-0.0005024069671367106,0.003923444789672104,20_P6_1
28613,105,2026-02-13 18:09:35.830000+00:00,124389.68804445307,426881.47213311965,7.061443135221794,-0.0006409842899302021,0.00017990550259128213,-0.000852761500995669,0,-4.15036708186893e-05,0.0006644578956627132,-0.000852761500995669,34_P7_0
28614,94,2026-02-13 18:09:40.980000+00:00,124268.22520513932,426351.5550076807,10.216869509536117,0.0009826402238104492,-0.0009653397719375789,0.0023755702451566663,0,0.0007698965170773956,-0.0011422442986186632,0.0023755702451566663,07_P2_0
28615,98,2026-02-13 18:09:41.170000+00:00,124302.66129296302,426390.0780886789,7.980038556314446,0.00044732946844305843,0.0001766703207977116,0.000987761183575131,0,-0.0002766990419355744,-0.00039338746266276816,0.000987761183575131,10_P3_0
28616,99,2026-02-13 18:09:56.140000+00:00,124302.53830924946,426390.1349746995,11.088842835422295,0.00022895829170010984,0.00015840755077078938,0.001087632672927441,0,-0.00020817882917400162,-0.00018486867382867938,0.001087632672927441,09_P3_0
28617,95,2026-02-13 18:09:56.180000+00:00,124268.11040110367,426351.5481760223,7.19637393985394,0.0008532014326192439,-0.0010149877052754164,0.002703081608819602,0,0.0008411282313858677,-0.0010250151339611859,0.002703081608819602,08_P2_0
28618,113,2026-02-13 18:10:07.310000+00:00,124414.07907950814,426875.91378751973,7.344487314562677,0.0018448939663358033,-0.0014446184504777193,0.04113736943740065,0,0.0009664516799939444,-0.0021346023903106126,0.04113736943740065,32_P7_0
28619,96,2026-02-13 18:10:11.600000+00:00,124258.06240510027,426307.3514399245,9.309122496613822,0.0014269038365455344,-0.0009696524357423186,0.004576888437931359,0,0.00067140489232994,-0.001589180881915208,0.004576888437931359,03_P1_0
28620,166,2026-02-13 18:10:13.690000+00:00,124091.05977239135,427154.20863537455,9.82103765996937,-0.012508444342529401,0.019607394991908222,-0.008815959093434245,0,0.02245276289954493,-0.0060650273219238,-0.008815959093434245,907_GSL_1
28621,152,2026-02-13 18:10:17.230000+00:00,124370.27600093432,426819.499653323,9.732265072114162,0.00022927245299797505,0.00048328505363315344,0.0033441208862825533,0,0.0004175272730741304,0.0003343669795422227,0.0033441208862825533,29_KW_1
28622,112,2026-02-13 18:10:23.400000+00:00,124413.95279107023,426875.8659862895,10.709863658441154,0.002056445417110808,-0.0012797759263776243,0.04059805152049023,0,0.0007504251554728432,-0.002302966838954767,0.04059805152049023,31_P7_0
28623,97,2026-02-13 18:10:26.890000+00:00,124257.98831835082,426307.3908340157,6.841885807359317,0.00044814194552600384,-0.001018688955809921,0.0048236167632165206,0,0.0009108280026615618,-0.0006394925657085383,0.0048236167632165206,04_P1_0
28624,125,2026-02-13 18:10:29.670000+00:00,124339.65862647489,426609.59130169504,6.674009318215778,0.0007609112653881311,6.784859579056501e-05,0.000493380086663997,0,0.000177542236042426,0.0007430128802156621,0.000493380086663997,17_P5_1
28625,117,2026-02-13 18:10:33.130000+00:00,124377.68089762397,426815.9064851375,7.621050177331934,0.0008804798853816465,0.000779098947532475,0.0036151371594748127,0,0.0007442674283577523,0.0009101131763103014,0.0036151371594748127,26_KW_0
28626,161,2026-02-13 18:10:38.720000+00:00,124402.99168406807,426879.64387609786,6.589257754218149,0.0002803214738378301,-0.0036307891132310033,0.04763343339442727,0,0.003049990398425288,-0.0019896653695948333,0.04763343339442727,34a_P7_0
28627,146,2026-02-13 18:10:45.870000+00:00,124350.9257277282,426607.51243884605,11.378554504625052,-0.0005388467398006469,0.0005734492442570627,-0.0007670085990305608,0,0.00044670837098427616,-0.000647805121950542,-0.0007670085990305608,13_P5_1
28628,116,2026-02-13 18:10:47.940000+00:00,124377.68813349814,426815.9008629595,10.009013892086838,0.0007736065745120868,0.0008013959159143269,0.003954136809714015,0,0.0007708763432582049,0.0008040225180785336,0.003954136809714015,25_KW_0
28629,148,2026-02-13 18:11:01.170000+00:00,124351.04063835007,426607.3988343889,8.014750574755805,-0.00048006459837779403,0.00037849415093660355,-0.0007058404565771781,0,0.0002681269775712296,-0.0005493885372005595,-0.0007058404565771781,14_P5_1
28630,115,2026-02-13 18:11:03.920000+00:00,124396.29033076065,426811.6348127123,7.6509915967989155,0.00024000083794817328,0.0008983758743852377,0.004719304025869064,0,0.0008939327179430575,-0.0002560545052995625,0.004719304025869064,24_KW_0
28631,153,2026-02-13 18:11:15.180000+00:00,124370.27577234303,426819.49695906107,9.727692429655667,0.0019335381512064487,-0.0021640361519530416,0.0016119525426780967,0,0.0015796352426158467,-0.0024344146625865843,0.0016119525426780967,29_KW_1
28632,168,2026-02-13 18:11:17.270000+00:00,124669.37419249801,426931.3110884726,13.792399868884853,-0.0025394733384018764,0.003347900230437517,-0.008940151050374823,0,0.001226081099091278,-0.004019214590920554,-0.008940151050374823,908_GSL_1
28633,114,2026-02-13 18:11:19.120000+00:00,124396.29958738679,426811.6304772538,9.994493335392063,0.0005667417717631906,0.0009384980075992644,0.00380925774187979,0,0.0010963413033487494,3.2392438369116358e-06,0.00380925774187979,23_KW_0
28634,150,2026-02-13 18:11:34.630000+00:00,124401.10336680461,426812.3224435378,9.185595885097005,0.000186174685950391,0.001011948799714446,0.0035818618531955337,0,0.0009217792759278531,-0.0004571918124837295,0.0035818618531955337,27_KW_1
28635,119,2026-02-13 18:11:49.820000+00:00,124400.81453674819,426811.34410065156,3.9878155198212584,0.0003853611124213785,0.0009717702632769942,0.0042813907350756075,0,0.0010061958273178781,-0.00028356760859479666,0.0042813907350756075,28_KW_1
28636,169,2026-02-13 18:12:06.640000+00:00,124669.37659068631,426931.31009848823,13.811546922834044,-0.0024867620086297393,0.007938935304991901,-0.0002082900388487019,0,0.001401687200934349,-0.008200362922160696,-0.0002082900388487019,908_GSL_1
28637,72,2026-02-13 18:12:49.420000+00:00,124390.5244151029,426780.8883481807,10.990663702348304,0.00045540004794020206,0.0014172489754855633,0.003578380781545931,0,0.00022493425065557655,-0.0014715258900409572,0.003578380781545931,18_P6_1
28638,165,2026-02-13 18:13:25.390000+00:00,124091.06022268927,427154.20618633385,9.853860715039483,-0.023557937893201597,0.010034540202468634,0.0031252213134624895,0,0.02236258905493425,-0.012473293294677144,0.0031252213134624895,907_GSL_1
28639,138,2026-02-13 18:15:19.900000+00:00,123928.08736218038,426940.4331373428,7.1147462234297985,0.0007433017017319798,0.0014161907602101564,-0.0031898401681287325,0,0.0006647861283355232,0.0014547003446328537,-0.0031898401681287325,905_GSL_1
28640,130,2026-02-13 18:15:20.830000+00:00,124898.9385263451,426720.7661025332,4.130206643411187,0.000153347835293971,-0.003574165573809296,0.040143910940992455,0,0.0015205311565089925,0.0032382341035938566,0.040143910940992455,901_GSL_1
28641,133,2026-02-13 18:15:21.790000+00:00,124806.22086916327,426258.5079901774,4.585818327062641,-0.0010269302583765239,-0.0034936359734274447,-0.002338777121924984,0,0.0024460378196117416,0.0026975872655809747,-0.002338777121924984,903_GSL_1
28642,134,2026-02-13 18:15:22.070000+00:00,123855.61387017909,426533.0713506729,6.052801255556719,-0.000591962321777828,-0.0029473890317603946,0.006958336658938968,0,-7.651930994871455e-06,-0.0030062373397484973,0.006958336658938968,904_GSL_1
28643,139,2026-02-13 18:15:24.530000+00:00,123928.08780584723,426940.43434685044,7.132946977069359,0.0009359235409647226,0.003242837847210467,-0.003654853669896596,0,0.0001870917551916147,0.003370006951472338,-0.003654853669896596,905_GSL_1
28644,125,2026-02-13 18:15:36.320000+00:00,124339.65882675059,426609.5910202489,6.674282671707503,0.0009611869609216228,-0.0002135975519195199,0.0007667335783887452,0,-7.186425007739923e-05,0.000982008053731012,0.0007667335783887452,17_P5_1
28645,137,2026-02-13 18:15:38.090000+00:00,123928.08393933205,426940.4291773931,7.132518305211935,-0.005459929830976762,-0.004651177965570241,0.009654614246405124,0,-0.0005722785605814698,-0.007149600511615656,0.009654614246405124,905_GSL_1
28646,153,2026-02-13 18:15:38.920000+00:00,124370.27630659836,426819.49691805156,9.727772078415372,0.0024677934852661565,-0.002205045660957694,0.0016916013023831056,0,0.0014787573271436614,-0.0029606600311838194,0.0016916013023831056,29_KW_1
28647,132,2026-02-13 18:15:39.620000+00:00,124806.21727091055,426258.5033117751,4.6258233560480235,0.003136622777674347,-0.0018299753428436816,0.04319118183770243,0,0.003153478818898168,-0.0018007730405584165,0.04319118183770243,903_GSL_1
28648,143,2026-02-13 18:15:42.310000+00:00,124266.9198625081,427056.31590061495,7.10810676705212,0.00029508001171052456,0.0016737389378249645,0.0025650288293421752,0,0.0014370126689447623,0.0009074518359641874,0.0025650288293421752,906_GSL_1
28649,146,2026-02-13 18:15:51.520000+00:00,124350.92609625006,426607.5124292181,11.377830020340262,-0.0001703248854028061,0.0005638212896883488,-0.0014914928838205554,0,0.0005151300102564384,-0.00028556275286968657,-0.0014914928838205554,13_P5_1
28650,136,2026-02-13 18:15:54.760000+00:00,123855.61496953029,426533.0740351347,6.026495981580661,-0.0008005815034266561,-7.339142030104995e-05,0.004203439143922516,0,0.0006922185848639135,0.00040884040281226043,0.004203439143922516,904_GSL_1
28651,141,2026-02-13 18:15:55.280000+00:00,124266.91746130359,427056.3149137649,7.096688190434316,-0.0011674478591885418,0.00039546185871586204,0.012553490171217874,0,0.00043109211124948743,-0.001154765853860155,0.012553490171217874,906_GSL_1
28652,135,2026-02-13 18:15:56.220000+00:00,123855.61446561474,426533.0714758396,6.066915207003984,0.0008153365051839501,-0.005159081716556102,0.04571675988562607,0,0.002221911582448973,-0.004726944752646061,0.04571675988562607,904_GSL_1
28653,5,2026-02-13 18:15:56.420000+00:00,124424.61786874886,426919.14341662644,8.7784584268747,0.0006659713399130851,-0.0029311426333151758,0.010632604868385798,11,-0.0029898694952740497,0.00030950826104185285,0.010632604868385798,TS4
28654,152,2026-02-13 18:15:57.830000+00:00,124370.27608345129,426819.499726436,9.73222514878201,0.00031178942299447954,0.0005563980666920543,0.0033041975541312496,0,0.0004696813549341605,0.00043149840988941933,0.0033041975541312496,29_KW_1
28655,148,2026-02-13 18:16:06.600000+00:00,124351.04068039583,426607.3988710028,8.015683059223749,-0.0004380188329378143,0.00041510805021971464,0.0002266440113665169,0,0.00031282173724641476,-0.0005160598338095623,0.0002266440113665169,14_P5_1
28656,140,2026-02-13 18:16:10.670000+00:00,123928.08792867175,426940.4308306748,7.135977729380691,0.0004049392882734537,-0.003608002094551921,0.0004040231783477566,0,-0.0005223387180003184,-0.003592884246000175,0.0004040231783477566,905_GSL_1
28657,122,2026-02-13 18:16:10.980000+00:00,124329.1501109966,426611.3911645211,8.088917063065828,0.0005600935546681285,-0.0008743877406232059,0.005253224623430697,0,-0.0007037246870356635,0.0007635641923175104,0.005253224623430697,16_P5_1
28658,150,2026-02-13 18:16:14.530000+00:00,124401.10325403385,426812.32247228833,9.185453635673973,7.340392039623111e-05,0.001040699309669435,0.0034396124301636632,0,0.0008772382705368014,-0.0005647089563497079,0.0034396124301636632,27_KW_1
28659,128,2026-02-13 18:16:24.380000+00:00,124898.93986307111,426720.7719336814,4.078588350571376,-0.00043832839583046734,0.0026696465793065727,-0.002803580432303221,0,0.0007587631363603531,-0.0025968101863430826,-0.002803580432303221,901_GSL_1
28660,120,2026-02-13 18:16:26.080000+00:00,124329.26087723135,426611.33004993404,11.36121258480946,0.0006253961910260841,-0.001125156064517796,0.00318141816258688,0,-0.0009290913444542019,0.0008910027154455775,0.00318141816258688,15_P5_1
28661,145,2026-02-13 18:16:26.890000+00:00,124266.91942156338,427056.3137715134,7.110344852405152,0.001097810541978106,-0.0009750942117534578,0.002377916113506018,0,-0.001466046800298205,8.187482646549353e-05,0.002377916113506018,906_GSL_1
28662,6,2026-02-13 18:16:27.090000+00:00,124399.03945312969,426925.07531589025,8.555901225792072,0.0002823853137670085,-0.0001333246473222971,0.008594529970514131,11,-0.0001187197930618424,0.00028882959985129645,0.008594529970514131,TS5
28663,129,2026-02-13 18:16:31.320000+00:00,124898.94051487958,426720.77408261376,4.086936976067889,0.0008431807946180925,0.0015799436368979514,-0.004747769177724237,0,0.0006502818812897111,-0.0016686249497875302,-0.004747769177724237,901_GSL_1
28664,131,2026-02-13 18:16:40.730000+00:00,124806.2184005529,426258.505243861,4.6094003277942175,-0.00014394325262401253,-0.0010402034968137741,-0.0021041449783449906,0,0.0002268808226114916,0.0010253136432773712,-0.0021041449783449906,903_GSL_1
28665,3,2026-02-13 18:16:40.930000+00:00,124314.9033275354,426440.7939015885,7.057115146277274,-0.003911816529580392,-0.002175695088226348,-0.021313949213809913,11,-0.004421789843830554,0.0006955086304479632,-0.021313949213809913,TS2
28666,124,2026-02-13 18:16:41.490000+00:00,124339.6576573561,426609.58998147055,6.678669037399071,-0.00010836712317541242,-0.00026043347315862775,0.004238841565877394,0,-0.00028125886003724774,-2.1505370894932227e-05,0.004238841565877394,17_P5_1
28667,154,2026-02-13 18:16:41.690000+00:00,124285.66532251258,426445.56251549185,7.895786522096237,0.0006975125725148246,-0.0013095081667415798,-0.005813477903762632,11,-0.0014025990828726055,0.0004837884251447809,-0.005813477903762632,TS1-1
28668,149,2026-02-13 18:16:47.780000+00:00,124351.0420319749,426607.3977437145,8.014060064060855,0.0007202828273875639,0.0010112490272149444,0.0018342200930572261,0,-0.0011119599904890782,-0.0005522471602680486,0.0018342200930572261,14_P5_1
28669,147,2026-02-13 18:17:03.910000+00:00,124350.92756059839,426607.5111458127,11.375444116628607,0.001053252795827575,0.0011530725751072168,0.0012244749561638457,0,-0.0013050284342313071,-0.000857798695050753,0.0012244749561638457,13_P5_1
28670,126,2026-02-13 18:17:21.080000+00:00,124339.65771940027,426609.5894687896,6.6713188072147735,0.0008987961336970329,0.0009786285227164626,0.0006616180793157511,0,-0.0011533430163967152,-0.0006598091860165837,0.0006616180793157511,17_P5_1
28671,121,2026-02-13 18:17:36.920000+00:00,124329.2610400997,426611.3282664047,11.354236267981559,0.0014973299839766696,0.0005499121034517884,-6.325409256291437e-05,0,-0.0009452015330642187,-0.0012849102942740379,-6.325409256291437e-05,15_P5_1
28672,123,2026-02-13 18:17:52.980000+00:00,124329.15148667034,426611.3911682566,8.079933603638963,0.001730058211251162,0.0008902369299903512,0.0018179585848976387,0,-0.0013378536250816116,-0.0014127175526948783,0.0018179585848976387,16_P5_1
28673,4,2026-02-13 18:17:53.180000+00:00,124378.97078129144,426782.74226088234,7.760994449306965,-0.0010366817587055266,0.0010779749136418104,0.005918744334699078,11,-0.0014920903899010476,-0.00010200613529975709,0.005918744334699078,TS3
28674,68,2026-02-13 18:21:20.770000+00:00,123928.08352146398,426940.430163784,7.115397098021681,-0.025428897875826806,-0.017571221222169697,-0.0034161830185448494,0,0.0016715692744798194,-0.030863935565288346,-0.0034161830185448494,905_GSL_1
28675,67,2026-02-13 18:21:21.080000+00:00,123855.61536243894,426533.07635331614,6.053710106568971,-0.002632035204442218,-0.01474938855972141,0.009301958231395346,0,-0.00036251160363370507,-0.014978005793172032,0.009301958231395346,904_GSL_1
28676,66,2026-02-13 18:21:21.420000+00:00,124898.93929023219,426720.7682809544,4.127497479432933,0.0016845685022417456,-0.005924200406298041,0.045210949029169,0,0.0038398915166994517,0.004815511876499368,0.045210949029169,901_GSL_1
28677,68,2026-02-13 18:21:22.020000+00:00,123928.08722666296,426940.43269918335,7.135065860373896,-0.021723698897403665,-0.0150358218816109,0.016252579333669637,0,0.015541060222811771,-0.021365169800203417,0.016252579333669637,905_GSL_1
28678,71,2026-02-13 18:21:23.120000+00:00,124806.21896240296,426258.50773300836,4.596288552123202,-0.008799532530247234,-0.007373123720753938,0.004784888973934365,0,0.001704746680409646,0.011352909975334781,0.004784888973934365,903_GSL_1
28679,68,2026-02-13 18:21:37.390000+00:00,123928.08912365657,426940.43283406674,7.1363937347704285,-0.01982670529105235,-0.014900938491337001,0.01758045373020245,0,-0.0004669470323660742,-0.024797543650325857,0.01758045373020245,905_GSL_1
28680,71,2026-02-13 18:21:37.640000+00:00,124806.22337761715,426258.5073305417,4.622321539299493,-0.004384318337542936,-0.0077755904057994485,0.03081787615022602,0,0.004539990135517211,0.007685736335126395,0.03081787615022602,903_GSL_1
28681,67,2026-02-13 18:21:39.470000+00:00,123855.61524553178,426533.0756652937,6.032759161057218,-0.0027489423664519563,-0.015437410969752818,-0.011648987280358014,0,0.011260543340049846,-0.010911943239862373,-0.011648987280358014,904_GSL_1
28682,69,2026-02-13 18:21:42.120000+00:00,124266.91918751462,427056.3154648809,7.109298069705176,-0.023409682034980506,0.0006264968542382121,0.01879669877774326,0,0.009451043472777037,-0.02142623365323308,0.01879669877774326,906_GSL_1
28683,69,2026-02-13 18:21:53.670000+00:00,124266.92308566209,427056.3151960321,7.094511994090311,-0.01951153457048349,0.0003576480667106807,0.0040106231628787015,0,0.0009553289892081157,-0.019491414519145933,0.0040106231628787015,906_GSL_1
28684,67,2026-02-13 18:21:54.420000+00:00,123855.62178002417,426533.06138133,6.059860098273936,0.00378555002680514,-0.02972137468168512,0.015451949936360343,0,0.013554382810358302,-0.026720202256061254,0.015451949936360343,904_GSL_1
28685,68,2026-02-13 18:21:55.430000+00:00,123928.08804621527,426940.43254685175,7.145205874768189,-0.020904146585962735,-0.015188153483904898,0.02639259372796321,0,0.020397500713530886,-0.0158620715979842,0.02639259372796321,905_GSL_1
28686,66,2026-02-13 18:21:58.890000+00:00,124898.94098735166,426720.76979088533,4.0758664525836945,0.0033816879731602967,-0.004414269467815757,-0.006420077820069814,0,0.0011411824401120188,0.00544236080397904,-0.006420077820069814,901_GSL_1
28687,66,2026-02-13 18:21:59.330000+00:00,124898.9403835011,426720.7733935879,4.087091721739833,0.0027778374205809087,-0.0008115668897517025,0.004805191336068937,0,0.0028543584274939846,0.00047713679287486713,0.004805191336068937,901_GSL_1
28688,66,2026-02-13 18:22:10.190000+00:00,124898.94275258851,426720.7666038154,4.081778126608503,0.005146924828295596,-0.007601339370012283,-0.0005084037952611808,0,0.0015836043871916723,0.009042311239450436,-0.0005084037952611808,901_GSL_1
28689,69,2026-02-13 18:22:11.150000+00:00,124266.91995989475,427056.31534805615,7.1192525587092454,-0.02263730191043578,0.000509672099724412,0.02875118778181296,0,0.016418235259709688,-0.015593227837439,0.02875118778181296,906_GSL_1
28690,71,2026-02-13 18:22:16.850000+00:00,124806.2179820769,426258.5044205676,4.6081192049349955,-0.009779858592082746,-0.01068556448444724,0.016615541785728105,0,-0.005452427887930423,0.013420057844857954,0.016615541785728105,903_GSL_1
28691,149,2026-02-13 18:22:39.330000+00:00,124351.04128821258,426607.3978126347,8.01479981106635,-2.347948611713946e-05,0.0010801692260429263,0.0025739670985522878,0,-0.001063028851976098,0.00019309713365267436,0.0025739670985522878,14_P5_1
28692,164,2026-02-13 18:22:48.390000+00:00,124091.05901851846,427154.2072115711,9.843179836362019,-0.036309932911535725,0.012480629666242748,0.028546304732621763,0,0.021649063648613038,-0.03170954726962252,0.028546304732621763,907_GSL_1
28693,147,2026-02-13 18:22:55.290000+00:00,124350.92760104101,426607.51113263646,11.375119383507243,0.0010936954204225913,0.0011398963397368789,0.0008997418348002384,0,-0.0012984088893788054,-0.0008998153666063827,0.0008997418348002384,13_P5_1
28694,110,2026-02-13 18:22:57.400000+00:00,124434.14034961449,426963.93199300504,8.786893920568277,0.00026377201720606536,-9.356840746477246e-05,0.03583356031048801,0,-3.667003122512976e-05,0.0002774635701247977,0.03583356031048801,35_P9_0
28695,122,2026-02-13 18:23:04.390000+00:00,124329.1508191164,426611.3914322677,8.089124212372646,0.00126821335288696,-0.0006066411733627319,0.005460373930247897,0,-0.0002651236162479234,0.0013806114912484689,0.005460373930247897,16_P5_1
28696,107,2026-02-13 18:23:10.050000+00:00,124409.9223653639,426969.52531702537,6.2972787152983685,0.0015478566056117415,0.0009059722651727498,0.008198391868335264,0,0.0012480422514071655,0.0012880358517916646,0.008198391868335264,38_P9_0
28697,126,2026-02-13 18:23:11.420000+00:00,124339.65812174644,426609.58947932563,6.67142420426953,0.0013011422997806221,0.0009891645750030875,0.0007670151340724018,0,-0.001252701515312457,-0.0010498365369205434,0.0007670151340724018,17_P5_1
28698,111,2026-02-13 18:23:13.330000+00:00,124434.26228718749,426963.9753844492,6.504065993449515,0.0005964281735941768,-0.00267933018039912,0.042773483834746884,0,-0.0024939974604114476,0.0011465223283110176,0.042773483834746884,36_P9_0
28699,120,2026-02-13 18:23:20.180000+00:00,124329.26146970267,426611.3303537878,11.361262613636116,0.00121786750969477,-0.0008213022956624627,0.0032314469892433806,0,-0.0004845436372697593,0.0013867069609733572,0.0032314469892433806,15_P5_1
28700,106,2026-02-13 18:23:24.580000+00:00,124410.03378293675,426969.45050655963,8.932099435567142,0.0015791185287525877,0.0009452187223359942,0.008212211228611821,0,0.0012971994291006768,0.001305498909246999,0.008212211228611821,37_P9_0
28701,121,2026-02-13 18:23:27.210000+00:00,124329.26089398423,426611.32833709684,11.355585730361748,0.001351214523310773,0.0006206042598932981,0.001286208287625712,0,-0.0009723987505048843,-0.0011248871078558095,0.001286208287625712,15_P5_1
28702,124,2026-02-13 18:23:36.090000+00:00,124339.65865555644,426609.59008550266,6.67876257025404,0.0008898332162061706,-0.00015640136552974582,0.004332374420846996,0,0.00012965831008689314,0.0008941215031687795,0.004332374420846996,17_P5_1
28703,160,2026-02-13 18:23:40.170000+00:00,124421.8128915352,426965.6181139792,5.603711086695789,0.0016853745619300753,-0.0005240594618953764,0.011529856808450312,0,0.0003684208457271147,0.0017260914848398919,0.011529856808450312,38a_P9_0
28704,102,2026-02-13 18:23:42.310000+00:00,124282.39314589767,426301.7940728768,6.903762794585527,-0.00014304814976640046,0.0005150121869519353,0.0004648108187907951,0,-0.00046890261885792963,0.00025657486215290243,0.0004648108187907951,02_P1_0
28705,123,2026-02-13 18:23:42.410000+00:00,124329.15177736075,426611.39103115414,8.079659072434595,0.0020207486231811345,0.0007531344890594482,0.0015434273805290388,0,-0.0012873610750326434,-0.0017301265905100942,0.0015434273805290388,16_P5_1
28706,170,2026-02-13 18:23:52.080000+00:00,124669.37457543769,426931.3107268003,13.80056592699642,-0.013471378784743138,0.012229828571435064,0.014375796325031942,0,0.001245835069448887,-0.01815198744568892,0.014375796325031942,908_GSL_1
28707,162,2026-02-13 18:23:57.900000+00:00,124402.99689293937,426879.64702456124,6.555968727067894,0.0014648110518464819,-0.0007090266444720328,0.011295683777326815,0,0.0008334327551809606,-0.0013977768215184924,0.011295683777326815,34a_P7_0
28708,103,2026-02-13 18:23:58.570000+00:00,124282.31168481872,426301.79779205273,9.29760134514645,-3.35884396918118e-05,0.0003478995058685541,-0.00035014064466309947,0,-0.0003310456938170383,0.00011212046231491514,-0.00035014064466309947,01_P1_0
28709,118,2026-02-13 18:23:59.510000+00:00,124372.2614927312,426775.11328696494,6.1695015266820015,0.001465369205106981,0.0006224661483429372,0.0039694576916398105,0,-0.0014351917736255217,-0.0006891992353640462,0.0039694576916398105,22_P6_1
28710,92,2026-02-13 18:24:09.500000+00:00,124278.31573272863,426395.63740318693,11.104956321495045,0.0017569260526215658,-0.0008874382474459708,0.00316733826782567,0,0.0006220233492011123,-0.00186746425680895,0.00316733826782567,11_P3_0
28711,104,2026-02-13 18:24:13.280000+00:00,124389.81715429766,426881.4456775109,10.733786573941153,5.8087389334104955e-05,0.0013379427837207913,0.007874705880945854,0,-0.0013210327051774062,0.00021985820239840074,0.007874705880945854,33_P7_0
28712,100,2026-02-13 18:24:13.990000+00:00,124292.48438068136,426345.930250268,7.587626972920522,0.0006574080471182242,1.5288300346583128e-05,-0.0008725960485760353,0,-0.00016607671797085882,-0.0006362684938697754,-0.0008725960485760353,06_P2_0
28713,74,2026-02-13 18:24:17.820000+00:00,124369.34678695259,426785.7261483436,7.2335589037164185,0.00047374329005833715,-0.00031795311952009797,0.0035050689593463247,0,-0.000546656199701172,-0.00016338265029106324,0.0035050689593463247,21_P6_1
28714,93,2026-02-13 18:24:24.400000+00:00,124278.26961309582,426395.79043845367,7.951612532468286,0.0014895161439199,-0.0009116488508880138,0.002887012188768523,0,0.000682771001110851,-0.0016073536419735175,0.002887012188768523,12_P3_0
28715,105,2026-02-13 18:24:28.210000+00:00,124389.68828166075,426881.4735604585,7.070451446902895,-0.00040377660479862243,0.0016072443686425686,0.008155550180105386,0,-0.0014868491275672126,0.0007318125982576209,0.008155550180105386,34_P7_0
28716,101,2026-02-13 18:24:29.070000+00:00,124292.40558259976,426345.88340860663,10.2161103338885,0.00026372892898507416,1.5080731827765703e-05,0.0004918362882158078,0,-7.550194693235933e-05,-0.000253139946404155,0.0004918362882158078,05_P2_0
28717,73,2026-02-13 18:24:34.710000+00:00,124369.48997193082,426785.69572219724,11.409973029532535,0.0006323663837974891,-0.0007444569491781294,0.003918413469460091,0,-0.0008252004538591271,-0.0005226352489905478,0.003918413469460091,20_P6_1
28718,94,2026-02-13 18:24:39.820000+00:00,124268.22525221456,426351.55527508195,10.217745250388585,0.0010297154658474028,-0.0006979385507293046,0.003251311097624665,0,0.0004983895921025769,-0.0011397543488328012,0.003251311097624665,07_P2_0
28719,98,2026-02-13 18:24:43.790000+00:00,124302.66125575837,426390.07810375915,7.9803694270392125,0.00041012481960933656,0.00019175058696419,0.0013186319083420273,0,-0.0002826286482168794,-0.0003536830536904499,0.0013186319083420273,10_P3_0
28720,95,2026-02-13 18:24:55.840000+00:00,124268.11053806056,426351.5483074104,7.19733640377368,0.0009901583252940327,-0.0008835996268317103,0.0036655455285599103,0,0.0006868278584063894,-0.0011355304058470273,0.0036655455285599103,08_P2_0
28721,99,2026-02-13 18:24:59.570000+00:00,124302.5383788977,426390.13489281584,11.088676674291285,0.0002986065373988822,7.65238655731082e-05,0.0009214715419183506,0,-0.00014514468118344504,-0.00027194629562425973,0.0009214715419183506,09_P3_0
28722,113,2026-02-13 18:25:07.100000+00:00,124414.08007084274,426875.9142370889,7.339692799061742,0.0028362285665934905,-0.0009950493113137782,0.03634285393646586,0,0.0002948332955053725,-0.002991218638242352,0.03634285393646586,32_P7_0
28723,165,2026-02-13 18:25:10.030000+00:00,124091.06126784094,427154.20705433225,9.854804165792126,-0.02251278622134123,0.01090253860456869,0.0040686720661060605,0,0.022408414659012308,-0.01111547767492178,0.0040686720661060605,907_GSL_1
28724,96,2026-02-13 18:25:11.490000+00:00,124258.06265581337,426307.35165884823,9.30942336784726,0.001677616935921833,-0.0007507287082262337,0.00487775967136983,0,0.0004076121159736327,-0.0017921619736949801,0.00487775967136983,03_P1_0
28725,166,2026-02-13 18:25:17.810000+00:00,124091.05984836484,427154.2086448967,9.824714404771987,-0.01243247085949406,0.019616917124949396,-0.005139214290817762,0,0.022439104548920022,-0.005989687487835959,-0.005139214290817762,907_GSL_1
28726,112,2026-02-13 18:25:23.480000+00:00,124413.95311068729,426875.86654710217,10.704915632954801,0.0023760624753776938,-0.0007189632742665708,0.03565002603413703,0,0.00012941440162320873,-0.0024790790607188366,0.03565002603413703,31_P7_0
28727,152,2026-02-13 18:25:26.220000+00:00,124370.27598299347,426819.4996590709,9.732079058535847,0.00021133160043973476,0.0004890330019406974,0.003158107307967839,0,0.0004272508271995162,0.0003182311313949014,0.003158107307967839,29_KW_1
28728,97,2026-02-13 18:25:26.480000+00:00,124257.98872948425,426307.39096710656,6.842639186176856,0.0008592753729317337,-0.0008855980704538524,0.005576995580756083,0,0.00069957620646274,-0.0010164798277731628,0.005576995580756083,04_P1_0
28729,125,2026-02-13 18:25:33.840000+00:00,124339.65801874557,426609.59124068095,6.67467439896219,0.00015318194346036762,6.834510713815689e-06,0.0011584608330759139,0,2.8989581734170553e-05,0.00015056899577891317,0.0011584608330759139,17_P5_1
28730,161,2026-02-13 18:25:39.900000+00:00,124402.99179048376,426879.6446325985,6.584383516997313,0.0003867371706292033,-0.0028742884751409292,0.04275919617359136,0,0.002335347460318381,-0.0017196662807238902,0.04275919617359136,34a_P7_0
28731,117,2026-02-13 18:25:41.790000+00:00,124377.68080039512,426815.90643121966,7.62102635351095,0.0007832510309526697,0.0007251811330206692,0.0035913133384903873,0,0.0006941716619883641,0.0008108609972553087,0.0035913133384903873,26_KW_0
28732,146,2026-02-13 18:25:49.940000+00:00,124350.92571238648,426607.51235364564,11.378022582143785,-0.0005541884602280334,0.0004882488283328712,-0.0012989310802975496,0,0.0003601896657030941,-0.0006448063062184127,-0.0012989310802975496,13_P5_1
28733,116,2026-02-13 18:25:57.160000+00:00,124377.68819745306,426815.90086224175,10.009060898842145,0.0008375614852411672,0.0008006781572476029,0.004001143565021792,0,0.0007676856044082182,0.000867901818086122,0.004001143565021792,25_KW_0
28734,153,2026-02-13 18:26:04.620000+00:00,124370.27587225135,426819.49827723,9.736689870432825,0.002033446478890255,-0.000845867209136486,0.010609393319835903,0,0.00028156409163366153,-0.0021842888042349247,0.010609393319835903,29_KW_1
28735,148,2026-02-13 18:26:05.120000+00:00,124351.04036878463,426607.3989926325,8.015189317169261,-0.000749630038626492,0.0005367377889342606,-0.00026709804312119445,0,0.0003656311198797139,-0.0008463725734312881,-0.00026709804312119445,14_P5_1
28736,115,2026-02-13 18:26:13.730000+00:00,124396.29034852983,426811.6346850794,7.650885969416206,0.00025777002156246454,0.0007707429467700422,0.004613676643159259,0,0.0007935982472142496,-0.00017519102725468676,0.004613676643159259,24_KW_0
28737,168,2026-02-13 18:26:22.860000+00:00,124669.37215737424,426931.3126309762,13.79166289931977,-0.004574597114697099,0.004890403826721013,-0.00967712061545889,0,0.0012842776667402694,-0.006572185270130074,-0.00967712061545889,908_GSL_1
28738,114,2026-02-13 18:26:28.930000+00:00,124396.29956490926,426811.63043294987,9.99448498258667,0.0005442642432171851,0.0008941940614022315,0.00380090493648666,0,0.0010467860195691855,6.753897118956854e-06,0.00380090493648666,23_KW_0
28739,150,2026-02-13 18:26:44.430000+00:00,124401.10336132318,426812.3223917385,9.18545930668701,0.00018069325597025454,0.0009601494530215859,0.0034452834432006085,0,0.0008770209085170887,-0.0004305477336076026,0.0034452834432006085,27_KW_1
28740,119,2026-02-13 18:26:59.930000+00:00,124400.8145835165,426811.3440372775,3.98760570137046,0.00043212942546233535,0.0009083962067961693,0.004071572284277458,0,0.000984216974228911,-0.0002079337791503918,0.004071572284277458,28_KW_1
28741,169,2026-02-13 18:27:16.530000+00:00,124669.3758027532,426931.3112157164,13.811147779148738,-0.003274695118307136,0.009056163486093283,-0.0006074337241539496,0,0.0012090239554981693,-0.00955384667449428,-0.0006074337241539496,908_GSL_1
28742,72,2026-02-13 18:27:58.600000+00:00,124390.52442307974,426780.8883375915,10.990629122916951,0.00046337688399944454,0.0014066597796045244,0.0035438013501938315,0,0.0002344891080297105,-0.0014623353686475324,0.0035438013501938315,18_P6_1
28743,138,2026-02-13 18:30:19.960000+00:00,123928.08679441946,426940.4328243589,7.11398390008857,0.00017554078658577055,0.001103206886909902,-0.003952163509357121,0,0.000764870417761849,0.0008141579988634903,-0.003952163509357121,905_GSL_1
28744,134,2026-02-13 18:30:20.980000+00:00,123855.61444541696,426533.0723660568,6.054549906097458,-1.672445796430111e-05,-0.0019320051651448011,0.008706987199677663,0,-0.00036886293195272676,-0.0018965399555695176,0.008706987199677663,904_GSL_1
28745,130,2026-02-13 18:30:21.150000+00:00,124898.94048985654,426720.77044384263,4.124424175080048,0.002116859279340133,0.0007671438506804407,0.0343614426098533,0,0.0016569440786637735,-0.0015245127799878556,0.0343614426098533,901_GSL_1
28746,133,2026-02-13 18:30:22.740000+00:00,124806.22107630096,426258.5089634538,4.596669622173276,-0.0008197925635613501,-0.0025203595287166536,0.008512517988710222,0,0.0017234527783844037,0.00201345040215606,0.008512517988710222,903_GSL_1
28747,139,2026-02-13 18:30:23.410000+00:00,123928.08782453147,426940.43470545486,7.133521150524967,0.000954607778112404,0.003601442265789956,-0.0030806802142890888,0,0.00028783959677325605,0.003714675055826606,-0.0030806802142890888,905_GSL_1
28748,137,2026-02-13 18:30:37.100000+00:00,123928.08488738604,426940.42989354505,7.134515845348469,-0.004511875842581503,-0.003935026004910469,0.011652154382939095,0,-0.0005470464417930143,-0.005961727389667679,0.011652154382939095,905_GSL_1
28749,125,2026-02-13 18:30:37.940000+00:00,124339.65862269829,426609.5913026,6.674169011347832,0.000757134665036574,6.875355029478669e-05,0.0006530732187179922,0,0.0001778896106978143,0.0007391449371293582,0.0006530732187179922,17_P5_1
28750,132,2026-02-13 18:30:39.150000+00:00,124806.22934580024,426258.51071947685,4.62244553106267,0.015211512465612032,0.005577726406045258,0.0398133568523491,0,0.0027785029482838087,-0.015961862821066434,0.0398133568523491,903_GSL_1
28751,153,2026-02-13 18:30:39.260000+00:00,124370.27619768139,426819.49829499464,9.736937915060263,0.0023588765179738402,-0.0008281025802716613,0.010857437947274562,0,0.00017887517679809108,-0.002493603012034278,0.010857437947274562,29_KW_1
28752,143,2026-02-13 18:30:39.820000+00:00,124266.92035496733,427056.31609882065,7.10663609730935,0.0007875392329879105,0.0018719446379691362,0.001094359086572183,0,0.0014337752168673635,0.0014382918336045475,0.001094359086572183,906_GSL_1
28753,141,2026-02-13 18:30:53.180000+00:00,124266.91760620331,427056.3151263769,7.093347641041271,-0.0010225481382803991,0.000608073896728456,0.009212940778173362,0,0.0006391594235161856,-0.0010034110774322239,0.009212940778173362,906_GSL_1
28754,146,2026-02-13 18:30:53.940000+00:00,124350.9260245365,426607.512361976,11.379044539145884,-0.0002420384407741949,0.0004965792177245021,-0.0002769740781989327,0,0.0004342587312492289,-0.0003414569967391089,-0.0002769740781989327,13_P5_1
28755,136,2026-02-13 18:30:55.070000+00:00,123855.61325625842,426533.07816255104,6.033390127633398,-0.0025138533674180508,0.004054024931974709,0.011097585196659487,0,-0.0003329503961120438,0.004758541891764792,0.011097585196659487,904_GSL_1
28756,152,2026-02-13 18:30:56.420000+00:00,124370.27614159857,426819.4997406894,9.732215853406752,0.00036993670801166445,0.0005706514930352569,0.0032949021788724053,0,0.00047016650558307025,0.0004913651915486892,0.0032949021788724053,29_KW_1
28757,135,2026-02-13 18:30:57.090000+00:00,123855.61847234829,426533.0662642199,6.058711208542938,0.004822070055524819,-0.010370701435022056,0.03751276142458071,0,0.0018324302014759816,-0.011289198706350966,0.03751276142458071,904_GSL_1
28758,5,2026-02-13 18:30:57.290000+00:00,124424.61785026887,426919.1431591012,8.781974452544828,0.000647491353447549,-0.003188667877111584,0.01414863053851434,11,-0.003252877377042619,-7.507764805165203e-05,0.01414863053851434,TS4
28759,122,2026-02-13 18:31:08.950000+00:00,124329.15052702406,426611.39145698264,8.089287175539726,0.0009761210094438866,-0.0005819262005388737,0.005623337097327763,0,-0.0003153052409056394,0.0010918026071634003,0.005623337097327763,16_P5_1
28760,148,2026-02-13 18:31:10.140000+00:00,124351.04106973406,426607.39883800456,8.015633298544413,-4.8680609324947e-05,0.0003821098362095654,0.0001768833320312524,0,0.00036310636105767787,-0.00012857487784089208,0.0001768833320312524,14_P5_1
28761,140,2026-02-13 18:31:11+00:00,123928.08794177242,426940.43244108977,7.145520006996161,0.00041803995554801077,-0.0019975871546193957,0.009946300793817642,0,-0.00048293037271742253,-0.00198289941747987,0.009946300793817642,905_GSL_1
28762,150,2026-02-13 18:31:13.990000+00:00,124401.10323266244,426812.3224255531,9.185458456970206,5.203251203056425e-05,0.0009939640876837075,0.0034444337263970226,0,0.000827014955804236,-0.0005538214990312613,0.0034444337263970226,27_KW_1
28763,120,2026-02-13 18:31:24.080000+00:00,124329.26189449876,426611.33022555854,11.362052233524498,0.0016426635993411765,-0.0009495315607637167,0.004021066877625046,0,-0.0005005141958326717,0.00183014737801546,0.004021066877625046,15_P5_1
28764,145,2026-02-13 18:31:26.630000+00:00,124266.91987535736,427056.3151208678,7.119235695861041,0.0015516045241383836,0.00037426018388941884,0.011268759569395215,0,-0.000837062587348335,0.0013589972440860032,0.011268759569395215,906_GSL_1
28765,6,2026-02-13 18:31:26.830000+00:00,124399.03938449667,426925.0751923329,8.555717939023282,0.00021375229698605835,-0.00025688199093565345,0.008411243201724261,11,-0.000302965665703523,-0.00014103264564880845,0.008411243201724261,TS5
28766,128,2026-02-13 18:31:27.870000+00:00,124898.94010503651,426720.77163176,4.075898730454372,-0.00019636299111880362,0.0023677251883782446,-0.005493200549307353,0,0.0008464402903889947,-0.002219959420072383,-0.005493200549307353,901_GSL_1
28767,129,2026-02-13 18:31:34.020000+00:00,124898.94058368297,426720.7729162615,4.08784177492821,0.0009119841852225363,0.00041359139140695333,-0.003842970317403882,0,0.0008566303122653027,-0.0005186111271947439,-0.003842970317403882,901_GSL_1
28768,124,2026-02-13 18:31:40.040000+00:00,124339.65846923746,426609.5901993157,6.678741249604833,0.0007035142334643751,-4.258833359926939e-05,0.004311053771639983,0,0.00017951007063038025,0.0006815586382608659,0.004311053771639983,17_P5_1
28769,154,2026-02-13 18:31:40.240000+00:00,124285.66543792361,426445.5620403902,7.895453307693459,0.0008129236084641889,-0.0017846098053269088,-0.006146692306540302,11,-0.001957272705286652,-0.0001214928294478993,-0.006146692306540302,TS1-1
28770,131,2026-02-13 18:31:46.640000+00:00,124806.21877576968,426258.50638776657,4.610234446381783,0.00023127353051677346,0.00010370207019150257,-0.001270026390779222,0,0.0001807577690097933,-0.00017767440508497132,-0.001270026390779222,903_GSL_1
28771,3,2026-02-13 18:31:46.840000+00:00,124314.90295721391,426440.793557446,7.048743941511562,-0.004282138019334525,-0.0025198375806212425,-0.029685153979522205,11,-0.0048879724121882375,0.0008910741534956739,-0.029685153979522205,TS2
28772,149,2026-02-13 18:31:51.020000+00:00,124351.0423636595,426607.3975410547,8.015465865696108,0.0010519674251554534,0.0008085892186500132,0.0032400217283097277,0,-0.0009639968812084188,-0.0009116808658328169,0.0032400217283097277,14_P5_1
28773,147,2026-02-13 18:32:06.110000+00:00,124350.92730571779,426607.51108061505,11.375216717744769,0.000798372202552855,0.0010878749308176339,0.0009970760723252425,0,-0.0012003714119877046,-0.0006164239711377337,0.0009970760723252425,13_P5_1
28774,126,2026-02-13 18:32:21.370000+00:00,124339.6586370714,426609.5892616902,6.671119855856089,0.001816467265598476,0.0007715291576460004,0.00046266672063133285,0,-0.0011545664087812756,-0.0016005583325210799,0.00046266672063133285,17_P5_1
28775,121,2026-02-13 18:32:37.420000+00:00,124329.26118135014,426611.32818079,11.354589804351441,0.0016385804337915033,0.0004642974236048758,0.00029028227731942025,0,-0.0009023172620705,-0.0014444173545551415,0.00029028227731942025,15_P5_1
28776,123,2026-02-13 18:32:53.670000+00:00,124329.15225983535,426611.3908395431,8.080049538403223,0.0025032232224475592,0.0005615234258584678,0.0019338933491575006,0,-0.0012380717912580743,-0.002246911947291125,0.0019338933491575006,16_P5_1
28777,4,2026-02-13 18:32:53.870000+00:00,124378.97057123431,426782.74206056655,7.761402584976316,-0.0012467388878576458,0.0008776591275818646,0.006326880004049684,11,-0.0015131062167096049,0.00018749126827408635,0.006326880004049684,TS3
28778,68,2026-02-13 18:36:20.620000+00:00,123928.08315344198,426940.4299288838,7.116203435049856,-0.025796919871936552,-0.017806121439207345,-0.0026098459903698412,0,0.001711060450107055,-0.03129874290962808,-0.0026098459903698412,905_GSL_1
28779,66,2026-02-13 18:36:21.570000+00:00,124898.93568676418,426720.7593340601,4.130509268832291,-0.0019188995065633208,-0.014871094725094736,0.04822273842852631,0,0.003967464012102162,0.014459974514213488,0.04822273842852631,901_GSL_1
28780,71,2026-02-13 18:36:21.760000+00:00,124806.2199597096,426258.5077018324,4.583924536818962,-0.007802225882187486,-0.00740429968573153,-0.007579126330305108,0,0.0022512425682377248,0.010518093432355255,-0.007579126330305108,903_GSL_1
28781,67,2026-02-13 18:36:22.180000+00:00,123855.61498993298,426533.074187738,6.051239336909276,-0.0030045411695027724,-0.01691496669081971,0.006831188571700508,0,-0.0004294170075751639,-0.017174369473852095,0.006831188571700508,904_GSL_1
28782,68,2026-02-13 18:36:22.200000+00:00,123928.087667041,426940.43381058046,7.1360003109668115,-0.021283320849761367,-0.013924424769356847,0.017187029926585495,0,0.015492329505551346,-0.020170698501608433,0.017187029926585495,905_GSL_1
28783,71,2026-02-13 18:36:38.210000+00:00,124806.21409721508,426258.5014881481,4.626471803972341,-0.013664720405358821,-0.013617983961012214,0.03496814082307331,0,0.0049570092150056175,0.018644091036072664,0.03496814082307331,903_GSL_1
28784,67,2026-02-13 18:36:38.280000+00:00,123855.61368268519,426533.07595498627,6.022741497755854,-0.0043117889581480995,-0.0151477184263058,-0.02166665058172157,0,0.01235857037607299,-0.00976271661997332,-0.02166665058172157,904_GSL_1
28785,69,2026-02-13 18:36:38.690000+00:00,124266.92006030197,427056.3158195518,7.108114395453198,-0.022536894684890285,0.0009811677737161517,0.017613024525765297,0,0.009448511627055733,-0.020484138748588083,0.017613024525765297,906_GSL_1
28786,68,2026-02-13 18:36:38.920000+00:00,123928.08801245774,426940.4317742884,7.131640894289407,-0.0209379041189095,-0.015960716817062348,0.012827613249180914,0,-0.0006752175224696142,-0.026318897991831923,0.012827613249180914,905_GSL_1
28787,68,2026-02-13 18:36:54.210000+00:00,123928.08745434813,426940.43159164523,7.136244845756629,-0.021496013723663054,-0.016143360000569373,0.017431564716402725,0,0.020957860386621924,-0.01683611493577889,0.017431564716402725,905_GSL_1
28788,69,2026-02-13 18:36:55.210000+00:00,124266.92102262059,427056.3147036067,7.093803158407608,-0.021574576065177098,-0.0001347773359157145,0.003301787480175733,0,0.0005263515808815758,-0.021568575551846082,0.003301787480175733,906_GSL_1
28789,67,2026-02-13 18:36:55.720000+00:00,123855.61288701612,426533.0743815319,6.063335883560182,-0.0051074580260319635,-0.016721172782126814,0.018927735222606046,0,0.013614534152572176,-0.010969421429859584,0.018927735222606046,904_GSL_1
28790,66,2026-02-13 18:36:56.210000+00:00,124898.94036454965,426720.77330863144,4.085841600099537,0.0027588859666138887,-0.0008965233573690057,0.0035550696957722394,0,0.002845593831907837,0.0005637389918174184,0.0035550696957722394,901_GSL_1
28791,66,2026-02-13 18:36:58.650000+00:00,124898.93967239246,426720.77079479233,4.079047837434489,0.0020667287753894925,-0.0034103624639101326,-0.0032386929692753696,0,0.00038940436858730975,0.003968665292512744,-0.0032386929692753696,901_GSL_1
28792,69,2026-02-13 18:37:11.210000+00:00,124266.91943613374,427056.3145330605,7.110851476204706,-0.023161062912549824,-0.0003053235705010593,0.020350105277273656,0,0.01621530450699616,-0.016540615389615484,0.020350105277273656,906_GSL_1
28793,66,2026-02-13 18:37:12.090000+00:00,124898.94309396394,426720.76576167607,4.08248293527467,0.005488300259457901,-0.008443478727713227,0.00019640487090555325,0,0.0015502579145959417,0.00995040065331764,0.00019640487090555325,901_GSL_1
28794,71,2026-02-13 18:37:15.440000+00:00,124806.2174553607,426258.5036838663,4.6101444875816835,-0.01030657478258945,-0.011422265786677599,0.018640824432416103,0,-0.005690028797155996,0.014293957175609207,0.018640824432416103,903_GSL_1
28795,149,2026-02-13 18:37:37.320000+00:00,124351.04121573195,426607.39772235893,8.014417285017643,-9.596011659596115e-05,0.000989893451333046,0.0021914410498453663,0,-0.0009624757657368119,0.00025047512718531073,0.0021914410498453663,14_P5_1
28796,164,2026-02-13 18:37:50+00:00,124091.06045464272,427154.2073048546,9.843468403166877,-0.03487380864680745,0.01257391314720735,0.02883487153748021,0,0.021358771799754064,-0.030299978359294023,0.02883487153748021,907_GSL_1
28797,147,2026-02-13 18:37:54.010000+00:00,124350.92719950485,426607.51103830524,11.37479714322858,0.0006921592575963587,0.0010455651208758354,0.0005775015561368946,0,-0.0011418084828280592,-0.0005182318481243004,0.0005775015561368946,13_P5_1
28798,110,2026-02-13 18:37:59.820000+00:00,124434.1402139211,426963.9317603772,8.790531881407853,0.00012807862367480993,-0.00032619625562801957,0.03947152115006425,0,-0.0002924305639894147,0.00019311265176835704,0.03947152115006425,35_P9_0
28799,122,2026-02-13 18:38:05.790000+00:00,124329.15132887526,426611.39069958247,8.088018781078457,0.0017779722111299634,-0.0013393263798207045,0.004354942636059178,0,-0.0008445517089747553,0.0020595418777247104,0.004354942636059178,16_P5_1
28800,126,2026-02-13 18:38:10.320000+00:00,124339.65768963554,426609.5895337233,6.670219229037659,0.0008690313989063725,0.001043562253471464,-0.0004379600977983955,0,-0.0012100748813868517,-0.0006164061409429689,-0.0004379600977983955,17_P5_1
28801,107,2026-02-13 18:38:11.890000+00:00,124409.92191542427,426969.5245479936,6.2888530270559295,0.0010979169746860862,0.0001369405072182417,-0.00022729637410368042,0,0.00039408594333597505,0.0010338620096927984,-0.00022729637410368042,38_P9_0
28802,111,2026-02-13 18:38:16.500000+00:00,124434.2612039105,426963.9753876632,6.5071973408882275,-0.0004868488176725805,-0.002676116186194122,0.045904831273459124,0,-0.002718655388390424,8.678993291318018e-05,0.045904831273459124,36_P9_0
28803,120,2026-02-13 18:38:21.200000+00:00,124329.26127925383,426611.3299432219,11.361690053699661,0.0010274186643073335,-0.0012318682274781168,0.0036588870527882733,0,-0.0009300484471865399,0.0013069423581486095,0.0036588870527882733,15_P5_1
28804,121,2026-02-13 18:38:26.320000+00:00,124329.26140767227,426611.32817116275,11.354777323841407,0.0018649025587365031,0.00045467016752809286,0.0004778017672855128,0,-0.0009561083943819275,-0.001664464854845062,0.0004778017672855128,15_P5_1
28805,106,2026-02-13 18:38:26.370000+00:00,124410.03317631014,426969.44980679214,8.923053996076725,0.0009724919218569994,0.00024545122869312763,-0.000833228261805985,0,0.00047210001024480325,0.0008849341354422614,-0.000833228261805985,37_P9_0
28806,124,2026-02-13 18:38:36.790000+00:00,124339.65900832243,426609.58957931446,6.677675372080557,0.0012425992026692256,-0.000662589562125504,0.003245176247363979,0,-0.00024085666023242089,0.0013874673962055997,0.003245176247363979,17_P5_1
28807,102,2026-02-13 18:38:40.920000+00:00,124282.39331220194,426301.79321581585,6.90449810742891,2.3256114218384027e-05,-0.00034204876283183694,0.0012001236621737021,0,0.00032776506770719124,-0.00010053985972851313,0.0012001236621737021,02_P1_0
28808,123,2026-02-13 18:38:41.620000+00:00,124329.15127215603,426611.39107519883,8.080350494942719,0.0015155439032241702,0.0007971791783347726,0.002234849888653301,0,-0.001188605826481856,-0.00123271414132549,0.002234849888653301,16_P5_1
28809,160,2026-02-13 18:38:41.750000+00:00,124421.8123314996,426965.61732177425,5.594932305862045,0.0011253389675403014,-0.0013162643881514668,0.002751075974706474,0,-0.0005965444067883472,0.001625753518252372,0.002751075974706474,38a_P9_0
28810,170,2026-02-13 18:38:53.090000+00:00,124669.37542927323,426931.30967232195,13.799909313799901,-0.012617543237865902,0.011175350227858871,0.01371918312851328,0,0.0009476924270334397,-0.016828331145376962,0.01371918312851328,908_GSL_1
28811,103,2026-02-13 18:38:56.490000+00:00,124282.31157535184,426301.79716743,9.29850175776111,-0.00014305532386060804,-0.0002767232363112271,0.0005502719699972403,0,0.00030207300739011183,7.610830050471589e-05,0.0005502719699972403,01_P1_0
28812,118,2026-02-13 18:38:57.920000+00:00,124372.26150856254,426775.11326439126,6.169543080433022,0.0014812005538260564,0.0005998924607411027,0.004011011442660362,0,-0.0014286975855964138,-0.0007159952891043412,0.004011011442660362,22_P6_1
28813,162,2026-02-13 18:38:59.470000+00:00,124402.99650032997,426879.64625301864,6.547036364707794,0.0010722016595536843,-0.0014805692480877042,0.002363321417226949,0,0.0015680170552843091,-0.0009396936795946794,0.002363321417226949,34a_P7_0
28814,92,2026-02-13 18:39:10.480000+00:00,124278.31565782591,426395.6368874111,11.104342286295383,0.0016820233286125585,-0.0014032140607014298,0.0025533030681632596,0,0.0011432017829746844,-0.0018685025719946359,0.0025533030681632596,11_P3_0
28815,100,2026-02-13 18:39:11.570000+00:00,124292.48404784288,426345.9296133405,7.587825051646157,0.0003245695697842166,-0.0006216392503120005,-0.0006745173229409929,0,0.000530328791763678,-0.0004588378098902214,-0.0006745173229409929,06_P2_0
28816,104,2026-02-13 18:39:14.900000+00:00,124389.81662624958,426881.44485211215,10.724909337185133,-0.00046996069431770593,0.0005125440075062215,-0.001002530875073404,0,-0.00040427913907113727,0.0005657939479581042,-0.001002530875073404,33_P7_0
28817,74,2026-02-13 18:39:17.090000+00:00,124369.34684716209,426785.726172865,7.233555461237187,0.0005339527851901948,-0.000293431687168777,0.003501626480114872,0,-0.0005969021219837141,-0.00012212939293397256,0.003501626480114872,21_P6_1
28818,93,2026-02-13 18:39:25.280000+00:00,124278.26971372787,426395.7900161194,7.951299373252039,0.001590148196555674,-0.001333983091171831,0.0025738529725209958,0,0.0010857162938032894,-0.0017689834097333037,0.0025738529725209958,12_P3_0
28819,101,2026-02-13 18:39:27.090000+00:00,124292.40502318082,426345.8826160062,10.216094266228573,-0.00029569001344498247,-0.0007775197154842317,0.0004757686282896856,0,0.0008247551135274506,0.00010839047341946906,0.0004757686282896856,05_P2_0
28820,105,2026-02-13 18:39:29.650000+00:00,124389.68783999853,426881.47276640194,7.0616390714250485,-0.0008454388298559934,0.0008131877984851599,-0.0006568252977414701,0,-0.0006178427372361473,0.0009971517250037516,-0.0006568252977414701,34_P7_0
28821,73,2026-02-13 18:39:33.320000+00:00,124369.49004444874,426785.6955952735,11.409974220272165,0.0007048843108350411,-0.0008713806746527553,0.0039196042090896555,0,-0.0009321929041032904,-0.0006222399548077536,0.0039196042090896555,20_P6_1
28822,94,2026-02-13 18:39:40.970000+00:00,124268.22521224152,426351.5547308324,10.217564313972913,0.000989742431556806,-0.001242188096512109,0.0030703746819522593,0,0.0010407965204736556,-0.0011997349502745542,0.0030703746819522593,07_P2_0
28823,98,2026-02-13 18:39:42.210000+00:00,124302.66081745361,426390.0774320999,7.980084890169834,-2.817994391079992e-05,-0.00047990866005420685,0.0010340950389631232,0,0.00047312375825916644,-8.520763231402402e-05,0.0010340950389631232,10_P3_0
28824,95,2026-02-13 18:39:56.210000+00:00,124268.1106944734,426351.5477814352,7.195974518740196,0.0011465711722848937,-0.0014095748192630708,0.00230366049507591,0,0.0011751508769856393,-0.0013858380282468644,0.00230366049507591,08_P2_0
28825,99,2026-02-13 18:39:57.440000+00:00,124302.53779671768,426390.1344149284,11.088718534419344,-0.00028357349219731987,-0.0004013635916635394,0.0009633316699773076,0,0.0004571545856322787,0.00018032288547330686,0.0009633316699773076,09_P3_0
28826,113,2026-02-13 18:40:09.820000+00:00,124414.07966809085,426875.91401622345,7.343374790266961,0.0024334766785614192,-0.0012159147299826145,0.04002484514168447,0,0.0006048196132039927,-0.002652253873816529,0.04002484514168447,32_P7_0
28827,96,2026-02-13 18:40:11.860000+00:00,124258.06231244486,426307.3513259764,9.309052454426796,0.001334248430794105,-0.0010836005676537752,0.004506846250905028,0,0.0008012865460542742,-0.0015206409623604539,0.004506846250905028,03_P1_0
28828,152,2026-02-13 18:40:13.430000+00:00,124370.27602184986,426819.49976657965,9.732164361483335,0.00025018799351528287,0.0005965417367406189,0.0032434102554557143,0,0.0005229275248024653,0.0003807924363438488,0.0032434102554557143,29_KW_1
28829,166,2026-02-13 18:40:14.500000+00:00,124091.05933944849,427154.20822004223,9.825302652606588,-0.012941387205501087,0.019192062667571008,-0.004550966456216443,0,0.022186079262358296,-0.00660247371846607,-0.004550966456216443,907_GSL_1
28830,112,2026-02-13 18:40:25.110000+00:00,124413.95334741537,426875.8663448055,10.708769307073366,0.002612790558487177,-0.0009212599252350628,0.03950370015270188,0,0.0002691740800893837,-0.0027573428635140535,0.03950370015270188,31_P7_0
28831,97,2026-02-13 18:40:26.890000+00:00,124257.98844294256,426307.3906749368,6.842249721815206,0.0005727336829295382,-0.0011777678155340254,0.0051875312191054235,0,0.0010423339109237033,-0.0007929066256554553,0.0051875312191054235,04_P1_0
28832,117,2026-02-13 18:40:30.540000+00:00,124377.68081662002,426815.90653298545,7.621283424353439,0.0007994759362190962,0.0008269469253718853,0.003848384180979103,0,0.0007952294758248754,0.0008310313295867424,0.003848384180979103,26_KW_0
28833,125,2026-02-13 18:40:30.800000+00:00,124339.65803010887,426609.5906798281,6.674420054535265,0.00016454524302389473,-0.000554018362890929,0.0009041164061507345,0,-0.0005242777612560567,0.00024319603712740637,0.0009041164061507345,17_P5_1
28834,161,2026-02-13 18:40:41.190000+00:00,124402.99210936607,426879.6442405318,6.58802383874276,0.0007056194735923782,-0.0032663551974110305,0.0463995179190384,0,0.0025260791523892185,-0.002187669818101307,0.0463995179190384,34a_P7_0
28835,116,2026-02-13 18:40:46.030000+00:00,124377.68810045619,426815.9008556536,10.009102672125637,0.0007405646174447611,0.000794090039562434,0.004042916848513656,0,0.0007648538623461442,0.0007707227210855789,0.004042916848513656,25_KW_0
28836,146,2026-02-13 18:40:46.720000+00:00,124350.92432985971,426607.5120738455,11.379186559902408,-0.0019367152272025123,0.00020844867685809731,-0.00013495332167501317,0,-0.00020529645847093,-0.0019370519059388326,-0.00013495332167501317,13_P5_1
28837,115,2026-02-13 18:41:02.420000+00:00,124396.2903575881,426811.6348554328,7.651128855039104,0.00026682829775381833,0.0009410963393747807,0.004856562266057907,0,0.0009443674152649882,-0.00025500950071034173,0.004856562266057907,24_KW_0
28838,148,2026-02-13 18:41:02.520000+00:00,124351.03935215049,426607.3986644537,8.014936868313118,-0.0017662641766946763,0.00020855898037552834,-0.000519546899264256,0,-0.0001706031768730692,-0.0017703334562197651,-0.000519546899264256,14_P5_1
28839,153,2026-02-13 18:41:08.270000+00:00,124370.27583297026,426819.49737994396,9.728456712472992,0.001994165388168767,-0.001743153261486441,0.0023762353600034203,0,0.0011576232044251586,-0.002382265183596808,0.0023762353600034203,29_KW_1
28840,114,2026-02-13 18:41:17.590000+00:00,124396.29949352423,426811.6304717359,9.994537090420954,0.00047287921188399196,0.0009329800959676504,0.0038530127707705475,0,0.001043326019705328,-7.441387713100611e-05,0.0038530127707705475,23_KW_0
28841,168,2026-02-13 18:41:20.330000+00:00,124669.37101717667,426931.31245613366,13.79435741005478,-0.005714794679079205,0.004715561284683645,-0.0069826098804490755,0,0.0004747232624283964,-0.007393918736214822,-0.0069826098804490755,908_GSL_1
28842,150,2026-02-13 18:41:33.820000+00:00,124401.10325488787,426812.32241108,9.185413779310332,7.425794319715351e-05,0.0009794909856282175,0.0033997560665230964,0,0.0008287419306094762,-0.0005273553313511552,0.0033997560665230964,27_KW_1
28843,119,2026-02-13 18:41:49.740000+00:00,124400.8145925382,426811.3441673325,3.9876848218179557,0.00044115111813880503,0.001038451213389635,0.004150692731772931,0,0.001093051642876993,-0.000279702230290411,0.004150692731772931,28_KW_1
28844,169,2026-02-13 18:42:06.110000+00:00,124669.3754409652,426931.312389923,13.80776892936988,-0.0036364831175887957,0.010230370098724961,-0.003986283503012444,0,0.001421696133024888,-0.010763979836786028,-0.003986283503012444,908_GSL_1
28845,72,2026-02-13 18:42:50.030000+00:00,124390.52445709244,426780.88831095624,10.990680049380366,0.0004973895847797394,0.0013800245360471308,0.003594727813608145,0,0.0002722946067457183,-0.0014414297646006395,0.003594727813608145,18_P6_1
28846,138,2026-02-13 18:45:19.870000+00:00,123928.08688383592,426940.4328166797,7.1179927542589105,0.0002649572415975854,0.0010955276666209102,5.669066098334952e-05,0,0.0007040610955055369,0.0008801597480016913,5.669066098334952e-05,905_GSL_1
28847,134,2026-02-13 18:45:21.190000+00:00,123855.61464549096,426533.0728027099,6.053940757455855,0.0001833495480241254,-0.0014953520731069148,0.008097838558074777,0,-0.0004778495089191608,-0.0014287598560050305,0.008097838558074777,904_GSL_1
28848,133,2026-02-13 18:45:21.390000+00:00,124806.2211563566,426258.50836281676,4.5858445943788695,-0.000739736933610402,-0.0031209965818561614,-0.0023125098056961946,0,0.0022777514566286465,0.0022582468192673807,-0.0023125098056961946,903_GSL_1
28849,130,2026-02-13 18:45:21.440000+00:00,124898.94033537435,426720.76970245637,4.129179828268576,0.0019623770931502804,2.575758844614029e-05,0.03911709579838174,0,0.0018004823856571804,-0.000780929246488908,0.03911709579838174,901_GSL_1
28850,139,2026-02-13 18:45:23.620000+00:00,123928.08730453791,426940.4330658615,7.133183458742098,0.0004346142231952399,0.001961848931387067,-0.0034183719971574433,0,0.00023740859964687676,0.0019953390462279555,-0.0034183719971574433,905_GSL_1
28851,125,2026-02-13 18:45:36.400000+00:00,124339.65828588093,426609.59049265616,6.675306361356638,0.0004203173011774197,-0.0007411902770400047,0.001790423227523874,0,-0.000672354110204622,0.0005234210646684557,0.001790423227523874,17_P5_1
28852,137,2026-02-13 18:45:37.290000+00:00,123928.08542798155,426940.4297864838,7.133613855528749,-0.003971280326368287,-0.004042087239213288,0.010750164563218867,0,-0.0009504382176922008,-0.005586251325742584,0.010750164563218867,905_GSL_1
28853,153,2026-02-13 18:45:38.270000+00:00,124370.27563563702,426819.4974802038,9.727980623128463,0.0017968321481021121,-0.001642893417738378,0.001900146015474391,0,0.0011127641177421082,-0.002165516236089438,0.001900146015474391,29_KW_1
28854,132,2026-02-13 18:45:38.600000+00:00,124806.21980097174,426258.5046753846,4.625181749016334,0.005666683966410346,-0.00046636583283543587,0.042549574806012735,0,0.0032381643904005235,-0.004673659770025027,0.042549574806012735,903_GSL_1
28855,143,2026-02-13 18:45:41.080000+00:00,124266.91934616177,427056.3154688707,7.106368992976975,-0.00022126632393337786,0.0012419946724548936,0.0008272547541974262,0,0.00123319050680265,0.0002659900871182081,0.0008272547541974262,906_GSL_1
28856,146,2026-02-13 18:45:51.770000+00:00,124350.92502031379,426607.51200060203,11.378233522172216,-0.0012462611484806985,0.0001352052204310894,-0.0010879910518664104,0,-0.00013106068817724618,-0.001246703813204546,-0.0010879910518664104,13_P5_1
28857,141,2026-02-13 18:45:53.490000+00:00,124266.91772766007,427056.3146975984,7.090062222212402,-0.0009010913781821728,0.00017929536988958716,0.0059275219493040154,0,0.0002068565954308816,-0.0008951663814201447,0.0059275219493040154,906_GSL_1
28858,136,2026-02-13 18:45:54.100000+00:00,123855.61464743459,426533.0747662813,6.026193676218622,-0.0011226772039663047,0.0006577551830559969,0.0039011337818832814,0,0.0005257012616042672,0.0011902454237216415,0.0039011337818832814,904_GSL_1
28859,135,2026-02-13 18:45:55.850000+00:00,123855.61229755175,426533.0749809799,6.063643977024893,-0.0013527264818549156,-0.001653941406402737,0.042445529906535384,0,0.002048006976884859,-0.0006091457404890736,0.042445529906535384,904_GSL_1
28860,5,2026-02-13 18:45:56.050000+00:00,124424.6176526888,426919.1435624359,8.781808059664197,0.0004499112837947905,-0.002785333199426532,0.01398223765788309,11,-0.002819157589141111,-0.00011336526232314352,0.01398223765788309,TS4
28861,152,2026-02-13 18:45:56.690000+00:00,124370.27583532404,426819.49970432,9.732502003677336,6.366216985043138e-05,0.0005342820659279823,0.003581052449456834,0,0.0005052780913836189,0.00018494390557697552,0.003581052449456834,29_KW_1
28862,148,2026-02-13 18:46:07.780000+00:00,124351.04048349061,426607.39835872897,8.016510170587265,-0.0006349240575218573,-9.716575732454658e-05,0.0010537553748832806,0,-0.0002295520799777782,-0.0005998963125360474,0.0010537553748832806,14_P5_1
28863,122,2026-02-13 18:46:09.380000+00:00,124329.15069829409,426611.3908642126,8.08864499462753,0.001147391041740775,-0.0011746962554752827,0.004981156185131397,0,-0.0008452496325254027,0.0014078247596950068,0.004981156185131397,16_P5_1
28864,140,2026-02-13 18:46:10.730000+00:00,123928.08745396807,426940.4314479763,7.13480856031377,-6.97643990861252e-05,-0.002990700595546514,-0.0007651458885735707,0,-2.7761422203166692e-05,-0.0029913853691925715,-0.0007651458885735707,905_GSL_1
28865,150,2026-02-13 18:46:13.150000+00:00,124401.10337368802,426812.3225733543,9.185389104980782,0.000193058091099374,0.0011417652713134885,0.0033750817369728736,0,0.0010298439379419983,-0.0005294533263665607,0.0033750817369728736,27_KW_1
28866,128,2026-02-13 18:46:24.880000+00:00,124898.93897670448,426720.77199569216,4.077256700591249,-0.001324695025687106,0.0027316573541611433,-0.004135230412430246,0,-1.370378905138615e-05,-0.003035882247022841,-0.004135230412430246,901_GSL_1
28867,120,2026-02-13 18:46:25.490000+00:00,124329.2618386662,426611.329851948,11.361492148303439,0.0015868310438236222,-0.0013231420889496803,0.0034609816565662754,0,-0.0008760415525775393,0.0018711731473463442,0.0034609816565662754,15_P5_1
28868,145,2026-02-13 18:46:26.620000+00:00,124266.91927866435,427056.3144414685,7.110484445389425,0.0009549115202389657,-0.0003051391104236245,0.002517509097779147,0,-0.0008925213528114845,0.0004564772973224092,0.002517509097779147,906_GSL_1
28869,6,2026-02-13 18:46:26.820000+00:00,124399.03913809273,426925.07512213336,8.555880341179837,-3.2651645597070456e-05,-0.0003270815359428525,0.00857364535827898,11,-0.00032635354813675537,3.926605064789053e-05,0.00857364535827898,TS5
28870,129,2026-02-13 18:46:29.720000+00:00,124898.94060991044,426720.77312704915,4.0879985038719635,0.0009382116550114006,0.0006243790267035365,-0.0036862413736500343,0,0.0008577284353281201,-0.0007310213470317142,-0.0036862413736500343,901_GSL_1
28871,124,2026-02-13 18:46:40.770000+00:00,124339.65889302584,426609.5896212674,6.678214316500117,0.0011273026175331324,-0.000620636623352766,0.003784120666924018,0,-0.0002370559211389612,0.001264834178853787,0.003784120666924018,17_P5_1
28872,154,2026-02-13 18:46:40.970000+00:00,124285.66535128618,426445.561661121,7.89531267635474,0.0007262861763592809,-0.002163878991268575,-0.006287323645259413,11,-0.0022702726020902347,-0.00023606399772630333,-0.006287323645259413,TS1-1
28873,131,2026-02-13 18:46:41.980000+00:00,124806.21741520922,426258.5034444104,4.609208817242855,-0.0011292869312455878,-0.0028396541019901633,-0.002295655529707119,0,-7.099370720856958e-05,0.0030551406326989957,-0.002295655529707119,903_GSL_1
28874,3,2026-02-13 18:46:42.180000+00:00,124314.90263346776,426440.7931690379,7.048194805193726,-0.004605884168995544,-0.002908245660364628,-0.030234290297357802,11,-0.005380860150855563,0.0008475882468322197,-0.030234290297357802,TS2
28875,149,2026-02-13 18:46:46.630000+00:00,124351.04199752175,426607.3974971263,8.014794299471646,0.0006858296837890521,0.000764660828281194,0.0025684555038480994,0,-0.0008630221189518811,-0.000557011094749178,0.0025684555038480994,14_P5_1
28876,147,2026-02-13 18:47:03.120000+00:00,124350.92742390778,426607.5110508669,11.374691909120436,0.0009165621886495501,0.001058126799762249,0.0004722674479928912,0,-0.0011896745752976374,-0.0007378299092118302,0.0004722674479928912,13_P5_1
28877,126,2026-02-13 18:47:18.620000+00:00,124339.65801782663,426609.5895005808,6.671797066998035,0.0011972224892815575,0.0010104197426699102,0.0011398778625775208,0,-0.0012504201316460408,-0.0009437898280830083,0.0011398778625775208,17_P5_1
28878,121,2026-02-13 18:47:34.040000+00:00,124329.26146038638,426611.32813952107,11.353997866872296,0.0019176166679244488,0.000423028483055532,-0.00030165520182556804,0,-0.000940401286767873,-0.0017239060886322258,-0.00030165520182556804,15_P5_1
28879,123,2026-02-13 18:47:49.240000+00:00,124329.15172564118,426611.3909958201,8.080562268791184,0.0019690290500875562,0.0007178004598245025,0.0024466237371179034,0,-0.0012389924500868402,-0.0016903285505607425,0.0024466237371179034,16_P5_1
28880,4,2026-02-13 18:47:49.440000+00:00,124378.97045106863,426782.7418603285,7.761268585112953,-0.001366904572932981,0.0006774210487492383,0.006192880140686974,11,-0.0014675904353225317,0.0004165401576600206,0.006192880140686974,TS3
28881,68,2026-02-13 18:51:21.180000+00:00,123928.08205423875,426940.4291406982,7.119050238583366,-0.02689612310496159,-0.01859430701006204,0.00023695754314001505,0,0.0017606657256430494,-0.032650417263248514,0.00023695754314001505,905_GSL_1
28882,67,2026-02-13 18:51:21.580000+00:00,123855.61491871874,426533.07391631993,6.05262059688971,-0.0030757554050069302,-0.017186384764499962,0.008212448552134433,0,-0.0004137817938826567,-0.017454537439070595,0.008212448552134433,904_GSL_1
28883,71,2026-02-13 18:51:22.390000+00:00,124806.22146530062,426258.50913215114,4.598168587477295,-0.006296634863247164,-0.00597398093668744,0.006664924328027233,0,0.0018155333904021668,0.008487632022024716,0.006664924328027233,903_GSL_1
28884,66,2026-02-13 18:51:22.940000+00:00,124898.93859726787,426720.76715566876,4.130898938680238,0.000991604189039208,-0.007049486041069031,0.048612408276473396,0,0.0036347598700212603,0.006121033654394514,0.048612408276473396,901_GSL_1
28885,68,2026-02-13 18:51:23.310000+00:00,123928.08762356218,426940.4338312179,7.134354062882783,-0.02132679967326112,-0.013903787359595299,0.015540781842556584,0,0.015540183961666123,-0.02016557387434902,0.015540781842556584,905_GSL_1
28886,68,2026-02-13 18:51:38.170000+00:00,123928.0878015882,426940.4311810919,7.130990029324393,-0.02114877365238499,-0.01655391335953027,0.01217674828416726,0,-0.0010325646810095447,-0.026837222000314784,0.01217674828416726,905_GSL_1
28887,67,2026-02-13 18:51:38.840000+00:00,123855.61509300201,426533.0748012543,6.0354847907770965,-0.0029014721367275342,-0.016301450377795845,-0.00892335756047924,0,0.011889723341996164,-0.011523467526345449,-0.00892335756047924,904_GSL_1
28888,71,2026-02-13 18:51:40.520000+00:00,124806.22161462568,426258.50630313164,4.624232759883357,-0.006147309803054668,-0.008803000440821052,0.03272909673408986,0,0.004547802245105674,0.009726239217459102,0.03272909673408986,903_GSL_1
28889,69,2026-02-13 18:51:42.220000+00:00,124266.92028423141,427056.3160213699,7.108973315693617,-0.022312965244054794,0.0011829858412966132,0.0184719447661843,0,0.009550417168155021,-0.02020043082207197,0.0184719447661843,906_GSL_1
28890,69,2026-02-13 18:51:54.380000+00:00,124266.92102850578,427056.31452578405,7.092530676862391,-0.021568690877757035,-0.00031259999377653003,0.0020293059349585363,0,0.00034842862403268237,-0.02156814183999872,0.0020293059349585363,906_GSL_1
28891,68,2026-02-13 18:51:55.310000+00:00,123928.08753610692,426940.4325196444,7.1453171910569395,-0.02141425493755378,-0.01521536085056141,0.026503910016713483,0,0.020906442979071477,-0.01590591595307155,0.026503910016713483,905_GSL_1
28892,67,2026-02-13 18:51:57.920000+00:00,123855.61615165672,426533.06922995683,6.06415295003237,-0.0018428174225846305,-0.021872747864108533,0.01974480169479431,0,0.013805347499261376,-0.017065329050577477,0.01974480169479431,904_GSL_1
28893,66,2026-02-13 18:51:59.730000+00:00,124898.94067145075,426720.77410146734,4.087398739117003,0.0030657870665891096,-0.00010368746006861329,0.005112208713238253,0,0.003056514743036769,-0.00025984428536993446,0.005112208713238253,901_GSL_1
28894,66,2026-02-13 18:52:00.410000+00:00,124898.94082345732,426720.76851643604,4.079721189092564,0.003217793637304567,-0.005688718752935529,-0.002565341311200342,0,0.0004424674555427062,0.006520731515180155,-0.002565341311200342,901_GSL_1
28895,69,2026-02-13 18:52:11.390000+00:00,124266.91929000136,427056.3148726895,7.119658852261482,-0.02330719529709313,3.430544165894389e-05,0.029157481334049606,0,0.016558390520464213,-0.016402628839669833,0.029157481334049606,906_GSL_1
28896,66,2026-02-13 18:52:11.800000+00:00,124898.9421602524,426720.7673146383,4.085561067494863,0.004554588711471297,-0.006890516495332122,0.003274537091098928,0,0.001334207511418136,0.008151281262450787,0.003274537091098928,901_GSL_1
28897,71,2026-02-13 18:52:17.600000+00:00,124806.21723037967,426258.5027537471,4.612860782369957,-0.01053155581757892,-0.012352384976111352,0.02135711922068939,0,-0.005577439970162411,0.01524425288153134,0.02135711922068939,903_GSL_1
28898,149,2026-02-13 18:52:38.120000+00:00,124351.04076663635,426607.3978442189,8.01420923128663,-0.000545055721886456,0.0011117534013465047,0.001983387318832186,0,-0.0010121762186731625,0.0007131484191381105,0.001983387318832186,14_P5_1
28899,164,2026-02-13 18:52:49.690000+00:00,124091.0619270118,427154.2074104345,9.841554443084434,-0.033401439563021995,0.012679493054747581,0.02692091145503639,0,0.021070734319919043,-0.028852207267850215,0.02692091145503639,907_GSL_1
28900,147,2026-02-13 18:52:54.280000+00:00,124350.9274160043,426607.5109064422,11.374994698267471,0.0009086587087949738,0.0009137020679190755,0.0007750565950281896,0,-0.0010458156434913592,-0.000752849093655095,0.0007750565950281896,13_P5_1
28901,110,2026-02-13 18:53:00.250000+00:00,124434.13975117482,426963.9322711869,8.79045702495406,-0.00033466765307821333,0.0001846134546212852,0.039396664696271344,0,0.00011097962000645387,-0.0003657432016966382,0.039396664696271344,35_P9_0
28902,122,2026-02-13 18:53:06.450000+00:00,124329.15111321102,426611.3905606775,8.0880784019946,0.0015623079671058804,-0.0014782313373871148,0.0044145635522028215,0,-0.0010336165232816528,0.0018861630241617387,0.0044145635522028215,16_P5_1
28903,126,2026-02-13 18:53:10.340000+00:00,124339.65824276295,426609.58934962424,6.671373093755905,0.0014221588062355295,0.000859463179949671,0.0007159046204474606,0,-0.0011530136484716623,-0.0011965668198143104,0.0007159046204474606,17_P5_1
28904,107,2026-02-13 18:53:10.930000+00:00,124409.92200301404,426969.52508587553,6.297308260962394,0.0011855067423311993,0.0006748224259354174,0.00822793753236084,0,0.0009373669841250058,0.000991037173737941,0.00822793753236084,38_P9_0
28905,111,2026-02-13 18:53:16+00:00,124434.2617666343,426963.97563878924,6.5072544212995025,7.587498112116009e-05,-0.0024249901180155575,0.04596191168473407,0,-0.002354807494880066,0.0005841367539283167,0.04596191168473407,36_P9_0
28906,120,2026-02-13 18:53:21.980000+00:00,124329.26171068299,426611.3294819422,11.361428537602036,0.0014588478225050494,-0.0016931479331105947,0.003397370955163126,0,-0.0012664310021339024,0.0018415046590922659,0.003397370955163126,15_P5_1
28907,106,2026-02-13 18:53:26.300000+00:00,124410.03349245914,426969.45035972487,8.931902329339488,0.001288640924030915,0.0007983839605003595,0.00801510500095759,0,0.0010848307954519686,0.0010588458455840204,0.00801510500095759,37_P9_0
28908,121,2026-02-13 18:53:27.890000+00:00,124329.26071428614,426611.3282035802,11.354183898902322,0.0011715164291672409,0.00048708764370530844,-0.0001156231717995837,0,-0.0007941144602999541,-0.0009894884235814307,-0.0001156231717995837,15_P5_1
28909,102,2026-02-13 18:53:37.590000+00:00,124282.39271078825,426301.79330574436,6.90388623390501,-0.0005781575746368617,-0.00025212025502696633,0.0005882501382741268,0,0.0003771595264938081,0.0005055506855695157,0.0005882501382741268,02_P1_0
28910,124,2026-02-13 18:53:37.670000+00:00,124339.65882867904,426609.5891307502,6.67825833878932,0.0010629558091750368,-0.001111153804231435,0.0038281429561264346,0,-0.0007230998365915117,0.0013570793842801814,0.0038281429561264346,17_P5_1
28911,160,2026-02-13 18:53:42.690000+00:00,124421.81239679734,426965.61798891146,5.604036469102137,0.001190636699902825,-0.0006491271778941154,0.011855239214798807,0,1.7104186407525094e-05,0.001355982776824103,0.011855239214798807,38a_P9_0
28912,123,2026-02-13 18:53:44.320000+00:00,124329.15177191945,426611.390877301,8.080071721891116,0.002015307327383198,0.0005992813385091722,0.0019560768370503467,0,-0.0011381066372550077,-0.0017678560543001938,0.0019560768370503467,16_P5_1
28913,103,2026-02-13 18:53:53.060000+00:00,124282.31170278932,426301.79713984387,9.298643263770883,-1.5617843018844724e-05,-0.00030430936021730304,0.0006917779797692702,0,0.000299839590008191,-5.426162548381215e-05,0.0006917779797692702,01_P1_0
28914,170,2026-02-13 18:53:53.550000+00:00,124669.37654108976,426931.3085779201,13.796443307828056,-0.011505726710311137,0.010080948355607688,0.010253177156668514,0,0.0007781347694167449,-0.015277492371505908,0.010253177156668514,908_GSL_1
28915,118,2026-02-13 18:54:00.730000+00:00,124372.26143652601,426775.11319826014,6.1695176048191485,0.001409164018696174,0.0005337613401934505,0.0039855358287868015,0,-0.0013314652173439835,-0.000705581161083683,0.0039855358287868015,22_P6_1
28916,162,2026-02-13 18:54:00.940000+00:00,124402.99650613854,426879.64683060296,6.55581041822499,0.0010780102311400697,-0.0009029849315993488,0.011137374934422795,0,0.0009931101613048859,-0.0009956003478560713,0.011137374934422795,34a_P7_0
28917,100,2026-02-13 18:54:09.010000+00:00,124292.48385845142,426345.929606436,7.587775532423171,0.00013517811021301895,-0.0006285437266342342,-0.0007240365459271203,0,0.0005806056902792971,-0.00027611115549233944,-0.0007240365459271203,06_P2_0
28918,92,2026-02-13 18:54:11.490000+00:00,124278.31593900728,426395.63659319945,11.104791627564895,0.0019632047042250633,-0.0016974257305264473,0.0030026443376751644,0,0.0013933126413841852,-0.002189544862455137,0.0030026443376751644,11_P3_0
28919,104,2026-02-13 18:54:17.240000+00:00,124389.81673004667,426881.44545948046,10.733841943928777,-0.0003661636001197621,0.0011199123109690845,0.007930075868570086,0,-0.0010199828457157058,0.000589842657628686,0.007930075868570086,33_P7_0
28920,74,2026-02-13 18:54:18.640000+00:00,124369.34681386921,426785.7260800648,7.2336384457500085,0.0005006599094485864,-0.0003862319281324744,0.003584610992936277,0,-0.0005925870351563805,-0.00022062650113385346,0.003584610992936277,21_P6_1
28921,101,2026-02-13 18:54:24.040000+00:00,124292.4051034338,426345.88266330963,10.2165406330296,-0.0002154370304197073,-0.0007302162703126669,0.0009221354293167394,0,0.0007602174337396817,4.121127204608456e-05,0.0009221354293167394,05_P2_0
28922,93,2026-02-13 18:54:26.230000+00:00,124278.26970446133,426395.7895752981,7.951596697480667,0.001580881653353572,-0.0017748044338077307,0.0028711772011495995,0,0.0015231113057047687,-0.0018246231201560002,0.0028711772011495995,12_P3_0
28923,105,2026-02-13 18:54:32.890000+00:00,124389.68790661289,426881.4732755478,7.070480285245398,-0.0007788244693074375,0.0013223336427472532,0.008184388522607833,0,-0.0011296371253671925,0.0010387751353037758,0.008184388522607833,34_P7_0
28924,73,2026-02-13 18:54:35.540000+00:00,124369.48993657799,426785.69575992157,11.40999559940828,0.0005970135534880683,-0.0007067326223477721,0.00394098334520443,0,-0.0007802258103490443,-0.0004971356629776085,0.00394098334520443,20_P6_1
28925,98,2026-02-13 18:54:39.140000+00:00,124302.66089343376,426390.0774682455,7.980249836193533,4.780020390171558e-05,-0.0004437630414031446,0.0011990410626623316,0,0.0004201599373914027,-0.0001505859336713333,0.0011990410626623316,10_P3_0
28926,94,2026-02-13 18:54:41.710000+00:00,124268.2251009684,426351.5543004573,10.217229016478957,0.0008784693054622039,-0.0016725632012821734,0.002735077187995927,0,0.0014842488638324544,-0.0011688375820166747,0.002735077187995927,07_P2_0
28927,99,2026-02-13 18:54:54.390000+00:00,124302.53790083867,426390.1343287662,11.088604171935138,-0.00017945250147022307,-0.0004875257727690041,0.0008489691857711534,0,0.0005161724485118307,5.8741661495369107e-05,0.0008489691857711534,09_P3_0
28928,165,2026-02-13 18:54:56.020000+00:00,124091.06514019685,427154.20985034615,9.835045880644977,-0.0186404303094605,0.013698552502319217,-0.015689613081043774,0,0.022246249416820258,-0.006341953142784489,-0.015689613081043774,907_GSL_1
28929,95,2026-02-13 18:54:57.380000+00:00,124268.11052144668,426351.5475173681,7.196191452208938,0.0009735444473335519,-0.0016736419056542218,0.002520593963817319,0,0.001466492811683601,-0.001264225000771703,0.002520593963817319,08_P2_0
28930,113,2026-02-13 18:55:08.930000+00:00,124414.07928920111,426875.9145187023,7.343104610512907,0.0020545869338093325,-0.0007134358747862279,0.03975466538763062,0,0.00020641585946719565,-0.0021651121700670484,0.03975466538763062,32_P7_0
28931,166,2026-02-13 18:55:12.600000+00:00,124091.05852450641,427154.20796246047,9.825785814993285,-0.013756329281022772,0.018934480904135853,-0.004067804069519454,0,0.02218427461243383,-0.007457152426840528,-0.004067804069519454,907_GSL_1
28932,96,2026-02-13 18:55:12.880000+00:00,124258.06214224183,426307.35075695574,9.308669156767397,0.0011640454031294212,-0.0016526211984455585,0.004123548591506321,0,0.001392622415458333,-0.001465183037733296,0.004123548591506321,03_P1_0
28933,152,2026-02-13 18:55:14.020000+00:00,124370.27599857918,426819.49974502064,9.732463221666377,0.00022691731282975525,0.000574982725083828,0.003542270438497752,0,0.0005073044136321493,0.0003531838514372409,0.003542270438497752,29_KW_1
28934,112,2026-02-13 18:55:24.420000+00:00,124413.95319583398,426875.8667807134,10.708431415037765,0.002461209165630862,-0.0004853520658798516,0.03916580811710091,0,-0.00011777197420081992,-0.002505842562279611,0.03916580811710091,31_P7_0
28935,97,2026-02-13 18:55:27.890000+00:00,124257.98834770269,426307.39024847315,6.841836660277332,0.00047749381337780505,-0.0016042314819060266,0.004774469681231963,0,0.0014791970088544096,-0.0007832848768798309,0.004774469681231963,04_P1_0
28936,125,2026-02-13 18:55:28.890000+00:00,124339.65698122318,426609.59098407865,6.67388258520697,-0.0008843404502840713,-0.00024976779241114855,0.0003666470778558306,0,-0.000375448877554345,-0.0008387372189653653,0.0003666470778558306,17_P5_1
28937,117,2026-02-13 18:55:29.430000+00:00,124377.68081428588,426815.90648200456,7.6210764829870685,0.0007971417944645509,0.0007759660365991294,0.003641442814608986,0,0.000744377930242251,0.0008267162919682837,0.003641442814608986,26_KW_0
28938,161,2026-02-13 18:55:40.090000+00:00,124402.9919201737,426879.6445881666,6.587750087100085,0.0005164271133253351,-0.00291872036177665,0.04612576627636322,0,0.0023120431306943513,-0.0018547458250219137,0.04612576627636322,34a_P7_0
28939,116,2026-02-13 18:55:44.740000+00:00,124377.68809892211,426815.90090678865,10.009087323441614,0.0007390305399894714,0.0008452250622212887,0.004027568164490347,0,0.0008160099579657899,0.0007711674872197224,0.004027568164490347,25_KW_0
28940,146,2026-02-13 18:55:45.070000+00:00,124350.92415169708,426607.512054438,11.379445528435525,-0.002114877861458808,0.00018904119497165084,0.00012401521144234096,0,-0.00026189489067475746,-0.002107096582628179,0.00012401521144234096,13_P5_1
28941,148,2026-02-13 18:56:00.130000+00:00,124351.03924230182,426607.3985312771,8.015540298971779,-0.001876112844911404,7.538235513493419e-05,8.388375939638593e-05,0,-0.0003240393878935229,-0.0018494540765860725,8.388375939638593e-05,14_P5_1
28942,115,2026-02-13 18:56:01.340000+00:00,124396.29036214457,426811.6348520174,7.650943613057803,0.0002713847643462941,0.000937680946663022,0.004671320284756142,0,0.000943780760403983,-0.00024934539166672856,0.004671320284756142,24_KW_0
28943,153,2026-02-13 18:56:16.890000+00:00,124370.27590060385,426819.4979974868,9.737345345786682,0.002061798979411833,-0.0011256104335188866,0.011264868673693584,0,0.0005440203014258519,-0.002285181785151189,0.011264868673693584,29_KW_1
28944,114,2026-02-13 18:56:17.190000+00:00,124396.29950500594,426811.63046950987,9.994476889382012,0.0004843609203817323,0.0009307540603913367,0.0037928117318291044,0,0.0010473233430789394,-6.342268655578276e-05,0.0037928117318291044,23_KW_0
28945,168,2026-02-13 18:56:17.570000+00:00,124669.3712236562,426931.3123735986,13.793995238647433,-0.005508315152837895,0.004633026197552681,-0.0073447812877951435,0,0.0005287676172616836,-0.007178222090262213,-0.0073447812877951435,908_GSL_1
28946,150,2026-02-13 18:56:33.130000+00:00,124401.10334545936,426812.3224000831,9.185532337737925,0.0001648294273763895,0.0009684941032901406,0.0035183144941157707,0,0.0008741982627923931,-0.00044824877642639935,0.0035183144941157707,27_KW_1
28947,119,2026-02-13 18:56:48.330000+00:00,124400.81453649397,426811.34413916816,3.9876263415533817,0.0003851068904623389,0.0010102868545800447,0.00409221246719893,0,0.001036651886373462,-0.0003071477040401816,0.00409221246719893,28_KW_1
28948,169,2026-02-13 18:57:04.190000+00:00,124669.37621349798,426931.3110076273,13.81002391985471,-0.0028639503434533253,0.008848074357956648,-0.0017312930181816455,0,0.0014799305332799568,-0.009181526944379244,-0.0017312930181816455,908_GSL_1
28949,72,2026-02-13 18:57:46.830000+00:00,124390.52448305715,426780.8883113013,10.990587454594294,0.000523354290635325,0.0013803695910610259,0.003502133027536658,0,0.00029787617345419494,-0.0014458871694363548,0.003502133027536658,18_P6_1
28950,130,2026-02-13 19:00:21.130000+00:00,124898.94017382937,426720.77091914916,4.128827911120503,0.0018008321058005095,0.0012424503802321851,0.038765178650308485,0,0.0011819951815308758,-0.0018410775680179235,0.038765178650308485,901_GSL_1
28951,138,2026-02-13 19:00:21.220000+00:00,123928.08563211828,426940.43167884945,7.119674801362532,-0.0009867603948805481,-4.230259219184518e-05,0.0017387377646045366,0,0.0005706175753422751,-0.0008061520755548967,0.0017387377646045366,905_GSL_1
28952,134,2026-02-13 19:00:21.390000+00:00,123855.61450596778,426533.07228137366,6.053409390145434,4.382636689115316e-05,-0.0020166882895864546,0.007566471247653972,0,-0.00044508769136529546,-0.0019674474210979896,0.007566471247653972,904_GSL_1
28953,133,2026-02-13 19:00:22.350000+00:00,124806.21970415949,426258.5082645295,4.595068530812497,-0.00219193403609097,-0.0032192838261835277,0.0069114266279317604,0,0.0016045992268546622,0.003548749708457659,0.0069114266279317604,903_GSL_1
28954,139,2026-02-13 19:00:25.590000+00:00,123928.0873441219,426940.43284631544,7.132612404275461,0.00047419821203220636,0.0017423028475604951,-0.003989426463794743,0,0.0001275659764107773,0.0018011690866141126,-0.003989426463794743,905_GSL_1
28955,137,2026-02-13 19:00:37.790000+00:00,123928.08533491385,426940.429200216,7.132523608454553,-0.004064348031533882,-0.004628355032764375,0.009659917489023506,0,-0.0013711321886101461,-0.006005047189831718,0.009659917489023506,905_GSL_1
28956,125,2026-02-13 19:00:37.840000+00:00,124339.65737374751,426609.5906904313,6.675642918578732,-0.0004918161139357835,-0.0005434151389636099,0.00212698044961801,0,-0.0006090298906888614,-0.00040775690727349885,0.00212698044961801,17_P5_1
28957,132,2026-02-13 19:00:38.120000+00:00,124806.23067318152,426258.51194970065,4.625218121563734,0.016538893745746464,0.006807950208894908,0.04258594735341248,0,0.0023771448943405715,-0.017726600760754843,0.04258594735341248,903_GSL_1
28958,153,2026-02-13 19:00:39.260000+00:00,124370.27602418748,426819.4979174946,9.736971024711469,0.0021853826037840918,-0.0012056026025675237,0.010890547598480183,0,0.0005887116694759435,-0.002425447037241294,0.010890547598480183,29_KW_1
28959,143,2026-02-13 19:00:43.840000+00:00,124266.92009052551,427056.31576503365,7.10740826608378,0.0005230974202277139,0.0015381576376967132,0.0018665278610026093,0,0.0012251232866298616,0.0010670673652637254,0.0018665278610026093,906_GSL_1
28960,146,2026-02-13 19:00:53.240000+00:00,124350.92485337374,426607.512005346,11.377965591716386,-0.0014132012001937255,0.0001399492030031979,-0.0013559215076970332,0,-0.00016168220737556137,-0.0014108799649397471,-0.0013559215076970332,13_P5_1
28961,141,2026-02-13 19:00:54.970000+00:00,124266.91791190332,427056.31421559374,7.091507711434176,-0.0007168481242842972,-0.00030270928982645273,0.0073730111710776924,0,-0.00028057389138917894,-0.0007257977947802569,0.0073730111710776924,906_GSL_1
28962,135,2026-02-13 19:00:55.710000+00:00,123855.6217031556,426533.0616224801,6.064291901916416,0.008052877368754707,-0.015012441202998161,0.043093454798058595,0,0.001765070695133856,-0.016944224686625774,0.043093454798058595,904_GSL_1
28963,5,2026-02-13 19:00:55.910000+00:00,124424.61780818795,426919.1458804654,8.78118922823197,0.0006054104305803776,-0.00046730367466807365,0.013363406225655794,11,-0.0005578639437918513,0.0005231465703135262,0.013363406225655794,TS4
28964,136,2026-02-13 19:00:56.790000+00:00,123855.61446146418,426533.0760351577,6.033812923921722,-0.0013086476101307198,0.0019266316085122526,0.011520381484984021,0,-6.580332839103503e-05,0.0023281189497944507,0.011520381484984021,904_GSL_1
28965,152,2026-02-13 19:00:59.920000+00:00,124370.27624635416,426819.4996525127,9.732010258006301,0.0004746922932099551,0.00048247480299323797,0.0030893067784223405,0,0.0003602432504200212,0.0005730091703307266,0.0030893067784223405,29_KW_1
28966,148,2026-02-13 19:01:09.250000+00:00,124351.03959055648,426607.398362402,8.016220252052918,-0.0015278581849997863,-9.349273750558496e-05,0.0007638368405356033,0,-0.00041525152802213513,-0.001473315205213199,0.0007638368405356033,14_P5_1
28967,122,2026-02-13 19:01:10.870000+00:00,124329.15073294914,426611.39051763806,8.088305360722957,0.0011820460931630805,-0.0015212707803584635,0.004641522280559585,0,-0.0011717002072785178,0.0015292535361404365,0.004641522280559585,16_P5_1
28968,140,2026-02-13 19:01:12.720000+00:00,123928.08775928624,426940.4329046196,7.143674351652827,0.00023555377265438437,-0.0015340573154389858,0.008100645450483057,0,-0.0002854327853521236,-0.0015255640110823636,0.008100645450483057,905_GSL_1
28969,150,2026-02-13 19:01:16.650000+00:00,124401.10331451193,426812.32246248587,9.185494948988495,0.00013388200022745878,0.0010308968485333025,0.0034809257446859476,0,0.0009056220252905619,-0.0005104130186519749,0.0034809257446859476,27_KW_1
28970,120,2026-02-13 19:01:25.890000+00:00,124329.26145541767,426611.3294064818,11.361430644390548,0.0012035825056955218,-0.001768608286511153,0.0033994777436756607,0,-0.0014043332927574702,0.0016138259267917308,0.0033994777436756607,15_P5_1
28971,128,2026-02-13 19:01:26.770000+00:00,124898.93799141818,426720.77392941766,4.074863728929232,-0.0023099813261069357,0.004665382846724242,-0.006528202074447265,0,-6.627508338865458e-05,-0.005205518076694516,-0.006528202074447265,901_GSL_1
28972,145,2026-02-13 19:01:28.690000+00:00,124266.91940097076,427056.31497598736,7.119020710007714,0.0010772179230116308,0.0002293797442689538,0.011053773716067639,0,-0.0006026000857224879,0.0009218929750386606,0.011053773716067639,906_GSL_1
28973,6,2026-02-13 19:01:28.890000+00:00,124399.03920614085,426925.0750592879,8.556149189460871,3.5396471503190696e-05,-0.00038992700865492225,0.008842493639313886,11,-0.00038448245051057894,7.395422586189523e-05,0.008842493639313886,TS5
28974,129,2026-02-13 19:01:34.020000+00:00,124898.94032062063,426720.7727237905,4.087216424177206,0.0006489218503702432,0.00022112036822363734,-0.004468321068407555,0,0.0006181939636059152,-0.00029636128035306095,-0.004468321068407555,901_GSL_1
28975,124,2026-02-13 19:01:41.690000+00:00,124339.65880044665,426609.58915275626,6.678336369937286,0.001034723420161754,-0.0010891477577388287,0.0039061741040926634,0,-0.0007110242648796678,0.0013233819891365771,0.0039061741040926634,17_P5_1
28976,154,2026-02-13 19:01:41.890000+00:00,124285.66517145724,426445.56157054775,7.895463049897039,0.0005464572313940153,-0.0022544522653333843,-0.006136950102960448,11,-0.002311157520558484,-0.00019930237724523554,-0.006136950102960448,TS1-1
28977,131,2026-02-13 19:01:43.140000+00:00,124806.21892937116,426258.5074246441,4.609980879412024,0.0003848750056931749,0.0011405795812606812,-0.0015235933605382002,0,-3.590931531424418e-05,-0.0012032294345924947,-0.0015235933605382002,903_GSL_1
28978,3,2026-02-13 19:01:43.340000+00:00,124314.90256243042,426440.7929662499,7.056809533597798,-0.004676921511418186,-0.0031110336421988904,-0.021619561893285955,11,-0.005526364290517576,0.0010056952199108996,-0.021619561893285955,TS2
28979,149,2026-02-13 19:01:51.350000+00:00,124351.04119225855,426607.3977199972,8.014653857111318,-0.00011943352001253515,0.000987531733699143,0.002428013143520147,0,-0.0009564510975165178,0.00027328481264949245,0.002428013143520147,14_P5_1
28980,147,2026-02-13 19:02:06.500000+00:00,124350.92758584322,426607.5110786625,11.375154269191793,0.0010784976329887286,0.0010859223548322916,0.0009346275193493625,0,-0.0012427114224148423,-0.0008933380243146928,0.0009346275193493625,13_P5_1
28981,126,2026-02-13 19:02:24.730000+00:00,124339.65838625781,426609.589258346,6.671516760415598,0.0015656536706956103,0.0007681849529035389,0.0008595712801398037,0,-0.0010957722674194007,-0.0013567102403920289,0.0008595712801398037,17_P5_1
28982,121,2026-02-13 19:02:40.490000+00:00,124329.26133271414,426611.3281699272,11.353973380169673,0.0017899444355862215,0.0004534345935098827,-0.0003261419044484626,0,-0.0009340436574907507,-0.0015928171454937478,-0.0003261419044484626,15_P5_1
28983,123,2026-02-13 19:02:56.830000+00:00,124329.15184909868,426611.3909509201,8.079037926239268,0.0020924865530105308,0.0006729004671797156,0.0009222811852023227,0,-0.001230346080709163,-0.0018214125109222712,0.0009222811852023227,16_P5_1
28984,4,2026-02-13 19:02:57.030000+00:00,124378.97031836463,426782.7417501652,7.761187640349185,-0.001499608566518873,0.0005672577535733581,0.006111935376918787,11,-0.001491876076105384,0.0005872929297295211,0.006111935376918787,TS3
28985,68,2026-02-13 19:06:20.540000+00:00,123928.08312025455,426940.4294377176,7.117460900350544,-0.025830107304500416,-0.0182972876355052,-0.0013523806896822421,0,0.0013429679958606715,-0.03162564805882263,-0.0013523806896822421,905_GSL_1
28986,67,2026-02-13 19:06:21.690000+00:00,123855.61510310377,426533.0749706991,6.051884895020283,-0.0028913703717989847,-0.016132005606777966,0.007476746682707258,0,-0.00038417612267505443,-0.016384567013833447,0.007476746682707258,904_GSL_1
28987,66,2026-02-13 19:06:21.810000+00:00,124898.93829050961,426720.76845609135,4.129735306768519,0.0006848459306638688,-0.005749063449911773,0.04744877636475486,0,0.002850027696850778,0.005039651439042364,0.04744877636475486,901_GSL_1
28988,71,2026-02-13 19:06:22.870000+00:00,124806.21796760382,426258.5066055999,4.585946401249562,-0.009794331665034406,-0.008500532188918442,-0.005557261899705068,0,0.002148232329381798,0.012789569113872953,-0.005557261899705068,903_GSL_1
28989,68,2026-02-13 19:06:22.930000+00:00,123928.08680981555,426940.4320889707,7.1350853588572045,-0.022140546308946796,-0.01564603456063196,0.01627207781697848,0,0.01573301985633969,-0.022078819590981947,0.01627207781697848,905_GSL_1
28990,71,2026-02-13 19:06:38.120000+00:00,124806.23862223962,426258.5185965868,4.624585586038823,0.010860304129892029,0.00349045469192788,0.033081922889556026,0,0.002409792669705201,-0.011149994575746945,0.033081922889556026,903_GSL_1
28991,68,2026-02-13 19:06:38.930000+00:00,123928.08772567699,426940.4310308738,7.134039702826873,-0.021224684867775068,-0.0167041314416565,0.015226421786646682,0,-0.001109879319157696,-0.026986726790283463,0.015226421786646682,905_GSL_1
28992,67,2026-02-13 19:06:39.020000+00:00,123855.61345179185,426533.07625393145,6.023954051929193,-0.004542682290775701,-0.01484877325128764,-0.020454096408382583,0,0.01237094321076432,-0.00938519011736718,-0.020454096408382583,904_GSL_1
28993,69,2026-02-13 19:06:40.420000+00:00,124266.91851258012,427056.3147105836,7.107879532632406,-0.024084616539767012,-0.00012780044926330447,0.01737816170497375,0,0.00900872356769111,-0.022336695962101857,0.01737816170497375,906_GSL_1
28994,68,2026-02-13 19:06:54.920000+00:00,123928.08747631972,426940.43248197646,7.1363706034240915,-0.02147404213610571,-0.015253028774168342,0.017557322383865426,0,0.020964945846176523,-0.015945545400384915,0.017557322383865426,905_GSL_1
28995,69,2026-02-13 19:06:55.390000+00:00,124266.92140538817,427056.3142368739,7.090981919862587,-0.02119180848239921,-0.0006015101680532098,0.000480548935154701,0,4.8099795579668755e-05,-0.021200288857622287,0.000480548935154701,906_GSL_1
28996,67,2026-02-13 19:06:55.530000+00:00,123855.62437945964,426533.0601222564,6.065683145472462,0.006384985492331907,-0.030980448296759278,0.021274997134885787,0,0.012110307856953847,-0.02922151022817379,0.021274997134885787,904_GSL_1
28997,66,2026-02-13 19:06:57.130000+00:00,124898.93998502933,426720.77384904417,4.087987474763743,0.0023793656437192112,-0.0003561106277629733,0.005700944359978699,0,0.0024047881427740544,7.203911500282151e-05,0.005700944359978699,901_GSL_1
28998,66,2026-02-13 19:06:59.530000+00:00,124898.9386353747,426720.7719480407,4.078607651900277,0.001029711012961343,-0.002257114101666957,-0.0036788785034875815,0,-4.7184781413966235e-05,0.00248045206254034,-0.0036788785034875815,901_GSL_1
28999,69,2026-02-13 19:07:11.810000+00:00,124266.91934119676,427056.31453800213,7.110572432452897,-0.023255999898537993,-0.00030038191471248865,0.02007106152546445,0,0.01628612535337779,-0.01660403208710314,0.02007106152546445,906_GSL_1
29000,66,2026-02-13 19:07:12.890000+00:00,124898.94211777256,426720.7669196792,4.084850327887587,0.00451210887695197,-0.007285475614480674,0.0025637974838224054,0,0.001133745323302653,0.008494227627545115,0.0025637974838224054,901_GSL_1
29001,71,2026-02-13 19:07:15.930000+00:00,124806.2164828077,426258.5015345328,4.6080071991474,-0.011279127793386579,-0.013571599265560508,0.016503535998132257,0,-0.005854268579940086,0.016647359243989253,0.016503535998132257,903_GSL_1
29002,149,2026-02-13 19:07:40.910000+00:00,124351.04011066239,426607.3971462791,8.01546440774286,-0.0012010296777589247,0.00041381362825632095,0.00323856377506182,0,-0.00021974356995746,0.0012511701599905258,0.00323856377506182,14_P5_1
29003,164,2026-02-13 19:07:50.480000+00:00,124091.06170875291,427154.2070238532,9.841221528946077,-0.03361969845718704,0.012292911764234304,0.026587997316680045,0,0.020755730648380103,-0.029165038132108276,0.026587997316680045,907_GSL_1
29004,147,2026-02-13 19:07:55.820000+00:00,124350.92641213063,426607.5103627128,11.37550418949252,-9.521495667286217e-05,0.00036997266579419374,0.0012845478200773641,0,-0.00035027731260776245,0.00015248431290254436,0.0012845478200773641,13_P5_1
29005,110,2026-02-13 19:07:58.020000+00:00,124434.14125976576,426963.9342250206,8.789812842991772,0.0011739232868421823,0.0021384471328929067,0.03875248273398313,0,0.0023358295253212693,0.0007035285724159751,0.03875248273398313,35_P9_0
29006,122,2026-02-13 19:08:06.280000+00:00,124329.15081693823,426611.3903576161,8.088685271404286,0.0012660351785598323,-0.001681292720604688,0.0050214329618878395,0,-0.001305184069287331,0.001651085955057429,0.0050214329618878395,16_P5_1
29007,107,2026-02-13 19:08:10.750000+00:00,124409.92176810422,426969.5244711497,6.288776643193989,0.0009505969210295007,6.009661592543125e-05,-0.00030368023604410155,0,0.00028441581404153025,0.0009090400179527572,-0.00030368023604410155,38_P9_0
29008,126,2026-02-13 19:08:11.690000+00:00,124339.6575450845,426609.5887719812,6.672069653687502,0.0007244803564390168,0.00028182013193145394,0.0014124645520441348,0,-0.0004352323367614283,-0.0006441018449477175,0.0014124645520441348,17_P5_1
29009,111,2026-02-13 19:08:13.010000+00:00,124434.26274721937,426963.97786545166,6.5068174088050315,0.0010564600524958223,-0.00019832770340144634,0.045524899190263035,0,2.8281239218551647e-05,0.001074542643157651,0.045524899190263035,36_P9_0
29010,120,2026-02-13 19:08:21.780000+00:00,124329.26196711994,426611.3291352574,11.361522683466362,0.0017152847722172737,-0.0020398327033035457,0.0034915168194888935,0,-0.0015364919691646835,0.002177684948737891,0.0034915168194888935,15_P5_1
29011,106,2026-02-13 19:08:25.330000+00:00,124410.03319041866,426969.4496100699,8.923378857294539,0.000986600440228358,4.872900899499655e-05,-0.0005083670439915977,0,0.00028454353813201286,0.0009459333591134946,-0.0005083670439915977,37_P9_0
29012,121,2026-02-13 19:08:27.760000+00:00,124329.25982071554,426611.32767420233,11.35617809129445,0.00027794583002105355,-4.2290252167731524e-05,0.001878569220327364,0,-3.679895898630392e-05,-0.0002787260060920528,0.001878569220327364,15_P5_1
29013,124,2026-02-13 19:08:37.090000+00:00,124339.65902434879,426609.5890360633,6.678688601297504,0.0012586255616042763,-0.0012058407301083207,0.00425840546431111,0,-0.0007518598239144332,0.0015725447452760145,0.00425840546431111,17_P5_1
29014,102,2026-02-13 19:08:37.120000+00:00,124282.3935391209,426301.7927550808,6.904714280173877,0.0002501750714145601,-0.0008027838193811476,0.0014162964071413597,0,0.0007247178072089169,-0.000426419426072221,0.0014162964071413597,02_P1_0
29015,160,2026-02-13 19:08:41.380000+00:00,124421.81227296611,426965.61712903675,5.595276206909895,0.0010668054746929556,-0.0015090018860064447,0.0030949770225561224,0,-0.0007932535875641107,0.0016691043582180644,0.0030949770225561224,38a_P9_0
29016,123,2026-02-13 19:08:42.590000+00:00,124329.1504905774,426611.3905362183,8.080891319926351,0.000733965280232951,0.0002581986482255161,0.002775674872285805,0,-0.0004528468819217671,-0.000632693666845695,0.002775674872285805,16_P5_1
29017,103,2026-02-13 19:08:52.720000+00:00,124282.3116555402,426301.7966318647,9.298063061214599,-6.286696589086205e-05,-0.0008122885483317077,0.00011157542348527727,0,0.0008051920688065947,-0.00012422026196282166,0.00011157542348527727,01_P1_0
29018,170,2026-02-13 19:08:53.100000+00:00,124669.37517070457,426931.30905169586,13.799523918008774,-0.01287611189763993,0.01055472414009273,0.013333787337385772,0,0.000300412110812073,-0.01664650749669967,0.013333787337385772,908_GSL_1
29019,118,2026-02-13 19:08:58.830000+00:00,124372.26098888337,426775.11262084485,6.170151189304654,0.0009615213784854859,-4.365394124761224e-05,0.0046191203142926796,0,-0.0006022604373081703,-0.0007508071613433441,0.0046191203142926796,22_P6_1
29020,162,2026-02-13 19:08:58.930000+00:00,124402.9964111666,426879.6461255786,6.54740575986493,0.0009830382914515212,-0.0016080092755146325,0.0027327165743624704,0,0.0016872414197460896,-0.0008398062300877619,0.0027327165743624704,34a_P7_0
29021,100,2026-02-13 19:09:07.850000+00:00,124292.48461615853,426345.9290489916,7.588056143381539,0.0008928852184908465,-0.001185988134238869,-0.0004434255875587212,0,0.0009488450560282167,-0.001141711402941063,-0.0004434255875587212,06_P2_0
29022,92,2026-02-13 19:09:10.690000+00:00,124278.31558000518,426395.6364731741,11.104453066370997,0.0016042025963542983,-0.0018174510914832354,0.002664083143777418,0,0.0015643637690997117,-0.0018518532441885397,0.002664083143777418,11_P3_0
29023,104,2026-02-13 19:09:14.650000+00:00,124389.81661069917,426881.4447202095,10.725381864415937,-0.0004855111037613824,0.00038064137334004045,-0.0005300036442701384,0,-0.00027201248698268944,0.0005537310664025273,-0.0005300036442701384,33_P7_0
29024,74,2026-02-13 19:09:15.430000+00:00,124369.34632927881,426785.72543872317,7.234204791351143,1.6069505363702774e-05,-0.001027573540341109,0.0041509565940707205,0,-0.00031975577442842044,-0.000976689231296975,0.0041509565940707205,21_P6_1
29025,101,2026-02-13 19:09:23.110000+00:00,124292.40538905284,426345.88226057985,10.216320024106501,7.018200994934887e-05,-0.0011329460539855063,0.0007015265062175757,0,0.001086214079421794,-0.0003295925506253512,0.0007015265062175757,05_P2_0
29026,93,2026-02-13 19:09:25.490000+00:00,124278.26950698643,426395.7895634822,7.951321208763636,0.0013834067503921688,-0.00178662029793486,0.002595688484118064,0,0.001563835385203285,-0.001631025816475497,0.002595688484118064,12_P3_0
29027,105,2026-02-13 19:09:29.560000+00:00,124389.687777561,426881.4726413752,7.06193886098998,-0.0009078763541765511,0.000688161060679704,-0.00035703573280976286,0,-0.0004825045870583985,0.0010319856798310363,-0.00035703573280976286,34_P7_0
29028,73,2026-02-13 19:09:32.230000+00:00,124369.48952035404,426785.6950175519,11.410568003763014,0.00018078960420098156,-0.0014491023030132055,0.004513387699939031,0,-0.0006037927541942858,-0.001329667881678655,0.004513387699939031,20_P6_1
29029,98,2026-02-13 19:09:38.330000+00:00,124302.66089451915,426390.0770122854,7.98023915422908,4.8885602154769003e-05,-0.0008997231489047408,0.0011883590982098013,0,0.0008631373250044503,-0.00025862232107314086,0.0011883590982098013,10_P3_0
29030,94,2026-02-13 19:09:40.920000+00:00,124268.22496760459,426351.5542534347,10.21747308190524,0.0007451054989360273,-0.0017195857944898307,0.00297914261427934,0,0.0015548123807853852,-0.001046286753099938,0.00297914261427934,07_P2_0
29031,165,2026-02-13 19:09:49.910000+00:00,124091.06067795363,427154.2061181617,9.856080337163718,-0.023102673527318984,0.00996636803029105,0.005344843437697477,0,0.022029796497436426,-0.01215524915855823,0.005344843437697477,907_GSL_1
29032,99,2026-02-13 19:09:53.510000+00:00,124302.53776992191,426390.13404305576,11.089016695209502,-0.00031036925793159753,-0.0007732362137176096,0.0012614924601344057,0,0.0008247763772176458,0.000118183103940838,0.0012614924601344057,09_P3_0
29033,95,2026-02-13 19:09:56.490000+00:00,124268.11041507474,426351.5474127812,7.196245975410695,0.0008671725081512704,-0.00177822879049927,0.0025751171655743477,0,0.0015888307297808291,-0.001178856523228327,0.0025751171655743477,08_P2_0
29034,113,2026-02-13 19:10:05.530000+00:00,124414.07822268807,426875.91721455427,7.342379361392014,0.0009880738944048062,0.0019824160845018923,0.039029416266737726,0,-0.0021600504361772976,-0.0004903525936164302,0.039029416266737726,32_P7_0
29035,152,2026-02-13 19:10:06.340000+00:00,124370.27576294818,426819.4991283048,9.732904688755013,-8.713686838746071e-06,-4.173314664512873e-05,0.003983737527134323,0,-3.860675815297585e-05,-1.808596395399451e-05,0.003983737527134323,29_KW_1
29036,166,2026-02-13 19:10:11.710000+00:00,124091.0543538031,427154.2060068992,9.82068705915383,-0.017927032589796,0.01697891962248832,-0.009166559908974747,0,0.021566950920143695,-0.012022014682682757,-0.009166559908974747,907_GSL_1
29037,96,2026-02-13 19:10:11.880000+00:00,124258.06209087273,426307.3508189719,9.309075137092103,0.001112676298362203,-0.001590605010278523,0.0045295289162119445,0,0.0013418701247293666,-0.0014026608328526707,0.0045295289162119445,03_P1_0
29038,112,2026-02-13 19:10:19.970000+00:00,124413.95216368597,426875.86936724465,10.707866840477108,0.0014290611579781398,0.002101179212331772,0.038601233556443404,0,-0.0023821166539293457,-0.0008846977577960991,0.038601233556443404,31_P7_0
29039,117,2026-02-13 19:10:22.020000+00:00,124377.68047596027,426815.90565396217,7.6217900552103774,0.0004588161827996373,-5.207635695114732e-05,0.004355015037917909,0,-6.987322826743665e-05,0.0004564449238666372,0.004355015037917909,26_KW_0
29040,125,2026-02-13 19:10:27.530000+00:00,124339.65607857445,426609.5905069778,6.673616062724844,-0.0017869891744339839,-0.0007268686313182116,0.00010012459572994459,0,-0.0009784820686879493,-0.0016626007211579129,0.00010012459572994459,17_P5_1
29041,97,2026-02-13 19:10:27.580000+00:00,124257.98807670135,426307.3901489433,6.841839403102723,0.0002064924774458632,-0.0017037613433785737,0.004777212506622774,0,0.0016300169641427313,-0.0005371094441915964,0.004777212506622774,04_P1_0
29042,161,2026-02-13 19:10:36.420000+00:00,124402.99121363448,426879.64733173227,6.587442484712857,-0.00019011211406905204,-0.00017515470972284675,0.045818163889134844,0,0.0002449352847421518,8.263470543409715e-05,0.045818163889134844,34a_P7_0
29043,116,2026-02-13 19:10:37.330000+00:00,124377.68772524587,426815.9001843449,10.009575596842433,0.0003653542953543365,0.000122781319078058,0.004515841565309486,0,0.00010856488440978812,0.0003698279050065057,0.004515841565309486,25_KW_0
29044,146,2026-02-13 19:10:43.530000+00:00,124350.92346185786,426607.51184672286,11.37910469572162,-0.002804717078106478,-1.867394894361496e-05,-0.00021681750246216325,0,-0.0006106222433199855,-0.0027375038046647815,-0.00021681750246216325,13_P5_1
29045,115,2026-02-13 19:10:53.820000+00:00,124396.28999875163,426811.63402343064,7.651427176941764,-9.200818021781743e-05,0.00010909419506788254,0.005154884168717899,0,4.6263267382545386e-05,-0.0001350065136043246,0.005154884168717899,24_KW_0
29046,148,2026-02-13 19:10:58.540000+00:00,124351.03871919581,426607.39817525644,8.015910596534003,-0.0023992188507691026,-0.0002806382835842669,0.0004541813216203394,0,-0.0007828601282124005,-0.0022851999824422807,0.0004541813216203394,14_P5_1
29047,153,2026-02-13 19:11:08.100000+00:00,124370.27583379087,426819.49721622944,9.728537975043418,0.001994985999772325,-0.0019068677793256938,0.0024574979304290423,0,0.0013153648632170643,-0.0024260933913870754,0.0024574979304290423,29_KW_1
29048,114,2026-02-13 19:11:09.230000+00:00,124396.29911386855,426811.6297299765,9.99489815647918,9.322352707386017e-05,0.0001912207226268947,0.004214078828997714,0,0.0002119354195701425,-1.8421962264378878e-05,0.004214078828997714,23_KW_0
29049,168,2026-02-13 19:11:15.510000+00:00,124669.37027192186,426931.3126451559,13.790898415182683,-0.00646004949521739,0.004904583503957838,-0.010441604752545075,0,0.00019141615474764753,-0.008108670586702572,-0.010441604752545075,908_GSL_1
29050,150,2026-02-13 19:11:24.710000+00:00,124401.10294792562,426812.3217012918,9.185985227388796,-0.00023270430392585695,0.00026970275212079287,0.003971204144987084,0,7.653142553264227e-05,-0.00034789913548770004,0.003971204144987084,27_KW_1
29051,119,2026-02-13 19:11:40.040000+00:00,124400.8141484539,426811.3433075551,3.9882918583854576,-2.9331858968362212e-06,0.00017867377027869225,0.004757729299274871,0,0.00014021742951333415,-0.00011077902430415905,0.004757729299274871,28_KW_1
29052,169,2026-02-13 19:11:56.110000+00:00,124669.37602361018,426931.30942453834,13.811395349282938,-0.003053838139749132,0.007264985411893576,-0.0003598635899546565,0,0.0005899092634412921,-0.007858622492505862,-0.0003598635899546565,908_GSL_1
29053,72,2026-02-13 19:12:38.910000+00:00,124390.52386466396,426780.88764757203,10.991212061798525,-9.503889305051416e-05,0.0007166403229348361,0.004126740231766846,0,-0.00020741669754074018,-0.0006925200771311301,0.004126740231766846,18_P6_1
29054,138,2026-02-13 19:15:21.190000+00:00,123928.08502767724,426940.43104102905,7.116609572101401,-0.0015912014350760728,-0.0006801229901611805,-0.0013264914965258612,0,0.0004362984358540122,-0.0016745545567718244,-0.0013264914965258612,905_GSL_1
29055,134,2026-02-13 19:15:21.280000+00:00,123855.61433864612,426533.07231773576,6.056672994824183,-0.0001234952942468226,-0.001980326196644455,0.010830075926402394,0,-0.000273876094440761,-0.001965180606893748,0.010830075926402394,904_GSL_1
29056,133,2026-02-13 19:15:22.020000+00:00,124806.22163368383,426258.50859790866,4.588100405843145,-0.0002624096960062161,-0.0028859046869911253,-5.6698341420968745e-05,0,0.0023259605776912657,0.0017283553170518882,-5.6698341420968745e-05,903_GSL_1
29057,130,2026-02-13 19:15:22.200000+00:00,124898.93270715725,426720.7549998616,4.12877061558465,-0.005665840013534762,-0.014676837192382663,0.03870788311445583,0,0.0004359001490484023,0.015726451732375555,0.03870788311445583,901_GSL_1
29058,139,2026-02-13 19:15:23.020000+00:00,123928.08707028476,426940.43313761416,7.135333108010449,0.0002003610716201365,0.002033601573202759,-0.0012687227288070702,0,0.00048221950411398714,0.0019857351956908973,-0.0012687227288070702,905_GSL_1
29059,137,2026-02-13 19:15:37.280000+00:00,123928.08467332194,426940.4288297311,7.136910975308696,-0.00472593994345516,-0.0049988399259746075,0.014047284343166488,0,-0.0012839546786786288,-0.006758281537326041,0.014047284343166488,905_GSL_1
29060,125,2026-02-13 19:15:37.790000+00:00,124339.65704501336,426609.5903162729,6.674326052728884,-0.0008205502672353759,-0.0009175735176540911,0.0008101145997700954,0,-0.0010269302945551922,-0.0006787179616637061,0.0008101145997700954,17_P5_1
29061,153,2026-02-13 19:15:38.590000+00:00,124370.2758564696,426819.49725645734,9.728053518305398,0.002017664723098278,-0.0018666398827917874,0.001973041192409042,0,0.0012705900873882356,-0.002437399478274939,0.001973041192409042,29_KW_1
29062,132,2026-02-13 19:15:39.970000+00:00,124806.20363903156,426258.49843139894,4.627067939800175,-0.01049525621056091,-0.0067103515029884875,0.04443576558985374,0,0.000561231635905503,0.012444446121456593,0.04443576558985374,903_GSL_1
29063,143,2026-02-13 19:15:40.170000+00:00,124266.92031098633,427056.31555576465,7.108099844208835,0.0007435582374455407,0.0013288886402733624,0.00255810598605688,0,0.0009479113273415893,0.001191758358988185,0.00255810598605688,906_GSL_1
29064,146,2026-02-13 19:15:53.190000+00:00,124350.92389861887,426607.51172643155,11.378133377615102,-0.002367956069065258,-0.00013896526070311666,-0.0011881356089809003,0,-0.0006359540090172654,-0.00228518922348241,-0.0011881356089809003,13_P5_1
29065,141,2026-02-13 19:15:54.290000+00:00,124266.91711106738,427056.3141055604,7.091356068260348,-0.0015176840679487213,-0.00041274260729551315,0.007221367997249928,0,-0.0003659862217083037,-0.001529632464189407,0.007221367997249928,906_GSL_1
29066,136,2026-02-13 19:15:54.460000+00:00,123855.61419269188,426533.0752966306,6.02638834277349,-0.001577419912791811,0.0011881045065820217,0.0040958003367519424,0,0.0005842347878369605,0.0018864028235013154,0.0040958003367519424,904_GSL_1
29067,152,2026-02-13 19:15:55.820000+00:00,124370.27573311227,426819.49913024844,9.732737125222352,-3.8549595046788454e-05,-3.978947643190622e-05,0.003816173994472649,0,-2.9847560491158495e-05,-4.667329906620307e-05,0.003816173994472649,29_KW_1
29068,135,2026-02-13 19:15:56.620000+00:00,123855.60371457106,426533.0904181502,6.063210810102045,-0.009935707174008712,0.013783228874672204,0.04201236298368727,0,0.00048308666608820394,0.016984178005788022,0.04201236298368727,904_GSL_1
29069,5,2026-02-13 19:15:56.820000+00:00,124424.61780964193,426919.1449547703,8.780174582942175,0.0006068644142942503,-0.001392998790834099,0.012348760935861236,11,-0.0013315596902240714,-0.0007319008402593487,0.012348760935861236,TS4
29070,148,2026-02-13 19:16:08.590000+00:00,124351.03845663434,426607.39823251625,8.015857379774962,-0.0026617803232511505,-0.0002233784762211144,0.00040096456257998625,0,-0.0007825609422011034,-0.002553932419745516,0.00040096456257998625,14_P5_1
29071,140,2026-02-13 19:16:10.110000+00:00,123928.08742364524,426940.4308191493,7.135853859357367,-0.00010008722892962396,-0.003619527618866414,0.00028015315502294413,0,-1.795355090670566e-05,-0.0036208666513890594,0.00028015315502294413,905_GSL_1
29072,122,2026-02-13 19:16:10.210000+00:00,124329.15071761739,426611.390435147,8.08886078538853,0.0011667143407976255,-0.0016037618624977767,0.005196946946131931,0,-0.001255381081060554,0.0015353477801268382,0.005196946946131931,16_P5_1
29073,150,2026-02-13 19:16:12.930000+00:00,124401.1028855003,426812.32168297237,9.186037739300675,-0.0002951296337414533,0.00025138334603980184,0.004023716056865467,0,2.4464594565882356e-05,-0.0003869064111529533,0.004023716056865467,27_KW_1
29074,128,2026-02-13 19:16:25.260000+00:00,124898.93718509305,426720.774848517,4.07774572224846,-0.003116306455922313,0.005584482161793858,-0.003646208755219149,0,-0.0003960647836411799,-0.006382862964984925,-0.003646208755219149,901_GSL_1
29075,145,2026-02-13 19:16:25.680000+00:00,124266.91907304616,427056.3140567214,7.110711025169268,0.0007492933218600228,-0.0006898862193338573,0.0027440888776215644,0,-0.0010177883333176432,3.8605522574946214e-05,0.0027440888776215644,906_GSL_1
29076,6,2026-02-13 19:16:25.880000+00:00,124399.0390514663,426925.07511818386,8.55645812955621,-0.00011927807645406574,-0.0003310310421511531,0.00915143373465277,11,-0.0003505829277498866,-3.000701852197639e-05,0.00915143373465277,TS5
29077,120,2026-02-13 19:16:26.080000+00:00,124329.26227012974,426611.32927576563,11.360883803090807,0.0020182945736451074,-0.0018993244739249349,0.002852636443934742,0,-0.0013235374456102113,0.002434993854884056,0.002852636443934742,15_P5_1
29078,129,2026-02-13 19:16:29.230000+00:00,124898.93980401746,426720.7719551981,4.087185269797836,0.0001323186734225601,-0.0005474720383062959,-0.004499475447777179,0,0.00019617709797666946,0.0005279662965502709,-0.004499475447777179,901_GSL_1
29079,124,2026-02-13 19:16:42.060000+00:00,124339.65885979828,426609.58909433306,6.6792419499511775,0.001094075050787069,-0.0011475709616206586,0.004811754117984179,0,-0.0007479602487474288,0.0013980253198720598,0.004811754117984179,17_P5_1
29080,131,2026-02-13 19:16:42.190000+00:00,124806.21811687191,426258.50534401665,4.609485131699149,-0.00042762423981912434,-0.0009400478447787464,-0.0020193410734137274,0,-7.392579263029325e-05,0.0010300909756609038,-0.0020193410734137274,903_GSL_1
29081,154,2026-02-13 19:16:42.260000+00:00,124285.66505115523,426445.5615395334,7.89483657119196,0.0004261552239768207,-0.0022854666458442807,-0.006763428808039151,11,-0.0023215371733380794,-0.0001242224496573889,-0.006763428808039151,TS1-1
29082,3,2026-02-13 19:16:42.390000+00:00,124314.90261416115,426440.7928809287,7.05747370870329,-0.004625190777005628,-0.0031963548390194774,-0.020955386787794517,11,-0.005563255532951031,0.0008119494169656712,-0.020955386787794517,TS2
29083,149,2026-02-13 19:16:46.690000+00:00,124351.04044936689,426607.3971939729,8.015726408067804,-0.0008623251778772101,0.0004615074140019715,0.0035005641000065424,0,-0.00032012090408343953,0.0009241841874586203,0.0035005641000065424,14_P5_1
29084,147,2026-02-13 19:17:01.920000+00:00,124350.92651551985,426607.51046697126,11.376449291346066,8.17426189314574e-06,0.00047423114301636815,0.0022296496736231575,0,-0.0004695640682937639,6.686988359133127e-05,0.0022296496736231575,13_P5_1
29085,126,2026-02-13 19:17:17.720000+00:00,124339.65740118973,426609.5887581081,6.671315926021746,0.0005805855907965451,0.00026794703444465995,0.0006587368862884802,0,-0.00038984391275239804,-0.0005068500421211011,0.0006587368862884802,17_P5_1
29086,121,2026-02-13 19:17:33.530000+00:00,124329.25997626453,426611.3277837615,11.356104591521348,0.0004334948171162978,6.726890569552779e-05,0.0018050694472258044,0,-0.00018534740628099971,-0.0003976043273470151,0.0018050694472258044,15_P5_1
29087,123,2026-02-13 19:17:48.520000+00:00,124329.1509087602,426611.3904671236,8.081114197191686,0.0011521480773808435,0.00018910394283011556,0.0029985521376207913,0,-0.0005032517954844704,-0.0010535383826647828,0.0029985521376207913,16_P5_1
29088,4,2026-02-13 19:17:48.720000+00:00,124378.97030187522,426782.7416823281,7.761360344383906,-0.0015160979819484055,0.0004994206828996539,0.006284639411640036,11,-0.0015846200454930118,-0.00019223272561587763,0.006284639411640036,TS3
29089,68,2026-02-13 19:21:20.800000+00:00,123928.08063300083,426940.4275749868,7.1196377606358245,-0.02831736102234572,-0.02016001840820536,0.000824479595598504,0,0.0013925519622829843,-0.03473269463375086,0.000824479595598504,905_GSL_1
29090,67,2026-02-13 19:21:21.310000+00:00,123855.61471804797,426533.0744231609,6.0527913232431665,-0.003276426170486957,-0.01667954376898706,0.008383174905590707,0,-0.00011606263278376446,-0.01699790217225285,0.008383174905590707,904_GSL_1
29091,66,2026-02-13 19:21:22.050000+00:00,124898.9380194983,426720.7669954309,4.1292790096214524,0.00041383461211808026,-0.007209723873529583,0.04699247921768812,0,0.0031635705674128074,0.006491779315698335,0.04699247921768812,901_GSL_1
29092,71,2026-02-13 19:21:22.110000+00:00,124806.22086049462,426258.5089622062,4.59548852654262,-0.006901440865476616,-0.006143925886135548,0.003984863393352356,0,0.001645268820367993,0.00909234853174481,0.003984863393352356,903_GSL_1
29093,68,2026-02-13 19:21:22.640000+00:00,123928.08755097094,426940.4340570266,7.135172810326837,-0.021399390912847593,-0.013677978655323386,0.016359529286610552,0,0.01568322668317054,-0.019976421910358068,0.016359529286610552,905_GSL_1
29094,67,2026-02-13 19:21:38.380000+00:00,123855.61346235799,426533.07704023446,6.034318954543373,-0.0045321161596802995,-0.014062470232602209,-0.0100891937942027,0,0.011902382850347323,-0.008753652289839736,-0.0100891937942027,904_GSL_1
29095,71,2026-02-13 19:21:38.720000+00:00,124806.2226744554,426258.5083532548,4.621839262815442,-0.005087480079964735,-0.006752877263352275,0.030335599666174495,0,0.003302699349232665,0.007783057362406897,0.030335599666174495,903_GSL_1
29096,69,2026-02-13 19:21:39.030000+00:00,124266.91960680607,427056.31516015506,7.108466331076913,-0.022990390585619025,0.0003217710182070732,0.017964960149480902,0,0.00901010106902451,-0.021153715385091133,0.017964960149480902,906_GSL_1
29097,68,2026-02-13 19:21:41.970000+00:00,123928.08838549862,426940.43156200834,7.132410723084368,-0.020564863239997067,-0.016172996896784753,0.013597442044141594,0,-0.0010657793457981932,-0.026140840519946213,0.013597442044141594,905_GSL_1
29098,68,2026-02-13 19:21:55.200000+00:00,123928.08780477119,426940.43243570393,7.145188212702241,-0.021145590668311343,-0.015299301303457469,0.026374931662014767,0,0.02063518288979177,-0.015981046655040968,0.026374931662014767,905_GSL_1
29099,66,2026-02-13 19:21:56.100000+00:00,124898.93961389342,426720.7707876837,4.087096828777659,0.0020082297414774075,-0.00341747107449919,0.004810298373894462,0,0.0023985351986513842,0.0031558080011977,0.004810298373894462,901_GSL_1
29100,67,2026-02-13 19:21:56.340000+00:00,123855.61078652405,426533.0791661821,6.061372048847743,-0.007207950096926652,-0.01193652261281386,0.016963900510167385,0,0.012666405440194492,-0.0058307195019665385,0.016963900510167385,904_GSL_1
29101,66,2026-02-13 19:21:58.900000+00:00,124898.93838128827,426720.77237321617,4.079628667774861,0.000775624590460211,-0.001831938629038632,-0.002657862628903551,0,-9.250758218345638e-05,0.0019872179027799353,-0.002657862628903551,901_GSL_1
29102,69,2026-02-13 19:21:59.010000+00:00,124266.92191060391,427056.3140797724,7.093997514376786,-0.020686592746642418,-0.0007586116553284228,0.0034961434493538945,0,-0.00012441209457897764,-0.020700123978850012,0.0034961434493538945,906_GSL_1
29103,69,2026-02-13 19:22:11.310000+00:00,124266.91956039696,427056.3152968219,7.120158740019364,-0.023036799699184485,0.0004584378330036998,0.029657369091931507,0,0.01666549490249619,-0.015911177997934317,0.029657369091931507,906_GSL_1
29104,71,2026-02-13 19:22:15.500000+00:00,124806.21771256655,426258.5048191303,4.610244034538772,-0.01004936893878039,-0.010287001787219197,0.01874037138950424,0,-0.005843770699060915,0.013140112855480812,0.01874037138950424,903_GSL_1
29105,149,2026-02-13 19:22:35.530000+00:00,124351.04054622268,426607.39717794064,8.01531421203229,-0.000765469390898943,0.00044547516154125333,0.0030883680644926415,0,-0.0003195233774673901,0.0008260122996694638,0.0030883680644926415,14_P5_1
29106,147,2026-02-13 19:22:51.390000+00:00,124350.92640387146,426607.51048715273,11.376561328879093,-0.00010347412899136543,0.000494412612169981,0.002341687206650178,0,-0.0004718484663972885,0.00018030460671262036,0.002341687206650178,13_P5_1
29107,110,2026-02-13 19:22:58.930000+00:00,124434.14075421134,426963.93335601914,8.788757830150011,0.0006683688698103651,0.0012694456963799894,0.03769746989222256,0,0.001380687593658923,0.00038975773360588146,0.03769746989222256,35_P9_0
29108,66,2026-02-13 19:22:59.080000+00:00,124898.9429673354,426720.7642226107,4.083050495950205,0.005361671719583683,-0.009982544113881886,0.0007639655464410922,0,0.0008045939997469414,0.011302713794029846,0.0007639655464410922,901_GSL_1
29109,126,2026-02-13 19:23:07.340000+00:00,124339.65723260537,426609.5888914663,6.672505525839297,0.00041200123087037355,0.0004013052675873041,0.001848336703838882,0,-0.00048256617293093956,-0.0003129230269168556,0.001848336703838882,17_P5_1
29110,107,2026-02-13 19:23:11.790000+00:00,124409.92191160233,426969.5250899035,6.297509908261945,0.0010940950305666775,0.0006788503960706294,0.008429584831911363,0,0.0009195443458695366,0.0009012879629371044,0.008429584831911363,38_P9_0
29111,111,2026-02-13 19:23:14.040000+00:00,124434.26236061963,426963.97681475827,6.505730730592685,0.0006698603101540357,-0.001249021093826741,0.04443822097791639,0,-0.0010802212651717207,0.0009175448469773106,0.04443822097791639,36_P9_0
29112,121,2026-02-13 19:23:23.120000+00:00,124329.26021892542,426611.3275886659,11.355123798762301,0.0006761557160643861,-0.00012782670091837645,0.0008242766881796371,0,-6.555996662133774e-05,-0.0006850022690552403,0.0008242766881796371,15_P5_1
29113,106,2026-02-13 19:23:27.130000+00:00,124410.03337692207,426969.45028549747,8.932524586972523,0.0011731038539437577,0.0007241565617732704,0.008637362633992396,0,0.0009850005121551566,0.0009645461985571561,0.008637362633992396,37_P9_0
29114,164,2026-02-13 19:23:34.680000+00:00,124091.06065341509,427154.2067319129,9.842106617879978,-0.03467503628053237,0.012000971473753452,0.027473086250580536,0,0.020753627640742667,-0.030260013171171652,0.027473086250580536,907_GSL_1
29115,102,2026-02-13 19:23:35.790000+00:00,124282.39329678712,426301.7927092201,6.904554046660784,7.841299520805478e-06,-0.0008486445294693112,0.0012560628940478935,0,0.0008245601396304507,-0.00020089698730686695,0.0012560628940478935,02_P1_0
29116,123,2026-02-13 19:23:38.370000+00:00,124329.15074015166,426611.3905167094,8.081413348364297,0.0009835395321715623,0.00023868976859375834,0.0032977033102312703,0,-0.0005037922010503251,-0.0008777905417219225,0.0032977033102312703,16_P5_1
29117,160,2026-02-13 19:23:43.290000+00:00,124421.81248793029,426965.61779997183,5.60384394183165,0.0012817696551792324,-0.0008380668004974723,0.011662711944311788,0,-0.00010299811883640077,0.0015279662295190038,0.011662711944311788,38a_P9_0
29118,122,2026-02-13 19:23:50.910000+00:00,124329.15076596876,426611.39025721594,8.08764138440526,0.0012150657130405307,-0.0017816929030232131,0.003977545962861484,0,-0.0014152280582504654,0.0016272503897159145,0.003977545962861484,16_P5_1
29119,103,2026-02-13 19:23:52.260000+00:00,124282.3115468473,426301.79661666957,9.298722023756643,-0.0001715598627924919,-0.0008274836582131684,0.0007705379655291722,0,0.0008447981236646348,-2.1865986918933297e-05,0.0007705379655291722,01_P1_0
29120,118,2026-02-13 19:23:54.640000+00:00,124372.26092554243,426775.11254589556,6.170131338151724,0.0008981804421637207,-0.00011860323138535023,0.004599269161362329,0,-0.0005041497457730258,-0.000752746881107758,0.004599269161362329,22_P6_1
29121,162,2026-02-13 19:24:01.510000+00:00,124402.99642261842,426879.64685156744,6.556393519726269,0.0009944901103153825,-0.000882020452991128,0.011720476435701954,0,0.0009649801025947542,-0.0009142122623362661,0.011720476435701954,34a_P7_0
29122,120,2026-02-13 19:24:06.260000+00:00,124329.26128208003,426611.3292912058,11.361530925001745,0.0010302448645234108,-0.0018838843097910285,0.003499758354871929,0,-0.0015599024746128641,0.0014755096893108984,0.003499758354871929,15_P5_1
29123,100,2026-02-13 19:24:07.380000+00:00,124292.48416414513,426345.9290524714,7.587954688446974,0.000440871823229827,-0.0011825083056464791,-0.0005448805221242026,0,0.0010494153788493115,-0.0007010144221593836,-0.0005448805221242026,06_P2_0
29124,74,2026-02-13 19:24:11.030000+00:00,124369.34630024609,426785.7255098256,7.234180183741748,-1.29632098833099e-05,-0.0009564710780978203,0.00412634898467612,0,-0.000270962891142071,-0.0009173789182622498,0.00412634898467612,21_P6_1
29125,104,2026-02-13 19:24:17.640000+00:00,124389.81676539687,426881.44535292353,10.734434224106549,-0.00033081340370699763,0.00101335538784042,0.008522356046341883,0,-0.0009230405661682041,0.0005332192451002667,0.008522356046341883,33_P7_0
29126,124,2026-02-13 19:24:21.620000+00:00,124339.65859179338,426609.5891058727,6.677797655785717,0.000826070157927461,-0.0011360312928445637,0.0033674599525239657,0,-0.0008207935527393855,0.0011398495286316734,0.0033674599525239657,17_P5_1
29127,101,2026-02-13 19:24:23.070000+00:00,124292.40555988891,426345.8822068826,10.21592478520486,0.00024101807503029704,-0.001186643319670111,0.0003062876045767382,0,0.0010990619863910293,-0.0005082074681458506,0.0003062876045767382,05_P2_0
29128,73,2026-02-13 19:24:28.320000+00:00,124369.48956138619,426785.69498455734,11.410556351574982,0.0002218217559857294,-0.0014820968499407172,0.0045017355119068014,0,-0.000652784098237613,-0.0013489584445493105,0.0045017355119068014,20_P6_1
29129,105,2026-02-13 19:24:33.240000+00:00,124389.6879177254,426881.47337600443,7.071108837241058,-0.0007677119574509561,0.0014227902865968645,0.00881294051826842,0,-0.0012301926961982347,0.0010489708191690008,0.00881294051826842,34_P7_0
29130,170,2026-02-13 19:24:37.410000+00:00,124669.37503292225,426931.3091690117,13.798314886979025,-0.013013894218602218,0.010672039992641658,0.012124756307636986,0,0.00030705674239304563,-0.016827346686107768,0.012124756307636986,908_GSL_1
29131,98,2026-02-13 19:24:38.190000+00:00,124302.66073252073,426390.07715431455,7.980241372730163,-0.00011311282287351787,-0.000757694011554122,0.0011905775992921974,0,0.0007630825088028486,-6.782190356031114e-05,0.0011905775992921974,10_P3_0
29132,99,2026-02-13 19:24:54.590000+00:00,124302.5378336625,426390.1338955226,11.088656727696382,-0.0002466286678100005,-0.0009207693510688841,0.0009015249470145648,0,0.0009529895449385833,2.127968259400322e-05,0.0009015249470145648,09_P3_0
29133,92,2026-02-13 19:24:54.800000+00:00,124278.31529512053,426395.636505989,11.103654818390567,0.0013193179474910721,-0.0017846361733973026,0.0018658351633469294,0,0.001573404179864702,-0.0015652237554913695,0.0018658351633469294,11_P3_0
29134,113,2026-02-13 19:25:06.120000+00:00,124414.0796188415,426875.9158971034,7.341372133744189,0.0023842273221816868,0.0006649651913903654,0.03802218861891227,0,-0.0012108309589026838,-0.002158843907873214,0.03802218861891227,32_P7_0
29135,93,2026-02-13 19:25:09.610000+00:00,124278.26934490853,426395.789538754,7.950764693519165,0.0012213288573548198,-0.0018113485421054065,0.0020391732396474183,0,0.0016121252532790293,-0.0014743404920624802,0.0020391732396474183,12_P3_0
29136,166,2026-02-13 19:25:11.930000+00:00,124091.06047341836,427154.20800499804,9.82757536974859,-0.011807417336967774,0.018977018480654806,-0.0022782493142141647,0,0.021641425820604174,-0.00558489239249318,-0.0022782493142141647,907_GSL_1
29137,112,2026-02-13 19:25:20.610000+00:00,124413.9527437739,426875.8681946234,10.706824422824244,0.00200914908782579,0.0009285579435527325,0.03755881590358001,0,-0.0013823997031551685,-0.0017285459127146681,0.03755881590358001,31_P7_0
29138,152,2026-02-13 19:25:22.520000+00:00,124370.27574495232,426819.49912962044,9.732800954200545,-2.6709545636549592e-05,-4.041747888550162e-05,0.003880002972666219,0,-3.318407801806004e-05,-3.52957418630378e-05,0.003880002972666219,29_KW_1
29139,94,2026-02-13 19:25:25.360000+00:00,124268.22504909859,426351.55412354344,10.216418550019812,0.000826599498395808,-0.001849477062933147,0.001924610728851306,0,0.0016676596001631793,-0.001150105906013705,0.001924610728851306,07_P2_0
29140,125,2026-02-13 19:25:28.390000+00:00,124339.65716316721,426609.5902483647,6.674305393470887,-0.0007023964135441929,-0.0009854817180894315,0.0007894553417733263,0,-0.0010769746487399937,-0.0005519606366577327,0.0007894553417733263,17_P5_1
29141,161,2026-02-13 19:25:36.680000+00:00,124402.9919519992,426879.6461327614,6.586138814556573,0.0005482526030391455,-0.0013741255970671773,0.044514493732851435,0,0.000941976663187087,-0.0011408251571846347,0.044514493732851435,34a_P7_0
29142,117,2026-02-13 19:25:38.330000+00:00,124377.68043105921,426815.9059006942,7.621374922451951,0.0004139151278650388,0.00019465567311272025,0.003939882279491158,0,0.0001784178022700153,0.00042116938633242964,0.003939882279491158,26_KW_0
29143,95,2026-02-13 19:25:40.780000+00:00,124268.11030780179,426351.547431815,7.195402292842938,0.0007598995580337942,-0.001759195001795888,0.0017314345978176604,0,0.0015898131082100575,-0.0010699105914080231,0.0017314345978176604,08_P2_0
29144,146,2026-02-13 19:25:43.920000+00:00,124350.9242056149,426607.51159781846,11.378560895553042,-0.0020609600469470024,-0.00026757834712043405,-0.000760617671041075,0,-0.0006968268059392285,-0.0019579547720731515,-0.000760617671041075,13_P5_1
29145,116,2026-02-13 19:25:53.630000+00:00,124377.68763825655,426815.9001291998,10.009599579351683,0.00027836498338729143,6.763619603589177e-05,0.004539824074559107,0,5.682400522819024e-05,0.0002807717069439854,0.004539824074559107,25_KW_0
29146,96,2026-02-13 19:25:56.440000+00:00,124258.06203077913,426307.35077838646,9.308688521406488,0.001052582694683224,-0.0016311904764734209,0.00414291323059679,0,0.0013934404983861786,-0.0013516790584829897,0.00414291323059679,03_P1_0
29147,148,2026-02-13 19:25:59.030000+00:00,124351.03901311725,426607.3981693679,8.014759900103662,-0.002105297418893315,-0.0002865268033929169,-0.0006965151087197086,0,-0.000726307691861733,-0.001996710286397077,-0.0006965151087197086,14_P5_1
29148,115,2026-02-13 19:26:10.010000+00:00,124396.28980673225,426811.6340208858,7.651141009679335,-0.0002840275556081906,0.00010654935613274574,0.004868716906288206,0,-5.464723086700609e-05,-0.00029839252302233483,0.004868716906288206,24_KW_0
29149,97,2026-02-13 19:26:11.990000+00:00,124257.98826214553,426307.3900530941,6.841683974040812,0.00039193665725179017,-0.0017996105598285794,0.00462178344471198,0,0.0016875763050062562,-0.0007377660368475031,0.00462178344471198,04_P1_0
29150,153,2026-02-13 19:26:13.790000+00:00,124370.27572643312,426819.49801997974,9.737288682204374,0.001887628241092898,-0.001103117479942739,0.011208205091385537,0,0.0005681056773974217,-0.0021112234581956275,0.011208205091385537,29_KW_1
29151,168,2026-02-13 19:26:15.760000+00:00,124669.37001898534,426931.3127352605,13.793151114088793,-0.0067129860108252615,0.004994688148144633,-0.008188905846434835,0,0.00011629610523605307,-0.008366454810411579,-0.008188905846434835,908_GSL_1
29152,114,2026-02-13 19:26:26.110000+00:00,124396.29903363588,426811.62977614213,9.994923505919425,1.2990858522243798e-05,0.00023738632444292307,0.004239428269242396,0,0.00021025223727154,-0.00011097308754818773,0.004239428269242396,23_KW_0
29153,150,2026-02-13 19:26:42.120000+00:00,124401.10286763134,426812.32176147826,9.185982983598501,-0.0003129985852865502,0.0003298892406746745,0.003968960354692186,0,7.661704536117337e-05,-0.00044824642091646316,0.003968960354692186,27_KW_1
29154,119,2026-02-13 19:26:58.100000+00:00,124400.8141027685,426811.3434267543,3.9884515618326017,-4.861857451032847e-05,0.00029787298990413547,0.0049174327464189815,0,0.00020721963221516577,-0.0002194358856852201,0.0049174327464189815,28_KW_1
29155,169,2026-02-13 19:27:14.120000+00:00,124669.37573443618,426931.3103649679,13.810271552977632,-0.003343012140248902,0.008205414982512593,-0.0014836598952605584,0,0.0007607610570718405,-0.00882755956191385,-0.0014836598952605584,908_GSL_1
29156,72,2026-02-13 19:27:57.300000+00:00,124390.52386841596,426780.8876599062,10.991205725800947,-9.12868999876082e-05,0.000728974468074739,0.004120404234189579,0,-0.00020566694246474586,-0.0007052929759974922,0.004120404234189579,18_P6_1
29157,165,2026-02-13 19:28:20.210000+00:00,124091.0611588494,427154.2064364179,9.854523065360544,-0.022621777752647176,0.010284624237101525,0.003787571634523701,0,0.02198675906903893,-0.011580187823544716,0.003787571634523701,907_GSL_1
29158,138,2026-02-13 19:30:20.910000+00:00,123928.0846045832,426940.4307764046,7.118677985922528,-0.0020142954745097086,-0.0009447474149055779,0.0007419223246012407,0,0.00048605955278715714,-0.0021711011141228344,0.0007419223246012407,905_GSL_1
29159,134,2026-02-13 19:30:21.590000+00:00,123855.61384662958,426533.0711709704,6.054082505799318,-0.0006155118317110464,-0.0031270915642380714,0.008239586901537699,0,-2.041446624035486e-05,-0.003187026783017883,0.008239586901537699,904_GSL_1
29160,130,2026-02-13 19:30:22.390000+00:00,124898.94182852733,426720.7756512513,4.126439490728559,0.003455530066275969,0.00597455253591761,0.03637675825836428,0,0.0008827004721351841,-0.006845203132111498,0.03637675825836428,901_GSL_1
29161,139,2026-02-13 19:30:22.610000+00:00,123928.08638989904,426940.43134525785,7.135740337062239,-0.00048002465337049216,0.0002412452595308423,-0.0008614936770170445,0,0.0005327544068622177,6.925088489291077e-05,-0.0008614936770170445,905_GSL_1
29162,133,2026-02-13 19:30:22.780000+00:00,124806.22181675957,426258.5095133924,4.591178094157692,-7.933395681902766e-05,-0.0019704209407791495,0.0030209899731259426,0,0.0016401490098684845,0.0010948807177007833,0.0030209899731259426,903_GSL_1
29163,137,2026-02-13 19:30:37.880000+00:00,123928.08432451064,426940.4287479165,7.130397942269184,-0.005074751243228093,-0.005080654576886445,0.007534251303654038,0,-0.0011459819645113218,-0.007088926325424537,0.007534251303654038,905_GSL_1
29164,125,2026-02-13 19:30:37.910000+00:00,124339.65749757217,426609.59030186816,6.674978239684361,-0.00036799145163968205,-0.0009319782839156687,0.0014623015552466256,0,-0.0009755126071673163,-0.00022885887229447872,0.0014623015552466256,17_P5_1
29165,132,2026-02-13 19:30:39.770000+00:00,124806.22515130661,426258.5097625214,4.625248136494176,0.011017018841812387,0.004620770982000977,0.04261596228385489,0,0.0015091686948374209,-0.011851102838110642,0.04261596228385489,903_GSL_1
29166,143,2026-02-13 19:30:39.950000+00:00,124266.91950220925,427056.3151130925,7.106691568526031,-6.52188464300707e-05,0.0008862164686433971,0.0011498303032535517,0,0.0008448129563360042,0.0002755434557946588,0.0011498303032535517,906_GSL_1
29167,153,2026-02-13 19:30:40.130000+00:00,124370.27579182724,426819.49805683916,9.73754348158804,0.0019530223653418943,-0.001066258060745895,0.011463004475050553,0,0.0005153520064732362,-0.002164628125349769,0.011463004475050553,29_KW_1
29168,146,2026-02-13 19:30:53.430000+00:00,124350.92461816865,426607.51161847566,11.378274003208064,-0.001648406294407323,-0.0002469211467541754,-0.001047510016018549,0,-0.0005895022854522458,-0.001559070370317728,-0.001047510016018549,13_P5_1
29169,141,2026-02-13 19:30:55.380000+00:00,124266.91889655279,427056.3142368613,7.093598303096825,0.00026780134066939354,-0.0002814417239278555,0.009463602833727158,0,-0.0002895252538655889,0.00025904078714726397,0.009463602833727158,906_GSL_1
29170,152,2026-02-13 19:30:55.410000+00:00,124370.27552778882,426819.4989768674,9.73277277038708,-0.0002438730443827808,-0.00019317050464451313,0.003851819159200076,0,-0.00013184792541376394,-0.0002817889816959282,0.003851819159200076,29_KW_1
29171,136,2026-02-13 19:30:56.850000+00:00,123855.61448122846,426533.0757042324,6.035720625860087,-0.001288883329834789,0.0015957062714733183,0.013428083423348447,0,0.00011176805323704161,0.00204817153701073,0.013428083423348447,904_GSL_1
29172,135,2026-02-13 19:30:57.530000+00:00,123855.61772131915,426533.0689175717,6.065335243834667,0.004071040923008695,-0.007717349624726921,0.04413679671630977,0,0.0009641804209531938,-0.008671863441206552,0.04413679671630977,904_GSL_1
29173,5,2026-02-13 19:30:57.730000+00:00,124424.6177026582,426919.1442637622,8.776187437442843,0.0004998806834919378,-0.0020840068464167416,0.008361615436529135,11,-0.0021102225166039837,-0.00037406705823658033,0.008361615436529135,TS4
29174,148,2026-02-13 19:31:09.720000+00:00,124351.03892938286,426607.3981812036,8.01584642316019,-0.0021890318021178246,-0.000274691148661077,0.0003900079478071916,0,-0.0007324915165275451,-0.0020810506087193385,0.0003900079478071916,14_P5_1
29175,122,2026-02-13 19:31:11.790000+00:00,124329.15080651201,426611.39029907103,8.086955153631068,0.001255608964129351,-0.0017398378113284707,0.0032913151886706515,0,-0.0013644580839755824,0.0016558513271438071,0.0032913151886706515,16_P5_1
29176,150,2026-02-13 19:31:12.700000+00:00,124401.10285740416,426812.3217682548,9.186001126589527,-0.00032322577317245305,0.0003366657765582204,0.003987103345718168,0,7.591575348659436e-05,-0.0004604948902225108,0.003987103345718168,27_KW_1
29177,140,2026-02-13 19:31:12.780000+00:00,123928.0875604206,426940.4310165921,7.144511078786542,3.6688128602690995e-05,-0.003422084846533835,0.008937372584198577,0,-0.0001482150751919613,-0.0034190704887648495,0.008937372584198577,905_GSL_1
29178,128,2026-02-13 19:31:26.010000+00:00,124898.93782633402,426720.7737230644,4.075938048173094,-0.002475065484759398,0.004459029587451369,-0.005453882830585677,0,-0.0003043374208532722,-0.0050908027608504314,-0.005453882830585677,901_GSL_1
29179,120,2026-02-13 19:31:27.190000+00:00,124329.26166171631,426611.3291507549,11.360999968093074,0.0014098811516305432,-0.0020243352046236396,0.0029688014462010415,0,-0.0015991785935497403,0.0018783838021911212,0.0029688014462010415,15_P5_1
29180,145,2026-02-13 19:31:28.820000+00:00,124266.91970654421,427056.31515319285,7.119523239025454,0.0013827913790009916,0.00040658522630110383,0.011556302733807478,0,-0.0006945112296836775,0.0012629638537697942,0.011556302733807478,906_GSL_1
29181,6,2026-02-13 19:31:29.020000+00:00,124399.03924156123,426925.07513321243,8.556154191986979,7.08168518031016e-05,-0.00031600246438756585,0.00884749616542102,11,-0.0002732860398783486,0.00017374499821844351,0.00884749616542102,TS5
29182,129,2026-02-13 19:31:29.210000+00:00,124898.93997433543,426720.7723992319,4.089549790768826,0.0003026366466656327,-0.00010343821486458182,-0.002134954476787243,0,0.000312750984557022,6.689712892197855e-05,-0.002134954476787243,901_GSL_1
29183,131,2026-02-13 19:31:41.790000+00:00,124806.21756335397,426258.5039863283,4.6102002057408455,-0.000981142176897265,-0.0022977361804805696,-0.0013042670317169325,0,-0.000120607949872047,0.0024955330590484674,-0.0013042670317169325,903_GSL_1
29184,3,2026-02-13 19:31:41.990000+00:00,124314.90264257212,426440.7928422124,7.056639395647089,-0.004596779806888662,-0.003235071140807122,-0.02178969984399526,11,-0.0055549757026303725,0.000859252478779468,-0.02178969984399526,TS2
29185,124,2026-02-13 19:31:42.990000+00:00,124339.65834515508,426609.58913475426,6.677842839260893,0.0005794318567495793,-0.0011071497574448586,0.0034126434276995354,0,-0.0008704747406617755,0.0008965464783803953,0.0034126434276995354,17_P5_1
29186,154,2026-02-13 19:31:43.190000+00:00,124285.6651541262,426445.5617299311,7.895366929597689,0.0005291261913953349,-0.0020950689213350415,-0.006233070402310581,11,-0.0021565615653500484,0.0001361268761834219,-0.006233070402310581,TS1-1
29187,149,2026-02-13 19:31:45.780000+00:00,124351.04084248212,426607.39707963786,8.014984256345935,-0.00046920994645915926,0.0003471723757684231,0.0027584123781370096,0,-0.0002690451174519759,0.0005179781434849841,0.0027584123781370096,14_P5_1
29188,147,2026-02-13 19:32:01.230000+00:00,124350.92660837628,426607.51053939015,11.375770524098991,0.0001010306878015399,0.0005466500297188759,0.0015508824265477728,0,-0.0005557468376811587,-1.3375622478671544e-05,0.0015508824265477728,13_P5_1
29189,126,2026-02-13 19:32:17+00:00,124339.6577217983,426609.58873268764,6.671937751964846,0.0009011941583594307,0.00024252658477053046,0.0012805628293879323,0,-0.00043604010186950795,-0.0008251297382492338,0.0012805628293879323,17_P5_1
29190,121,2026-02-13 19:32:32.400000+00:00,124329.2610364191,426611.3275001843,11.35476055149576,0.0014936493971617892,-0.00021630828268826008,0.0004610294216380595,0,-0.00020827467673946838,-0.0014947907725934054,0.0004610294216380595,15_P5_1
29191,123,2026-02-13 19:32:47.410000+00:00,124329.15101255258,426611.39038481645,8.081082439160904,0.0012559404567582533,0.00010679679689928889,0.0029667941068378667,0,-0.0004531952201211971,-0.0011761828425926716,0.0029667941068378667,16_P5_1
29192,4,2026-02-13 19:32:47.610000+00:00,124378.97039035692,426782.7417208559,7.761605930602681,-0.0014276162837632,0.0005379484500735998,0.006530225630414499,11,-0.001505418025812525,-0.00024737290910921867,0.006530225630414499,TS3
29193,68,2026-02-13 19:36:20.450000+00:00,123928.08495850922,426940.4310812122,7.1181214551785414,-0.02399185263493564,-0.016653793049044907,-0.0006918258616845918,0,0.0015173063072125518,-0.029166000708821527,-0.0006918258616845918,905_GSL_1
29194,67,2026-02-13 19:36:21.490000+00:00,123855.61463509419,426533.07445845974,6.053622416590197,-0.0033593799598747864,-0.016644244955386966,0.00921426825262106,0,-2.7727269847704383e-05,-0.016979857332976613,0.00921426825262106,904_GSL_1
29195,71,2026-02-13 19:36:22.440000+00:00,124806.22221083676,426258.50905663235,4.587485752668675,-0.005551098729483783,-0.006049499730579555,-0.004017910480592413,0,0.0022686266006285544,0.00789078433627983,-0.004017910480592413,903_GSL_1
29196,66,2026-02-13 19:36:23.410000+00:00,124898.94104863238,426720.7732822015,4.125396214397196,0.0034429686929797754,-0.0009229533025063574,0.04310968399343196,0,0.003532479187968241,-0.0004769350123627854,0.04310968399343196,901_GSL_1
29197,68,2026-02-13 19:36:25.220000+00:00,123928.08739627141,426940.43376959517,7.1360440181548634,-0.021554090446443297,-0.01396541006397456,0.017230737114637407,0,0.01573434870077999,-0.020298811891110356,0.017230737114637407,905_GSL_1
29198,68,2026-02-13 19:36:37.580000+00:00,123928.08717416048,426940.43086477247,7.133173863255687,-0.021776201378088444,-0.01687023276463151,0.01436058221546066,0,-0.0009215228711722095,-0.02753104603152256,0.01436058221546066,905_GSL_1
29199,67,2026-02-13 19:36:38.870000+00:00,123855.61358710362,426533.0756014174,6.025830558431892,-0.00440737052122131,-0.015501287300139666,-0.018577589905683922,0,0.01264292994752741,-0.00999355518395313,-0.018577589905683922,904_GSL_1
29200,71,2026-02-13 19:36:39.870000+00:00,124806.22903496552,426258.5112263272,4.6176240518540315,0.0012730300368275493,-0.00387980486266315,0.026120388704764075,0,0.0039963385213532465,0.0008383135867668635,0.026120388704764075,903_GSL_1
29201,69,2026-02-13 19:36:44.010000+00:00,124266.91941625134,427056.3150794762,7.1073596393543905,-0.023180945310741663,0.00024109217338263988,0.016858268426958034,0,0.009007651370781595,-0.021360631257482037,0.016858268426958034,906_GSL_1
29202,69,2026-02-13 19:36:53.560000+00:00,124266.91999649977,427056.3145593674,7.095243640526476,-0.02260069688782096,-0.0002790166181512177,0.00474226959904378,0,0.00041361050539161746,-0.022598634393214873,0.00474226959904378,906_GSL_1
29203,68,2026-02-13 19:36:55.060000+00:00,123928.08747955986,426940.43196569075,7.135720067291665,-0.021470801992109045,-0.015769314486533403,0.01690678625143871,0,0.020944861391832097,-0.016461451905481702,0.01690678625143871,905_GSL_1
29204,66,2026-02-13 19:36:58.450000+00:00,124898.93872810574,426720.77236127545,4.077740064351371,0.0011224420595681295,-0.0018438793485984206,-0.004546466052393505,0,0.00021506885005313745,0.002147908894486007,-0.004546466052393505,901_GSL_1
29205,66,2026-02-13 19:37:01.070000+00:00,124898.94019817209,426720.77358011843,4.087055136331914,0.002592508404632099,-0.0006250363658182323,0.004768605928149761,0,0.0026482573511834163,0.00031385233563943794,0.004768605928149761,901_GSL_1
29206,67,2026-02-13 19:37:04.420000+00:00,123855.62117223015,426533.0630103444,6.057459228529185,0.0031777560070622712,-0.02809236029861495,0.013051080191608833,0,0.013142763952673503,-0.025030912809402773,0.013051080191608833,904_GSL_1
29207,66,2026-02-13 19:37:09.870000+00:00,124898.94281546322,426720.7651947834,4.081387475843801,0.0052097995358053595,-0.009010371402837336,-0.0008990545599631972,0,0.0010640674161107287,0.01035357737954945,-0.0008990545599631972,901_GSL_1
29208,69,2026-02-13 19:37:11.130000+00:00,124266.91927456227,427056.3142285235,7.110701104916435,-0.02332263438438531,-0.000609860522672534,0.020199733989002766,0,0.016115276043294102,-0.01687053889279348,0.020199733989002766,906_GSL_1
29209,71,2026-02-13 19:37:15.370000+00:00,124806.21680598601,426258.501272233,4.607582171095082,-0.010955949474009685,-0.013833899050951004,0.016078507945814557,0,-0.005460032059356251,0.01678087130454668,0.016078507945814557,903_GSL_1
29210,149,2026-02-13 19:37:41.630000+00:00,124351.04049299266,426607.39708668884,8.016355933465777,-0.00081869940913748,0.00035422336077317595,0.004130089497978773,0,-0.00022103460873496884,0.0008642260199628807,0.004130089497978773,14_P5_1
29211,164,2026-02-13 19:37:48.460000+00:00,124091.0615633138,427154.2074119736,9.839426718471142,-0.033765137573936954,0.012681032181717455,0.024793186841744586,0,0.02116850865280077,-0.029202522733437635,0.024793186841744586,907_GSL_1
29212,147,2026-02-13 19:37:57.530000+00:00,124350.92646423634,426607.5104010993,11.375314225667147,-4.310924850869924e-05,0.00040835916297510266,0.001094583994703413,0,-0.00039641559475648273,0.00010709943756423432,0.001094583994703413,13_P5_1
29213,122,2026-02-13 19:38:04.760000+00:00,124329.15074482467,426611.3906354485,8.087985302140304,0.0011939216201426461,-0.0014034603373147547,0.00432146369790587,0,-0.0010547284836225094,0.0015108598807616303,0.00432146369790587,16_P5_1
29214,110,2026-02-13 19:38:07.700000+00:00,124434.14089696502,426963.9326630317,8.784754329904297,0.0008111225470202044,0.0005764582310803235,0.03369396964650839,0,0.0007325381673606267,0.0006735070243321401,0.03369396964650839,35_P9_0
29215,107,2026-02-13 19:38:09.810000+00:00,124409.92193790014,426969.52439252083,6.288515503119653,0.0011203928443137556,-1.853227149695158e-05,-0.0005648203103802985,0,0.0002484164160404363,0.0010926631937234498,-0.0005648203103802985,38_P9_0
29216,126,2026-02-13 19:38:13.120000+00:00,124339.65740729745,426609.5888564144,6.6717705466643045,0.0005866933061042801,0.0003662533708848059,0.0011133575288466702,0,-0.00048706268566644096,-0.0004910402298625311,0.0011133575288466702,17_P5_1
29217,120,2026-02-13 19:38:19.870000+00:00,124329.261545403,426611.32944638754,11.361728649290246,0.0012935678387293592,-0.0017287025693804026,0.0036974826433731067,0,-0.0013428512004520468,0.0016907042852674881,0.0036974826433731067,15_P5_1
29218,111,2026-02-13 19:38:22.660000+00:00,124434.26258295123,426963.9761501831,6.501642382107464,0.0008921919070417061,-0.0019135962356813252,0.04034987249269584,0,-0.0016831807144668718,0.0012746605958651287,0.04034987249269584,36_P9_0
29219,106,2026-02-13 19:38:24.570000+00:00,124410.0333341538,426969.44960875326,8.923559668432086,0.0011303355859126896,4.7412351705133915e-05,-0.000327555906444843,0,0.0003178272763400517,0.001085768064684654,-0.000327555906444843,37_P9_0
29220,121,2026-02-13 19:38:28.870000+00:00,124329.26006169009,426611.3276420752,11.355496032067673,0.0005189203802729025,-7.441738853231072e-05,0.0011965099935515866,0,-7.306132211230718e-05,-0.0005191130435557792,0.0011965099935515866,15_P5_1
29221,124,2026-02-13 19:38:35.160000+00:00,124339.65872738458,426609.5892336382,6.678428531754557,0.0009616613533580676,-0.0010082658263854682,0.003998335921363783,0,-0.0006570396240384956,0.0012286950262952127,0.003998335921363783,17_P5_1
29222,102,2026-02-13 19:38:36.300000+00:00,124282.39369211347,426301.7927407707,6.903879656803348,0.00040316765080206096,-0.0008170939399860799,0.0005816730366117184,0,0.0007038103100710917,-0.0005786516299578373,0.0005816730366117184,02_P1_0
29223,160,2026-02-13 19:38:40+00:00,124421.81222219867,426965.61716638395,5.595474312678129,0.0010160380334127694,-0.0014716546866111457,0.003293082790790436,0,-0.0007855549232229229,0.0016065504239102066,0.003293082790790436,38a_P9_0
29224,123,2026-02-13 19:38:44.300000+00:00,124329.15085993988,426611.39047843486,8.079580114764068,0.001103327755117789,0.00020041520474478602,0.0014644697100028026,0,-0.0005004831680482852,-0.0010035013642275261,0.0014644697100028026,16_P5_1
29225,170,2026-02-13 19:38:50.670000+00:00,124669.37559490713,426931.3089917324,13.799263604909871,-0.012451909336959943,0.01049476070329547,0.013073474238483485,0,0.0005163151784646534,-0.016276469733692008,0.013073474238483485,908_GSL_1
29226,103,2026-02-13 19:38:51.830000+00:00,124282.31202794926,426301.79667323496,9.298032919913572,0.0003095420979661867,-0.0007709182682447135,8.143412245864567e-05,0,0.0006799009557045528,-0.00047735309484570455,8.143412245864567e-05,01_P1_0
29227,162,2026-02-13 19:38:57.740000+00:00,124402.99637466097,426879.6461333596,6.547542167097989,0.0009465326584177092,-0.0016002283082343638,0.0028691238074216585,0,0.0016763211395459067,-0.0008041157559937639,0.0028691238074216585,34a_P7_0
29228,118,2026-02-13 19:39:00.430000+00:00,124372.26100151514,426775.11262899404,6.170058684564579,0.0009741531539475545,-3.5504752304404974e-05,0.0045266155742176295,0,-0.0006167220864941866,-0.0007549098110452811,0.0045266155742176295,22_P6_1
29229,100,2026-02-13 19:39:07.110000+00:00,124292.48430715635,426345.9291921562,7.587272685737453,0.0005838830402353778,-0.001042823540046811,-0.001226883231645104,0,0.0008805831242961475,-0.0008080678817742395,-0.001226883231645104,06_P2_0
29230,92,2026-02-13 19:39:07.970000+00:00,124278.31552079972,426395.6365854876,11.104316596089317,0.0015449971397174522,-0.0017051376053132117,0.0025276128620976834,0,0.001461874864789551,-0.0017769165130880275,0.0025276128620976834,11_P3_0
29231,104,2026-02-13 19:39:13.530000+00:00,124389.816650038,426881.44469728513,10.725607992408616,-0.00044617227104026824,0.00035771698458120227,-0.00030387565159095686,0,-0.0002577178566537786,0.0005105023436428878,-0.00030387565159095686,33_P7_0
29232,74,2026-02-13 19:39:17.120000+00:00,124369.3462982869,426785.72550028027,7.234161814657218,-1.4922406990081072e-05,-0.000966016435995698,0.004107979900146219,0,-0.0002719193442195155,-0.0009270762121225184,0.004107979900146219,21_P6_1
29233,101,2026-02-13 19:39:22.410000+00:00,124292.4054223241,426345.882176949,10.216155920441874,0.00010345326154492795,-0.0012165769003331661,0.0005374228415906401,0,0.0011599158804908268,-0.0003812572385328939,0.0005374228415906401,05_P2_0
29234,93,2026-02-13 19:39:22.580000+00:00,124278.26962320319,426395.7897538089,7.951437037588893,0.0014996235113358125,-0.0015962936449795961,0.0027115173093754663,0,0.0013584930605678672,-0.0017179990340923782,0.0027115173093754663,12_P3_0
29235,105,2026-02-13 19:39:28.340000+00:00,124389.68782968046,426881.47260981094,7.062111847564492,-0.0008557568944524974,0.000656596792396158,-0.00018404915829783874,0,-0.0004625685529542674,0.0009744072783008658,-0.00018404915829783874,34_P7_0
29236,73,2026-02-13 19:39:34.100000+00:00,124369.48953192164,426785.6950287936,11.410588940641087,0.00019235721265431494,-0.0014378605992533267,0.004534324578012061,0,-0.0006114913316289425,-0.001315493349085405,0.004534324578012061,20_P6_1
29237,98,2026-02-13 19:39:37.200000+00:00,124302.66085167398,426390.0771533417,7.98021550290224,6.040427251718938e-06,-0.0007586668361909688,0.0011647077713696774,0,0.0007360707963254698,-0.00018387941128409754,0.0011647077713696774,10_P3_0
29238,94,2026-02-13 19:39:38.640000+00:00,124268.22515131283,426351.5542101413,10.21685964518602,0.0009288137371186167,-0.001762879197485745,0.0023657058950590226,0,0.001563868282044439,-0.0012348093049550648,0.0023657058950590226,07_P2_0
29239,165,2026-02-13 19:39:51.110000+00:00,124091.06144069084,427154.2068358245,9.856085281345075,-0.022339936316711828,0.010684030828997493,0.005349787619055135,0,0.022129800821063406,-0.01111274876030994,0.005349787619055135,907_GSL_1
29240,99,2026-02-13 19:39:52.190000+00:00,124302.53807322652,426390.1340713907,11.088391806682031,-7.064649253152311e-06,-0.0007449012482538819,0.0006366039326639594,0,0.000725334742674146,-0.00016975656096037008,0.0006366039326639594,09_P3_0
29241,95,2026-02-13 19:39:54.800000+00:00,124268.11038008,426351.54762353096,7.196526053337254,0.0008321777713717893,-0.0015674790483899415,0.002855195092133833,0,0.001388086426490424,-0.0011057696337392336,0.002855195092133833,08_P2_0
29242,152,2026-02-13 19:40:06.910000+00:00,124370.27563942011,426819.4991530535,9.732857813294682,-0.00013224175199866295,-1.6984413377940655e-05,0.003936862066803215,0,1.3911472003059599e-05,-0.00013260023460076056,0.003936862066803215,29_KW_1
29243,96,2026-02-13 19:40:10.010000+00:00,124258.06200065734,426307.3508887888,9.308769457480379,0.0010224609141005203,-0.001520788122434169,0.0042238493044877146,0,0.0012910754210208484,-0.0013005180088856733,0.0042238493044877146,03_P1_0
29244,166,2026-02-13 19:40:10.220000+00:00,124091.05442917522,427154.2062664124,9.822202000306508,-0.017851660479209386,0.017238432832527906,-0.007651618756296941,0,0.02179200165587179,-0.011872405494128959,-0.007651618756296941,907_GSL_1
29245,113,2026-02-13 19:40:19.130000+00:00,124414.07843251391,426875.91546612856,7.337478095231549,0.0011978997354162857,0.00023399037308990955,0.03412815010627224,0,-0.0005110987555622318,-0.0011083741845026437,0.03412815010627224,32_P7_0
29246,117,2026-02-13 19:40:23.220000+00:00,124377.68054617125,426815.90585676354,7.621770357001739,0.0005290271656122059,0.0001507250126451254,0.004335316829279456,0,0.0001300454294901531,0.0005344866300117143,0.004335316829279456,26_KW_0
29247,97,2026-02-13 19:40:24.980000+00:00,124257.98811764138,426307.3903429838,6.842355226509445,0.00024743250105530024,-0.001509720808826387,0.005293035913345179,0,0.0014317151295370183,-0.0005391396396451292,0.005293035913345179,04_P1_0
29248,125,2026-02-13 19:40:26.290000+00:00,124339.65653208098,426609.59054978826,6.673740805501144,-0.0013334826508071274,-0.0006840581772848964,0.00022486737202953577,0,-0.0008703160737492174,-0.0012201071681158522,0.00022486737202953577,17_P5_1
29249,112,2026-02-13 19:40:34.290000+00:00,124413.9521459296,426875.86772034696,10.702672709649292,0.0014113047800492495,0.00045428151497617364,0.03340710272862779,0,-0.000778832276413911,-0.0012615756664801495,0.03340710272862779,31_P7_0
29250,116,2026-02-13 19:40:38.800000+00:00,124377.68772878821,426815.90012490074,10.009714472285225,0.0003688966389745474,6.333715282380581e-05,0.004654717008101272,0,4.90282100918684e-05,0.0003710694810810117,0.004654717008101272,25_KW_0
29251,146,2026-02-13 19:40:42.090000+00:00,124350.92362567897,426607.5117899133,11.378325784251352,-0.002640895967488177,-7.54835200496018e-05,-0.0009957289727307028,0,-0.0006315481556808959,-0.002565380322671563,-0.0009957289727307028,13_P5_1
29252,161,2026-02-13 19:40:51.140000+00:00,124402.99127990205,426879.6456897652,6.582229534805135,-0.0001238445402123034,-0.001817121752537787,0.04060521398141326,0,0.0016533178781522654,-0.0007640739018370446,0.04060521398141326,34a_P7_0
29253,115,2026-02-13 19:40:54.730000+00:00,124396.28996050332,426811.63404679444,7.651544990802278,-0.00013025649241171777,0.00013245799345895648,0.005272698029231471,0,4.66367523877633e-05,-0.0001798246011348261,0.005272698029231471,24_KW_0
29254,148,2026-02-13 19:40:57.110000+00:00,124351.03899551815,426607.39829195227,8.014749574872113,-0.002122896519722417,-0.0001639424590393901,-0.0007068403402694656,0,-0.000610238241550728,-0.002039896088499242,-0.0007068403402694656,14_P5_1
29255,114,2026-02-13 19:41:10.090000+00:00,124396.29910311829,426811.62977771525,9.995119582262072,8.24732705950737e-05,0.00023895944468677044,0.0044355046118891295,0,0.0002473435448254999,-5.219796356960562e-05,0.0044355046118891295,23_KW_0
29256,153,2026-02-13 19:41:11.450000+00:00,124370.27573204313,426819.4972838343,9.72896004468416,0.0018932382517959923,-0.0018392628990113735,0.0028795675711705826,0,0.0012768833478247847,-0.002310153242923732,0.0028795675711705826,29_KW_1
29257,168,2026-02-13 19:41:14.490000+00:00,124669.36955657938,426931.3134872105,13.791563325452515,-0.007175391976488754,0.005746638111304492,-0.009776694482713566,0,0.0004549195260621689,-0.009181674565315621,-0.009776694482713566,908_GSL_1
29258,150,2026-02-13 19:41:25.920000+00:00,124401.10293383451,426812.32177535386,9.185963977565493,-0.00024679541820660233,0.0003437648410908878,0.003949954321683435,0,0.00012738912928058366,-0.0004035520464068418,0.003949954321683435,27_KW_1
29259,119,2026-02-13 19:41:41.520000+00:00,124400.81409568773,426811.3433877572,3.9881146795660953,-5.569934728555381e-05,0.0002588758943602443,0.004580550479912571,0,0.00017192964396244218,-0.00020139350410527384,0.004580550479912571,28_KW_1
29260,169,2026-02-13 19:41:57.530000+00:00,124669.37618658501,426931.30922420317,13.811188404257177,-0.0028908633103128523,0.007064650242682546,-0.0005668086157157859,0,0.00064376369015022,-0.007606046413320899,-0.0005668086157157859,908_GSL_1
29261,72,2026-02-13 19:42:39.390000+00:00,124390.52394893287,426780.88761075167,10.991265296828514,-1.0769988875836134e-05,0.000679819961078465,0.004179975261756397,0,-0.00011837728672091503,-0.0006695207167292925,0.004179975261756397,18_P6_1
29262,138,2026-02-13 19:45:20.060000+00:00,123928.08618985265,426940.4319719751,7.1131962445935715,-0.0004290260258130729,0.0002508230390958488,-0.0047398190043557165,0,0.00046096966148643213,-0.00018569463900533413,-0.0047398190043557165,905_GSL_1
29263,130,2026-02-13 19:45:21.330000+00:00,124898.93787907294,426720.7648523909,4.123014608071113,-0.0004939243226544932,-0.004824307863600552,0.03295187560091861,0,0.001405748691934859,0.004641312122065404,0.03295187560091861,901_GSL_1
29264,134,2026-02-13 19:45:21.490000+00:00,123855.61419046712,426533.07223778765,6.051927840466632,-0.0002716742892516777,-0.002060274302493781,0.006084921568851875,0,-0.00014461452116664358,-0.002073071094107576,0.006084921568851875,904_GSL_1
29265,133,2026-02-13 19:45:22.210000+00:00,124806.22036469863,426258.50753561937,4.584647306816391,-0.0015313948970288038,-0.003948193974792957,-0.003509797368174361,0,0.0025709684701072035,0.0033650448910752875,-0.003509797368174361,903_GSL_1
29266,139,2026-02-13 19:45:25.300000+00:00,123928.08686238689,426940.4328474979,7.135690578330608,-7.536800694651902e-06,0.0017434853361919522,-0.0009112524086480889,0,0.000582686549528461,0.001643251139016703,-0.0009112524086480889,905_GSL_1
29267,125,2026-02-13 19:45:37.770000+00:00,124339.65707853713,426609.5905704815,6.673633337555825,-0.000787026496254839,-0.0006633649463765323,0.00011739942671074033,0,-0.0007705471051781189,-0.0006824374818178795,0.00011739942671074033,17_P5_1
29268,132,2026-02-13 19:45:38.140000+00:00,124806.21017094821,426258.5002109481,4.6181880548941034,-0.003963339564506896,-0.004930802329909056,0.03555588068378235,0,0.002287350258647132,0.005898211670878656,0.03555588068378235,903_GSL_1
29269,137,2026-02-13 19:45:38.600000+00:00,123928.08532453001,426940.42989823135,7.133064803425794,-0.004074731870787218,-0.003930339706130326,0.01020111246026456,0,-0.000799276567576231,-0.005604655831798888,0.01020111246026456,905_GSL_1
29270,153,2026-02-13 19:45:38.680000+00:00,124370.27589999096,426819.49728238484,9.728287894845952,0.0020611860818462446,-0.0018407123861834407,0.0022074177329631794,0,0.0012341320443652211,-0.0024725752263008564,0.0022074177329631794,29_KW_1
29271,143,2026-02-13 19:45:42.810000+00:00,124266.91942310985,427056.3153548853,7.10838733546602,-0.00014431824092753232,0.0011280092876404524,0.0028455972432421817,0,0.0010985454444796875,0.00029399084013020493,0.0028455972432421817,906_GSL_1
29272,146,2026-02-13 19:45:53.100000+00:00,124350.92453995967,426607.51164607605,11.378228181926202,-0.001726615271763876,-0.00021932076197117567,-0.0010933312978806953,0,-0.0005790411213858261,-0.0016413449585824748,-0.0010933312978806953,13_P5_1
29273,136,2026-02-13 19:45:54.600000+00:00,123855.61289231294,426533.0768162465,6.026570213834047,-0.0028777988482033834,0.0027077203849330544,0.004277671397308502,0,0.0007498427187306678,0.003879589126553137,0.004277671397308502,904_GSL_1
29274,135,2026-02-13 19:45:54.720000+00:00,123855.61252478835,426533.07530921267,6.0575365805726875,-0.0011254898854531348,-0.0013257086393423378,0.03633813345433001,0,0.0016756792422005626,-0.0004651128421602347,0.03633813345433001,904_GSL_1
29275,141,2026-02-13 19:45:54.780000+00:00,124266.91825385594,427056.3146036452,7.093504006805418,-0.0003748955059563741,8.534215157851577e-05,0.009369306542319933,0,9.680365284937871e-05,-0.0003721007605707801,0.009369306542319933,906_GSL_1
29276,5,2026-02-13 19:45:54.920000+00:00,124424.61756234251,426919.14394800365,8.782614374940518,0.0003595649905037135,-0.00239976542070508,0.014788552934204446,11,-0.002417440968580491,-0.00021009574064312494,0.014788552934204446,TS4
29277,152,2026-02-13 19:45:58.410000+00:00,124370.27562729553,426819.4990516827,9.732775967720908,-0.00014436633500736207,-0.00011835520854219794,0.0038550164930288844,0,-8.194637536471195e-05,-0.00016773307854180342,0.0038550164930288844,29_KW_1
29278,148,2026-02-13 19:46:08.190000+00:00,124351.03922989733,426607.39828656847,8.015729862554394,-0.0018885173340095207,-0.00016932626022025943,0.0002734473420122896,0,-0.0005658148697067294,-0.0018097023612940785,0.0002734473420122896,14_P5_1
29279,140,2026-02-13 19:46:10.470000+00:00,123928.08732202044,426940.4316894746,7.135203934062178,-0.0002017120277741924,-0.0027492023073136806,-0.0003697721401660914,0,0.00011198749687293875,-0.002754316588417493,-0.0003697721401660914,905_GSL_1
29280,122,2026-02-13 19:46:10.980000+00:00,124329.1504193535,426611.3906688433,8.08821186513675,0.0008684504427947104,-0.001370065554510802,0.0045480266943513925,0,-0.001104980527113544,0.0011875621372994317,0.0045480266943513925,16_P5_1
29281,150,2026-02-13 19:46:14.690000+00:00,124401.10284506594,426812.32177708746,9.186009395000498,-0.0003355639928486198,0.0003454984398558736,0.003995371756689181,0,7.559603516167479e-05,-0.00047566543358455856,0.003995371756689181,27_KW_1
29282,120,2026-02-13 19:46:26.180000+00:00,124329.26165472125,426611.329484215,11.361017597825594,0.001402886089636013,-0.0016908750985749066,0.002986431178721105,0,-0.0012784638741868068,0.0017868066772525181,0.002986431178721105,15_P5_1
29283,145,2026-02-13 19:46:26.330000+00:00,124266.91928287414,427056.3143148367,7.11134023144953,0.0009591213020030409,-0.0004317709244787693,0.00337329515788376,0,-0.0009847502363606263,0.00036960353781985097,0.00337329515788376,906_GSL_1
29284,6,2026-02-13 19:46:26.530000+00:00,124399.03917146228,426925.0750874768,8.555447290447503,0.0,-0.0003617380862124264,0.008140594625945852,11,-0.0003549465651822131,6.977029646201797e-05,0.008140594625945852,TS5
29285,128,2026-02-13 19:46:26.570000+00:00,124898.93737775245,426720.7755250079,4.0777319951688416,-0.002923647058196366,0.00626097311032936,-0.003659935834837924,0,7.00954100111138e-05,-0.006909600787503062,-0.003659935834837924,901_GSL_1
29286,129,2026-02-13 19:46:35.180000+00:00,124898.94003597401,426720.77084137656,4.088916197992617,0.0003642752271844074,-0.001661293557845056,-0.002768547252996356,0,0.0005583141168143798,0.001606511149492438,-0.002768547252996356,901_GSL_1
29287,124,2026-02-13 19:46:41.980000+00:00,124339.65880233908,426609.5892579164,6.67793139283789,0.0010366158530814573,-0.0009839876438491046,0.0035011970046969765,0,-0.0006105431515430808,0.001292300727466851,0.0035011970046969765,17_P5_1
29288,154,2026-02-13 19:46:42.180000+00:00,124285.66529187265,426445.5617167154,7.896099117558052,0.0006668726418865845,-0.002108284621499479,-0.005500882441947574,11,-0.0022073968144720527,0.00013031680323974311,-0.005500882441947574,TS1-1
29289,131,2026-02-13 19:46:43.770000+00:00,124806.21913366157,426258.50723499985,4.6093352939349455,0.0005891654145671055,0.0009509353549219668,-0.002169178837617025,0,0.00022159149086366407,-0.0010964903766743305,-0.002169178837617025,903_GSL_1
29290,3,2026-02-13 19:46:43.970000+00:00,124314.90252274978,426440.79294504353,7.05666491931037,-0.004716602154076099,-0.0031322400318458676,-0.02176417618071458,11,-0.005621991992022028,0.0006711702753946234,-0.02176417618071458,TS2
29291,149,2026-02-13 19:46:51.620000+00:00,124351.04031641755,426607.396961101,8.015113922594512,-0.0009952745167538524,0.0002286355011165142,0.0028880786267144742,0,-6.923538141451634e-05,0.0010188483783325172,0.0028880786267144742,14_P5_1
29292,147,2026-02-13 19:47:07.310000+00:00,124350.92676583497,426607.5103069046,11.37554284584041,0.0002584893809398636,0.0003141644992865622,0.0013232041679671624,0,-0.0003510653060948837,-0.00020559485287126203,0.0013232041679671624,13_P5_1
29293,126,2026-02-13 19:47:23.810000+00:00,124339.65753109448,426609.5887259834,6.671735094929843,0.0007104903343133628,0.0002358223428018391,0.0010779057943848258,0,-0.000387278647088901,-0.0006406433813177598,0.0010779057943848258,17_P5_1
29294,121,2026-02-13 19:47:40.510000+00:00,124329.26035653517,426611.3275585792,11.355591768183182,0.0008137654658639804,-0.00015791336772963405,0.001292246109059647,0,-7.499205942062545e-05,-0.0008255465196852259,0.001292246109059647,15_P5_1
29295,123,2026-02-13 19:47:56.310000+00:00,124329.15098602473,426611.39039231994,8.080971291787918,0.001229412606335245,0.00011430028825998306,0.0028556467338525238,0,-0.00045299405256621746,-0.0011486149489067128,0.0028556467338525238,16_P5_1
29296,4,2026-02-13 19:47:56.510000+00:00,124378.97040424861,426782.7417963368,7.761143503377999,-0.0014137245889287442,0.0006134293507784605,0.006067798405733349,11,-0.0015066067854411032,-0.00032411228887695024,0.006067798405733349,TS3
29297,68,2026-02-13 19:51:20.680000+00:00,123928.07958059422,426940.42691784963,7.116463121000226,-0.029369767638854682,-0.02081715560052544,-0.0023501600399997713,0,0.0015171458858569394,-0.03596714454634717,-0.0023501600399997713,905_GSL_1
29298,67,2026-02-13 19:51:21.210000+00:00,123855.61447553235,426533.0742083327,6.052947908824409,-0.0035189417976653203,-0.016894372005481273,0.008539760486833359,0,7.87427543028941e-05,-0.017256782910310665,0.008539760486833359,904_GSL_1
29299,71,2026-02-13 19:51:22.350000+00:00,124806.22042551402,426258.5078735164,4.5971494779505795,-0.00733642146224156,-0.00723261566599831,0.005645814801312099,0,0.0023475659489983858,0.010031088842134042,0.005645814801312099,903_GSL_1
29300,66,2026-02-13 19:51:22.630000+00:00,124898.94153781887,426720.77395300055,4.131834613050982,0.003932155188522302,-0.0002521542483009398,0.04954808264721766,0,0.003724969051371796,-0.0012845356195455894,0.04954808264721766,901_GSL_1
29301,68,2026-02-13 19:51:24.210000+00:00,123928.08723471772,426940.43406078103,7.13499103015531,-0.021715644135838374,-0.013674224202986807,0.01617774911508363,0,0.015982984199977884,-0.02007729622860556,0.01617774911508363,905_GSL_1
29302,68,2026-02-13 19:51:37.600000+00:00,123928.08801501076,426940.43172828166,7.132974037611942,-0.020935351101798005,-0.016006723570171744,0.014160756571715893,0,-0.0007140177045695062,-0.026343771634392214,0.014160756571715893,905_GSL_1
29303,67,2026-02-13 19:51:38.990000+00:00,123855.61347366155,426533.07656220364,6.033267027798008,-0.004520812595728785,-0.014540501055307686,-0.01114112053956795,0,0.012172868353296671,-0.009147961167299101,-0.01114112053956795,904_GSL_1
29304,71,2026-02-13 19:51:40.220000+00:00,124806.22656126303,426258.5091515878,4.625150002367912,-0.0012006724573438987,-0.0059545442927628756,0.03364633921864435,0,0.004555556719025257,0.0040180984388194126,0.03364633921864435,903_GSL_1
29305,69,2026-02-13 19:51:40.410000+00:00,124266.92009531392,427056.31557698344,7.108727504271692,-0.02250188273319509,0.0007385993958450854,0.018226133344259488,0,0.009210717682160072,-0.020543683588527883,0.018226133344259488,906_GSL_1
29306,69,2026-02-13 19:51:53.870000+00:00,124266.91909967021,427056.31470840884,7.091346350082425,-0.0234975264465902,-0.00012997520389035344,0.0008449791549924868,0,0.0005900665025119768,-0.02349047603145678,0.0008449791549924868,906_GSL_1
29307,68,2026-02-13 19:51:55.740000+00:00,123928.0874761702,426940.43244741077,7.144090878289706,-0.02147419165703468,-0.01528759446227923,0.025277597249480088,0,0.020963989980350334,-0.015980068080891873,0.025277597249480088,905_GSL_1
29308,67,2026-02-13 19:51:56.820000+00:00,123855.61452597569,426533.07145497826,6.067664255322837,-0.0034684984566411003,-0.019647726439870894,0.023256106985261482,0,0.013901394644335376,-0.014311354329418555,0.023256106985261482,904_GSL_1
29309,66,2026-02-13 19:51:57.700000+00:00,124898.94022931681,426720.7720130256,4.089391033361318,0.002623653126647696,-0.002192129206378013,0.0071045029575538265,0,0.0028646297887371087,0.0018662482042600113,0.0071045029575538265,901_GSL_1
29310,66,2026-02-13 19:51:59.480000+00:00,124898.93873754423,426720.773150265,4.077647145169546,0.00113188054820057,-0.0010548898135311902,-0.004639385234217919,0,0.0005646473497869466,0.0014405274952132186,-0.004639385234217919,901_GSL_1
29311,69,2026-02-13 19:52:11.940000+00:00,124266.91952863632,427056.3153259257,7.1191236836970315,-0.023068560331012122,0.0004875416634604335,0.028622312769599034,0,0.01670854382653745,-0.015912910978693785,0.028622312769599034,906_GSL_1
29312,66,2026-02-13 19:52:12.010000+00:00,124898.94199935257,426720.7685683571,4.084999967429189,0.0043936888832831755,-0.005636797694023699,0.002713437025424703,0,0.0017007151766961358,0.006941581817870655,0.002713437025424703,901_GSL_1
29313,71,2026-02-13 19:52:15.930000+00:00,124806.21788902274,426258.50390534586,4.607465412404055,-0.009872912749415264,-0.011200786218978465,0.015961749254787883,0,-0.0053604910279224606,0.013935463896849187,0.015961749254787883,903_GSL_1
29314,149,2026-02-13 19:52:38.900000+00:00,124351.04083306224,426607.39693118853,8.016306731122162,-0.00047862982319202274,0.0001987230498343706,0.004080887154364277,0,-0.00012096207102244759,0.0005039300899512362,0.004080887154364277,14_P5_1
29315,164,2026-02-13 19:52:50.180000+00:00,124091.06222909562,427154.20774729125,9.84157130672765,-0.03309935574361589,0.013016349810641259,0.02693777509825246,0,0.021315584112907453,-0.02847171556055213,0.02693777509825246,907_GSL_1
29316,147,2026-02-13 19:52:54.460000+00:00,124350.92745006115,426607.5102075219,11.376032937327127,0.0009427155600860715,0.0002147817867808044,0.0018132956546832446,0,-0.0003610577294965632,-0.0008969287369306086,0.0018132956546832446,13_P5_1
29317,110,2026-02-13 19:53:00.350000+00:00,124434.14106069149,426963.93228259514,8.791334139433408,0.0009748490119818598,0.0001960216904990375,0.04027377917561914,0,0.00039446960938924414,0.0009127698650680826,0.04027377917561914,35_P9_0
29318,122,2026-02-13 19:53:06.290000+00:00,124329.1508973157,426611.390670165,8.088624206684878,0.0013464126532198861,-0.00136874383315444,0.004960368242480584,0,-0.000982469772265277,0.0016495574740317286,0.004960368242480584,16_P5_1
29319,126,2026-02-13 19:53:10.310000+00:00,124339.6580887031,426609.58859749575,6.672036130769035,0.0012680989602813497,0.00010733469389379025,0.0013789416335772131,0,-0.00038543968949006737,-0.001212861061847446,0.0013789416335772131,17_P5_1
29320,107,2026-02-13 19:53:12.330000+00:00,124409.92203694774,426969.5250748851,6.296833575665211,0.0012194404407637194,0.000663832004647702,0.007753252235177754,0,0.0009347599561275479,0.0010266117783198404,0.007753252235177754,38_P9_0
29321,111,2026-02-13 19:53:16.850000+00:00,124434.2620758012,426963.97591464507,6.508095010634872,0.0003850418870570138,-0.002149134292267263,0.04680250102010319,0,-0.0020201015475030133,0.0008283871068307777,0.04680250102010319,36_P9_0
29322,120,2026-02-13 19:53:21.490000+00:00,124329.2616874368,426611.3296469612,11.362074684846565,0.0014356016326928511,-0.00152812892338261,0.004043518199692286,0,-0.001112750154513609,0.0017770529389691276,0.004043518199692286,15_P5_1
29323,121,2026-02-13 19:53:26.100000+00:00,124329.26038400382,426611.32750293246,11.355800929051489,0.0008412341121584177,-0.00021356012439355254,0.0015014069773666705,0,-2.9198138710746544e-05,-0.0008674273611581427,0.0015014069773666705,15_P5_1
29324,106,2026-02-13 19:53:27.720000+00:00,124410.0334516832,426969.4502657247,8.931545965194642,0.0012478649732656777,0.000704383768606931,0.007658740856111734,0,0.0009837826558865004,0.0010418709953526667,0.007658740856111734,37_P9_0
29325,102,2026-02-13 19:53:36.560000+00:00,124282.3933525745,426301.79282027646,6.903784392411903,6.362867134157568e-05,-0.0007375881541520357,0.00048640864516702464,0,0.0007037171423417534,-0.00022992841611348922,0.00048640864516702464,02_P1_0
29326,124,2026-02-13 19:53:37.490000+00:00,124339.65920234568,426609.5892153518,6.679248501245548,0.001436622449546121,-0.0010265522287227213,0.0048183054123542846,0,-0.0005259077832551593,0.0016855606023952767,0.0048183054123542846,17_P5_1
29327,123,2026-02-13 19:53:42.110000+00:00,124329.15134456802,426611.390236017,8.080977200693297,0.0015879558923188597,-4.200264811515808e-05,0.0028615556392317387,0,-0.00040300776418082516,-0.0015365392544314787,0.0028615556392317387,16_P5_1
29328,160,2026-02-13 19:53:43.800000+00:00,124421.81274724728,426965.6178143732,5.602949003348462,0.0015410866471938789,-0.0008236654102802277,0.01076777346112312,0,3.65445385619588e-05,0.0017470080878326409,0.01076777346112312,38a_P9_0
29329,103,2026-02-13 19:53:51.860000+00:00,124282.31210420153,426301.796500085,9.297959818278832,0.00038579436659347266,-0.0009440682479180396,8.3324877184765e-06,0,0.000831072288057438,-0.0005911184331800781,8.3324877184765e-06,01_P1_0
29330,170,2026-02-13 19:53:53.290000+00:00,124669.3764205321,426931.3088725855,13.795458525709751,-0.011626284365775064,0.010375613754149526,0.009268395038363408,0,0.0009346211016018485,-0.015554752724669172,0.009268395038363408,908_GSL_1
29331,118,2026-02-13 19:53:58.910000+00:00,124372.26100724563,426775.11261030025,6.170124269933521,0.0009798836399568245,-5.4198550060391426e-05,0.004592200943159597,0,-0.0006064702196529449,-0.0007715590083446588,0.004592200943159597,22_P6_1
29332,162,2026-02-13 19:54:03.130000+00:00,124402.99659066607,426879.64681879064,6.555524772569203,0.0011625377519521862,-0.0009147972450591624,0.010851729278636313,0,0.0010122109928393636,-0.0010787849323461213,0.010851729278636313,34a_P7_0
29333,100,2026-02-13 19:54:07.180000+00:00,124292.48414622388,426345.92918152956,7.5877482625206065,0.0004229505721013993,-0.0010534501634538174,-0.0007513064484916399,0,0.0009279373901530266,-0.0006538934418372502,-0.0007513064484916399,06_P2_0
29334,92,2026-02-13 19:54:10.560000+00:00,124278.3156178129,426395.6366110194,11.10477044112358,0.0016420103202108294,-0.0016796058043837547,0.0029814578963609506,0,0.0014224776127956741,-0.0018691792292055867,0.0029814578963609506,11_P3_0
29335,74,2026-02-13 19:54:16.820000+00:00,124369.34636415126,426785.72555904835,7.234249518577906,5.094196239951998e-05,-0.0009072483517229557,0.0041956838208339065,0,-0.0003174179005134305,-0.0008514343965748506,0.0041956838208339065,21_P6_1
29336,104,2026-02-13 19:54:19.540000+00:00,124389.81688452815,426881.44537084585,10.733368917862883,-0.00021168212697375566,0.0010312777012586594,0.007457049802676252,0,-0.0009652100349503101,0.00042037198815418126,0.007457049802676252,33_P7_0
29337,101,2026-02-13 19:54:22.610000+00:00,124292.40522982822,426345.8822677103,10.215968017677355,-8.904261630959809e-05,-0.0011258156155236065,0.0003495200770711193,0,0.001115999181630538,-0.00017301795940313612,0.0003495200770711193,05_P2_0
29338,93,2026-02-13 19:54:25.960000+00:00,124278.26974283479,426395.7896927604,7.9521908261934415,0.0016192551120184362,-0.0016573421307839453,0.0034653059139237996,0,0.0014012863519672078,-0.0018453093551108822,0.0034653059139237996,12_P3_0
29339,73,2026-02-13 19:54:33.830000+00:00,124369.48950550095,426785.6947272761,11.410619329642786,0.00016593652253504843,-0.0017393780872225761,0.0045647135797111105,0,-0.0006759863982400806,-0.001611214898520832,0.0045647135797111105,20_P6_1
29340,105,2026-02-13 19:54:35.200000+00:00,124389.68804675387,426881.47314145014,7.070017264527733,-0.000638683486613445,0.0011882359976880252,0.007721367804943036,0,-0.001027903998566773,0.0008736330762996572,0.007721367804943036,34_P7_0
29341,98,2026-02-13 19:54:37.770000+00:00,124302.6609077565,426390.0770848333,7.980024182140218,6.212294101715088e-05,-0.0008271752740256488,0.0009733870093473485,0,0.000789508009998241,-0.0002544706189497034,0.0009733870093473485,10_P3_0
29342,94,2026-02-13 19:54:41.730000+00:00,124268.22514055297,426351.5542767075,10.217647043381042,0.0009180538763757795,-0.0016963129746727645,0.0031531040900816265,0,0.001500380001893604,-0.0012120893027700174,0.0031531040900816265,07_P2_0
29343,165,2026-02-13 19:54:51.790000+00:00,124091.0600243724,427154.2058020064,9.855968232940082,-0.023756254755426198,0.009650212770793587,0.005232739214061866,0,0.02218027883082207,-0.01286551505044722,0.005232739214061866,907_GSL_1
29344,99,2026-02-13 19:54:53.080000+00:00,124302.53811928615,426390.1340667441,11.088474428042169,3.899498551618308e-05,-0.0007495478494092822,0.0007192252928014398,0,0.0007189278752981873,-0.00021560449338713068,0.0007192252928014398,09_P3_0
29345,95,2026-02-13 19:54:56.790000+00:00,124268.11035356602,426351.5474894266,7.197118912180648,0.0008056637889239937,-0.0017015833873301744,0.0034480539355277173,0,0.0015247774532589865,-0.001104325080243329,0.0034480539355277173,08_P2_0
29346,152,2026-02-13 19:55:09.910000+00:00,124370.27563560868,426819.49910694425,9.732741610858595,-0.0001360531896352768,-6.309367017820477e-05,0.0038206596307155394,0,-3.008230079395032e-05,-0.0001469228940820013,0.0038206596307155394,29_KW_1
29347,113,2026-02-13 19:55:11.130000+00:00,124414.07877396885,426875.91503354075,7.343886264045951,0.0015393546782433987,-0.00019859743770211935,0.04053631892067422,0,-0.0001717083033442584,-0.0015425855004680684,0.04053631892067422,32_P7_0
29348,166,2026-02-13 19:55:11.390000+00:00,124091.05581767889,427154.20686894347,9.819721926625618,-0.01646315680409316,0.017840963904745877,-0.010131692437186146,0,0.02195123247802869,-0.010367203948130984,-0.010131692437186146,907_GSL_1
29349,96,2026-02-13 19:55:12.490000+00:00,124258.0620754961,426307.3509400331,9.309590276322096,0.0010972996678901836,-0.0014695438439957798,0.005044668146204856,0,0.0012261644622351751,-0.0013638718349351319,0.005044668146204856,03_P1_0
29350,117,2026-02-13 19:55:25.910000+00:00,124377.6804002937,426815.9059014425,7.621846680103885,0.0003831496142083779,0.0001954039908014238,0.0044116399314253485,0,0.00018036154733059196,0.0003904562187155768,0.0044116399314253485,26_KW_0
29351,112,2026-02-13 19:55:26.720000+00:00,124413.95293446067,426875.86722853646,10.709129058077643,0.0021998358570272103,-3.7528981920331717e-05,0.03986345115697887,0,-0.0004900206292539447,-0.0021448930055488046,0.03986345115697887,31_P7_0
29352,125,2026-02-13 19:55:27.670000+00:00,124339.65683169535,426609.59065985325,6.674834078626411,-0.001033868276863359,-0.000573993194848299,0.001318140497296838,0,-0.0007179398053977312,-0.0009396351618910587,0.001318140497296838,17_P5_1
29353,97,2026-02-13 19:55:28.190000+00:00,124257.9881470772,426307.39030109433,6.84300540950955,0.0002768683189060539,-0.0015516103012487292,0.0059432189134493996,0,0.0014670065783517145,-0.0005762311099097576,0.0059432189134493996,04_P1_0
29354,116,2026-02-13 19:55:41.290000+00:00,124377.68765102311,426815.9002197938,10.00974987142722,0.0002911315386882052,0.00015823019202798605,0.004690116150095847,0,0.0001468567180249809,0.0002970310940947202,0.004690116150095847,25_KW_0
29355,161,2026-02-13 19:55:43.150000+00:00,124402.99180313962,426879.64494998055,6.588722205590566,0.0003993930295109749,-0.0025569064309820533,0.047097884766843734,0,0.0020509062378286573,-0.0015783120390007925,0.047097884766843734,34a_P7_0
29356,146,2026-02-13 19:55:43.970000+00:00,124350.92366935013,426607.511879161,11.378466466451986,-0.0025972248113248497,1.3764190953224897e-05,-0.0008550467720969124,0,-0.0005350901750663202,-0.0025415437588327083,-0.0008550467720969124,13_P5_1
29357,115,2026-02-13 19:55:58.110000+00:00,124396.28987936728,426811.6340954999,7.651563485179176,-0.00021139252930879593,0.00018116342835128307,0.005291192406129852,0,4.6694729351868475e-05,-0.0002744569027558177,0.005291192406129852,24_KW_0
29358,148,2026-02-13 19:55:58.790000+00:00,124351.03904132302,426607.3983323413,8.014893700467239,-0.0020770916453329846,-0.00012355344370007515,-0.0005627147451434666,0,-0.0005610572132280861,-0.002003694078457828,-0.0005627147451434666,14_P5_1
29359,114,2026-02-13 19:56:14.080000+00:00,124396.29911830595,426811.62988806516,9.99508610109162,9.766092989593744e-05,0.0003493093536235392,0.0044020234414361425,0,0.0003497862915423973,-9.593868878638584e-05,0.0044020234414361425,23_KW_0
29360,168,2026-02-13 19:56:16.400000+00:00,124669.37132080579,426931.312328807,13.792064240271042,-0.005411165562691167,0.004588234645780176,-0.009275779664186246,0,0.0005493692154433327,-0.007073245604156237,-0.009275779664186246,908_GSL_1
29361,153,2026-02-13 19:56:18.700000+00:00,124370.27592022798,426819.4979708855,9.73643147634232,0.0020814231102121994,-0.0011522117420099676,0.010350999229331137,0,0.0005645263952127631,-0.0023111088272210704,0.010350999229331137,29_KW_1
29362,150,2026-02-13 19:56:30.310000+00:00,124401.10284323875,426812.3217730383,9.186121612115324,-0.00033739117498043925,0.00034144928213208914,0.0041075888715145226,0,7.125931270245817e-05,-0.0004747025674844973,0.0041075888715145226,27_KW_1
29363,119,2026-02-13 19:56:46.030000+00:00,124400.81419882987,426811.3433979683,3.9883098416670233,4.744279431179166e-05,0.0002690869732759893,0.00477571258084053,0,0.00024264792456581266,-0.0001256208685802149,0.00477571258084053,28_KW_1
29364,169,2026-02-13 19:57:03.430000+00:00,124669.37588092132,426931.310137963,13.811510466647109,-0.003196527002728544,0.007978410052601248,-0.00024474622578374294,0,0.0007877890481716712,-0.00855874992403693,-0.00024474622578374294,908_GSL_1
29365,72,2026-02-13 19:57:46.110000+00:00,124390.52389609488,426780.88758468494,10.991251426315378,-6.360797851812094e-05,0.0006537532317452133,0.004166104748620114,0,-0.00016641618226920726,-0.0006354092517641008,0.004166104748620114,18_P6_1
29366,138,2026-02-13 20:00:20.440000+00:00,123928.0856984466,426940.4313284521,7.11447199754208,-0.0009204320813296363,-0.0003926999634131789,-0.003464066055847148,0,0.0002529451419834608,-0.0009682082589776256,-0.003464066055847148,905_GSL_1
29367,130,2026-02-13 20:00:21.380000+00:00,124898.93972463741,426720.7703030484,4.129203521816638,0.0013516401522792876,0.000626349647063762,0.03914078934644394,0,0.0010053032058478769,-0.0010993682030795945,0.03914078934644394,901_GSL_1
29368,134,2026-02-13 20:00:21.860000+00:00,123855.61449559842,426533.07218076504,6.054247194709513,3.345700679346919e-05,-0.002117296913638711,0.008404275811732198,0,-0.00045498843127686874,-0.002068103266089922,0.008404275811732198,904_GSL_1
29369,139,2026-02-13 20:00:22.820000+00:00,123928.08710248495,426940.43304101744,7.133126588475083,0.0002325612585991621,0.0019370048539713025,-0.003475242264173062,0,0.0004199353518385069,0.0019051842020093182,-0.003475242264173062,905_GSL_1
29370,133,2026-02-13 20:00:23.130000+00:00,124806.22107219037,426258.5090740809,4.595259611299111,-0.0008239031594712287,-0.002409732434898615,0.007102507114545631,0,0.0016269027231927452,0.0019592892469610275,0.007102507114545631,903_GSL_1
29371,125,2026-02-13 20:00:37.540000+00:00,124339.65744440234,426609.5902374278,6.6743722025931635,-0.00042116128315683454,-0.0009964186465367675,0.0008562644640495165,0,-0.0010469860424181826,-0.0002721161012839673,0.0008562644640495165,17_P5_1
29372,132,2026-02-13 20:00:38.440000+00:00,124806.20702031536,426258.49857020366,4.623810997130973,-0.007113972416846082,-0.00657154677901417,0.041178822920652,0,0.0021322467038577503,0.009447081803938513,0.041178822920652,903_GSL_1
29373,137,2026-02-13 20:00:38.920000+00:00,123928.08535544723,426940.4291822118,7.134759430584969,-0.004043814653414302,-0.00464635924436152,0.01189573961943946,0,-0.001397751444509912,-0.005998948414364174,0.01189573961943946,905_GSL_1
29374,143,2026-02-13 20:00:39.320000+00:00,124266.91922975486,427056.31500060216,7.107847378815525,-0.0003376732347533107,0.0007737261475995183,0.0023056405927475154,0,0.0008439822293298284,-1.9218780487038393e-05,0.0023056405927475154,906_GSL_1
29375,153,2026-02-13 20:00:40.400000+00:00,124370.27585618041,426819.49808571325,9.73644739656283,0.0020173755328869447,-0.0010373839759267867,0.010366919449841916,0,0.0004705739522968818,-0.0022191281417755586,0.010366919449841916,29_KW_1
29376,146,2026-02-13 20:00:52.970000+00:00,124350.9247432789,426607.5115617214,11.378678569031319,-0.0015232960431603715,-0.00030367542058229446,-0.0006429441927640056,0,-0.0006185511072596384,-0.0014247961692402716,-0.0006429441927640056,13_P5_1
29377,152,2026-02-13 20:00:54.830000+00:00,124370.27569383266,426819.49914749415,9.732580241629133,-7.782920147292316e-05,-2.2543768864125013e-05,0.0036592904012540117,0,-4.023446520044874e-06,-8.092847456002304e-05,0.0036592904012540117,29_KW_1
29378,135,2026-02-13 20:00:55.400000+00:00,123855.6168446721,426533.069098758,6.066040083199452,0.0031943938665790483,-0.007536163320764899,0.04484163608109437,0,0.001587872330975814,-0.008029730458278256,0.04484163608109437,904_GSL_1
29379,141,2026-02-13 20:00:55.460000+00:00,124266.91982763178,427056.31422589585,7.094422706793189,0.0011988803307758644,-0.00029240717412903905,0.01028800653009121,0,-0.00032905106208299696,0.001189344946407655,0.01028800653009121,906_GSL_1
29380,5,2026-02-13 20:00:55.600000+00:00,124424.61762683622,426919.14450614917,8.777925294875551,0.00042405870044603944,-0.0018416199018247426,0.010099472869237403,11,-0.0018841260841417071,0.00014648734852469426,0.010099472869237403,TS4
29381,136,2026-02-13 20:00:57.250000+00:00,123855.61481216809,426533.07563893596,6.031452134876646,-0.0009579437028151006,0.0015304098487831652,0.009159592439907271,0,-0.00011842778360247854,0.0018016063119024148,0.009159592439907271,904_GSL_1
29382,148,2026-02-13 20:01:09.040000+00:00,124351.03939053496,426607.3981179307,8.01622088433194,-0.001727879702229984,-0.00033796404022723436,0.0007644691195576314,0,-0.0006965672844967369,-0.0016169669062890359,0.0007644691195576314,14_P5_1
29383,122,2026-02-13 20:01:11.360000+00:00,124329.15069243628,426611.39054001146,8.087905258948654,0.001141533226473257,-0.0014988973853178322,0.004241420506255977,0,-0.001160333775068476,0.001484391124094461,0.004241420506255977,16_P5_1
29384,150,2026-02-13 20:01:12.300000+00:00,124401.10275948096,426812.3217982378,9.18607784011578,-0.00042114897223655134,0.0003666487755253911,0.004063816871971326,0,4.1256727432427546e-05,-0.0005568623383312419,0.004063816871971326,27_KW_1
29385,140,2026-02-13 20:01:13.050000+00:00,123928.08780286224,426940.43155751104,7.143537963130768,0.0002791297738440335,-0.002881165884900838,0.007964256928424618,0,-0.0003728962314213256,-0.002870536306607952,0.007964256928424618,905_GSL_1
29386,128,2026-02-13 20:01:26.650000+00:00,124898.93849153032,426720.7725731194,4.0774872567400955,-0.0018098691798513755,0.0033090845681726933,-0.003904674263583985,0,-0.0002015957950290378,-0.003766301403621484,-0.003904674263583985,901_GSL_1
29387,120,2026-02-13 20:01:27.360000+00:00,124329.2622790932,426611.3293144574,11.361697350284658,0.002027258029556833,-0.0018606326775625348,0.0036661836377849255,0,-0.0012838393918031875,0.002433821171588127,0.0036661836377849255,15_P5_1
29388,145,2026-02-13 20:01:28.810000+00:00,124266.91937626808,427056.3148697062,7.118630153165954,0.0010525152465561405,0.00012309860903769732,0.010663216874307935,0,-0.0006599745411856557,0.0008290809470533817,0.010663216874307935,906_GSL_1
29389,6,2026-02-13 20:01:29.010000+00:00,124399.03938145771,426925.07507278165,8.55596825553074,0.00021071333321742713,-0.0003764332504943013,0.008661559709182143,11,-0.0003768506893289282,0.00020996585157023864,0.008661559709182143,TS5
29390,129,2026-02-13 20:01:30.890000+00:00,124898.94007192012,426720.77417276613,4.087530844394488,0.00040022133907768875,0.0016700960113666952,-0.004153900851125769,0,0.00019976868262842188,-0.0017057228030594501,-0.004153900851125769,901_GSL_1
29391,124,2026-02-13 20:01:43.280000+00:00,124339.65887847387,426609.58918996336,6.6798497030371475,0.0011127506440971047,-0.0010519406641833484,0.0054195072039542325,0,-0.0006512858396382043,0.0013858643194727919,0.0054195072039542325,17_P5_1
29392,154,2026-02-13 20:01:43.480000+00:00,124285.66528424114,426445.56174186897,7.895584841166157,0.0006592411373276263,-0.0020831310539506376,-0.0060151588338426265,11,-0.002184956239643822,3.0970961343673216e-07,-0.0060151588338426265,TS1-1
29393,131,2026-02-13 20:01:43.840000+00:00,124806.21774642792,426258.5042228093,4.607302928416772,-0.0007980682275956497,-0.0020612552179954946,-0.004201544355790787,0,-3.122583689825198e-05,0.0022101382121309334,-0.004201544355790787,903_GSL_1
29394,3,2026-02-13 20:01:44.040000+00:00,124314.90281744205,426440.7930742981,7.047783817114112,-0.004421909878146835,-0.003002985438797623,-0.03064527837697195,11,-0.005300669687351527,0.0006885560120104709,-0.03064527837697195,TS2
29395,149,2026-02-13 20:01:49.930000+00:00,124351.04078429949,426607.3971321394,8.014980680971707,-0.0005273925780784339,0.0003996739396825433,0.0027548370039092163,0,-0.0003117411398421502,0.0005836948271173037,0.0027548370039092163,14_P5_1
29396,147,2026-02-13 20:02:05.320000+00:00,124350.92722135516,426607.5104325745,11.375708668722305,0.0007140095694921911,0.00043983437353745103,0.0014890270498622016,0,-0.0005471407011115014,-0.0006355320563580729,0.0014890270498622016,13_P5_1
29397,126,2026-02-13 20:02:21.790000+00:00,124339.65749293286,426609.5889328164,6.67164678567591,0.0006723287224303931,0.0004426553496159613,0.0009895965404522755,0,-0.000580528920840306,-0.0005576341467454295,0.0009895965404522755,17_P5_1
29398,121,2026-02-13 20:02:37.810000+00:00,124329.26068936908,426611.32756561466,11.355887928028974,0.0011465993738966063,-0.00015087792417034507,0.0015884059548518792,0,-0.00017445267105545384,-0.001143249989190317,0.0015884059548518792,15_P5_1
29399,123,2026-02-13 20:02:53.020000+00:00,124329.15121929724,426611.39036941883,8.080814861322482,0.001462685118895024,9.139918256551027e-05,0.0026992162684162935,0,-0.0004961307633069309,-0.0013790053782748914,0.0026992162684162935,16_P5_1
29400,4,2026-02-13 20:02:53.220000+00:00,124378.97048194065,426782.74176728836,7.760983255297516,-0.0013360325538087636,0.0005843809340149164,0.005907550325249922,11,-0.0014247252911735943,-0.0003108728125250422,0.005907550325249922,TS3
29401,68,2026-02-13 20:06:20.830000+00:00,123928.08058863643,426940.42730890395,7.1165322939621944,-0.02836172543175053,-0.020426101284101605,-0.0022809870780315933,0,0.00120931207515431,-0.03493065483839758,-0.0022809870780315933,905_GSL_1
29402,67,2026-02-13 20:06:21.090000+00:00,123855.6151205518,426533.0745215219,6.051794940843321,-0.0028739223489537835,-0.016581182775553316,0.007386792505744921,0,-0.0004908526592552707,-0.016821240012883237,0.007386792505744921,904_GSL_1
29403,66,2026-02-13 20:06:22.030000+00:00,124898.93641749064,426720.7628809201,4.126573029461356,-0.0011881730461027473,-0.011324234714265913,0.0442864990575913,0,0.0032731329559441496,0.010905807980337018,0.0442864990575913,901_GSL_1
29404,68,2026-02-13 20:06:23.990000+00:00,123928.08700230742,426940.43215384753,7.134410345004911,-0.021948054432868958,-0.015581157698761672,0.015597063964684743,0,0.015572743406795476,-0.021954025403282354,0.015597063964684743,905_GSL_1
29405,71,2026-02-13 20:06:28.290000+00:00,124806.22074058505,426258.5086216175,4.594054180395089,-0.007021350436843932,-0.006484514568001032,0.0025505172458215597,0,0.001873410144106445,0.009372226286829887,0.0025505172458215597,903_GSL_1
29406,68,2026-02-13 20:06:37.290000+00:00,123928.08734655892,426940.43077565526,7.134684986627881,-0.021603802932077087,-0.01695934997405857,0.015871705587654716,0,-0.0010947170559226134,-0.027443495536066374,0.015871705587654716,905_GSL_1
29407,69,2026-02-13 20:06:42.290000+00:00,124266.91878445211,427056.31481741637,7.107512271522732,-0.02381274454819504,-2.0967680029571056e-05,0.01701090059529964,0,0.009004560894275003,-0.022044616704821423,0.01701090059529964,906_GSL_1
29408,67,2026-02-13 20:06:44.980000+00:00,123855.61497155901,426533.07568594214,6.033285977639534,-0.0030229151307139546,-0.015416762558743358,-0.011122170698041778,0,0.01147065974017272,-0.01073492192823735,-0.011122170698041778,904_GSL_1
29409,71,2026-02-13 20:06:46.810000+00:00,124806.22032477238,426258.50680996786,4.622891191553268,-0.007437163105350919,-0.008296164218336344,0.03138752840400105,0,0.0034637565817823104,0.010589623512446368,0.03138752840400105,903_GSL_1
29410,69,2026-02-13 20:06:53.780000+00:00,124266.92151357647,427056.3142521092,7.093227257626548,-0.02108362018771004,-0.0005862748366780579,0.002725886699115776,0,6.001710283407709e-05,-0.021091684530902308,0.002725886699115776,906_GSL_1
29411,66,2026-02-13 20:06:59.510000+00:00,124898.93975497656,426720.7736886996,4.0864713396850405,0.0021493128733709455,-0.0005164552130736411,0.004184809281276181,0,0.0021953267162041754,0.00025848099324554127,0.004184809281276181,901_GSL_1
29412,68,2026-02-13 20:07:00.690000+00:00,123928.08798080734,426940.4321442289,7.144604286324728,-0.020969554519979283,-0.01559077634010464,0.025791005284501622,0,0.020449729678659545,-0.01626662471821678,0.025791005284501622,905_GSL_1
29413,66,2026-02-13 20:07:01.530000+00:00,124898.93862058094,426720.7719596481,4.077744580812662,0.0010149172594537959,-0.002245506679173559,-0.004541949591102323,0,-5.550732388821692e-05,0.0024635901093211583,-0.004541949591102323,901_GSL_1
29414,67,2026-02-13 20:07:05.040000+00:00,123855.61076046347,426533.0786312004,6.061183156519648,-0.007234010670799762,-0.012471504276618361,0.016775008182071893,0,0.012988333064332216,-0.006258796491093906,0.016775008182071893,904_GSL_1
29415,66,2026-02-13 20:07:10.690000+00:00,124898.94185627831,426720.7672805104,4.0833313747567175,0.004250614627380855,-0.00692464440362528,0.001044844352953156,0,0.001042906965387958,0.00805796313522892,0.001044844352953156,901_GSL_1
29416,69,2026-02-13 20:07:16.670000+00:00,124266.91988943375,427056.31509096414,7.119306442169116,-0.022707762909703888,0.0002525800955481827,0.028805071241683855,0,0.016287003015064843,-0.01582529070365721,0.028805071241683855,906_GSL_1
29417,71,2026-02-13 20:07:18.970000+00:00,124806.21800877107,426258.50519665814,4.608852593953997,-0.009753164413268678,-0.009909473941661417,0.017348930804729434,0,-0.005697373984534934,0.01268313129921242,0.017348930804729434,903_GSL_1
29418,149,2026-02-13 20:07:41.680000+00:00,124351.04064829015,426607.39710444905,8.015850782215043,-0.0006634019227931276,0.0003719835658557713,0.003624938247245524,0,-0.00026300158417360815,0.0007136554148568946,0.003624938247245524,14_P5_1
29419,164,2026-02-13 20:07:48.990000+00:00,124091.06191672696,427154.2071205536,9.839657114023874,-0.03341172440559603,0.012389612151309848,0.025023582394476662,0,0.020793920377325213,-0.028938878560802,0.025023582394476662,907_GSL_1
29420,147,2026-02-13 20:07:56.880000+00:00,124350.92653205823,426607.51050309266,11.376234318542156,2.4712644517421722e-05,0.0005103525472804904,0.002014676869713128,0,-0.0005078451130429206,5.624747526025323e-05,0.002014676869713128,13_P5_1
29421,122,2026-02-13 20:08:05.080000+00:00,124329.15086278223,426611.3905167947,8.088854364657443,0.0013118791830493137,-0.0015221141511574388,0.0051905262150455656,0,-0.0011395835819416947,0.0016550552074903126,0.0051905262150455656,16_P5_1
29422,110,2026-02-13 20:08:08.260000+00:00,124434.14061185702,426963.9328586544,8.786601298399948,0.000526014540810138,0.0007720809662714601,0.03554093814215875,0,0.0008645931121298061,0.0003539478296021438,0.03554093814215875,35_P9_0
29423,126,2026-02-13 20:08:13.810000+00:00,124339.65724076243,426609.58893594705,6.672100898562989,0.00042015829239971936,0.00044578599045053124,0.0014437094275310258,0,-0.0005277489765725,-0.00031102919104304027,0.0014437094275310258,17_P5_1
29424,107,2026-02-13 20:08:17.130000+00:00,124409.92244974078,426969.524818595,6.297416663272916,0.001632233484997414,0.00040754186920821667,0.008336339842882623,0,0.0007839715847178817,0.0014885110275236336,0.008336339842882623,38_P9_0
29425,120,2026-02-13 20:08:20.780000+00:00,124329.26123480043,426611.32970385696,11.361748133953284,0.0009829652699409053,-0.0014712331467308104,0.0037169673064116893,0,-0.0011728475886388788,0.0013248306411664118,0.0037169673064116893,15_P5_1
29426,111,2026-02-13 20:08:24.070000+00:00,124434.2622698801,426963.9763470699,6.503281111936474,0.0005791207804577425,-0.0017167094629257917,0.041988602321705315,0,-0.0015565315298142457,0.0009271903014759532,0.041988602321705315,36_P9_0
29427,121,2026-02-13 20:08:29.440000+00:00,124329.26023001217,426611.327698837,11.35588837947864,0.0006872424564789981,-1.7655605915933847e-05,0.001588857404518862,0,-0.00017445935003022374,-0.0006649645476223361,0.001588857404518862,15_P5_1
29428,106,2026-02-13 20:08:31.730000+00:00,124410.03374626947,426969.4501386757,8.932009078529244,0.001542451253044419,0.0005773347802460194,0.008121854190713762,0,0.0009312928479793882,0.0013583684874887438,0.008121854190713762,37_P9_0
29429,124,2026-02-13 20:08:36.070000+00:00,124339.65876321397,426609.58913663146,6.678171660349021,0.0009974907443393022,-0.0011052725603803992,0.003741464515827353,0,-0.0007379812135555502,0.001293057982540418,0.003741464515827353,17_P5_1
29430,102,2026-02-13 20:08:39.160000+00:00,124282.39287220957,426301.7928371873,6.903870677319153,-0.0004167362494627014,-0.0007206773152574897,0.0005726935524172916,0,0.0007966446071764006,0.00024166560408908055,0.0005726935524172916,02_P1_0
29431,123,2026-02-13 20:08:44.400000+00:00,124329.15098185914,426611.39049110847,8.081126025331141,0.0012252470187377185,0.0002130888169631362,0.003010380277075342,0,-0.000546691376381271,-0.001117034305574707,0.003010380277075342,16_P5_1
29432,160,2026-02-13 20:08:47.460000+00:00,124421.81278791284,426965.61776077014,5.60383803665405,0.0015817522071301937,-0.0008772684959694743,0.011656806766711547,0,9.715750842330294e-06,0.0018087138145564524,0.011656806766711547,38a_P9_0
29433,170,2026-02-13 20:08:53.480000+00:00,124669.37425135958,426931.3099510376,13.79480215040573,-0.013795456892694347,0.011454065854195505,0.008612019734341558,0,0.0004362230604362343,-0.017925399993081858,0.008612019734341558,908_GSL_1
29434,103,2026-02-13 20:08:54.590000+00:00,124282.31124772292,426301.79687157046,9.298527562280897,-0.0004706842446466908,-0.0005725827650167048,0.0005760764897839721,0,0.0006649113685977598,0.0003275477871429676,0.0005760764897839721,01_P1_0
29435,118,2026-02-13 20:09:00.500000+00:00,124372.26102595264,426775.11261774553,6.170066418026918,0.0009985906508518383,-4.6753266360610723e-05,0.004534349036556584,0,-0.0006244157306497784,-0.0007806882548118598,0.004534349036556584,22_P6_1
29436,162,2026-02-13 20:09:05.620000+00:00,124402.99688579771,426879.64680251083,6.556001961126865,0.001457669393857941,-0.0009310770547017455,0.011328917836298302,0,0.0010540291767911116,-0.0013713960179522564,0.011328917836298302,34a_P7_0
29437,100,2026-02-13 20:09:09.740000+00:00,124292.48407886198,426345.92926866043,7.587052861581908,0.000355588665115647,-0.0009663192904554307,-0.0014467073871902159,0,0.0008586346069826175,-0.0005682982329348039,-0.0014467073871902159,06_P2_0
29438,92,2026-02-13 20:09:10.810000+00:00,124278.31555940356,426395.63668434817,11.104291276452042,0.001583600984304212,-0.0016062770155258477,0.002502293224821983,0,0.0013584406471752752,-0.0018007101199798686,0.002502293224821983,11_P3_0
29439,74,2026-02-13 20:09:18.710000+00:00,124369.34642249427,426785.7255432274,7.234216759025796,0.00010928497067652643,-0.000923069310374558,0.004162924268723778,0,-0.0003778288999199334,-0.0008492617258280419,0.004162924268723778,21_P6_1
29440,104,2026-02-13 20:09:20.990000+00:00,124389.81721480197,426881.44537256355,10.733943498390147,0.00011859169171657413,0.0010329954093322158,0.008031630329940143,0,-0.001035189950055501,9.759750175962646e-05,0.008031630329940143,33_P7_0
29441,101,2026-02-13 20:09:24.940000+00:00,124292.40509392977,426345.88237437565,10.215941844515635,-0.00022494106087833643,-0.0010191502515226603,0.0003233469153514079,0,0.0010435534762339997,-1.6182035956832315e-05,0.0003233469153514079,05_P2_0
29442,93,2026-02-13 20:09:25.470000+00:00,124278.26964933526,426395.7896676065,7.951538444436319,0.0015257555787684396,-0.0016824959893710911,0.002812924156801344,0,0.0014399127727239458,-0.001756523284029922,0.002812924156801344,12_P3_0
29443,73,2026-02-13 20:09:35.220000+00:00,124369.48960500385,426785.69504746527,11.410592488963134,0.0002654394193086773,-0.0014191889204084873,0.004537872900058915,0,-0.0006757072727274244,-0.0012759212196356018,0.004537872900058915,20_P6_1
29444,105,2026-02-13 20:09:35.830000+00:00,124389.68818863231,426881.47328393284,7.070505824582783,-0.0004968050488969311,0.0013307186891324818,0.008209927859993194,0,-0.0011969646105543454,0.0007647896490515786,0.008209927859993194,34_P7_0
29445,98,2026-02-13 20:09:39.920000+00:00,124302.66073338996,426390.0771618838,7.979734695519495,-0.00011224359332118183,-0.0007501247455365956,0.0006839003886245365,0,0.0007555203949808202,-6.689313026027949e-05,0.0006839003886245365,10_P3_0
29446,94,2026-02-13 20:09:40.990000+00:00,124268.22516788052,426351.5543661888,10.217042650113516,0.0009453814273001626,-0.001606831676326692,0.0025487108225554778,0,0.001407415211784793,-0.0012226350644275285,0.0025487108225554778,07_P2_0
29447,99,2026-02-13 20:09:54.870000+00:00,124302.53792544082,426390.1341098239,11.08856032478015,-0.00015485034964513034,-0.0007064680685289204,0.0008051220307834228,0,0.0007230382391708658,-1.707241438392265e-05,0.0008051220307834228,09_P3_0
29448,95,2026-02-13 20:09:56.190000+00:00,124268.11023330058,426351.5476625985,7.196189876241933,0.000685398350469768,-0.001528411521576345,0.0025190179968124227,0,0.0013766248751266484,-0.00095431474435667,0.0025190179968124227,08_P2_0
29449,165,2026-02-13 20:10:07.150000+00:00,124091.06132375698,427154.2062979407,9.85623895998811,-0.02245687018148601,0.010146147047635168,0.005503466262089418,0,0.021776286212135128,-0.011534672820133427,0.005503466262089418,907_GSL_1
29450,96,2026-02-13 20:10:11.780000+00:00,124258.06201213275,426307.35098894883,9.309732301571355,0.0010339363216189668,-0.0014206281048245728,0.005186693395463848,0,0.0011906065856882885,-0.001292154978126112,0.005186693395463848,03_P1_0
29451,166,2026-02-13 20:10:13.050000+00:00,124091.06012059934,427154.2075317558,9.82100760225598,-0.012160236350609921,0.018503776227589697,-0.008846016806824508,0,0.021295509369028298,-0.0060631974647900495,-0.008846016806824508,907_GSL_1
29452,113,2026-02-13 20:10:19.750000+00:00,124414.07904121112,426875.9155751137,7.339390725424312,0.0018065969488816336,0.00034297548700124025,0.03604078029903501,0,-0.0007611701535587386,-0.0016739309178468303,0.03604078029903501,32_P7_0
29453,152,2026-02-13 20:10:24.010000+00:00,124370.27572768251,426819.49913805973,9.732904943746865,-4.397935117594898e-05,-3.197818296030164e-05,0.003983992518985957,0,-2.099618315291844e-05,-5.015922455849048e-05,0.003983992518985957,29_KW_1
29454,97,2026-02-13 20:10:27.290000+00:00,124257.98831202206,426307.3904015178,6.842235023040412,0.00044181318662595004,-0.0014511868357658386,0.005172832444311659,0,0.0013361420405561886,-0.0007182385200161487,0.005172832444311659,04_P1_0
29455,125,2026-02-13 20:10:30.250000+00:00,124339.6574784993,426609.59033048415,6.673002228828298,-0.00038706432678736746,-0.0009033622918650508,-0.0005137093008160676,0,-0.0009499668867426436,-0.0002518831823038699,-0.0005137093008160676,17_P5_1
29456,112,2026-02-13 20:10:34.970000+00:00,124413.95295553966,426875.86779992946,10.704769551252221,0.002220914844656363,0.0005338640185073018,0.035503944331557236,0,-0.001049851078308319,-0.002028616831944027,0.035503944331557236,31_P7_0
29457,117,2026-02-13 20:10:39.860000+00:00,124377.68042921857,426815.90582364565,7.621746072477262,0.00041207448521163315,0.00011760712368413806,0.0043110323048027865,0,0.00010149904768352251,0.0004163349135287919,0.0043110323048027865,26_KW_0
29458,146,2026-02-13 20:10:46.780000+00:00,124350.92490271974,426607.51159002143,11.378233061977028,-0.0013638552045449615,-0.00027537537971511483,-0.0010884512470550334,0,-0.000557214939061208,-0.0012749290687738815,-0.0010884512470550334,13_P5_1
29459,161,2026-02-13 20:10:51.920000+00:00,124402.99153097946,426879.64573628665,6.584037963076469,0.00012723286636173725,-0.0017706003272905946,0.0424136422527468,0,0.0014919329580085601,-0.0009619510227095831,0.0424136422527468,34a_P7_0
29460,116,2026-02-13 20:10:55.310000+00:00,124377.68772799814,426815.90025232837,10.009632044593541,0.00036810657184105366,0.00019076478201895952,0.0045722893164175105,0,0.00017639112073846905,0.00037520637363448506,0.0045722893164175105,25_KW_0
29461,148,2026-02-13 20:11:01.770000+00:00,124351.03937458509,426607.39802892157,8.014528624485761,-0.0017438295762985945,-0.00042697315802797675,-0.0009277907266209695,0,-0.0007869346198019249,-0.0016136857107278723,-0.0009277907266209695,14_P5_1
29462,115,2026-02-13 20:11:12.080000+00:00,124396.29001636874,426811.634037819,7.651513030738391,-7.439106411766261e-05,0.00012348254676908255,0.005240737965344522,0,6.76620494611909e-05,-0.00012729421369350692,0.005240737965344522,24_KW_0
29463,153,2026-02-13 20:11:14.570000+00:00,124370.27618300129,426819.49799152504,9.737340173598962,0.0023441964149242267,-0.0011315721785649657,0.011259696485973691,0,0.0004755305238111515,-0.0025592153383351217,0.011259696485973691,29_KW_1
29464,168,2026-02-13 20:11:18.750000+00:00,124669.37249025136,426931.31088060245,13.792273809893704,-0.004241719987476245,0.003140030079521239,-0.009066210041524414,0,6.055490228949189e-05,-0.005277149842127125,-0.009066210041524414,908_GSL_1
29465,114,2026-02-13 20:11:28.110000+00:00,124396.299190013,426811.6298703042,9.995077855915829,0.00016936798056121916,0.000331548391841352,0.00439377826564602,0,0.00037144210982427927,-2.5310235503847516e-05,0.00439377826564602,23_KW_0
29466,150,2026-02-13 20:11:44.310000+00:00,124401.10293282151,426812.32173327816,9.186031334783284,-0.00024780842068139464,0.0003016891423612833,0.0040173115394743775,0,9.30932750766987e-05,-0.0003791556331043861,0.0040173115394743775,27_KW_1
29467,119,2026-02-13 20:12:00.110000+00:00,124400.8141817796,426811.3433691125,3.9882896474483425,3.0392518965527415e-05,0.0002402312238700688,0.004755518362159705,0,0.00020936649367504678,-0.00012165696633320122,0.004755518362159705,28_KW_1
29468,169,2026-02-13 20:12:16.410000+00:00,124669.37636602583,426931.30855238467,13.81208177582456,-0.0027114224940305576,0.00639283173950389,0.00032656295166688665,0,0.0004975517114010406,-0.006926222049950833,0.00032656295166688665,908_GSL_1
29469,72,2026-02-13 20:12:58.710000+00:00,124390.52383516826,426780.8875785708,10.99123890553209,-0.00012453459203243256,0.0006476390990428627,0.00415358396533172,0,-0.0002256037190847253,-0.0006197162489049933,0.00415358396533172,18_P6_1
29470,134,2026-02-13 20:15:21.480000+00:00,123855.61483870364,426533.072643172,6.05218418401204,0.00037656222411897033,-0.0016548899584449828,0.0063412651142593646,0,-0.0006989958375558081,-0.001546565453601986,0.0063412651142593646,904_GSL_1
29471,130,2026-02-13 20:15:21.820000+00:00,124898.94032195762,426720.77199419495,4.125001647406717,0.0019489603582769632,0.002317496167961508,0.03493891493652246,0,0.0009038506047623859,-0.00289003270758689,0.03493891493652246,901_GSL_1
29472,133,2026-02-13 20:15:21.910000+00:00,124806.21819362369,426258.50717544067,4.5953194366176096,-0.003702469839481637,-0.004308372677769512,0.007162332433043872,0,0.0017465592789457623,0.005405542408301915,0.007162332433043872,903_GSL_1
29473,139,2026-02-13 20:15:23.320000+00:00,123928.0874058317,426940.4336155647,7.135680790782432,0.0005359080096241087,0.002511552127543837,-0.0009210399568235772,0,0.00032326911692636876,0.0025476633533869602,-0.0009210399568235772,905_GSL_1
29474,137,2026-02-13 20:15:38.360000+00:00,123928.08513695495,426940.4292416645,7.1352870162202064,-0.004262306931195781,-0.004586906579788774,0.012423325254676598,0,-0.0012215973623996438,-0.006141227257772454,0.012423325254676598,905_GSL_1
29475,153,2026-02-13 20:15:38.390000+00:00,124370.27591914276,426819.498115022,9.737321089200991,0.0020803378865821287,-0.0010080751962959766,0.011240612088002422,0,0.00042574026930043885,-0.00227217220888562,0.011240612088002422,29_KW_1
29476,132,2026-02-13 20:15:39.240000+00:00,124806.22603220043,426258.51013138297,4.618979639868258,0.011897912656422704,0.004989632521755993,0.03634746565793723,0,0.001630367543617316,-0.012798385052605186,0.03634746565793723,903_GSL_1
29477,143,2026-02-13 20:15:40.960000+00:00,124266.91989221335,427056.31527349306,7.108503884892886,0.00032478525827173144,0.0010466170497238636,0.00296214667010819,0,0.0008454252230849072,0.0006972437916074654,0.00296214667010819,906_GSL_1
29478,141,2026-02-13 20:15:54.360000+00:00,124266.91922912821,427056.3143835655,7.094351628833417,0.000600376763031818,-0.0001347375218756497,0.010216928570319084,0,-0.00015309359141823156,0.000595960409470648,0.010216928570319084,906_GSL_1
29479,136,2026-02-13 20:15:54.420000+00:00,123855.61441470664,426533.07628718956,6.033251590755218,-0.0013554051547544077,0.0021786634461022913,0.010959048318479603,0,-0.00017532735631757448,0.0025598745795534245,0.010959048318479603,904_GSL_1
29480,135,2026-02-13 20:15:56.110000+00:00,123855.61886177649,426533.0666944141,6.0607367602406566,0.005211498253629543,-0.00994050718145445,0.03953831312229905,0,0.0012686570860764225,-0.01115185662883447,0.03953831312229905,904_GSL_1
29481,5,2026-02-13 20:15:56.310000+00:00,124424.61762991612,426919.14368569275,8.779835620171283,0.00042713859875220805,-0.0026620763237588108,0.01200979816496961,11,-0.002690037104207702,-0.00018110249597138358,0.01200979816496961,TS4
29482,152,2026-02-13 20:15:56.810000+00:00,124370.27568185626,426819.49908190314,9.732790779739101,-8.980560232885182e-05,-8.81347805261612e-05,0.0038698285112221953,0,-6.509640137310123e-05,-0.00010768121598642253,0.0038698285112221953,29_KW_1
29483,140,2026-02-13 20:16:10.410000+00:00,123928.08799434733,426940.4325722145,7.144743177280411,0.00047061486111488193,-0.0018664624076336622,0.009169471078067204,0,-0.0005312042143910047,-0.001850130360062518,0.009169471078067204,905_GSL_1
29484,122,2026-02-13 20:16:10.610000+00:00,124329.15057437489,426611.3906443309,8.088668486017678,0.001023471835651435,-0.0013945779646746814,0.0050046475752800745,0,-0.0010893715925140534,0.0013437305650134217,0.0050046475752800745,16_P5_1
29485,150,2026-02-13 20:16:13.170000+00:00,124401.10286800515,426812.32179015386,9.185857730750998,-0.00031262477568816394,0.00035856483737006783,0.003843707507188654,0,9.980083142469447e-05,-0.00046512663546526527,0.003843707507188654,27_KW_1
29486,120,2026-02-13 20:16:25.560000+00:00,124329.26189660185,426611.32937055384,11.361945172783408,0.0016447666857857257,-0.0018045362667180598,0.003914006136534809,0,-0.001326869348735073,0.002049640534327587,0.003914006136534809,15_P5_1
29487,145,2026-02-13 20:16:26.550000+00:00,124266.92020125895,427056.3153320697,7.119136637071337,0.001877506118034944,0.0005854620831087232,0.011169700779690928,0,-0.0009194364643530412,0.001738514211053401,0.011169700779690928,906_GSL_1
29488,6,2026-02-13 20:16:26.750000+00:00,124399.03939322259,426925.075132094,8.556099852872615,0.00022247820743359625,-0.00031712092459201813,0.008793157051057321,11,-0.0003853864368650815,3.9236817880650055e-05,0.008793157051057321,TS5
29489,129,2026-02-13 20:16:30.790000+00:00,124898.93992910958,426720.77207980596,4.088368419270368,0.00025741079298313707,-0.00042286416282877326,-0.003316325975245782,0,0.00030564401909812964,0.00038943054597531115,-0.003316325975245782,901_GSL_1
29490,124,2026-02-13 20:16:40.890000+00:00,124339.65869952561,426609.5891073915,6.678499891221407,0.0009338023810414597,-0.0011345125385560095,0.004069695388214001,0,-0.000785668178195698,0.0012417049169388648,0.004069695388214001,17_P5_1
29491,154,2026-02-13 20:16:41.090000+00:00,124285.66561482608,426445.56203299406,7.895867408583972,0.0009898260759655386,-0.0017920059617608786,-0.005732591416027333,11,-0.002007141933672204,0.0004030164832143633,-0.005732591416027333,TS1-1
29492,149,2026-02-13 20:16:49.680000+00:00,124351.04019825938,426607.3971748386,8.01496829096857,-0.0011134326923638582,0.0004423731006681919,0.002742447000771975,0,-0.0002617262759122493,0.0011691559678317198,0.002742447000771975,14_P5_1
29493,147,2026-02-13 20:17:05+00:00,124350.92669489737,426607.5105192398,11.375825561145534,0.00018755177734419703,0.0005264997016638517,0.0016059194730910775,0,-0.0005495223915539839,-0.0001019938538240526,0.0016059194730910775,13_P5_1
29494,126,2026-02-13 20:17:20.390000+00:00,124339.65692057868,426609.58896331175,6.671154068089468,9.997453889809549e-05,0.00047315069241449237,0.0004968789540100715,0,-0.000483542843070402,7.266710094187227e-06,0.0004968789540100715,17_P5_1
29495,121,2026-02-13 20:17:36.590000+00:00,124329.26004132743,426611.32794670726,11.355167406162794,0.0004985577252227813,0.00023021467495709658,0.0008678840886719996,0,-0.00035996694564723194,-0.0004147076078230525,0.0008678840886719996,15_P5_1
29496,123,2026-02-13 20:17:52.180000+00:00,124329.1503800048,426611.3907686207,8.08026759708318,0.0006233926687855273,0.0004906010581180453,0.0021519520291146677,0,-0.0006451373796111863,-0.000461633598377003,0.0021519520291146677,16_P5_1
29497,4,2026-02-13 20:17:52.380000+00:00,124378.97063115014,426782.74197327666,7.761618251030582,-0.0011868230649270117,0.0007903692312538624,0.0065425460583155015,11,-0.0013188340759474216,-0.00054213392190074,0.0065425460583155015,TS3
29498,67,2026-02-13 20:21:21.200000+00:00,123855.61525753273,426533.0751325595,6.05291263145364,-0.0027369414165150374,-0.01597014517756179,0.008504483116063888,0,-0.0005032001156978777,-0.016195158997471964,0.008504483116063888,904_GSL_1
29499,71,2026-02-13 20:21:22.640000+00:00,124806.22143370823,426258.5089599165,4.597560217117989,-0.006328227260382846,-0.006146215600892901,0.006056553968721623,0,0.0019460462928427636,0.008604378553842504,0.006056553968721623,903_GSL_1
29500,66,2026-02-13 20:21:22.950000+00:00,124898.93999357613,426720.7707497535,4.12777393699723,0.0023879124491941184,-0.003455401281826198,0.04548740659346606,0,0.0035362261100896457,0.0022665014409398994,0.04548740659346606,901_GSL_1
29501,68,2026-02-13 20:21:23+00:00,123928.08667509077,426940.43198020116,7.1355957180040885,-0.022275271083344705,-0.015754804073367268,0.0167824369638625,0,0.015824276593790806,-0.02222597182374456,0.0167824369638625,905_GSL_1
29502,68,2026-02-13 20:21:37.390000+00:00,123928.08814709366,426940.43153025664,7.13531325233778,-0.020803268198505975,-0.01620474859373644,0.016499971297553984,0,-0.0009518648399487621,-0.026352681041056192,0.016499971297553984,905_GSL_1
29503,67,2026-02-13 20:21:39.130000+00:00,123855.61398707854,426533.07670022885,6.033227903014029,-0.004007395604276098,-0.014402475848328322,-0.011180245323546778,0,0.011675727032325072,-0.009336376618232877,-0.011180245323546778,904_GSL_1
29504,71,2026-02-13 20:21:40.310000+00:00,124806.22446064197,426258.5080899682,4.62449324876972,-0.0033012935164151713,-0.007016163901425898,0.03298958562045229,0,0.004424112399262359,0.006368070685214618,0.03298958562045229,903_GSL_1
29505,69,2026-02-13 20:21:40.690000+00:00,124266.92008820154,427056.31540961383,7.109269214017983,-0.02250899511273019,0.0005712297861464322,0.018767843090550684,0,0.009058526609135868,-0.020613691084448462,0.018767843090550684,906_GSL_1
29506,69,2026-02-13 20:21:53.600000+00:00,124266.91882682026,427056.3146988727,7.092087797352644,-0.023770376399625093,-0.0001395113649778068,0.0015864264252112292,0,0.0005889080635143509,-0.023763489745690536,0.0015864264252112292,906_GSL_1
29507,68,2026-02-13 20:21:56.030000+00:00,123928.08787278303,426940.4315833315,7.144573165509527,-0.021077578829135746,-0.016151673742569983,0.02575988446930122,0,0.02053939888882116,-0.016830745297542478,0.02575988446930122,905_GSL_1
29508,67,2026-02-13 20:21:58.020000+00:00,123855.61710110639,426533.0684253206,6.056827772300647,-0.0008933677599998191,-0.02267738408409059,0.012419623963070947,0,0.013471429769338393,-0.018264239234683594,0.012419623963070947,904_GSL_1
29509,66,2026-02-13 20:21:58.920000+00:00,124898.93995692904,426720.77237531624,4.087320253599982,0.0023512653569923714,-0.001829838554840535,0.005033723196217643,0,0.0025512832512046366,0.0015387370431285722,0.005033723196217643,901_GSL_1
29510,66,2026-02-13 20:22:10.100000+00:00,124898.94293893546,426720.76620131754,4.088047002617793,0.00533327177981846,-0.008003837254364043,0.0057604722140283116,0,0.0015888171504602527,0.00948582409357021,0.0057604722140283116,901_GSL_1
29511,69,2026-02-13 20:22:12.040000+00:00,124266.91984812364,427056.31495799316,7.1197164031565405,-0.022749073017621413,0.00011960911797359586,0.02921503222910804,0,0.016222594712384235,-0.015948731933915508,0.02921503222910804,906_GSL_1
29512,149,2026-02-13 20:22:39.420000+00:00,124351.04075662715,426607.3970874955,8.016056855457618,-0.0005550649220822379,0.0003550300025381148,0.0038310114898205683,0,-0.00026330017872842947,0.0006040003197929218,0.0038310114898205683,14_P5_1
29513,164,2026-02-13 20:22:49.100000+00:00,124091.0619143399,427154.20747370506,9.840700648398562,-0.033414111472666264,0.012742763618007302,0.0260671167691644,0,0.021135115832234975,-0.028847664530949262,0.0260671167691644,907_GSL_1
29514,147,2026-02-13 20:22:54.850000+00:00,124350.9265265544,426607.51039086556,11.375662028783658,1.9208804587833583e-05,0.0003981254412792623,0.0014423871112150266,0,-0.0003961584115905968,4.3947219405966876e-05,0.0014423871112150266,13_P5_1
29515,110,2026-02-13 20:23:00.240000+00:00,124434.14102850236,426963.9320524206,8.788902360775356,0.0009426598844584078,-3.415282117202878e-05,0.0378420005175677,0,0.0001626308973086724,0.0009291529821303504,0.0378420005175677,35_P9_0
29516,122,2026-02-13 20:23:05.380000+00:00,124329.15097116418,426611.39081552887,8.088250383723734,0.0014202611346263438,-0.0012233799789100885,0.004586545281336285,0,-0.0008231306443244648,0.0016841188217290813,0.004586545281336285,16_P5_1
29517,126,2026-02-13 20:23:10.210000+00:00,124339.65731561615,426609.5889184712,6.672177559108563,0.0004950120055582374,0.0004283101297914982,0.0015203699731047848,0,-0.0005272801603329724,-0.00038789442564702247,0.0015203699731047848,17_P5_1
29518,107,2026-02-13 20:23:10.850000+00:00,124409.9224213883,426969.5250717387,6.297112417011794,0.0016038809990277514,0.0006606855895370245,0.008032093581761046,0,0.0010231129776121562,0.001400778191686939,0.008032093581761046,38_P9_0
29519,111,2026-02-13 20:23:15.110000+00:00,124434.26223230413,426963.97574872617,6.505359769096164,0.0005415448104031384,-0.00231505319243297,0.04406725948139556,0,-0.0021494007588538024,0.0010162767552725758,0.04406725948139556,36_P9_0
29520,120,2026-02-13 20:23:20.800000+00:00,124329.26181902392,426611.3297259806,11.3618132615006,0.0015671887522330508,-0.0014491095207631588,0.0037820948537277133,0,-0.0010028642906108147,0.0018842139482845056,0.0037820948537277133,15_P5_1
29521,106,2026-02-13 20:23:25.490000+00:00,124410.03379829816,426969.4502395377,8.932139240357674,0.0015944799379212782,0.000678196782246232,0.008252016019143937,0,0.0010417063624938478,0.0013846172764422745,0.008252016019143937,37_P9_0
29522,121,2026-02-13 20:23:25.780000+00:00,124329.25996518829,426611.3277590004,11.355095645108875,0.00042241858318448067,4.2507832404226065e-05,0.0007961230347532933,0,-0.00015848113405876098,-0.00039386305409715546,0.0007961230347532933,15_P5_1
29523,124,2026-02-13 20:23:36.700000+00:00,124339.65904744924,426609.58949629136,6.678540115732666,0.0012817260139854625,-0.0007456126622855663,0.004109919899472736,0,-0.0003074853128356672,0.001450590431334077,0.004109919899472736,17_P5_1
29524,160,2026-02-13 20:23:41.230000+00:00,124421.8127445579,426965.61784415337,5.60387500331591,0.0015383972640847787,-0.0007938852650113404,0.011693773428571141,0,6.118600531974217e-05,0.0017300798330998112,0.011693773428571141,38a_P9_0
29525,123,2026-02-13 20:23:42.030000+00:00,124329.15131059573,426611.39034328045,8.081030472821896,0.001553983602207154,6.526079960167408e-05,0.0029148277678299195,0,-0.0004965213000642147,-0.001473971033119686,0.0029148277678299195,16_P5_1
29526,170,2026-02-13 20:23:53.180000+00:00,124669.37401096815,426931.3108214326,13.800263750778583,-0.014035848318599164,0.012324460898526013,0.014073620107195595,0,0.0009701988818531247,-0.018653581119765464,0.014073620107195595,908_GSL_1
29527,118,2026-02-13 20:23:58.210000+00:00,124372.26095495677,426775.1125304281,6.170138313861679,0.0009275947813875973,-0.000134070694912225,0.004606244871317777,0,-0.0005119624807982144,-0.0007850486914495746,0.004606244871317777,22_P6_1
29528,162,2026-02-13 20:23:58.520000+00:00,124402.99675576562,426879.64685913495,6.555914050762524,0.00132763730653096,-0.000874452933203429,0.011241007471957332,0,0.0009863369267121014,-0.001246767106193049,0.011241007471957332,34a_P7_0
29529,92,2026-02-13 20:24:09.980000+00:00,124278.31622724998,426395.6368259212,11.104595286026846,0.002251447396702133,-0.0014647039934061468,0.002806302799626792,0,0.0011210718876909858,-0.0024408135920314963,0.002806302799626792,11_P3_0
29530,104,2026-02-13 20:24:13.870000+00:00,124389.81716033055,426881.4454995143,10.73412462113368,6.41202786937356e-05,0.0011599461431615055,0.008212753073472356,0,-0.0011481315677571698,0.00017714504874389667,0.008212753073472356,33_P7_0
29531,74,2026-02-13 20:24:15.680000+00:00,124369.34624016308,426785.7254702055,7.234261444236583,-7.304621976800263e-05,-0.0009960912284441292,0.004207609479510488,0,-0.00022531382226198717,-0.0009730196129078916,0.004207609479510488,21_P6_1
29532,93,2026-02-13 20:24:24.880000+00:00,124278.27009955759,426395.78989028285,7.951711278412023,0.0019759779097512364,-0.0014598196721635759,0.002985758132505012,0,0.0011534560251059952,-0.0021691245637831206,0.002985758132505012,12_P3_0
29533,105,2026-02-13 20:24:28.770000+00:00,124389.68825766532,426881.4733301656,7.0706608273006335,-0.00042777204362209886,0.0013769514625892043,0.008364930577843488,0,-0.0012566446543569407,0.0007069854767301099,0.008364930577843488,34_P7_0
29534,73,2026-02-13 20:24:31.810000+00:00,124369.4895916976,426785.69506121514,11.410546828562335,0.0002521331625757739,-0.0014054390485398471,0.004492212499259907,0,-0.0006589123534596549,-0.0012667535519150167,0.004492212499259907,20_P6_1
29535,94,2026-02-13 20:24:40.600000+00:00,124268.22552937422,426351.55470506207,10.2174310860663,0.0013068751286482438,-0.0012679584324359894,0.0029371467753396274,0,0.0010082803972476112,-0.0015162492634099099,0.0029371467753396274,07_P2_0
29536,95,2026-02-13 20:24:55.920000+00:00,124268.11089129306,426351.5476864811,7.196828185023141,0.001343390831607394,-0.0015045289183035493,0.003157326778020497,0,0.001232359119070924,-0.0015967458138668126,0.003157326778020497,08_P2_0
29537,165,2026-02-13 20:25:05.810000+00:00,124091.06115488579,427154.20630256267,9.854646960772783,-0.02262574137421325,0.010150769026950002,0.003911467046762596,0,0.02188338720096964,-0.01166531822042206,0.003911467046762596,907_GSL_1
29538,113,2026-02-13 20:25:07.640000+00:00,124414.07865724564,426875.91475179675,7.341127855461427,0.001422631466994062,-0.0004803414340130985,0.03777791033615063,0,0.0001296623874364639,-0.0014959264184430038,0.03777791033615063,32_P7_0
29539,96,2026-02-13 20:25:11.300000+00:00,124258.0624018196,426307.351215373,9.309828439541977,0.00142362316546496,-0.0011942039127461612,0.005282831366086427,0,0.0008922406945660353,-0.0016299486020813763,0.005282831366086427,03_P1_0
29540,152,2026-02-13 20:25:22.010000+00:00,124370.27563637543,426819.4991315334,9.732624366874292,-0.00013528643466997892,-3.850454231724143e-05,0.0037034156464130774,0,-6.329950144490667e-06,-0.00014051672824238036,0.0037034156464130774,29_KW_1
29541,112,2026-02-13 20:25:22.070000+00:00,124413.95199838723,426875.86720063555,10.706332197381128,0.0012637624167837203,-6.54298928566277e-05,0.0370665904604639,0,-0.00023891536673006732,-0.0012426970525813992,0.0370665904604639,31_P7_0
29542,97,2026-02-13 20:25:26.610000+00:00,124257.98879850985,426307.3904066985,6.842483970410671,0.0009283009712817147,-0.0014460061211138964,0.005421779814570371,0,0.0012355076873250344,-0.0011942349643776873,0.005421779814570371,04_P1_0
29543,161,2026-02-13 20:25:37.980000+00:00,124402.99115565364,426879.6451248881,6.585914560461217,-0.0002480929542798549,-0.002381998870987445,0.0442902396374949,0,0.002208452519654478,-0.0009263941945956683,0.0442902396374949,34a_P7_0
29544,117,2026-02-13 20:25:38+00:00,124377.68047336185,426815.90577545203,7.621777043561339,0.0004562177637126297,6.941350875422359e-05,0.004342003388879689,0,5.1625815669428824e-05,0.00045857132300329426,0.004342003388879689,26_KW_0
29545,116,2026-02-13 20:25:53.120000+00:00,124377.68768492012,426815.90019599855,10.009698492022498,0.0003250285517424345,0.0001344349584542215,0.004638736745373961,0,0.00012176881032748594,0.0003299828394535107,0.004638736745373961,25_KW_0
29546,153,2026-02-13 20:26:08.320000+00:00,124370.27620044781,426819.49810117594,9.737477256908605,0.0023616429389221594,-0.0010219212854281068,0.011396779795616041,0,0.00036514997069175305,-0.002547223190746296,0.011396779795616041,29_KW_1
29547,115,2026-02-13 20:26:10.010000+00:00,124396.28992690072,426811.6340912984,7.651471792264918,-0.00016385909111704677,0.00017696194117888808,0.005199499491871151,0,6.753069978214881e-05,-0.0002315273956888,0.005199499491871151,24_KW_0
29548,114,2026-02-13 20:26:25.820000+00:00,124396.29913634073,426811.6298309652,9.995247051580073,0.00011569571506697685,0.0002922093844972551,0.00456297392988958,0,0.00031009768574454276,-5.11003734722413e-05,0.00456297392988958,23_KW_0
29549,150,2026-02-13 20:26:42+00:00,124401.10292645154,426812.3217977127,9.186089858414467,-0.00025417839060537517,0.0003661236842162907,0.004075835170658237,0,0.00014086816931636558,-0.00042285856414208355,0.004075835170658237,27_KW_1
29550,119,2026-02-13 20:26:58.200000+00:00,124400.81414968245,426811.34331256524,3.98815458852876,-1.7046259017661214e-06,0.00018368393648415804,0.004620459442577385,0,0.00014494485621166902,-0.00011284362157233245,0.004620459442577385,28_KW_1
29551,169,2026-02-13 20:27:14.600000+00:00,124669.3757212734,426931.3099259327,13.81199715820087,-0.003356174915097654,0.007766379800159484,0.00024194532797672252,0,0.0005490946650871183,-0.008442692716771638,0.00024194532797672252,908_GSL_1
29552,72,2026-02-13 20:27:56.800000+00:00,124390.52389927112,426780.8876123774,10.991216956346873,-6.043173198122531e-05,0.0006814457010477781,0.004131634780115689,0,-0.00016766900946733207,-0.0006632551100225253,0.004131634780115689,18_P6_1
29553,130,2026-02-13 20:30:21.730000+00:00,124898.93946534627,426720.76871633827,4.127468671557098,0.0010923490044660866,-0.0009603605140000582,0.03740593908690393,0,0.0013783102717877863,0.0004645206767117964,0.03740593908690393,901_GSL_1
29554,133,2026-02-13 20:30:22.400000+00:00,124806.22156561603,426258.5089430488,4.594238142708998,-0.00033047750184778124,-0.002540764573495835,0.006081038524432536,0,0.0019959450085657872,0.0016065190692737955,0.006081038524432536,903_GSL_1
29555,134,2026-02-13 20:30:22.500000+00:00,123855.61444603089,426533.07214931975,6.052991660325045,-1.611052721273154e-05,-0.00214874220546335,0.0071487414272644045,0,-0.00041268497741693804,-0.002108801489956073,0.0071487414272644045,904_GSL_1
29556,139,2026-02-13 20:30:23.220000+00:00,123928.08738422886,426940.43445751385,7.134415022418561,0.0005143051675986499,0.0033535012626089156,-0.002186808320694844,0,0.0006216113083397678,0.003335278085120098,-0.002186808320694844,905_GSL_1
29557,132,2026-02-13 20:30:37.710000+00:00,124806.22142721289,426258.50618756394,4.620833170466719,0.007292925118235871,0.0010458134929649532,0.038200996256398057,0,0.002742132872554501,-0.0068382154069259364,0.038200996256398057,903_GSL_1
29558,137,2026-02-13 20:30:38.850000+00:00,123928.0850608061,426940.42960890674,7.1354999045487055,-0.004338455779361539,-0.0042196643189527094,0.012636213583175682,0,-0.0008793272145669087,-0.005987866829167143,0.012636213583175682,905_GSL_1
29559,153,2026-02-13 20:30:38.860000+00:00,124370.27626844094,426819.49802865257,9.737282920328461,0.0024296360643347725,-0.0010944446548819542,0.011202443215472258,0,0.00041724854926618706,-0.0026318898449310345,0.011202443215472258,29_KW_1
29560,143,2026-02-13 20:30:40+00:00,124266.91917212014,427056.3150344608,7.109293027127541,-0.00039530795766040683,0.0008075847872532904,0.0037512889047635056,0,0.0008971594549918127,-5.972003274763027e-05,0.0037512889047635056,906_GSL_1
29561,135,2026-02-13 20:30:54.330000+00:00,123855.61263190245,426533.07480846567,6.060456175341914,-0.0010183757840422913,-0.001826455642003566,0.03925772822355622,0,0.0018681903390332343,-0.0009396245563379556,0.03925772822355622,904_GSL_1
29562,5,2026-02-13 20:30:54.530000+00:00,124424.61765190214,426919.1430894782,8.783586772198191,0.0004491246218094602,-0.003258290875237435,0.0157609501918774,11,-0.0032882944034305956,-7.274798923711276e-05,0.0157609501918774,TS4
29563,141,2026-02-13 20:30:54.790000+00:00,124266.91690467628,427056.31469707505,7.097563242668227,-0.0017240751622011885,0.00017877202481031418,0.01342854240512903,0,0.00023158326790330685,-0.0017177787377311022,0.01342854240512903,906_GSL_1
29564,136,2026-02-13 20:30:54.870000+00:00,123855.61340465739,426533.07733759173,6.03308993719552,-0.0023654544056626037,0.003229065623600036,0.010797394758781387,0,2.9321125146919313e-05,0.004002671560146327,0.010797394758781387,904_GSL_1
29565,152,2026-02-13 20:30:55.710000+00:00,124370.27572891892,426819.49909815716,9.732695423809107,-4.274294769857079e-05,-7.188075687736273e-05,0.0037744725812274282,0,-6.011186637212275e-05,-5.814091767839019e-05,0.0037744725812274282,29_KW_1
29566,122,2026-02-13 20:31:11.480000+00:00,124329.15057312869,426611.3910227802,8.088685877261272,0.001022225638735108,-0.0010161286336369812,0.005022038818873753,0,-0.00072361653588041,0.0012465318951333708,0.005022038818873753,16_P5_1
29567,140,2026-02-13 20:31:11.630000+00:00,123928.0879228138,426940.43162606366,7.1450367294529435,0.00039908132748678327,-0.0028126132674515247,0.009463023250599889,0,-0.0004905491874587794,-0.0027981102181430396,0.009463023250599889,905_GSL_1
29568,150,2026-02-13 20:31:12.310000+00:00,124401.10281221503,426812.3218276107,9.185946549335936,-0.0003684148978209123,0.00039602169999852777,0.00393252609212702,0,9.636781655405246e-05,-0.0005322367591013624,0.00393252609212702,27_KW_1
29569,120,2026-02-13 20:31:26.950000+00:00,124329.26166423486,426611.329771485,11.361583890696291,0.0014123996952548623,-0.0014036050997674465,0.003552724049418643,0,-0.000998224676782321,0.0017229415747238913,0.003552724049418643,15_P5_1
29570,145,2026-02-13 20:31:28.200000+00:00,124266.91958823855,427056.3149054012,7.1193679646289425,0.0012644857197301462,0.0001587935839779675,0.011401028337296282,0,-0.0007852064142586426,0.0010037880377455784,0.011401028337296282,906_GSL_1
29571,6,2026-02-13 20:31:28.400000+00:00,124399.03936675326,426925.07514050347,8.55602253949289,0.00019600888481363654,-0.00030871143098920584,0.00871584367133238,11,-0.00036529259584209764,-1.6838942135138558e-05,0.00871584367133238,TS5
29572,129,2026-02-13 20:31:28.500000+00:00,124898.94009958407,426720.7728055363,4.085999353411363,0.000427885286626406,0.0003028661594726145,-0.0056853918342500975,0,0.0003890371669624842,-0.00035137417632327076,-0.0056853918342500975,901_GSL_1
29573,124,2026-02-13 20:31:43.060000+00:00,124339.65884873767,426609.5896680096,6.678678554898756,0.001083014445612207,-0.0005738944164477289,0.004248359065562646,0,-0.00020650558303514808,0.0012081517019025007,0.004248359065562646,17_P5_1
29574,154,2026-02-13 20:31:43.260000+00:00,124285.66597046179,426445.561941371,7.89633155973841,0.001345461787423119,-0.001883629010990262,-0.005268440261589014,11,-0.0022993553013198995,0.00026700350325799347,-0.005268440261589014,TS1-1
29575,149,2026-02-13 20:31:45.290000+00:00,124351.04047435083,426607.3970307757,8.015769769293076,-0.0008373412420041859,0.00029831024585291743,0.003543925325278252,0,-0.00016288523058935006,0.0008738408092998375,0.003543925325278252,14_P5_1
29576,147,2026-02-13 20:32:00.790000+00:00,124350.92705436714,426607.51049396256,11.377387461135273,0.0005470215546665713,0.0005012224428355694,0.003167819462829513,0,-0.0005813687608399578,-0.00046094130037489616,0.003167819462829513,13_P5_1
29577,126,2026-02-13 20:32:17.810000+00:00,124339.6572853866,426609.5888261243,6.671645836948315,0.0004647824534913525,0.00033596326829865575,0.0009886478128571241,0,-0.00043053215425096944,-0.00037886159857575334,0.0009886478128571241,17_P5_1
29578,121,2026-02-13 20:32:33.020000+00:00,124329.26023683419,426611.32758798316,11.355662778269416,0.0006940644816495478,-0.0001285094185732305,0.0013632561952938715,0,-6.989235866567381e-05,-0.0007023925067578911,0.0013632561952938715,15_P5_1
29579,123,2026-02-13 20:32:48.190000+00:00,124329.15086253843,426611.3904714199,8.07989740243121,0.0011059263051720336,0.00019340025028213859,0.001781757377143478,0,-0.0004944726428171746,-0.0010079550856987916,0.001781757377143478,16_P5_1
29580,4,2026-02-13 20:32:48.390000+00:00,124378.97062920059,426782.7419904463,7.760549846324367,-0.0011887726141139865,0.0008075388614088297,0.005474141352101114,11,-0.0013241146510741479,-0.0005585872640542905,0.005474141352101114,TS3
29581,66,2026-02-13 20:36:22.240000+00:00,124898.93926920758,426720.7678128723,4.133134294785845,0.0016635438951198012,-0.006392282492015511,0.050847764382080385,0,0.004001093309853645,0.005255464401417138,0.050847764382080385,901_GSL_1
29582,68,2026-02-13 20:36:22.500000+00:00,123928.08676733126,426940.43193939887,7.135181988171015,-0.022183030596352182,-0.01579560636309907,0.01636870713078853,0,0.015723737100077472,-0.02223403063828779,0.01636870713078853,905_GSL_1
29583,67,2026-02-13 20:36:22.600000+00:00,123855.61576268084,426533.07548645814,6.051551564618094,-0.0022317933035083115,-0.01561624655732885,0.007143416280518622,0,-0.0009276170042941054,-0.01574762155318111,0.007143416280518622,904_GSL_1
29584,71,2026-02-13 20:36:22.670000+00:00,124806.22133529825,426258.50876939285,4.593984205857904,-0.006426637235563248,-0.0063367392285726964,0.002480542708636513,0,0.00205733136866064,0.00878767988993597,0.002480542708636513,903_GSL_1
29585,71,2026-02-13 20:36:39.040000+00:00,124806.2220776346,426258.5059282216,4.628737208785426,-0.005684300893335603,-0.009177910455036908,0.03723354563615899,0,0.005104032852638238,0.009512842141328809,0.03723354563615899,903_GSL_1
29586,67,2026-02-13 20:36:39.150000+00:00,123855.61321380756,426533.07758413,6.031420872541821,-0.0047806665825191885,-0.01351857470581308,-0.012987275795754982,0,0.011785775181471905,-0.008167137712911774,-0.012987275795754982,904_GSL_1
29587,69,2026-02-13 20:36:40.380000+00:00,124266.9196940031,427056.31535263994,7.107761783879271,-0.02290319355961401,0.0005142558948136866,0.017260412951838333,0,0.009155185688982137,-0.021000078794012937,0.017260412951838333,906_GSL_1
29588,68,2026-02-13 20:36:55.930000+00:00,123928.08784199238,426940.4329934594,7.144496885764196,-0.021108369473950006,-0.014741545834112912,0.025683604723970355,0,0.02061617975046888,-0.01542237231830412,0.025683604723970355,905_GSL_1
29589,67,2026-02-13 20:36:56.730000+00:00,123855.61579086518,426533.0694861491,6.066149886716082,-0.0022036089649191126,-0.021616555575747043,0.021741738378506348,0,0.01396005912608926,-0.016650769250269624,0.021741738378506348,904_GSL_1
29590,66,2026-02-13 20:37:00.490000+00:00,124898.9401783937,426720.77385640313,4.086555260678168,0.002572730023530312,-0.0003487516660243273,0.004268730274403332,0,0.002595922979682216,4.18495171636175e-05,0.004268730274403332,901_GSL_1
29591,69,2026-02-13 20:37:12.500000+00:00,124266.92003093475,427056.3153901813,7.119661635318672,-0.022566261905012652,0.0005517972749657929,0.029160264391239643,0,0.016397513542041803,-0.015513291276735595,0.029160264391239643,906_GSL_1
29592,149,2026-02-13 20:37:39.720000+00:00,124351.04069071262,426607.39704802603,8.016506549698255,-0.0006209794519236311,0.0003155605518259108,0.004280705730456802,0,-0.00021395389923988727,0.000662885865424882,0.004280705730456802,14_P5_1
29593,68,2026-02-13 20:37:50.710000+00:00,123928.0876395498,426940.43105841725,7.133662510916652,-0.021310812051524408,-0.016676587983965874,0.014849229876426229,0,-0.0010370755865642847,-0.027040409969342278,0.014849229876426229,905_GSL_1
29594,147,2026-02-13 20:37:54.850000+00:00,124350.92658912372,426607.510377915,11.37551974729336,8.177812560461462e-05,0.00038517487701028585,0.0013001056209169803,0,-0.0003932582308186152,-1.9882444535461708e-05,0.0013001056209169803,13_P5_1
29595,110,2026-02-13 20:37:59.150000+00:00,124434.13982513621,426963.93181907677,8.792114892440242,-0.0002607062633614987,-0.00026749668177217245,0.041054532182453585,0,-0.00031586465263689045,-0.00019937841339928093,0.041054532182453585,35_P9_0
29596,69,2026-02-13 20:38:07.980000+00:00,124266.91902982573,427056.3147527578,7.09264540573982,-0.023567370924865827,-8.56262631714344e-05,0.002144034812387119,0,0.0006365611199887547,-0.02355892811881887,0.002144034812387119,906_GSL_1
29597,126,2026-02-13 20:38:10.800000+00:00,124339.65718004931,426609.58879324753,6.672525691840133,0.0003594451700337231,0.000303086475469172,0.0018685027046752012,0,-0.00037514867457428587,-0.0002834179137564415,0.0018685027046752012,17_P5_1
29598,107,2026-02-13 20:38:12.200000+00:00,124409.92239417863,426969.5250455918,6.2973657313906894,0.0015766713331686333,0.0006345387082546949,0.008285407960656244,0,0.0009912468539664617,0.001380565659290019,0.008285407960656244,38_P9_0
29599,111,2026-02-13 20:38:14.940000+00:00,124434.26206061197,426963.9750435097,6.5091691175331485,0.0003698526561493054,-0.003020269679836929,0.04787660791838011,0,-0.0028749563529165546,0.000996717560308689,0.04787660791838011,36_P9_0
29600,66,2026-02-13 20:38:25.110000+00:00,124898.94260039472,426720.7684388596,4.0832637781616175,0.004994731032638811,-0.005766295187640935,0.000977247757853128,0,0.0021960522722847442,0.007305809516871432,0.000977247757853128,901_GSL_1
29601,106,2026-02-13 20:38:27+00:00,124410.03370406576,426969.4503677098,8.93206815890868,0.0015002475411165506,0.000806368887424469,0.008180934570148679,0,0.0011434594304812898,0.0012623287995113777,0.008180934570148679,37_P9_0
29602,121,2026-02-13 20:38:27.230000+00:00,124329.25990582448,426611.32780648855,11.35653807637026,0.0003630547726061195,8.999597048386931e-05,0.0022385542961380622,0,-0.0001875555908345776,-0.00032362160459726284,0.0022385542961380622,15_P5_1
29603,123,2026-02-13 20:38:42.390000+00:00,124329.15090845799,426611.39040838997,8.081169066884526,0.0011518458632053807,0.00013037031749263406,0.003053421830459868,0,-0.00044676927344612904,-0.0010696459828237082,0.003053421830459868,16_P5_1
29604,160,2026-02-13 20:38:42.940000+00:00,124421.81273295276,426965.6178424223,5.603773092577113,0.0015267921262420714,-0.0007956163608469069,0.011591862689774857,0,5.3994572355397586e-05,0.0017208091633177163,0.011591862689774857,38a_P9_0
29605,118,2026-02-13 20:38:58.900000+00:00,124372.26097947406,426775.1125763868,6.170137704012605,0.0009521120664430782,-8.811202133074403e-05,0.004605635022243426,0,-0.0005626638791151781,-0.0007731044395866307,0.004605635022243426,22_P6_1
29606,162,2026-02-13 20:39:00.610000+00:00,124402.996776911,426879.6469163559,6.555963333602019,0.0013487826799973845,-0.0008172320085577667,0.011290290311452011,0,0.0009311669633137217,-0.0012727965116645279,0.011290290311452011,34a_P7_0
29607,164,2026-02-13 20:39:03.690000+00:00,124091.06123956031,427154.20735868014,9.841051852243663,-0.03408889105776325,0.012627738702576607,0.02641832061426541,0,0.021202871748054002,-0.029528808101990434,0.02641832061426541,907_GSL_1
29608,104,2026-02-13 20:39:15.980000+00:00,124389.81712296564,426881.4454507884,10.733881578273905,2.675536961760372e-05,0.0011112202773801982,0.007969710213698633,0,-0.0010927320052487673,0.00020362494780676343,0.007969710213698633,33_P7_0
29609,74,2026-02-13 20:39:16.100000+00:00,124369.346298634,426785.7256412703,7.234161743968975,-1.4575300156138837e-05,-0.0008250264218077064,0.004107909211902516,0,-0.00023048410105942324,-0.0007923118800158802,0.004107909211902516,21_P6_1
29610,122,2026-02-13 20:39:20.390000+00:00,124329.15149849674,426611.3908336673,8.088960325046635,0.0019475936860544607,-0.0012052415404468775,0.005296486604237316,0,-0.0006718349668022379,0.002189604099868238,0.005296486604237316,16_P5_1
29611,105,2026-02-13 20:39:30.710000+00:00,124389.68824850162,426881.4733872969,7.07054628837942,-0.00043693573388736695,0.0014340827474370599,0.008250391656630107,0,-0.0013105848631378989,0.000727924088458496,0.008250391656630107,34_P7_0
29612,73,2026-02-13 20:39:33.780000+00:00,124369.48959956344,426785.6948958401,11.41055613502001,0.00025999901117756963,-0.0015708141145296395,0.004501518956935513,0,-0.0007156306127806214,-0.0014222971891521413,0.004501518956935513,20_P6_1
29613,120,2026-02-13 20:39:36.670000+00:00,124329.26211432487,426611.3299021832,11.362592821800842,0.0018624897056724876,-0.001272906898520887,0.004561655153969113,0,-0.0007573548097555491,0.0021249878983604096,0.004561655153969113,15_P5_1
29614,124,2026-02-13 20:39:52.260000+00:00,124339.65951539607,426609.58936749713,6.678977138169381,0.0017496728396508843,-0.0008744068909436464,0.004546942336188131,0,-0.0002835177464985205,0.001935344967741442,0.004546942336188131,17_P5_1
29615,113,2026-02-13 20:40:08.030000+00:00,124414.07873299716,426875.91414271796,7.344871692716439,0.0014983829896664247,-0.0010894202277995646,0.04152174759116267,0,0.0007034536606430448,-0.0017138089052716608,0.04152174759116267,32_P7_0
29616,170,2026-02-13 20:40:08.390000+00:00,124669.376234977,426931.30963278486,13.801012230367881,-0.011811839474830776,0.011135813139844686,0.014822099696493396,0,0.0014161279545223794,-0.016171594469350525,0.014822099696493396,908_GSL_1
29617,152,2026-02-13 20:40:15+00:00,124370.27569072791,426819.49930414464,9.732523711318091,-8.093395445030183e-05,0.00013410672545433044,0.003602760090211987,0,0.00014913522854268096,-4.789156922224428e-05,0.003602760090211987,29_KW_1
29618,112,2026-02-13 20:40:23.520000+00:00,124413.95229940968,426875.86648329964,10.710065175901123,0.001564784863148816,-0.0007827657973393798,0.040799568980459,0,0.0003855282108313921,-0.0017066464074544437,0.040799568980459,31_P7_0
29619,92,2026-02-13 20:40:25.740000+00:00,124278.31656085027,426395.6367563684,11.105352347826637,0.002585047695902176,-0.0015342567930929363,0.003563364599417085,0,0.0011412615124228535,-0.0027809958032156885,0.003563364599417085,11_P3_0
29620,117,2026-02-13 20:40:31.010000+00:00,124377.68049412414,426815.9058764201,7.6217976219793515,0.00047698005801066756,0.0001703815651126206,0.004362581806891974,0,0.0001517104273105433,0.0004832430027587966,0.004362581806891974,26_KW_0
29621,161,2026-02-13 20:40:40.040000+00:00,124402.99181692832,426879.6441112972,6.589850895238678,0.00041318172588944435,-0.003395589767023921,0.04822657441495615,0,0.0027798906117638216,-0.0019932278322243825,0.04822657441495615,34a_P7_0
29622,93,2026-02-13 20:40:40.490000+00:00,124278.27028700878,426395.7898738228,7.951839188171213,0.002163429104257375,-0.0014762796927243471,0.0031136678916956484,0,0.0011421616690715916,-0.0023569671066864203,0.0031136678916956484,12_P3_0
29623,116,2026-02-13 20:40:46.170000+00:00,124377.68775832136,426815.9003328028,10.009941367053662,0.0003984297945862636,0.00027123920153826475,0.0048816117765380085,0,0.0002556330791872933,0.0004086180790058005,0.0048816117765380085,25_KW_0
29624,94,2026-02-13 20:40:55.990000+00:00,124268.22594025757,426351.5545048516,10.218032820284641,0.0017177584813907743,-0.0014681689208373427,0.0035388809936804932,0,0.0011301699514468795,-0.0019567652034286546,0.0035388809936804932,07_P2_0
29625,115,2026-02-13 20:41:03.100000+00:00,124396.28995332899,426811.63413443626,7.651657139488278,-0.00013743081944994628,0.00022009981330484152,0.005384846715231539,0,0.00011811816391020202,-0.0002310395145986774,0.005384846715231539,24_KW_0
29626,153,2026-02-13 20:41:10.760000+00:00,124370.27630823659,426819.498020953,9.737379348746739,0.0024694317107787356,-0.0011021442478522658,0.011298871633750096,0,0.0004142165320069731,-0.0026723097840418027,0.011298871633750096,29_KW_1
29627,95,2026-02-13 20:41:11.890000+00:00,124268.1113106532,426351.5476392614,7.196561501564061,0.0017627509660087526,-0.0015517486026510596,0.0028906433189410663,0,0.001201787623551573,-0.002017652398673411,0.0028906433189410663,08_P2_0
29628,114,2026-02-13 20:41:19.290000+00:00,124396.2991450216,426811.6298317698,9.995169410148867,0.00012437658733688295,0.00029301398899406195,0.0044853324986835474,0,0.00031525317811516176,-4.4070022828127135e-05,0.0044853324986835474,23_KW_0
29629,96,2026-02-13 20:41:27.790000+00:00,124258.063014277,426307.3509143128,9.309786540554708,0.0020360805647214875,-0.0014952641213312745,0.00524093237881651,0,0.0010675068984704816,-0.002289512585747257,0.00524093237881651,03_P1_0
29630,150,2026-02-13 20:41:35.200000+00:00,124401.10288124534,426812.3217698859,9.18607241559291,-0.0002993845846503973,0.00033829687163233757,0.004058392349101325,0,9.150495737877067e-05,-0.00044238303048108274,0.004058392349101325,27_KW_1
29631,128,2026-02-13 20:41:42.510000+00:00,124898.93897934443,426720.77250698215,4.076647100111481,-0.0013220550754340366,0.003242947335820645,-0.004744830892198237,0,0.00020969590228811993,-0.0034957924243225152,-0.004744830892198237,901_GSL_1
29632,97,2026-02-13 20:41:43.140000+00:00,124257.98919736723,426307.3904635565,6.842403189696652,0.0013271583593450487,-0.0013891481212340295,0.005340999100551969,0,0.0011014118053456307,-0.001574158139626624,0.005340999100551969,04_P1_0
29633,119,2026-02-13 20:41:50.700000+00:00,124400.81440297718,426811.3433338986,3.9883443067876865,0.00025159009965136647,0.0002050172770395875,0.004810177701503715,0,0.0003156390468355637,7.550929903030704e-05,0.004810177701503715,28_KW_1
29634,131,2026-02-13 20:41:59.600000+00:00,124806.2165693918,426258.5003027725,4.607258501490115,-0.0019751043437281623,-0.005981291993521154,-0.004245971282447414,0,0.00022882269879495845,0.006294801923245107,-0.004245971282447414,903_GSL_1
29635,169,2026-02-13 20:42:06.870000+00:00,124669.37623034889,426931.3091456908,13.812113822206783,-0.0028470994293456897,0.006986137886997312,0.000358609333890314,0,0.0006469689789558417,-0.0075162177241607795,0.000358609333890314,908_GSL_1
29636,68,2026-02-13 20:42:16.940000+00:00,123928.08355958166,426940.4299729346,7.116714351647709,-0.02539078019617591,-0.017762070638127625,-0.0020989293925168795,0,0.0014972777968706623,-0.030950622473923727,-0.0020989293925168795,905_GSL_1
29637,72,2026-02-13 20:42:49.910000+00:00,124390.52397969797,426780.8876040742,10.991300274328268,1.9995117327198386e-05,0.0006731424946337938,0.004214952761509849,0,-8.694272506625086e-05,-0.000667803552968079,0.004214952761509849,18_P6_1
29638,66,2026-02-13 20:42:55.840000+00:00,124898.93966051319,426720.77131586906,4.076503586039657,0.002054849508567713,-0.002889285737182945,-0.005782944364107756,0,0.0006039442390179413,0.003493655668509249,-0.005782944364107756,901_GSL_1
29639,71,2026-02-13 20:43:13.350000+00:00,124806.21616895217,426258.4994608637,4.611009528921575,-0.011592983311857097,-0.015645268373191357,0.01950586577230773,0,-0.005427237240040314,0.01870071604186584,0.01950586577230773,903_GSL_1
29640,102,2026-02-13 20:44:32.510000+00:00,124282.39333544156,426301.7929372489,6.903575706991117,4.6495741116814315e-05,-0.0006206157268024981,0.00027772322438135433,0,0.0005937199865609747,-0.00018660737352696108,0.00027772322438135433,02_P1_0
29641,103,2026-02-13 20:44:48.190000+00:00,124282.31210726716,426301.7966179531,9.298637228667992,0.0003888600040227175,-0.0008262001210823655,0.0006857428768789475,0,0.0007156166036011267,-0.0005671962794795565,0.0006857428768789475,01_P1_0
29642,100,2026-02-13 20:45:03.320000+00:00,124292.48427343421,426345.92932880245,7.5875279290311415,0.0005501608975464478,-0.000906177272554487,-0.0009716399379566809,0,0.0007553556484480471,-0.0007438226313046897,-0.0009716399379566809,06_P2_0
29643,138,2026-02-13 20:45:20.370000+00:00,123928.08208368176,426940.42920923786,7.11979496164897,-0.0045351969165494666,-0.0025119141791947186,0.0018588980510427788,0,0.0007900889774157931,-0.005123815309248113,0.0018588980510427788,905_GSL_1
29644,134,2026-02-13 20:45:21.690000+00:00,123855.61446779335,426533.0714111619,6.053038701929894,5.6519347708672285e-06,-0.0028869000379927456,0.007195783032113212,0,-0.0005812035603195895,-0.002827795288771979,0.007195783032113212,904_GSL_1
29645,130,2026-02-13 20:45:21.780000+00:00,124898.94191981867,426720.77340905025,4.131601839598002,0.003546821404597722,0.003732351469807327,0.041539107127807284,0,0.001832079692569793,-0.004811847209789484,0.041539107127807284,901_GSL_1
29646,133,2026-02-13 20:45:22.160000+00:00,124806.22277312008,426258.5093526821,4.5943325867814995,0.0008770265558268875,-0.0021311312448233366,0.00617548259693379,0,0.0022758452459558866,0.00036252500430705286,0.00617548259693379,903_GSL_1
29647,139,2026-02-13 20:45:24.180000+00:00,123928.08674128281,426940.4324701517,7.135033331280294,-0.00012864088057540357,0.0013661390985362232,-0.0015684994589619805,0,0.0005724287626524814,0.0012470805204126672,-0.0015684994589619805,905_GSL_1
29648,125,2026-02-13 20:45:37.670000+00:00,124339.65793652613,426609.5906728518,6.674445101709684,7.096250192262232e-05,-0.0005609946674667299,0.000929163580569714,0,-0.0005447598898245337,0.00015161581726055778,0.000929163580569714,17_P5_1
29649,153,2026-02-13 20:45:38.510000+00:00,124370.27628484384,426819.49791915994,9.736975696125812,0.0024460389686282724,-0.0012039372813887894,0.010895219012823532,0,0.0005185788404883919,-0.0026764991312839253,0.010895219012823532,29_KW_1
29650,137,2026-02-13 20:45:38.620000+00:00,123928.08699553364,426940.4309014679,7.133640126106684,-0.0024037282419158146,-0.002927103138063103,0.010776435141154117,0,-0.0009647591872078322,-0.003662660501949456,0.010776435141154117,905_GSL_1
29651,132,2026-02-13 20:45:39.030000+00:00,124806.2298778077,426258.51043465536,4.62861773440141,0.015743519921670668,0.005292904912494123,0.045985560191089014,0,0.003291240618410903,-0.01628007976419243,0.045985560191089014,903_GSL_1
29652,143,2026-02-13 20:45:42.880000+00:00,124266.9193767283,427056.3151693283,7.108043347618479,-0.00019069979316554964,0.0009424522868357599,0.002501609395701543,0,0.0009444129990575233,0.00018073962290132006,0.002501609395701543,906_GSL_1
29653,146,2026-02-13 20:45:53.090000+00:00,124350.92480603202,426607.51195130416,11.379314811180919,-0.001460542916902341,8.590734796598554e-05,-6.702043163997473e-06,0,-0.000224502912741189,-0.0014457399927783933,-6.702043163997473e-06,13_P5_1
29654,141,2026-02-13 20:45:54.390000+00:00,124266.9171690156,427056.31484625593,7.093062062452123,-0.0014597358385799453,0.0003279529046267271,0.008927362189025345,0,0.00037258470694092894,-0.0014489867018856815,0.008927362189025345,906_GSL_1
29655,136,2026-02-13 20:45:54.440000+00:00,123855.61354107948,426533.07702467113,6.034574134854943,-0.0022290323104243726,0.0029161450220271945,0.012281592418204923,0,0.00010174817512732414,0.003669078104819801,0.012281592418204923,904_GSL_1
29656,135,2026-02-13 20:45:56.230000+00:00,123855.61387266614,426533.0719821675,6.0625802468772,0.00022238791279960424,-0.0046527538215741515,0.0413817997588426,0,0.002428299638403883,-0.003975039040570521,0.0413817997588426,904_GSL_1
29657,5,2026-02-13 20:45:56.430000+00:00,124424.61763811445,426919.14150040265,8.7823030317317,0.0004353369295131415,-0.004847366421017796,0.014477209725386686,11,-0.004861407401349628,-0.0002306459189143951,0.014477209725386686,TS4
29658,152,2026-02-13 20:45:58.500000+00:00,124370.27570077234,426819.4990891753,9.732738692891468,-7.088952406775206e-05,-8.086260640993714e-05,0.003817741663588947,0,-6.237366485227021e-05,-8.759915336838295e-05,0.003817741663588947,29_KW_1
29659,148,2026-02-13 20:46:08.570000+00:00,124351.03978643384,426607.39819449716,8.01542729507734,-0.0013319808203959838,-0.0002613975666463375,-2.9120135042859374e-05,0,-0.0005378164819994346,-0.0012462965238823128,-2.9120135042859374e-05,14_P5_1
29660,122,2026-02-13 20:46:10.050000+00:00,124329.15130655197,426611.3908319244,8.089292653327142,0.0017556489183334634,-0.0012069844524376094,0.005628814884744315,0,-0.0007222062558557298,0.0020043783866511887,0.005628814884744315,16_P5_1
29661,140,2026-02-13 20:46:11.060000+00:00,123928.08778286951,426940.43271559814,7.1445086617365146,0.00025913704303093255,-0.001723078778013587,0.008934955534170896,0,-0.0003151647798656553,-0.001713716325371222,0.008934955534170896,905_GSL_1
29662,150,2026-02-13 20:46:15.080000+00:00,124401.1028943061,426812.3218232673,9.186058726190936,-0.00028632383327931166,0.00039167830254882574,0.004044702947126666,0,0.00014207082170222306,-0.00046390636103867307,0.004044702947126666,27_KW_1
29663,128,2026-02-13 20:46:25.180000+00:00,124898.9389703242,426720.77275958785,4.076878859824854,-0.0013310752983670682,0.0034955530427396297,-0.004513071178825712,0,0.0003107573342187237,-0.0037274766805117016,-0.004513071178825712,901_GSL_1
29664,120,2026-02-13 20:46:25.290000+00:00,124329.26225888477,426611.3296583482,11.362543760044751,0.0020070496102562174,-0.0015167419333010912,0.004512593397878462,0,-0.0009564051897177613,0.0023268096921201997,0.004512593397878462,15_P5_1
29665,145,2026-02-13 20:46:26.930000+00:00,124266.91975479748,427056.3151052305,7.119025542252458,0.0014310446422314271,0.00035862287040799856,0.01105860596081154,0,-0.0007625478681302067,0.0012629409645937618,0.01105860596081154,906_GSL_1
29666,6,2026-02-13 20:46:27.130000+00:00,124399.03928494715,426925.0751494713,8.556404799508634,0.00011420277587603778,-0.00029974360950291157,0.00909810368707653,11,-0.00031426077217863285,-6.425474710335327e-05,0.00909810368707653,TS5
29667,129,2026-02-13 20:46:32+00:00,124898.94023671986,426720.7720676761,4.089349990619338,0.0005650210805470124,-0.0004349939990788698,-0.002334754626275526,0,0.0006125281981124868,0.00036507233148269603,-0.002334754626275526,901_GSL_1
29668,124,2026-02-13 20:46:40.670000+00:00,124339.65937627442,426609.58957345004,6.679278580705995,0.0016105511895148084,-0.0006684539839625359,0.004848384872802036,0,-0.00013138785238200694,0.0017388050767608754,0.004848384872802036,17_P5_1
29669,154,2026-02-13 20:46:40.870000+00:00,124285.66587556363,426445.56206166086,7.895759673219984,0.0012505636259447783,-0.0017633391544222832,-0.005840326780015559,11,-0.002161763402058935,-7.304079231757214e-06,-0.005840326780015559,TS1-1
29670,131,2026-02-13 20:46:42.600000+00:00,124806.21861917857,426258.50579111924,4.609974581924259,7.468242256436497e-05,-0.0004929452552460134,-0.0015298908483032392,0,0.00024148881709045992,0.0004361830351238916,-0.0015298908483032392,903_GSL_1
29671,3,2026-02-13 20:46:42.800000+00:00,124314.90281784695,426440.7935427729,7.0572318927090985,-0.004421504985657521,-0.002534510684199631,-0.02119720278198578,11,-0.005079326359891529,0.0004170065661682822,-0.02119720278198578,TS2
29672,149,2026-02-13 20:46:49.200000+00:00,124351.04069737683,426607.3968940227,8.01579141233017,-0.000614315242273733,0.00016155722551047802,0.0035655683623723178,0,-6.29159744153939e-05,0.0006320803225602267,0.0035655683623723178,14_P5_1
29673,101,2026-02-13 20:46:59.350000+00:00,124292.40512921078,426345.8824833651,10.216609239480109,-0.00018966005882248282,-0.000910160830244422,0.0009907418798249523,0,0.0009293652806692087,-2.537419772930783e-05,0.0009907418798249523,05_P2_0
29674,147,2026-02-13 20:47:04.800000+00:00,124350.9267261086,426607.5103140453,11.37594116386143,0.00021876301616430283,0.00032130518229678273,0.0017215221889870236,0,-0.0003518384172900796,-0.0001652392372618671,0.0017215221889870236,13_P5_1
29675,98,2026-02-13 20:47:14.450000+00:00,124302.66089761193,426390.07738450734,7.980185061606606,5.1978378905914724e-05,-0.0005275012226775289,0.0011342664757352239,0,0.0005005798762868566,-0.0001742959530700872,0.0011342664757352239,10_P3_0
29676,126,2026-02-13 20:47:20.550000+00:00,124339.65736173265,426609.5887548497,6.672070994261506,0.0005411285092122853,0.00026468862779438496,0.00141380512604794,0,-0.00037793021067702336,-0.00046909368896160344,0.00141380512604794,17_P5_1
29677,99,2026-02-13 20:47:29.620000+00:00,124302.53806030726,426390.1341783536,11.088817153038512,-1.9983912352472544e-05,-0.0006379383848980069,0.0010619502891451305,0,0.0006244852862011896,-0.00013184410110963292,0.0010619502891451305,09_P3_0
29678,121,2026-02-13 20:47:37.100000+00:00,124329.26064998406,426611.3274007219,11.354929930996835,0.0011072143533965573,-0.0003157706814818084,0.0006304089227135989,0,-5.115201200732501e-06,-0.001151350764262359,0.0006304089227135989,15_P5_1
29679,166,2026-02-13 20:47:47.570000+00:00,124091.05707922281,427154.2075075724,9.819533866788001,-0.015201612884993665,0.01847959286533296,-0.010319752274803307,0,0.022182913949960033,-0.008972330547986901,-0.010319752274803307,907_GSL_1
29680,123,2026-02-13 20:47:52.200000+00:00,124329.15059462463,426611.3904993088,8.080995630388449,0.0008380125073017552,0.0002212891704402864,0.0028799853343830506,0,-0.0004464539369153882,-0.0007429082995640008,0.0028799853343830506,16_P5_1
29681,4,2026-02-13 20:47:52.400000+00:00,124378.9705836962,426782.74205093883,7.761317698270478,-0.0012342770060058683,0.0008680314058437943,0.006241993298211845,11,-0.001380603975399811,-0.0006089752968686023,0.006241993298211845,TS3
29682,125,2026-02-13 20:48:03.370000+00:00,124339.65694976784,426609.5907175618,6.674929882440593,-0.0009157957829302177,-0.0005162846646271646,0.0014139443114791206,0,-0.0006437088707245019,-0.0008311862972357886,0.0014139443114791206,17_P5_1
29683,146,2026-02-13 20:48:18.900000+00:00,124350.92376273907,426607.51209828287,11.37839542235578,-0.0025038358726305887,0.00023288605734705925,-0.0009260908683028646,0,-0.00030118728992694065,-0.00249654084868742,-0.0009260908683028646,13_P5_1
29684,148,2026-02-13 20:48:34.280000+00:00,124351.03919099616,426607.398527291,8.015601159468321,-0.0019274185033282265,7.139629451557994e-05,0.00014474425593924423,0,-0.00033880978759292016,-0.001898748915911163,0.00014474425593924423,14_P5_1
29685,168,2026-02-13 20:48:51.110000+00:00,124669.37106643675,426931.3126011546,13.79446268319224,-0.005665534597937949,0.004860582237597555,-0.006877336742988405,0,0.0006211189750440061,-0.007438934949824541,-0.006877336742988405,908_GSL_1
29686,68,2026-02-13 20:51:19.910000+00:00,123928.08565388543,426940.4319476953,7.113643684602532,-0.023296476429095492,-0.01578730990877375,-0.005169596437694324,0,0.0017768223901799755,-0.028085723604009617,-0.005169596437694324,905_GSL_1
29687,67,2026-02-13 20:51:20.200000+00:00,123855.6151395712,426533.0740276927,6.051628590097748,-0.0028549029520945624,-0.01707501197233796,0.007220441760171781,0,-0.0006079647301271348,-0.01730135496451895,0.007220441760171781,904_GSL_1
29688,66,2026-02-13 20:51:22.040000+00:00,124898.93652610533,426720.7595843802,4.131171390136625,-0.0010795583511935547,-0.01462077460018918,0.04888485973286105,0,0.0046451876521011294,0.013905205062131805,0.04888485973286105,901_GSL_1
29689,68,2026-02-13 20:51:22.490000+00:00,123928.08720162536,426940.43364455225,7.13746929639297,-0.02174873650074005,-0.01409045298350975,0.01865601535274397,0,0.015876793325551235,-0.020481109304841212,0.01865601535274397,905_GSL_1
29690,71,2026-02-13 20:51:22.940000+00:00,124806.22091483588,426258.507357146,4.587154341979393,-0.00684709960478358,-0.00774898607051,-0.004349321169874187,0,0.0030432985458729842,0.009882706718276771,-0.004349321169874187,903_GSL_1
29691,68,2026-02-13 20:51:36.800000+00:00,123928.08755292078,426940.43136896007,7.132583349452759,-0.021397441072622314,-0.016366045165341347,0.013770068412532588,0,-0.0007346254615815783,-0.026928762397138366,0.013770068412532588,905_GSL_1
29692,71,2026-02-13 20:51:38.100000+00:00,124806.21426599266,426258.49995494133,4.626733098521699,-0.013495942825102247,-0.015151190746109933,0.03522943537243162,0,0.00636903027714916,0.01926485159798002,0.03522943537243162,903_GSL_1
29693,69,2026-02-13 20:51:40.200000+00:00,124266.9200533916,427056.3157024631,7.109912994598687,-0.022543805054738186,0.000864079047460109,0.01941162367125493,0,0.009342755319492836,-0.020534914219114405,0.01941162367125493,906_GSL_1
29694,67,2026-02-13 20:51:48.780000+00:00,123855.6132498262,426533.07560826844,6.0282009641497245,-0.004744647943880409,-0.01549443625845015,-0.016207184187851276,0,0.012912456502371128,-0.009790694875897054,-0.016207184187851276,904_GSL_1
29695,69,2026-02-13 20:51:52.590000+00:00,124266.92180094244,427056.3149619729,7.092803524864479,-0.020796254219021648,0.00012358883395791054,0.0023021539370464694,0,0.0007607628112602969,-0.020782702030464135,0.0023021539370464694,906_GSL_1
29696,67,2026-02-13 20:51:56.740000+00:00,123855.60817778732,426533.0786792579,6.060996128638305,-0.009816686826525256,-0.012423446809407324,0.016587980300728944,0,0.015098529289804022,-0.004769044365612213,0.016587980300728944,904_GSL_1
29697,66,2026-02-13 20:51:57.400000+00:00,124898.94042223794,426720.7721718201,4.086246265648985,0.0028165742551209405,-0.0020333346910774708,0.003959735245220308,0,0.0030374051080833317,0.001685737438018886,0.003959735245220308,901_GSL_1
29698,66,2026-02-13 20:51:58.190000+00:00,124898.93965500766,426720.7713232665,4.077562533330909,0.0020493439806159586,-0.002881888300180435,-0.004723997072855646,0,0.0006021779732455585,0.003484605087257609,-0.004723997072855646,901_GSL_1
29699,68,2026-02-13 20:52:05.570000+00:00,123928.08726349744,426940.4319222567,7.135503682367355,-0.021686864420189522,-0.015812748519238085,0.0166904013271294,0,0.02115937655181943,-0.016511931687439314,0.0166904013271294,905_GSL_1
29700,66,2026-02-13 20:52:10.100000+00:00,124898.9431056214,426720.76750410366,4.085438043071353,0.0054999577114358544,-0.006701051141135395,0.0031515126675882854,0,0.0022742829378483748,0.008365480162089111,0.0031515126675882854,901_GSL_1
29701,71,2026-02-13 20:52:15.610000+00:00,124806.21685179154,426258.5014284823,4.608937130848583,-0.010910143944784068,-0.013677649782039225,0.017433467699315308,0,-0.0054714252138181015,0.01661844910289831,0.017433467699315308,903_GSL_1
29702,69,2026-02-13 20:52:21.370000+00:00,124266.91951762444,427056.3143861205,7.110884915216752,-0.0230795722163748,-0.00045226357178762555,0.02038354428931921,0,0.01605389928803246,-0.016587450487610702,0.02038354428931921,906_GSL_1
29703,149,2026-02-13 20:52:38+00:00,124351.04073692008,426607.39699038706,8.016744970890565,-0.0005747719842474908,0.000257921579759568,0.004519126922767569,0,-0.0001643007628020997,0.0006081871706342688,0.004519126922767569,14_P5_1
29704,164,2026-02-13 20:52:47.980000+00:00,124091.06050802876,427154.2073563587,9.840346188207647,-0.03482042260293383,0.012625417264644057,0.02571265657824995,0,0.021394320253672768,-0.030234848308476177,0.02571265657824995,907_GSL_1
29705,147,2026-02-13 20:52:53.760000+00:00,124350.92690555251,426607.51025108114,11.376735463718441,0.00039820691745262593,0.0002583410241641104,0.002515822045998206,0,-0.0003180224419040761,-0.00035237843339037153,0.002515822045998206,13_P5_1
29706,110,2026-02-13 20:52:58.450000+00:00,124434.14046763505,426963.9299882316,8.79084138039023,0.00038179257535375655,-0.002098341821692884,0.039781020132441114,0,-0.0019730757590546728,0.0008097999878312492,0.039781020132441114,35_P9_0
29707,122,2026-02-13 20:53:04.110000+00:00,124329.1515528008,426611.3909656841,8.089108387207236,0.002001897752052173,-0.001073224761057645,0.005444548764838686,0,-0.000530359998837399,0.0022086476108813683,0.005444548764838686,16_P5_1
29708,126,2026-02-13 20:53:09.600000+00:00,124339.65710018082,426609.58871354803,6.671774307616763,0.00027957667771261185,0.00022338697453960776,0.001117118481305468,0,-0.00027974360930193735,-0.00022317789355020369,0.001117118481305468,17_P5_1
29709,111,2026-02-13 20:53:13.140000+00:00,124434.2620973012,426963.9735430449,6.507827358077783,0.0004065418761456385,-0.004520734481047839,0.04653484846301481,0,-0.004334163065358885,0.0013480901557662108,0.04653484846301481,36_P9_0
29710,120,2026-02-13 20:53:19.660000+00:00,124329.26166905541,426611.329916723,11.361593050455854,0.0014172202500049025,-0.00125836709048599,0.0035618838089810367,0,-0.0008565390620759416,0.0016906631262851271,0.0035618838089810367,15_P5_1
29711,107,2026-02-13 20:53:21.090000+00:00,124409.92199027387,426969.523944848,6.289027747622313,0.0011727665696525946,-0.0004662051214836538,-5.257580771989012e-05,0,-0.00017396644241059918,0.0012499857275614398,-5.257580771989012e-05,38_P9_0
29712,121,2026-02-13 20:53:24.600000+00:00,124329.26030662315,426611.3276557441,11.354893570362195,0.0007638534443685785,-6.074848352000117e-05,0.0005940482880735232,0,-0.0001544100473031839,-0.0007505464675924799,0.0005940482880735232,15_P5_1
29713,124,2026-02-13 20:53:34.900000+00:00,124339.6593211761,426609.58957746805,6.67899107329349,0.0015554528799839318,-0.0006644359673373401,0.004560877460296986,0,-0.00014479701783741587,0.0016852129361499709,0.004560877460296986,17_P5_1
29714,106,2026-02-13 20:53:35.640000+00:00,124410.03340376599,426969.4491852534,8.923694437581613,0.001199947771965526,-0.0003760874969884753,-0.0001927867569175845,0,-7.65115086765711e-05,0.0012551742707194574,-0.0001927867569175845,37_P9_0
29715,102,2026-02-13 20:53:36.390000+00:00,124282.39417398874,426301.79294406006,6.903320993186769,0.0008850429148878902,-0.0006138045573607087,2.3009420033304195e-05,0,0.00039612488300897484,-0.001001569804302803,2.3009420033304195e-05,02_P1_0
29716,123,2026-02-13 20:53:39.890000+00:00,124329.15065620278,426611.39037674374,8.080718884058518,0.0008995906537165865,9.872409282252192e-05,0.0026032390044523623,0,-0.0003459544821392676,-0.0008362567112111068,0.0026032390044523623,16_P5_1
29717,160,2026-02-13 20:53:51.440000+00:00,124421.81243168292,426965.61671926046,5.59550533756525,0.0012255222827661783,-0.0019187781726941466,0.0033241076779111367,0,-0.0010728216717601374,0.002008150443110699,0.0033241076779111367,38a_P9_0
29718,170,2026-02-13 20:53:51.490000+00:00,124669.37497720512,426931.31071047706,13.797247005364603,-0.01306961134832818,0.01221350533887744,0.01105687469321559,0,0.0014820986368491397,-0.01782660475496628,0.01105687469321559,908_GSL_1
29719,103,2026-02-13 20:53:52.130000+00:00,124282.31223031416,426301.79669680685,9.299079032165665,0.0005119069974170998,-0.000747346377465874,0.0011275463745512582,0,0.0006107560395618015,-0.0006689936038967326,0.0011275463745512582,01_P1_0
29720,118,2026-02-13 20:53:56.200000+00:00,124372.26099526943,426775.1126384428,6.170096617019722,0.000967907442827709,-2.6056019123643637e-05,0.004564548029359905,0,-0.0006196918468592248,-0.0007439796697155438,0.004564548029359905,22_P6_1
29721,100,2026-02-13 20:54:07.400000+00:00,124292.48445994043,426345.92938780657,7.5880327212441046,0.0007366671197814867,-0.0008471731562167406,-0.00046684772499361316,0,0.0006550393073249184,-0.0009117589088353766,-0.00046684772499361316,06_P2_0
29722,92,2026-02-13 20:54:08.390000+00:00,124278.31646389072,426395.6368824805,11.104866321263591,0.0024880881392164156,-0.001408144657034427,0.0030773380363715575,0,0.0010306272764597636,-0.0026666948420584497,0.0030773380363715575,11_P3_0
29723,162,2026-02-13 20:54:09.840000+00:00,124402.99642744464,426879.64564320503,6.547482681087487,0.0009993163257604465,-0.002090382855385542,0.002809637796920228,0,0.0021692065006062265,-0.0008141724379692919,0.002809637796920228,34a_P7_0
29724,74,2026-02-13 20:54:13.200000+00:00,124369.34640817535,426785.72550747654,7.234276141236212,9.496604616288096e-05,-0.0009588201646693051,0.0042223064791402365,0,-0.0003747435024413324,-0.000887649686237925,0.0042223064791402365,21_P6_1
29725,101,2026-02-13 20:54:22.650000+00:00,124292.40552059816,426345.8825189143,10.215884742719183,0.0002017273218370974,-0.0008746116072870791,0.0002662451188992776,0,0.000804504455631528,-0.0003980099959120054,0.0002662451188992776,05_P2_0
29726,93,2026-02-13 20:54:23.180000+00:00,124278.27028908464,426395.79003034,7.951346125700891,0.002165504964068532,-0.0013197624939493835,0.002620605421372879,0,0.000987045324787932,-0.0023360064890010977,0.002620605421372879,12_P3_0
29727,104,2026-02-13 20:54:25.730000+00:00,124389.81668713974,426881.444255714,10.725624941268086,-0.0004090705333510414,-8.385413093492389e-05,-0.00028692679212127814,0,0.00016663710630409289,0.0003828867865747723,-0.00028692679212127814,33_P7_0
29728,73,2026-02-13 20:54:30.280000+00:00,124369.48958561404,426785.69479030796,11.41060526181769,0.0002460496034473181,-0.0016763462335802615,0.00455064575461428,0,-0.0007337150077485025,-0.0015271998525405658,0.00455064575461428,20_P6_1
29729,98,2026-02-13 20:54:37.960000+00:00,124302.6610690721,426390.07733691495,7.979971610284548,0.0002234385465271771,-0.0005750936106778681,0.000920815153677701,0,0.0005066138320592302,-0.0003521361530472936,0.000920815153677701,10_P3_0
29730,94,2026-02-13 20:54:38.940000+00:00,124268.2259843149,426351.5544987042,10.217504544902912,0.0017618158017285168,-0.001474316290114075,0.0030106056119514335,0,0.0011281794068833824,-0.002001203305114272,0.0030106056119514335,07_P2_0
29731,105,2026-02-13 20:54:40.490000+00:00,124389.68794285573,426881.4722056299,7.062178742863216,-0.0007425816293107346,0.000252415775321424,-0.0001171538595743371,0,-9.109972195923171e-05,0.0007790006678301705,-0.0001171538595743371,34_P7_0
29732,165,2026-02-13 20:54:46.600000+00:00,124091.06087342648,427154.2062664523,9.856018338309747,-0.0229072006768547,0.010114658682141453,0.005282844583726742,0,0.022027262777159412,-0.011909905862427267,0.005282844583726742,907_GSL_1
29733,99,2026-02-13 20:54:53.030000+00:00,124302.5380112716,426390.1343359314,11.088708501971636,-6.901957385707647e-05,-0.000480360584333539,0.0009532992222691661,0,0.0004830275603917186,-4.6844086699348825e-05,0.0009532992222691661,09_P3_0
29734,95,2026-02-13 20:54:54.320000+00:00,124268.11119258218,426351.54786219104,7.196448938824037,0.0016446799418190494,-0.001328818965703249,0.0027780805789170415,0,0.0010043231141073337,-0.0018606630638308246,0.0027780805789170415,08_P2_0
29735,152,2026-02-13 20:55:02.980000+00:00,124370.27557589339,426819.4991567201,9.73284696251478,-0.0001957684726221487,-1.3317796401679516e-05,0.003926011286900177,0,3.210240446686867e-05,-0.00019357710143829289,0.003926011286900177,29_KW_1
29736,113,2026-02-13 20:55:08.220000+00:00,124414.07913462934,426875.9124534934,7.3435541395821655,0.001900015166029334,-0.002778644789941609,0.04020419445688894,0,0.0022494311490388343,-0.002504193284382209,0.04020419445688894,32_P7_0
29737,96,2026-02-13 20:55:09.690000+00:00,124258.0631380101,426307.35109541484,9.309458765353327,0.002159813666366972,-0.0013141621020622551,0.004913157177435679,0,0.0008656797118180184,-0.002375376968076625,0.004913157177435679,03_P1_0
29738,166,2026-02-13 20:55:10.480000+00:00,124091.05446785684,427154.2067659695,9.82521348934621,-0.01781297885463573,0.01773798995418474,-0.004640129716594998,0,0.022257070650009137,-0.011685944949851519,-0.004640129716594998,907_GSL_1
29739,117,2026-02-13 20:55:19.470000+00:00,124377.68039855188,426815.9059233115,7.621936217402926,0.00038140779361128807,0.00021727295825257897,0.004501177230466169,0,0.00020228169642732185,0.00038956585926611,0.004501177230466169,26_KW_0
29740,112,2026-02-13 20:55:23.610000+00:00,124413.95266890491,426875.8647483663,10.708784640830816,0.0019342800951562822,-0.0025176991475746036,0.039519033910151435,0,0.001981594644718088,-0.0024806311995619734,0.039519033910151435,31_P7_0
29741,97,2026-02-13 20:55:24.960000+00:00,124257.98906096388,426307.3905876598,6.842421476079129,0.0011907550069736317,-0.0012650448479689658,0.005359285483028664,0,0.0010065191049544162,-0.0014160350438344941,0.005359285483028664,04_P1_0
29742,125,2026-02-13 20:55:26.610000+00:00,124339.65680433091,426609.5907863851,6.673999077785991,-0.001061232716892846,-0.00044746132334694266,0.0004831396568771851,0,-0.0005967179959672087,-0.000985070631266635,0.0004831396568771851,17_P5_1
29743,116,2026-02-13 20:55:35.020000+00:00,124377.6877206529,426815.90030018886,10.00966161346743,0.000360761332558468,0.00023862527450546622,0.004601858190305563,0,0.000224499801489628,0.0003697169185110255,0.004601858190305563,25_KW_0
29744,161,2026-02-13 20:55:40.130000+00:00,124402.99133235226,426879.64279709937,6.5882590034161925,-7.139433000702411e-05,-0.004709787608589977,0.04663468259247061,0,0.00416529008841831,-0.002199444236098981,0.04663468259247061,34a_P7_0
29745,146,2026-02-13 20:55:42.380000+00:00,124350.92405185271,426607.5121475825,11.37790935384285,-0.002214722233475186,0.0002821856760419905,-0.0014121593812319588,0,-0.00019193811719401334,-0.0022243612760477127,-0.0014121593812319588,13_P5_1
29746,115,2026-02-13 20:55:51.800000+00:00,124396.28999003611,426811.63417008816,7.651484114994901,-0.00010072370059788227,0.00025575171457603574,0.005211822221854234,0,0.00016756985762236015,-0.00021788654430032116,0.005211822221854234,24_KW_0
29747,148,2026-02-13 20:55:57.410000+00:00,124351.03888317473,426607.39859388815,8.015197529195763,-0.0022352399391820654,0.0001379934255965054,-0.00025888601661883115,0,-0.00033897995770970987,-0.0022136920200185083,-0.00025888601661883115,14_P5_1
29748,114,2026-02-13 20:56:07.300000+00:00,124396.29909313843,426811.62980665214,9.995141077920296,7.24934070603922e-05,0.0002678963355720043,0.004457000270113198,0,0.0002670245351794581,-7.564151170042838e-05,0.004457000270113198,23_KW_0
29749,168,2026-02-13 20:56:14.480000+00:00,124669.37079809353,426931.31301179726,13.790428409586152,-0.0059338778228266165,0.005271224887110293,-0.010911610349076284,0,0.0007967736776387042,-0.007896953180394739,-0.010911610349076284,908_GSL_1
29750,153,2026-02-13 20:56:19.240000+00:00,124370.27580669874,426819.4968905559,9.728745712915627,0.0019678938697325066,-0.0022325413301587105,0.0026652358026382217,0,0.0016367004243997558,-0.002485570114514427,0.0026652358026382217,29_KW_1
29751,150,2026-02-13 20:56:22.910000+00:00,124401.10286184665,426812.3218536525,9.185932372403359,-0.00031878327718004584,0.0004220634582452476,0.0039183491595498054,0,0.0001469530474862264,-0.00050809953988377,0.0039183491595498054,27_KW_1
29752,119,2026-02-13 20:56:38.500000+00:00,124400.81416242363,426811.34337401297,3.988214676186597,1.1036550858989358e-05,0.0002451316686347127,0.004680547100414323,0,0.00020151272498999015,-0.00014001414960499616,0.004680547100414323,28_KW_1
29753,169,2026-02-13 20:56:54.600000+00:00,124669.3761569827,426931.3090848576,13.811736880211933,-0.0029204656166257337,0.006925304653123021,-1.8332660959075042e-05,0,0.0005539479660783062,-0.007495472340509182,-1.8332660959075042e-05,908_GSL_1
29754,72,2026-02-13 20:57:37.100000+00:00,124390.52401082213,426780.88754888845,10.991345150385841,5.111927748657763e-05,0.00061795674264431,0.004259828819083822,0,-4.746565821206227e-05,-0.0006182481116839835,0.004259828819083822,18_P6_1
29755,138,2026-02-13 21:00:20.670000+00:00,123928.08407112156,426940.43019880325,7.113464232185236,-0.002547757118009031,-0.001522348786238581,-0.004471831412691252,0,0.00035590764695517593,-0.002946513517051397,-0.004471831412691252,905_GSL_1
29756,134,2026-02-13 21:00:21.290000+00:00,123855.61511744578,426533.0721125031,6.051593672662409,0.0006553043640451506,-0.0021855588420294225,0.0057507537646284135,0,-0.001077956913488155,-0.002010994817042724,0.0057507537646284135,904_GSL_1
29757,130,2026-02-13 21:00:21.840000+00:00,124898.93929525946,426720.76678365585,4.129761647196869,0.0009222622029483318,-0.0028930429252795875,0.03969891472667442,0,0.0019670952572538526,0.0023131798865169964,0.03969891472667442,901_GSL_1
29758,133,2026-02-13 21:00:22.550000+00:00,124806.21995665328,426258.50743123895,4.586963958923182,-0.0019394402479520068,-0.004052574397064745,-0.001193145261384032,0,0.002447329166260187,0.0037676740399207897,-0.001193145261384032,903_GSL_1
29759,139,2026-02-13 21:00:23.810000+00:00,123928.08759656303,426940.4341914932,7.134474223562752,0.0007266393367899582,0.003087480610702187,-0.00212760717650351,0,0.00033336065310882813,0.0031542688411407413,-0.00212760717650351,905_GSL_1
29760,125,2026-02-13 21:00:37.670000+00:00,124339.65751325684,426609.5906145826,6.675568311444999,-0.00035230678622610867,-0.0006192638538777828,0.0020523733158848145,0,-0.0006638318109684343,-0.00025871822333747965,0.0020523733158848145,17_P5_1
29761,137,2026-02-13 21:00:37.680000+00:00,123928.0853454201,426940.4290561731,7.132286866476707,-0.004053841781569645,-0.004772397980559617,0.009423175511177107,0,-0.001494032611817703,-0.006080894854351162,0.009423175511177107,905_GSL_1
29762,153,2026-02-13 21:00:39.230000+00:00,124370.27535348509,426819.49718295527,9.728461395743906,0.0015146802179515362,-0.0019401419558562338,0.0023809186309176056,0,0.0014737258073930207,-0.0019714307535775013,0.0023809186309176056,29_KW_1
29763,132,2026-02-13 21:00:39.720000+00:00,124806.2206875365,426258.50396016374,4.627509921154945,0.006553248720592819,-0.0011815867037512362,0.044877746944623986,0,0.004300935236346854,-0.005083618005435024,0.044877746944623986,903_GSL_1
29764,143,2026-02-13 21:00:40.270000+00:00,124266.91948089353,427056.31512838433,7.108532652415935,-8.65345646161586e-05,0.0009015083196572959,0.0029909141931572236,0,0.0008670429831595659,0.00026161411781169266,0.0029909141931572236,906_GSL_1
29765,146,2026-02-13 21:00:53.070000+00:00,124350.9248037499,426607.51189545786,11.378581830393744,-0.0014628250355599448,3.0061055440455675e-05,-0.0007396828303392056,0,-0.0002795715961717346,-0.0014361756418798978,-0.0007396828303392056,13_P5_1
29766,141,2026-02-13 21:00:53.990000+00:00,124266.91962897145,427056.31451329566,7.092710447261258,0.001000219999696128,-5.007372237741947e-06,0.008575746998159772,0,-3.56926420192462e-05,0.0009995954966257779,0.008575746998159772,906_GSL_1
29767,136,2026-02-13 21:00:55.240000+00:00,123855.61333083543,426533.0762859825,6.022044647746691,-0.0024392763589276,0.0021774563938379288,-0.00024789469004726783,0,0.0007044159537578826,0.0031929897692257233,-0.00024789469004726783,904_GSL_1
29768,152,2026-02-13 21:00:55.900000+00:00,124370.27573022776,426819.4991219744,9.73277849234675,-4.143410478718579e-05,-4.8063520807772875e-05,0.0038575411188706,0,-3.7235459627691706e-05,-5.138489679146246e-05,0.0038575411188706,29_KW_1
29769,135,2026-02-13 21:00:57.540000+00:00,123855.61615617207,426533.0678339594,6.061530450403671,0.002505893833586015,-0.00880096189212054,0.04033200328531361,0,0.002867715742279863,-0.008689800950150851,0.04033200328531361,904_GSL_1
29770,5,2026-02-13 21:00:57.740000+00:00,124424.61776056491,426919.14486567164,8.781997250606379,0.0005577873962465674,-0.0014820974320173264,0.014171428600064928,11,-0.0015260498058463701,0.00042297939368264115,0.014171428600064928,TS4
29771,148,2026-02-13 21:01:08.370000+00:00,124351.03916229923,426607.3983557582,8.015744327705491,-0.0019561154331313446,-0.00010013650171458721,0.0002879124931087773,0,-0.0005125276995100475,-0.0018904312375606796,0.0002879124931087773,14_P5_1
29772,122,2026-02-13 21:01:10.210000+00:00,124329.15110843525,426611.3909050755,8.089312915929465,0.0015575322031509131,-0.0011338333715684712,0.005649077487067444,0,-0.0007016969243056195,0.0017941867530317176,0.005649077487067444,16_P5_1
29773,140,2026-02-13 21:01:12.250000+00:00,123928.08778538907,426940.4316873534,7.13722655472607,0.00026165660528931767,-0.0027513235108926892,0.001652848523725936,0,-0.0003512065356742468,-0.0027413316490315608,0.001652848523725936,905_GSL_1
29774,150,2026-02-13 21:01:12.400000+00:00,124401.10286392386,426812.3218218704,9.185981083921712,-0.0003167060640407726,0.00039028137689456344,0.003967060677902978,0,0.00012275038110647955,-0.00048739576125478187,0.003967060677902978,27_KW_1
29775,120,2026-02-13 21:01:25.490000+00:00,124329.26219541093,426611.3297040976,11.361624105473629,0.0019435757712926716,-0.0014709925162605941,0.0035929388267561535,0,-0.0009283021199897907,0.002253788130165087,0.0035929388267561535,15_P5_1
29776,128,2026-02-13 21:01:27.590000+00:00,124898.93752655375,426720.7750190728,4.078143929645641,-0.0027748457505367696,0.005755038000643253,-0.003248001358038266,0,-1.443046312708953e-05,-0.006389054944970641,-0.003248001358038266,901_GSL_1
29777,145,2026-02-13 21:01:28.350000+00:00,124266.91953707127,427056.31389271235,7.111000468279685,0.0012133184354752302,-0.0008538952679373324,0.0030335319880387956,0,-0.001462581818831435,0.00024926527574766584,0.0030335319880387956,906_GSL_1
29778,6,2026-02-13 21:01:28.550000+00:00,124399.03934339716,426925.07507896284,8.55576724168699,0.0001726527843857184,-0.0003702520625665784,0.008460545865432323,11,-0.00035273773628068274,0.00020608654297291307,0.008460545865432323,TS5
29779,129,2026-02-13 21:01:29.020000+00:00,124898.93988130408,426720.77222643245,4.088550705663151,0.00020960529218427837,-0.00027623766800388694,-0.003134039582462833,0,0.00024082256391430113,0.00024949172420267717,-0.003134039582462833,901_GSL_1
29780,124,2026-02-13 21:01:40.850000+00:00,124339.6588644034,426609.5894887877,6.678274542744352,0.0010986801789840683,-0.0007531163282692432,0.003844346911158425,0,-0.0003718458612815047,0.0012790672363273273,0.003844346911158425,17_P5_1
29781,154,2026-02-13 21:01:41.050000+00:00,124285.66533958058,426445.56200672133,7.895580598319742,0.000714580572093837,-0.001818278688006103,-0.006019401680257275,11,-0.001896529041836315,-0.00046897801093716523,-0.006019401680257275,TS1-1
29782,131,2026-02-13 21:01:43.870000+00:00,124806.21837510297,426258.5062977887,4.609932523385788,-0.0001693931844783947,1.3724202290177345e-05,-0.0015719493867747403,0,-0.0001635886444963447,4.605605354436827e-05,-0.0015719493867747403,903_GSL_1
29783,3,2026-02-13 21:01:44.070000+00:00,124314.9028150366,426440.7933989723,7.056565003241204,-0.004424315324285999,-0.0026783112552948296,-0.021864092249880507,11,-0.0051335001657284605,0.0006285644894652907,-0.021864092249880507,TS2
29784,149,2026-02-13 21:01:46.110000+00:00,124351.04055228167,426607.3971364105,8.015950147914955,-0.0007594103954033926,0.0004039450432173908,0.0037243039471572814,0,-0.0002794633178727363,0.000813496158903162,0.0037243039471572814,14_P5_1
29785,147,2026-02-13 21:02:01.170000+00:00,124350.92683539714,426607.5104560919,11.375510379659286,0.0003280515520600602,0.0004633517819456756,0.0012907379868423163,0,-0.000509370731147567,-0.000250707305221528,0.0012907379868423163,13_P5_1
29786,126,2026-02-13 21:02:16.700000+00:00,124339.65720303319,426609.58896522346,6.671467847742942,0.00038242904702201486,0.0004750624066218734,0.0008106586074845268,0,-0.000547945173378523,-0.0002677542775806075,0.0008106586074845268,17_P5_1
29787,121,2026-02-13 21:02:32.210000+00:00,124329.26054514815,426611.327623175,11.355796941336177,0.001002378441626206,-9.331759065389633e-05,0.0014974192620549331,0,-0.00018956566010426153,-0.0009887039867784823,0.0014974192620549331,15_P5_1
29788,123,2026-02-13 21:02:47.180000+00:00,124329.15103556057,426611.3904906069,8.07980182482095,0.0012789484462700784,0.00021258724154904485,0.0016861797668852319,0,-0.0005612026071250366,-0.0011687403891549831,0.0016861797668852319,16_P5_1
29789,4,2026-02-13 21:02:47.380000+00:00,124378.97061582493,426782.7419423642,7.7613898599488635,-0.001202148268930614,0.0007594567723572254,0.006314154976597486,11,-0.0013277959151165024,-0.0005088153470288178,0.006314154976597486,TS3
29790,67,2026-02-13 21:06:20.990000+00:00,123855.61511449261,426533.0744809794,6.054013643723732,-0.002879981533624232,-0.01662172528449446,0.009605495386156626,0,-0.0004929908170454357,-0.016862176761068777,0.009605495386156626,904_GSL_1
29791,68,2026-02-13 21:06:21.140000+00:00,123928.08414045093,426940.4303153055,7.11636788196884,-0.024809910930343904,-0.017419699754100293,-0.0024453990713864115,0,0.0014124388842241796,-0.030281721158034118,-0.0024453990713864115,905_GSL_1
29792,68,2026-02-13 21:06:22.890000+00:00,123928.08726434241,426940.4331015088,7.1373559232559325,-0.021686019448679872,-0.014633496408350766,0.01854264221570645,0,0.015638295228435732,-0.02097299165617582,0.01854264221570645,905_GSL_1
29793,71,2026-02-13 21:06:23.240000+00:00,124806.2221420953,426258.5095125826,4.595262729369869,-0.005619840187137015,-0.005593549460172653,0.0037590662206019587,0,0.001843704024771492,0.007711754324497078,0.0037590662206019587,903_GSL_1
29794,66,2026-02-13 21:06:23.700000+00:00,124898.94123378873,426720.77446343406,4.13064395473052,0.0036281250504544005,0.00025827926583588123,0.04835742432675527,0,0.0032475343968174962,-0.0016381452629064025,0.04835742432675527,901_GSL_1
29795,68,2026-02-13 21:06:37.370000+00:00,123928.08721230131,426940.4307363307,7.1313605771639095,-0.02173806054634042,-0.01699867454590276,0.012547296123683438,0,-0.0010479567937097334,-0.027575351297715177,0.012547296123683438,905_GSL_1
29796,67,2026-02-13 21:06:39.710000+00:00,123855.61552323085,426533.0745948602,6.0337883961976875,-0.00247124329325743,-0.01650784449884668,-0.010619752139888305,0,0.011661537928145617,-0.011942550253735324,-0.010619752139888305,904_GSL_1
29797,69,2026-02-13 21:06:40.720000+00:00,124266.9194562573,427056.3151226382,7.110364259907423,-0.02314093936001882,0.0002842541434802115,0.019862888979990778,0,0.009032433639864584,-0.02130725269535227,0.019862888979990778,906_GSL_1
29798,71,2026-02-13 21:06:41.130000+00:00,124806.22564342606,426258.5101825304,4.626027775983358,-0.002118509422871284,-0.004923601693008095,0.03452411283409074,0,0.0032037571908385605,0.004297193929570414,0.03452411283409074,903_GSL_1
29799,69,2026-02-13 21:06:53.600000+00:00,124266.92082995293,427056.3146637528,7.094065580122152,-0.021767243728390895,-0.00017463124822825193,0.0035642091947192256,0,0.0004924163654948626,-0.021762373991065943,0.0035642091947192256,906_GSL_1
29800,68,2026-02-13 21:06:56.640000+00:00,123928.08786020131,426940.4316796946,7.144934783293292,-0.02109016054600943,-0.016055310610681772,0.026121502253065643,0,0.020555115875251124,-0.016734846339806136,0.026121502253065643,905_GSL_1
29801,67,2026-02-13 21:06:58.030000+00:00,123855.61322144719,426533.0755931288,6.064461526650023,-0.004773026957991533,-0.01550957589643076,0.020053378312447023,0,0.012657562695135733,-0.010154547623974603,0.020053378312447023,904_GSL_1
29802,66,2026-02-13 21:06:59.800000+00:00,124898.94000492936,426720.7738347234,4.0860448803371705,0.0023992656788323075,-0.0003704314003698528,0.00375834993340618,0,0.0024262430387639216,8.390433154633256e-05,0.00375834993340618,901_GSL_1
29803,66,2026-02-13 21:07:00.100000+00:00,124898.938389831,426720.7728677799,4.077812861244346,0.0007841673213988543,-0.0013373749097809196,-0.004473669159418492,0,0.00012898812633144692,0.0015449440444646786,-0.004473669159418492,901_GSL_1
29804,66,2026-02-13 21:07:11.110000+00:00,124898.94273639865,426720.76562308497,4.081637732624269,0.005130734964041039,-0.008582069829571992,-0.0006487977794948918,0,0.0011672928959580264,0.009930447680035828,-0.0006487977794948918,901_GSL_1
29805,69,2026-02-13 21:07:12.750000+00:00,124266.91972278112,427056.31516620534,7.119403909022292,-0.022874415531987324,0.00032782129710540175,0.028902538094859764,0,0.016458255317155994,-0.015889373324589146,0.028902538094859764,906_GSL_1
29806,71,2026-02-13 21:07:17.400000+00:00,124806.2178736509,426258.5053799413,4.60974685212114,-0.009888284592307173,-0.009726190764922649,0.018243188971872826,0,-0.005887800985490306,0.012558294411638287,0.018243188971872826,903_GSL_1
29807,149,2026-02-13 21:07:41.190000+00:00,124351.04046449231,426607.3972015794,8.016327812231452,-0.0008471997571177781,0.0004691139329224825,0.0041019682636544985,0,-0.00033001191831626543,0.0009104435426162569,0.0041019682636544985,14_P5_1
29808,164,2026-02-13 21:07:49.260000+00:00,124091.06087181141,427154.20690805407,9.839553345902015,-0.034456639958079904,0.0121771126287058,0.024919814272617913,0,0.020865673849714737,-0.03000276260563792,0.024919814272617913,907_GSL_1
29809,147,2026-02-13 21:07:56.410000+00:00,124350.92705203606,426607.5104468844,11.376743679531856,0.000544690468814224,0.0004541442613117397,0.0025240378594126867,0,-0.000534513753179783,-0.00046607913980471907,0.0025240378594126867,13_P5_1
29810,110,2026-02-13 21:07:59.410000+00:00,124434.14080869456,426963.93332986016,8.790630716238628,0.0007228520844364539,0.0012432867079041898,0.03957035598083891,0,0.0013664313361683013,0.00044848899380327663,0.03957035598083891,35_P9_0
29811,122,2026-02-13 21:08:05.230000+00:00,124329.1505155871,426611.3909175656,8.088423387053421,0.0009646840480854735,-0.0011213432298973203,0.004759548611023234,0,-0.0008399836227498742,0.0012175604565602186,0.004759548611023234,16_P5_1
29812,107,2026-02-13 21:08:11.610000+00:00,124409.9224423032,426969.52503011504,6.296893902206575,0.0016247958992607892,0.000619061931502074,0.007813578776541874,0,0.0009876575116037306,0.001430989877344519,0.007813578776541874,38_P9_0
29813,126,2026-02-13 21:08:12.230000+00:00,124339.6575148607,426609.5888383481,6.672233508180375,0.000694256552378647,0.00034818705171346664,0.0015763190449176179,0,-0.0004932602612931557,-0.000599933911469096,0.0015763190449176179,17_P5_1
29814,111,2026-02-13 21:08:14.370000+00:00,124434.26232175571,426963.9778424653,6.468208260063411,0.0006309963937383145,-0.00022131408331915736,0.00691575044864301,0,-8.366306168862788e-05,0.0006634281155445869,0.00691575044864301,36_P9_0
29815,120,2026-02-13 21:08:20.470000+00:00,124329.26113002714,426611.3297255921,11.361975178033601,0.0008781919750617817,-0.0014494979986920953,0.003944011386728619,0,-0.0011784748607912318,0.001217974792743425,0.003944011386728619,15_P5_1
29816,106,2026-02-13 21:08:26.210000+00:00,124410.03377902287,426969.4502532694,8.931825632783678,0.0015752046456327662,0.0006919284933246672,0.00793840844514726,0,0.0010504012980569674,0.001362604795433302,0.00793840844514726,37_P9_0
29817,121,2026-02-13 21:08:28.170000+00:00,124329.26034654446,426611.32773727237,11.35600812529523,0.0008037747466005385,2.0779785700142384e-05,0.001708603221107552,0,-0.00024383128978464188,-0.0007661800995121589,0.001708603221107552,15_P5_1
29818,124,2026-02-13 21:08:35.880000+00:00,124339.65853140861,426609.58952712856,6.678388890854664,0.0007656853849766776,-0.0007147754658944905,0.003958695021470504,0,-0.00043953858499197896,0.0009507806832886424,0.003958695021470504,17_P5_1
29819,102,2026-02-13 21:08:39.120000+00:00,124282.39358845942,426301.7930812872,6.903905882844857,0.000299513601930812,-0.0004765774356201291,0.000607899078120866,0,0.00039584651899319254,-0.0004001749408506225,0.000607899078120866,02_P1_0
29820,160,2026-02-13 21:08:41.610000+00:00,124421.81275659177,426965.6177867093,5.603615129641485,0.0015504311304539442,-0.0008513293578289449,0.011433899754146104,0,1.6994983849665332e-05,0.0017687027834845765,0.011433899754146104,38a_P9_0
29821,123,2026-02-13 21:08:43.570000+00:00,124329.15100707857,426611.3903970977,8.081052153739984,0.0012504664482548833,0.00011907803127542138,0.0029365086859183265,0,-0.00046345982031290896,-0.0011674977133592766,0.0029365086859183265,16_P5_1
29822,170,2026-02-13 21:08:51.920000+00:00,124669.37410663435,426931.31027710816,13.798847143547327,-0.013940182121586986,0.011780136439483613,0.012657012875939344,0,0.0006023699113580626,-0.018241092143996027,0.012657012875939344,908_GSL_1
29823,103,2026-02-13 21:08:54.720000+00:00,124282.31187572613,426301.79698737565,9.299145214050409,0.00015731896564830095,-0.00045677757589146495,0.0011937282592953125,0,0.00040880424559962145,-0.00025743756441059395,0.0011937282592953125,01_P1_0
29824,118,2026-02-13 21:08:59.930000+00:00,124372.26102884748,426775.1126710202,6.170162105248707,0.0010014854924520478,6.521411705762148e-06,0.004630036258345349,0,-0.0006663298963377424,-0.0007476765274161615,0.004630036258345349,22_P6_1
29825,162,2026-02-13 21:09:03.760000+00:00,124402.99661489262,426879.64692045364,6.555712665389023,0.0011867643042933196,-0.0008131342474371195,0.01103962209845566,0,0.0009130291237384731,-0.0011117439622077077,0.01103962209845566,34a_P7_0
29826,92,2026-02-13 21:09:09.260000+00:00,124278.31564419414,426395.63687627605,11.104232699404553,0.0016683915600879118,-0.0014143491280265152,0.0024437161773338545,0,0.0011562073676903704,-0.0018566363070403543,0.0024437161773338545,11_P3_0
29827,100,2026-02-13 21:09:09.890000+00:00,124292.48445328214,426345.92940668465,7.587667574938356,0.0007300088327610865,-0.0008282950730063021,-0.0008319940307419671,0,0.0006381985999928736,-0.0009009373845294996,-0.0008319940307419671,06_P2_0
29828,74,2026-02-13 21:09:16.800000+00:00,124369.34636424748,426785.7256717164,7.234209792659715,5.103817966300994e-05,-0.0007945803226903081,0.004155957902642449,0,-0.0002841331116265389,-0.0007437951061060892,0.004155957902642449,21_P6_1
29829,104,2026-02-13 21:09:19.360000+00:00,124389.81702377777,426881.44543730887,10.733715477192156,-7.243250729516149e-05,0.0010977407218888402,0.0078036091319493295,0,-0.0010590317108094248,0.0002978808421267786,0.0078036091319493295,33_P7_0
29830,93,2026-02-13 21:09:23.970000+00:00,124278.26997591906,426395.78997863864,7.951526919704617,0.001852339381002821,-0.0013714638771489263,0.0028013994250990493,0,0.0010842480496362319,-0.002033833944941992,0.0028013994250990493,12_P3_0
29831,101,2026-02-13 21:09:25.470000+00:00,124292.40580619972,426345.88243855676,10.216461214698633,0.0004873288853559643,-0.0009549691458232701,0.000842717098349155,0,0.0008168239763479075,-0.0006944451768425681,0.000842717098349155,05_P2_0
29832,105,2026-02-13 21:09:34.060000+00:00,124389.68818511836,426881.4733613224,7.070308010479797,-0.0005003190017305315,0.001408108277246356,0.008012113757007278,0,-0.001271897648186023,0.0007844516533739985,0.008012113757007278,34_P7_0
29833,73,2026-02-13 21:09:34.110000+00:00,124369.48958932981,426785.6947754085,11.410608493452365,0.00024976537679322064,-0.0016912457067519426,0.0045538773892896955,0,-0.0007416959304659474,-0.001540318775702546,0.0045538773892896955,20_P6_1
29834,94,2026-02-13 21:09:39.310000+00:00,124268.22544534192,426351.55450279877,10.216909692102766,0.0012228428240632638,-0.001470221730414778,0.00241575281180495,0,0.001222483193103403,-0.0014705207756188113,0.00241575281180495,07_P2_0
29835,98,2026-02-13 21:09:40.540000+00:00,124302.66085198484,426390.07743099506,7.98017501678221,6.351285264827311e-06,-0.0004810134996660054,0.0011242216513398517,0,0.000466095513212486,-0.00011903486148453602,0.0011242216513398517,10_P3_0
29836,95,2026-02-13 21:09:54.470000+00:00,124268.11077091485,426351.54775559215,7.195910800061463,0.0012230126158101484,-0.001435417856555432,0.002239941816342572,0,0.0011865241046428647,-0.0014657233130609684,0.002239941816342572,08_P2_0
29837,99,2026-02-13 21:09:56.240000+00:00,124302.5377916558,426390.13437263673,11.088665570053216,-0.00028863536135759205,-0.00044365524081513286,0.000910367303848858,0,0.0004994407246498867,0.00017521217734494743,0.000910367303848858,09_P3_0
29838,113,2026-02-13 21:10:08.220000+00:00,124414.0786366276,426875.91708050756,7.303800251830567,0.001402013425831683,0.0018483693711459637,0.00045030670529033756,0,-0.0021278693616401663,-0.0009242742873172922,0.00045030670529033756,32_P7_0
29839,96,2026-02-13 21:10:10.090000+00:00,124258.06242185851,426307.35117571655,9.309054927305139,0.0014436620840569958,-0.0012338603846728802,0.004509319129248013,0,0.0009272073370939429,-0.0016573648408989663,0.004509319129248013,03_P1_0
29840,152,2026-02-13 21:10:14+00:00,124370.27575612889,426819.4991878276,9.73262439441152,-1.5532976249232888e-05,1.7789658159017563e-05,0.0037034431836406867,0,2.0887386452395436e-05,-1.102099704029634e-05,0.0037034431836406867,29_KW_1
29841,166,2026-02-13 21:10:14.200000+00:00,124091.05447924563,427154.2060631888,9.82092770451511,-0.017801590060116723,0.017035209224559367,-0.008925914547694092,0,0.021583110737946005,-0.011885465614207927,-0.008925914547694092,907_GSL_1
29842,112,2026-02-13 21:10:22.540000+00:00,124413.95240892384,426875.8692762479,10.669395989380739,0.0016742990264901891,0.0020101824775338173,0.00013038246007468501,0,-0.002352447035548465,-0.0011445976446023424,0.00013038246007468501,31_P7_0
29843,97,2026-02-13 21:10:25.680000+00:00,124257.98880047003,426307.3905832031,6.841702369423488,0.0009302611579187214,-0.0012695015175268054,0.004640178827387764,0,0.0010620583934160491,-0.001161486932302582,0.004640178827387764,04_P1_0
29844,125,2026-02-13 21:10:30.120000+00:00,124339.65702816591,426609.5907323134,6.67377055123842,-0.0008373977179871872,-0.0005015330389142036,0.0002546131093055237,0,-0.0006177373147498778,-0.0007557585177675971,0.0002546131093055237,17_P5_1
29845,117,2026-02-13 21:10:30.890000+00:00,124377.6804240574,426815.9059532808,7.621690824989919,0.0004069133137818426,0.000247242278419435,0.004255784817459585,0,0.00023123684928148496,0.00041621714129204905,0.004255784817459585,26_KW_0
29846,161,2026-02-13 21:10:38.230000+00:00,124402.99136127127,426879.6471576139,6.548764078123376,-4.247532342560589e-05,-0.0003492730902507901,0.00713975729965366,0,0.0003267575412648756,-0.00013048123964761957,0.00713975729965366,34a_P7_0
29847,146,2026-02-13 21:10:46.620000+00:00,124350.92420938947,426607.51197885943,11.37834523603645,-0.002057185469311662,0.00011346262181177735,-0.0009762771876324905,0,-0.00032358271793134425,-0.002034743238433687,-0.0009762771876324905,13_P5_1
29848,116,2026-02-13 21:10:47.210000+00:00,124377.6877416819,426815.9002729879,10.009777608472062,0.0003817903343588114,0.00021142431069165468,0.004717853194938115,0,0.0001965061886378529,0.0003896786065314324,0.004717853194938115,25_KW_0
29849,148,2026-02-13 21:11:01.830000+00:00,124351.03915498093,426607.39851108,8.015702304427007,-0.0019634337368188426,5.5185286328196526e-05,0.0002458892146250946,0,-0.0003622872902218018,-0.0019305090971164245,0.0002458892146250946,14_P5_1
29850,115,2026-02-13 21:11:03.480000+00:00,124396.28988817702,426811.63414968486,7.651630578542802,-0.0002025827852776274,0.00023534841602668166,0.005358285769755611,0,9.769861091395153e-05,-0.0002947603149044892,0.005358285769755611,24_KW_0
29851,153,2026-02-13 21:11:14.990000+00:00,124370.27629843641,426819.4980217012,9.736902954320492,0.002459631534293294,-0.0011013960465788841,0.010822477207502956,0,0.0004160710692732481,-0.002662657582420878,0.010822477207502956,29_KW_1
29852,168,2026-02-13 21:11:17.830000+00:00,124669.36973896643,426931.3134563534,13.787151047348093,-0.006993004921241663,0.0057157810078933835,-0.01418897258713514,0,0.0005367356359516098,-0.009015774243835326,-0.01418897258713514,908_GSL_1
29853,114,2026-02-13 21:11:19.100000+00:00,124396.29914533067,426811.6297576759,9.995061653605239,0.00012468565546441823,0.00021892011864110827,0.004377575955055946,0,0.00025187327947062807,-5.690528370846843e-06,0.004377575955055946,23_KW_0
29854,150,2026-02-13 21:11:34.400000+00:00,124401.10278528728,426812.3218186973,9.185971089420006,-0.00039534264942631125,0.0003871083026751876,0.003957066176196733,0,7.309869820598605e-05,-0.0005484571348574745,0.003957066176196733,27_KW_1
29855,119,2026-02-13 21:11:48.520000+00:00,124400.81405933338,426811.3434866957,3.988201863883377,-9.205369860865176e-05,0.0003578144242055714,0.0046677347971941785,0,0.00022849360015523185,-0.00029033725266523785,0.0046677347971941785,28_KW_1
29856,169,2026-02-13 21:12:04.590000+00:00,124669.37590278761,426931.30970061227,13.811679313450064,-0.003174660712829791,0.007541059341747314,-7.589942282848483e-05,0,0.0006080752657444294,-0.008159429582301035,-7.589942282848483e-05,908_GSL_1
29857,72,2026-02-13 21:12:46.990000+00:00,124390.52387553189,426780.88760863437,10.991272182579355,-8.417096978519112e-05,0.0006777026574127376,0.004186861012597021,0,-0.0001905149759767648,-0.0006557969868392495,0.004186861012597021,18_P6_1
29858,165,2026-02-13 21:13:27.300000+00:00,124091.06152357248,427154.2064270318,9.853253372524582,-0.0222570546757197,0.010275238135363907,0.0025178787985620232,0,0.021755916807229922,-0.011297658405762828,0.0025178787985620232,907_GSL_1
29859,138,2026-02-13 21:15:20.530000+00:00,123928.08588863554,426940.43166858284,7.1174810920617695,-0.0007302431331481785,-5.2569201216101646e-05,-0.00045497153615770003,0,0.0004054667941090908,-0.0006096025207473009,-0.00045497153615770003,905_GSL_1
29860,130,2026-02-13 21:15:21.430000+00:00,124898.93924923116,426720.77072414465,4.088180276210381,0.0008762338984524831,0.0010474458686076105,-0.0018824562598132033,0,0.0004042287042463918,-0.0013044262520831415,-0.0018824562598132033,901_GSL_1
29861,133,2026-02-13 21:15:22.470000+00:00,124806.2194231792,426258.5079088879,4.595498001159405,-0.0024729143333388492,-0.0035749254166148603,0.007340896974839417,0,0.0017616204353791414,0.003973926329972193,0.007340896974839417,903_GSL_1
29862,139,2026-02-13 21:15:23.980000+00:00,123928.08730559301,426940.43335695664,7.1338228123489875,0.00043566932436078787,0.0022529440466314554,-0.002779018390268284,0,0.00033251444443066486,0.0022704622396521085,-0.002779018390268284,905_GSL_1
29863,134,2026-02-13 21:15:24.300000+00:00,123855.61454097375,426533.0721143932,6.051654395756556,7.883233774919063e-05,-0.0021836687810719013,0.005811476858775144,0,-0.0005126860589889659,-0.002124094368859681,0.005811476858775144,904_GSL_1
29864,125,2026-02-13 21:15:37.230000+00:00,124339.65754703767,426609.59055804525,6.675089781019815,-0.00031852595566306263,-0.0006758011877536774,0.0015738428907008384,0,-0.0007148689033481208,-0.0002170909505857016,0.0015738428907008384,17_P5_1
29865,132,2026-02-13 21:15:38.230000+00:00,124806.21834855793,426258.5069988145,4.589032658730933,0.0042142701568081975,0.001857064082287252,0.00640048452061226,0,0.0004997819010524775,-0.00457809764112409,0.00640048452061226,903_GSL_1
29866,153,2026-02-13 21:15:39.070000+00:00,124370.27604372555,426819.4980389383,9.73687340239293,0.0022049206745577976,-0.0010841588955372572,0.010792925279941912,0,0.0004663985018025474,-0.0024123739613462333,0.010792925279941912,29_KW_1
29867,143,2026-02-13 21:15:40.360000+00:00,124266.91961692375,427056.31534567656,7.108315072599629,4.949566209688783e-05,0.0011188005446456373,0.002773334376851011,0,0.0010165639223771814,0.0004698534569276934,0.002773334376851011,906_GSL_1
29868,137,2026-02-13 21:15:40.610000+00:00,123928.08465860957,426940.42901795136,7.133618852721016,-0.0047406523081008345,-0.00481061969185248,0.010755161755485965,0,-0.0011227721510400175,-0.006659972133784765,0.010755161755485965,905_GSL_1
29869,146,2026-02-13 21:15:52.550000+00:00,124350.92463331345,426607.5119382456,11.378352462695172,-0.0016332614904968068,7.28488084860146e-05,-0.0009690505289103868,0,-0.0002737459144902874,-0.0016118043366170594,-0.0009690505289103868,13_P5_1
29870,135,2026-02-13 21:15:54.620000+00:00,123855.61398112564,426533.0751244674,6.025371539054833,0.0003308474115328863,-0.001510453934315592,0.004173091936475082,0,0.0005742837956723327,-0.0014356633377765277,0.004173091936475082,904_GSL_1
29871,5,2026-02-13 21:15:54.820000+00:00,124424.6176961908,426919.1438501708,8.77898488849814,0.0004934132884955034,-0.002497598296031356,0.011159066491826408,11,-0.0021445371088486464,-0.001372011118895823,0.011159066491826408,TS4
29872,136,2026-02-13 21:15:56.020000+00:00,123855.61438967157,426533.07592479873,6.031473683891519,-0.0013804402260575444,0.0018162726191803813,0.009181141454780217,0,5.698505487277606e-05,0.0022806170543130016,0.009181141454780217,904_GSL_1
29873,152,2026-02-13 21:15:56.590000+00:00,124370.27555249515,426819.4990793053,9.7327901939274,-0.00021916671539656818,-9.073264664039016e-05,0.003869242699520825,0,-3.784777324569107e-05,-0.0002341666252146812,0.003869242699520825,29_KW_1
29874,141,2026-02-13 21:15:56.620000+00:00,124266.91864034775,427056.31464446656,7.0924633059728155,1.1596304830163717e-05,0.00012616353342309594,0.008328605709717607,0,0.00012574836834456938,1.546154294348493e-05,0.008328605709717607,906_GSL_1
29875,148,2026-02-13 21:16:08.430000+00:00,124351.03982119667,426607.3983134244,8.016043297607716,-0.001297217997489497,-0.00014247035142034292,0.0005868823953338875,0,-0.0004142230936559524,-0.001237534469308467,0.0005868823953338875,14_P5_1
29876,122,2026-02-13 21:16:12.490000+00:00,124329.15036007935,426611.3910101805,8.088297791339592,0.0008091763011179864,-0.0010287283221259713,0.004633952897194149,0,-0.0007898414359121574,0.0010436468527003394,0.004633952897194149,16_P5_1
29877,140,2026-02-13 21:16:12.920000+00:00,123928.08785049692,426940.4327557681,7.143189126846254,0.0003267644497100264,-0.0016829087981022894,0.007615420643910298,0,-0.00038144709105735207,-0.0016713632594526759,0.007615420643910298,905_GSL_1
29878,150,2026-02-13 21:16:12.980000+00:00,124401.10278993171,426812.32187583623,9.186010019701245,-0.00039069821650628,0.0004442472127266228,0.0039959964574354245,0,0.00012163087663558351,-0.000578970303422741,0.0039959964574354245,27_KW_1
29879,128,2026-02-13 21:16:25.330000+00:00,124898.93839455518,426720.77354127157,4.076808265149815,-0.0019068443216383457,0.004277236759662628,-0.004583665853864716,0,0.00012946487356616985,-0.004681244323007095,-0.004583665853864716,901_GSL_1
29880,120,2026-02-13 21:16:27.500000+00:00,124329.26164198393,426611.32954434515,11.36173100937851,0.001390148769132793,-0.0016307449550367892,0.0036998427316365934,0,-0.0012235517930898774,0.0017591940536296454,0.0036998427316365934,15_P5_1
29881,145,2026-02-13 21:16:29.130000+00:00,124266.91954790153,427056.31498512777,7.1189447804933055,0.0012241486983839422,0.0002385201514698565,0.01097784420165926,0,-0.00070040192925544,0.0010319249177665791,0.01097784420165926,906_GSL_1
29882,129,2026-02-13 21:16:29.320000+00:00,124898.94015718094,426720.7738530701,4.085903406879449,0.0004854821600019932,0.0013503999798558652,-0.005781338366164235,0,0.0003222634304471683,-0.0013983630839919027,-0.005781338366164235,901_GSL_1
29883,6,2026-02-13 21:16:29.330000+00:00,124399.03940995729,426925.0750326776,8.555753283926455,0.00023921290994621813,-0.0004165372811257839,0.008446588104897401,11,-0.00047860685336833386,4.0762761945922914e-05,0.008446588104897401,TS5
29884,131,2026-02-13 21:16:42.730000+00:00,124806.218081192,426258.50535471033,4.61046902716981,-0.00046330415352713317,-0.0009293541661463678,-0.0010354456027528158,0,-0.00011109655137858008,0.0010324763731344609,-0.0010354456027528158,903_GSL_1
29885,124,2026-02-13 21:16:42.910000+00:00,124339.65843427983,426609.5895051998,6.678219026874743,0.0006685566040687263,-0.0007367042126134038,0.0037888310415494786,0,-0.0004907364453956141,0.0008653778197335081,0.0037888310415494786,17_P5_1
29886,3,2026-02-13 21:16:42.930000+00:00,124314.90282280275,426440.7934641186,7.056156905489696,-0.004416549185407348,-0.0026131649501621723,-0.022272190001388026,11,-0.0050997033455558215,0.0005723316793653321,-0.022272190001388026,TS2
29887,154,2026-02-13 21:16:43.110000+00:00,124285.66515730818,426445.56209263316,7.896419379034704,0.0005323081713868305,-0.0017323668580502272,-0.005180620965295368,11,-0.0018070258893029471,-0.00013821850666571346,-0.005180620965295368,TS1-1
29888,149,2026-02-13 21:16:46.460000+00:00,124351.04073971655,426607.3970561252,8.016086375555865,-0.000571975513594225,0.0003236597403883934,0.0038605315880673174,0,-0.00022966044639075955,0.0006157659417857217,0.0038605315880673174,14_P5_1
29889,147,2026-02-13 21:17:02.570000+00:00,124350.92669775672,426607.5104394821,11.376092105672363,0.00019041112682316452,0.00044674199307337403,0.0018724639999199155,0,-0.000471218713221714,-0.00011742116462933709,0.0018724639999199155,13_P5_1
29890,126,2026-02-13 21:17:18.060000+00:00,124339.65725754041,426609.58869400335,6.671862816782232,0.0004369362723082304,0.00020384229719638824,0.0012056276467742322,0,-0.00029552489423324016,-0.0003809593483212414,0.0012056276467742322,17_P5_1
29891,121,2026-02-13 21:17:34.790000+00:00,124329.26043068602,426611.32759355,11.355284755594397,0.0008879163069650531,-0.0001229425542987883,0.0009852335202751306,0,-0.00012923209927244748,-0.0008870227191845794,0.0009852335202751306,15_P5_1
29892,123,2026-02-13 21:17:50.380000+00:00,124329.15110631328,426611.39041829115,8.079975185856503,0.0013497011532308534,0.00014027149882167578,0.0018595408024371096,0,-0.0005115158162284091,-0.0012568694706144147,0.0018595408024371096,16_P5_1
29893,4,2026-02-13 21:17:50.580000+00:00,124378.97062685406,426782.7419591648,7.7613495840540025,-0.001191119139548391,0.0007762573659420013,0.006273879081736489,11,-0.001320277692960558,-0.0005274534256675754,0.006273879081736489,TS3
29894,67,2026-02-13 21:21:21.410000+00:00,123855.6149865287,426533.07555757527,6.0535021597248155,-0.0030079454445512965,-0.015545129426755011,0.009094011387239753,0,-0.00015287500708824272,-0.01583273235812976,0.009094011387239753,904_GSL_1
29895,68,2026-02-13 21:21:22.070000+00:00,123928.08319486488,426940.42964612483,7.118719666912271,-0.025755496972124092,-0.018088880402501673,-9.361412795527713e-05,0,0.0014621125605866958,-0.03143907513520837,-9.361412795527713e-05,905_GSL_1
29896,66,2026-02-13 21:21:22.230000+00:00,124898.93784143499,426720.7647227156,4.1272197036250144,0.00023577130923513323,-0.009482439199928194,0.04493317322125012,0,0.003876175744607591,0.008657222585073638,0.04493317322125012,901_GSL_1
29897,71,2026-02-13 21:21:22.570000+00:00,124806.21938930948,426258.5076292339,4.594852340599134,-0.008372626005439088,-0.007476898201275617,0.003348677449866777,0,0.0020158511653553678,0.01104269971602637,0.003348677449866777,903_GSL_1
29898,68,2026-02-13 21:21:22.990000+00:00,123928.08697952554,426940.43287889916,7.133796405236123,-0.021970836314721964,-0.014856106077786535,0.01498312419589709,0,0.01583364004014668,-0.021277156277139463,0.01498312419589709,905_GSL_1
29899,68,2026-02-13 21:21:37.810000+00:00,123928.08783526589,426940.4316541496,7.134352528913501,-0.02111509596579708,-0.016080855624750257,0.015539247873275208,0,-0.0006688364550776,-0.026532882486930087,0.015539247873275208,905_GSL_1
29900,71,2026-02-13 21:21:38.850000+00:00,124806.21787439179,426258.5045392791,4.623663486573139,-0.009887543696095236,-0.010566852986812592,0.03215982342387136,0,0.004204312402936986,0.013847225700681455,0.03215982342387136,903_GSL_1
29901,67,2026-02-13 21:21:39.920000+00:00,123855.61420588307,426533.0762850778,6.0354940829735755,-0.003788591071497649,-0.014817626914009452,-0.008914065364000301,0,0.011741138659891352,-0.009801079156858886,-0.008914065364000301,904_GSL_1
29902,69,2026-02-13 21:21:41.200000+00:00,124266.91968367039,427056.3152099447,7.107904264352571,-0.022913526263437234,0.00037156062899157405,0.0174028934251389,0,0.009027048982603012,-0.021063715954026972,0.0174028934251389,906_GSL_1
29903,69,2026-02-13 21:21:53.980000+00:00,124266.9220004123,427056.3146357864,7.090858262007704,-0.020596784350345843,-0.00020259764278307557,0.00035689108027181504,0,0.00042859324694177433,-0.020593321228208637,0.00035689108027181504,906_GSL_1
29904,68,2026-02-13 21:21:55.920000+00:00,123928.08789606122,426940.43377898843,7.145125890946769,-0.02105430063966196,-0.013956016802694649,0.02631260990654294,0,0.02058776479149344,-0.014635502086109262,0.02631260990654294,905_GSL_1
29905,67,2026-02-13 21:21:57.240000+00:00,123855.61108120985,426533.077294162,6.059568571026151,-0.006913264296599664,-0.01380854268791154,0.015160422688575537,0,0.013473582978288538,-0.007545305568741951,0.015160422688575537,904_GSL_1
29906,66,2026-02-13 21:21:59.500000+00:00,124898.94005272917,426720.77314190665,4.0902465784659725,0.002447065489832312,-0.0010632481426000595,0.00796004806220818,0,0.002555693493109613,0.0007661963805369439,0.00796004806220818,901_GSL_1
29907,69,2026-02-13 21:22:11.930000+00:00,124266.91983070332,427056.31516215135,7.119444041380575,-0.02276649333362002,0.0003237673081457615,0.028942670453142583,0,0.016378838793915735,-0.015816184234590518,0.028942670453142583,906_GSL_1
29908,66,2026-02-13 21:22:14.470000+00:00,124898.94348442472,426720.76506192755,4.088444690623657,0.0058787610323634,-0.009143227245658636,0.006158160219892572,0,0.0016200014444338732,0.010748675781761257,0.006158160219892572,901_GSL_1
29909,66,2026-02-13 21:22:21.780000+00:00,124898.93869788585,426720.7730125297,4.075708594599293,0.0010922221699729562,-0.0011926250881515443,-0.006577935804471302,0,0.0004693457728016407,0.0015475847036663755,-0.006577935804471302,901_GSL_1
29910,71,2026-02-13 21:22:38.480000+00:00,124806.21730107052,426258.50284700206,4.608513344669815,-0.01046086497080978,-0.012259130016900599,0.01700968152054738,0,-0.005543601018104016,0.015132232236549387,0.01700968152054738,903_GSL_1
29911,164,2026-02-13 21:22:52.270000+00:00,124091.0603755618,427154.20716083323,9.84263804518217,-0.03495288956037257,0.012429891794454306,0.02800451355277289,0,0.02124081820499042,-0.030414377202632178,0.02800451355277289,907_GSL_1
29912,110,2026-02-13 21:23:02.030000+00:00,124434.14031921932,426963.93245586584,8.787591537108439,0.00023337684979196638,0.00036929239286109805,0.03653117685064977,0,0.0004097518679819555,0.00015147617677112058,0.03653117685064977,35_P9_0
29913,122,2026-02-13 21:23:08.490000+00:00,124329.15019506999,426611.3911431124,8.089259901404098,0.0006441669393097982,-0.0008957964600995183,0.005596062961700454,0,-0.0007031098427428578,0.0008503169365975812,0.005596062961700454,16_P5_1
29914,107,2026-02-13 21:23:11.520000+00:00,124409.92236172456,426969.52498102887,6.297130126282756,0.0015442172589246184,0.0005699757602997124,0.00804980285272272,0,0.0009208166129670231,0.0013643958646132861,0.00804980285272272,38_P9_0
29915,111,2026-02-13 21:23:17.320000+00:00,124434.26145676505,426963.97602020536,6.504617519857566,-0.00023399427300319076,-0.002043574000708759,0.043325010242798,0,-0.002047083707800325,0.00020098833157565848,0.043325010242798,36_P9_0
29916,120,2026-02-13 21:23:23.590000+00:00,124329.26069816088,426611.33001759485,11.363515994260721,0.00044632572098635137,-0.001157495251391083,0.0054848276138486085,0,-0.001005913416615645,0.0007260441477482843,0.0054848276138486085,15_P5_1
29917,106,2026-02-13 21:23:26.200000+00:00,124410.03387799903,426969.450198331,8.93188503701967,0.0016741808067308739,0.0006369900656864047,0.007997812681139749,0,0.001020872260467639,0.001471889107649385,0.007997812681139749,37_P9_0
29918,124,2026-02-13 21:23:39.030000+00:00,124339.65862350633,426609.58946261805,6.678221839008655,0.0008577831031288952,-0.00077928596874699,0.0037916431754618785,0,-0.0004720180795758567,0.001058431578163129,0.0037916431754618785,17_P5_1
29919,160,2026-02-13 21:23:41.480000+00:00,124421.81275394026,426965.6176984001,5.60327931140335,0.0015477796259801835,-0.0009396385285072029,0.011098081516011327,0,-6.130221602027161e-05,0.0018096365306783408,0.011098081516011327,38a_P9_0
29920,170,2026-02-13 21:23:55.380000+00:00,124669.37557731004,426931.30936025694,13.800972991675419,-0.012469506429624744,0.010863285220693797,0.014782861004031034,0,0.0007945781481164729,-0.016518722769970226,0.014782861004031034,908_GSL_1
29921,162,2026-02-13 21:23:59.730000+00:00,124402.99683140671,426879.6468325967,6.555798587728486,0.0014032783947186545,-0.0009009912027977407,0.011125544437918578,0,0.0010193372529803866,-0.0013198208080226204,0.011125544437918578,34a_P7_0
29922,102,2026-02-13 21:24:03.050000+00:00,124282.39375499844,426301.7930941086,6.903491798094333,0.0004660526174120605,-0.00046375603415071964,0.0001938143275967974,0,0.0003454359644616373,-0.0005594181762012157,0.0001938143275967974,02_P1_0
29923,92,2026-02-13 21:24:12.870000+00:00,124278.3157818093,426395.6368711631,11.105175834356123,0.001806006723199971,-0.0014194620889611542,0.0033868511289032455,0,0.001141225486134439,-0.0019935238388438387,0.0033868511289032455,11_P3_0
29924,104,2026-02-13 21:24:15.370000+00:00,124389.81714776802,426881.44527277147,10.73362575553687,5.155774124432355e-05,0.0009332033223472536,0.007713887476663572,0,-0.0009236922138749522,0.00014254590681236042,0.007713887476663572,33_P7_0
29925,103,2026-02-13 21:24:18.560000+00:00,124282.3115614337,426301.79699757654,9.298397155671942,-0.00015697345952503383,-0.0004465766833163798,0.00044566988082905823,0,0.00047061887840958564,5.0884893255457146e-05,0.00044566988082905823,01_P1_0
29926,93,2026-02-13 21:24:27.570000+00:00,124278.2699845878,426395.7898846331,7.952453817480521,0.0018610081169754267,-0.0014654694241471589,0.0037282972010030946,0,0.0011759656926435284,-0.002056223853155112,0.0037282972010030946,12_P3_0
29927,105,2026-02-13 21:24:30.280000+00:00,124389.68813816263,426881.47323816986,7.070261260790405,-0.0005472747288877144,0.001284955709706992,0.007965364067614722,0,-0.0011416356877157333,0.0008045425789363448,0.007965364067614722,34_P7_0
29928,100,2026-02-13 21:24:33.890000+00:00,124292.4843202811,426345.9294915892,7.588034107466829,0.0005970077909296378,-0.0007433905266225338,-0.0004654615022694486,0,0.0005861586080409192,-0.0007519746430048998,-0.0004654615022694486,06_P2_0
29929,94,2026-02-13 21:24:43.190000+00:00,124268.22562191139,426351.5546816574,10.218028435955578,0.0013994123000884429,-0.0012913630926050246,0.003534496664617137,0,0.0010144193262273697,-0.001611498325521205,0.003534496664617137,07_P2_0
29930,101,2026-02-13 21:24:48.990000+00:00,124292.4050259708,426345.8827302884,10.216580038770068,-0.0002929000329459086,-0.0006632375298067927,0.000961541169784752,0,0.0007129107097856233,0.00013203321596056582,0.000961541169784752,05_P2_0
29931,95,2026-02-13 21:24:58.480000+00:00,124268.111119909,426351.5477901573,7.197154697289726,0.001572006760397926,-0.0014008526923134923,0.0034838390446054746,0,0.001088486802141242,-0.0018024400133882612,0.0034838390446054746,08_P2_0
29932,98,2026-02-13 21:25:04.270000+00:00,124302.66075267352,426390.07750928536,7.980330988131998,-9.296003554482013e-05,-0.0004027232062071562,0.001280193001127472,0,0.0004132922947732605,-4.126512730893086e-06,0.001280193001127472,10_P3_0
29933,113,2026-02-13 21:25:10.920000+00:00,124414.07929757514,426875.9148061338,7.340213087783426,0.0020629609643947333,-0.0004260044079273939,0.036863142658149606,0,-7.481673839752796e-05,-0.002105157987383743,0.036863142658149606,32_P7_0
29934,96,2026-02-13 21:25:13.610000+00:00,124258.0629873129,426307.35111341183,9.310002665145278,0.002009116462431848,-0.0012961651082150638,0.005457056969387253,0,0.0008775585873506131,-0.0022240692150056903,0.005457056969387253,03_P1_0
29935,99,2026-02-13 21:25:19.320000+00:00,124302.53786350387,426390.1344396716,11.089078346464897,-0.00021678730263374746,-0.0003766203881241381,0.00132314371552944,0,0.00041728194608439104,0.00012130716716672526,0.00132314371552944,09_P3_0
29936,112,2026-02-13 21:25:25.240000+00:00,124413.95287413635,426875.8670435837,10.705589926002558,0.0021395115327322856,-0.00022248172899708152,0.03632431908189382,0,-0.00029601302241295265,-0.002130583020910927,0.03632431908189382,31_P7_0
29937,97,2026-02-13 21:25:28.990000+00:00,124257.98884086023,426307.3904681214,6.842988335407321,0.0009706513519631699,-0.0013845832436345518,0.005926144811220446,0,0.0011669670411626005,-0.0012236922531673193,0.005926144811220446,04_P1_0
29938,166,2026-02-13 21:25:36.670000+00:00,124091.05730433522,427154.20724527247,9.825745247532526,-0.014976500475313514,0.018217292905319482,-0.004108371530278987,0,0.02186525316000673,-0.008836064255882544,-0.004108371530278987,907_GSL_1
29939,161,2026-02-13 21:25:42.110000+00:00,124402.9921336123,426879.6447082904,6.585042985416679,0.0007298657001229003,-0.002798596571665257,0.04341866459295751,0,0.0021041761527304304,-0.0019842604237934563,0.04341866459295751,34a_P7_0
29940,125,2026-02-13 21:25:53.070000+00:00,124339.657274105,426609.59059597924,6.674135980145264,-0.0005914586217841133,-0.0006378671969287097,0.0006200420161501796,0,-0.0007169409374085797,-0.000492639375677746,0.0006200420161501796,17_P5_1
29941,146,2026-02-13 21:26:08.650000+00:00,124350.92445826612,426607.5119109578,11.378888757595755,-0.0018083088216371834,4.556099884212017e-05,-0.0004327556283278966,0,-0.0003373888664491686,-0.001777139654563618,-0.0004327556283278966,13_P5_1
29942,153,2026-02-13 21:26:13.800000+00:00,124370.27638138844,426819.49792245566,9.737186661878697,0.002542583562899381,-0.0012006415636278689,0.011106184765708349,0,0.0004900176409204209,-0.002768782051773608,0.011106184765708349,29_KW_1
29943,148,2026-02-13 21:26:23.750000+00:00,124351.03962801384,426607.3984078842,8.015804078525383,-0.0014904008276062086,-4.801055183634162e-05,0.0003476633130006235,0,-0.00036286193827989456,-0.0014463508750523365,0.0003476633130006235,14_P5_1
29944,168,2026-02-13 21:26:41.600000+00:00,124669.37234013561,426931.3117238607,13.794390062365078,-0.004391835740534589,0.003983288304880261,-0.006949957570149934,0,0.0006560972919122276,-0.005892736481056853,-0.006949957570149934,908_GSL_1
29945,134,2026-02-13 21:30:22.290000+00:00,123855.6143872058,426533.0726361303,6.054629838625088,-7.493561133742332e-05,-0.0016619316302239895,0.008786919727307385,0,-0.00025796848219808996,-0.0016434975970709218,0.008786919727307385,904_GSL_1
29946,133,2026-02-13 21:30:22.480000+00:00,124806.2204508676,426258.50827849837,4.594717884366778,-0.0014452259347308427,-0.003205314977094531,0.006560780182212511,0,0.001981937664048912,0.0029042460640637,0.006560780182212511,903_GSL_1
29947,130,2026-02-13 21:30:23.800000+00:00,124898.94076456151,426720.77147091326,4.126447597349284,0.002391564252320677,0.0017942144768312573,0.03638486487908921,0,0.0015140888423658934,-0.0025780457985210676,0.03638486487908921,901_GSL_1
29948,138,2026-02-13 21:30:35.220000+00:00,123928.08576678154,426940.43176503695,7.109483159186273,-0.0008520971314283088,4.3884909246116877e-05,-0.008452904411654139,0,0.0005563310504800552,-0.0006469089340236775,-0.008452904411654139,905_GSL_1
29949,137,2026-02-13 21:30:38.450000+00:00,123928.0845530671,426940.4293456594,7.1352973384788685,-0.004846194773563184,-0.004482911666855216,0.012433647513338641,0,-0.0007953367865702495,-0.006553589870602664,0.012433647513338641,905_GSL_1
29950,153,2026-02-13 21:30:39.710000+00:00,124370.27627692789,426819.4979439502,9.736564135077272,0.0024381230177823454,-0.00117914704605937,0.010483657964282855,0,0.0004967397525684902,-0.0026623450610859635,0.010483657964282855,29_KW_1
29951,132,2026-02-13 21:30:41.730000+00:00,124806.23318557891,426258.5132707643,4.623242590226712,0.019051291135838255,0.008129013876896352,0.04061041601639115,0,0.0024898329399215815,-0.020562910603426847,0.04061041601639115,903_GSL_1
29952,125,2026-02-13 21:30:52.620000+00:00,124339.65751652046,426609.59071330784,6.674717233654551,-0.0003490431699901819,-0.0005205385969020426,0.0012012955254370183,0,-0.0005656778952920088,-0.0002698149072226096,0.0012012955254370183,17_P5_1
29953,141,2026-02-13 21:30:54.100000+00:00,124266.91702135149,427056.31473812566,7.094691218135752,-0.0016073999577201903,0.0002198226284235716,0.010556517872654325,0,0.00026903370640634104,-0.0015998992083450707,0.010556517872654325,906_GSL_1
29954,136,2026-02-13 21:30:57.270000+00:00,123855.61459075798,426533.07593117066,6.03413988993756,-0.00117935381422285,0.0018226445536129177,0.011847347500821392,0,-0.00010982618528654596,0.00216814362922806,0.011847347500821392,904_GSL_1
29955,135,2026-02-13 21:30:59.640000+00:00,123855.61940778063,426533.0650358798,6.057638234778302,0.005757502396591008,-0.011599041521549225,0.03643978765994493,0,0.0017480256133273558,-0.012830861409918107,0.03643978765994493,904_GSL_1
29956,5,2026-02-13 21:30:59.840000+00:00,124424.61762007386,426919.14426396636,8.782869096842145,0.000417296338127926,-0.002083802712149918,0.0150432748358309,11,-0.002125168102877911,5.5237205424740915e-06,0.0150432748358309,TS4
29957,146,2026-02-13 21:31:08.020000+00:00,124350.92493657231,426607.5117654054,11.378543870861625,-0.0013300026330398396,-9.999139001592994e-05,-0.0007776423624576978,0,-0.00037863769242735864,-0.0012788818474915927,-0.0007776423624576978,13_P5_1
29958,122,2026-02-13 21:31:10.170000+00:00,124329.14993159087,426611.3910572494,8.089159836965603,0.0003806878230534494,-0.0009816594538278878,0.005495998523205259,0,-0.0008529955997908347,0.0006172333502398551,0.005495998523205259,16_P5_1
29959,140,2026-02-13 21:31:12.860000+00:00,123928.0878833976,426940.43171921716,7.143631340296315,0.0003596651367843151,-0.0027194597641937435,0.008057634093971089,0,-0.00044811807857181746,-0.0027062909317632266,0.008057634093971089,905_GSL_1
29960,148,2026-02-13 21:31:24.060000+00:00,124351.03934084713,426607.3984212818,8.015413879292272,-0.0017775675369193777,-3.461295273154974e-05,-4.253592011060903e-05,0,-0.00041064384406490996,-0.001729831216661907,-4.253592011060903e-05,14_P5_1
29961,120,2026-02-13 21:31:25.100000+00:00,124329.26096804829,426611.32985672343,11.362869141503035,0.000716213122359477,-0.0013183666742406785,0.004837974856162219,0,-0.0010928518300782567,0.0010279721795277068,0.004837974856162219,15_P5_1
29962,145,2026-02-13 21:31:28.650000+00:00,124266.91957715452,427056.31461984693,7.1191465039912565,0.0012534016859717667,-0.0001267606858164072,0.01117956769961026,0,-0.0009785828067547942,0.0007933849936754681,0.01117956769961026,906_GSL_1
29963,6,2026-02-13 21:31:28.850000+00:00,124399.03929612937,426925.07509487076,8.556337160384242,0.0001253849914064631,-0.0003543441416695714,0.009030464562684415,11,-0.0003697202089389662,-6.773576535089324e-05,0.009030464562684415,TS5
29964,128,2026-02-13 21:31:40.320000+00:00,124898.93818024664,426720.77388084464,4.077581114829749,-0.0021211528655840084,0.0046168098342604935,-0.0038108161739307533,0,8.300315614088808e-05,-0.00508009182997417,-0.0038108161739307533,901_GSL_1
29965,124,2026-02-13 21:31:40.400000+00:00,124339.65805524123,426609.5898161276,6.679371232731178,0.00028951800777576864,-0.00042577640851959586,0.004941036897984752,0,-0.0003139079092160007,0.0004081274940627437,0.004941036897984752,17_P5_1
29966,154,2026-02-13 21:31:40.600000+00:00,124285.66532763613,426445.56194052985,7.895739029166899,0.0007026361272437498,-0.0018844701698981225,-0.005860970833100332,11,-0.0020077271762621524,0.00011813946945182113,-0.005860970833100332,TS1-1
29967,131,2026-02-13 21:31:57.400000+00:00,124806.21780467842,426258.50445924123,4.6109522181347256,-0.0007398177258437499,-0.0018248232663609087,-0.0005522546378369242,0,-5.885433596902587e-05,0.001968208928966221,-0.0005522546378369242,903_GSL_1
29968,3,2026-02-13 21:31:57.600000+00:00,124314.90292807267,426440.7934753283,7.049134446525533,-0.004311279262765311,-0.002601955260615796,-0.029294648965551673,11,-0.0049990942226470205,0.0006052743286259546,-0.029294648965551673,TS2
29969,68,2026-02-13 21:36:20.790000+00:00,123928.08390415744,426940.4303222785,7.1148639460400736,-0.02504620442050509,-0.017412726709153503,-0.003949335000152487,0,0.0015625970132608533,-0.03046430202541238,-0.003949335000152487,905_GSL_1
29970,67,2026-02-13 21:36:21.720000+00:00,123855.6150252589,426533.07498805976,6.05180265234616,-0.002969215245684609,-0.01611464493907988,0.00739450400858388,0,-0.00030441803231938305,-0.01638308122269488,0.00739450400858388,904_GSL_1
29971,71,2026-02-13 21:36:23.100000+00:00,124806.22037330082,426258.508240786,4.596121984072035,-0.007388634665403515,-0.006865346105769277,0.004618320922767261,0,0.0020069316671626853,0.009884185583756686,0.004618320922767261,903_GSL_1
29972,66,2026-02-13 21:36:23.860000+00:00,124898.93784848589,426720.76555729215,4.132692680183506,0.00024282220692839473,-0.008647862647194415,0.050406149779742115,0,0.0035606768967821785,0.00788454634241182,0.050406149779742115,901_GSL_1
29973,68,2026-02-13 21:36:38.210000+00:00,123928.08801980276,426940.431511408,7.1330845913553755,-0.020930559097905643,-0.016223597223870456,0.014271310315149499,0,-0.0008926087387086648,-0.026466897450832406,0.014271310315149499,905_GSL_1
29974,67,2026-02-13 21:36:39.650000+00:00,123855.61424671364,426533.0759956446,6.030840368624013,-0.0037477605073945597,-0.015107060084119439,-0.013567779713563155,0,0.011877347923178027,-0.010059700766810105,-0.013567779713563155,904_GSL_1
29975,71,2026-02-13 21:36:40.510000+00:00,124806.21619234998,426258.503727832,4.628965378164371,-0.011569585505640134,-0.011378300085198134,0.037461715015103536,0,0.004065614093175581,0.015709608640781293,0.037461715015103536,903_GSL_1
29976,69,2026-02-13 21:36:54.300000+00:00,124266.92154746411,427056.314717397,7.092246703355483,-0.021049732546089217,-0.00012098706793040037,0.0017453324280500837,0,0.000524049764848139,-0.021043556020227585,0.0017453324280500837,906_GSL_1
29977,68,2026-02-13 21:36:56.260000+00:00,123928.08775001738,426940.4328161372,7.145305228121976,-0.021200344475801103,-0.014918868022505194,0.026491947081749956,0,0.020702318950511445,-0.015602602957098316,0.026491947081749956,905_GSL_1
29978,67,2026-02-13 21:36:58.020000+00:00,123855.61160890131,426533.076630553,6.064783502655688,-0.0063855728367343545,-0.014472151699010283,0.020375354318112215,0,0.013409498044247382,-0.008390713763067568,0.020375354318112215,904_GSL_1
29979,66,2026-02-13 21:37:00+00:00,124898.93826476697,426720.7737159229,4.078655643287213,0.000659103287034668,-0.0004892318975180387,-0.003630887116551129,0,0.00038285141888906197,0.0007260783591208574,-0.003630887116551129,901_GSL_1
29980,66,2026-02-13 21:37:11.100000+00:00,124898.94318103394,426720.76504675206,4.083153805178356,0.0055753702617948875,-0.009158402739558369,0.0008672747745919196,0,0.0013369880696749866,0.01063830612445439,0.0008672747745919196,901_GSL_1
29981,69,2026-02-13 21:37:12.920000+00:00,124266.91998822767,427056.31528863014,7.12039019296766,-0.022608968982240185,0.00045024609426036477,0.02988882204022758,0,0.016356229802335632,-0.015615439367449227,0.02988882204022758,906_GSL_1
29982,71,2026-02-13 21:37:18.200000+00:00,124806.21654956051,426258.5008111102,4.609292695304195,-0.011212374971364625,-0.01429502188693732,0.01778903215492722,0,-0.005540045057167068,0.017302395903777593,0.01778903215492722,903_GSL_1
29983,164,2026-02-13 21:37:49.310000+00:00,124091.06184988396,427154.207214331,9.840843747334866,-0.03347856740583666,0.01248338958248496,0.026210215705468443,0,0.020902052857375824,-0.02897850371159128,0.026210215705468443,907_GSL_1
29984,110,2026-02-13 21:38:00.330000+00:00,124434.1404739973,426963.9327183272,8.791515432755194,0.0003881548182107508,0.0006317537627182901,0.0404550724974051,0,0.0006986637196910163,0.000248286097871894,0.0404550724974051,35_P9_0
29985,122,2026-02-13 21:38:05.420000+00:00,124329.15045233617,426611.3909174214,8.087803843113678,0.0009014331153593957,-0.0011214874684810638,0.00414000467127984,0,-0.0008561665356178953,0.0011564145738940954,0.00414000467127984,16_P5_1
29986,107,2026-02-13 21:38:12.610000+00:00,124409.92218391401,426969.524940566,6.297414040442578,0.0013664067082572728,0.0005295128794386983,0.008333717012544817,0,0.0008392372272307585,0.001201304315438834,0.008333717012544817,38_P9_0
29987,111,2026-02-13 21:38:16.120000+00:00,124434.26204949513,426963.97623309825,6.508387074948191,0.0003587358078220859,-0.0018306811107322574,0.04709456533342227,0,-0.0017143016531608148,0.0007357000414406357,0.04709456533342227,36_P9_0
29988,120,2026-02-13 21:38:21.110000+00:00,124329.26112972945,426611.32968666987,11.36315579360869,0.000877894286531955,-0.0014884202391840518,0.005124626961817924,0,-0.0012161929149513838,0.0012275862415163411,0.005124626961817924,15_P5_1
29989,106,2026-02-13 21:38:27.270000+00:00,124410.0337067296,426969.4502751706,8.932419979537757,0.001502911385614425,0.0007138297078199685,0.008532755199226472,0,0.001054277620470144,0.0012871651734535172,0.008532755199226472,37_P9_0
29990,124,2026-02-13 21:38:36.670000+00:00,124339.65890770715,426609.5893887585,6.678949001016372,0.00114198392839171,-0.000853145495057106,0.00451880518317882,0,-0.0004533169655850344,0.001351476325043829,0.00451880518317882,17_P5_1
29991,102,2026-02-13 21:38:38.900000+00:00,124282.39410989793,426301.7928560196,6.904517883420448,0.0008209521038224921,-0.0007018450414761901,0.0012198996537122753,0,0.0004964474741075266,-0.0009592125543734024,0.0012198996537122753,02_P1_0
29992,160,2026-02-13 21:38:42.840000+00:00,124421.81264117242,426965.6178245399,5.603960394733024,0.0014350117853609845,-0.0008134987438097596,0.011779164845685308,0,-6.540987582010421e-06,0.0016495442539642363,0.011779164845685308,38a_P9_0
29993,170,2026-02-13 21:38:52.810000+00:00,124669.3771141947,426931.308081157,13.798957886364853,-0.010932621764368378,0.00958418525988236,0.012767755693465332,0,0.0007435872421262846,-0.014519845169692219,0.012767755693465332,908_GSL_1
29994,103,2026-02-13 21:38:54.520000+00:00,124282.31211830632,426301.7968182693,9.298558984622959,0.0003998991596745327,-0.0006258839275687933,0.000607498831845632,0,0.0005180696701594976,-0.0005322159764213822,0.000607498831845632,01_P1_0
29995,162,2026-02-13 21:39:00.380000+00:00,124402.99674020824,426879.6468990986,6.556329370828124,0.001312079926719889,-0.0008344892994500697,0.011656327537556521,0,0.0009451769776206722,-0.0012347334149417795,0.011656327537556521,34a_P7_0
29996,100,2026-02-13 21:39:09.880000+00:00,124292.4841915563,426345.9295241275,7.588404204374228,0.0004682829894591123,-0.0007108522113412619,-9.536459486980675e-05,0,0.0005840976153478776,-0.0006192170865943929,-9.536459486980675e-05,06_P2_0
29997,92,2026-02-13 21:39:10.700000+00:00,124278.31618514286,426395.6367067122,11.104837019881845,0.0022093402803875506,-0.0015839129919186234,0.0030480366546257187,0,0.0012451564158445535,-0.0024165161577346613,0.0030480366546257187,11_P3_0
29998,104,2026-02-13 21:39:15.860000+00:00,124389.81701839108,426881.4452849864,10.734167572089031,-7.781918975524604e-05,0.0009454182581976056,0.008255704028824695,0,-0.0009088883338518672,0.00027164960116947374,0.008255704028824695,33_P7_0
29999,101,2026-02-13 21:39:25+00:00,124292.40502192719,426345.88258354296,10.216775545438447,-0.00029694364638999104,-0.0008099829428829253,0.001157047838162839,0,0.0008566323241112787,0.00010212227073649236,0.001157047838162839,05_P2_0
30000,93,2026-02-13 21:39:25.510000+00:00,124278.27008612214,426395.789843858,7.951781874210762,0.0019625424611149356,-0.0015062445309013128,0.00305635393124426,0,0.0012013632908044038,-0.002162653865521896,0.00305635393124426,12_P3_0
30001,105,2026-02-13 21:39:30.920000+00:00,124389.68816439391,426881.4732666577,7.070952776748956,-0.0005210434464970604,0.0013134435284882784,0.008656880026165936,0,-0.0011749926604698992,0.000784864589280942,0.008656880026165936,34_P7_0
30002,98,2026-02-13 21:39:40.180000+00:00,124302.66082520143,426390.0774395237,7.980286961078029,-2.043212589342147e-05,-0.0004724848549813032,0.001236165947158696,0,0.00046408918022131226,-9.099803710376453e-05,0.001236165947158696,10_P3_0
30003,94,2026-02-13 21:39:41.100000+00:00,124268.22579081192,426351.55448048864,10.217410345593317,0.0015683128294767812,-0.0014925318537279963,0.0029164063023561226,0,0.001181398730952969,-0.0018142639014203283,0.0029164063023561226,07_P2_0
30004,99,2026-02-13 21:39:55.280000+00:00,124302.53802828585,426390.13436633337,11.088663414034052,-5.200531450100243e-05,-0.00044995860662311316,0.0009082112846847679,0,0.000449458366265839,-5.6164734524473295e-05,0.0009082112846847679,09_P3_0
30005,95,2026-02-13 21:39:56.390000+00:00,124268.11104553958,426351.5475788857,7.1968949262375235,0.0014976373495301232,-0.001612124324310571,0.0032240679924031568,0,0.0013098163608021207,-0.0017681186523297908,0.0032240679924031568,08_P2_0
30006,113,2026-02-13 21:40:08.310000+00:00,124414.07886298839,426875.915304811,7.344172650328996,0.0016283742152154446,7.267278851941228e-05,0.04082270520371978,0,-0.00045634433313471493,-0.001564811096773516,0.04082270520371978,32_P7_0
30007,96,2026-02-13 21:40:12.100000+00:00,124258.06308641935,426307.3509616715,9.307966456124383,0.0021082229213789105,-0.0014479054370895028,0.0034208479484920673,0,0.0010069459051483673,-0.0023509772404440047,0.0034208479484920673,03_P1_0
30008,166,2026-02-13 21:40:13.400000+00:00,124091.05744817012,427154.207252003,9.82215006644898,-0.014832665576250292,0.018224023457150906,-0.007703552613824272,0,0.02182861607040546,-0.00869681088184073,-0.007703552613824272,907_GSL_1
30009,112,2026-02-13 21:40:23.890000+00:00,124413.95272185846,426875.8675250534,10.7094148728139,0.0019872336415573955,0.0002589879441075027,0.040149265893235864,0,-0.0007270409469215049,-0.0018675073662050116,0.040149265893235864,31_P7_0
30010,97,2026-02-13 21:40:27.510000+00:00,124257.98946758016,426307.390273474,6.842586360758144,0.0015973712870618328,-0.0015792306512594223,0.005524170162043873,0,0.00123472561579263,-0.0018764373510225022,0.005524170162043873,04_P1_0
30011,125,2026-02-13 21:40:29.600000+00:00,124339.65692040807,426609.5906976687,6.673810009764805,-0.0009451555524719879,-0.0005361777148209512,0.00029407163569139527,0,-0.0006676517595625093,-0.0008573486386484387,0.00029407163569139527,17_P5_1
30012,161,2026-02-13 21:40:39.500000+00:00,124402.99199968974,426879.6453230215,6.588961846373621,0.0005959431437077001,-0.002183865464758128,0.04733752554989934,0,0.001629310658081689,-0.0015715480833104864,0.04733752554989934,34a_P7_0
30013,146,2026-02-13 21:40:45.100000+00:00,124350.92472967041,426607.5118724277,11.378114995362726,-0.0015369045286206529,7.030903361737728e-06,-0.0012065178613571703,0,-0.00031772812109024236,-0.0015037199888161415,-0.0012065178613571703,13_P5_1
30014,148,2026-02-13 21:41:00.200000+00:00,124351.03905543227,426607.3984845112,8.015186849115162,-0.0020629823993658647,2.861645771190524e-05,-0.0002695660972200642,0,-0.0004093551042548194,-0.002022163119129078,-0.0002695660972200642,14_P5_1
30015,153,2026-02-13 21:41:10.250000+00:00,124370.27628270119,426819.49803183955,9.73772501248321,0.0024438963155262172,-0.00109125766903162,0.011644535370221476,0,0.0004104269464756727,-0.002644810432312607,0.011644535370221476,29_KW_1
30016,168,2026-02-13 21:41:17.690000+00:00,124669.3713884399,426931.31236956955,13.788474633796657,-0.005343531447579153,0.004628997179679573,-0.012865386138571466,0,0.0006220208479856116,-0.007042303123653515,-0.012865386138571466,908_GSL_1
30017,138,2026-02-13 21:45:19.790000+00:00,123928.0843638297,426940.43067840283,7.11307279749397,-0.0022550489811692387,-0.0010427492088638246,-0.004863266103956931,0,0.0005559509850965074,-0.0024214644994772845,-0.004863266103956931,905_GSL_1
30018,134,2026-02-13 21:45:21.700000+00:00,123855.6145596117,426533.0730037271,6.054329152423971,9.747028525453061e-05,-0.0012943348265253007,0.008486233526190823,0,-0.00035361125862989835,-0.0012489043908298421,0.008486233526190823,904_GSL_1
30019,130,2026-02-13 21:45:21.900000+00:00,124898.94332201112,426720.7783199956,4.129968578969253,0.00494901386264246,0.008643296838272363,0.039905846499058484,0,0.0012308286847225083,-0.009883540822801337,0.039905846499058484,901_GSL_1
30020,133,2026-02-13 21:45:22.440000+00:00,124806.22120823762,426258.5087002587,4.59477043770939,-0.0006878559070173651,-0.002783554664347321,0.006613333524824405,0,0.00201683449040607,0.002038063040373603,0.006613333524824405,903_GSL_1
30021,125,2026-02-13 21:45:36.570000+00:00,124339.6577970852,426609.59057167225,6.674982136256405,-6.847843178547919e-05,-0.0006621741922572255,0.0014661981272912072,0,-0.0006651024102430803,2.8332673720510782e-05,0.0014661981272912072,17_P5_1
30022,137,2026-02-13 21:45:38.130000+00:00,123928.08507988245,426940.4294507946,7.134388482043268,-0.004319379426306114,-0.004377776465844363,0.011524791077738072,0,-0.0010186600358119567,-0.006065005947625846,0.011524791077738072,905_GSL_1
30023,153,2026-02-13 21:45:39.060000+00:00,124370.27613067874,426819.498067748,9.73723266636415,0.002291873868671246,-0.0010553492465987802,0.01115218925116146,0,0.0004157450262631355,-0.002488695227490136,0.01115218925116146,29_KW_1
30024,132,2026-02-13 21:45:39.090000+00:00,124806.22684163431,426258.50977024296,4.627923419866922,0.012707346540992148,0.004628492519259453,0.04529124565660059,0,0.0023479471900061354,-0.013318661460771805,0.04529124565660059,903_GSL_1
30025,146,2026-02-13 21:45:51.880000+00:00,124350.9248127054,426607.51193205273,11.379068102640534,-0.001453869539545849,6.665592081844807e-05,-0.00025341058354833024,0,-0.00024191080102995593,-0.0014351511467941135,-0.00025341058354833024,13_P5_1
30026,141,2026-02-13 21:45:54.010000+00:00,124266.91779719079,427056.3146531663,7.092894569572398,-0.0008315606537507847,0.00013486325042322278,0.008759869309300505,0,0.0001603120251009001,-0.0008270316026544558,0.008759869309300505,906_GSL_1
30027,148,2026-02-13 21:46:07.070000+00:00,124351.03973855732,426607.39838205033,8.016122628437142,-0.0013798573490930721,-7.384439231827855e-05,0.0006662132247594599,0,-0.00036467509902948515,-0.0013328433404833635,0.0006662132247594599,14_P5_1
30028,122,2026-02-13 21:46:10.110000+00:00,124329.15018324813,426611.39098694717,8.088696769920077,0.0006323450797935948,-0.0010519616771489382,0.005032931477678915,0,-0.0008571675787188244,0.0008784915549522846,0.005032931477678915,16_P5_1
30029,136,2026-02-13 21:46:14.830000+00:00,123855.61450464293,426533.0755506738,6.031141403703646,-0.00126546886167489,0.0014421477098949254,0.008848861266907981,0,0.0001826151570237346,0.001909935381485226,0.008848861266907981,904_GSL_1
30030,135,2026-02-13 21:46:18.080000+00:00,123855.61732806927,426533.0684700875,6.064578563263609,0.0036777910427190363,-0.008164833823684603,0.04338011614525161,0,0.001540834722770938,-0.008821365352335879,0.04338011614525161,904_GSL_1
30031,5,2026-02-13 21:46:18.280000+00:00,124424.61755053194,426919.14320121374,8.780634216199195,0.0003477544232737273,-0.0031465553329326212,0.012808394192880712,11,-0.003153583256179021,-0.000276868648388517,0.012808394192880712,TS4
30032,128,2026-02-13 21:46:24.570000+00:00,124898.93769185717,426720.7751258387,4.077099026031055,-0.0026095423381775618,0.005861803889274597,-0.004292904972624356,0,0.0001807827819029355,-0.006413873528284093,-0.004292904972624356,901_GSL_1
30033,120,2026-02-13 21:46:25.410000+00:00,124329.26153413438,426611.32975511794,11.362215167502816,0.0012822992139263079,-0.001419972162693739,0.004184000855943282,0,-0.0010471403897470432,0.001601283616671816,0.004184000855943282,15_P5_1
30034,140,2026-02-13 21:46:31.550000+00:00,123928.08774975497,426940.4327697018,7.144887469855304,0.00022602250101044774,-0.0016689751064404845,0.009313763652960105,0,-0.00028030444129932585,-0.0016607207763705847,0.009313763652960105,905_GSL_1
30035,124,2026-02-13 21:46:40.510000+00:00,124339.65861788731,426609.58948362025,6.678876321955086,0.0008521640847902745,-0.0007582837715744972,0.004446126121893101,0,-0.0004538269813097202,0.0010465271026949075,0.004446126121893101,17_P5_1
30036,154,2026-02-13 21:46:40.710000+00:00,124285.6649633096,426445.5617302636,7.895467856765873,0.00033830959000624716,-0.002094736439175904,-0.00613214323412592,11,-0.0020809352231854544,-0.0004148285491713942,-0.00613214323412592,TS1-1
30037,131,2026-02-13 21:46:40.870000+00:00,124806.21839647413,426258.5057789103,4.610045907991246,-0.0001480220234952867,-0.0005051541957072914,-0.0014585647813163405,0,3.693904826917367e-05,0.0005250969316167133,-0.0014585647813163405,903_GSL_1
30038,3,2026-02-13 21:46:41.070000+00:00,124314.90268614053,426440.7930666536,7.056232911719159,-0.004553211401798762,-0.0030106299673207104,-0.022196183771924893,11,-0.005387330446723548,0.0008788046013791715,-0.022196183771924893,TS2
30039,145,2026-02-13 21:46:47.370000+00:00,124266.91951733484,427056.3148104708,7.1200145536503205,0.0011935820075450465,6.386317545548081e-05,0.012047617358674323,0,-0.0008018028383239167,0.0008864698090573824,0.012047617358674323,906_GSL_1
30040,6,2026-02-13 21:46:47.570000+00:00,124399.03924808285,426925.07500170596,8.556126311635389,7.733846723567694e-05,-0.0004475089372135699,0.00881961581383095,11,-0.0004476747822481679,-7.637261773330924e-05,0.00881961581383095,TS5
30041,68,2026-02-13 21:51:20.360000+00:00,123928.08233581106,426940.4289813319,7.116729880168833,-0.026614550792146474,-0.018753673357423395,-0.0020834008713928043,0,0.0014622861631430459,-0.032525317791556735,-0.0020834008713928043,905_GSL_1
30042,67,2026-02-13 21:51:21.010000+00:00,123855.6144832522,426533.07443343214,6.0528274217541265,-0.003511221948429011,-0.01666927256155759,0.008419273416550688,0,0.00011607096093520966,-0.01703466626719332,0.008419273416550688,904_GSL_1
30043,71,2026-02-13 21:51:22.320000+00:00,124806.22239783035,426258.5094788426,4.59480622451339,-0.005364105134503916,-0.005627289472613484,0.00330256136412288,0,0.0020058119340413965,0.007511107054745986,0.00330256136412288,903_GSL_1
30044,66,2026-02-13 21:51:22.550000+00:00,124898.93766813865,426720.7643627407,4.130306516286695,6.24749663984403e-05,-0.00984241411788389,0.04801998588293088,0,0.0038551776797049186,0.009056192569024336,0.04801998588293088,901_GSL_1
30045,68,2026-02-13 21:51:37.710000+00:00,123928.08780042837,426940.43146751757,7.13278191909063,-0.021149933483684435,-0.01626748766284436,0.013968638050403825,0,-0.0007997289280235753,-0.026670419473018264,0.013968638050403825,905_GSL_1
30046,71,2026-02-13 21:51:38.650000+00:00,124806.2179536881,426258.50387435907,4.6209708080983365,-0.009808247385080904,-0.011231773009058088,0.029467144949069102,0,0.00481973118318248,0.014111152788337689,0.029467144949069102,903_GSL_1
30047,67,2026-02-13 21:51:38.650000+00:00,123855.61376106676,426533.07632654876,6.032436900761484,-0.004233407380525023,-0.014776155934669077,-0.011971247576092026,0,0.012077635359471038,-0.009507220749451166,-0.011971247576092026,904_GSL_1
30048,69,2026-02-13 21:51:53.610000+00:00,124266.92121352459,427056.31450816273,7.09205110653814,-0.02138367206498515,-0.00033022131538018584,0.001549735610707259,0,0.00032513295580307905,-0.02138375003737671,0.001549735610707259,906_GSL_1
30049,68,2026-02-13 21:51:55.130000+00:00,123928.08768392142,426940.43206734536,7.1439833544790226,-0.021266440438921563,-0.015667659870814532,0.025170073438796514,0,0.02074394654395053,-0.01635315677633689,0.025170073438796514,905_GSL_1
30050,67,2026-02-13 21:51:55.420000+00:00,123855.61283666122,426533.07365147927,6.06315930206334,-0.0051578129205154255,-0.017451225430704653,0.018751153725764524,0,0.014066092510262276,-0.011545273693120152,0.018751153725764524,904_GSL_1
30051,66,2026-02-13 21:51:59.030000+00:00,124898.93920198902,426720.77185025404,4.07617555876008,0.0015963253390509635,-0.0023549007601104677,-0.006110971643684238,0,0.0004214819992294895,0.002813568037633095,-0.006110971643684238,901_GSL_1
30052,69,2026-02-13 21:52:10.780000+00:00,124266.91950375892,427056.3151034536,7.119501925670681,-0.02309343773231376,0.0002650695387274027,0.029000554743248586,0,0.016569392487252546,-0.01608826779861626,0.029000554743248586,906_GSL_1
30053,66,2026-02-13 21:52:11.410000+00:00,124898.94226507102,426720.7662320403,4.086069612535166,0.004659407335566357,-0.007973114494234324,0.0037830821314015495,0,0.0009865993054769563,0.009181898129871155,0.0037830821314015495,901_GSL_1
30054,71,2026-02-13 21:52:16.630000+00:00,124806.2165676996,426258.5008681879,4.608679893501939,-0.011194235892617144,-0.014237944153137505,0.01717623035267124,0,-0.005542891853056907,0.01724257291800547,0.01717623035267124,903_GSL_1
30055,164,2026-02-13 21:52:49.170000+00:00,124091.06063895018,427154.2069878638,9.837332707910235,-0.034689501189859584,0.012256922374945134,0.022699176280838174,0,0.021004272454288157,-0.030206194357660015,0.022699176280838174,907_GSL_1
30056,110,2026-02-13 21:52:57.210000+00:00,124434.1401685023,426963.9318591225,8.789131086433967,8.265982614830136e-05,-0.00022745097521692514,0.03807072617617813,0,-0.00020528821057558348,0.000128153593725157,0.03807072617617813,35_P9_0
30057,122,2026-02-13 21:53:05.230000+00:00,124329.15043274465,426611.3906687663,8.08725559292089,0.0008818415954010561,-0.0013701425632461905,0.0035917544784922484,0,-0.0011016571016449425,0.001200536077506039,0.0035917544784922484,16_P5_1
30058,107,2026-02-13 21:53:09.940000+00:00,124409.92218674048,426969.5248480159,6.297460395660247,0.0013692331849597394,0.00043696281500160694,0.008380072230213642,0,0.0007500144705028187,0.0012260564059314305,0.008380072230213642,38_P9_0
30059,111,2026-02-13 21:53:12.220000+00:00,124434.261708506,426963.97528037615,6.506160673901329,1.7746686353348196e-05,-0.002783403208013624,0.044868164286560486,0,-0.0027174295562925658,0.0006026814829117007,0.044868164286560486,36_P9_0
30060,120,2026-02-13 21:53:20.370000+00:00,124329.26101384641,426611.3297497462,11.361525742176104,0.0007620112446602434,-0.0014253439148887992,0.0034945755292312697,0,-0.0011846623050997466,0.001099473344640486,0.0034945755292312697,15_P5_1
30061,106,2026-02-13 21:53:24.460000+00:00,124410.03367630183,426969.450075181,8.932142238290778,0.0014724836073582992,0.0005138401174917817,0.00825501395224748,0,0.0008528399765439428,0.0013057195773562577,0.00825501395224748,37_P9_0
30062,124,2026-02-13 21:53:35.600000+00:00,124339.65845603976,426609.58931143617,6.678531316987021,0.0006903165340190753,-0.0009304678533226252,0.004101121153827769,0,-0.000667980608441879,0.0009466304717008325,0.004101121153827769,17_P5_1
30063,102,2026-02-13 21:53:38.010000+00:00,124282.39385540673,426301.7929157499,6.9043079577367985,0.0005664609052473679,-0.0006421147263608873,0.0010099739700626387,0,0.0004962420817825599,-0.0006978059008429892,0.0010099739700626387,02_P1_0
30064,160,2026-02-13 21:53:40.070000+00:00,124421.81261714434,426965.6176634424,5.603791044687945,0.0014109837065916508,-0.0009745962452143431,0.011609814800606522,0,-0.0001587665748592847,0.0017074852960305283,0.011609814800606522,38a_P9_0
30065,170,2026-02-13 21:53:51.670000+00:00,124669.37615619515,426931.30824852607,13.800958257360854,-0.011890621317434125,0.009751554345712066,0.014768126689466143,0,0.00028106214566400565,-0.01537532736374317,0.014768126689466143,908_GSL_1
30066,103,2026-02-13 21:53:53.630000+00:00,124282.31211022513,426301.7967693788,9.298594565449072,0.0003918179718311876,-0.0006747744046151638,0.0006430796579586229,0,0.0005675139985956145,-0.0005355088062503464,0.0006430796579586229,01_P1_0
30067,162,2026-02-13 21:53:57.170000+00:00,124402.99659657016,426879.64669446583,6.556179080071785,0.0011684418423101306,-0.0010391220566816628,0.011506036781217865,0,0.001136577615560254,-0.0010738818889201869,0.011506036781217865,34a_P7_0
30068,100,2026-02-13 21:54:08.530000+00:00,124292.4846060314,426345.92942630063,7.588425005927663,0.0008827580895740539,-0.0008086790912784636,-7.456304143538262e-05,0,0.0005839780418069752,-0.001045080553864957,-7.456304143538262e-05,06_P2_0
30069,92,2026-02-13 21:54:09.500000+00:00,124278.31548436335,426395.63654688204,11.104579974594696,0.0015085607738001272,-0.001743743137922138,0.002790991367476181,0,0.0015053830739169478,-0.0017464872000857448,0.002790991367476181,11_P3_0
30070,104,2026-02-13 21:54:12.940000+00:00,124389.8169340885,426881.44541309995,10.734136077136347,-0.0001621217670617625,0.0010735318064689636,0.008224209076139744,0,-0.0010167989320731855,0.0003806230925608349,0.008224209076139744,33_P7_0
30071,101,2026-02-13 21:54:23.960000+00:00,124292.4053224374,426345.8824918813,10.216164079448486,3.5665580071508884e-06,-0.0009016445837914944,0.0005455818482023034,0,0.0008765126289588038,-0.00021142678896554648,0.0005455818482023034,05_P2_0
30072,93,2026-02-13 21:54:24.500000+00:00,124278.26950937786,426395.7896140623,7.951026642883615,0.0013857981830369681,-0.0017360402271151543,0.0023011226040976496,0,0.001513460709660232,-0.0016259486322099312,0.0023011226040976496,12_P3_0
30073,105,2026-02-13 21:54:27.650000+00:00,124389.68814500674,426881.47316989815,7.0706670263282145,-0.000540430613909848,0.001216684002429247,0.008371129605424521,0,-0.0010763194746398147,0.0007835314918554966,0.008371129605424521,34_P7_0
30074,98,2026-02-13 21:54:39.020000+00:00,124302.66091002023,426390.07747305045,7.980425533847991,6.438668060582131e-05,-0.0004389581154100597,0.0013747387171205716,0,0.00041159720311087527,-0.0001655826504048423,0.0013747387171205716,10_P3_0
30075,94,2026-02-13 21:54:39.800000+00:00,124268.225353073,426351.5542792201,10.216952046700536,0.0011305739026283845,-0.0016938003827817738,0.0024581074095753053,0,0.0014591467370524372,-0.0014205801229657143,0.0024581074095753053,07_P2_0
30076,99,2026-02-13 21:54:54.290000+00:00,124302.53798744646,426390.1343307548,11.088739535182349,-9.284471161663532e-05,-0.0004855371662415564,0.0009843324329814607,0,0.000493705568362824,-2.4925730573001705e-05,0.0009843324329814607,09_P3_0
30077,95,2026-02-13 21:54:55.100000+00:00,124268.11064488259,426351.547374677,7.196721438433143,0.0010969803552143276,-0.0018163330387324095,0.0030505801880229555,0,0.0015841064442721224,-0.0014117501126377121,0.0030505801880229555,08_P2_0
30078,113,2026-02-13 21:55:04.930000+00:00,124414.07882013798,426875.9142320146,7.342044040067998,0.0015855238016229123,-0.0010001235641539097,0.03869409494272169,0,0.0005960606808236717,-0.0017773138535061028,0.03869409494272169,32_P7_0
30079,96,2026-02-13 21:55:10.880000+00:00,124258.06268180502,426307.3507666671,9.308401311666707,0.0017036085919244215,-0.0016429098322987556,0.003855703490815543,0,0.0012774256248676156,-0.0019923902038692667,0.003855703490815543,03_P1_0
30080,166,2026-02-13 21:55:12.520000+00:00,124091.05770593217,427154.2073935254,9.820031887372227,-0.014574903529137373,0.018365545838605613,-0.009821731690577096,0,0.02188648345365991,-0.00840850336660787,-0.009821731690577096,907_GSL_1
30081,112,2026-02-13 21:55:19.510000+00:00,124413.95241396838,426875.86652790103,10.707334135405363,0.0016793435643194243,-0.000738164409995079,0.03806852848469866,0,0.0003148113991663729,-0.0018072009534524272,0.03806852848469866,31_P7_0
30082,97,2026-02-13 21:55:26.100000+00:00,124257.98848596572,426307.3901385008,6.841968506386316,0.0006157568423077464,-0.0017142038559541106,0.0049063157902153876,0,0.0015598732190959255,-0.0009404503649656707,0.0049063157902153876,04_P1_0
30083,125,2026-02-13 21:55:28.750000+00:00,124339.65705351483,426609.59078126267,6.67474093630684,-0.0008120487909764051,-0.00045258377213031054,0.0012249981777259222,0,-0.0005656278159316648,-0.0007377807828659656,0.0012249981777259222,17_P5_1
30084,161,2026-02-13 21:55:36.220000+00:00,124402.99127341487,426879.6444464412,6.586766246710116,-0.00013033172581344843,-0.0030604457715526223,0.04514192588639432,0,0.0027469704302443276,-0.0013555324174401473,0.04514192588639432,34a_P7_0
30085,146,2026-02-13 21:55:44.040000+00:00,124350.92393691692,426607.5120819533,11.37861254591206,-0.002329658018425107,0.0002165564801543951,-0.0007089673120219686,0,-0.00028036174988363703,-0.002322843189092075,-0.0007089673120219686,13_P5_1
30086,148,2026-02-13 21:55:59.110000+00:00,124351.03893231446,426607.3985114478,8.015146979856958,-0.0021861002023797482,5.5553100537508726e-05,-0.00030943535542427014,0,-0.0004091297720100831,-0.0021481929781746994,-0.00030943535542427014,14_P5_1
30087,153,2026-02-13 21:56:06.440000+00:00,124370.2758767715,426819.49798357906,9.737445205578132,0.002037966623902321,-0.001139518164563924,0.011364728465142804,0,0.0005637010319670616,-0.0022658443799321764,0.011364728465142804,29_KW_1
30088,168,2026-02-13 21:56:15.810000+00:00,124669.37138043626,426931.31239018426,13.791882535275596,-0.005351535088266246,0.004649611888453364,-0.009457484659632698,0,0.0006340413743509588,-0.007060864681453881,-0.009457484659632698,908_GSL_1
