,Id,Timestamp,Easting,Northing,Height,EastingDiff,NorthingDiff,HeightDiff,Type,LongitudinalDisplacement,TransverseDisplacement,HeightDisplacement,Name
44319,138,2026-02-15 10:00:20.020000+00:00,123928.08780510077,426940.43442089186,7.11425535117129,0.0011862220999319106,0.0026997398235835135,-0.003680712426636923,0,0.001408572596947841,0.002590683543881272,-0.003680712426636923,905_GSL_1
44320,130,2026-02-15 10:00:22.440000+00:00,124898.94859096604,426720.7864588645,4.126171807469897,0.010217968781944364,0.016782165737822652,0.03610907499970306,0,0.0029515644008055787,-0.019425144541764295,0.03610907499970306,901_GSL_1
44321,139,2026-02-15 10:00:23.020000+00:00,123928.08613807382,426940.4330743964,7.135626764562214,-0.0007318498683162034,0.0019703838042914867,-0.0009750661770420166,0,0.0013412951879662892,0.0016183151067413024,-0.0009750661770420166,905_GSL_1
44322,134,2026-02-15 10:00:23.230000+00:00,123855.61457851305,426533.07525940007,6.052304754233455,0.00011637163697741926,0.0009613381116650999,0.0064618353356742375,0,7.766225569051657e-05,0.0009652367051007152,0.0064618353356742375,904_GSL_1
44323,133,2026-02-15 10:00:23.740000+00:00,124806.22656780212,426258.5114882908,4.589598354289755,0.0046717085933778435,4.47744969278574e-06,0.0014412501051896953,0,0.002431532739589469,-0.003989051236234084,0.0014412501051896953,903_GSL_1
44324,125,2026-02-15 10:00:36.870000+00:00,124339.65909383017,426609.590865193,6.675669798101185,0.0012282665411476046,-0.0003686534473672509,0.0021538599720711815,0,-0.00018653215129039376,0.0012687591642598828,0.0021538599720711815,17_P5_1
44325,137,2026-02-15 10:00:40+00:00,123928.08806160335,426940.43289890117,7.133525511295351,-0.0013376585266087204,-0.0009296698844991624,0.01066182032982077,0,2.9889260376581923e-05,-0.0016287182261115148,0.01066182032982077,905_GSL_1
44326,143,2026-02-15 10:00:42.410000+00:00,124266.92036648763,427056.3158121764,7.110339579096895,0.0007990595331648365,0.001585300371516496,0.004797840874116943,0,0.00116415034809196,0.001340308685530805,0.004797840874116943,906_GSL_1
44327,153,2026-02-15 10:00:43.740000+00:00,124370.27771579017,426819.4976842657,9.738019490032318,0.0038769852981204167,-0.0014388315030373633,0.011939012919329528,0,0.0003689950071769451,-0.00411887044960789,0.011939012919329528,29_KW_1
44328,146,2026-02-15 10:00:52.420000+00:00,124350.92586201373,426607.51195961854,11.378628669562696,-0.0004045612149639055,9.422173025086522e-05,-0.0006928436613868882,0,6.654849170817105e-06,-0.00041533507447246955,-0.0006928436613868882,13_P5_1
44329,141,2026-02-15 10:00:56.200000+00:00,124266.91947339333,427056.314571385,7.093456900331727,0.0008446418796665967,5.308195250108838e-05,0.009322200068629272,0,2.714147032157067e-05,0.0008458728859331245,0.009322200068629272,906_GSL_1
44330,152,2026-02-15 10:00:57.440000+00:00,124370.27716702891,426819.5000767897,9.734091735180542,0.0013953670422779396,0.0009067517821677029,0.005170783952662461,0,0.0005611683728861257,0.0015666327056499646,0.005170783952662461,29_KW_1
44331,136,2026-02-15 10:00:59.600000+00:00,123855.6163319747,426533.0740902886,6.034840142696269,0.0005618629074888304,-1.823750790208578e-05,0.012547600259530611,0,-0.00044500935923108456,-0.0003434955657690796,0.012547600259530611,904_GSL_1
44332,135,2026-02-15 10:01:04.010000+00:00,123855.63204683519,426533.04397333233,6.0568399482196265,0.018396556959487498,-0.03266158897895366,0.03564150110126896,0,0.003114773210691665,-0.037356537452495946,0.03564150110126896,904_GSL_1
44333,148,2026-02-15 10:01:09.970000+00:00,124351.0405494792,426607.3985921877,8.01674768466945,-0.0005689354584319517,0.00013629294699057937,0.001291269457068367,0,1.2594632309455302e-05,-0.0005848971691652657,0.001291269457068367,14_P5_1
44334,122,2026-02-15 10:01:12.480000+00:00,124329.15147635412,426611.3906201328,8.090081061785833,0.001925451069837436,-0.001418776053469628,0.006417223343435197,0,-0.0008840129044733847,0.002222343019644247,0.006417223343435197,16_P5_1
44335,150,2026-02-15 10:01:14.110000+00:00,124401.10384998606,426812.3225265057,9.187213351103342,0.0006693561299471185,0.0010949166608043015,0.005199327859532588,0,0.0012776850135217124,-0.00012000470418549095,0.005199327859532588,27_KW_1
44336,140,2026-02-15 10:01:17.250000+00:00,123928.08785672019,426940.4319773263,7.145318969024727,0.00033298772177658975,-0.0024613506393507123,0.009745262822383083,0,-0.00041304384210093844,-0.0024491881465474674,0.009745262822383083,905_GSL_1
44337,128,2026-02-15 10:01:27.820000+00:00,124898.93829828475,426720.77815637557,4.0767441347703635,-0.002003114757826552,0.008892340760212392,-0.004647796233316015,0,0.0020376573484722355,-0.008884489037585354,-0.004647796233316015,901_GSL_1
44338,120,2026-02-15 10:01:28.140000+00:00,124329.2628527862,426611.32948550436,11.36282942124659,0.0026009510329458863,-0.0016895857406780124,0.0047982545997165005,0,-0.0009725293882498968,0.0029451371512843032,0.0047982545997165005,15_P5_1
44339,129,2026-02-15 10:01:30.990000+00:00,124898.94132047523,426720.7745415348,4.086118566181656,0.001648776451474987,0.002038864651694894,-0.005566179063957399,0,0.0013959080036737475,-0.0022196562121529007,-0.005566179063957399,901_GSL_1
44340,145,2026-02-15 10:01:34.450000+00:00,124266.92010205911,427056.31409863813,7.120902693124835,0.001778306279447861,-0.0006479694857262075,0.012935756833188705,0,-0.0017183032620390229,0.0007935184796978789,0.012935756833188705,906_GSL_1
44341,6,2026-02-15 10:01:34.650000+00:00,124399.04020175738,426925.07418815244,8.556015352355415,0.0010310130019206554,-0.001261062454432249,0.008708656533856995,11,-0.0015528047904346573,-0.0004919996005194612,0.008708656533856995,TS5
44342,124,2026-02-15 10:01:46.080000+00:00,124339.65992463495,426609.5893174366,6.679050673204241,0.0021589117241092026,-0.0009244674001820385,0.004620477371047649,0,-0.00020312684313901743,0.002339717780436753,0.004620477371047649,17_P5_1
44343,131,2026-02-15 10:01:46.220000+00:00,124806.21825679878,426258.503062227,4.609765368893521,-0.000287697374005802,-0.0032218375126831234,-0.0017391038790410818,0,0.0008509854046775419,0.0031207099477791604,-0.0017391038790410818,903_GSL_1
44344,154,2026-02-15 10:01:46.280000+00:00,124285.6661592396,426445.5618122295,7.896228246000162,0.0015342395927291363,-0.002012770506553352,-0.005371753999837026,11,-0.0025122766087405904,-0.0003059452256917613,-0.005371753999837026,TS1-1
44345,3,2026-02-15 10:01:46.420000+00:00,124314.903933617,426440.793115074,7.056863256755427,-0.0033057349355658516,-0.002962209575343877,-0.02156583873565765,11,-0.00434306977588207,0.0009166863991023265,-0.02156583873565765,TS2
44346,149,2026-02-15 10:01:48.210000+00:00,124351.04186306712,426607.3977263374,8.01716197010568,0.0005513750511454418,0.0009938719449564815,0.004936126137883079,0,-0.0010682314145554642,-0.00038817204298358484,0.004936126137883079,14_P5_1
44347,147,2026-02-15 10:02:03.520000+00:00,124350.9280338004,426607.51108782925,11.37797770780938,0.0015264548128470778,0.001095089130103588,0.003758066136937188,0,-0.0013225577674329226,-0.0013342134200861134,0.003758066136937188,13_P5_1
44348,126,2026-02-15 10:02:20.140000+00:00,124339.65849108508,426609.58934181696,6.672544039636322,0.001670480938628316,0.0008516559028066695,0.0018868505008642344,0,-0.0012003862620229605,-0.0014404503341151776,0.0018868505008642344,17_P5_1
44349,121,2026-02-15 10:02:37.730000+00:00,124329.26141113616,426611.3283243948,11.357327581474303,0.0018683664529817179,0.0006079022423364222,0.003028059400181249,0,-0.0011042470209295047,-0.0016251082596656292,0.003028059400181249,15_P5_1
44350,123,2026-02-15 10:02:52.720000+00:00,124329.15183298336,426611.3911041653,8.08195686658615,0.002076371238217689,0.0008261456387117505,0.00384122153208466,0,-0.0013730042867794077,-0.0017631487072126036,0.00384122153208466,16_P5_1
44351,4,2026-02-15 10:02:52.920000+00:00,124378.97107249529,426782.74121819064,7.7620198808139005,-0.0007454779115505517,3.528321394696832e-05,0.006944175841634426,11,-0.0005089329889586128,0.0005458657660504569,0.006944175841634426,TS3
44352,68,2026-02-15 10:06:20.500000+00:00,123928.08117381619,426940.4289065591,7.121183216981948,-0.02777654567034915,-0.018828446161933243,0.00236993594172219,0,0.0021145323532244993,-0.03348993322144697,0.00236993594172219,905_GSL_1
44353,66,2026-02-15 10:06:21.010000+00:00,124898.95131208948,426720.7932069203,4.126955349644398,0.01370642580150161,0.019001765525899827,0.04466881924063326,0,0.005313665452234018,-0.022818811555711634,0.04466881924063326,901_GSL_1
44354,68,2026-02-15 10:06:22.390000+00:00,123928.08731251475,426940.4347680572,7.136031822553691,-0.02163784710865002,-0.012966948037501425,0.017218541513464913,0,0.016143099981779416,-0.019383975131093453,0.017218541513464913,905_GSL_1
44355,71,2026-02-15 10:06:23.250000+00:00,124806.22296272944,426258.50908761553,4.5915796693773885,-0.004799206042662263,-0.006018516549374908,7.600622812109492e-05,0,0.002634162465349283,0.0072329875017983145,7.600622812109492e-05,903_GSL_1
44356,67,2026-02-15 10:06:23.280000+00:00,123855.61429905702,426533.0749622081,6.052027155589393,-0.003695417122798972,-0.016140496591106057,0.007619007251816967,0,0.0004020393379155044,-0.016553250505255773,0.007619007251816967,904_GSL_1
44357,69,2026-02-15 10:06:39.140000+00:00,124266.91925531384,427056.31519018905,7.108330762781544,-0.02334188281383831,0.0003518050070852041,0.017829391854111698,0,0.009171173415087698,-0.021467576440957634,0.017829391854111698,906_GSL_1
44358,67,2026-02-15 10:06:39.560000+00:00,123855.61384422719,426533.0766957693,6.032363983763511,-0.00415024695394095,-0.014406935370061547,-0.012044164574064986,0,0.01179417468015673,-0.009256445330134913,-0.012044164574064986,904_GSL_1
44359,68,2026-02-15 10:06:39.810000+00:00,123928.08536449204,426940.43110870646,7.135720091929105,-0.023585869814269245,-0.016626298776827753,0.016906810888879242,0,0.00033605747041663757,-0.028855053825778566,0.016906810888879242,905_GSL_1
44360,69,2026-02-15 10:06:56.100000+00:00,124266.92020285003,427056.3147386807,7.094043642145883,-0.022394346626242623,-9.970332030206919e-05,0.0035422712184507432,0,0.0005865538398304491,-0.022386885807574124,0.0035422712184507432,906_GSL_1
44361,66,2026-02-15 10:06:56.820000+00:00,124898.94120331256,426720.77361034596,4.085242834514618,0.003597648872528225,-0.0005948088364675641,0.0029563041108540133,0,0.003642758155578399,0.00016488778581376932,0.0029563041108540133,901_GSL_1
44362,66,2026-02-15 10:06:59.300000+00:00,124898.93947876003,426720.77533561544,4.075675480494752,0.0018730963492998853,0.0011304606450721622,-0.006611049909012401,0,0.0021777213305211305,-0.00020966881124955927,-0.006611049909012401,901_GSL_1
44363,68,2026-02-15 10:06:59.720000+00:00,123928.08762639533,426940.4342044893,7.144276057490108,-0.02132396653178148,-0.013530515949241817,0.025462776449882263,0,0.020871144768126692,-0.014219062084719989,0.025462776449882263,905_GSL_1
44364,66,2026-02-15 10:07:13.680000+00:00,124898.94174015091,426720.7692318332,4.082226870712605,0.004134487229748629,-0.0049733215710148215,-5.9659691159730244e-05,0,0.0017358747372160392,0.006230140527979362,-5.9659691159730244e-05,901_GSL_1
44365,71,2026-02-15 10:07:17.900000+00:00,124806.2173132897,426258.50022990623,4.609907761163666,-0.010448645785800181,-0.01487622584681958,0.018404098014398684,0,-0.004621820097046941,0.017581668669191662,0.018404098014398684,903_GSL_1
44366,69,2026-02-15 10:07:18.010000+00:00,124266.92033528937,427056.3145614945,7.11997823735547,-0.02226190728833899,-0.00027688953559845686,0.029476866428037596,0,0.015597535767698985,-0.01588666301980612,0.029476866428037596,906_GSL_1
44367,67,2026-02-15 10:07:32.410000+00:00,123855.6369141754,426533.0370693509,6.056596595337644,0.018919701251434162,-0.05403335380833596,0.012188447000068159,0,0.014680406392370051,-0.05533573969303378,0.012188447000068159,904_GSL_1
44368,149,2026-02-15 10:07:33.120000+00:00,124351.04139499977,426607.39775114344,8.017760353105798,8.330770651809871e-05,0.0010186779545620084,0.005534509138000132,0,-0.0010191003919340787,7.797012399470783e-05,0.005534509138000132,14_P5_1
44369,147,2026-02-15 10:07:48.610000+00:00,124350.92728889882,426607.5112474616,11.377482413971057,0.0007815532298991457,0.0012547214864753187,0.0032627722986138252,0,-0.0013624654219922207,-0.0005734452316169174,0.0032627722986138252,13_P5_1
44370,164,2026-02-15 10:07:52.080000+00:00,124091.06415711473,427154.20700348384,9.841115710568982,-0.03117133663909044,0.012272542400751263,0.0264821789395846,0,0.02008786886481262,-0.026809420906014205,0.0264821789395846,907_GSL_1
44371,126,2026-02-15 10:08:04.530000+00:00,124339.65854216677,426609.5894810928,6.673013258455946,0.0017215626285178587,0.0009909317595884204,0.002356069320487819,0,-0.001347515488532918,-0.001459426477844709,0.002356069320487819,17_P5_1
44372,122,2026-02-15 10:08:09.120000+00:00,124329.15170766228,426611.3906464196,8.089139077100876,0.002156759233912453,-0.0013924892409704626,0.005475238658478432,0,-0.0007999090599408907,0.002439422508527296,0.005475238658478432,16_P5_1
44373,107,2026-02-15 10:08:18.300000+00:00,124409.92320447904,426969.5240055056,6.29765565798078,0.0023869717406341806,-0.00040554750012233853,0.00857533455074666,0,0.0001736146081032773,0.0024149453064810375,0.00857533455074666,38_P9_0
44374,121,2026-02-15 10:08:21.630000+00:00,124329.26131278045,426611.328546524,11.35662835164473,0.001770010741893202,0.0008300314075313509,0.002328829570608093,0,-0.0012901905021210857,-0.0014687745341414181,0.002328829570608093,15_P5_1
44375,120,2026-02-15 10:08:25.980000+00:00,124329.26219512307,426611.329683783,11.363133592505536,0.001943287905305624,-0.001491307106334716,0.00510242585866294,0,-0.0009480263560294887,0.0022586745663297743,0.00510242585866294,15_P5_1
44376,106,2026-02-15 10:08:32.930000+00:00,124410.03481518065,426969.4491877078,8.93199937785945,0.002611362433526665,-0.00037363311275839806,0.008112153520919207,0,0.0002651995217745765,0.002624592287543795,0.008112153520919207,37_P9_0
44377,123,2026-02-15 10:08:36.900000+00:00,124329.15170255667,426611.39114425686,8.08310869602952,0.0019459445466054603,0.0008662372129037976,0.004993050975453883,0,-0.0013750872450788894,-0.0016267151428274772,0.004993050975453883,16_P5_1
44378,102,2026-02-15 10:08:40.190000+00:00,124282.39544353096,426301.79332439724,6.9040784934903,0.0021545851341215894,-0.00023346737725660205,0.0007805097235644709,0,-0.0002633540498410056,-0.002151136620685252,0.0007805097235644709,02_P1_0
44379,124,2026-02-15 10:08:44.510000+00:00,124339.6597383367,426609.58927712275,6.679660380126246,0.0019726134778466076,-0.0009647812694311142,0.005230184293052886,0,-0.0002996595935845771,0.0021753645576776154,0.005230184293052886,17_P5_1
44380,160,2026-02-15 10:08:48.850000+00:00,124421.8132848513,426965.61685208237,5.603584932372655,0.0020786906679859385,-0.0017859562649391592,0.011403702485316636,0,-0.0005392696337965235,0.0026869653766865365,0.011403702485316636,38a_P9_0
44381,118,2026-02-15 10:08:52.830000+00:00,124372.26206981609,426775.1129243578,6.1714971664888605,0.002042454099864699,0.00025985902175307274,0.005965097498498828,0,-0.0015441374229824899,-0.0013619049453561642,0.005965097498498828,22_P6_1
44382,103,2026-02-15 10:08:56.070000+00:00,124282.31411089572,426301.7972378818,9.299211902746158,0.0023924885608721524,-0.00020627141930162907,0.001260416955044974,0,-0.00034535247727295444,-0.0023764008665976884,0.001260416955044974,01_P1_0
44383,170,2026-02-15 10:09:00.610000+00:00,124669.37518773966,426931.3094282308,13.80210560445147,-0.012859076814493164,0.010931259079370648,0.015915473780081513,0,0.00060645190595556,-0.01686654966693312,0.015915473780081513,908_GSL_1
44384,110,2026-02-15 10:09:04.280000+00:00,124434.13834714484,426963.9298714983,8.78948243073633,-0.0017386976396664977,-0.002215075131971389,0.03842207047854096,0,-0.0025282091321852653,-0.0012400749599903002,0.03842207047854096,35_P9_0
44385,162,2026-02-15 10:09:06.420000+00:00,124402.99705519284,426879.6458366492,6.555571530399677,0.0016270645282929763,-0.0018969387165270746,0.010898487109109567,0,0.0020309216070207477,-0.0014563903664968727,0.010898487109109567,34a_P7_0
44386,74,2026-02-15 10:09:09.400000+00:00,124369.34738982446,426785.72580714646,7.235489612445976,0.0010766151535790414,-0.00065915024606511,0.005435777688903798,0,-0.0012235368619107879,-0.00031070369059478406,0.005435777688903798,21_P6_1
44387,100,2026-02-15 10:09:13+00:00,124292.48610130599,426345.9296620081,7.587663070400626,0.0023780326737323776,-0.0005729716503992677,-0.0008364985684723436,0,1.0658598513706344e-05,-0.0024460626123993115,-0.0008364985684723436,06_P2_0
44388,92,2026-02-15 10:09:19.240000+00:00,124278.31716998578,426395.6371085643,11.105109495991393,0.0031941831985022873,-0.0011820608633570373,0.0033205127641728893,0,0.0007040629791934958,-0.003332321939969766,0.0033205127641728893,11_P3_0
44389,111,2026-02-15 10:09:20.090000+00:00,124434.25986569669,426963.97314753727,6.505954449828575,-0.0018250626308145002,-0.004916242090985179,0.04466194021380687,0,-0.005190093523594852,-0.0007504792601455692,0.04466194021380687,36_P9_0
44390,104,2026-02-15 10:09:22.120000+00:00,124389.81788358396,426881.4444544214,10.733721228407408,0.0007873736904002726,0.000114853261038661,0.007809360347200922,0,-0.00027521745233300175,-0.000746594906115151,0.007809360347200922,33_P7_0
44391,73,2026-02-15 10:09:25.430000+00:00,124369.4909366932,426785.69614474225,11.411733604934009,0.0015971287648426369,-0.0003219119389541447,0.00567898887093321,0,-0.0016205828249574114,0.00016780612438775907,0.00567898887093321,20_P6_1
44392,101,2026-02-15 10:09:28.790000+00:00,124292.40714465104,426345.8832701344,10.2164665928912,0.0018257802003063262,-0.00012339150998741388,0.0008480952909160067,0,-0.0003010620162942706,-0.001805009824602739,0.0008480952909160067,05_P2_0
44393,93,2026-02-15 10:09:34.280000+00:00,124278.27110867933,426395.7897458416,7.952099837333464,0.0029850996506866068,-0.0016042609349824488,0.0033743170539466405,0,0.001147934092401991,-0.0031885295030062493,0.0033743170539466405,12_P3_0
44394,105,2026-02-15 10:09:37.120000+00:00,124389.68890256647,426881.47212120285,7.070342485204204,0.00021712911257054657,0.00016798870638012886,0.008046588481414041,0,-0.0002097863923015099,-0.0001770732238427347,0.008046588481414041,34_P7_0
44395,165,2026-02-15 10:09:42.820000+00:00,124091.06451341731,427154.20676730317,9.85563030413289,-0.019267209849203937,0.01061550952726975,0.004894810406868899,0,0.020193357819919086,-0.008725979478174856,0.004894810406868899,907_GSL_1
44396,98,2026-02-15 10:09:44.200000+00:00,124302.66271478111,426390.0780097243,7.980341864715376,0.001869147556135431,9.771576151251793e-05,0.001291069584505422,0,-0.0005335980680283706,-0.0017940273293490865,0.001291069584505422,10_P3_0
44397,94,2026-02-15 10:09:50.390000+00:00,124268.22668009457,426351.55475285515,10.21845873218186,0.0024575954739702865,-0.0012201653444208205,0.00396479289089946,0,0.0007513571618972009,-0.002638947024225875,0.00396479289089946,07_P2_0
44398,152,2026-02-15 10:09:59.420000+00:00,124370.27730353265,426819.49989229196,9.734296271186622,0.001531870788312517,0.0007222540443763137,0.005375319958742963,0,0.0003502014510761116,0.0016569966687858307,0.005375319958742963,29_KW_1
44399,99,2026-02-15 10:10:00.200000+00:00,124302.539794813,426390.1349845385,11.088573050157343,0.0017145218298537657,0.0001682465081103146,0.0008178474079763021,0,-0.0005700138769903409,-0.001625723276752492,0.0008178474079763021,09_P3_0
44400,95,2026-02-15 10:10:06.160000+00:00,124268.11189415934,426351.54774528294,7.197107319778557,0.0023462571116397157,-0.0014457270735874772,0.0034364615334370185,0,0.000990446982269399,-0.002571782257606035,0.0034364615334370185,08_P2_0
44401,117,2026-02-15 10:10:16.420000+00:00,124377.68177839387,426815.9063852239,7.623282194451545,0.0017612497904337943,0.0006791853811591864,0.0058471542790856645,0,0.0006101480625437249,0.0017863406584572752,0.0058471542790856645,26_KW_0
44402,166,2026-02-15 10:10:17.920000+00:00,124091.05941763669,427154.2067628524,9.820268497747396,-0.01286319900827948,0.017734872817527503,-0.009585121315408784,0,0.020772325504761314,-0.0069640574168167825,-0.009585121315408784,907_GSL_1
44403,153,2026-02-15 10:10:20.750000+00:00,124370.27711065838,426819.4972968589,9.737487859697417,0.003271853507612832,-0.0018262382945977151,0.011407382584428305,0,0.000901867579380034,-0.003636867684312527,0.011407382584428305,29_KW_1
44404,96,2026-02-15 10:10:23.080000+00:00,124258.06402967096,426307.3510566073,9.310200840711293,0.0030514745303662494,-0.0013529696152545512,0.0056552325354015665,0,0.0007290842141915376,-0.0032573700738314456,0.0056552325354015665,03_P1_0
44405,116,2026-02-15 10:10:31.530000+00:00,124377.6891073665,426815.90070545126,10.011055440681512,0.001747474932926707,0.0006438876735046506,0.005995685404387885,0,0.000575792903381752,0.0017710794758320821,0.005995685404387885,25_KW_0
44406,125,2026-02-15 10:10:34.280000+00:00,124339.65789074941,426609.5910412377,6.675490637726944,2.5185785489156842e-05,-0.00019260874250903726,0.001974699597830032,0,-0.000186915974098865,5.286653107865944e-05,0.001974699597830032,17_P5_1
44407,97,2026-02-15 10:10:39.980000+00:00,124257.98985433993,426307.3903097082,6.842964755440313,0.001984131056815386,-0.0015429964405484498,0.005902564844213032,0,0.0011232193166453304,-0.0022485534089452543,0.005902564844213032,04_P1_0
44408,115,2026-02-15 10:10:48.130000+00:00,124396.29094707363,426811.63473893417,7.6530097662954795,0.0008563138253521174,0.0008245977223850787,0.006737473522433035,0,0.0011475268166709295,0.00031051083116844544,0.006737473522433035,24_KW_0
44409,146,2026-02-15 10:10:51.670000+00:00,124350.92487007039,426607.5125619396,11.379450423634381,-0.0013965045509394258,0.0006965427892282605,0.00012891041029838846,0,0.00038589564475267,-0.0015121115598332464,0.00012891041029838846,13_P5_1
44410,114,2026-02-15 10:11:03.930000+00:00,124396.3002108968,426811.6303864638,9.996552792796653,0.0011902517871931195,0.0008477079682052135,0.005868715146469583,0,0.0013392106206552654,0.0005846563347806686,0.005868715146469583,23_KW_0
44411,148,2026-02-15 10:11:07.610000+00:00,124351.03984349106,426607.3989011858,8.01633921846509,-0.0012749236047966406,0.00044529105070978403,0.0008828032527077312,0,0.00016491768396711818,-0.0013403419248179942,0.0008828032527077312,14_P5_1
44412,113,2026-02-15 10:11:14.420000+00:00,124414.0809380798,426875.91151806625,7.341348598226902,0.003703465627040714,-0.0037140719359740615,0.0379986531016252,0,0.0027309609782579783,-0.004477928107003775,0.0379986531016252,32_P7_0
44413,150,2026-02-15 10:11:19.390000+00:00,124401.10396835014,426812.3224253533,9.187474218265718,0.0007877202151576057,0.0009937642607837915,0.005460195021909087,0,0.0012676039398166166,3.53665822563004e-05,0.005460195021909087,27_KW_1
44414,168,2026-02-15 10:11:24.370000+00:00,124669.37072926332,426931.3140727208,13.791994349925101,-0.006002708032610826,0.006332148448564112,-0.009345670010127094,0,0.0016163640232346862,-0.008574145732597273,-0.009345670010127094,908_GSL_1
44415,112,2026-02-15 10:11:30.600000+00:00,124413.95465892114,426875.863851019,10.706832491365448,0.0039242963248398155,-0.0034150464343838394,0.037566884444784066,0,0.0023765583699377527,-0.004627592690419919,0.037566884444784066,31_P7_0
44416,119,2026-02-15 10:11:35.020000+00:00,124400.81505881734,426811.3440361054,3.9897925779171612,0.0009074302652152255,0.0009072240791283548,0.00625844883097848,0,0.0012717714096315347,0.00017053649938557155,0.00625844883097848,28_KW_1
44417,161,2026-02-15 10:11:46.910000+00:00,124402.99404387096,426879.6408839443,6.585928301520351,0.002640124366735108,-0.006622942688409239,0.044303980696629,0,0.004540972448617008,-0.0054966531404740376,0.044303980696629,34a_P7_0
44418,169,2026-02-15 10:11:52.830000+00:00,124669.37670114492,426931.3100114915,13.812774263999565,-0.0023763033968862146,0.00785193860065192,0.0010190511266721103,0,0.0014604185673625174,-0.008072603993171189,0.0010190511266721103,908_GSL_1
44419,72,2026-02-15 10:12:34.520000+00:00,124390.52465248147,426780.88841178676,10.992592682648626,0.0006927786162123084,0.0014808550477027893,0.005507361081868112,0,0.00044925827782501724,-0.0015719544787281758,0.005507361081868112,18_P6_1
44420,130,2026-02-15 10:15:20.600000+00:00,124898.95177442534,426720.7959189112,4.124780600506222,0.013401428077486344,0.026242212392389774,0.03471786803602761,0,0.0022384747777748314,-0.02938096690772107,0.03471786803602761,901_GSL_1
44421,138,2026-02-15 10:15:20.790000+00:00,123928.08519522085,426940.4311984792,7.11740062413534,-0.001423657828127034,-0.0005226728389970958,-0.0005354394625873837,0,0.0004582366453405736,-0.0014456858874180396,-0.0005354394625873837,905_GSL_1
44422,133,2026-02-15 10:15:22.150000+00:00,124806.21967930255,426258.50760969374,4.591497798572741,-0.0022167909773997962,-0.0038741196040064096,0.0033406943881750806,0,0.0021504632060760256,0.003911326238367384,0.0033406943881750806,903_GSL_1
44423,139,2026-02-15 10:15:23.020000+00:00,123928.08753902074,426940.4342134237,7.138400501747729,0.0006690970476483926,0.0031094111036509275,0.0017986710084736401,0,0.0003949124373704559,0.00315597408694837,0.0017986710084736401,905_GSL_1
44424,134,2026-02-15 10:15:24.560000+00:00,123855.61446995934,426533.0743705449,6.0554923362780055,7.817929144948721e-06,7.248297333717346e-05,0.009649417380225067,0,6.792631707918838e-06,7.25862355711702e-05,0.009649417380225067,904_GSL_1
44425,132,2026-02-15 10:15:37.790000+00:00,124806.26626695086,426258.5298157648,4.622959067947434,0.052132663084194064,0.02467401436297223,0.04032689373711307,0,0.0047096248940939126,-0.05748426722496497,0.04032689373711307,903_GSL_1
44426,125,2026-02-15 10:15:37.810000+00:00,124339.65873709599,426609.5909696549,6.676405168184783,0.0008715323638170958,-0.00026419153437018394,0.002889230055669323,0,-0.00013493741245101346,0.0009006429496390408,0.002889230055669323,17_P5_1
44427,137,2026-02-15 10:15:40.890000+00:00,123928.0862318876,426940.4308704158,7.13478391214751,-0.003167374277836643,-0.0029581552371382713,0.011920221181980217,0,-0.0005426813228461306,-0.004299818508349364,0.011920221181980217,905_GSL_1
44428,153,2026-02-15 10:15:40.980000+00:00,124370.27707301037,426819.4974589036,9.737158381910426,0.003234205491025932,-0.0016641936381347477,0.0110779047974372,0,0.0007554199275155025,-0.0035579441193620415,0.0110779047974372,29_KW_1
44429,143,2026-02-15 10:15:42.150000+00:00,124266.91984707183,427056.315436398,7.109942995017113,0.00027964373293798417,0.001209522015415132,0.004401256794335673,0,0.0010132824581433341,0.0007172187833320987,0.004401256794335673,906_GSL_1
44430,146,2026-02-15 10:15:54.530000+00:00,124350.92575072129,426607.5122715331,11.37936544407,-0.0005158536514500156,0.00040613627061247826,4.393084591747254e-05,0,0.0002880292946103953,-0.0005899921910225292,4.393084591747254e-05,13_P5_1
44431,135,2026-02-15 10:15:54.600000+00:00,123855.63645896412,426533.0381556007,6.060823799901868,0.022808685884228908,-0.03847932058852166,0.03962535278351087,0,0.0027301078105008846,-0.044647964971123735,0.03962535278351087,904_GSL_1
44432,5,2026-02-15 10:15:54.800000+00:00,124424.61764149301,426919.1407286017,8.782393227869814,0.00043871549132745713,-0.005619167350232601,0.014567405863500582,11,-0.005632460719861478,-0.0002071212965107378,0.014567405863500582,TS4
44433,141,2026-02-15 10:15:56.900000+00:00,124266.92131203532,427056.31457456306,7.095515331932219,0.002683283877559006,5.626003257930279e-05,0.0113806316691214,0,-2.6093168072750994e-05,0.0026837467662605293,0.0113806316691214,906_GSL_1
44434,152,2026-02-15 10:15:57.520000+00:00,124370.27730999459,426819.49994038005,9.73438728423676,0.001538332726340741,0.000770342128816992,0.005466333008881108,0,0.00039551031712467804,0.0016743554465552314,0.005466333008881108,29_KW_1
44435,136,2026-02-15 10:15:57.960000+00:00,123855.61404708617,426533.0769207089,6.033394933713758,-0.0017230256198672578,0.0028121827635914087,0.01110239127701984,0,-0.00024780288443232657,0.0032887357621168927,0.01110239127701984,904_GSL_1
44436,148,2026-02-15 10:16:12.990000+00:00,124351.04057635125,426607.39874246286,8.016298986680274,-0.0005420634115580469,0.0002865681308321655,0.0008425714678921281,0,0.00016515101876180363,-0.0005904906237702069,0.0008425714678921281,14_P5_1
44437,122,2026-02-15 10:16:14.080000+00:00,124329.15117007101,426611.39078684855,8.089605714934594,0.0016191679605981335,-0.0012520602904260159,0.00594187649219613,0,-0.00080042777793536,0.0018837927772976143,0.00594187649219613,16_P5_1
44438,150,2026-02-15 10:16:14.290000+00:00,124401.10392944881,426812.322462924,9.187298855870969,0.0007488188857678324,0.0010313349775969982,0.00528483262715973,0,0.001274381051675401,-1.8289199771392913e-05,0.00528483262715973,27_KW_1
44439,140,2026-02-15 10:16:16.510000+00:00,123928.08795642368,426940.43365169724,7.14498568079578,0.0004326912167016417,-0.0007869796827435493,0.009411974593436234,0,-0.00045811517786346786,-0.0007724565967567419,0.009411974593436234,905_GSL_1
44440,120,2026-02-15 10:16:29.970000+00:00,124329.26240445304,426611.3296362276,11.362775093072672,0.0021526178752537817,-0.0015388625324703753,0.004743926425799572,0,-0.0009407785390904605,0.0024732159936184427,0.004743926425799572,15_P5_1
44441,128,2026-02-15 10:16:30.220000+00:00,124898.93793649632,426720.77755271975,4.079539870494273,-0.002364903179113753,0.00828868494136259,-0.0018520605094067832,0,0.0014504717045659794,-0.008496540292260537,-0.0018520605094067832,901_GSL_1
44442,129,2026-02-15 10:16:30.300000+00:00,124898.94083354896,426720.77295187174,4.086776956465439,0.001161850173957646,0.0004492016159929335,-0.004907788780174727,0,0.0011005265758416275,-0.0005835402080425797,-0.004907788780174727,901_GSL_1
44443,145,2026-02-15 10:16:34.710000+00:00,124266.92062705196,427056.31442707253,7.119754923414321,0.0023032991302898154,-0.0003195350873284042,0.011787987122675148,0,-0.0018593075748582365,0.0013965188497483928,0.011787987122675148,906_GSL_1
44444,6,2026-02-15 10:16:34.910000+00:00,124399.04022054258,426925.07417116675,8.556258583657167,0.0010497982002561912,-0.0012780481483787298,0.008951887835609185,11,-0.0016539253160533021,3.7920645329741033e-06,0.008951887835609185,TS5
44445,131,2026-02-15 10:16:47.360000+00:00,124806.21850274221,426258.50354860513,4.612218082313234,-4.175394133199006e-05,-0.002735459362156689,0.000713609540671456,0,0.0009123830870679229,0.0025791545932843662,0.000713609540671456,903_GSL_1
44446,149,2026-02-15 10:16:47.470000+00:00,124351.04139050592,426607.39790266607,8.017023823019626,7.88138568168506e-05,0.001170200586784631,0.004797979051827994,0,-0.0011680297414887724,0.00010624293075359567,0.004797979051827994,14_P5_1
44447,3,2026-02-15 10:16:47.560000+00:00,124314.90333362645,426440.79308700236,7.0495809451804465,-0.0039057254762155935,-0.0029902812093496323,-0.0288481503106377,11,-0.004876979293868838,0.0006415186464348701,-0.0288481503106377,TS2
44448,124,2026-02-15 10:16:49.340000+00:00,124339.65945026776,426609.5894806576,6.680122987817604,0.0016845445352373645,-0.0007612464250996709,0.005692791984410306,0,-0.00019639582894913422,0.0018381009464380567,0.005692791984410306,17_P5_1
44449,154,2026-02-15 10:16:49.540000+00:00,124285.66645031195,426445.56154671614,7.895722471369448,0.0018253119487781078,-0.0022782838786952198,-0.005877528630551687,11,-0.0029184527780110577,7.053031117333407e-05,-0.005877528630551687,TS1-1
44450,147,2026-02-15 10:17:03.020000+00:00,124350.92760621183,426607.5111496326,11.377656770942956,0.0010988662397721782,0.001156892511062324,0.003437129270512429,0,-0.0013160115804535274,-0.0009022310209560211,0.003437129270512429,13_P5_1
44451,126,2026-02-15 10:17:18.420000+00:00,124339.65880074396,426609.58931198856,6.674265033686334,0.0019801398157142103,0.0008218275033868849,0.003607844550876038,0,-0.0012398611618207038,-0.0017490278541259546,0.003607844550876038,17_P5_1
44452,121,2026-02-15 10:17:34.220000+00:00,124329.2612466486,426611.32844722946,11.358426266531295,0.0017038788937497884,0.0007307368796318769,0.004126744457172649,0,-0.0011764054930242798,-0.0014329165320431042,0.004126744457172649,15_P5_1
44453,123,2026-02-15 10:17:49.590000+00:00,124329.15223571318,426611.3910919755,8.082361480940332,0.002479101050994359,0.0008139558485709131,0.004245835886266036,0,-0.0014737390125728622,-0.002153267161149516,0.004245835886266036,16_P5_1
44454,4,2026-02-15 10:17:49.790000+00:00,124378.97097863274,426782.7411972299,7.761824601322113,-0.0008393404568778351,1.4322460629045963e-05,0.006748896349846767,11,-0.0005536337724392417,0.0006310207456534671,0.006748896349846767,TS3
44455,68,2026-02-15 10:21:20.570000+00:00,123928.08065365617,426940.42793536384,7.116994016001,-0.028296705684624612,-0.019799641391728073,-0.0018192650392263587,0,0.0016649704624716142,-0.034495756626031486,-0.0018192650392263587,905_GSL_1
44456,66,2026-02-15 10:21:21.950000+00:00,124898.9213359442,426720.72324617807,4.128662183890222,-0.016269719490082934,-0.05095897673163563,0.04637565348645811,0,0.0046515600889142725,0.05329056267821335,0.04637565348645811,901_GSL_1
44457,71,2026-02-15 10:21:22.560000+00:00,124806.22249658169,426258.50957160554,4.595703618188658,-0.0052653538004960865,-0.005534526542760432,0.004199955039390524,0,0.0019781343829850372,0.007378476743865953,0.004199955039390524,903_GSL_1
44458,68,2026-02-15 10:21:22.940000+00:00,123928.08771075697,426940.43437832966,7.132532375089073,-0.02123960488825105,-0.013356675568502396,0.01371909404884697,0,0.01563851386949487,-0.0196203588653435,0.01371909404884697,905_GSL_1
44459,67,2026-02-15 10:21:23.780000+00:00,123855.61517994384,426533.07558719366,6.051427066841198,-0.0028145303076598793,-0.015515511040575802,0.007018918503622018,0,-0.0003365070032886774,-0.01576513326108293,0.007018918503622018,904_GSL_1
44460,67,2026-02-15 10:21:38.840000+00:00,123855.6151606849,426533.0761797874,6.029817662474648,-0.0028337892435956746,-0.0149229172966443,-0.014590485862927771,0,0.01102834926101655,-0.010445062694720406,-0.014590485862927771,904_GSL_1
44461,68,2026-02-15 10:21:39.680000+00:00,123928.08747393855,426940.4318506361,7.136494407955772,-0.021476423309650272,-0.015884369146078825,0.01768112691554613,0,-0.00029793055969561344,-0.026710694089180646,0.01768112691554613,905_GSL_1
44462,69,2026-02-15 10:21:41.240000+00:00,124266.92148031449,427056.31583396136,7.109426541419795,-0.021116882169735618,0.0009955773130059242,0.018925170492362753,0,0.008923745838980545,-0.0191645674868479,0.018925170492362753,906_GSL_1
44463,69,2026-02-15 10:21:55.480000+00:00,124266.924552108,427056.31439459743,7.091239657611619,-0.018045088654616848,-0.00044378661550581455,0.0007382866841867397,0,0.0001093699721042471,-0.018050213553370654,0.0007382866841867397,906_GSL_1
44464,66,2026-02-15 10:21:57.900000+00:00,124898.94064358581,426720.77224977623,4.085987170644945,0.003037922127987258,-0.001955378567799926,0.0037006402411803307,0,0.0032479726620751165,0.001582134566191701,0.0037006402411803307,901_GSL_1
44465,68,2026-02-15 10:21:59.720000+00:00,123928.08799565666,426940.43254854763,7.143279728793656,-0.02095470519270748,-0.015186457603704184,0.02446644775343021,0,0.02044805006113689,-0.01586207467387624,0.02446644775343021,905_GSL_1
44466,66,2026-02-15 10:22:00.370000+00:00,124898.93944676594,426720.7735836318,4.078685699295562,0.001841102261096239,-0.0006215230096131563,-0.003600831108202307,0,0.0013915162871587547,0.001356329904508558,-0.003600831108202307,901_GSL_1
44467,67,2026-02-15 10:22:12.550000+00:00,123855.57991513851,426533.1214297762,6.059306870574607,-0.03807933563075494,0.03032707149395719,0.014898722237031592,0,0.014484237630634255,0.04647551966076972,0.014898722237031592,904_GSL_1
44468,66,2026-02-15 10:22:12.680000+00:00,124898.94165364596,426720.76864126744,4.085677936243249,0.00404798227827996,-0.005563887360040098,0.003391405839484385,0,0.0014151567247710597,0.006733523188110206,0.003391405839484385,901_GSL_1
44469,71,2026-02-15 10:22:16.690000+00:00,124806.21807201028,426258.50271051715,4.609570946988816,-0.009689925209386274,-0.012395614932756871,0.018067283839548587,0,-0.00477330522259555,0.014992047137620226,0.018067283839548587,903_GSL_1
44470,69,2026-02-15 10:22:19.980000+00:00,124266.92029762208,427056.3141304478,7.119994554696196,-0.02229957457166165,-0.0007079362403601408,0.02949318376876331,0,0.015320454622948045,-0.01621899719291251,0.02949318376876331,906_GSL_1
44471,149,2026-02-15 10:22:35.110000+00:00,124351.04203375427,426607.3978007263,8.017377574048284,0.0007220622064778581,0.0010682608117349446,0.005151730080486416,0,-0.0011685437061917405,-0.0005450326583168638,0.005151730080486416,14_P5_1
44472,147,2026-02-15 10:22:50.630000+00:00,124350.92777467272,426607.5112379956,11.375882945419063,0.0012673271266976371,0.001245255465619266,0.0016633037466196043,0,-0.001429886471021352,-0.0010546107816196686,0.0016633037466196043,13_P5_1
44473,164,2026-02-15 10:22:51.330000+00:00,124091.06427177494,427154.2066354062,9.841436429102446,-0.0310566764237592,0.011904464743565768,0.02680289747304876,0,0.0197025763607163,-0.02679630414947226,0.02680289747304876,907_GSL_1
44474,126,2026-02-15 10:23:05.830000+00:00,124339.65863779162,426609.5894069066,6.67320489858351,0.0018171874835388735,0.000916745571885258,0.00254770944805216,0,-0.0012963433424194634,-0.0015691037991370446,0.00254770944805216,17_P5_1
44475,122,2026-02-15 10:23:07.980000+00:00,124329.15114671465,426611.3906038007,8.089088100054994,0.0015958115982357413,-0.0014351081335917115,0.005424261612596126,0,-0.0009834176717748418,0.0019076267179418897,0.005424261612596126,16_P5_1
44476,107,2026-02-15 10:23:19.860000+00:00,124409.92311512872,426969.52395419223,6.297716552190058,0.0022976214240770787,-0.0004568608710542321,0.008636228760025233,0,0.00010252744040666378,0.002340357705104515,0.008636228760025233,38_P9_0
44477,121,2026-02-15 10:23:22.220000+00:00,124329.26125296108,426611.3284699179,11.357113746403911,0.0017101913690567017,0.0007534252945333719,0.0028142243297892833,0,-0.0011999542842713123,-0.0014326597324199688,0.0028142243297892833,15_P5_1
44478,120,2026-02-15 10:23:23.680000+00:00,124329.26226794758,426611.32933305355,11.362029278999852,0.0020161124120932072,-0.0018420365522615612,0.003998112352979533,0,-0.0012687059529578792,0.0024183037697926182,0.003998112352979533,15_P5_1
44479,106,2026-02-15 10:23:34.640000+00:00,124410.03477139569,426969.4492894824,8.932215282204545,0.0025675774668343365,-0.00027185853105038404,0.00832805786601476,0,0.0003534596470756405,0.0025576214315237242,0.00832805786601476,37_P9_0
44480,123,2026-02-15 10:23:37.510000+00:00,124329.1524352481,426611.3910329671,8.081832667651188,0.0026786359812831506,0.0007549474248662591,0.003717022597122366,0,-0.0014727860512385052,-0.0023613423262657694,0.003717022597122366,16_P5_1
44481,124,2026-02-15 10:23:43.970000+00:00,124339.65932537804,426609.58913870604,6.679239478572602,0.0015596548182656989,-0.0011031979811377823,0.004809282739408616,0,-0.00056025547571789,0.0018263851564371656,0.004809282739408616,17_P5_1
44482,102,2026-02-15 10:23:44.290000+00:00,124282.39477894385,426301.7937363281,6.904316373330108,0.0014899980305926874,0.0001784634659998119,0.0010183895633719686,0,-0.0005131067033721757,-0.0014102002874844732,0.0010183895633719686,02_P1_0
44483,110,2026-02-15 10:23:46.790000+00:00,124434.1437202838,426963.92851983174,8.791102713193228,0.0036344413238111883,-0.0035667417105287313,0.040042352935438785,0,-0.0027329966409972133,0.004296689368123997,0.040042352935438785,35_P9_0
44484,160,2026-02-15 10:23:50.750000+00:00,124421.81313734446,426965.6169278608,5.603819336916949,0.0019311838259454817,-0.0017101778066717088,0.011638107029610545,0,-0.0005454317260690325,0.0025212463846723196,0.011638107029610545,38a_P9_0
44485,118,2026-02-15 10:23:53.630000+00:00,124372.26218714772,426775.113009713,6.171562674187596,0.0021597857266897336,0.0003452142118476331,0.006030605197234529,0,-0.0016857215727714007,-0.0013936247760309793,0.006030605197234529,22_P6_1
44486,170,2026-02-15 10:24:00.080000+00:00,124669.37226968771,426931.31084287446,13.798534895340097,-0.01577712876314763,0.012345902738161385,0.012344764668709374,0,-9.234616843924306e-05,-0.020033236848154508,0.012344764668709374,908_GSL_1
44487,103,2026-02-15 10:24:00.250000+00:00,124282.31341360361,426301.79754300084,9.298443460260954,0.0016951964498730376,9.88476094789803e-05,0.0004919744698401729,0,-0.0004832308172879872,-0.0016278666501851565,0.0004919744698401729,01_P1_0
44488,111,2026-02-15 10:24:04.130000+00:00,124434.26539959536,426963.9717925639,6.507788837756319,0.0037088360404595733,-0.006271215446759015,0.04649632814155069,0,-0.0053511018659719006,0.004944625038834872,0.04649632814155069,36_P9_0
44489,162,2026-02-15 10:24:07.840000+00:00,124402.99731149955,426879.6457379637,6.555858240847234,0.0018833712383639067,-0.00199562415946275,0.011185197556667248,0,0.0021514666565791386,-0.0017031718154537395,0.011185197556667248,34a_P7_0
44490,74,2026-02-15 10:24:09.830000+00:00,124369.34755047983,426785.72565318004,7.2355131214307,0.0012372705241432413,-0.0008131166687235236,0.00545928667362805,0,-0.0014225857466601862,-0.0004101790587889779,0.00545928667362805,21_P6_1
44491,100,2026-02-15 10:24:17.830000+00:00,124292.48544571231,426345.9302320031,7.588371097984116,0.0017224390030605718,-2.9766233637928963e-06,-0.00012847098498180998,0,-0.00039326725249815117,-0.0016769453919741994,-0.00012847098498180998,06_P2_0
44492,92,2026-02-15 10:24:18.160000+00:00,124278.31726732886,426395.6369245574,11.104640258958408,0.0032915262854658067,-0.0013660677941516042,0.002851275731188707,0,0.0008719014004149134,-0.0034554412821063934,0.002851275731188707,11_P3_0
44493,104,2026-02-15 10:24:23.290000+00:00,124389.8179474671,426881.444426252,10.73393138065519,0.0008512568310834467,8.668383816257119e-05,0.008019512594982459,0,-0.00026087004826693224,-0.000814922755960364,0.008019512594982459,33_P7_0
44494,73,2026-02-15 10:24:25.740000+00:00,124369.49077614832,426785.69612530654,11.411767126488703,0.0014365838869707659,-0.0003413476515561342,0.005712510425627926,0,-0.001473089115431577,0.00010148862755962227,0.005712510425627926,20_P6_1
44495,93,2026-02-15 10:24:33.510000+00:00,124278.27158769252,426395.78965506126,7.952005208169432,0.003464112844085321,-0.001695041253697127,0.0032796878899139514,0,0.001167275752842893,-0.0036756917668810418,0.0032796878899139514,12_P3_0
44496,101,2026-02-15 10:24:33.830000+00:00,124292.40663973229,426345.88341705984,10.217281955234995,0.0013208614545874298,2.3533939383924007e-05,0.0016634576347112073,0,-0.0003275633796719477,-0.0012798168075219352,0.0016634576347112073,05_P2_0
44497,105,2026-02-15 10:24:38.440000+00:00,124389.68895744902,426881.4721977215,7.070617516818752,0.00027201166085433215,0.00024450733326375484,0.008321620095961713,0,-0.0002961128347616825,-0.00021468900472517365,0.008321620095961713,34_P7_0
44498,165,2026-02-15 10:24:43.910000+00:00,124091.06323967225,427154.2054608334,9.856151536617142,-0.020540954908938147,0.009309039742220193,0.005416042891122075,0,0.019940996145670114,-0.010533077528036843,0.005416042891122075,907_GSL_1
44499,98,2026-02-15 10:24:49.190000+00:00,124302.66253182173,426390.0779114262,7.980985793216352,0.0016861881740624085,0.0,0.0019349980854812543,0,-0.0003951117114697951,-0.0016392430060730486,0.0019349980854812543,10_P3_0
44500,94,2026-02-15 10:24:49.700000+00:00,124268.22717158582,426351.5544860191,10.217345241916384,0.002949086730950512,-0.001487001427449286,0.002851302625423102,0,0.0009240429387892216,-0.003170872189032281,0.002851302625423102,07_P2_0
44501,152,2026-02-15 10:25:00.940000+00:00,124370.27718513043,426819.4996646125,9.734182314321808,0.0014134685625322163,0.0004945746040903032,0.005261363093929106,0,0.00015589479488586935,0.0014893603422964715,0.005261363093929106,29_KW_1
44502,99,2026-02-15 10:25:05.090000+00:00,124302.53952558349,426390.1350691237,11.088809563471461,0.0014452923205681145,0.00025283172726631165,0.0010543607220938611,0,-0.0005883438889460811,-0.001344115040666324,0.0010543607220938611,09_P3_0
44503,95,2026-02-15 10:25:05.480000+00:00,124268.11207502065,426351.5473943564,7.197174892171204,0.0025271184131270275,-0.0017966536106541753,0.0035040339260836717,0,0.0013021986028075884,-0.0028139954636580908,0.0035040339260836717,08_P2_0
44504,117,2026-02-15 10:25:16.120000+00:00,124377.68176366693,426815.90628493385,7.623369265944094,0.0017465228447690606,0.0005788953276351094,0.005934225771634161,0,0.0005105069066986141,0.0017677229833520255,0.005934225771634161,26_KW_0
44505,96,2026-02-15 10:25:22.120000+00:00,124258.06472550551,426307.3507561096,9.309192644940286,0.0037473090778803453,-0.0016534673632122576,0.004647036764394485,0,0.0008874618066846442,-0.00399858614863411,0.004647036764394485,03_P1_0
44506,153,2026-02-15 10:25:23.100000+00:00,124370.2769878399,426819.497417532,9.737322719823585,0.0031490350229432806,-0.001705565198790282,0.011242242710595818,0,0.0008177259569517434,-0.003486645735140764,0.011242242710595818,29_KW_1
44507,166,2026-02-15 10:25:24.290000+00:00,124091.06129808998,427154.207139555,9.821220395910135,-0.010982745719957165,0.01811157545307651,-0.008633223152669345,0,0.02056880850954105,-0.0050570728133528895,-0.008633223152669345,907_GSL_1
44508,116,2026-02-15 10:25:31.200000+00:00,124377.6889910997,426815.9006900885,10.011215480861214,0.0016312081279465929,0.0006285249255597591,0.006155725584090277,0,0.0005649402094746785,0.0016543053220151457,0.006155725584090277,25_KW_0
44509,97,2026-02-15 10:25:38.050000+00:00,124257.99075412999,426307.38997429825,6.842323001319604,0.0028839211154263467,-0.001878406386822462,0.00526081072350415,0,0.0012753525651693458,-0.0031966994523372587,0.00526081072350415,04_P1_0
44510,125,2026-02-15 10:25:40.490000+00:00,124339.65835308522,426609.59082035057,6.6748156560454985,0.00048752159636933357,-0.00041349587263539433,0.0012997179163845018,0,-0.0003383811613077846,0.0005423599665213176,0.0012997179163845018,17_P5_1
44511,115,2026-02-15 10:25:47.440000+00:00,124396.29098148372,426811.63477634755,7.652940813318013,0.0008907239098334685,0.0008620111038908362,0.006668520544966583,0,0.0011973080760539644,0.00032078902380859803,0.006668520544966583,24_KW_0
44512,113,2026-02-15 10:25:58.120000+00:00,124414.07509718125,426875.9126659923,7.343623640083348,-0.0021374329226091504,-0.0025661459076218307,0.04027369495807154,0,0.0029994640121054307,0.0014686524292500784,0.04027369495807154,32_P7_0
44513,146,2026-02-15 10:25:59.710000+00:00,124350.92564086971,426607.51216153934,11.380572801152983,-0.000625705230049789,0.000296142534352839,0.0012512879289001688,0,0.00015731641681214655,-0.0006741357285932624,0.0012512879289001688,13_P5_1
44514,114,2026-02-15 10:26:02.920000+00:00,124396.30016234133,426811.6305421783,9.99642724272205,0.0011416963097872213,0.0010034224833361804,0.00574316507186623,0,0.0014477682188501371,0.0004629193540281151,0.00574316507186623,23_KW_0
44515,112,2026-02-15 10:26:13.940000+00:00,124413.94949965345,426875.86485913495,10.708844194778823,-0.001234971365192905,-0.0024069304927252233,0.03957858785815915,0,0.002632550439585823,0.0006230143278395797,0.03957858785815915,31_P7_0
44516,148,2026-02-15 10:26:17.100000+00:00,124351.04062071013,426607.3985303772,8.015923460924537,-0.0004977045318810269,7.448246469721198e-05,0.0004670457121545013,0,-3.2711898621374746e-05,-0.0005021826065196488,0.0004670457121545013,14_P5_1
44517,150,2026-02-15 10:26:19.500000+00:00,124401.10408138874,426812.3224714165,9.18735704431722,0.0009007588087115437,0.0010398274753242731,0.005343021073411336,0,0.0013722058232854834,9.827913538538919e-05,0.005343021073411336,27_KW_1
44518,161,2026-02-15 10:26:30.270000+00:00,124402.98852443568,426879.6433973727,6.588310118635205,-0.0028793109086109325,-0.0041095142951235175,0.04668579781148274,0,0.00498740400960137,0.0005516704589541058,0.04668579781148274,34a_P7_0
44519,168,2026-02-15 10:26:34.470000+00:00,124669.37016029177,426931.31372621487,13.793256546451488,-0.006571679579792544,0.005985642492305487,-0.008083473483740278,0,0.0010022576191483236,-0.008832347831127038,-0.008083473483740278,908_GSL_1
44520,119,2026-02-15 10:26:35.720000+00:00,124400.81502785244,426811.34401482285,3.989931625388797,0.0008764653612161055,0.0008859415538609028,0.006397496302614325,0,0.0012360632326590816,0.000158844739093023,0.006397496302614325,28_KW_1
44521,169,2026-02-15 10:26:53.350000+00:00,124669.37600682369,426931.31102337106,13.813164561554848,-0.0030706246325280517,0.008863818133249879,0.0014093486819550805,0,0.001303119200135772,-0.009289665649712852,0.0014093486819550805,908_GSL_1
44522,72,2026-02-15 10:27:35.020000+00:00,124390.52481138772,426780.8884166617,10.99259083813171,0.0008516848611179739,0.0014857299975119531,0.005505516564952018,0,0.0006053822013750167,-0.0016019591500480747,0.005505516564952018,18_P6_1
44523,138,2026-02-15 10:30:19.850000+00:00,123928.08890698907,426940.4341352585,7.117933350311275,0.0022881103941472247,0.0024141064495779574,-2.713286652245017e-06,0,0.0005081684186066769,0.003287114841928899,-2.713286652245017e-06,905_GSL_1
44524,133,2026-02-15 10:30:21.210000+00:00,124806.21632516809,426258.50605376513,4.59273084212461,-0.005570925437496044,-0.005430048215202987,0.004573737940043898,0,0.0017297462635347766,0.007584761809928979,0.004573737940043898,903_GSL_1
44525,130,2026-02-15 10:30:21.710000+00:00,124898.92751200203,426720.7380412411,4.127342231218376,-0.010860995229450054,-0.031635457708034664,0.03727949874818126,0,0.0021861406165220977,0.03337640170802987,0.03727949874818126,901_GSL_1
44526,139,2026-02-15 10:30:22.600000+00:00,123928.08709146321,426940.43276963965,7.135200251655595,0.00022153952158987522,0.0016656270599924028,-0.0014015790836605646,0,0.0003407476646802354,0.0016453827188894906,-0.0014015790836605646,905_GSL_1
44527,134,2026-02-15 10:30:23.710000+00:00,123855.61447707521,426533.07246550516,6.055302458243274,1.4933801139704883e-05,-0.001832556794397533,0.009459539345493262,0,-0.00038005785895087185,-0.0017927753475990016,0.009459539345493262,904_GSL_1
44528,125,2026-02-15 10:30:36.680000+00:00,124339.65993122628,426609.5906907675,6.675178280838014,0.0020656626584241167,-0.0005430789315141737,0.0016623427088999776,0,-0.00023760661694378877,0.0021226021859611123,0.0016623427088999776,17_P5_1
44529,132,2026-02-15 10:30:40.110000+00:00,124806.1738427838,426258.47649166157,4.624391444137897,-0.04029150397400372,-0.028650088876020163,0.04175926992757617,0,0.0046559878321320875,0.0492194541050391,0.04175926992757617,903_GSL_1
44530,137,2026-02-15 10:30:40.430000+00:00,123928.08583464952,426940.4301112531,7.136691323253327,-0.003564612357877195,-0.003717317944392562,0.013827632287797265,0,-0.0009253667385609891,-0.0050664198760859485,0.013827632287797265,905_GSL_1
44531,143,2026-02-15 10:30:40.850000+00:00,124266.91985279339,427056.3150096697,7.111281840569276,0.00028536529862321913,0.0007827936788089573,0.005740102346498688,0,0.0006162254116367322,0.0005607722704402564,0.005740102346498688,906_GSL_1
44532,153,2026-02-15 10:30:41.860000+00:00,124370.27634696248,426819.49749510677,9.737914560691614,0.0025081576022785157,-0.001627990452107042,0.011834083578625254,0,0.0009113596560162649,-0.0028479169663817657,0.011834083578625254,29_KW_1
44533,146,2026-02-15 10:30:53.930000+00:00,124350.92609946242,426607.5118943173,11.379167154316338,-0.00016711252101231366,2.892047632485628e-05,-0.0001543589077446228,0,-7.025308772161665e-06,-0.00016945097717807159,-0.0001543589077446228,13_P5_1
44534,141,2026-02-15 10:30:56.780000+00:00,124266.91752010213,427056.31368216063,7.093994498386182,-0.0011086493177572265,-0.0008361423970200121,0.009859798123083685,0,-0.0008017333968344183,-0.0011337817154365652,0.009859798123083685,906_GSL_1
44535,152,2026-02-15 10:30:56.830000+00:00,124370.27722113287,426819.4998206696,9.73430900412889,0.0014494710048893467,0.0006506316713057458,0.00538805290101152,0,0.00029947213144071504,0.0015603218284095737,0.00538805290101152,29_KW_1
44536,135,2026-02-15 10:30:57.800000+00:00,123855.58569419454,426533.1133450855,6.060885827104476,-0.02795608369342517,0.036710164218675345,0.03968737998611882,0,0.0025227097855297386,0.04607401336734078,0.03968737998611882,904_GSL_1
44537,136,2026-02-15 10:30:57.880000+00:00,123855.61105901116,426533.08199884853,6.0357311543721455,-0.004711100627901033,0.007890322420280427,0.013438611935407074,0,-0.0007952769979494427,0.00915528216488831,0.013438611935407074,904_GSL_1
44538,5,2026-02-15 10:30:58+00:00,124424.61743030189,426919.13918447995,8.783893221067315,0.00022752437507733703,-0.007163289119489491,0.016067399061000742,11,-0.007159265906700509,-0.0003307416330107187,0.016067399061000742,TS4
44539,148,2026-02-15 10:31:11.440000+00:00,124351.04096941039,426607.3984537142,8.0161000318904,-0.00014900427777320147,-2.1805171854794025e-06,0.000643616678017267,0,-3.371638906877243e-05,-0.00014515589742780934,0.000643616678017267,14_P5_1
44540,150,2026-02-15 10:31:13.440000+00:00,124401.10396647725,426812.3222358143,9.187545950665188,0.000785847325460054,0.0008042252738960087,0.005531927421378313,0,0.0011147208366227767,0.00014741698173835517,0.005531927421378313,27_KW_1
44541,122,2026-02-15 10:31:13.550000+00:00,124329.15105710359,426611.39042073075,8.088923730628307,0.0015062005404615775,-0.0016181780956685543,0.00525989218590972,0,-0.0011832299310074155,0.001867379808115222,0.00525989218590972,16_P5_1
44542,140,2026-02-15 10:31:16.180000+00:00,123928.08824654491,426940.43581915577,7.145234522845239,0.0007228124450193718,0.0013804788468405604,0.009660816642895753,0,-0.0006774274877047135,0.001403307406148491,0.009660816642895753,905_GSL_1
44543,128,2026-02-15 10:31:28.640000+00:00,124898.93887329988,426720.7745134312,4.075373791702349,-0.0014280996256275102,0.005249396373983473,-0.0060181393013305495,0,0.0009814135463049039,-0.00535093059972165,-0.0060181393013305495,901_GSL_1
44544,120,2026-02-15 10:31:28.980000+00:00,124329.26221390006,426611.32949177135,11.362537456904297,0.001962064896360971,-0.001683318754658103,0.004506290257424439,0,-0.0011289531735423556,0.0023256666612531426,0.004506290257424439,15_P5_1
44545,129,2026-02-15 10:31:30.020000+00:00,124898.94071656691,426720.77483209694,4.0883942847977774,0.0010448681277921423,0.0023294268175959587,-0.0032904604478360966,0,0.0007618577966309681,-0.0024367091333853735,-0.0032904604478360966,901_GSL_1
44546,145,2026-02-15 10:31:35.950000+00:00,124266.92136603556,427056.31506003503,7.119621477474131,0.00304228272580076,0.00031342741567641497,0.011654541182484657,0,-0.0019375217824363377,0.0023663749219403115,0.011654541182484657,906_GSL_1
44547,6,2026-02-15 10:31:36.150000+00:00,124399.04040248664,426925.0744249115,8.556184174507713,0.0012317422660999,-0.0010243033757433295,0.008877478686155627,11,-0.0015733376725540946,0.00030165374815864873,0.008877478686155627,TS5
44548,131,2026-02-15 10:31:45.830000+00:00,124806.21772828029,426258.50172862795,4.613725102973181,-0.000816215862869285,-0.004555436549708247,0.0022206302006182455,0,0.0008193651947498644,0.004554871147557277,0.0022206302006182455,903_GSL_1
44549,3,2026-02-15 10:31:46.030000+00:00,124314.90374920997,426440.7934080553,7.04984852655102,-0.003490141956717707,-0.0026692282408475876,-0.028580568940064666,11,-0.004356615178299416,0.0005707665617314678,-0.028580568940064666,TS2
44550,124,2026-02-15 10:31:48.030000+00:00,124339.65901075616,426609.58924024727,6.678966820368667,0.0012450329377315938,-0.0010016567539423704,0.0045366245354738766,0,-0.0005621732575261995,0.0014957889213646793,0.0045366245354738766,17_P5_1
44551,149,2026-02-15 10:31:48.200000+00:00,124351.04223485745,426607.3976677137,8.017567371866425,0.0009231653821188956,0.0009352482156828046,0.005341527898627518,0,-0.0010688211086484053,-0.0007645554168195985,0.005341527898627518,14_P5_1
44552,154,2026-02-15 10:31:48.230000+00:00,124285.66682682348,426445.56157765794,7.895713791442486,0.0022018234740244225,-0.0022473420831374824,-0.005886208557512873,11,-0.00313057327826466,0.000313183650309139,-0.005886208557512873,TS1-1
44553,147,2026-02-15 10:32:03.840000+00:00,124350.9281903605,426607.51120053796,11.377291180698032,0.0016830149106681347,0.0012077978462912142,0.0030715390255888764,0,-0.0014585917753691142,-0.0014709945138791445,0.0030715390255888764,13_P5_1
44554,126,2026-02-15 10:32:20.380000+00:00,124339.65883249327,426609.58941585,6.672906013664241,0.0020118891261518,0.0009256889461539686,0.0022488245287828335,0,-0.0013481744989234414,-0.0017569927152415931,0.0022488245287828335,17_P5_1
44555,121,2026-02-15 10:32:36.990000+00:00,124329.26134297386,426611.3286584596,11.357417022067722,0.0018002041470026597,0.0009419670095667243,0.0031174999935998926,0,-0.0014061062984314211,-0.0014665953414316909,0.0031174999935998926,15_P5_1
44556,123,2026-02-15 10:32:52.430000+00:00,124329.15255222499,426611.39094592055,8.081318227846726,0.002795612861518748,0.0006679008947685361,0.00320258279266028,0,-0.0014218602075581636,-0.0024979704615716155,0.00320258279266028,16_P5_1
44557,4,2026-02-15 10:32:52.630000+00:00,124378.97094083487,426782.74140221503,7.761440579224421,-0.0008771383290877566,0.00021930760703980923,0.006364874252154706,11,-0.0007344440769057065,0.0005273133534801803,0.006364874252154706,TS3
44558,68,2026-02-15 10:36:20.390000+00:00,123928.0828686686,426940.429044186,7.117803127477517,-0.026081693256855942,-0.01869081921176985,-0.0010101535627091707,0,0.0011858382063540532,-0.03206548352512622,-0.0010101535627091707,905_GSL_1
44559,66,2026-02-15 10:36:22.010000+00:00,124898.93077189487,426720.7453364137,4.127876606152336,-0.006833768813521601,-0.028868741123005748,0.04559007574857166,0,0.0048337175847860915,0.029270117603698027,0.04559007574857166,901_GSL_1
44560,68,2026-02-15 10:36:23.220000+00:00,123928.08694762526,426940.4326657692,7.133258016751809,-0.02200273660128005,-0.015069236047565937,0.014444735711583334,0,0.015793384118079793,-0.021488864816489362,0.014444735711583334,905_GSL_1
44561,67,2026-02-15 10:36:24.810000+00:00,123855.61568242268,426533.07579247694,6.054115916910369,-0.002312051467015408,-0.01531022775452584,0.00970776857279354,0,-0.0007879441221262807,-0.01546375762685086,0.00970776857279354,904_GSL_1
44562,71,2026-02-15 10:36:27.180000+00:00,124806.21969145475,426258.50650905597,4.588234611262882,-0.008070480733294971,-0.00859707611380145,-0.003269051886385377,0,0.0031292723363945067,0.011368818391444945,-0.003269051886385377,903_GSL_1
44563,71,2026-02-15 10:36:38.070000+00:00,124806.17977347584,426258.4789519407,4.62663927595153,-0.04798845964251086,-0.036154191358946264,0.03513561280226263,0,0.007302757402455876,0.0596379706730626,0.03513561280226263,903_GSL_1
44564,68,2026-02-15 10:36:41+00:00,123928.08738971966,426940.431051589,7.134151060786785,-0.02156064219889231,-0.01668341620825231,0.015337779746558589,0,-0.0008962781692576354,-0.02724691457486047,0.015337779746558589,905_GSL_1
44565,69,2026-02-15 10:36:42.220000+00:00,124266.91932103541,427056.31430608156,7.1090772450820054,-0.023276161242392845,-0.0005323024815879762,0.018575874154572958,0,0.008328073151101918,-0.02174180824365055,0.018575874154572958,906_GSL_1
44566,67,2026-02-15 10:36:43.590000+00:00,123855.61286475381,426533.0775126049,6.021939835726107,-0.0051297203317517415,-0.013590099813882262,-0.022468312611469088,0,0.0121106831499038,-0.008020984807111034,-0.022468312611469088,904_GSL_1
44567,67,2026-02-15 10:36:55.790000+00:00,123855.58896532301,426533.10666014825,6.0634750454354425,-0.029029151133727282,0.01555744354845956,0.019066897097866686,0,0.015287452730622026,0.029172237732427782,0.019066897097866686,904_GSL_1
44568,69,2026-02-15 10:36:56.890000+00:00,124266.92263902695,427056.3135095342,7.0947697054560095,-0.019958169708843343,-0.001328849873971194,0.004268334528577,0,-0.0007166435718249804,-0.01998951730546556,0.004268334528577,906_GSL_1
44569,66,2026-02-15 10:36:58.620000+00:00,124898.94023214011,426720.7710619309,4.078147958219626,0.0026264764310326427,-0.0031432238756679,-0.004138572184138489,0,0.0010096233505131932,0.003969747531699871,-0.004138572184138489,901_GSL_1
44570,66,2026-02-15 10:37:00.310000+00:00,124898.94065730323,426720.7748600505,4.082262837587608,0.003051639549084939,0.0006548956735059619,-2.3692816156106744e-05,0,0.002952698075044768,-0.0010114179938794255,-2.3692816156106744e-05,901_GSL_1
44571,68,2026-02-15 10:37:04.120000+00:00,123928.08760013702,426940.43296888977,7.136112425735545,-0.021350224837078713,-0.01476611546240747,0.017299144695319235,0,0.02085702398150829,-0.015454928569157143,0.017299144695319235,905_GSL_1
44572,66,2026-02-15 10:37:13.380000+00:00,124898.94238580519,426720.7675052794,4.085090044809464,0.004780141505762003,-0.0066998754045926034,0.002803514405699481,0,0.0016180341962434648,0.008069699411499804,0.002803514405699481,901_GSL_1
44573,71,2026-02-15 10:37:16.510000+00:00,124806.21747068975,426258.50223654497,4.6090335720605236,-0.010291245736880228,-0.012869587109889835,0.017529908911256165,0,-0.005172239905598332,0.01564557271418449,0.017529908911256165,903_GSL_1
44574,69,2026-02-15 10:37:25.180000+00:00,124266.91980995845,427056.3124009672,7.110619872348894,-0.02278723820927553,-0.0024374168715439737,0.020118501421461765,0,0.0144473245700471,-0.017789717225961385,0.020118501421461765,906_GSL_1
44575,149,2026-02-15 10:37:36.420000+00:00,124351.04167038223,426607.39721015934,8.01609152384756,0.00035869015846401453,0.0004776938585564494,0.003865679879762496,0,-0.0005281695083178986,-0.0002790824658854765,0.003865679879762496,14_P5_1
44576,164,2026-02-15 10:37:51.380000+00:00,124091.06064942048,427154.20557616395,9.83852533156989,-0.03467903088312596,0.010845222510397434,0.023891799940493286,0,0.019640255253108575,-0.030569828391497005,0.023891799940493286,907_GSL_1
44577,147,2026-02-15 10:37:53.040000+00:00,124350.92777705692,426607.51050463296,11.374970544581299,0.001269711327040568,0.0005118928384035826,0.0007509029088552666,0,-0.0007061154251889915,-0.001172860664501187,0.0007509029088552666,13_P5_1
44578,110,2026-02-15 10:37:58.200000+00:00,124434.14125254378,426963.92725111975,8.79267927717352,0.0011667013022815809,-0.0048354536993429065,0.04161891691573061,0,-0.004487141842993732,0.0021467096888236554,0.04161891691573061,35_P9_0
44579,122,2026-02-15 10:38:08.980000+00:00,124329.15170728616,426611.3904826068,8.089499455107529,0.0021563831105595455,-0.0015563020715489984,0.005835616665130772,0,-0.0009584705406649642,0.002480604458613178,0.005835616665130772,16_P5_1
44580,126,2026-02-15 10:38:09.120000+00:00,124339.65882780109,426609.5890580795,6.67163750401889,0.0020071969483979046,0.0005679184687323868,0.0009803148834324205,0,-0.0009982443234816867,-0.0018316329456039464,0.0009803148834324205,17_P5_1
44581,111,2026-02-15 10:38:14.980000+00:00,124434.26293832925,426963.9705890537,6.509487279012714,0.0012475699331844226,-0.007474725658539683,0.04819476939794587,0,-0.007045266447659255,0.0027914467736469568,0.04819476939794587,36_P9_0
44582,107,2026-02-15 10:38:24.490000+00:00,124409.92262133183,426969.5224298399,6.28895675836694,0.0018038245325442404,-0.0019812132231891155,-0.00012356506309352255,0,-0.0014955091162391974,0.0022231601973751926,-0.00012356506309352255,38_P9_0
44583,120,2026-02-15 10:38:24.680000+00:00,124329.26187226009,426611.3295696169,11.361899116118085,0.0016204249259317294,-0.0016054732259362936,0.003867949471212384,0,-0.0011405610834898413,0.0019754598539599884,0.003867949471212384,15_P5_1
44584,121,2026-02-15 10:38:26.490000+00:00,124329.261321518,426611.32782210305,11.355191427110384,0.0017787482938729227,0.00010561046656221151,0.0008919050362621306,0,-0.0005968706647942159,-0.0016789414739982545,0.0008919050362621306,15_P5_1
44585,106,2026-02-15 10:38:39.120000+00:00,124410.03419750981,426969.4477371428,8.923708248867033,0.0019936915923608467,-0.001824198116082698,-0.0001789754714973668,0,-0.0012913161080055121,0.0023738171036066552,-0.0001789754714973668,37_P9_0
44586,123,2026-02-15 10:38:42.020000+00:00,124329.15251977244,426611.3903323752,8.080527042327573,0.002763160315225832,5.435553612187505e-05,0.002411397273506921,0,-0.0008236516114176256,-0.0026381067974885256,0.002411397273506921,16_P5_1
44587,102,2026-02-15 10:38:43.520000+00:00,124282.39517621497,426301.7927556274,6.902833801684534,0.0018872691434808075,-0.0008022371912375093,-0.0004641820822017806,0,0.0003513510293679037,-0.002020376644366477,-0.0004641820822017806,02_P1_0
44588,124,2026-02-15 10:38:44.470000+00:00,124339.65947815466,426609.58939881145,6.67890688016804,0.0017124314326792955,-0.0008430925663560629,0.0044766843348469365,0,-0.0002654273653956167,0.0018901785102926282,0.0044766843348469365,17_P5_1
44589,160,2026-02-15 10:38:55.150000+00:00,124421.8124424088,426965.6152847188,5.595325202032447,0.0012362481647869572,-0.0033533198293298483,0.003143972145108087,0,-0.002318400753533953,0.0027199414237679973,0.003143972145108087,38a_P9_0
44590,118,2026-02-15 10:38:57.920000+00:00,124372.26202048904,426775.1124849084,6.169777796209012,0.001993127050809562,-0.00017959042452275753,0.004245727218650686,0,-0.001181640131188381,-0.0016150958985813174,0.004245727218650686,22_P6_1
44591,103,2026-02-15 10:38:59.930000+00:00,124282.3134186208,426301.79679997195,9.297163191500701,0.0017002136446535587,-0.0006441812729462981,-0.0007882942904124945,0,0.00023903446255208987,-0.0018023757864533369,-0.0007882942904124945,01_P1_0
44592,170,2026-02-15 10:38:59.980000+00:00,124669.37428141317,426931.3103127888,13.801320777468373,-0.013765403302386403,0.011815817095339298,0.015130646796984948,0,0.0007387536646120738,-0.018126061478735116,0.015130646796984948,908_GSL_1
44593,162,2026-02-15 10:39:12.580000+00:00,124402.99671746013,426879.6443831032,6.54714454519394,0.0012893318198621273,-0.003350484708789736,0.0024715019033729746,0,0.0034497084326228704,-0.0009937988002777464,0.0024715019033729746,34a_P7_0
44594,74,2026-02-15 10:39:14.520000+00:00,124369.34722531038,426785.72517932375,7.23368568648687,0.0009121010807575658,-0.001286972954403609,0.0036318517297981856,0,-0.0012524098713253776,-0.0009590084885402342,0.0036318517297981856,21_P6_1
44595,100,2026-02-15 10:39:17+00:00,124292.48545125226,426345.929231648,7.586332907337491,0.0017279789462918416,-0.0010033317375928164,-0.0021666616316071696,0,0.000578998189534851,-0.0019124191253499447,-0.0021666616316071696,06_P2_0
44596,92,2026-02-15 10:39:17.780000+00:00,124278.31775101485,426395.63696369407,11.104216634366473,0.003775212273467332,-0.0013269311166368425,0.0024276511392535838,0,0.000762678821585605,-0.003928268691566588,0.0024276511392535838,11_P3_0
44597,104,2026-02-15 10:39:28.020000+00:00,124389.81738254885,426881.44302511605,10.725246747809528,0.000286338574369438,-0.001314452092628926,-0.0006651202506784415,0,0.001226812304089916,-0.0005520014977534717,-0.0006651202506784415,33_P7_0
44598,73,2026-02-15 10:39:30.420000+00:00,124369.49067676943,426785.695500925,11.409873792040317,0.0013372050016187131,-0.00096572918118909,0.0038191759772416844,0,-0.001563993836066474,-0.0005240928815585348,0.0038191759772416844,20_P6_1
44599,93,2026-02-15 10:39:32.860000+00:00,124278.27200092634,426395.7896799107,7.951430954930266,0.0038773466658312827,-0.0016701918211765587,0.0027054346507480176,0,0.001081907089320965,-0.004080788518979521,0.0027054346507480176,12_P3_0
44600,101,2026-02-15 10:39:33.880000+00:00,124292.40621995476,426345.8826737724,10.214776128420798,0.0009010839276015759,-0.000719753501471132,-0.000842369179485658,0,0.0004925077653269669,-0.0010428007712667239,-0.000842369179485658,05_P2_0
44601,105,2026-02-15 10:39:42.910000+00:00,124389.68848740199,426881.4708239192,7.062100339965951,-0.00019803536997642368,-0.0011292949202470481,-0.00019555675683857743,0,0.0011457139397427337,-4.318093255905004e-05,-0.00019555675683857743,34_P7_0
44602,165,2026-02-15 10:39:48.200000+00:00,124091.06276421978,427154.20455766807,9.85376208041048,-0.021016407379647717,0.008405874425079674,0.0030265866844594314,0,0.01951837330820203,-0.011462164167345804,0.0030265866844594314,907_GSL_1
44603,94,2026-02-15 10:39:48.880000+00:00,124268.2274903782,426351.55456929177,10.216962219823749,0.0032678791030775756,-0.0014037287328392267,0.0024682805327884694,0,0.0007839968549628696,-0.003469126276043847,0.0024682805327884694,07_P2_0
44604,98,2026-02-15 10:39:50.160000+00:00,124302.6619424839,426390.07715809246,7.979925142685682,0.0010968503484036773,-0.0007539161015301943,0.0008743475548111945,0,0.00047548491259228514,-0.0012431348570597085,0.0008743475548111945,10_P3_0
44605,95,2026-02-15 10:40:04.370000+00:00,124268.1126420021,426351.54749699315,7.196422423810167,0.0030940998694859445,-0.001694016857072711,0.002751565565046299,0,0.0010972084703916596,-0.0033525036445767277,0.002751565565046299,08_P2_0
44606,152,2026-02-15 10:40:05.030000+00:00,124370.27707860622,426819.4992793362,9.732323796181785,0.0013069443521089852,0.00010929827112704515,0.003402844953905415,0,-0.00019449910692540093,0.0012970041437814135,0.003402844953905415,29_KW_1
44607,99,2026-02-15 10:40:08.100000+00:00,124302.53896573263,426390.1345045592,11.088435574195138,0.0008854414627421647,-0.0003117327578365803,0.0006803714457710441,0,9.287927820866928e-05,-0.0009341077753293893,0.0006803714457710441,09_P3_0
44608,96,2026-02-15 10:40:20.790000+00:00,124258.06490535008,426307.35097993346,9.309246341872187,0.003927153651602566,-0.0014296434819698334,0.004700733696296311,0,0.0006327368785319052,-0.004131108850100648,0.004700733696296311,03_P1_0
44609,117,2026-02-15 10:40:21.120000+00:00,124377.6814864634,426815.9057147596,7.621479593483962,0.0014693193224957213,8.721079211682081e-06,0.004044553311502774,0,-4.844096577639656e-05,0.0014685464928004667,0.004044553311502774,26_KW_0
44610,166,2026-02-15 10:40:26.690000+00:00,124091.06172956892,427154.2062639395,9.822138829389619,-0.010551266779657453,0.017235959938261658,-0.007714789673185507,0,0.019604176395127324,-0.004907526211605637,-0.007714789673185507,907_GSL_1
44611,153,2026-02-15 10:40:32.660000+00:00,124370.27668993191,426819.4962057897,9.728639064425835,0.002851127035683021,-0.0029173075454309583,0.0025585873128459724,0,0.002065167768029934,-0.0035177678687089787,0.0025585873128459724,29_KW_1
44612,116,2026-02-15 10:40:36.310000+00:00,124377.68878974332,426815.9001252603,10.0094209676904,0.0014298517489805818,6.36967015452683e-05,0.004361212413275695,0,8.335298132493174e-06,0.0014312455472963463,0.004361212413275695,25_KW_0
44613,97,2026-02-15 10:40:36.930000+00:00,124257.99091699706,426307.38999353995,6.842773389393643,0.0030467881879303604,-0.0018591646803542972,0.0057111987975426715,0,0.0012244865834920588,-0.003352617511383726,0.0057111987975426715,04_P1_0
44614,113,2026-02-15 10:40:40.530000+00:00,124414.07721493162,426875.9104129891,7.344717702302753,-1.9682556740008295e-05,-0.004819149093236774,0.04136775717747643,0,0.004686619975220058,-0.0011225767651938084,0.04136775717747643,32_P7_0
44615,125,2026-02-15 10:40:42.930000+00:00,124339.6588496582,426609.5899928489,6.673571918512171,0.0009840945713222027,-0.001240997517015785,5.598038305709707e-05,0,-0.0010850716368732082,0.0011537488918297906,5.598038305709707e-05,17_P5_1
44616,115,2026-02-15 10:40:53.820000+00:00,124396.29076073001,426811.6341052511,7.651098168578314,0.0006699702062178403,0.0001909146667458117,0.004825875805267721,0,0.000508203934463621,0.0004764842580756845,0.004825875805267721,24_KW_0
44617,112,2026-02-15 10:40:57+00:00,124413.94944290686,426875.86336790334,10.71007177191937,-0.0012917179556097835,-0.0038981621037237346,0.04080616499870615,0,0.004094024816498974,0.00032119132249036576,0.04080616499870615,31_P7_0
44618,146,2026-02-15 10:41:00.450000+00:00,124350.92470667291,426607.5114797553,11.377850643372385,-0.0015599020262015983,-0.0003856415278278291,-0.0014708698516976426,0,-0.0007063893277505501,-0.0014432698420508065,-0.0014708698516976426,13_P5_1
44619,114,2026-02-15 10:41:10.730000+00:00,124396.29989036745,426811.6298393338,9.994712895809363,0.0008697224257048219,0.0003005780163221061,0.004028818159179437,0,0.0007051366371380338,0.000591224631282964,0.004028818159179437,23_KW_0
44620,161,2026-02-15 10:41:12.810000+00:00,124402.98995456393,426879.64090823184,6.58961550621796,-0.0014491826586890966,-0.006598655134439468,0.0479911853942383,0,0.006483733033616266,-0.0018983113312369937,0.0479911853942383,34a_P7_0
44621,148,2026-02-15 10:41:17.900000+00:00,124351.04046111772,426607.39773215854,8.015457585307662,-0.0006572969432454556,-0.0007237361860461533,1.1700952793347597e-06,0,-0.0008466212829486494,-0.0004889434955604121,1.1700952793347597e-06,14_P5_1
44622,150,2026-02-15 10:41:26.810000+00:00,124401.10390641607,426812.3216950056,9.185663725379818,0.0007257861434482038,0.00026341655757278204,0.0036497021360091253,0,0.0006457194230946083,0.00042332048788509835,0.0036497021360091253,27_KW_1
44623,168,2026-02-15 10:41:34.520000+00:00,124669.37103083738,426931.31200727186,13.792532561059025,-0.005701133966795169,0.004266699485015124,-0.008807458876203711,0,0.0001189327441160204,-0.007119937359636739,-0.008807458876203711,908_GSL_1
44624,119,2026-02-15 10:41:42.740000+00:00,124400.81608135044,426811.34237131855,3.987738387525994,0.0019299633568152785,-0.0007575627532787621,0.004204258439811426,0,0.0005693077242777335,0.001993626995925443,0.004204258439811426,28_KW_1
44625,169,2026-02-15 10:42:00.420000+00:00,124669.37613568969,426931.3093105906,13.810275904827472,-0.0029417586338240653,0.007151037687435746,-0.001479308045420069,0,0.0006378098563901602,-0.007706132782005276,-0.001479308045420069,908_GSL_1
44626,72,2026-02-15 10:42:42.030000+00:00,124390.52455540656,426780.8876652452,10.990730561801323,0.0005957037064945325,0.0007343135075643659,0.00364524023456525,0,0.00047180141523830055,-0.0008194404541526753,0.00364524023456525,18_P6_1
44627,138,2026-02-15 10:45:19.920000+00:00,123928.08950398704,426940.4346239995,7.116680167521268,0.0028851083625340834,0.002902847481891513,-0.0012558960766595462,0,0.0005291653123536,0.00405836886432095,-0.0012558960766595462,905_GSL_1
44628,130,2026-02-15 10:45:20.500000+00:00,124898.92795356715,426720.73857112974,4.129046666414435,-0.010419430109323002,-0.03110556903993711,0.038983933944241045,0,0.0023889674005027526,0.03271717872709528,0.038983933944241045,901_GSL_1
44629,139,2026-02-15 10:45:22.620000+00:00,123928.08644616843,426940.43213927106,7.1329012430746115,-0.00042375526390969753,0.0010352584649808705,-0.003700587664644317,0,0.0007417651054951314,0.0008373249914313572,-0.003700587664644317,905_GSL_1
44630,133,2026-02-15 10:45:22.810000+00:00,124806.22121810965,426258.5081142687,4.583501122418588,-0.0006779838731745258,-0.003369544632732868,-0.004655981765977479,0,0.002522046540649467,0.0023351176439446613,-0.004655981765977479,903_GSL_1
44631,134,2026-02-15 10:45:23.980000+00:00,123855.61531713502,426533.07398469525,6.053511910854949,0.0008549936028430238,-0.0003133667050860822,0.007668991957168636,0,-0.0009003099878311844,-0.00013658213122665216,0.007668991957168636,904_GSL_1
44632,125,2026-02-15 10:45:37.820000+00:00,124339.65992898945,426609.5896868655,6.675357764063303,0.0020634258253267035,-0.0015469809295609593,0.0018418259341892451,0,-0.0012312055954337615,0.0022660558057609865,0.0018418259341892451,17_P5_1
44633,132,2026-02-15 10:45:38.510000+00:00,124806.19019384836,426258.4850899627,4.625975697867937,-0.02394043940876145,-0.02005178772378713,0.04334352365761607,0,0.005388871723009503,0.030760020994097956,0.04334352365761607,903_GSL_1
44634,137,2026-02-15 10:45:40.380000+00:00,123928.0845190069,426940.42984295543,7.135495396519873,-0.004880254986346699,-0.003985615621786565,0.012631705554342787,0,-0.00037229538439151447,-0.0062899456884103295,0.012631705554342787,905_GSL_1
44635,143,2026-02-15 10:45:42.210000+00:00,124266.91967105058,427056.3143935687,7.1083005880157035,0.00010362248576711863,0.0001666927128098905,0.0027588497929258438,0,0.0001149796912718367,0.000159071526853521,0.0027588497929258438,906_GSL_1
44636,153,2026-02-15 10:45:43.620000+00:00,124370.27669750192,426819.4960481322,9.728628274264365,0.002858697043848224,-0.0030749650322832167,0.0025477971513758746,0,0.0022152897974579396,-0.003566517888858804,0.0025477971513758746,29_KW_1
44637,135,2026-02-15 10:45:55.290000+00:00,123855.60056831539,426533.0902949159,6.059921063303479,-0.013081962839351036,0.013659994583576918,0.03872261618512152,0,0.003155959326460231,0.01864867621262273,0.03872261618512152,904_GSL_1
44638,146,2026-02-15 10:45:55.490000+00:00,124350.92717516195,426607.51087496034,11.378630064799147,0.0009085870115086436,-0.0009904364706017077,-0.0006914484249360697,0,-0.0007762049399325937,0.0010972696345950771,-0.0006914484249360697,13_P5_1
44639,5,2026-02-15 10:45:55.490000+00:00,124424.61730813167,426919.1427116236,8.785269473908112,0.00010535414912737906,-0.0036361454986035824,0.017443651901798418,11,-0.0036376573348040906,-1.0134016945283642e-05,0.017443651901798418,TS4
44640,141,2026-02-15 10:45:56.380000+00:00,124266.9209895429,427056.31330393517,7.09103861789618,0.0023607914481544867,-0.0012143678613938391,0.006903917633081846,0,-0.0012862308848922061,0.0023224202193433937,0.006903917633081846,906_GSL_1
44641,152,2026-02-15 10:45:58.120000+00:00,124370.27714864841,426819.4992889756,9.732452747301092,0.00137698654725682,0.00011893769260495901,0.0035317960732133002,0,-0.00020124246602396664,0.0013673842166403128,0.0035317960732133002,29_KW_1
44642,136,2026-02-15 10:45:59.410000+00:00,123855.61466844508,426533.0757888656,6.020771963413729,-0.0011016667122021317,0.001680339511949569,-0.001520579023009283,0,-8.957284917363438e-05,0.0020072835188094597,-0.001520579023009283,904_GSL_1
44643,122,2026-02-15 10:46:12.990000+00:00,124329.15096257646,426611.3904199526,8.089059162212457,0.0014116734091658145,-0.0016189562738873065,0.00539532377005969,0,-0.0012079621620981833,0.0017761386899237306,0.00539532377005969,16_P5_1
44644,148,2026-02-15 10:46:14.540000+00:00,124351.04011368481,426607.39766474784,8.013616176407089,-0.0010047298565041274,-0.0007911468856036663,-0.0018402388052933816,0,-0.0009861481152981261,-0.0008141912391110203,-0.0018402388052933816,14_P5_1
44645,150,2026-02-15 10:46:14.730000+00:00,124401.10376267937,426812.3216300524,9.185353391587459,0.0005820494407089427,0.00019846338545903563,0.0033393683436493404,0,0.0005076022161331275,0.0003471444324401481,0.0033393683436493404,27_KW_1
44646,140,2026-02-15 10:46:18.500000+00:00,123928.08767515441,426940.4320857459,7.134855722913583,0.00015142194752115756,-0.002352931012865156,-0.0007179832887604931,0,-0.00022804983861336454,-0.002346743750093343,-0.0007179832887604931,905_GSL_1
44647,120,2026-02-15 10:46:28.780000+00:00,124329.26237156283,426611.32933221594,11.362026750240087,0.0021197276655584574,-0.001842874160502106,0.003995583593214391,0,-0.001243168705019855,0.002518722318644814,0.003995583593214391,15_P5_1
44648,129,2026-02-15 10:46:31.320000+00:00,124898.9402609566,426720.7732808443,4.081311301983996,0.0005892578192288056,0.0007781742024235427,-0.010373443261617155,0,0.0004930276732986603,-0.0008424390661653304,-0.010373443261617155,901_GSL_1
44649,128,2026-02-15 10:46:33.040000+00:00,124898.93865868119,426720.7731562226,4.075196247269668,-0.0016427183145424351,0.003892187785822898,-0.006195683734011581,0,0.00020119696592419507,-0.00421985414462929,-0.006195683734011581,901_GSL_1
44650,145,2026-02-15 10:46:36.600000+00:00,124266.91984681773,427056.3122293326,7.110995063660769,0.001523064900538884,-0.002517275046557188,0.003028127369122835,0,-0.002854588793452549,-0.0007125469609563524,0.003028127369122835,906_GSL_1
44651,6,2026-02-15 10:46:36.800000+00:00,124399.04022985409,426925.0742643585,8.555433365062349,0.001059109708876349,-0.0011848564026877284,0.008126669240791529,11,-0.001352307453687187,0.0008347829784610642,0.008126669240791529,TS5
44652,124,2026-02-15 10:46:48.680000+00:00,124339.65867077096,426609.5892414621,6.678638213926879,0.0009050477383425459,-0.0010004419018514454,0.004208018093685872,0,-0.0006673200517008044,0.0011724672090327858,0.004208018093685872,17_P5_1
44653,154,2026-02-15 10:46:48.880000+00:00,124285.66727154165,426445.56134644273,7.895616651332048,0.002646541644935496,-0.0024785572895780206,-0.005983348667951027,11,-0.003622587382148262,0.00015585113024431288,-0.005983348667951027,TS1-1
44654,149,2026-02-15 10:46:49+00:00,124351.04170433508,426607.39725275146,8.0142997188461,0.0003926430072169751,0.0005202859756536782,0.002073874878302462,0,-0.000575572227651634,-0.00030591279531007684,0.002073874878302462,14_P5_1
44655,131,2026-02-15 10:46:50.130000+00:00,124806.21727168905,426258.50185351213,4.608316752362939,-0.0012728071014862508,-0.004430552362464368,-0.003187720409623118,0,0.00034784014721453476,0.004596611728884462,-0.003187720409623118,903_GSL_1
44656,3,2026-02-15 10:46:50.330000+00:00,124314.90421499251,426440.79331672215,7.05853248154555,-0.003024359422852285,-0.002760561415925622,-0.019896613945534547,11,-0.0040604086352169525,0.0005296517391156975,-0.019896613945534547,TS2
44657,147,2026-02-15 10:47:05.500000+00:00,124350.92790738879,426607.5106381768,11.375089862352892,0.0014000431983731687,0.0006454366957768798,0.0008702206804489521,0,-0.0008585777770575457,-0.0012804505794091672,0.0008702206804489521,13_P5_1
44658,126,2026-02-15 10:47:20.870000+00:00,124339.65827191877,426609.58898073825,6.671391609745902,0.0014513146306853741,0.0004905771929770708,0.00073442061044382,0,-0.0007997424976443062,-0.0013066721382857802,0.00073442061044382,17_P5_1
44659,121,2026-02-15 10:47:38.940000+00:00,124329.26163625698,426611.3278193587,11.354447492502498,0.0020934872736688703,0.00010286609176546335,0.0001479704283759986,0,-0.0006818999886257148,-0.001981989607278724,0.0001479704283759986,15_P5_1
44660,123,2026-02-15 10:47:56.320000+00:00,124329.1519533626,426611.3908081319,8.079813578733818,0.0021967504726490006,0.0005301122437231243,0.0016979336797522393,0,-0.001122351551163765,-0.0019613920122273014,0.0016979336797522393,16_P5_1
44661,4,2026-02-15 10:47:56.520000+00:00,124378.97098462317,426782.74126146105,7.761711245370558,-0.0008333500300068408,7.855362491682172e-05,0.006635540398291617,11,-0.0008369226288965622,1.4263861358077116e-05,0.006635540398291617,TS3
44662,68,2026-02-15 10:51:20.530000+00:00,123928.08190401085,426940.42883198365,7.119469129961725,-0.027046351009630598,-0.018903021584264934,0.0006558489214993912,0,0.0016085332955919317,-0.032958184849719865,0.0006558489214993912,905_GSL_1
44663,66,2026-02-15 10:51:21.810000+00:00,124898.93585125337,426720.761506997,4.131461745879596,-0.0017544103175168857,-0.012698157806880772,0.04917521547583181,0,0.003280807752769205,0.012391830685577747,0.04917521547583181,901_GSL_1
44664,68,2026-02-15 10:51:22.920000+00:00,123928.08599257468,426940.431855519,7.134841181396778,-0.022957787179620937,-0.015879486221820116,0.016027900356552216,0,0.016427337926862046,-0.02256901955093358,0.016027900356552216,905_GSL_1
44665,67,2026-02-15 10:51:23.670000+00:00,123855.61594473028,426533.0744003558,6.053364036451432,-0.002049743867246434,-0.016702348890248686,0.008955888113856503,0,-0.0013226382229567502,-0.016775593476955734,0.008955888113856503,904_GSL_1
44666,71,2026-02-15 10:51:28.010000+00:00,124806.21870786749,426258.50733724306,4.581893694528032,-0.009054067995748483,-0.007768889016006142,-0.009609968621234977,0,0.0019097732186215517,0.011776440466800386,-0.009609968621234977,903_GSL_1
44667,71,2026-02-15 10:51:38.310000+00:00,124806.22257407801,426258.5073134461,4.621254050227395,-0.005187857474084012,-0.007792685995809734,0.029750387078127716,0,0.004152859880090707,0.008390087902819105,0.029750387078127716,903_GSL_1
44668,68,2026-02-15 10:51:39.980000+00:00,123928.08613687706,426940.4305204475,7.134959517202434,-0.022813484800281003,-0.017214557738043368,0.016146236162208005,0,-0.0005930787576958598,-0.0285734902389654,0.016146236162208005,905_GSL_1
44669,69,2026-02-15 10:51:41.920000+00:00,124266.91966009572,427056.31410917774,7.1081868912332435,-0.022937100933631882,-0.0007292063091881573,0.017685520305811053,0,0.008017343101511195,-0.021502663804134296,0.017685520305811053,906_GSL_1
44670,67,2026-02-15 10:51:44.840000+00:00,123855.61368650022,426533.07759981987,6.027781372730491,-0.004307973926188424,-0.013502884830813855,-0.01662677560708481,0,0.011393209833827366,-0.008430973122085112,-0.01662677560708481,904_GSL_1
44671,67,2026-02-15 10:51:55.560000+00:00,123855.60982933227,426533.08050626883,6.064151613120437,-0.008165141873178072,-0.010596435866318643,0.019743464782861153,0,0.012706093589197307,-0.004184397278066355,0.019743464782861153,904_GSL_1
44672,69,2026-02-15 10:51:56.140000+00:00,124266.9233610518,427056.3134363439,7.0942496170986376,-0.019236144857131876,-0.001402040128596127,0.0037482461712050608,0,-0.0008119108150049248,-0.019270074891272037,0.0037482461712050608,906_GSL_1
44673,66,2026-02-15 10:51:57.660000+00:00,124898.93965260615,426720.771067161,4.083148543943243,0.002046942463493906,-0.003137993800919503,0.0008620135394785677,0,0.0004892968358451838,0.0037145076591515625,0.0008620135394785677,901_GSL_1
44674,66,2026-02-15 10:51:59.520000+00:00,124898.94014194557,426720.774688702,4.083699916082399,0.002536281885113567,0.0004835472209379077,0.0014133856786342491,0,0.0024612390366378647,-0.0007802859220580111,0.0014133856786342491,901_GSL_1
44675,68,2026-02-15 10:52:04.110000+00:00,123928.08752775996,426940.43475961755,7.136186576449521,-0.021422601901576854,-0.01297538768267259,0.01737329540929533,0,0.020987808886536025,-0.013667495596901986,0.01737329540929533,905_GSL_1
44676,66,2026-02-15 10:52:13.570000+00:00,124898.9406495119,426720.7710007982,4.082515539491128,0.003043848220841028,-0.003204356587957591,0.0002290090873637851,0,0.0014650889849650236,0.0041697035146924365,0.0002290090873637851,901_GSL_1
44677,71,2026-02-15 10:52:14.310000+00:00,124806.2166848624,426258.50118239404,4.60927149114614,-0.011077073082560673,-0.01392373803537339,0.01776782799687293,0,-0.005542340523507716,0.01690723189867514,0.01776782799687293,903_GSL_1
44678,69,2026-02-15 10:52:22.560000+00:00,124266.92063166155,427056.3135847972,7.111598453137819,-0.02196553511021193,-0.0012535868445411325,0.021097082210386198,0,0.014698800660797153,-0.016370750495591484,0.021097082210386198,906_GSL_1
44679,149,2026-02-15 10:52:38.320000+00:00,124351.04106717065,426607.39710292715,8.015787851460068,-0.0002445214195176959,0.0003704616683535278,0.003562007492270425,0,-0.0003273862346331769,0.00029975127304973816,0.003562007492270425,14_P5_1
44680,164,2026-02-15 10:52:51.490000+00:00,124091.0631629129,427154.2057045865,9.838821417327692,-0.032165538461413234,0.010973645083140582,0.024187885698294664,0,0.019098602101436504,-0.028112028541078183,0.024187885698294664,907_GSL_1
44681,147,2026-02-15 10:52:54.910000+00:00,124350.9270735659,426607.5105270366,11.375715141299382,0.0005662203038809821,0.0005342965014278889,0.0014954996269391785,0,-0.0006170629569805023,-0.00047466987590074906,0.0014954996269391785,13_P5_1
44682,110,2026-02-15 10:52:57.020000+00:00,124434.14043321724,426963.9308242149,8.794322220934317,0.0003473747638054192,-0.0012623585644178092,0.043261860676528485,0,-0.001162517535141866,0.0006023050325005955,0.043261860676528485,35_P9_0
44683,122,2026-02-15 10:53:08.170000+00:00,124329.15193921338,426611.3901527761,8.088841009167933,0.0023883103276602924,-0.001886132755316794,0.005177170725534808,0,-0.001218698079674956,0.0027886014384426307,0.005177170725534808,16_P5_1
44684,126,2026-02-15 10:53:10.220000+00:00,124339.65771174514,426609.58898616675,6.672740215054409,0.000891140996827744,0.0004960056976415217,0.0020830259189512645,0,-0.000681005218464247,-0.0007592007776237201,0.0020830259189512645,17_P5_1
44685,111,2026-02-15 10:53:13.930000+00:00,124434.26135401023,426963.9743904885,6.511079183565389,-0.0003367490862729028,-0.0036732908338308334,0.04978667395062075,0,-0.0036619646449436824,0.0004432611376984721,0.04978667395062075,36_P9_0
44686,107,2026-02-15 10:53:22.880000+00:00,124409.922311249,426969.522945355,6.2896604121668,0.0014937416999600828,-0.0014656981220468879,0.0005800887367666263,0,-0.0010684940778672594,0.0017994042505045961,0.0005800887367666263,38_P9_0
44687,120,2026-02-15 10:53:24.190000+00:00,124329.26255677632,426611.3292625868,11.362411710244139,0.002304941153852269,-0.001912503328640014,0.00438054359726614,0,-0.0012634109407922212,0.002715550680703175,0.00438054359726614,15_P5_1
44688,121,2026-02-15 10:53:27.040000+00:00,124329.26095239009,426611.32776379643,11.355999843432508,0.0014096203813096508,4.730385262519121e-05,0.0017003213583866028,0,-0.00043805611711839255,-0.0013406618187044442,0.0017003213583866028,15_P5_1
44689,106,2026-02-15 10:53:37.760000+00:00,124410.03394631881,426969.44822655676,8.92392852620602,0.0017425005935365334,-0.001334784145001322,4.1301867488741095e-05,0,-0.0008766445168884926,0.002012324880140238,4.1301867488741095e-05,37_P9_0
44690,102,2026-02-15 10:53:40.140000+00:00,124282.39364191625,426301.79302643856,6.903152747604563,0.00035297042632009834,-0.0005314260488376021,-0.00014523616217321234,0,0.0004370765885733435,-0.0004647212314504531,-0.00014523616217321234,02_P1_0
44691,123,2026-02-15 10:53:42.620000+00:00,124329.15207017667,426611.3902865525,8.081659280174657,0.002313564546057023,8.532835636287928e-06,0.003543635120591304,0,-0.0006541248004579413,-0.0022191832874915705,0.003543635120591304,16_P5_1
44692,124,2026-02-15 10:53:43.680000+00:00,124339.65999876129,426609.5888770667,6.678492997526101,0.0022330380597850308,-0.0013648373424075544,0.004062801692907847,0,-0.0005982531176118487,0.0025478094816815313,0.004062801692907847,17_P5_1
44693,160,2026-02-15 10:53:53.790000+00:00,124421.81223066658,426965.6157743952,5.595726823568714,0.0010245059384033084,-0.0028636434581130743,0.003545593681375081,0,-0.0019951183570132364,0.00229555418461997,0.003545593681375081,38a_P9_0
44694,103,2026-02-15 10:53:56.920000+00:00,124282.31310184741,426301.79690105637,9.297824826647037,0.0013834402489010245,-0.0005430968594737351,-0.00012665914407605783,0,0.00021293594612114772,-0.001470890683871189,-0.00012665914407605783,01_P1_0
44695,118,2026-02-15 10:53:58.930000+00:00,124372.26180012448,426775.1121968221,6.170025903352096,0.001772762494510971,-0.00046767666935920715,0.00449383436173445,0,-0.0008197871594680279,-0.0016399260172882872,0.00449383436173445,22_P6_1
44696,170,2026-02-15 10:53:59.980000+00:00,124669.37476868017,426931.30980466754,13.800270657554115,-0.013278136306325905,0.011307695822324604,0.01408052688272754,0,0.0006421004653601503,-0.017428729029162503,0.01408052688272754,908_GSL_1
44697,162,2026-02-15 10:54:11.110000+00:00,124402.99652365832,426879.6448967171,6.547598911578935,0.001095530009479262,-0.002836870786268264,0.0029258682883677167,0,0.002921220029293915,-0.000845278297428727,0.0029258682883677167,34a_P7_0
44698,100,2026-02-15 10:54:13.990000+00:00,124292.48485515108,426345.9292356581,7.586708713733679,0.0011318777687847614,-0.0009993216372095048,-0.0017908552354191087,0,0.0007122006775576748,-0.0013313756843771197,-0.0017908552354191087,06_P2_0
44699,74,2026-02-15 10:54:15.120000+00:00,124369.3470932328,426785.72491629544,7.233972153591041,0.0007800235034665093,-0.0015500012668780982,0.003918318833968648,0,-0.0012042195107166032,-0.0012493181993765005,0.003918318833968648,21_P6_1
44700,92,2026-02-15 10:54:17.680000+00:00,124278.31812669101,426395.6368326727,11.104732350715533,0.004150888431468047,-0.0014579524868167937,0.0029433674883136973,0,0.0008375211105685822,-0.004319034453863792,0.0029433674883136973,11_P3_0
44701,104,2026-02-15 10:54:26.610000+00:00,124389.81726542686,426881.4436392651,10.725769424737383,0.00016921658243518323,-0.0007003030623309314,-0.0001424433228240929,0,0.0006501665373718548,-0.00031039024559901385,-0.0001424433228240929,33_P7_0
44702,101,2026-02-15 10:54:30.520000+00:00,124292.40670130489,426345.88255224825,10.215585130572155,0.001382434056722559,-0.000841277651488781,-3.336702812894998e-05,0,0.0004997321848854798,-0.0015392010107424094,-3.336702812894998e-05,05_P2_0
44703,73,2026-02-15 10:54:30.720000+00:00,124369.49036054747,426785.6952043022,11.410172558063486,0.0010209830361418426,-0.001262351986952126,0.004117942000410935,0,-0.0013503865541194791,-0.0009013296031445513,0.004117942000410935,20_P6_1
44704,93,2026-02-15 10:54:33.270000+00:00,124278.27224049346,426395.78952952044,7.951151263108184,0.0041169137839460745,-0.0018205820815637708,0.0024257428286666993,0,0.0011953955121902743,-0.004339876471697278,0.0024257428286666993,12_P3_0
44705,105,2026-02-15 10:54:41.460000+00:00,124389.68833213717,426881.4712870082,7.062566913217064,-0.00035330018727108836,-0.0006662059458903968,0.0002710164942740789,0,0.0007254792176656625,0.000205745691086649,0.0002710164942740789,34_P7_0
44706,98,2026-02-15 10:54:46.820000+00:00,124302.66186603486,426390.0771352523,7.979644153206442,0.0010204013087786734,-0.0007767562638036907,0.0005933580755712597,0,0.0005156295860933309,-0.0011741785444559607,0.0005933580755712597,10_P3_0
44707,94,2026-02-15 10:54:48.780000+00:00,124268.22768401563,426351.55444289016,10.217163430033974,0.0034615165350260213,-0.0015301303355954587,0.0026694907430133696,0,0.000872932534355169,-0.0036825784929356608,0.0026694907430133696,07_P2_0
44708,165,2026-02-15 10:54:50.400000+00:00,124091.06395404151,427154.20521595434,9.85188771904887,-0.01982658564520534,0.009064160694833845,0.0011522253228495316,0,0.01930981208022304,-0.010118481352204271,0.0011522253228495316,907_GSL_1
44709,99,2026-02-15 10:55:03.190000+00:00,124302.53884390237,426390.1344355707,11.08824779976426,0.0007636111986357719,-0.00038072129245847464,0.0004925970148921266,0,0.00018879165764452773,-0.0008321108551251107,0.0004925970148921266,09_P3_0
44710,95,2026-02-15 10:55:04.480000+00:00,124268.11282368463,426351.54730985523,7.197002761578343,0.003275782393757254,-0.0018811547779478133,0.003331903333222641,0,0.0012477945702218372,-0.003565459619792488,0.003331903333222641,08_P2_0
44711,152,2026-02-15 10:55:08.030000+00:00,124370.27677015557,426819.4989894419,9.732625455159784,0.000998493705992587,-0.0001805960200726986,0.0037045039319050233,0,-0.0004055944018315123,0.000930106329714967,0.0037045039319050233,29_KW_1
44712,113,2026-02-15 10:55:15.100000+00:00,124414.07865625813,426875.9135982487,7.346460054244574,0.0014216439594747499,-0.0016338895075023174,0.043110109119297135,0,0.0012506136646152956,-0.0017682284728266057,0.043110109119297135,32_P7_0
44713,96,2026-02-15 10:55:21.070000+00:00,124258.065057423,426307.3508062363,9.309058641263517,0.00407922656449955,-0.001603340613655746,0.004513033087626184,0,0.000773268100070802,-0.004314260879146007,0.004513033087626184,03_P1_0
44714,166,2026-02-15 10:55:21.320000+00:00,124091.06003312678,427154.20551878377,9.824115922433888,-0.012247708917129785,0.016490804206114262,-0.005737696628916211,0,0.01940104840552413,-0.006749245724497369,-0.005737696628916211,907_GSL_1
44715,117,2026-02-15 10:55:23.220000+00:00,124377.68124913567,426815.9053477992,7.621664259602114,0.0012319915840635076,-0.0003582393401302397,0.004229219429654485,0,-0.0004058828407351558,0.0012171268658677371,0.004229219429654485,26_KW_0
44716,153,2026-02-15 10:55:26.290000+00:00,124370.27662279671,426819.4965407546,9.728988713097024,0.0027839918329846114,-0.0025823425967246294,0.0029082359840355565,0,0.0017596425292415374,-0.0033649312002280167,0.0029082359840355565,29_KW_1
44717,112,2026-02-15 10:55:31.610000+00:00,124413.95007898682,426875.86655983044,10.710431827547703,-0.0006556379958055913,-0.0007062350050546229,0.041166220627038896,0,0.0008426189083963977,0.000467570785145243,0.041166220627038896,31_P7_0
44718,97,2026-02-15 10:55:37.080000+00:00,124257.99102994101,426307.3900892177,6.841959024302891,0.003159732135827653,-0.0017634869436733425,0.0048968337067911705,0,0.0011084761375147814,-0.0034445716748601183,0.0048968337067911705,04_P1_0
44719,125,2026-02-15 10:55:37.400000+00:00,124339.65843366078,426609.5897764215,6.67287339147408,0.0005680971516994759,-0.001457424950785935,-0.0006425466550341596,0,-0.0013595692522929944,0.0007735588595329451,-0.0006425466550341596,17_P5_1
44720,116,2026-02-15 10:55:38.620000+00:00,124377.68859274221,426815.8998172382,10.00951210954062,0.001232850641827099,-0.00024432537611573935,0.00445235426349555,0,-0.0002918262672258299,0.0012224782305728908,0.00445235426349555,25_KW_0
44721,161,2026-02-15 10:55:47.030000+00:00,124402.99038029573,426879.6441312023,6.591066853023266,-0.0010234508663415909,-0.0033756846678443253,0.049442532199543976,0,0.0034524129804994327,-0.0007235628961006973,0.049442532199543976,34a_P7_0
44722,146,2026-02-15 10:55:55.530000+00:00,124350.92500198993,426607.51121675456,11.378246164512571,-0.0012645850074477494,-0.0006486422498710454,-0.0010753487115113813,0,-0.000901088550031633,-0.0010990684393527481,-0.0010753487115113813,13_P5_1
44723,115,2026-02-15 10:55:55.590000+00:00,124396.29050616175,426811.6338523591,7.651581455832272,0.00041540194069966674,-6.19773636572063e-05,0.0053091630592252415,0,0.00016041445391927183,0.00038815869037898515,0.0053091630592252415,24_KW_0
44724,114,2026-02-15 10:56:12.230000+00:00,124396.29967265017,426811.62943905964,9.99500811783841,0.0006520051538245752,-9.969616075977683e-05,0.004324040188226519,0,0.0002498884392582938,0.0006104144600262196,0.004324040188226519,23_KW_0
44725,148,2026-02-15 10:56:13.070000+00:00,124351.04009748796,426607.39762446564,8.015262514755,-0.0010209267056779936,-0.000831429089885205,-0.0001939004573827674,0,-0.001028948941023446,-0.0008214802168284944,-0.0001939004573827674,14_P5_1
44726,150,2026-02-15 10:56:28.120000+00:00,124401.10364496893,426812.321339331,9.185554127800348,0.00046433899842668325,-9.225803660228848e-05,0.003540104556538637,0,0.00020430718928487215,0.00042706067857404054,0.003540104556538637,27_KW_1
44727,168,2026-02-15 10:56:30.230000+00:00,124669.36931138446,426931.31267911615,13.791019419476076,-0.007420586887747049,0.004938543774187565,-0.010320600459152729,0,-0.00034365163494297417,-0.008907088633328581,-0.010320600459152729,908_GSL_1
44728,119,2026-02-15 10:56:45.030000+00:00,124400.81448339389,426811.34298616,3.9881588305348115,0.000332006806274876,-0.00014272128464654088,0.004624701448628699,0,8.808226261507296e-05,0.00035048452107990636,0.004624701448628699,28_KW_1
44729,169,2026-02-15 10:57:01.820000+00:00,124669.37601980548,426931.3084400967,13.811576735762328,-0.003057642839848995,0.006280543748289347,-0.0001784771105644012,0,0.00013819735556163401,-0.006983932345117039,-0.0001784771105644012,908_GSL_1
44730,72,2026-02-15 10:57:43.730000+00:00,124390.52434189012,426780.88742133096,10.990872785676942,0.00038218726695049554,0.0004903992521576583,0.0037874641101840467,0,0.00029965283242318645,-0.0005447629884239948,0.0037874641101840467,18_P6_1
44731,138,2026-02-15 11:00:19.740000+00:00,123928.08853660127,426940.4351866589,7.1174901679190405,0.0019177225913153961,0.003465506888460368,-0.00044589567888664305,0,0.0015662820897524017,0.003637878275386431,-0.00044589567888664305,905_GSL_1
44732,130,2026-02-15 11:00:20.680000+00:00,124898.93303334316,426720.7524689893,4.130631550398795,-0.00533965410431847,-0.017207709490321577,0.04056881792860079,0,0.0017132450454033924,0.01793549450869613,0.04056881792860079,901_GSL_1
44733,139,2026-02-15 11:00:23.120000+00:00,123928.08590280522,426940.4328799838,7.133564943522832,-0.0009671184670878574,0.0017759712063707411,-0.0030368872164237004,0,0.001499195851861741,0.0013571306690959653,-0.0030368872164237004,905_GSL_1
44734,134,2026-02-15 11:00:23.780000+00:00,123855.61541322757,426533.07462683093,6.052930936457453,0.0009510861564194784,0.0003287689760327339,0.007088017559672366,0,-0.000866426580722857,0.0005118192031873045,0.007088017559672366,904_GSL_1
44735,133,2026-02-15 11:00:24.110000+00:00,124806.22085476555,426258.5069048647,4.581678520774108,-0.001041327981511131,-0.004578948661219329,-0.0064785834104572615,0,0.0033647088044761013,0.0032756479463216634,-0.0064785834104572615,903_GSL_1
44736,125,2026-02-15 11:00:37.190000+00:00,124339.65914355531,426609.58982597484,6.674526235167294,0.0012779916869476438,-0.0014078716048970819,0.001010297038179786,0,-0.0012075338541592984,0.001468750216627034,0.001010297038179786,17_P5_1
44737,132,2026-02-15 11:00:37.530000+00:00,124806.20784031706,426258.49746351835,4.627304696839348,-0.006293970713159069,-0.0076782320975326,0.044672522629026545,0,0.0035006863458982075,0.009290560294692985,0.044672522629026545,903_GSL_1
44738,137,2026-02-15 11:00:39.980000+00:00,123928.08520016856,426940.43103698245,7.134259063515546,-0.004199093324132264,-0.0027915886021219194,0.011395372550015992,0,0.00019658370533840168,-0.005038522255092715,0.011395372550015992,905_GSL_1
44739,143,2026-02-15 11:00:41.830000+00:00,124266.9194137878,427056.3145712778,7.107616672618437,-0.00015364029968623072,0.00034440180752426386,0.0020749343956589783,0,0.00037693825997332255,-1.1640226885193481e-05,0.0020749343956589783,906_GSL_1
44740,153,2026-02-15 11:00:45.620000+00:00,124370.27644219616,426819.4964787606,9.729406485293808,0.0026033912872662768,-0.002644336607772857,0.0033260081808190733,0,0.0018669333082850347,-0.003206980248183253,0.0033260081808190733,29_KW_1
44741,135,2026-02-15 11:00:54.010000+00:00,123855.58014249794,426533.1220850236,6.062266608438421,-0.03350778028834611,0.04545010230503976,0.04106816132006319,0,0.002209536468406635,0.05642340904257237,0.04106816132006319,904_GSL_1
44742,5,2026-02-15 11:00:54.210000+00:00,124424.6167920577,426919.13417935354,8.784835184776526,-0.000410719818319194,-0.012168415531050414,0.017009362770211922,11,-0.01215141579430186,-0.0007629688718816748,0.017009362770211922,TS4
44743,146,2026-02-15 11:00:54.960000+00:00,124350.92647929436,426607.51101690496,11.377531739237353,0.0002127194165950641,-0.0008484918507747352,-0.001789773986729415,0,-0.0007844268634627738,0.0003871207394413723,-0.001789773986729415,13_P5_1
44744,141,2026-02-15 11:00:55.780000+00:00,124266.91909574016,427056.31402315164,7.092995044349175,0.0004669887130148709,-0.0004951513838022947,0.008860344086077276,0,-0.0005092469202916992,0.0004515760457974189,0.008860344086077276,906_GSL_1
44745,152,2026-02-15 11:00:57.820000+00:00,124370.27676314059,426819.49906029785,9.732677202969269,0.000991478722426109,-0.00010974006727337837,0.0037562517413896046,0,-0.00033502650650225874,0.0009395904316933878,0.0037562517413896046,29_KW_1
44746,136,2026-02-15 11:01:02.600000+00:00,123855.6140281886,426533.0753892068,6.022872805355819,-0.001741923188092187,0.0012806807062588632,0.000580262919080532,0,0.000663493834570866,0.0020577209227889475,0.000580262919080532,904_GSL_1
44747,122,2026-02-15 11:01:12.510000+00:00,124329.15192214679,426611.39056916314,8.090132389976407,0.002371243739617057,-0.0014697457081638277,0.006468551534009492,0,-0.0008202555317391043,0.0026664827361133382,0.006468551534009492,16_P5_1
44748,148,2026-02-15 11:01:13.730000+00:00,124351.04063869054,426607.39750388614,8.015499989745155,-0.00047972412721719593,-0.0009520085877738893,4.35745327731496e-05,0,-0.0010320647953292515,-0.00026701656815921707,4.35745327731496e-05,14_P5_1
44749,150,2026-02-15 11:01:15.090000+00:00,124401.10355043196,426812.32141729374,9.185961762905677,0.0003698020300362259,-1.4295277651399374e-05,0.0039477396618678995,0,0.00021009563466518555,0.00030466000833170935,0.0039477396618678995,27_KW_1
44750,140,2026-02-15 11:01:22.010000+00:00,123928.08688918495,426940.43245756667,7.136549711788939,-0.0006345475121634081,-0.0019811102538369596,0.0009760055865957185,0,0.0005696255920750402,-0.0020007436287300465,0.0009760055865957185,905_GSL_1
44751,120,2026-02-15 11:01:28.080000+00:00,124329.26294238074,426611.3293340542,11.361558640425816,0.002690545574296266,-0.0018410359043627977,0.0035274737789432464,0,-0.0010962242344832159,0.003070299841424263,0.0035274737789432464,15_P5_1
44752,128,2026-02-15 11:01:31.830000+00:00,124898.93972270527,426720.77260159556,4.079458945913035,-0.0005786942347185686,0.003337560745421797,-0.0019329850906446566,0,0.0009209185546457731,-0.003259771121165741,-0.0019329850906446566,901_GSL_1
44753,129,2026-02-15 11:01:34.120000+00:00,124898.94058913075,426720.772438392,4.08322621691176,0.0009174319711746648,-6.427813787013292e-05,-0.008458528333853188,0,0.0009185919793492137,-4.47423313739526e-05,-0.008458528333853188,901_GSL_1
44754,145,2026-02-15 11:01:42.610000+00:00,124266.91945304931,427056.31283607235,7.111347267002129,0.0011292964773019776,-0.0019105352694168687,0.003380330710482937,0,-0.002147628728540987,-0.0005595948477942468,0.003380330710482937,906_GSL_1
44755,6,2026-02-15 11:01:42.810000+00:00,124399.03992059712,426925.0741877266,8.556055741619076,0.000749852741137147,-0.001261488301679492,0.008749045797518562,11,-0.0013544764248115322,0.0005648234089473207,0.008749045797518562,TS5
44756,124,2026-02-15 11:01:47.780000+00:00,124339.6597477648,426609.5890711898,6.6790340616411985,0.001982041576411575,-0.0011707142111845315,0.004603865808005203,0,-0.00049233613872279,0.002248703115442551,0.004603865808005203,17_P5_1
44757,154,2026-02-15 11:01:47.980000+00:00,124285.66648581145,426445.561431157,7.8952649517151405,0.0018608114478411153,-0.0023938430240377784,-0.0063350482848587575,11,-0.002994533006388307,-0.0004752638654493842,-0.0063350482848587575,TS1-1
44758,131,2026-02-15 11:01:48.220000+00:00,124806.21561734355,426258.49581148045,4.6094128289483685,-0.002927152600022964,-0.010472584050148726,-0.0020916438241940227,0,0.0008985163582980805,0.010836784919205578,-0.0020916438241940227,903_GSL_1
44759,3,2026-02-15 11:01:48.420000+00:00,124314.90411561597,426440.7930711846,7.048817640248113,-0.003123735965345986,-0.0030060989665798843,-0.029611455242971374,11,-0.004280714875199271,0.000685446960250289,-0.029611455242971374,TS2
44760,149,2026-02-15 11:01:52.920000+00:00,124351.04088232225,426607.39674900845,8.014774045312619,-0.0004293698148103431,1.6542966477572918e-05,0.0025482013448208107,0,5.120325939920028e-05,0.0004266266914259405,0.0025482013448208107,14_P5_1
44761,147,2026-02-15 11:02:09.120000+00:00,124350.92718081172,426607.51021491614,11.375019621855806,0.0006734661292284727,0.000222176022361964,0.0007999801833626918,0,-0.00032581269635669554,-0.0006298927678766803,0.0007999801833626918,13_P5_1
44762,126,2026-02-15 11:02:24.600000+00:00,124339.65823996322,426609.58838887763,6.67083940908558,0.0014193590759532526,-0.00010128342546522617,0.00018221995012179804,0,-0.0002154951837191428,-0.0014065562002844728,0.00018221995012179804,17_P5_1
44763,121,2026-02-15 11:02:41.730000+00:00,124329.2606782249,426611.3275130845,11.354103904052245,0.001135455197072588,-0.00020340806804597378,-0.0001956180218769532,0,-0.00012090187824510193,-0.0011471774416114324,-0.0001956180218769532,15_P5_1
44764,123,2026-02-15 11:02:57.160000+00:00,124329.15155924266,426611.390091588,8.081056971247161,0.0018026305333478376,-0.00018643162911757827,0.002941326193095506,0,-0.0003242638479794802,-0.001782999312671456,0.002941326193095506,16_P5_1
44765,4,2026-02-15 11:02:57.360000+00:00,124378.97085360401,426782.7411005005,7.7615220442626365,-0.0009643691882956773,-8.240691386163235e-05,0.0064463392903704175,11,-0.0009631995110762686,-9.510800517674237e-05,0.0064463392903704175,TS3
44766,68,2026-02-15 11:06:20.690000+00:00,123928.09068558506,426940.436302602,7.119166610562264,-0.01826477679423988,-0.011432403232902288,0.0003533295220377042,0,0.0021404047697721326,-0.021441095644686978,0.0003533295220377042,905_GSL_1
44767,68,2026-02-15 11:06:22.530000+00:00,123928.08624149795,426940.4328251448,7.135201687499848,-0.022708863907610066,-0.014909860445186496,0.016388406459621585,0,0.016512528968181065,-0.02157157447995563,0.016388406459621585,905_GSL_1
44768,67,2026-02-15 11:06:22.670000+00:00,123855.61480552905,426533.07561447745,6.053912627820136,-0.0031889450910966843,-0.015488227247260511,0.009504479482560058,0,3.582321359579973e-05,-0.01581307278027203,0.009504479482560058,904_GSL_1
44769,66,2026-02-15 11:06:22.800000+00:00,124898.95421162168,426720.7963003146,4.131482734286911,0.01660595799330622,0.02209515980212018,0.04919620388314705,0,0.006795507571524341,-0.026791323304421407,0.04919620388314705,901_GSL_1
44770,71,2026-02-15 11:06:23.010000+00:00,124806.22123429744,426258.50719949306,4.583867105502479,-0.0065276380482828245,-0.007906639017164707,-0.007636557646788056,0,0.0033443694910770027,0.009692274848780044,-0.007636557646788056,903_GSL_1
44771,68,2026-02-15 11:06:38.790000+00:00,123928.0874457081,426940.4325147114,7.136917405737257,-0.02150465376325883,-0.015220293833408505,0.0181041246970306,0,0.000256880602608454,-0.026344667206266596,0.0181041246970306,905_GSL_1
44772,71,2026-02-15 11:06:39.900000+00:00,124806.27005016194,426258.52585079253,4.628146505156744,0.042288226453820243,0.010744660452473909,0.036642842007476695,0,0.01184861110380028,-0.0419922878605041,0.036642842007476695,903_GSL_1
44773,67,2026-02-15 11:06:39.910000+00:00,123855.61451355962,426533.0751740776,6.024761636839831,-0.003480914529063739,-0.015928627108223736,-0.019646511497744434,0,0.01214152287948731,-0.01088215739999993,-0.019646511497744434,904_GSL_1
44774,69,2026-02-15 11:06:41.500000+00:00,124266.91947254495,427056.3144431146,7.10796696091961,-0.02312465170689393,-0.0003952694241888821,0.0174655899921774,0,0.008397470632794031,-0.021549669172732388,0.0174655899921774,906_GSL_1
44775,69,2026-02-15 11:06:54.580000+00:00,124266.92238241654,427056.313630192,7.090824785519369,-0.02021478011738509,-0.0012081920285709202,0.0003234145919366327,0,-0.0005881904642943695,-0.020242309531025432,0.0003234145919366327,906_GSL_1
44776,67,2026-02-15 11:06:57.050000+00:00,123855.64122057986,426533.0234777737,6.062727012226391,0.02322610570990946,-0.06762493099085987,0.01831886388881543,0,0.018747202740084862,-0.06900091062724174,0.01831886388881543,904_GSL_1
44777,68,2026-02-15 11:06:58.510000+00:00,123928.08704295121,426940.43264136015,7.136831883702925,-0.021907410642597824,-0.015093645080924034,0.018018602662698946,0,0.02140322646328966,-0.01580046391260231,0.018018602662698946,905_GSL_1
44778,66,2026-02-15 11:06:59.100000+00:00,124898.94103920089,426720.77363022784,4.087212583929917,0.0034335372038185596,-0.0005749269621446729,0.004926053526152607,0,0.003477446633582353,0.00016457111652363042,0.004926053526152607,901_GSL_1
44779,66,2026-02-15 11:07:01.090000+00:00,124898.94128169793,426720.77073722094,4.079745276366889,0.0036760342482011765,-0.003467933856882155,-0.002541254036874996,0,0.0018156802398190295,0.004716258930167877,-0.002541254036874996,901_GSL_1
44780,66,2026-02-15 11:07:10.980000+00:00,124898.94154598299,426720.769464508,4.081286418262165,0.003940319307730533,-0.004740646807476878,-0.0010001121415994518,0,0.0016539853032097173,0.005938365180492103,-0.0010001121415994518,901_GSL_1
44781,69,2026-02-15 11:07:16.990000+00:00,124266.91974620784,427056.3128146918,7.11248933691241,-0.022850988811114803,-0.0020236922428011894,0.021987965984977542,0,0.01478413876660619,-0.0175411590514709,0.021987965984977542,906_GSL_1
44782,71,2026-02-15 11:07:18+00:00,124806.21752197064,426258.50062010356,4.609345147407278,-0.010239964845823124,-0.014486028521787375,0.017841484258010354,0,-0.004561915021695037,0.01714324455033422,0.017841484258010354,903_GSL_1
44783,149,2026-02-15 11:07:34.510000+00:00,124351.04135513128,426607.3970085851,8.016654677259513,4.343921318650246e-05,0.0002761196228675544,0.004428833291715506,0,-0.00027951515916309143,5.35885075868483e-07,0.004428833291715506,14_P5_1
44784,164,2026-02-15 11:07:48.460000+00:00,124091.06646010146,427154.2073611267,9.838918715713664,-0.02886834990931675,0.012630185286980122,0.02428518408426683,0,0.019822986546244845,-0.024493926007432814,0.02428518408426683,907_GSL_1
44785,147,2026-02-15 11:07:50.220000+00:00,124350.9278041321,426607.5103184462,11.376682397255939,0.0012967865040991455,0.00032570608891546726,0.002462755583495735,0,-0.0005265476470240005,-0.0012290188236897684,0.002462755583495735,13_P5_1
44786,110,2026-02-15 11:07:57.540000+00:00,124434.1392906327,426963.9225669007,8.793828943881019,-0.0007952097803354263,-0.00951967271976173,0.04276858362323033,0,-0.00947694752694429,0.0012016625390105513,0.04276858362323033,35_P9_0
44787,122,2026-02-15 11:08:04.990000+00:00,124329.15126400434,426611.39051913074,8.087990403709007,0.0017131012864410877,-0.0015197781031019986,0.00432656526660935,0,-0.001035570302594842,0.002042556155570281,0.00432656526660935,16_P5_1
44788,126,2026-02-15 11:08:05.650000+00:00,124339.65877500037,426609.5885132856,6.6725286106010575,0.0019543962262105197,2.312456490471959e-05,0.0018714214655997097,0,-0.00045528245615371847,-0.001900767539613035,0.0018714214655997097,17_P5_1
44789,111,2026-02-15 11:08:14.230000+00:00,124434.25994570657,426963.966099328,6.510829587501339,-0.00174505275208503,-0.011964451347012073,0.04953707788657091,0,-0.012063899508812079,0.0008097121611179301,0.04953707788657091,36_P9_0
44790,107,2026-02-15 11:08:18.310000+00:00,124409.92245494187,426969.5225624583,6.289752171758411,0.001637434572330676,-0.0018485948094166815,0.0006718483283778554,0,-0.001406249620274402,0.0020300139786573247,0.0006718483283778554,38_P9_0
44791,120,2026-02-15 11:08:20.490000+00:00,124329.26163785534,426611.32960238995,11.361423449948195,0.0013860201725037768,-0.0015727001591585577,0.003392283301321797,0,-0.0011684785692766789,0.0017404297004894732,0.003392283301321797,15_P5_1
44792,121,2026-02-15 11:08:22.440000+00:00,124329.26180956826,426611.3275132443,11.354883833757912,0.0022667985467705876,-0.0002032482880167663,0.0005843116837898066,0,-0.0004361736712928392,-0.0022337050044027567,0.0005843116837898066,15_P5_1
44793,106,2026-02-15 11:08:33.800000+00:00,124410.03401078298,426969.44787590404,8.924387915686511,0.0018069647630909458,-0.0016854368732310832,0.0005006913479803643,0,-0.0012015160459249578,0.002159207794558954,0.0005006913479803643,37_P9_0
44794,123,2026-02-15 11:08:37.700000+00:00,124329.15186825088,426611.3903266314,8.081757166376708,0.002111638750648126,4.861172055825591e-05,0.0036415213226419496,0,-0.0006362364886484599,-0.0020140964334228613,0.0036415213226419496,16_P5_1
44795,124,2026-02-15 11:08:39.460000+00:00,124339.65908706463,426609.58890324074,6.678554609349549,0.0013213414058554918,-0.0013386632781475782,0.004124413516355396,0,-0.0008584268349940426,0.0016736385069814504,0.004124413516355396,17_P5_1
44796,102,2026-02-15 11:08:42.110000+00:00,124282.39562170632,426301.7926882183,6.903292356124772,0.00233276050130371,-0.0008696463191881776,-5.6276419639900155e-06,0,0.0003155277742799973,-0.0024695138186651626,-5.6276419639900155e-06,02_P1_0
44797,160,2026-02-15 11:08:50.730000+00:00,124421.81269438645,426965.6153378084,5.59557786206791,0.0014882258110446855,-0.0033002302516251802,0.0033966321805714017,0,-0.002148715092015913,0.0029136504992439737,0.0033966321805714017,38a_P9_0
44798,118,2026-02-15 11:08:53.610000+00:00,124372.26210396993,426775.1123051688,6.1706010977075145,0.0020766079396707937,-0.00035932997707277536,0.005069028717152868,0,-0.0011018528882026798,-0.0017964795518697987,0.005069028717152868,22_P6_1
44799,170,2026-02-15 11:08:55.860000+00:00,124669.37437931744,426931.31004664476,13.801382290433185,-0.013667499035364017,0.011549673043191433,0.015192159761797441,0,0.0005905975157565091,-0.01788425765472756,0.015192159761797441,908_GSL_1
44800,103,2026-02-15 11:08:58.850000+00:00,124282.31473283877,426301.7964861663,9.297854004220993,0.0030144316115183756,-0.0009579869220033288,-9.74815701209053e-05,0,0.00024452836737551693,-0.00315352862057717,-9.74815701209053e-05,01_P1_0
44801,162,2026-02-15 11:09:09.200000+00:00,124402.9967759309,426879.64434143767,6.548011084843077,0.0013478025794029236,-0.0033921502181328833,0.0033380415525101625,0,0.003496292476296729,-0.0010484244443998002,0.0033380415525101625,34a_P7_0
44802,74,2026-02-15 11:09:10.020000+00:00,124369.34727565273,426785.7248919708,7.234495982001758,0.0009624434314901009,-0.0015743258991278708,0.0044421472446858346,0,-0.0013856301448292156,-0.001218535390222125,0.0044421472446858346,21_P6_1
44803,92,2026-02-15 11:09:13.370000+00:00,124278.31757637038,426395.636759986,11.103864937468748,0.0036005677975481376,-0.0015306391869671643,0.0020759542415280663,0,0.0009896840922465249,-0.0037851644855903315,0.0020759542415280663,11_P3_0
44804,100,2026-02-15 11:09:15.250000+00:00,124292.48629790694,426345.92910386506,7.587281782837879,0.0025746336323209107,-0.0011311146663501859,-0.0012177861312192562,0,0.0005086163941073817,-0.002765767179781346,-0.0012177861312192562,06_P2_0
44805,104,2026-02-15 11:09:25.900000+00:00,124389.81727445043,426881.4430673725,10.726054110132813,0.00017824015230871737,-0.0012721956591121852,0.0001422420726058249,0,0.0012078276537031399,-0.00043749709245764193,0.0001422420726058249,33_P7_0
44806,73,2026-02-15 11:09:27.530000+00:00,124369.49064786422,426785.69540475507,11.410744545571955,0.0013082997902529314,-0.001061899121850729,0.004689929508879587,0,-0.0015650205794056325,-0.0006244907302755353,0.004689929508879587,20_P6_1
44807,93,2026-02-15 11:09:29.290000+00:00,124278.27139566142,426395.7895342462,7.951007933271903,0.0032720817398512736,-0.0018158563179895282,0.0022824129923852965,0,0.001315009226731151,-0.003503513067402855,0.0022824129923852965,12_P3_0
44808,101,2026-02-15 11:09:32.580000+00:00,124292.40725631316,426345.882498829,10.216566987659073,0.001937442328198813,-0.0008946969173848629,0.0009484900587892753,0,0.0004236877750396103,-0.0020915673592682587,0.0009484900587892753,05_P2_0
44809,105,2026-02-15 11:09:42.100000+00:00,124389.68848060098,426881.4706951227,7.062766647827058,-0.00020483638218138367,-0.0012580914190039039,0.00047075110426764155,0,0.0012730731161878551,-6.353583930474358e-05,0.00047075110426764155,34_P7_0
44810,165,2026-02-15 11:09:44.950000+00:00,124091.06283165864,427154.2054610325,9.852500999002393,-0.020948968522134237,0.009309238870628178,0.0017655052763725365,0,0.02019108441200883,-0.010855474230033422,0.0017655052763725365,907_GSL_1
44811,94,2026-02-15 11:09:45.360000+00:00,124268.22681762761,426351.5543788476,10.217075501277257,0.002595128520624712,-0.0015941729070618749,0.0025815619862967765,0,0.0010939871990656865,-0.0028424059007204315,0.0025815619862967765,07_P2_0
44812,98,2026-02-15 11:09:48.290000+00:00,124302.66263907253,426390.0771303459,7.979520431420925,0.0017934389761649072,-0.0007816626457497478,0.0004696362900542539,0,0.00033898796843348663,-0.0019267867059550895,0.0004696362900542539,10_P3_0
44813,95,2026-02-15 11:10:01.060000+00:00,124268.11191345488,426351.54745579767,7.196012001351201,0.0023655526456423104,-0.001735212339553982,0.0023411431060802457,0,0.001271459753352982,-0.0026438969870721724,0.0023411431060802457,08_P2_0
44814,152,2026-02-15 11:10:01.420000+00:00,124370.27699056784,426819.499078021,9.733194300467858,0.001218905978021212,-9.20169404707849e-05,0.004273349239978685,0,-0.0003701419386182762,0.0011649866290500315,0.004273349239978685,29_KW_1
44815,99,2026-02-15 11:10:04.440000+00:00,124302.53971319717,426390.13441916514,11.088561668690126,0.001632906001759693,-0.00039712683064863086,0.0008064659407587271,0,-1.4161654944149132e-06,-0.0016805028190036294,0.0008064659407587271,09_P3_0
44816,113,2026-02-15 11:10:09.530000+00:00,124414.0798457473,426875.90473109024,7.345570823795375,0.0026111331244464964,-0.010501047945581377,0.04222087867009883,0,0.009583438506852471,-0.0050247119852144615,0.04222087867009883,32_P7_0
44817,117,2026-02-15 11:10:16.520000+00:00,124377.68156515603,426815.9056453852,7.62208383529713,0.0015480119473068044,-6.0653313994407654e-05,0.004648795124670535,0,-0.00012082679611080717,0.0015444807214221566,0.004648795124670535,26_KW_0
44818,96,2026-02-15 11:10:17.750000+00:00,124258.06411193465,426307.3507673436,9.308119158136373,0.003133738224278204,-0.0016422333428636193,0.00357354996048187,0,0.0009966229598457983,-0.003394700028960369,0.00357354996048187,03_P1_0
44819,166,2026-02-15 11:10:22.430000+00:00,124091.05575384869,427154.20513077977,9.821846006694772,-0.016526987004908733,0.01610280020395294,-0.008007612368032824,0,0.020311911105266336,-0.010948412721513886,-0.008007612368032824,907_GSL_1
44820,112,2026-02-15 11:10:25.630000+00:00,124413.95332805986,426875.857260458,10.710978685581953,0.002593435041490011,-0.010005607444327325,0.041713078661288705,0,0.009094028817654665,-0.00491291415639162,0.041713078661288705,31_P7_0
44821,153,2026-02-15 11:10:25.910000+00:00,124370.27634399413,426819.49582473485,9.730005206746261,0.0025051892589544877,-0.003298362367786467,0.003924729633272506,0,0.002523766542363484,-0.003284169601597571,0.003924729633272506,29_KW_1
44822,116,2026-02-15 11:10:31.440000+00:00,124377.68886963028,426815.89998107916,10.009862112716986,0.0015097387076821178,-8.048443123698235e-05,0.004802357439862348,0,-0.00013883111916326206,0.001505494812178736,0.004802357439862348,25_KW_0
44823,97,2026-02-15 11:10:33.880000+00:00,124257.99043736418,426307.3899340658,6.8417010666005655,0.0025671553012216464,-0.0019186388235539198,0.004638876004465331,0,0.0013770194560839477,-0.002894007376183592,0.004638876004465331,04_P1_0
44824,125,2026-02-15 11:10:38.110000+00:00,124339.65768572816,426609.5902256548,6.67486905326277,-0.000179835464223288,-0.0010081916116178036,0.001353115133656324,0,-0.0010236159921990283,-3.164522781255237e-05,0.001353115133656324,17_P5_1
44825,161,2026-02-15 11:10:42.230000+00:00,124402.99292645615,426879.63400601316,6.59041618880474,0.0015227095573209226,-0.013500873814336956,0.0487918679810182,0,0.011109922127232044,-0.007820605377683086,0.0487918679810182,34a_P7_0
44826,115,2026-02-15 11:10:47.920000+00:00,124396.29079401353,426811.63389277423,7.65181754325684,0.0007032537250779569,-2.1562213078141212e-05,0.005545250483793396,0,0.0003430703347060412,0.000614274756370091,0.005545250483793396,24_KW_0
44827,146,2026-02-15 11:10:55.910000+00:00,124350.92431796929,426607.51184063125,11.378359061730048,-0.0019486056553432718,-2.4765555281192064e-05,-0.0009624514940345108,0,-0.0004357431095806913,-0.0018994223530371325,-0.0009624514940345108,13_P5_1
44828,114,2026-02-15 11:11:04.030000+00:00,124396.29990581043,426811.6295082173,9.995677174217658,0.0008851654129102826,-3.053853288292885e-05,0.0049930965674747085,0,0.00042912558880299164,0.0007747913520669668,0.0049930965674747085,23_KW_0
44829,148,2026-02-15 11:11:12.300000+00:00,124351.03940977654,426607.39810147387,8.01407433332259,-0.0017086381267290562,-0.00035442085936665535,-0.0013820818897922749,0,-0.0007085570594846703,-0.0015946803087518245,-0.0013820818897922749,14_P5_1
44830,150,2026-02-15 11:11:19.320000+00:00,124401.10395257121,426812.3216180019,9.186171994815377,0.000771941282437183,0.00018641288625076413,0.004157971571567387,0,0.0006117123434802325,0.0005064100280652281,0.004157971571567387,27_KW_1
44831,168,2026-02-15 11:11:30.220000+00:00,124669.3683360116,426931.3149831024,13.790933054651319,-0.008395959754125215,0.007242530002258718,-0.010406965283909386,0,0.0009524658095795918,-0.011047134918524798,-0.010406965283909386,908_GSL_1
44832,119,2026-02-15 11:11:35.020000+00:00,124400.81479017697,426811.3433157277,3.9886551560314323,0.0006387898902175948,0.00018684641690924764,0.005121026945249518,0,0.0005362028025243319,0.00039427231949641547,0.005121026945249518,28_KW_1
44833,169,2026-02-15 11:11:51.900000+00:00,124669.37659411857,426931.3096349879,13.81238932816391,-0.002483329750248231,0.007475434977095574,0.000634115291017423,0,0.0011936796463357835,-0.0077861533280032145,0.000634115291017423,908_GSL_1
44834,72,2026-02-15 11:12:33.420000+00:00,124390.52466347413,426780.88765252964,10.991539834311403,0.000703771278494969,0.0007215979276224971,0.004454512744645811,0,0.0005805269423899113,-0.0008240060987292186,0.004454512744645811,18_P6_1
44835,138,2026-02-15 11:15:19.620000+00:00,123928.08591646112,426940.4319781488,7.118741038291619,-0.0007024175574770197,0.0002569967764429748,0.0008049746936915625,0,0.0006332146826412865,-0.0003980916148847617,0.0008049746936915625,905_GSL_1
44836,130,2026-02-15 11:15:21.500000+00:00,124898.93879822707,426720.7597648842,4.12877820485501,0.00042522980947978795,-0.00991181458812207,0.03871547238481554,0,0.004216538120840237,0.008980294822314062,0.03871547238481554,901_GSL_1
44837,133,2026-02-15 11:15:23.100000+00:00,124806.218926929,426258.5059428121,4.587730696224605,-0.002969164532260038,-0.005541001271922141,-0.0004264079599609616,0,0.0031807162293190005,0.005422331360551517,-0.0004264079599609616,903_GSL_1
44838,139,2026-02-15 11:15:23.230000+00:00,123928.08692939304,426940.4328237548,7.13536063251041,5.94693556195125e-05,0.0017197421984747052,-0.0012411982288460521,0,0.0005115989087337368,0.0016429596434650675,-0.0012411982288460521,905_GSL_1
44839,134,2026-02-15 11:15:24.180000+00:00,123855.6150833645,426533.07418826857,6.0523275137650385,0.0006212230800883844,-0.00010979338549077511,0.006484594867258053,0,-0.0006306404771048729,1.628776746406804e-05,0.006484594867258053,904_GSL_1
44840,125,2026-02-15 11:15:37.170000+00:00,124339.65891473817,426609.5899446722,6.67501763675487,0.001049174548825249,-0.0012891742517240345,0.0015016986257556653,0,-0.0011232975614922133,0.001225128594702016,0.0015016986257556653,17_P5_1
44841,132,2026-02-15 11:15:37.690000+00:00,124806.22579660903,426258.5000431159,4.630066430706755,0.01166232125251554,-0.005098634515888989,0.047434256496433846,0,0.010248275818662628,-0.007548420607524794,0.047434256496433846,903_GSL_1
44842,137,2026-02-15 11:15:40.880000+00:00,123928.08507218471,426940.430302812,7.134727330772001,-0.004327077171183191,-0.00352575903525576,0.011863639806470871,0,-0.00032354460160935277,-0.005572243041256528,0.011863639806470871,905_GSL_1
44843,143,2026-02-15 11:15:42.230000+00:00,124266.9186915151,427056.31423462124,7.109374419028714,-0.0008759129996178672,7.7452277764678e-06,0.0038326808059361284,0,0.0003391601360317611,-0.0008076224201814833,0.0038326808059361284,906_GSL_1
44844,153,2026-02-15 11:15:43.690000+00:00,124370.27633424196,426819.4957692349,9.729439314721212,0.0024954370892373845,-0.003353862324729562,0.0033588376082231974,0,0.0025798780980121412,-0.0032893506591695552,0.0033588376082231974,29_KW_1
44845,146,2026-02-15 11:15:54.380000+00:00,124350.92554553243,426607.5113005107,11.379091616109704,-0.0007210425101220608,-0.0005648860824294388,-0.00022989711437837457,0,-0.0007044251777310239,-0.0005854773748866956,-0.00022989711437837457,13_P5_1
44846,135,2026-02-15 11:15:54.510000+00:00,123855.61101384925,426533.0683689387,6.060127076820699,-0.0026364289806224406,-0.008265982614830136,0.03892862970234123,0,0.006822608414265557,-0.005359966490952417,0.03892862970234123,904_GSL_1
44847,5,2026-02-15 11:15:54.710000+00:00,124424.61701774687,426919.14044948784,8.78389996291409,-0.00018503064347896725,-0.005898281233385205,0.016074140907775814,11,-0.005901166034390965,1.4045699724585045e-05,0.016074140907775814,TS4
44848,141,2026-02-15 11:15:56.990000+00:00,124266.91952214473,427056.3142419612,7.09024348474682,0.0008933932840591297,-0.00027634180150926113,0.006108784483721763,0,-0.00030362265304519667,0.0008844939998785389,0.006108784483721763,906_GSL_1
44849,152,2026-02-15 11:15:58.040000+00:00,124370.27696630827,426819.4991240104,9.733189123068188,0.0011946464073844254,-4.602753324434161e-05,0.00426817184030881,0,-0.00031980305417456415,0.0011519655285787394,0.00426817184030881,29_KW_1
44850,136,2026-02-15 11:15:59.430000+00:00,123855.61429187651,426533.07590561965,6.02524472514631,-0.0014782352809561417,0.0017970935441553593,0.002952182709571538,0,0.00014752549815257393,0.0023222749578168363,0.002952182709571538,904_GSL_1
44851,148,2026-02-15 11:16:12.780000+00:00,124351.03991555647,426607.39793203917,8.015546342708927,-0.001202858198666945,-0.0005238555604591966,8.992749654446186e-05,0,-0.0007669280681097792,-0.0010644781973670051,8.992749654446186e-05,14_P5_1
44852,122,2026-02-15 11:16:13.580000+00:00,124329.1509272976,426611.39055435243,8.08917535458994,0.0013763945462414995,-0.0014845564146526158,0.00551151614754275,0,-0.0010869023879070373,0.0017079264897446704,0.00551151614754275,16_P5_1
44853,150,2026-02-15 11:16:14.810000+00:00,124401.10389806869,426812.32152357604,9.186383762489152,0.0007174387574195862,9.198702173307538e-05,0.004369739245342785,0,0.0005034551772738299,0.0005193388751973586,0.004369739245342785,27_KW_1
44854,140,2026-02-15 11:16:18.160000+00:00,123928.08740697289,426940.4330483171,7.1366436630211165,-0.00011675957648549229,-0.0013903598301112652,0.0010699568187728659,0,7.137019465144845e-05,-0.0013934272679991275,0.0010699568187728659,905_GSL_1
44855,120,2026-02-15 11:16:29.880000+00:00,124329.26200962282,426611.3294621853,11.36097976179135,0.0017577876569703221,-0.0017129047773778439,0.0029485951444776504,0,-0.00120952111164418,0.0021356307976445935,0.0029485951444776504,15_P5_1
44856,128,2026-02-15 11:16:29.930000+00:00,124898.93746927007,426720.7773960434,4.077712914473075,-0.002832129437592812,0.008132008602842689,-0.0036790165306044287,0,0.0009614354256299004,-0.008557228698026664,-0.0036790165306044287,901_GSL_1
44857,129,2026-02-15 11:16:31.720000+00:00,124898.9408398164,426720.7729224437,4.085184439260448,0.0011681176110869274,0.0004197735688649118,-0.006500305985165156,0,0.0011102332856929601,-0.0005550591444057369,-0.006500305985165156,901_GSL_1
44858,145,2026-02-15 11:16:37.800000+00:00,124266.91996586937,427056.31302722264,7.11170328338404,0.0016421165346400812,-0.0017193849780596793,0.003736347092393899,0,-0.0023767448816540792,-6.257142835805777e-05,0.003736347092393899,906_GSL_1
44859,6,2026-02-15 11:16:38+00:00,124399.04007314473,426925.07416634465,8.556726629596652,0.0009024003520607948,-0.0012828702456317842,0.00941993377509398,11,-0.0013898504310396245,0.0007269100644961321,0.00941993377509398,TS5
44860,131,2026-02-15 11:16:47.030000+00:00,124806.2198927927,426258.507306037,4.608709205938684,0.0013482965441653505,0.0010219725081697106,-0.0027952668338784292,0,0.0009086045131558874,-0.0014271542373323455,-0.0027952668338784292,903_GSL_1
44861,3,2026-02-15 11:16:47.230000+00:00,124314.9041007837,426440.7929568513,7.048321712637364,-0.0031385682377731428,-0.0031204322585836053,-0.030107382853720388,11,-0.004388858592186249,0.0005706385207471809,-0.030107382853720388,TS2
44862,149,2026-02-15 11:16:49.320000+00:00,124351.04151709129,426607.3970851514,8.017404109846355,0.00020539922115858644,0.00035268592182546854,0.005178265878557298,0,-0.00038060495403092104,-0.00014736372848688008,0.005178265878557298,14_P5_1
44863,124,2026-02-15 11:16:50.080000+00:00,124339.65886180795,426609.589233769,6.677635715610429,0.0010960847284877673,-0.0010081350337713957,0.0032055197772358213,0,-0.0006148968434567739,0.001356333237168599,0.0032055197772358213,17_P5_1
44864,154,2026-02-15 11:16:50.280000+00:00,124285.66565212546,426445.5615912571,7.896067672393665,0.0010271254577673972,-0.002233742910902947,-0.005532327606334597,11,-0.002393959513007398,-0.0005599570948603473,-0.005532327606334597,TS1-1
44865,147,2026-02-15 11:17:05.630000+00:00,124350.92772988473,426607.51053083007,11.376581475875621,0.001222539140144363,0.0005380899528972805,0.002361834203178148,0,-0.0007245291802630664,-0.0011221409062774803,0.002361834203178148,13_P5_1
44866,126,2026-02-15 11:17:22.330000+00:00,124339.65838494251,426609.58860579104,6.671899604261145,0.001564338366733864,0.00011562998406589031,0.001242415125687124,0,-0.00045912736635042757,-0.0014999089573433353,0.001242415125687124,17_P5_1
44867,121,2026-02-15 11:17:40.120000+00:00,124329.26123509322,426611.32767636713,11.354718246113183,0.0016923235089052469,-4.012545105069876e-05,0.0004187240390614022,0,-0.0004328307909807403,-0.001636528770597809,0.0004187240390614022,15_P5_1
44868,123,2026-02-15 11:17:55.500000+00:00,124329.15184038796,426611.390331253,8.079906602640582,0.0020837758347624913,5.323335062712431e-05,0.001790957586516484,0,-0.0006328951660145387,-0.0019860511644956527,0.001790957586516484,16_P5_1
44869,4,2026-02-15 11:17:55.700000+00:00,124378.97103863403,426782.7411391305,7.7614649807474825,-0.0007793391705490649,-4.3776934035122395e-05,0.006389275775216419,11,-0.0007804656743111204,-1.2621169823277155e-05,0.006389275775216419,TS3
44870,68,2026-02-15 11:21:20.360000+00:00,123928.08152292184,426940.428572434,7.117020238670474,-0.02742744001443498,-0.01916257123230025,-0.0017930423697523068,0,0.0016365728705661612,-0.03341841156036201,-0.0017930423697523068,905_GSL_1
44871,71,2026-02-15 11:21:22.460000+00:00,124806.21781270401,426258.5056475198,4.584236600480049,-0.009949231476639397,-0.009458612301386893,-0.00726706266921795,0,0.0028850712393653152,0.013421211479873444,-0.00726706266921795,903_GSL_1
44872,66,2026-02-15 11:21:22.790000+00:00,124898.93488156989,426720.7568496088,4.130343648498541,-0.0027240937924943864,-0.017355546006001532,0.04805711809477664,0,0.00418311054000816,0.017062744514491645,0.04805711809477664,901_GSL_1
44873,68,2026-02-15 11:21:23.120000+00:00,123928.08708421743,426940.4333798713,7.134221170792764,-0.021866144423256628,-0.014355133927892894,0.01540788975253804,0,0.015900216207503468,-0.020769719944695997,0.01540788975253804,905_GSL_1
44874,67,2026-02-15 11:21:24.380000+00:00,123855.61475044304,426533.07657816046,6.054067350882627,-0.003244031104259193,-0.014524544239975512,0.009659202545051038,0,0.0002820041327515744,-0.014879737795187049,0.009659202545051038,904_GSL_1
44875,71,2026-02-15 11:21:38.890000+00:00,124806.20017711908,426258.4919142938,4.627554370476214,-0.02758481640194077,-0.02319183829240501,0.03605070732694671,0,0.006284316093884353,0.035486487999546956,0.03605070732694671,903_GSL_1
44876,67,2026-02-15 11:21:39.210000+00:00,123855.61419264661,426533.0760707788,6.024656949986078,-0.003801827537245117,-0.015031925868242979,-0.01975119835149819,0,0.01187721750594427,-0.009967165707852894,-0.01975119835149819,904_GSL_1
44877,68,2026-02-15 11:21:40.480000+00:00,123928.08872251418,426940.4340110675,7.1353373987185,-0.020227847679052502,-0.013723937736358494,0.016524117678273775,0,0.0007220098229617499,-0.024433399078596107,0.016524117678273775,905_GSL_1
44878,69,2026-02-15 11:21:42.220000+00:00,124266.91957351727,427056.31436341366,7.110258446102334,-0.02302367938682437,-0.0004749703803099692,0.019757075174901217,0,0.00828543871638394,-0.02148643559659208,0.019757075174901217,906_GSL_1
44879,67,2026-02-15 11:21:55.860000+00:00,123855.59929802733,426533.0925578503,6.06459823969656,-0.018696446815738454,0.0014551455969922245,0.020190091358983864,0,0.014654595047283848,0.011701171575628921,0.020190091358983864,904_GSL_1
44880,69,2026-02-15 11:21:56.200000+00:00,124266.92296129907,427056.314187066,7.094107539296108,-0.019635897580883466,-0.0006513180560432374,0.0036061683686758883,0,-4.934312087544458e-05,-0.019646634680613763,0.0036061683686758883,906_GSL_1
44881,68,2026-02-15 11:21:59.270000+00:00,123928.08744592752,426940.43300460756,7.136799346936287,-0.0215044343349291,-0.014730397670064121,0.017986065896060666,0,0.02101232741102737,-0.015424247416172236,0.017986065896060666,905_GSL_1
44882,66,2026-02-15 11:22:00.120000+00:00,124898.94058271678,426720.7729926488,4.087795872385449,0.002977053096401505,-0.0012125059729442,0.0055093419816847344,0,0.003099619235634337,0.0008516903588187181,0.0055093419816847344,901_GSL_1
44883,66,2026-02-15 11:22:02+00:00,124898.93939919813,426720.77251277934,4.073414546983308,0.0017935344512807205,-0.0016923754592426121,-0.008871983420456253,0,0.0008857073166049975,0.0023013958964701953,-0.008871983420456253,901_GSL_1
44884,66,2026-02-15 11:22:13.900000+00:00,124898.94135248972,426720.7679985107,4.0853209005770434,0.003746826041606255,-0.006206644116900861,0.0030343701732791217,0,0.0008772419451585027,0.00719663693328859,0.0030343701732791217,901_GSL_1
44885,69,2026-02-15 11:22:19.600000+00:00,124266.91984527493,427056.3134781423,7.111872953212764,-0.02275192172965035,-0.0013602417311631143,0.021371582285331314,0,0.015181472403703643,-0.017000679269220928,0.021371582285331314,906_GSL_1
44886,71,2026-02-15 11:22:20.990000+00:00,124806.21838534683,426258.5043372541,4.608078305320294,-0.009376588655868545,-0.0107688779826276,0.016574642171026888,0,-0.00504538905499582,0.01335788894660427,0.016574642171026888,903_GSL_1
44887,149,2026-02-15 11:22:37.030000+00:00,124351.04166024593,426607.3968273042,8.016501132521284,0.0003485538618406281,9.483873145654798e-05,0.004275288553486689,0,-0.00014848628494673477,-0.0003292962234387451,0.004275288553486689,14_P5_1
44888,164,2026-02-15 11:22:51.480000+00:00,124091.06253694746,427154.2067709041,9.841770694251437,-0.03279150390881114,0.01203996263211593,0.027137162622040023,0,0.020292544795747755,-0.028433361646082133,0.027137162622040023,907_GSL_1
44889,147,2026-02-15 11:22:53.480000+00:00,124350.92747262749,426607.51033431484,11.376703181553163,0.0009652818989707157,0.00034157471964135766,0.0024835398807194764,0,-0.0004898280036794128,-0.0008991723752373758,0.0024835398807194764,13_P5_1
44890,110,2026-02-15 11:22:56.370000+00:00,124434.14059692298,426963.92850508087,8.792683037736499,0.0005110805068397895,-0.0035814925795421004,0.041622677478709846,0,-0.003396907302639476,0.0012447140872752045,0.041622677478709846,35_P9_0
44891,126,2026-02-15 11:23:08.720000+00:00,124339.65824513005,426609.5884936026,6.673162832967088,0.001424525908078067,3.4415279515087605e-06,0.002505643831629989,0,-0.00031876646105179413,-0.0013884069469031035,0.002505643831629989,17_P5_1
44892,122,2026-02-15 11:23:08.900000+00:00,124329.1504194383,426611.3906299671,8.089159996205751,0.0008685352513566613,-0.001408941752742976,0.0054961577633534375,0,-0.0011425674526795236,0.0011975015497063262,0.0054961577633534375,16_P5_1
44893,111,2026-02-15 11:23:13.610000+00:00,124434.26147646923,426963.97208105196,6.509743064011792,-0.0002142900921171531,-0.00598272739443928,0.04845055439702328,0,-0.005894008553383054,0.00104862314126725,0.04845055439702328,36_P9_0
44894,107,2026-02-15 11:23:20.190000+00:00,124409.92236119535,426969.5227349892,6.2899507942554145,0.0015436880494235083,-0.0016760639264248312,0.0008704708253812754,0,-0.0012609455946362385,0.0018979408017014228,0.0008704708253812754,38_P9_0
44895,120,2026-02-15 11:23:24.550000+00:00,124329.26119711561,426611.3295035734,11.362247439369922,0.000945280451560393,-0.0016715166857466102,0.0042162727230490304,0,-0.001376132651314287,0.0013393215031568273,0.0042162727230490304,15_P5_1
44896,121,2026-02-15 11:23:26.440000+00:00,124329.26103592546,426611.32767090754,11.356400689681008,0.0014931557525414973,-4.558503860607743e-05,0.0021011676068862783,0,-0.0003721120162469575,-0.0014467635413076688,0.0021011676068862783,15_P5_1
44897,106,2026-02-15 11:23:35.710000+00:00,124410.03389649096,426969.44815455895,8.924567544030886,0.0016926727403188124,-0.0014067819574847817,0.000680319692355269,0,-0.0009585054293725867,0.0019812732834181114,0.000680319692355269,37_P9_0
44898,123,2026-02-15 11:23:42.820000+00:00,124329.15190766177,426611.3903267156,8.081561605292457,0.002151049644453451,4.86959470435977e-05,0.003445960238391166,0,-0.0006473200998244188,-0.002051916800585515,0.003445960238391166,16_P5_1
44899,124,2026-02-15 11:23:44.880000+00:00,124339.65842298018,426609.5892166401,6.679164124314305,0.0006572569545824081,-0.0010252639185637236,0.004733928481111427,0,-0.0007683643165026491,0.0009448645851025426,0.004733928481111427,17_P5_1
44900,102,2026-02-15 11:23:44.990000+00:00,124282.39493226426,426301.79232611513,6.902613321802703,0.001643318435526453,-0.0012317494838498533,-0.0006846619640326068,0,0.0008251328042041136,-0.0018806536435324141,-0.0006846619640326068,02_P1_0
44901,160,2026-02-15 11:23:53.070000+00:00,124421.81229912602,426965.61572868796,5.59627543260212,0.0010929653799394146,-0.002909350674599409,0.0040942027147812254,0,-0.0020014426018396753,0.002377629529821535,0.0040942027147812254,38a_P9_0
44902,118,2026-02-15 11:23:58.930000+00:00,124372.26199071962,426775.1121479737,6.17094490903624,0.0019633576303021982,-0.0005165251204743981,0.005412840045877942,0,-0.0009090316040158717,-0.0018152776447274634,0.005412840045877942,22_P6_1
44903,170,2026-02-15 11:24:01.080000+00:00,124669.37334545833,426931.3102732521,13.799237856126965,-0.014701358144520782,0.011776280356571078,0.013047725455576753,0,0.00012751428174750446,-0.01883598817259078,0.013047725455576753,908_GSL_1
44904,103,2026-02-15 11:24:01.530000+00:00,124282.31345999983,426301.7965140366,9.297838879406006,0.0017415926704416052,-0.0009301166282966733,-0.00011260638510712795,0,0.000507972075419209,-0.0019079377197812814,-0.00011260638510712795,01_P1_0
44905,162,2026-02-15 11:24:11.120000+00:00,124402.99634980498,426879.6446774179,6.548054207445625,0.0009216766629833728,-0.0030561700114049017,0.0033811641550576255,0,0.0031246117638490997,-0.0006530423683916864,0.0033811641550576255,34a_P7_0
44906,74,2026-02-15 11:24:15.330000+00:00,124369.34716932151,426785.72469979327,7.234800342345993,0.0008561122085666284,-0.001766503439284861,0.004746507588921034,0,-0.001341030894251308,-0.0014335615282664398,0.004746507588921034,21_P6_1
44907,100,2026-02-15 11:24:18.150000+00:00,124292.48512800386,426345.92916668823,7.587993926896333,0.0014047305448912084,-0.001068291487172246,-0.0005056420727651556,0,0.000716562225511942,-0.0016127780945574667,-0.0005056420727651556,06_P2_0
44908,92,2026-02-15 11:24:18.680000+00:00,124278.31647735155,426395.6369196749,11.104841477947172,0.0025015489663928747,-0.0013709503109566867,0.003052494719952392,0,0.000991876749434553,-0.00267459015557611,0.003052494719952392,11_P3_0
44909,104,2026-02-15 11:24:27.700000+00:00,124389.81698699686,426881.44338319957,10.726167511676183,-0.00010921341890934855,-0.0009563685744069517,0.0002556436159757425,0,0.0009582793483194742,-9.093465548105348e-05,0.0002556436159757425,33_P7_0
44910,73,2026-02-15 11:24:31.100000+00:00,124369.4906860237,426785.69538997696,11.411023950681802,0.0013464592630043626,-0.0010766772320494056,0.004969334618726506,0,-0.0016058608673641364,-0.0006272139057867931,0.004969334618726506,20_P6_1
44911,93,2026-02-15 11:24:33.900000+00:00,124278.27029338572,426395.78978511505,7.952089026512632,0.00216980604454875,-0.0015649874694645405,0.0033635062331143217,0,0.0012289803348535888,-0.00237631045679736,0.0033635062331143217,12_P3_0
44912,101,2026-02-15 11:24:35.530000+00:00,124292.40697905363,426345.88217923726,10.216308647174193,0.0016601827956037596,-0.001214288640767336,0.0006901495739093377,0,0.0007986178435055127,-0.0018954981819959372,0.0006901495739093377,05_P2_0
44913,105,2026-02-15 11:24:43.740000+00:00,124389.68813829703,426881.471077686,7.0629075131586205,-0.0005471403273986652,-0.0008755281451158226,0.0006116164358305198,0,0.00097079366102324,0.00035138545569355305,0.0006116164358305198,34_P7_0
44914,94,2026-02-15 11:24:49.900000+00:00,124268.22595066743,426351.55458395724,10.217391053776488,0.0017281683394685388,-0.0013890632544644177,0.002897114485527652,0,0.0010504977669792417,-0.0019525667660841596,0.002897114485527652,07_P2_0
44915,165,2026-02-15 11:24:50.620000+00:00,124091.06327507472,427154.2054474434,9.855505149163616,-0.020505552442045882,0.009295649768318981,0.004769655437595333,0,0.019908709612344044,-0.010513328071552912,0.004769655437595333,907_GSL_1
44916,98,2026-02-15 11:24:51.730000+00:00,124302.66231877125,426390.0768416963,7.980037058643569,0.001473137701395899,-0.0010703122825361788,0.000986263512698926,0,0.000694746863134828,-0.001683160677293203,0.000986263512698926,10_P3_0
44917,95,2026-02-15 11:25:06.080000+00:00,124268.11105762028,426351.5475676133,7.19702382630364,0.0015097180439624935,-0.0016233967035077512,0.003352968058520034,0,0.0013186724618896837,-0.0017820685641915046,0.003352968058520034,08_P2_0
44918,152,2026-02-15 11:25:07.150000+00:00,124370.27663276585,426819.49889998004,9.733562002555864,0.0008611039811512455,-0.00027005787706002593,0.004641051327984869,0,-0.0004610311109651496,0.0007758103106036505,0.004641051327984869,29_KW_1
44919,99,2026-02-15 11:25:08.040000+00:00,124302.53924526162,426390.1341785128,11.088311623466701,0.0011649704538285732,-0.0006377791869454086,0.000556420717334305,0,0.00034334047367155085,-0.0012829792549894537,0.000556420717334305,09_P3_0
44920,117,2026-02-15 11:25:22.130000+00:00,124377.6814188507,426815.90537692164,7.622436411214104,0.001401706613251008,-0.0003291168832220137,0.005001371041644553,0,-0.00038339126561180465,0.0013878438276355024,0.005001371041644553,26_KW_0
44921,96,2026-02-15 11:25:23.380000+00:00,124258.06349242263,426307.35093559703,9.308915706061828,0.0025142262020381168,-0.001473979908041656,0.004370097885937341,0,0.0009529880445660105,-0.002754226561348894,0.004370097885937341,03_P1_0
44922,113,2026-02-15 11:25:24.390000+00:00,124414.07616057736,426875.9117553662,7.344435309366678,-0.0010740368161350489,-0.003476771991699934,0.0410853642414013,0,0.00363224019738126,0.00021984019925933452,0.0410853642414013,32_P7_0
44923,166,2026-02-15 11:25:26.190000+00:00,124091.05777682402,427154.2055276705,9.83021817640729,-0.014504011676763184,0.016499690944328904,0.0003645573444845951,0,0.02008498642830972,-0.008899408752982771,0.0003645573444845951,907_GSL_1
44924,153,2026-02-15 11:25:29.880000+00:00,124370.27596468864,426819.4964276708,9.729721588621196,0.0021258837659843266,-0.002695426403079182,0.0036411115082071177,0,0.002041759145126098,-0.0027596965184936597,0.0036411115082071177,29_KW_1
44925,116,2026-02-15 11:25:37.430000+00:00,124377.68870762408,426815.89979628497,10.010427122609183,0.001347732511931099,-0.00026527862064540386,0.005367367332059558,0,-0.0003172151857867174,0.0013364618199536926,0.005367367332059558,25_KW_0
44926,97,2026-02-15 11:25:39.790000+00:00,124257.98937241988,426307.3902946482,6.842349306835919,0.0015022110019344836,-0.0015580564504489303,0.005287116239818701,0,0.001232649650383164,-0.0017789751646745352,0.005287116239818701,04_P1_0
44927,112,2026-02-15 11:25:40.710000+00:00,124413.94965532473,426875.8643869941,10.710014916870175,-0.0010793000838020816,-0.002879071340430528,0.040749309949511314,0,0.003053707314489634,0.0003589040144887254,0.040749309949511314,31_P7_0
44928,125,2026-02-15 11:25:42.440000+00:00,124339.65756409646,426609.5897453173,6.6738623846503895,-0.0003014671674463898,-0.0014885291457176208,0.0003464465212754675,0,-0.001516518916605025,-8.229122843961183e-05,0.0003464465212754675,17_P5_1
44929,115,2026-02-15 11:25:54.900000+00:00,124396.29067008737,426811.6337413475,7.652393858700102,0.0005793275631731376,-0.00017298891907557845,0.0061215659270557055,0,0.0001494756032392528,0.0005858349900879293,0.0061215659270557055,24_KW_0
44930,161,2026-02-15 11:25:56.930000+00:00,124402.98900295114,426879.6423789021,6.589440199589109,-0.0024007954489206895,-0.005127984855789691,0.04781587876538751,0,0.005650883793847307,-0.000357155172439913,0.04781587876538751,34a_P7_0
44931,146,2026-02-15 11:26:01.060000+00:00,124350.92490420361,426607.51128053945,11.379196718459584,-0.0013623713311972097,-0.0005848573637194932,-0.0001247947644991143,0,-0.0008593931841706084,-0.0012081213246053044,-0.0001247947644991143,13_P5_1
44932,114,2026-02-15 11:26:11.420000+00:00,124396.2998325678,426811.62939784594,9.995830840036634,0.0008119227859424427,-0.00014090986223891377,0.005146762386450732,0,0.00029680072572669326,0.0007687545309244269,0.005146762386450732,23_KW_0
44933,148,2026-02-15 11:26:18.890000+00:00,124351.03994929703,426607.39746028127,8.015205424643055,-0.001169117633253336,-0.0009956134599633515,-0.000250990569327314,0,-0.0012208142580029458,-0.000931501341652708,-0.000250990569327314,14_P5_1
44934,150,2026-02-15 11:26:27.120000+00:00,124401.10388343116,426812.32130702067,9.186427384137325,0.0007028012332739308,-0.00012456835247576237,0.004413360893515517,0,0.00032129200668839613,0.0006373525667697806,0.004413360893515517,27_KW_1
44935,168,2026-02-15 11:26:35.750000+00:00,124669.37135235172,426931.3118394572,13.792212305686427,-0.005379619629820809,0.0040988848195411265,-0.009127714248801766,0,0.00017123708619599983,-0.006761053319249093,-0.009127714248801766,908_GSL_1
44936,119,2026-02-15 11:26:42.880000+00:00,124400.81460461818,426811.3431478446,3.988963446690105,0.0004532310995273292,1.8963299226015806e-05,0.005429317603922179,0,0.0002901548356592358,0.0003486950066173146,0.005429317603922179,28_KW_1
44937,169,2026-02-15 11:26:59.800000+00:00,124669.37602397519,426931.30979283457,13.813838520689757,-0.003053473134059459,0.007633281638845801,0.002083307816864277,0,0.0007579868560275792,-0.008186338783879688,0.002083307816864277,908_GSL_1
44938,72,2026-02-15 11:27:41.930000+00:00,124390.52459969772,426780.8876814314,10.991855830791764,0.0006399948615580797,0.0007504997192882001,0.004770509225005881,0,0.0005129893459909724,-0.0008424281467117342,0.004770509225005881,18_P6_1
44939,138,2026-02-15 11:30:20.700000+00:00,123928.08719057881,426940.4329610046,7.112145180038593,0.0005717001331504434,0.001239852572325617,-0.0057908835593343255,0,0.0006304020126468381,0.001211061000031584,-0.0057908835593343255,905_GSL_1
44940,130,2026-02-15 11:30:21.610000+00:00,124898.93659376947,426720.7610091777,4.127539479251854,-0.0017792277940316126,-0.00866752106230706,0.037476746781659465,0,0.001702786669270036,0.00868286188232586,0.037476746781659465,901_GSL_1
44941,133,2026-02-15 11:30:21.640000+00:00,124806.2161426585,426258.50538770243,4.584461843499012,-0.005753435034421273,-0.006096110912039876,-0.003695260685553592,0,0.002202990793135049,0.00808773234674343,-0.003695260685553592,903_GSL_1
44942,139,2026-02-15 11:30:22.420000+00:00,123928.08649366285,426940.43214077613,7.132985995551349,-0.00037626083940267563,0.00103676354046911,-0.0036158351879072015,0,0.0006974307811018471,0.000854424463417169,-0.0036158351879072015,905_GSL_1
44943,134,2026-02-15 11:30:26.540000+00:00,123855.61466750102,426533.0754088501,6.0536154859792815,0.00020535961084533483,0.0011107881437055767,0.007772567081500981,0,2.0263479327634352e-05,0.0011294300604149717,0.007772567081500981,904_GSL_1
44944,125,2026-02-15 11:30:37.300000+00:00,124339.65873808242,426609.5895271585,6.675935670339896,0.0008725187944946811,-0.0017066879663616419,0.0024197322107823993,0,-0.0015620236522391514,0.0011109252770171133,0.0024197322107823993,17_P5_1
44945,132,2026-02-15 11:30:38.490000+00:00,124806.21349133467,426258.49965872907,4.628130872234616,-0.0006429531058529392,-0.005483021377585828,0.045498698024294626,0,0.004426288434418391,0.0032992245784006775,0.045498698024294626,903_GSL_1
44946,143,2026-02-15 11:30:40.750000+00:00,124266.91934933567,427056.3139415734,7.107803734262478,-0.000218092420254834,-0.0002853026380762458,0.0022619960397003425,0,-0.00018135291912464805,-0.00030995647725260604,0.0022619960397003425,906_GSL_1
44947,153,2026-02-15 11:30:42.500000+00:00,124370.2755645392,426819.4964862843,9.729848566247014,0.0017257343279197812,-0.002636812918353826,0.0037680891340254874,0,0.002090400335149183,-0.0023582128351288694,0.0037680891340254874,29_KW_1
44948,137,2026-02-15 11:30:42.600000+00:00,123928.08450933521,426940.4306595247,7.136123787608949,-0.0048899266694206744,-0.0031690463656559587,0.013260096643419317,0,0.00029522805682666666,-0.0058195427736593835,0.013260096643419317,905_GSL_1
44949,146,2026-02-15 11:30:54.790000+00:00,124350.92540096032,426607.51121385687,11.377632821109946,-0.0008656146237626672,-0.0006515399436466396,-0.0016886921141363587,0,-0.0008196583579991022,-0.000708486521538036,-0.0016886921141363587,13_P5_1
44950,135,2026-02-15 11:30:55.070000+00:00,123855.60950733222,426533.0785340332,6.058327267107618,-0.00414294601068832,0.0018991118995472789,0.03712881998926054,0,0.0023620473819131907,0.0038976095007167383,0.03712881998926054,904_GSL_1
44951,5,2026-02-15 11:30:55.270000+00:00,124424.61694002328,426919.14195562084,8.784895871545414,-0.00026275424170307815,-0.004392148228362203,0.017070049539100296,11,-0.004398227297175735,-0.00012490994282450657,0.017070049539100296,TS4
44952,152,2026-02-15 11:30:56.960000+00:00,124370.27663449869,426819.4988536162,9.73347496042416,0.0008628368232166395,-0.00031642173416912556,0.004554009196281683,0,-0.000506548690545144,0.0007668236573425334,0.004554009196281683,29_KW_1
44953,141,2026-02-15 11:30:58.400000+00:00,124266.91723241113,427056.3139600727,7.093242926450301,-0.0013963403180241585,-0.0005582303274422884,0.009108226187203528,0,-0.0005151271337110955,-0.0014128097601342948,0.009108226187203528,906_GSL_1
44954,136,2026-02-15 11:30:58.690000+00:00,123855.61242823892,426533.079612135,6.027100676990095,-0.0033418728708056733,0.0055036089033819735,0.004808134553356602,0,-0.0005094457310455022,0.006418589431731227,0.004808134553356602,904_GSL_1
44955,148,2026-02-15 11:31:13.310000+00:00,124351.04011781108,426607.39737275615,8.015172992754415,-0.0010006035881815478,-0.001083138573449105,-0.00028342245796686427,0,-0.0012706291509526565,-0.0007482635035363425,-0.00028342245796686427,14_P5_1
44956,150,2026-02-15 11:31:13.550000+00:00,124401.10377652817,426812.3213209917,9.186500404595858,0.0005958982364973053,-0.00011059734970331192,0.004486381352048596,0,0.0002684352296090036,0.0005433866114717556,0.004486381352048596,27_KW_1
44957,122,2026-02-15 11:31:15.590000+00:00,124329.15050183497,426611.3903490428,8.089903402776102,0.0009509319206699729,-0.0016898660687729716,0.006239564333704095,0,-0.0013934054817801365,0.0013484583832971513,0.006239564333704095,16_P5_1
44958,140,2026-02-15 11:31:17.200000+00:00,123928.08762714647,426940.4354188879,7.1359927178088425,0.00010341400047764182,0.0009802109561860561,0.0004190116064988203,0,-7.140364594302159e-05,0.0009830612867303928,0.0004190116064988203,905_GSL_1
44959,129,2026-02-15 11:31:30.200000+00:00,124898.94046659715,426720.7733112062,4.087368140590971,0.0007948983693495393,0.0008085360750555992,-0.00431660465464212,0,0.0006936306835229342,-0.0008969227821481496,-0.00431660465464212,901_GSL_1
44960,128,2026-02-15 11:31:31.170000+00:00,124898.93794957273,426720.7750345079,4.080598626958,-0.0023518267698818818,0.00577047310071066,-0.0007933040456791218,0,0.00037370729379593423,-0.006220111881640239,-0.0007933040456791218,901_GSL_1
44961,120,2026-02-15 11:31:32.640000+00:00,124329.26140356314,426611.3293941219,11.362412291697932,0.0011517279781401157,-0.0017809682176448405,0.004381125051059698,0,-0.001429478119826785,0.0015668176131344194,0.004381125051059698,15_P5_1
44962,145,2026-02-15 11:31:36.420000+00:00,124266.92043165227,427056.3137146489,7.11195972936319,0.002107899432303384,-0.001031958730891347,0.003992793071543765,0,-0.002222742635245691,0.0007533883569772288,0.003992793071543765,906_GSL_1
44963,6,2026-02-15 11:31:36.620000+00:00,124399.0398789368,426925.0741668815,8.556523508105537,0.0007081924268277362,-0.0012823333963751793,0.009216812283979081,11,-0.001326426653360155,0.0006216975037194857,0.009216812283979081,TS5
44964,149,2026-02-15 11:31:47.910000+00:00,124351.04172899274,426607.39686484524,8.015040661838327,0.00041730067459866405,0.00013237976236268878,0.002814817870529396,0,-0.00019637396623648818,-0.00039128189312598235,0.002814817870529396,14_P5_1
44965,131,2026-02-15 11:31:48.360000+00:00,124806.21737853013,426258.50157605275,4.611640900970751,-0.001165966023108922,-0.004708011751063168,0.00013642819818837637,0,0.0005445200591208072,0.004819579786704271,0.00013642819818837637,903_GSL_1
44966,3,2026-02-15 11:31:48.560000+00:00,124314.90396361958,426440.79259842786,7.049517852474871,-0.0032757323497207835,-0.0034788557095453143,-0.028911243016213284,11,-0.004723878346939124,0.0007196060298267141,-0.028911243016213284,TS2
44967,124,2026-02-15 11:31:52.530000+00:00,124339.6584029506,426609.5891714142,6.679274791236232,0.0006372273783199489,-0.001070489815901965,0.0048445954030382765,0,-0.0008175852664622013,0.0009399795262101559,0.0048445954030382765,17_P5_1
44968,154,2026-02-15 11:31:52.730000+00:00,124285.66559909089,426445.5614715677,7.895861213535072,0.0009740908863022923,-0.0023534322972409427,-0.0057387864649269815,11,-0.0025451632226182524,-9.818758936565395e-05,-0.0057387864649269815,TS1-1
44969,147,2026-02-15 11:32:04.020000+00:00,124350.9277871262,426607.5103895943,11.37691233943162,0.0012797806120943278,0.0003968541859649122,0.0026926977591763546,0,-0.00059411371721204,-0.001200983160177901,0.0026926977591763546,13_P5_1
44970,126,2026-02-15 11:32:19.230000+00:00,124339.65851661778,426609.5884807229,6.673563785210568,0.001696013641776517,-9.438139386475086e-06,0.002906596075110457,0,-0.00036631772523677977,-0.0016560080542510878,0.002906596075110457,17_P5_1
44971,121,2026-02-15 11:32:35.800000+00:00,124329.26095265434,426611.3276823489,11.35579514385349,0.0014098846295382828,-3.4143682569265366e-05,0.001495621779367795,0,-0.00035990684669540184,-0.0013636009391935252,0.001495621779367795,15_P5_1
44972,123,2026-02-15 11:32:51.520000+00:00,124329.15163609407,426611.3903501338,8.079713758868456,0.0018794819479808211,7.211416959762573e-05,0.001598113814390345,0,-0.000593986965710447,-0.001784609853948093,0.001598113814390345,16_P5_1
44973,4,2026-02-15 11:32:51.720000+00:00,124378.97100771684,426782.74104289495,7.762131189485126,-0.0008102563588181511,-0.00014001247473061085,0.0070554845128603105,11,-0.000818334676759841,-8.029456331411772e-05,0.0070554845128603105,TS3
44974,68,2026-02-15 11:36:20.400000+00:00,123928.08404848391,426940.4301354697,7.118194166534972,-0.02490187794319354,-0.0175995355239138,-0.0006191145052536484,0,0.001326561365545639,-0.030464527088052005,-0.0006191145052536484,905_GSL_1
44975,66,2026-02-15 11:36:22.220000+00:00,124898.93452544694,426720.75847624213,4.130972108482041,-0.003080216745729558,-0.015728912665508687,0.04868557807827667,0,0.003227000823904731,0.01569945523011517,0.04868557807827667,901_GSL_1
44976,71,2026-02-15 11:36:22.890000+00:00,124806.22190100118,426258.5087827318,4.58827092952577,-0.005860934310476296,-0.006323400302790105,-0.00323273362349763,0,0.002340839383851774,0.008297976461767814,-0.00323273362349763,903_GSL_1
44977,68,2026-02-15 11:36:22.920000+00:00,123928.08678954192,426940.4323516095,7.13522936016353,-0.02216081993537955,-0.015383395715616643,0.016416079123303895,0,0.015838862825917177,-0.021837610408040234,0.016416079123303895,905_GSL_1
44978,67,2026-02-15 11:36:23.120000+00:00,123855.61516519611,426533.076966948,6.0521948963934,-0.002829278033459559,-0.014135756704490632,0.0077867480558238,0,-4.687850468574472e-05,-0.014416040864431783,0.0077867480558238,904_GSL_1
44979,71,2026-02-15 11:36:38.400000+00:00,124806.20626430507,426258.4970263924,4.630553015616015,-0.021497630412341096,-0.018079739704262465,0.03904935246674768,0,0.004902490748873065,0.027658464989523755,0.03904935246674768,903_GSL_1
44980,67,2026-02-15 11:36:39.590000+00:00,123855.61567500018,426533.07496574055,6.025493340023747,-0.002319473962415941,-0.0161369641427882,-0.018914808313828857,0,0.011321449785609243,-0.011730573130068544,-0.018914808313828857,904_GSL_1
44981,68,2026-02-15 11:36:40.410000+00:00,123928.08776550725,426940.43231445487,7.136139971313847,-0.021184854602324776,-0.01542055036406964,0.017326690273621104,0,-9.275875190761249e-05,-0.026202725695362195,0.017326690273621104,905_GSL_1
44982,69,2026-02-15 11:36:41.980000+00:00,124266.91894348669,427056.3138048391,7.108735486323942,-0.023653709969948977,-0.0010335449478588998,0.018234115396509765,0,0.008007284932926722,-0.02228114894938394,0.018234115396509765,906_GSL_1
44983,69,2026-02-15 11:36:56.400000+00:00,124266.92143423158,427056.31352124485,7.093395868749994,-0.021162965073017403,-0.0013171391910873353,0.0028944978225613482,0,-0.0006680622744336241,-0.021193386683773106,0.0028944978225613482,906_GSL_1
44984,67,2026-02-15 11:36:57.710000+00:00,123855.60708040895,426533.08374250046,6.063190666103585,-0.010914065191172995,-0.007360204239375889,0.018782517766009477,0,0.013163892168939593,3.699198604657418e-05,0.018782517766009477,904_GSL_1
44985,68,2026-02-15 11:36:58.090000+00:00,123928.08749872328,426940.4313790122,7.135584004506267,-0.02145163857494481,-0.016355993051547557,0.016770723466041026,0,0.02090651254489705,-0.017047259001446373,0.016770723466041026,905_GSL_1
44986,66,2026-02-15 11:36:59.110000+00:00,124898.94023589371,426720.7729541578,4.0867035371722515,0.002630230024806224,-0.0012509970110841095,0.004417006768487219,0,0.0027597880575536793,0.0009309529432348419,0.004417006768487219,901_GSL_1
44987,66,2026-02-15 11:37:13.800000+00:00,124898.94110049488,426720.7670756897,4.083292537635403,0.0034948311949847266,-0.007129465113393962,0.0010060072316386837,0,0.00026950938414099063,0.007935394292434365,0.0010060072316386837,901_GSL_1
44988,69,2026-02-15 11:37:17.390000+00:00,124266.91914333537,427056.3124241003,7.1120833407918855,-0.023453861285815947,-0.0024142837501131,0.021581969864453043,0,0.014936516724565328,-0.018243158810281088,0.021581969864453043,906_GSL_1
44989,66,2026-02-15 11:37:29.970000+00:00,124898.93933741971,426720.7730486982,4.077510377740662,0.0017317560268566012,-0.001156456593889743,-0.004776152663102273,0,0.0010616688000504686,0.0017914324293996204,-0.004776152663102273,901_GSL_1
44990,149,2026-02-15 11:37:36.630000+00:00,124351.0419365534,426607.39699676033,8.016491476355005,0.0006248613353818655,0.00026429485296830535,0.004265632387207674,0,-0.00035929672006126083,-0.000575507884145792,0.004265632387207674,14_P5_1
44991,71,2026-02-15 11:37:46.560000+00:00,124806.21646914398,426258.49817744945,4.608563664196243,-0.011292791503365152,-0.016928682627622038,0.017060001046975692,0,-0.0046993892594197235,0.019799575147807565,0.017060001046975692,903_GSL_1
44992,164,2026-02-15 11:37:52.600000+00:00,124091.06344184729,427154.20670012134,9.844021402143833,-0.03188660407613497,0.01196917990455404,0.029387870514435477,0,0.01998469286864985,-0.02757950032254942,0.029387870514435477,907_GSL_1
44993,147,2026-02-15 11:37:52.910000+00:00,124350.92780772233,426607.51037987607,11.375851112750423,0.001300376738072373,0.0003871359513141215,0.0016314710779798958,0,-0.0005877729046709463,-0.0012228560496862716,0.0016314710779798958,13_P5_1
44994,110,2026-02-15 11:37:59.510000+00:00,124434.1397308137,426963.93028106855,8.793740563278316,-0.0003550287801772356,-0.0018055049004033208,0.04268020302052733,0,-0.0018398632900547371,2.8221517384787326e-05,0.04268020302052733,35_P9_0
44995,126,2026-02-15 11:38:08.320000+00:00,124339.65822946142,426609.5886693054,6.6724208915611705,0.0014088572788750753,0.00017914432100951672,0.0017637024257126654,0,-0.0004866395136100482,-0.0013342239331471377,0.0017637024257126654,17_P5_1
44996,122,2026-02-15 11:38:09.190000+00:00,124329.1507391858,426611.39020597236,8.088774082187946,0.001188282752991654,-0.0018329364829696715,0.00511024374554836,0,-0.0014715943833446714,0.0016143364031598463,0.00511024374554836,16_P5_1
44997,111,2026-02-15 11:38:16.450000+00:00,124434.26079372,426963.97355511656,6.510569391872686,-0.0008970393246272579,-0.004508662794250995,0.049276882257917265,0,-0.0045964824437234415,7.119611459271512e-05,0.049276882257917265,36_P9_0
44998,107,2026-02-15 11:38:18.490000+00:00,124409.92212683568,426969.5226171307,6.289566228688562,0.0013093283778289333,-0.0017939223907887936,0.0004859052585288737,0,-0.0014311459346133726,0.0016983284897219217,0.0004859052585288737,38_P9_0
44999,120,2026-02-15 11:38:25.390000+00:00,124329.26133341619,426611.3293330976,11.362088460868941,0.001081581023754552,-0.0018419924890622497,0.004057294222068464,0,-0.0015063363324719435,0.001514498165790458,0.004057294222068464,15_P5_1
45000,121,2026-02-15 11:38:25.420000+00:00,124329.26119284489,426611.3275884108,11.355964689253296,0.0016500751808052883,-0.00012808176688849926,0.0016651671791745315,0,-0.00033658777371088855,-0.001620451082849227,0.0016651671791745315,15_P5_1
45001,106,2026-02-15 11:38:34.400000+00:00,124410.03361665607,426969.4479448282,8.924137775346885,0.0014128378534223884,-0.001616512716282159,0.0002505510083548046,0,-0.00122936655436628,0.0017600801223156537,0.0002505510083548046,37_P9_0
45002,123,2026-02-15 11:38:40.920000+00:00,124329.15191245536,426611.3903961118,8.080975836915393,0.002155843234504573,0.00011809216812252998,0.0028601918613269106,0,-0.0007152958299395219,-0.0020371444935502613,0.0028601918613269106,16_P5_1
45003,124,2026-02-15 11:38:44.490000+00:00,124339.65849516574,426609.5888962594,6.678748392979733,0.0007294425158761442,-0.0013456446467898786,0.004318197146539582,0,-0.0010501131442468318,0.0011136014923131205,0.004318197146539582,17_P5_1
45004,160,2026-02-15 11:38:51.380000+00:00,124421.81225207832,426965.6154734851,5.595730782525347,0.0010459176846779883,-0.0031645535491406918,0.003549552638008713,0,-0.0022469900213645385,0.002461580551675956,0.003549552638008713,38a_P9_0
45005,118,2026-02-15 11:38:57.020000+00:00,124372.26200434941,426775.1121371402,6.170663938288455,0.001976987419766374,-0.0005273586139082909,0.0051318692980935054,0,-0.000909909560607576,-0.00183266225941735,0.0051318692980935054,22_P6_1
45006,170,2026-02-15 11:38:59.890000+00:00,124669.37306533803,426931.3095996247,13.796453356373657,-0.01498147843813058,0.011102652992121875,0.010263225702269452,0,-0.0005747165613443622,-0.018638221495887446,0.010263225702269452,908_GSL_1
45007,162,2026-02-15 11:39:09.890000+00:00,124402.99632937789,426879.6446282349,6.547798441357789,0.0009012495720526204,-0.0031053529819473624,0.003125398067221674,0,0.0031718384716388497,-0.0006284175709240897,0.003125398067221674,34a_P7_0
45008,102,2026-02-15 11:39:10.800000+00:00,124282.39521935406,426301.7925523962,6.90252535156366,0.0019304082379676402,-0.001005468424409628,-0.0007726322030761068,0,0.0005394117770997368,-0.0021086672692542585,-0.0007726322030761068,02_P1_0
45009,74,2026-02-15 11:39:13.120000+00:00,124369.3472551727,426785.72475441557,7.234525711435121,0.0009419634006917477,-0.0017118811374530196,0.004471876678048936,0,-0.0014068425282492006,-0.0013559595044541715,0.004471876678048936,21_P6_1
45010,92,2026-02-15 11:39:17.290000+00:00,124278.31615406889,426395.636920847,11.104320683329998,0.002178266309783794,-0.0013697781832888722,0.0025317001027787,0,0.0010378172446916974,-0.002354585261648812,0.0025317001027787,11_P3_0
45011,104,2026-02-15 11:39:26.490000+00:00,124389.8171031035,426881.44333755225,10.725721467808649,6.893227691762149e-06,-0.0010020158952102065,-0.00019040025155803164,0,0.0009789281263103415,-0.00021396984451189848,-0.00019040025155803164,33_P7_0
45012,103,2026-02-15 11:39:26.650000+00:00,124282.31418519467,426301.7964379691,9.29795082586632,0.0024667875113664195,-0.00100618414580822,0.0,0,0.0004164725570618692,-0.0026313490400787765,-6.599247939220731e-07,01_P1_0
45013,73,2026-02-15 11:39:29.020000+00:00,124369.49078996644,426785.6953617742,11.410765344317861,0.0014504020073218271,-0.0011048800079151988,0.004710728254785579,0,-0.0017134860009848363,-0.0006232106699687263,0.004710728254785579,20_P6_1
45014,93,2026-02-15 11:39:32.710000+00:00,124278.27030436881,426395.789655834,7.95181177777933,0.0021807891316711903,-0.00169426848879084,0.003086257499812284,0,0.0013552435041088292,-0.0024061799586680135,0.003086257499812284,12_P3_0
45015,105,2026-02-15 11:39:42.410000+00:00,124389.68809266912,426881.47101389396,7.062604245618843,-0.0005927682359470055,-0.0009393201908096671,0.0003083488960529124,0,0.0010427345759585081,0.0003826241060245218,0.0003083488960529124,34_P7_0
45016,100,2026-02-15 11:39:43.210000+00:00,124292.48606932964,426345.9289222497,7.586330751877732,0.0023460563243133947,-0.001312730018980801,-0.002168817091366293,0,0.0007379340277146249,-0.002585090665784293,-0.002168817091366293,06_P2_0
45017,165,2026-02-15 11:39:47.700000+00:00,124091.06354008622,427154.2059291595,9.853199935534668,-0.02024054093635641,0.009777365834452212,0.0024644418086481323,0,0.02012711977630375,-0.01000876763479678,0.0024644418086481323,907_GSL_1
45018,94,2026-02-15 11:39:48.890000+00:00,124268.22591905046,426351.55456488294,10.217300132468157,0.0016965513641480356,-0.0014081375556997955,0.0028061931771965476,0,0.0010750202715660443,-0.0019249595639095447,0.0028061931771965476,07_P2_0
45019,101,2026-02-15 11:40:00.320000+00:00,124292.4073335156,426345.8822597159,10.21525171216858,0.002014644764130935,-0.001133810030296445,-0.00036678543170332034,0,0.0006385442535608641,-0.0022218415665131064,-0.00036678543170332034,05_P2_0
45020,152,2026-02-15 11:40:04.400000+00:00,124370.27658799685,426819.4987779316,9.733194472624216,0.0008163349848473445,-0.00039210630347952247,0.004273521396337188,0,-0.0005694971153502725,0.0007041471411017786,0.004273521396337188,29_KW_1
45021,95,2026-02-15 11:40:04.820000+00:00,124268.11081337799,426351.5475357341,7.19665036414242,0.0012654757592827082,-0.0016552759334445,0.0029795058972998945,0,0.001394845782286928,-0.001547828335704278,0.0029795058972998945,08_P2_0
45022,113,2026-02-15 11:40:12.330000+00:00,124414.07824510135,426875.9128337362,7.3455381581642545,0.0010104871762450784,-0.002398401964455843,0.042188213038977906,0,0.0020907701040361873,-0.0015498698940652755,0.042188213038977906,32_P7_0
45023,98,2026-02-15 11:40:16.100000+00:00,124302.66265285447,426390.07683881774,7.97911118736289,0.0018072209204547107,-0.0010731908259913325,6.039223201970145e-05,0,0.0006191388597738799,-0.0020085948015065237,6.039223201970145e-05,10_P3_0
45024,117,2026-02-15 11:40:20.040000+00:00,124377.6814043527,426815.90547441755,7.62234318108058,0.0013872086128685623,-0.00023162097204476595,0.004908140908120195,0,-0.0002854079624916023,0.0013771486140769541,0.004908140908120195,26_KW_0
45025,96,2026-02-15 11:40:21.980000+00:00,124258.06322446937,426307.35080678004,9.308605561831499,0.002246272939373739,-0.0016027968958951533,0.004059953655607629,0,0.0011317925521049546,-0.002516693391466992,0.004059953655607629,03_P1_0
45026,153,2026-02-15 11:40:25.390000+00:00,124370.27618561489,426819.4963388067,9.72886733572728,0.0023468100116588175,-0.002784290525596589,0.0027868586142911767,0,0.002069421516320279,-0.0029962118665974985,0.0027868586142911767,29_KW_1
45027,112,2026-02-15 11:40:27.710000+00:00,124413.95284979555,426875.86522401805,10.710622346748544,0.0021151707333046943,-0.0020420473883859813,0.04135673982787935,0,0.0014765183501415204,-0.002542400111929294,0.04135673982787935,31_P7_0
45028,99,2026-02-15 11:40:31.880000+00:00,124302.53968107243,426390.13410955697,11.088047266416748,0.0016007812664611265,-0.0007067350088618696,0.0002920636673806598,0,0.0003069763443621256,-0.0017227131391517104,0.0002920636673806598,09_P3_0
45029,116,2026-02-15 11:40:36.020000+00:00,124377.68873849291,426815.8996973408,10.010153373142371,0.0013786013441858813,-0.0003642227966338396,0.005093617865247424,0,-0.000417282157298987,0.0013634791941862542,0.005093617865247424,25_KW_0
45030,97,2026-02-15 11:40:38.650000+00:00,124257.98922742893,426307.3903460411,6.842184731552311,0.0013572200550697744,-0.001506663509644568,0.005122540956210564,0,0.0012107365617286643,-0.0016267139229967696,0.005122540956210564,04_P1_0
45031,161,2026-02-15 11:40:43.530000+00:00,124402.99081135009,426879.64301275124,6.590629935846863,-0.0005923965072724968,-0.004494135733693838,0.04900561502314105,0,0.004226402240983224,-0.0016388147278153479,0.04900561502314105,34a_P7_0
45032,166,2026-02-15 11:40:50.370000+00:00,124091.05595082356,427154.20463647984,9.825157618571357,-0.016330012134858407,0.015608500281814486,-0.004696000491447805,0,0.01978131157898763,-0.010908450375146584,-0.004696000491447805,907_GSL_1
45033,115,2026-02-15 11:40:54.450000+00:00,124396.29071395725,426811.63363790046,7.652019020507082,0.0006231974402908236,-0.0002764359815046191,0.00574672773403595,0,8.330155907866964e-05,0.000676648174246055,0.00574672773403595,24_KW_0
45034,125,2026-02-15 11:41:06.830000+00:00,124339.65699135215,426609.58984326303,6.675129064331763,-0.0008742114732740447,-0.0013905834057368338,0.0016131262026490845,0,-0.0015027137367388216,-0.0006631887617647598,0.0016131262026490845,17_P5_1
45035,114,2026-02-15 11:41:09.920000+00:00,124396.2999021793,426811.629458295,9.995548663035812,0.0008815342735033482,-8.046079892665148e-05,0.004864585385629283,0,0.0003844450784748378,0.0007973572581731897,0.004864585385629283,23_KW_0
45036,146,2026-02-15 11:41:24.620000+00:00,124350.92528793323,426607.5109353849,11.378452191697113,-0.0009786417067516595,-0.00093001191271469,-0.0008693215269701682,0,-0.001115718595908587,-0.0007601537757117363,-0.0008693215269701682,13_P5_1
45037,150,2026-02-15 11:41:25.830000+00:00,124401.10398794917,426812.32145325775,9.186461769970002,0.0008073192439042032,2.1668733097612858e-05,0.004447746726192747,0,0.0005009962025331613,0.0006334324751853678,0.004447746726192747,27_KW_1
45038,119,2026-02-15 11:41:41.430000+00:00,124400.81588516642,426811.3420703966,3.988549228703326,0.0017337793397018686,-0.001058484718669206,0.005015099617143193,0,0.0002110671550273342,0.002020354264603597,0.005015099617143193,28_KW_1
45039,148,2026-02-15 11:41:42.330000+00:00,124351.04055192658,426607.3975183603,8.014359825210816,-0.0005664880882250145,-0.0009375344379805028,-0.0010965900015662555,0,-0.0010363106207061195,-0.0003548800838479761,-0.0010965900015662555,14_P5_1
45040,168,2026-02-15 11:41:58.470000+00:00,124669.3681710712,426931.3142248974,13.79005454450122,-0.008560900154407136,0.006484325043857098,-0.011285475434007708,0,0.00024132563499803592,-0.010736724112410324,-0.011285475434007708,908_GSL_1
45041,169,2026-02-15 11:41:58.920000+00:00,124669.37638695755,426931.30890193454,13.813170757047292,-0.002690490771783516,0.006742381607182324,0.0014155441743994857,0,0.0006753999452385761,-0.007227882486862559,0.0014155441743994857,908_GSL_1
45042,72,2026-02-15 11:42:40.320000+00:00,124390.5245838611,426780.8875488842,10.991653606529688,0.0006241582450456917,0.0006179524934850633,0.004568284962930491,0,0.000518354859933156,-0.0007090465698715446,0.004568284962930491,18_P6_1
45043,138,2026-02-15 11:45:19.860000+00:00,123928.08425642809,426940.42972744926,7.117613703408194,-0.002362450584769249,-0.0019937027827836573,-0.00032236018973286207,0,-0.00013023982751001167,-0.0030885370548021647,-0.00032236018973286207,905_GSL_1
45044,130,2026-02-15 11:45:20.530000+00:00,124898.93006533544,426720.7474844093,4.128402207879108,-0.008307661817525513,-0.02219228947069496,0.03833947540891369,0,0.000898275917607138,0.023679274845343906,0.03833947540891369,901_GSL_1
45045,133,2026-02-15 11:45:22.310000+00:00,124806.22195417994,426258.50895176287,4.585012844194358,5.8086414355784655e-05,-0.0025320504792034626,-0.0031442599902078427,0,0.0021910645091688173,0.0012703896951046182,-0.0031442599902078427,903_GSL_1
45046,139,2026-02-15 11:45:22.340000+00:00,123928.0876945681,426940.43372812885,7.135339415525071,0.0008246444049291313,0.002624116255901754,-0.0012624152141844647,0,8.788208244072091e-05,0.0027492364864912296,-0.0012624152141844647,905_GSL_1
45047,134,2026-02-15 11:45:24.490000+00:00,123855.61493267614,426533.07460493786,6.053823800452014,0.0004705347237177193,0.00030687591060996056,0.007980881554233932,0,-0.0003998915851710598,0.0003945408354608937,0.007980881554233932,904_GSL_1
45048,125,2026-02-15 11:45:37+00:00,124339.65853683309,426609.58951480483,6.674789976358737,0.0006712694594170898,-0.0017190416110679507,0.001274038229622576,0,-0.0016034494432815712,0.0009135954414122405,0.001274038229622576,17_P5_1
45049,132,2026-02-15 11:45:37.530000+00:00,124806.20474448199,426258.49659301795,4.624151783977082,-0.009389805782120675,-0.008548732497729361,0.04151960976676072,0,0.0027060048912157107,0.012406724687539318,0.04151960976676072,903_GSL_1
45050,143,2026-02-15 11:45:40.460000+00:00,124266.91885362726,427056.31376346044,7.106813603850437,-0.0007138008368201554,-0.00046341557754203677,0.001271865627659352,0,-0.0001582905132957889,-0.0008361876258079458,0.001271865627659352,906_GSL_1
45051,137,2026-02-15 11:45:40.780000+00:00,123928.08718968897,426940.43214324955,7.134914820255107,-0.0022095729073043913,-0.0016853215056471527,0.012051129289576856,0,-7.194995394234889e-05,-0.002778010837671095,0.012051129289576856,905_GSL_1
45052,153,2026-02-15 11:45:43.960000+00:00,124370.27680337838,426819.49612284824,9.72923985005355,0.002964573504868895,-0.003000248980242759,0.003159372940562122,0,0.002115384109744391,-0.0036490190568780655,0.003159372940562122,29_KW_1
45053,146,2026-02-15 11:45:54.040000+00:00,124350.92590088898,426607.51059052255,11.378750103847675,-0.00036568596260622144,-0.0012748742592521012,-0.0005714093764073169,0,-0.0013233491583514014,-8.819073217447585e-05,-0.0005714093764073169,13_P5_1
45054,135,2026-02-15 11:45:54.370000+00:00,123855.60612706294,426533.0860583914,6.060327895363221,-0.0075232152885291725,0.009423470066394657,0.03912944824486342,0,0.0009346239373799557,0.012021939713102524,0.03912944824486342,904_GSL_1
45055,5,2026-02-15 11:45:54.570000+00:00,124424.61688795975,426919.14376228803,8.786990406113489,-0.00031481776386499405,-0.0025854810373857617,0.01916458410717503,11,-0.0025996668027328685,-0.0001598591063873871,0.01916458410717503,TS4
45056,152,2026-02-15 11:45:56.420000+00:00,124370.27659116397,426819.498683671,9.733047598319214,0.0008195021073333919,-0.0004863669164478779,0.00412664709133459,0,-0.0006619552438953391,0.000685530259301768,0.00412664709133459,29_KW_1
45057,141,2026-02-15 11:45:56.500000+00:00,124266.91635265172,427056.31321637536,7.0942917010783795,-0.0022760997235309333,-0.001301927666645497,0.010157000815281592,0,-0.0012314831387180156,-0.002314971896090275,0.010157000815281592,906_GSL_1
45058,136,2026-02-15 11:45:59.990000+00:00,123855.61502525903,426533.0768852396,6.026555211128397,-0.000744852761272341,0.002776713517960161,0.004262668691658256,0,-0.0010203626372717342,0.00268771346784913,0.004262668691658256,904_GSL_1
45059,122,2026-02-15 11:46:12.890000+00:00,124329.15043701713,426611.3902331604,8.089082466322072,0.0008861140813678503,-0.0018057484412565827,0.005418627879674176,0,-0.001521938717449105,0.00131515327571669,0.005418627879674176,16_P5_1
45060,150,2026-02-15 11:46:13.080000+00:00,124401.10383958182,426812.32138459815,9.186300011223038,0.0006589518889086321,-4.69908700324595e-05,0.004285987979228523,0,0.0003571375967872048,0.0005557683606717116,0.004285987979228523,27_KW_1
45061,148,2026-02-15 11:46:13.570000+00:00,124351.04014031247,426607.3976536055,8.01525255255562,-0.0009781021944945678,-0.0008022892288863659,-0.0002038626567628654,0,-0.0009913910591975287,-0.0007858089318691732,-0.0002038626567628654,14_P5_1
45062,140,2026-02-15 11:46:19.390000+00:00,123928.08775568412,426940.430200015,7.1371684726247056,0.00023195164976641536,-0.004238661902491003,0.001594766422361893,0,-0.00037001186335004516,-0.0042288470665700646,0.001594766422361893,905_GSL_1
45063,120,2026-02-15 11:46:28.680000+00:00,124329.26178694655,426611.3293678874,11.362139415352821,0.0015351113834185526,-0.0018072027014568448,0.004108248705948725,0,-0.001357341780168561,0.0019442664054761072,0.004108248705948725,15_P5_1
45064,129,2026-02-15 11:46:32.310000+00:00,124898.94035064883,426720.77363721456,4.084296645363084,0.0006789500475861132,0.0011345444363541901,-0.007388099882529531,0,0.0005399173081597784,-0.0012069190302290088,-0.007388099882529531,901_GSL_1
45065,128,2026-02-15 11:46:32.820000+00:00,124898.9377662755,426720.7761679527,4.073507739136964,-0.002535124003770761,0.006903917877934873,-0.007884191866715184,0,0.0006983850978323474,-0.007321420219799514,-0.007884191866715184,901_GSL_1
45066,145,2026-02-15 11:46:39.890000+00:00,124266.91889145235,427056.31231064413,7.111920463761062,0.0005676995206158608,-0.0024359634844586253,0.003953527469415796,0,-0.0021194891773759672,-0.0013281439945688985,0.003953527469415796,906_GSL_1
45067,6,2026-02-15 11:46:40.090000+00:00,124399.03974130482,426925.07398974267,8.55621595610857,0.000570560441701673,-0.0014594722306355834,0.008909260287012444,11,-0.0014730368553208112,0.000534566022580737,0.008909260287012444,TS5
45068,124,2026-02-15 11:46:49.590000+00:00,124339.65803609608,426609.5889946714,6.678740414901893,0.00027037285326514393,-0.0012472326052375138,0.004310219068699439,0,-0.0011001678082492297,0.0006467777400640633,0.004310219068699439,17_P5_1
45069,154,2026-02-15 11:46:49.790000+00:00,124285.66554917223,426445.5611191801,7.8958434803669615,0.0009241722291335464,-0.0027058199048042297,-0.005756519633037804,11,-0.002853565204403332,-0.0001808902721403507,-0.005756519633037804,TS1-1
45070,149,2026-02-15 11:46:49.820000+00:00,124351.04142829278,426607.39702628733,8.015946161116565,0.00011660071322694421,0.00029382185311987996,0.0037203171487671938,0,-0.00030850548750622266,-6.893019566474682e-05,0.0037203171487671938,14_P5_1
45071,131,2026-02-15 11:46:49.930000+00:00,124806.21775608225,426258.5019128024,4.6101100435211775,-0.000788413904956542,-0.004371262097265571,-0.0013944292513849987,0,0.0007813573074053527,0.004372528966934774,-0.0013944292513849987,903_GSL_1
45072,3,2026-02-15 11:46:50.130000+00:00,124314.9039603812,426440.79260923254,7.048798168302404,-0.0032789707329357043,-0.0034680510289035738,-0.029630927188680545,11,-0.004746238145735502,0.0005022454285439245,-0.029630927188680545,TS2
45073,147,2026-02-15 11:47:06+00:00,124350.92763524645,426607.5104367742,11.377270066434868,0.0011279008613200858,0.0004440340562723577,0.003050424762424342,0,-0.0006166992361438386,-0.0010435557715023575,0.003050424762424342,13_P5_1
45074,126,2026-02-15 11:47:21.700000+00:00,124339.65877675226,426609.5885049678,6.670638367543558,0.0019561481167329475,1.4806748367846012e-05,-1.882159190014221e-05,0,-0.00044755903104614004,-0.0019043176226995662,-1.882159190014221e-05,17_P5_1
45075,121,2026-02-15 11:47:40.150000+00:00,124329.26137688431,426611.32765752374,11.35435721424233,0.00183411460602656,-5.896884249523282e-05,5.769216820894485e-05,0,-0.0004542267732370138,-0.001777957184776923,5.769216820894485e-05,15_P5_1
45076,123,2026-02-15 11:47:56.020000+00:00,124329.15250590621,426611.39017242397,8.081466578987486,0.002749294086243026,-0.00010559568181633949,0.0033509339334205634,0,-0.0006661912600118356,-0.0026694489367195197,0.0033509339334205634,16_P5_1
45077,4,2026-02-15 11:47:56.220000+00:00,124378.97106008501,426782.7410368951,7.7621283576985025,-0.0007578881923109293,-0.00014601234579458833,0.0070526527262364525,11,-0.0007677966308098883,-7.875564034245856e-05,0.0070526527262364525,TS3
45078,68,2026-02-15 11:51:21.580000+00:00,123928.08282762641,426940.4288742267,7.117419014284127,-0.026122735449462198,-0.018860778538510203,-0.0013942667560993272,0,0.0010765669531810614,-0.03220197630637962,-0.0013942667560993272,905_GSL_1
45079,66,2026-02-15 11:51:22.230000+00:00,124898.9391401771,426720.7720911613,4.132980320623824,0.0015345134161179885,-0.00211399351246655,0.05069379022005993,0,0.0022313449169075144,0.0013582340949879579,0.05069379022005993,901_GSL_1
45080,68,2026-02-15 11:51:22.230000+00:00,123928.0875019683,426940.4333266793,7.134780571363859,-0.021448393556056544,-0.01440832595108077,0.015967290323632533,0,0.015488331038366427,-0.020681998077894958,0.015967290323632533,905_GSL_1
45081,71,2026-02-15 11:51:23.200000+00:00,124806.22150441453,426258.5095728227,4.59319920493697,-0.006257520959479734,-0.00553330936236307,0.0016955417877024814,0,0.0014598673362095835,0.008224528461778907,0.0016955417877024814,903_GSL_1
45082,67,2026-02-15 11:51:24.210000+00:00,123855.61552797857,426533.0766329973,6.052002070174714,-0.002466495570843108,-0.014469707384705544,0.00759392183713814,0,-0.00046898911657967805,-0.014670926399124243,0.00759392183713814,904_GSL_1
45083,71,2026-02-15 11:51:38.220000+00:00,124806.21987784808,426258.5070241041,4.631236734994769,-0.007884087404818274,-0.00808202795451507,0.03973307184550201,0,0.0030547704253829546,0.010869516443365033,0.03973307184550201,903_GSL_1
45084,67,2026-02-15 11:51:39.600000+00:00,123855.61573099937,426533.0777872072,6.034460662978898,-0.0022634747729171067,-0.013315497490111738,-0.009947485358678065,0,0.009625453048841081,-0.009475043274906985,-0.009947485358678065,904_GSL_1
45085,69,2026-02-15 11:51:40.850000+00:00,124266.9195271685,427056.3139347241,7.108263826257253,-0.023070028153597377,-0.0009036599658429623,0.017762455329820348,0,0.007906291954991932,-0.02169178065222108,0.017762455329820348,906_GSL_1
45086,68,2026-02-15 11:51:40.910000+00:00,123928.08804748922,426940.43214383314,7.138491495729857,-0.020902872638544068,-0.01559117209399119,0.019678214689631268,0,-0.00039621027459999875,-0.02607408194406747,0.019678214689631268,905_GSL_1
45087,67,2026-02-15 11:51:54.830000+00:00,123855.61880888896,426533.06909422204,6.062836669390596,0.0008144148159772158,-0.022008482657838613,0.018428521053020397,0,0.01168267849680776,-0.018669536778749808,0.018428521053020397,904_GSL_1
45088,69,2026-02-15 11:51:56.910000+00:00,124266.9204648978,427056.31324124214,7.09380174146345,-0.02213229885092005,-0.001597141905222088,0.003300370536017283,0,-0.0009182341737339226,-0.02217084483491869,0.003300370536017283,906_GSL_1
45089,66,2026-02-15 11:51:58.100000+00:00,124898.93849865989,426720.7744514606,4.0775215020899624,0.0008929962059482932,0.00024630577536299825,-0.004765028313801878,0,0.0009117219595756341,0.0001639262860031306,-0.004765028313801878,901_GSL_1
45090,66,2026-02-15 11:51:58.700000+00:00,124898.94036042737,426720.77408578055,4.085241406206315,0.0027547636855160818,-0.00011937425006181002,0.002954875802550383,0,0.0027495336753823865,-0.0002074553989516582,0.002954875802550383,901_GSL_1
45091,68,2026-02-15 11:51:59.160000+00:00,123928.08840929161,426940.4340770738,7.143646728944791,-0.020541070247418247,-0.01365793141303584,0.024833447904565098,0,0.020084501569198294,-0.014320874767605279,0.024833447904565098,905_GSL_1
45092,66,2026-02-15 11:52:14.290000+00:00,124898.94098800623,426720.76746677497,4.0827989731301795,0.003382342547411099,-0.006738379830494523,0.0005124427264151521,0,0.0003269976252062724,0.007532534527046807,0.0005124427264151521,901_GSL_1
45093,71,2026-02-15 11:52:15.480000+00:00,124806.21650270652,426258.4990429759,4.604347671773921,-0.011259228966082446,-0.016063156188465655,0.012844008624653291,0,-0.004968976420677337,0.018976419498326475,0.012844008624653291,903_GSL_1
45094,69,2026-02-15 11:52:17.990000+00:00,124266.91963902327,427056.3135683984,7.119764543346733,-0.022958173387451097,-0.0012699856306426227,0.02926317241930043,0,0.015391491003664028,-0.017081937638173134,0.02926317241930043,906_GSL_1
45095,149,2026-02-15 11:52:34.920000+00:00,124351.04152303674,426607.3969599189,8.015504484363241,0.00021134466805960983,0.0002274534199386835,0.003278640395443233,0,-0.0002578667649212225,-0.000172934549781392,0.003278640395443233,14_P5_1
45096,147,2026-02-15 11:52:51.510000+00:00,124350.92772693012,426607.5104500775,11.376172065623269,0.0012195845338283107,0.00045733735896646976,0.0019524239508257324,0,-0.0006443243648048801,-0.001131984985756627,0.0019524239508257324,13_P5_1
45097,164,2026-02-15 11:52:52.170000+00:00,124091.06168946224,427154.2061042245,9.837953543595749,-0.03363898913084995,0.01137328305048868,0.023320011966351473,0,0.019874039821977583,-0.029427125212062824,0.023320011966351473,907_GSL_1
45098,110,2026-02-15 11:52:57.480000+00:00,124434.13948079316,426963.9320275807,8.795882586649903,-0.0006050493102520704,-5.8992765843868256e-05,0.04482222639211386,0,-0.00018353940201284926,-0.000579549913439025,0.04482222639211386,35_P9_0
45099,126,2026-02-15 11:53:07.320000+00:00,124339.65863411581,426609.58863109926,6.672039384872997,0.001813511669752188,0.00014093820936977863,0.0013821957375395044,0,-0.0005389780845148075,-0.0017372940970372512,0.0013821957375395044,17_P5_1
45100,122,2026-02-15 11:53:08.990000+00:00,124329.15078243417,426611.38977709395,8.089073757960003,0.0012315311178099364,-0.002261814894154668,0.005409919517605388,0,-0.001875478196449637,0.0017649524198108284,0.005409919517605388,16_P5_1
45101,111,2026-02-15 11:53:14.810000+00:00,124434.2609811974,426963.9753995669,6.5124057074241595,-0.000709561922121793,-0.002664212486706674,0.05111319780939105,0,-0.002753854653505437,-0.00013338231897588185,0.05111319780939105,36_P9_0
45102,107,2026-02-15 11:53:18.790000+00:00,124409.92253233863,426969.5236636504,6.2972854693438265,0.0017148313345387578,-0.0007474027224816382,0.008205145913793288,0,-0.0003182310060112248,0.0018433627864047884,0.008205145913793288,38_P9_0
45103,121,2026-02-15 11:53:24.520000+00:00,124329.26122357536,426611.3276912083,11.356325347652223,0.0016808056534500793,-2.5284301955252886e-05,0.0020258255781016032,0,-0.0004438766505660329,-0.0016213329268467325,0.0020258255781016032,15_P5_1
45104,120,2026-02-15 11:53:25.090000+00:00,124329.26171100646,426611.32866127644,11.362078367790934,0.0014591712970286608,-0.0025138136697933078,0.004047201144061319,0,-0.00206003136286146,0.002050539154597921,0.004047201144061319,15_P5_1
45105,106,2026-02-15 11:53:33.590000+00:00,124410.03406732394,426969.44904974266,8.932072051367706,0.0018635057203937322,-0.0005115982494316995,0.008184827029175779,0,-4.851494607188295e-05,0.0019318469501410779,0.008184827029175779,37_P9_0
45106,102,2026-02-15 11:53:38.740000+00:00,124282.39473146528,426301.7926649761,6.904022486065845,0.0014425194531213492,-0.0008928885217756033,0.0007245022991089201,0,0.0005409029349630908,-0.0016079602917673224,0.0007245022991089201,02_P1_0
45107,123,2026-02-15 11:53:40.120000+00:00,124329.15210376747,426611.3902381599,8.08193748933521,0.002347155343159102,-3.985973307862878e-05,0.0038218442811448483,0,-0.0006170382506174522,-0.0022649482997446927,0.0038218442811448483,16_P5_1
45108,124,2026-02-15 11:53:44.890000+00:00,124339.65889142625,426609.5885530639,6.678480208066119,0.0011257030273554847,-0.0016888401005417109,0.0040500122329261146,0,-0.001252208188460165,0.001597298608197087,0.0040500122329261146,17_P5_1
45109,160,2026-02-15 11:53:49.740000+00:00,124421.8124920225,426965.6167244182,5.603926169936229,0.0012858618574682623,-0.0019136204500682652,0.011744940048890484,0,-0.0010388030946015463,0.002058220608695154,0.011744940048890484,38a_P9_0
45110,103,2026-02-15 11:53:55+00:00,124282.31461072869,426301.7962874334,9.297987654396525,0.0028923215286340564,-0.0011567198089323938,3.61686054120014e-05,0,0.0004658881395021519,-0.003080011815374717,3.61686054120014e-05,01_P1_0
45111,118,2026-02-15 11:53:56.320000+00:00,124372.26204753322,426775.1121635685,6.170678286671954,0.0020201712322887033,-0.0005009302985854447,0.005146217681592624,0,-0.0009582760585250268,-0.0018476282005494232,0.005146217681592624,22_P6_1
45112,170,2026-02-15 11:54:00.590000+00:00,124669.37292495061,426931.3094819248,13.798735019318979,-0.015121865857508965,0.010984953085426241,0.01254488864759118,0,-0.0007540936484592944,-0.01867542138937872,0.01254488864759118,908_GSL_1
45113,162,2026-02-15 11:54:07.970000+00:00,124402.99693397857,426879.64587930305,6.555797840646473,0.0015058502613101155,-0.0018542848411016166,0.011124797355906324,0,0.001977928275436775,-0.0013393121438464955,0.011124797355906324,34a_P7_0
45114,100,2026-02-15 11:54:11.900000+00:00,124292.48598181964,426345.92894391785,7.5865038933613,0.0022585463302675635,-0.0012910618679597974,-0.0019956756077981197,0,0.0007369744185654344,-0.002494943081363793,-0.0019956756077981197,06_P2_0
45115,74,2026-02-15 11:54:12.720000+00:00,124369.3472591339,426785.7247773694,7.23458364183601,0.0009459245920879766,-0.0016889272956177592,0.0045298070789376865,0,-0.0014038255098050094,-0.0013328625892492548,0.0045298070789376865,21_P6_1
45116,92,2026-02-15 11:54:18.810000+00:00,124278.31603551543,426395.636538856,11.104473070755764,0.0020597128459485248,-0.0017517691594548523,0.002684087528544765,0,0.0014330043013496684,-0.002292948073571637,0.002684087528544765,11_P3_0
45117,104,2026-02-15 11:54:24.490000+00:00,124389.81769652125,426881.4444106406,10.733798941207334,0.0006003109738230705,7.10724270902574e-05,0.007887073147127666,0,-0.00019368898059726793,-0.0005726335075596733,0.007887073147127666,33_P7_0
45118,101,2026-02-15 11:54:28.200000+00:00,124292.40720024494,426345.88233230327,10.214939962429431,0.0018813741044141352,-0.0010612226324155927,-0.0006785351708522569,0,0.0005986540299607321,-0.002075421727920122,-0.0006785351708522569,05_P2_0
45119,73,2026-02-15 11:54:28.620000+00:00,124369.49045543894,426785.6948922987,11.410711253286479,0.0011158745037391782,-0.0015743554686196148,0.004656637223403592,0,-0.0015338214864203073,-0.0011709665654761638,0.004656637223403592,20_P6_1
45120,93,2026-02-15 11:54:34.770000+00:00,124278.27002280075,426395.7894892187,7.9515325361636116,0.001899221068015322,-0.0018608838436193764,0.002807015884093822,0,0.0015614438024232704,-0.002152166953679673,0.002807015884093822,12_P3_0
45121,105,2026-02-15 11:54:39.690000+00:00,124389.68873109671,426881.47212472133,7.070715226518308,4.56593552371487e-05,0.00017150718485936522,0.00841932979551796,0,-0.00017726858241113035,-8.679911808590131e-06,0.00841932979551796,34_P7_0
45122,98,2026-02-15 11:54:43.590000+00:00,124302.66258557055,426390.0769659869,7.979547645324706,0.0017399369971826673,-0.0009460216388106346,0.0004968501938353853,0,0.0005113095570413878,-0.0019133479119441753,0.0004968501938353853,10_P3_0
45123,165,2026-02-15 11:54:46.420000+00:00,124091.0629916303,427154.20555446367,9.855481098740427,-0.020788996858755127,0.009402670024428517,0.004745605014406351,0,0.020166933776612647,-0.010671802848222837,0.004745605014406351,907_GSL_1
45124,94,2026-02-15 11:54:52.280000+00:00,124268.2255522189,426351.5543249661,10.217396205500524,0.001329719802015461,-0.0016480543999932706,0.0029022662095634644,0,0.0013778294305402568,-0.0016080497870235011,0.0029022662095634644,07_P2_0
45125,99,2026-02-15 11:54:59.240000+00:00,124302.53994693432,426390.13401269034,11.088293347774478,0.0018666431569727138,-0.0008036016370169818,0.0005381450251107367,0,0.0003380350229297848,-0.0020039622226385137,0.0005381450251107367,09_P3_0
45126,152,2026-02-15 11:55:03.320000+00:00,124370.27659130214,426819.4987217154,9.733297769363197,0.0008196402777684852,-0.0004483225056901574,0.004376818135318317,0,-0.0006249644004805102,0.0006944226034488922,0.004376818135318317,29_KW_1
45127,95,2026-02-15 11:55:09.480000+00:00,124268.11105534379,426351.54717788566,7.1968779425476015,0.001507441556896083,-0.002013124350924045,0.003207084302481178,0,0.001702195568249086,-0.0018513724496096984,0.003207084302481178,08_P2_0
45128,113,2026-02-15 11:55:13.340000+00:00,124414.07841256112,426875.91460069566,7.347218030592911,0.0011779469496104866,-0.0006314425263553858,0.04386808546763454,0,0.00033444737226044554,-0.0012939952223152934,0.04386808546763454,32_P7_0
45129,166,2026-02-15 11:55:16.570000+00:00,124091.05546121568,427154.2046947568,9.824570501312488,-0.0168196200102102,0.01566677720984444,-0.005283117750316535,0,0.01998348746919013,-0.011358158037264919,-0.005283117750316535,907_GSL_1
45130,117,2026-02-15 11:55:19.420000+00:00,124377.68147197206,426815.9054264711,7.622212411068482,0.001454827972338535,-0.00027956743724644184,0.004777370896022148,0,-0.00033594852513240504,0.001442851679670699,0.004777370896022148,26_KW_0
45131,96,2026-02-15 11:55:27.700000+00:00,124258.06323154281,426307.3507508737,9.308776268964214,0.0022533463779836893,-0.0016587032587267458,0.004230660788323348,0,0.00118523030487733,-0.002534579950225151,0.004230660788323348,03_P1_0
45132,125,2026-02-15 11:55:33.140000+00:00,124339.65738513708,426609.5899317471,6.672684545685602,-0.0004804265481652692,-0.001302099321037531,-0.0008313924435121578,0,-0.0013580285701749566,-0.0002864100428004535,-0.0008313924435121578,17_P5_1
45133,112,2026-02-15 11:55:33.720000+00:00,124413.95166518056,426875.86717488937,10.713160445270425,0.0009305557468906045,-9.117607260122895e-05,0.043894838349761045,0,-0.00013415891982207354,-0.0009253369432365108,0.043894838349761045,31_P7_0
45134,116,2026-02-15 11:55:35.320000+00:00,124377.6887977358,426815.8998327299,10.010409008862911,0.0014378442283486947,-0.00022883369820192456,0.00534925358578775,0,-0.0002842862526734142,0.0014279153381658628,0.00534925358578775,25_KW_0
45135,97,2026-02-15 11:55:45.980000+00:00,124257.98953577972,426307.38982017693,6.842131021654655,0.0016655708459438756,-0.0020325277000665665,0.0050688310585549345,0,0.0016657923410594525,-0.002032346173973261,0.0050688310585549345,04_P1_0
45136,161,2026-02-15 11:55:49.500000+00:00,124402.99090911582,426879.64464085427,6.592407491868451,-0.0004946307744830847,-0.0028660327079705894,0.050783171044729514,0,0.002751427737659865,-0.0009425754562149835,0.050783171044729514,34a_P7_0
45137,146,2026-02-15 11:55:50.780000+00:00,124350.92459265894,426607.5113373079,11.378611764987866,-0.0016739160055294633,-0.0005280888872221112,-0.0007097482362166119,0,-0.0008696996663910342,-0.0015246295145557578,-0.0007097482362166119,13_P5_1
45138,115,2026-02-15 11:55:51.730000+00:00,124396.2908134088,426811.6338110975,7.651919647818244,0.0007226489979075268,-0.00010323897004127502,0.005647355045197422,0,0.0002829857930114583,0.0006729033363460252,0.005647355045197422,24_KW_0
45139,114,2026-02-15 11:56:07.020000+00:00,124396.2999389674,426811.6294204142,9.99575288639775,0.0009183223737636581,-0.00011834158794954419,0.005068808747566322,0,0.00037088310680032045,0.0008483904965777738,0.005068808747566322,23_KW_0
45140,148,2026-02-15 11:56:07.580000+00:00,124351.0396115554,426607.39771353116,8.015870067292184,-0.00150685926200822,-0.0007423635688610375,0.0004136520798017074,0,-0.00104491086724958,-0.0013152527450554074,0.0004136520798017074,14_P5_1
45141,153,2026-02-15 11:56:21.490000+00:00,124370.27752579436,426819.4971007821,9.73714942895251,0.0036869894829578698,-0.0020223151077516377,0.011068951839520835,0,0.0009819275156893324,-0.00408894463112606,0.011068951839520835,29_KW_1
45142,150,2026-02-15 11:56:22.920000+00:00,124401.10382516909,426812.32145005313,9.186462077551905,0.0006445391627494246,1.846411032602191e-05,0.004448054308095806,0,0.00040091251768870897,0.0005050156520825482,0.004448054308095806,27_KW_1
45143,168,2026-02-15 11:56:24.490000+00:00,124669.36892136619,426931.3137563848,13.793668629065046,-0.007810605166014284,0.006015812454279512,-0.007671390870182648,0,0.00030105402497592723,-0.009854182818401499,-0.007671390870182648,908_GSL_1
45144,119,2026-02-15 11:56:39.310000+00:00,124400.8156511882,426811.3424921382,3.988953289023816,0.0014998011174611747,-0.0006367430905811489,0.0054191599376332,0,0.00040423559552972007,0.00157842919975758,0.0054191599376332,28_KW_1
45145,169,2026-02-15 11:56:55.830000+00:00,124669.37673312073,426931.3083680802,13.812361139864453,-0.002344327585888095,0.006208527251146734,0.0006059269915610344,0,0.0007404472561336383,-0.006594954155949205,0.0006059269915610344,908_GSL_1
45146,72,2026-02-15 11:57:37.930000+00:00,124390.52477302735,426780.88739310525,10.991639264595157,0.0008133244991768152,0.0004621735424734652,0.004553943028399843,0,0.000729815219711718,-0.0005852101070562827,0.004553943028399843,18_P6_1
45147,138,2026-02-15 12:00:20.070000+00:00,123928.08654646037,426940.43312768737,7.116072058129348,-7.24183046258986e-05,0.0014065353316254914,-0.0018640054685787888,0,0.001156513556393748,0.0008037800966888925,-0.0018640054685787888,905_GSL_1
45148,130,2026-02-15 12:00:22.420000+00:00,124898.94013568254,426720.77267630765,4.131577496020301,0.0017626852786634117,0.0029996088705956936,0.04151476355010697,0,0.0004688176921019578,-0.0034474516297905147,0.04151476355010697,901_GSL_1
45149,139,2026-02-15 12:00:22.590000+00:00,123928.08659144051,426940.43209006294,7.134412020434919,-0.0002784831740427762,0.0009860503487288952,-0.0021898103043369588,0,0.0005883930244111636,0.0008388336052386067,-0.0021898103043369588,905_GSL_1
45150,133,2026-02-15 12:00:22.650000+00:00,124806.22574978658,426258.5108894902,4.594797000297597,0.0038536930514965206,-0.0005943231517449021,0.006639896113031618,0,0.0025161076019152304,-0.0029788206860160192,0.006639896113031618,903_GSL_1
45151,134,2026-02-15 12:00:23.670000+00:00,123855.61473593618,426533.07622029487,6.051717182707492,0.00027379476523492485,0.0019222329137846828,0.005874263809711344,0,0.0001150125338676958,0.0019382247200364902,0.005874263809711344,904_GSL_1
45152,125,2026-02-15 12:00:37.790000+00:00,124339.65874733211,426609.58989632333,6.674327940037469,0.0008817684865789488,-0.0013375231064856052,0.0008120019083550645,0,-0.0011954254193948925,0.00106650916122234,0.0008120019083550645,17_P5_1
45153,132,2026-02-15 12:00:38.490000+00:00,124806.22411041177,426258.50855693116,4.634711758243493,0.009976123998058029,0.0034151807194575667,0.05207958403317203,0,0.002032511873541505,-0.010346758180951984,0.05207958403317203,903_GSL_1
45154,137,2026-02-15 12:00:39.980000+00:00,123928.08726270306,426940.4328157908,7.137079653107508,-0.002136558818165213,-0.001012780237942934,0.014215962141977734,0,0.00043041399566319435,-0.002324941114562801,0.014215962141977734,905_GSL_1
45155,143,2026-02-15 12:00:41.840000+00:00,124266.918745375,427056.3139735962,7.107357907789821,-0.0008220530871767551,-0.0002532798098400235,0.0018161695670428912,0,7.719657478961212e-05,-0.0008567161893242032,0.0018161695670428912,906_GSL_1
45156,153,2026-02-15 12:00:43.600000+00:00,124370.27768239235,426819.4969977193,9.737377397318207,0.0038435874739661813,-0.0021253779414109886,0.011296920205218441,0,0.0010401979522953572,-0.004267128341625863,0.011296920205218441,29_KW_1
45157,135,2026-02-15 12:00:55.260000+00:00,123855.61352627016,426533.07581460226,6.072429890630192,-0.0001240080746356398,-0.0008203190518543124,0.05123144351183484,0,0.0005631930433174857,-0.0006091920430937893,0.05123144351183484,904_GSL_1
45158,146,2026-02-15 12:00:55.300000+00:00,124350.92582323149,426607.5112962534,11.378193472155967,-0.00044334345147944987,-0.0005691433907486498,-0.0011280410681155928,0,-0.0006499376192618983,-0.0003131432679633355,-0.0011280410681155928,13_P5_1
45159,5,2026-02-15 12:00:55.460000+00:00,124424.6168393702,426919.14156609215,8.775787461523308,-0.00036340732185635716,-0.004781676921993494,0.007961639516993912,11,-0.004790544147845322,0.00021722300856246392,0.007961639516993912,TS4
45160,141,2026-02-15 12:00:55.720000+00:00,124266.9196979825,427056.314124931,7.093694350484145,0.001069231060682796,-0.0003933720290660858,0.0095596502210471,0,-0.00042599117457058484,0.0010566589485583322,0.0095596502210471,906_GSL_1
45161,152,2026-02-15 12:00:57.620000+00:00,124370.2766190254,426819.4989037313,9.733010770303823,0.0008473635389236733,-0.0002663066261447966,0.004089819075943524,0,-0.00045421886813030884,0.0007633016481446226,0.004089819075943524,29_KW_1
45162,136,2026-02-15 12:00:59.610000+00:00,123855.61913584611,426533.07144474145,6.03443896123942,0.003365734315593727,-0.00266378466039896,0.012146418802681858,0,-0.0011712733997058604,-0.004129410953548151,0.012146418802681858,904_GSL_1
45163,122,2026-02-15 12:01:12.110000+00:00,124329.15107498028,426611.3899697802,8.089026710017933,0.001524077233625576,-0.002069128619041294,0.005362871575535166,0,-0.0016148907128770954,0.00199905793854376,0.005362871575535166,16_P5_1
45164,148,2026-02-15 12:01:13.810000+00:00,124351.03998440677,426607.3977983675,8.015320407269957,-0.001134007892687805,-0.0006575272418558598,-0.00013600794242485392,0,-0.0008829670183820107,-0.0009688576876458134,-0.00013600794242485392,14_P5_1
45165,150,2026-02-15 12:01:14.490000+00:00,124401.10378730671,426812.32142006885,9.186486382949688,0.0006066767818992957,-1.1520169209688902e-05,0.004472359705879114,0,0.0003542218838920962,0.0004926624493162026,0.004472359705879114,27_KW_1
45166,140,2026-02-15 12:01:17.590000+00:00,123928.0879966975,426940.428897666,7.144093917950966,0.00047296503908000886,-0.005541010934393853,0.008520211748622053,0,-0.0006533417233325447,-0.005522648159698122,0.008520211748622053,905_GSL_1
45167,120,2026-02-15 12:01:28.620000+00:00,124329.26209236396,426611.3289254313,11.362481471069437,0.0018405287992209196,-0.0022496588062494993,0.004450304422563889,0,-0.001707570332963636,0.0023521723073108357,0.004450304422563889,15_P5_1
45168,128,2026-02-15 12:01:32.210000+00:00,124898.93765728023,426720.777940831,4.074727016135137,-0.0026441192749189213,0.008676796162035316,-0.006664914868542482,0,0.001366475262460846,-0.00896721270711201,-0.006664914868542482,901_GSL_1
45169,129,2026-02-15 12:01:32.900000+00:00,124898.94089502646,426720.77234800183,4.087691429601484,0.0012233276793267578,-0.00015466829063370824,-0.003993315644129858,0,0.0012330349638643469,8.813003040547498e-06,-0.003993315644129858,901_GSL_1
45170,145,2026-02-15 12:01:35.500000+00:00,124266.91777379063,427056.312146115,7.119431073572829,-0.0005499622056959197,-0.0026004926185123622,0.011464137281183007,0,-0.0014424866294084355,-0.0022325439773068514,0.011464137281183007,906_GSL_1
45171,6,2026-02-15 12:01:35.700000+00:00,124399.03951422624,426925.0740662829,8.55667516636979,0.00034348186454735696,-0.0013829320087097585,0.009368470548231755,11,-0.0014130687284488086,-0.00018362325742400851,0.009368470548231755,TS5
45172,124,2026-02-15 12:01:47.990000+00:00,124339.65875829813,426609.58861883974,6.679621503922675,0.0009925749036483467,-0.0016230642795562744,0.005191308089481872,0,-0.001231353850802947,0.001450279383097204,0.005191308089481872,17_P5_1
45173,154,2026-02-15 12:01:48.190000+00:00,124285.66580459914,426445.56110841816,7.895486889121017,0.0011795991304097697,-0.00271658186102286,-0.006113110878982475,11,-0.0029520354997007395,0.00023823837769871157,-0.006113110878982475,TS1-1
45174,131,2026-02-15 12:01:49.310000+00:00,124806.21983966933,426258.50566129916,4.61015182612741,0.0012951731769135222,-0.0006227653357200325,-0.0013526466451523333,0,0.0014309185308264076,0.00013335058945630984,-0.0013526466451523333,903_GSL_1
45175,3,2026-02-15 12:01:49.510000+00:00,124314.90359602467,426440.79225918895,7.049411581374235,-0.0036433272616704926,-0.0038180946139618754,-0.029017514116849163,11,-0.005250665193149706,0.0005312203368116232,-0.029017514116849163,TS2
45176,149,2026-02-15 12:01:51.620000+00:00,124351.04191441368,426607.39670415426,8.015663448984933,0.0006027216149959713,-2.8311216738075018e-05,0.0034376050171349704,0,-6.68508246259519e-05,-0.0005996714412270876,0.0034376050171349704,14_P5_1
45177,147,2026-02-15 12:02:07.740000+00:00,124350.9275849395,426607.51017787796,11.37617180164687,0.0010775939153973013,0.00018513784743845463,0.0019521599744258822,0,-0.000353106207983618,-0.001034794991744191,0.0019521599744258822,13_P5_1
45178,126,2026-02-15 12:02:23.270000+00:00,124339.65880839237,426609.5882409926,6.672133311769916,0.0019877882295986637,-0.0002491684281267226,0.0014761226344583989,0,-0.00019714136501412333,-0.001993620383499953,0.0014761226344583989,17_P5_1
45179,121,2026-02-15 12:02:40.130000+00:00,124329.26134129368,426611.3273314214,11.355338631433112,0.0017985239683184773,-0.00038507120916619897,0.0010391093589898759,0,-0.0001311162179481251,-0.0018346053630510682,0.0010391093589898759,15_P5_1
45180,123,2026-02-15 12:02:55.860000+00:00,124329.15230497913,426611.389924262,8.08053600835778,0.002548367003328167,-0.0003537576412782073,0.0024203633037149785,0,-0.0003717998264324876,-0.0025457972703024244,0.0024203633037149785,16_P5_1
45181,4,2026-02-15 12:02:56.060000+00:00,124378.97070693897,426782.74078079563,7.7620396308062185,-0.0011110342311440036,-0.0004021117929369211,0.006963925833952445,11,-0.0011797945226831098,6.462074774889091e-05,0.006963925833952445,TS3
45182,68,2026-02-15 12:06:20.570000+00:00,123928.08097798031,426940.4281152567,7.116106173160561,-0.027972381547442637,-0.01961974852019921,-0.002707107879665216,0,0.0016086320003831744,-0.03412918054273954,-0.002707107879665216,905_GSL_1
45183,66,2026-02-15 12:06:22.210000+00:00,124898.94958224754,426720.79611977615,4.092678041380074,0.011976583860814571,0.021914621349424124,0.010391510976309526,0,0.0025937345762559174,-0.024838714355048537,0.010391510976309526,901_GSL_1
45184,68,2026-02-15 12:06:22.720000+00:00,123928.0873220798,426940.4326710805,7.13604519933858,-0.02162828206201084,-0.015063924714922905,0.017231918298353577,0,0.015441670275823216,-0.02136022546378017,0.017231918298353577,905_GSL_1
45185,67,2026-02-15 12:06:23.500000+00:00,123855.61513846283,426533.075186031,6.051778892579717,-0.002856011313269846,-0.01591667369939387,0.007370744242141569,0,-0.0003758898318295004,-0.016166508872011574,0.007370744242141569,904_GSL_1
45186,71,2026-02-15 12:06:27.920000+00:00,124806.22676589602,426258.5109762509,4.583077775065421,-0.000996039467281662,-0.00412988115567714,-0.008425888083846367,0,0.003005067636702719,0.0030029288168789184,-0.008425888083846367,903_GSL_1
45187,68,2026-02-15 12:06:39.890000+00:00,123928.08567795304,426940.43066640076,7.132142189524876,-0.023272408812772483,-0.017068604473024607,0.013328908484649737,0,-0.00020607118904730643,-0.0288600035563132,0.013328908484649737,905_GSL_1
45188,69,2026-02-15 12:06:40.740000+00:00,124266.91872202582,427056.31396778737,7.10893668323019,-0.023875170838437043,-0.0008705966756679118,0.01843531230275719,0,0.008242003758162838,-0.022424341577550685,0.01843531230275719,906_GSL_1
45189,67,2026-02-15 12:06:44.690000+00:00,123855.61862327573,426533.0701785872,6.025266327190867,0.0006288015865720809,-0.02092411747435108,-0.019141821146709148,0,0.011730867847103681,-0.017337843668389353,-0.019141821146709148,904_GSL_1
45190,69,2026-02-15 12:06:55.800000+00:00,124266.91916166022,427056.3134927151,7.095721940492119,-0.02343553643731866,-0.0013456689193844795,0.005220569564686528,0,-0.0006269368525450568,-0.02346576534290772,0.005220569564686528,906_GSL_1
45191,66,2026-02-15 12:06:58.620000+00:00,124898.94108330923,426720.7740799163,4.085125917761803,0.003477645543171093,-0.00012523849727585912,0.002839387358038792,0,0.0034680301433606345,-0.00028717613041424135,0.002839387358038792,901_GSL_1
45192,66,2026-02-15 12:06:58.970000+00:00,124898.93872298845,426720.7747837253,4.079674452840317,0.0011173247621627524,0.0005785705288872123,-0.0026120775634472793,0,0.001257640493775399,-3.8715235440982944e-05,-0.0026120775634472793,901_GSL_1
45193,68,2026-02-15 12:07:02.600000+00:00,123928.0874586638,426940.427628584,7.134926665652991,-0.021491698062163778,-0.020106421259697527,0.01611338461276457,0,0.02082418568822122,-0.020796984201804678,0.01611338461276457,905_GSL_1
45194,66,2026-02-15 12:07:12.390000+00:00,124898.94087493586,426720.7702079316,4.086449862802542,0.0032692721724743024,-0.0039972232189029455,0.004163332398777975,0,0.0013461359016761997,0.0049853637915071025,0.004163332398777975,901_GSL_1
45195,71,2026-02-15 12:07:17.720000+00:00,124806.21799574418,426258.5010423131,4.607908622667441,-0.009766191302333027,-0.014063818962313235,0.01640495951817389,0,-0.00426459798104313,0.016582602341567786,0.01640495951817389,903_GSL_1
45196,69,2026-02-15 12:07:20.590000+00:00,124266.91738124553,427056.3117818354,7.1109424834670785,-0.025215951129212044,-0.003056548652239144,0.020441112539645978,0,0.015733876544729443,-0.019940707356799755,0.020441112539645978,906_GSL_1
45197,67,2026-02-15 12:07:30.320000+00:00,123855.66895556578,426532.9949875174,6.021672401889309,0.050961091634235345,-0.09611518727615476,-0.022735746448266703,0,0.011792919366269803,-0.10814845878931374,-0.022735746448266703,904_GSL_1
45198,149,2026-02-15 12:07:35.520000+00:00,124351.04132343606,426607.3967474824,8.01554402242206,1.1743992217816412e-05,1.5016936231404543e-05,0.0033181784542630766,0,-1.6677341144902312e-05,-9.235584406346541e-06,0.0033181784542630766,14_P5_1
45199,71,2026-02-15 12:07:47.930000+00:00,124806.3041938889,426258.55601182097,4.589052279969086,0.07643195340642706,0.040905688889324665,-0.0024513831801815655,0,0.002809891039620653,-0.08664423464592388,-0.0024513831801815655,903_GSL_1
45200,164,2026-02-15 12:07:50.190000+00:00,124091.06040294374,427154.20683220675,9.841605774956252,-0.03492550762894098,0.012101265310775489,0.02697224332685444,0,0.020916685147192488,-0.03047497313721884,0.02697224332685444,907_GSL_1
45201,147,2026-02-15 12:07:51.920000+00:00,124350.92688611038,426607.51026665943,11.375054631432437,0.0003787647874560207,0.00027391931507736444,0.0008349897599941869,0,-0.0003303343537227818,-0.00033071705450370874,0.0008349897599941869,13_P5_1
45202,122,2026-02-15 12:08:06.780000+00:00,124329.15143793759,426611.3900339049,8.088923979625886,0.0018870345375034958,-0.002005003916565329,0.005260141183487832,0,-0.0014608045870513073,0.002333878747840856,0.005260141183487832,16_P5_1
45203,126,2026-02-15 12:08:07.740000+00:00,124339.657536329,426609.588371408,6.6728629083828945,0.0007157248619478196,-0.00011875305790454149,0.0022057192474367326,0,-4.266636887723019e-05,-0.0007242540629770307,0.0022057192474367326,17_P5_1
45204,107,2026-02-15 12:08:21.580000+00:00,124409.92176836319,426969.523077126,6.289010970704634,0.0009508558869129047,-0.0013339270954020321,-6.935272539898563e-05,0,-0.0010695731089679485,0.0012407666090354244,-6.935272539898563e-05,38_P9_0
45205,120,2026-02-15 12:08:23+00:00,124329.26208210833,426611.3290456701,11.361674564372294,0.0018302731623407453,-0.0021294199978001416,0.0036433977254208827,0,-0.0015938971751559784,0.002311670644976429,0.0036433977254208827,15_P5_1
45206,121,2026-02-15 12:08:24.020000+00:00,124329.26077856742,426611.32755809865,11.355882680795723,0.0012357977102510631,-0.00015839393017813563,0.0015831587216013077,0,-0.00019208509065936748,-0.0012310109405384785,0.0015831587216013077,15_P5_1
45207,106,2026-02-15 12:08:36.910000+00:00,124410.03339191445,426969.44843236933,8.923628291328562,0.0011880962265422568,-0.0011289715766906738,-0.0002589330099684872,0,-0.0008101615883438953,0.0014247061680471072,-0.0002589330099684872,37_P9_0
45208,123,2026-02-15 12:08:40.040000+00:00,124329.1516240559,426611.3901739669,8.080355331369029,0.001867443774244748,-0.00010405277134850621,0.002239686314963407,0,-0.00042146502843288223,-0.0018222350174987977,0.002239686314963407,16_P5_1
45209,124,2026-02-15 12:08:41.370000+00:00,124339.65922191097,426609.588427769,6.6783886782441275,0.0014561877469532192,-0.0018141350010409951,0.0039584824109342165,0,-0.0012678949153256114,0.0019503874076885763,0.0039584824109342165,17_P5_1
45210,102,2026-02-15 12:08:41.830000+00:00,124282.39546108816,426301.79204359616,6.903995517841311,0.002172142339986749,-0.0015142684569582343,0.0006975340745754011,0,0.0009797941618750765,-0.002459921686813891,0.0006975340745754011,02_P1_0
45211,110,2026-02-15 12:08:48.910000+00:00,124434.13836912776,426963.9336503756,8.753395413466606,-0.0017167147161671892,0.0015638021286576986,0.002335053208817328,0,0.0011725570689670435,-0.002004419226188663,0.002335053208817328,35_P9_0
45212,160,2026-02-15 12:08:52.940000+00:00,124421.81185083432,426965.6159164568,5.595193488564461,0.0006446736806537956,-0.0027215818408876657,0.0030122586771224036,0,-0.0020572373139123197,0.0018948315242849506,0.0030122586771224036,38a_P9_0
45213,118,2026-02-15 12:08:56.220000+00:00,124372.26198457927,426775.1121266194,6.17070040702512,0.001957217275048606,-0.0005378794157877564,0.0051683380347586905,0,-0.0008889518124693221,-0.0018247680408162502,0.0051683380347586905,22_P6_1
45214,170,2026-02-15 12:08:57.400000+00:00,124669.37632341063,426931.3082240477,13.798571843000282,-0.01172340584162157,0.00972707598702982,0.012381712328894068,0,0.0003655351345839249,-0.01522894073303208,0.012381712328894068,908_GSL_1
45215,103,2026-02-15 12:08:57.990000+00:00,124282.31338400126,426301.7961514499,9.297117903249527,0.0016655940999044105,-0.0012927033239975572,-0.0008335825415866083,0,0.0008783342084481091,-0.0019167197520192018,-0.0008335825415866083,01_P1_0
45216,111,2026-02-15 12:09:06.110000+00:00,124434.25975197753,426963.97701970127,6.470546400625937,-0.0019387817883398384,-0.001044078089762479,0.009253891011168136,0,-0.0014284824723461548,-0.0016758316462342233,0.009253891011168136,36_P9_0
45217,162,2026-02-15 12:09:09.890000+00:00,124402.99622728996,426879.6449191861,6.547342480976795,0.0007991616439539939,-0.002814401814248413,0.002669437686227738,0,0.0028731286388042334,-0.0005519499344097618,0.002669437686227738,34a_P7_0
45218,74,2026-02-15 12:09:13.130000+00:00,124369.34734100917,426785.7247461575,7.234542894116813,0.0010277998662786558,-0.001720139232929796,0.004489059359740644,0,-0.0014912720512277595,-0.0013384166821336619,0.004489059359740644,21_P6_1
45219,100,2026-02-15 12:09:14.030000+00:00,124292.4856552549,426345.92875933263,7.5877002957985376,0.0019319815910421312,-0.0014756470918655396,-0.0007992731705606104,0,0.0009917295397595862,-0.0022195854855862496,-0.0007992731705606104,06_P2_0
45220,92,2026-02-15 12:09:16.080000+00:00,124278.3160812575,426395.63642221515,11.104220287300343,0.0021054549142718315,-0.0018684100359678268,0.0024313040731236413,0,0.0015417247753680176,-0.0023552030009222425,0.0024313040731236413,11_P3_0
45221,104,2026-02-15 12:09:25.970000+00:00,124389.81704804036,426881.4436098179,10.725558097836625,-4.8169909860007465e-05,-0.0007297502597793937,-0.00035377022358140664,0,0.0007239365567195526,-0.00010378652951636745,-0.00035377022358140664,33_P7_0
45222,73,2026-02-15 12:09:30.340000+00:00,124369.49028670051,426785.6947920841,11.410688908802117,0.0009471360826864839,-0.001674570085015148,0.004634292739041257,0,-0.0014025496647641531,-0.0013168546490119172,0.004634292739041257,20_P6_1
45223,101,2026-02-15 12:09:30.440000+00:00,124292.40703848243,426345.8819612864,10.21582869724759,0.0017196115950355306,-0.001432239485438913,0.00021019964730584206,0,0.0009969849950064189,-0.0020035954933975606,0.00021019964730584206,05_P2_0
45224,93,2026-02-15 12:09:32.080000+00:00,124278.27016163492,426395.78915136575,7.95160913984781,0.0020380552450660616,-0.002198736765421927,0.002883619568292417,0,0.0018752026404884623,-0.002339172418327572,0.002883619568292417,12_P3_0
45225,105,2026-02-15 12:09:41.290000+00:00,124389.68800593565,426881.4711801513,7.062156042895507,-0.0006795017106924206,-0.0007730628713034093,-0.00013985382728343154,0,0.0008983580557217635,0.0005022963085088426,-0.00013985382728343154,34_P7_0
45226,98,2026-02-15 12:09:45.680000+00:00,124302.66211339297,426390.07679752546,7.980295219402702,0.0012677594204433262,-0.0011144831078127027,0.00124442427183169,0,0.0007858785848828643,-0.0014938813190963883,0.00124442427183169,10_P3_0
45227,165,2026-02-15 12:09:47.620000+00:00,124091.0628967219,427154.2061781565,9.853087647652073,-0.020883905264781788,0.010026362841017544,0.0023521539260524804,0,0.020718043234891164,-0.010364754480705196,0.0023521539260524804,907_GSL_1
45228,94,2026-02-15 12:09:49.300000+00:00,124268.22556422462,426351.55408796185,10.217307059582259,0.0013417255249805748,-0.0018850586493499577,0.002813120291298432,0,0.001608662281112978,-0.0016630932509026294,0.002813120291298432,07_P2_0
45229,99,2026-02-15 12:10:01.430000+00:00,124302.53925256622,426390.13396078476,11.089039428631075,0.001172275049611926,-0.000855507212691009,0.0012842258817080676,0,0.0005531272282660728,-0.001341704755995027,0.0012842258817080676,09_P3_0
45230,152,2026-02-15 12:10:03.830000+00:00,124370.27701422674,426819.49888990907,9.733092685892906,0.001242564874701202,-0.00028012885013595223,0.0041717346650269604,0,-0.0005586458513726731,0.0011447071473804143,0.0041717346650269604,29_KW_1
45231,95,2026-02-15 12:10:06.770000+00:00,124268.11113743644,426351.54692399077,7.196185389518965,0.0015895342075964436,-0.002267019241116941,0.0025145312738450443,0,0.0019367010858807202,-0.0019786824254190275,0.0025145312738450443,08_P2_0
45232,117,2026-02-15 12:10:19.410000+00:00,124377.68158909366,426815.9054296443,7.622178343761022,0.0015719495713710785,-0.00027639424661174417,0.004743303588562675,0,-0.0003373337568765473,0.001560008067596237,0.004743303588562675,26_KW_0
45233,166,2026-02-15 12:10:20.430000+00:00,124091.05658257175,427154.2056425893,9.831135245380635,-0.01569826394552365,0.016614609747193754,0.0012816263178301313,0,0.02055215082725202,-0.01000449120789047,0.0012816263178301313,907_GSL_1
45234,96,2026-02-15 12:10:24.290000+00:00,124258.0626298498,426307.3504512393,9.30884078617304,0.001651653365115635,-0.001958337612450123,0.004295177997148514,0,0.0015969066770454572,-0.002003230917204076,0.004295177997148514,03_P1_0
45235,116,2026-02-15 12:10:34.750000+00:00,124377.68880280919,426815.89984915097,10.010153267020993,0.0014429176226258278,-0.00021241261856630445,0.0050935117438690725,0,-0.0002680737325757651,0.0014336201938146876,0.0050935117438690725,25_KW_0
45236,125,2026-02-15 12:10:36.690000+00:00,124339.65773104469,426609.5897849731,6.6723742906592465,-0.0001345189375570044,-0.001448873314075172,-0.0011416474698675572,0,-0.00145305856080321,7.713652621904249e-05,-0.0011416474698675572,17_P5_1
45237,97,2026-02-15 12:10:41.710000+00:00,124257.98913142552,426307.38973842975,6.840956938831203,0.0012612166465260088,-0.0021142748882994056,0.0038947482351030516,0,0.0018253655006918899,-0.0016519281224228923,0.0038947482351030516,04_P1_0
45238,115,2026-02-15 12:10:50.920000+00:00,124396.29074477388,426811.63373481703,7.65185518460834,0.0006540140748256817,-0.0001795194111764431,0.005582891835293147,0,0.00018227186127947877,0.0006532523231071924,0.005582891835293147,24_KW_0
45239,146,2026-02-15 12:10:52.870000+00:00,124350.92504008881,426607.51109168225,11.378370672116162,-0.0012264861288713291,-0.0007737145642749965,-0.0009508411079206525,0,-0.0010152921924884576,-0.0010354149965868791,-0.0009508411079206525,13_P5_1
45240,113,2026-02-15 12:11:02.620000+00:00,124414.08109791261,426875.915160616,7.306027916142612,0.0038632984360447153,-7.152219768613577e-05,0.0026779710173352456,0,-0.0008455996270419489,-0.0037702985957950223,0.0026779710173352456,32_P7_0
45241,114,2026-02-15 12:11:05.920000+00:00,124396.29994462032,426811.62937277363,9.995563668823,0.0009239752980647609,-0.0001659821718931198,0.004879591172816333,0,0.00033293614609097307,0.0008777436729742408,0.004879591172816333,23_KW_0
45242,153,2026-02-15 12:11:06.870000+00:00,124370.27612102152,426819.4961897596,9.728868537948395,0.0022822166502010077,-0.0029333376442082226,0.002788060835406725,0,0.002230213337351864,-0.002973067614986517,0.002788060835406725,29_KW_1
45243,148,2026-02-15 12:11:09.610000+00:00,124351.03959330505,426607.39770037244,8.01645254428505,-0.0015251096192514524,-0.0007555222837254405,0.000996129072667884,0,-0.0010616418126235844,-0.0013302969343828184,0.000996129072667884,14_P5_1
45244,112,2026-02-15 12:11:18.620000+00:00,124413.95540705122,426875.8676569326,10.670894946667854,0.004672426410252228,0.00039086717879399657,0.0016293397471898174,0,-0.0014976089909415331,-0.004443142246308572,0.0016293397471898174,31_P7_0
45245,150,2026-02-15 12:11:21.620000+00:00,124401.1038436094,426812.3212532815,9.18647964135381,0.0006629794661421329,-0.0001783075276762247,0.004465618110000236,0,0.0002544062844871452,0.0006376619710830817,0.004465618110000236,27_KW_1
45246,168,2026-02-15 12:11:26.880000+00:00,124669.36859203246,426931.3146088045,13.794153292720743,-0.008139938887325116,0.006868232099805027,-0.007186727214484989,0,0.0007990489011788688,-0.010620392559585762,-0.007186727214484989,908_GSL_1
45247,161,2026-02-15 12:11:35.020000+00:00,124402.99475438343,426879.6437625661,6.550403966886863,0.0033506368345115334,-0.003744320885743946,0.0087796460631413,0,0.001675151539429963,-0.004737148236243956,0.0087796460631413,34a_P7_0
45248,119,2026-02-15 12:11:37.110000+00:00,124400.81486495245,426811.343109773,3.9885735350749747,0.0007135653722798452,-1.9108294509351254e-05,0.005039405988791934,0,0.0004179037690001425,0.0005787029525511388,0.005039405988791934,28_KW_1
45249,169,2026-02-15 12:11:54.700000+00:00,124669.3775199741,426931.3076402361,13.812917778094345,-0.001557474213768728,0.005480683175846934,0.0011625652214526383,0,0.0011094805801167438,-0.0055886194040129416,0.0011625652214526383,908_GSL_1
45250,72,2026-02-15 12:12:36.420000+00:00,124390.5245581696,426780.88759379345,10.99165025909966,0.0005984667513985187,0.0006628617411479354,0.004564937532903102,0,0.0004858718394428731,-0.0007493174868128781,0.004564937532903102,18_P6_1
45251,138,2026-02-15 12:15:20.080000+00:00,123928.08669019192,426940.43222111487,7.118693737952949,7.131324673537165e-05,0.000499962829053402,0.0007576743550217202,0,0.0003516766861819511,0.00036245264241153313,0.0007576743550217202,905_GSL_1
45252,130,2026-02-15 12:15:20.540000+00:00,124898.9447005812,426720.7846335374,4.090214057032358,0.006327583934762515,0.014956838625948876,0.00015132456216360168,0,6.659927775780062e-05,-0.016240101744457853,0.00015132456216360168,901_GSL_1
45253,139,2026-02-15 12:15:21.920000+00:00,123928.08782984478,426940.4347187028,7.133513257554643,0.0009599210898159072,0.003614690212998539,-0.003088573184612642,0,0.0002872055530273203,0.003728933735658366,-0.003088573184612642,905_GSL_1
45254,133,2026-02-15 12:15:23.190000+00:00,124806.21730935732,426258.5051467294,4.582109186175629,-0.0045867362059652805,-0.006337083934340626,-0.006047918008937003,0,0.0030168300594786914,0.007217722508258172,-0.006047918008937003,903_GSL_1
45255,134,2026-02-15 12:15:25.090000+00:00,123855.61535935942,426533.0760552236,6.053414117825221,0.000897218007594347,0.0017571616335771978,0.0075711989274402924,0,-0.0005288069279522329,0.0019007841520322548,0.0075711989274402924,904_GSL_1
45256,132,2026-02-15 12:15:37.840000+00:00,124806.2289213516,426258.5127849257,4.58448114387332,0.014787063832045533,0.007643175253178924,0.001848969662998634,0,0.0007776821097752844,-0.016627404946651516,0.001848969662998634,903_GSL_1
45257,125,2026-02-15 12:15:38.190000+00:00,124339.65867162164,426609.58959958516,6.67377402767524,0.0008060580148594454,-0.0016342612798325717,0.0002580895461257171,0,-0.001500006630669914,0.0010346591525838048,0.0002580895461257171,17_P5_1
45258,143,2026-02-15 12:15:39.430000+00:00,124266.91909459497,427056.3140160914,7.110524403576602,-0.0004728331259684637,-0.00021078460849821568,0.0049826653538245225,0,-1.584188104942892e-05,-0.0005174459884835043,0.0049826653538245225,906_GSL_1
45259,137,2026-02-15 12:15:41.280000+00:00,123928.08684039851,426940.43175703473,7.134698507033942,-0.002558863372541964,-0.0020715363207273185,0.011834816068412302,0,-0.0001804263909814512,-0.0032873227412085235,0.011834816068412302,905_GSL_1
45260,153,2026-02-15 12:15:42.690000+00:00,124370.2757686384,426819.4964925839,9.728825804431143,0.001929833524627611,-0.002630513336043805,0.0027453273181539117,0,0.0020306750437514487,-0.0025534715018119916,0.0027453273181539117,29_KW_1
45261,146,2026-02-15 12:15:54.240000+00:00,124350.92583402616,426607.511083114,11.378006465873124,-0.0004325487825553864,-0.0007822827901691198,-0.0013150473509586647,0,-0.0008559901759346383,-0.00025757645814071826,-0.0013150473509586647,13_P5_1
45262,152,2026-02-15 12:15:55.330000+00:00,124370.2771578349,426819.49896584597,9.73326915130447,0.0013861730403732508,-0.00020419195061549544,0.004348200076590203,0,-0.0005178072230197164,0.001301939219142888,0.004348200076590203,29_KW_1
45263,135,2026-02-15 12:15:55.810000+00:00,123855.6051865949,426533.0895171155,6.018515908081482,-0.008463683334412053,0.012882194190751761,-0.002682539036875653,0,-0.00022911831869482302,0.015412085113620452,-0.002682539036875653,904_GSL_1
45264,5,2026-02-15 12:15:56.010000+00:00,124424.61687295028,426919.13498553465,8.787863187099507,-0.00032982723496388644,-0.011362234421540052,0.020037365093193316,11,-0.011089755393498891,0.0024952920404865955,0.020037365093193316,TS4
45265,141,2026-02-15 12:15:58.410000+00:00,124266.92188174835,427056.3140233538,7.093391836376547,0.0032529969030292705,-0.0004949492285959423,0.00925713611344925,0,-0.0005945204901863937,0.003236280114074533,0.00925713611344925,906_GSL_1
45266,136,2026-02-15 12:15:58.920000+00:00,123855.61190936423,426533.0797545849,6.02337732413464,-0.0038607475580647588,0.005646058765705675,0.0010847816979016045,0,-0.00017197086584353895,0.006837673384580891,0.0010847816979016045,904_GSL_1
45267,148,2026-02-15 12:16:12.080000+00:00,124351.03922107337,426607.39773760893,8.015136836021009,-0.0018973412952618673,-0.000718285795301199,-0.00031957919137326485,0,-0.0011041563337478445,-0.0017019627684182678,-0.00031957919137326485,14_P5_1
45268,150,2026-02-15 12:16:12.110000+00:00,124401.10394766575,426812.3212331291,9.186578828723071,0.0007670358172617853,-0.00019845989299938083,0.004564805479262191,0,0.0003006082015530513,0.0007330518284888325,0.004564805479262191,27_KW_1
45269,122,2026-02-15 12:16:15.690000+00:00,124329.15084094358,426611.3900865271,8.089392461915216,0.0012900405272375792,-0.001952381746377796,0.005728623472817773,0,-0.0015613262167294957,0.0017430603806115794,0.005728623472817773,16_P5_1
45270,140,2026-02-15 12:16:16.690000+00:00,123928.0872964181,426940.43635286245,7.133769145475393,-0.00022731436183676124,0.0019141855300404131,-0.00180456072695101,0,0.0002895962042911279,0.001905757618631898,-0.00180456072695101,905_GSL_1
45271,129,2026-02-15 12:16:29.100000+00:00,124898.94061733487,426720.7717687618,4.086666076888514,0.000945636085816659,-0.0007339083240367472,-0.0050186683570991875,0,0.0010258418668901456,0.0006168447933025131,-0.0050186683570991875,901_GSL_1
45272,128,2026-02-15 12:16:30.310000+00:00,124898.9383249248,426720.77500353294,4.076634289470515,-0.0019764746975852177,0.005739498126786202,-0.004757641533164048,0,0.0006987885941169258,-0.006029924168537195,-0.004757641533164048,901_GSL_1
45273,120,2026-02-15 12:16:31.600000+00:00,124329.26247069676,426611.3288475052,11.361318076033612,0.002218861598521471,-0.002327584894374013,0.0032869093867393673,0,-0.001686714596535521,0.0027378809513463795,0.0032869093867393673,15_P5_1
45274,145,2026-02-15 12:16:36.290000+00:00,124266.91988085928,427056.3138763602,7.111292788958114,0.0015571064432151616,-0.000870247429702431,0.003325852666467455,0,-0.0017180101908537391,0.0004799500479514065,0.003325852666467455,906_GSL_1
45275,6,2026-02-15 12:16:36.490000+00:00,124399.03953936507,426925.07419371273,8.554853394704976,0.00036862069100607187,-0.00125550216762349,0.007546698883418301,11,-0.0012371212738866474,0.0004262603200418197,0.007546698883418301,TS5
45276,149,2026-02-15 12:16:46.340000+00:00,124351.0418528242,426607.3968171175,8.01695243076912,0.0005411321326391771,8.46520415507257e-05,0.004726586801321986,0,-0.00016871956831507616,-0.0005210793225420714,0.004726586801321986,14_P5_1
45277,131,2026-02-15 12:16:47.210000+00:00,124806.21821409493,426258.50261405966,4.609623790337224,-0.00033040122070815414,-0.0036700048367492855,-0.0018806824353383433,0,0.0009668349577370378,0.0035557461429222147,-0.0018806824353383433,903_GSL_1
45278,3,2026-02-15 12:16:47.410000+00:00,124314.90333455807,426440.79233779735,7.05775838174229,-0.0039047938626026735,-0.003739486215636134,-0.020670713748794256,11,-0.005386064236038458,0.00047062119758848453,-0.020670713748794256,TS2
45279,124,2026-02-15 12:16:50.370000+00:00,124339.65918750846,426609.58833933214,6.679132706212018,0.0014217852294677868,-0.0019025718793272972,0.00470251037882452,0,-0.0013626543036069792,0.001945360183513878,0.00470251037882452,17_P5_1
45280,154,2026-02-15 12:16:50.570000+00:00,124285.665814892,426445.5611706167,7.895585072481752,0.0011898919910890982,-0.0026543833082541823,-0.006014927518247504,11,-0.002908680640176559,3.4214486091089365e-05,-0.006014927518247504,TS1-1
45281,147,2026-02-15 12:17:02.130000+00:00,124350.92709016663,426607.51030947024,11.376257195379253,0.0005828210414620116,0.0003167301183566451,0.0020375537068098026,0,-0.0004048547048434623,-0.0005254436241988205,0.0020375537068098026,13_P5_1
45282,126,2026-02-15 12:17:17.330000+00:00,124339.65850400059,426609.5883145165,6.671430012279134,0.0016833964473335072,-0.00017564452718943357,0.0007728231436763267,0,-0.00020144359471303136,-0.0016805044114716762,0.0007728231436763267,17_P5_1
45283,121,2026-02-15 12:17:32.750000+00:00,124329.2611392378,426611.32749961474,11.355598693757393,0.0015964680933393538,-0.00021687784465029836,0.0012991716832715383,0,-0.00023637430179488704,-0.0015936980774292633,0.0012991716832715383,15_P5_1
45284,123,2026-02-15 12:17:48.930000+00:00,124329.15170082511,426611.3902043955,8.08071679237989,0.0019442129851086065,-7.362413452938199e-05,0.0026011473258247264,0,-0.0004721172012517515,-0.0018874559578788406,0.0026011473258247264,16_P5_1
45285,4,2026-02-15 12:17:49.130000+00:00,124378.97054039982,426782.7408556717,7.761400997389005,-0.0012775733775924891,-0.00032723572803661227,0.006325292416739181,11,-0.0013176648870832411,-5.5101743934670465e-05,0.006325292416739181,TS3
45286,68,2026-02-15 12:21:20.300000+00:00,123928.08544438246,426940.43082977744,7.118299989102616,-0.023505979392211884,-0.016905227792449296,-0.0005132919376098499,0,0.0010210886655856327,-0.028935707557250133,-0.0005132919376098499,905_GSL_1
45287,66,2026-02-15 12:21:21.530000+00:00,124898.94784160129,426720.7829651287,4.134363784558244,0.010235937603283674,0.008759973919950426,0.05207725415447939,0,0.006063635471495131,-0.012030955347159858,0.05207725415447939,901_GSL_1
45288,68,2026-02-15 12:21:22.120000+00:00,123928.08757549783,426940.433278724,7.137302483326554,-0.021374864023528062,-0.014456281205639243,0.018489202286327888,0,0.015403079884718092,-0.020702995154948608,0.018489202286327888,905_GSL_1
45289,71,2026-02-15 12:21:22.340000+00:00,124806.21549724824,426258.504534905,4.584169881570494,-0.01226468724780716,-0.010571227059699595,-0.007333781578773291,0,0.0026274701891098266,0.015977164806047026,-0.007333781578773291,903_GSL_1
45290,67,2026-02-15 12:21:23.220000+00:00,123855.61547708295,426533.0753688372,6.052428880077441,-0.002517391199944541,-0.015733867476228625,0.008020731739865283,0,-0.0006712443567582645,-0.015919839045248015,0.008020731739865283,904_GSL_1
45291,71,2026-02-15 12:21:37.710000+00:00,124806.2532175556,426258.5170167949,4.634069539576243,0.025455620110733435,0.00191066280240193,0.04256587642697518,0,0.011078396657573727,-0.022998007632486737,0.04256587642697518,903_GSL_1
45292,67,2026-02-15 12:21:38.720000+00:00,123855.61324899468,426533.0780739315,6.02331699462668,-0.004745479469420388,-0.013028773188125342,-0.02109115371089576,0,0.011470679950950123,-0.007790507534504737,-0.02109115371089576,904_GSL_1
45293,69,2026-02-15 12:21:39.870000+00:00,124266.91914986135,427056.31411010196,7.107665871521132,-0.023447335304808803,-0.0007282820879481733,0.017164500593699117,0,0.008211544750419617,-0.021974495682668477,0.017164500593699117,906_GSL_1
45294,68,2026-02-15 12:21:40.110000+00:00,123928.08745272532,426940.4315720497,7.132430019289434,-0.021497636538697407,-0.01616295555140823,0.013616738249208282,0,-0.0005113535642002249,-0.026891039891367454,0.013616738249208282,905_GSL_1
45295,67,2026-02-15 12:21:54.200000+00:00,123855.63396342215,426533.0365131506,6.064486959296373,0.015968948006047867,-0.05458955408539623,0.020078810958796822,0,0.017434122474554618,-0.0541394319253951,0.020078810958796822,904_GSL_1
45296,68,2026-02-15 12:21:56.200000+00:00,123928.08771544814,426940.4352889132,7.135094810450044,-0.021234913714579307,-0.01244609203422442,0.01628152940981753,0,0.020817487305530655,-0.013132364207334596,0.01628152940981753,905_GSL_1
45297,69,2026-02-15 12:21:56.380000+00:00,124266.91875534816,427056.3131421963,7.096015744108795,-0.023841848495067097,-0.0016961877699941397,0.0055143731813629415,0,-0.000964840622039236,-0.02388262705790286,0.0055143731813629415,906_GSL_1
45298,66,2026-02-15 12:21:57.310000+00:00,124898.9403085568,426720.7713576155,4.087038675710684,0.002702893121750094,-0.002847539319191128,0.004752145306919253,0,0.003020869858548235,0.002507679544849822,0.004752145306919253,901_GSL_1
45299,66,2026-02-15 12:21:58.370000+00:00,124898.93857662822,426720.77476959105,4.076784232851113,0.0009709645382827148,0.0005644362536258996,-0.005502297552651747,0,0.0011195520546791683,-8.923909386282785e-05,-0.005502297552651747,901_GSL_1
45300,71,2026-02-15 12:22:14.340000+00:00,124806.21824042,426258.50252911303,4.609516231337201,-0.009521515486994758,-0.012577019049786031,0.01801256818793373,0,-0.004552349442283454,0.01510353534451796,0.01801256818793373,903_GSL_1
45301,69,2026-02-15 12:22:14.490000+00:00,124266.91990892963,427056.3139515175,7.111988565756264,-0.02268826702493243,-0.0008868665318004787,0.021487194828831768,0,0.01546993118456154,-0.01662002472876603,0.021487194828831768,906_GSL_1
45302,66,2026-02-15 12:22:14.610000+00:00,124898.94141047608,426720.7680804411,4.083499084817237,0.0038048123969929293,-0.0061247136909514666,0.0012125544134722333,0,0.0009636849855255678,0.007145629882740359,0.0012125544134722333,901_GSL_1
45303,149,2026-02-15 12:22:33.740000+00:00,124351.0410448143,426607.39672466915,8.015906625726549,-0.0002668777742655948,-7.796334102749825e-06,0.003680781758751195,0,4.9679350692196084e-05,0.0002623289754053129,0.003680781758751195,14_P5_1
45304,147,2026-02-15 12:22:48.640000+00:00,124350.92708860956,426607.51008404203,11.37588280909747,0.0005812639719806612,9.130191756412387e-05,0.0016631674250273676,0,-0.00018201223116059525,-0.0005595314048215371,0.0016631674250273676,13_P5_1
45305,164,2026-02-15 12:22:53.100000+00:00,124091.06469392224,427154.20750321134,9.840380056976075,-0.03063452913193032,0.012772269896231592,0.025746525346677984,0,0.020427611570940127,-0.02615947130475049,0.025746525346677984,907_GSL_1
45306,110,2026-02-15 12:22:55.300000+00:00,124434.13885967816,426963.9236529911,8.79644867120513,-0.0012261643132660538,-0.00843358231941238,0.04538831094734164,0,-0.008504206877537014,0.0005543059132685372,0.04538831094734164,35_P9_0
45307,126,2026-02-15 12:23:03.720000+00:00,124339.65764918592,426609.5883108472,6.672393298795818,0.0008285817748401314,-0.00017931387992575765,0.0017361096603600856,0,-8.595475531741068e-06,-0.0008477189056117804,0.0017361096603600856,17_P5_1
45308,122,2026-02-15 12:23:09.710000+00:00,124329.15129851805,426611.3899808385,8.088553161398274,0.00174761499511078,-0.0020580703276209533,0.004889322955875741,0,-0.0015474982472460951,0.0022124784336440737,0.004889322955875741,16_P5_1
45309,111,2026-02-15 12:23:11.840000+00:00,124434.26004250908,426963.9667918569,6.513351127342184,-0.001648250239668414,-0.011271922441665083,0.0520586177274156,0,-0.01136649700875684,0.0007587556480196474,0.0520586177274156,36_P9_0
45310,107,2026-02-15 12:23:15.890000+00:00,124409.92201566827,426969.52284584875,6.2893545796331605,0.0011981609713984653,-0.001565204351209104,0.0002742562031272655,0,-0.0012354109674822607,0.0015359733447722886,0.0002742562031272655,38_P9_0
45311,121,2026-02-15 12:23:19.040000+00:00,124329.26074629626,426611.327359334,11.355932319065225,0.0012035265535814688,-0.0003571585984900594,0.0016327969911031914,0,7.804295189109474e-06,-0.0012553794337281747,0.0016327969911031914,15_P5_1
45312,120,2026-02-15 12:23:25.380000+00:00,124329.26257875019,426611.32881112915,11.36242785225031,0.0023269150260603055,-0.0023639609571546316,0.004396685603436978,0,-0.001694412765067345,0.002851632922911627,0.004396685603436978,15_P5_1
45313,106,2026-02-15 12:23:31.400000+00:00,124410.03352718183,426969.4480178344,8.924129579660114,0.0013233636127552018,-0.0015435065142810345,0.00024235532158378703,0,-0.0011800062740475999,0.0016556837875635522,0.00024235532158378703,37_P9_0
45314,123,2026-02-15 12:23:34.330000+00:00,124329.151228141,426611.3902356364,8.08124493467604,0.0014715288707520813,-4.2383268009871244e-05,0.0031292896219738964,0,-0.0003701427554367915,-0.001424846623135891,0.0031292896219738964,16_P5_1
45315,102,2026-02-15 12:23:36.570000+00:00,124282.3955816094,426301.7920056747,6.9039214726691505,0.002292663572006859,-0.0015521899331361055,0.0006234889024145929,0,0.000989269800585867,-0.002585912818442477,0.0006234889024145929,02_P1_0
45316,124,2026-02-15 12:23:43.190000+00:00,124339.65921066188,426609.5885052603,6.6795927030352225,0.0014449386508204043,-0.001736643724143505,0.005162507202029154,0,-0.0011978056359616544,0.0019154740373338943,0.005162507202029154,17_P5_1
45317,160,2026-02-15 12:23:47.660000+00:00,124421.81189944147,426965.6156505276,5.595734393558251,0.0006932808319106698,-0.0029875110485590994,0.003553163670912518,0,-0.0022652971821616025,0.0020674354291363353,0.003553163670912518,38a_P9_0
45318,118,2026-02-15 12:23:50.520000+00:00,124372.26165785771,426775.11195889185,6.170577570643977,0.001630495724384673,-0.0007056069443933666,0.005045501653615503,0,-0.0005471900158794928,-0.0016902604987795943,0.005045501653615503,22_P6_1
45319,103,2026-02-15 12:23:52.730000+00:00,124282.31331630875,426301.7964199593,9.297603967356828,0.001597901587956585,-0.0010241939453408122,-0.00034751843428537654,0,0.0006323671487936568,-0.0017895179550911288,-0.00034751843428537654,01_P1_0
45320,170,2026-02-15 12:23:58.890000+00:00,124669.3770528402,426931.3071467755,13.798497979177817,-0.01099397627694998,0.008649803756270558,0.012307848506429409,0,-2.762530298609227e-05,-0.01398877608094311,0.012307848506429409,908_GSL_1
45321,162,2026-02-15 12:24:05.420000+00:00,124402.99607983202,426879.6447085916,6.547789203214407,0.0006517037109006196,-0.003024996316526085,0.003116159923839845,0,0.0030701353884740753,-0.0003867675506517574,0.003116159923839845,34a_P7_0
45322,74,2026-02-15 12:24:06.950000+00:00,124369.34695353052,426785.72457300976,7.2344377077583815,0.0006403212173609063,-0.0018932869425043464,0.004383873001309269,0,-0.001172527448640147,-0.0016185567924065676,0.004383873001309269,21_P6_1
45323,100,2026-02-15 12:24:08.690000+00:00,124292.48576097222,426345.928619625,7.587436730798688,0.0020376989123178646,-0.0016153547330759466,-0.0010628381704105294,0,0.0011033741496141232,-0.00235460256877792,-0.0010628381704105294,06_P2_0
45324,92,2026-02-15 12:24:17.050000+00:00,124278.31592346323,426395.636601398,11.104177776863855,0.0019476606539683416,-0.0016892271814867854,0.0023887936366353557,0,0.0013874432225694973,-0.0021729868379344007,0.0023887936366353557,11_P3_0
45325,104,2026-02-15 12:24:22.020000+00:00,124389.81670777121,426881.4434571269,10.725788427430157,-0.0003884390607709065,-0.0008824412361718714,-0.00012344063005009787,0,0.0009436954276833428,0.00019755095291766476,-0.00012344063005009787,33_P7_0
45326,73,2026-02-15 12:24:23.520000+00:00,124369.4901064673,426785.6946198657,11.410556280793266,0.0007669028709642589,-0.0018467885092832148,0.0045016647301903134,0,-0.0012817707938590933,-0.0015348718003545352,0.0045016647301903134,20_P6_1
45327,101,2026-02-15 12:24:24.650000+00:00,124292.40721637165,426345.88191626145,10.216164690722433,0.0018975008133566007,-0.0014772644499316812,0.0005461931221493188,0,0.0009997626800512032,-0.0021870743415114517,0.0005461931221493188,05_P2_0
45328,93,2026-02-15 12:24:33.400000+00:00,124278.26973706199,426395.7893791254,7.951569498638843,0.0016134823090396821,-0.0019709771149791777,0.002843978359325483,0,0.001712339911310857,-0.0018857274398723675,0.002843978359325483,12_P3_0
45329,105,2026-02-15 12:24:37.990000+00:00,124389.68775714765,426881.47095895704,7.06251295978008,-0.000928289708099328,-0.0009942571050487459,0.00021706305729018993,0,0.0011668010897982566,0.0006991739339739785,0.00021706305729018993,34_P7_0
45330,165,2026-02-15 12:24:40.750000+00:00,124091.06159038818,427154.2054429391,9.853731426470649,-0.022190238974872045,0.009291145484894514,0.0029959327446285045,0,0.02093715399139096,-0.011847686395418633,0.0029959327446285045,907_GSL_1
45331,98,2026-02-15 12:24:40.970000+00:00,124302.66237331265,426390.07672268007,7.980270500823949,0.0015276790945790708,-0.00118932849727571,0.001219705693078943,0,0.0007976390771701782,-0.001764108157970235,0.001219705693078943,10_P3_0
45332,94,2026-02-15 12:24:50.220000+00:00,124268.22565375254,426351.5540235192,10.216991984883038,0.001431253447663039,-0.001949501282069832,0.002498045592076892,0,0.0016556914205738702,-0.0017628748112323046,0.002498045592076892,07_P2_0
45333,99,2026-02-15 12:24:56.170000+00:00,124302.53940703403,426390.13393495383,11.088786556637011,0.001326742858509533,-0.0008813381427899003,0.00103135388764386,0,0.0005415897212093353,-0.0014978932233049164,0.00103135388764386,09_P3_0
45334,152,2026-02-15 12:24:58.940000+00:00,124370.27648833713,426819.49866352294,9.73325657819019,0.0007166752620832995,-0.0005065149744041264,0.004335626962310712,0,-0.0006578857014787548,0.0005808332414450687,0.004335626962310712,29_KW_1
45335,113,2026-02-15 12:25:05.080000+00:00,124414.08053985743,426875.9053730182,7.348566593669372,0.0033052432554541156,-0.00985912000760436,0.04521664854409568,0,0.00879535160004328,-0.0055469514630728115,0.04521664854409568,32_P7_0
45336,95,2026-02-15 12:25:06.390000+00:00,124268.11104512971,426351.5470043282,7.1964205634760505,0.001497227480285801,-0.002186681784223765,0.0027497052309302106,0,0.0018746737682775836,-0.0018731966302849583,0.0027497052309302106,08_P2_0
45337,117,2026-02-15 12:25:14.520000+00:00,124377.68111159728,426815.9052081421,7.622274683499012,0.0010944531968561932,-0.0004978963988833129,0.004839643326552512,0,-0.0005400826961727721,0.0010742622144637043,0.004839643326552512,26_KW_0
45338,166,2026-02-15 12:25:15.170000+00:00,124091.05672816552,427154.2055254637,9.829549968969578,-0.01555267017101869,0.016497484117280692,-0.00030365009322608216,0,0.020396812202031843,-0.009900635517150815,-0.00030365009322608216,907_GSL_1
45339,112,2026-02-15 12:25:20.410000+00:00,124413.95250890718,426875.85835258587,10.713492107549447,0.0017742823692969978,-0.008913479570765048,0.04422650062878297,0,0.008229721789787339,-0.0038561477211257736,0.04422650062878297,31_P7_0
45340,96,2026-02-15 12:25:23.300000+00:00,124258.06251628457,426307.3506843449,9.30827397282305,0.0015380881377495825,-0.001725232054013759,0.00372836464715931,0,0.0013905595377509186,-0.0018462082579309583,0.00372836464715931,03_P1_0
45341,116,2026-02-15 12:25:30.010000+00:00,124377.68838011945,426815.89963584003,10.009950706999476,0.0010202278790529817,-0.00042572355596348643,0.004890951722352099,0,-0.00046486272787803846,0.0010029995590871063,0.004890951722352099,25_KW_0
45342,125,2026-02-15 12:25:32.170000+00:00,124339.65763178199,426609.58973479393,6.674534208373437,-0.00023378164041787386,-0.0014990525087341666,0.001018270244323105,0,-0.001517109739321339,-1.379558606980765e-05,0.001018270244323105,17_P5_1
45343,161,2026-02-15 12:25:36.640000+00:00,124402.99400497068,426879.6343493775,6.5936656656628205,0.0026012240850832313,-0.013157509500160813,0.05204134483909861,0,0.010290766310322988,-0.00860154356693963,0.05204134483909861,34a_P7_0
45344,97,2026-02-15 12:25:40.090000+00:00,124257.98882368302,426307.3899143101,6.841188461872161,0.0009534741402603686,-0.0019383945618756115,0.004126271276060578,0,0.0017133570991478334,-0.0013156343961959623,0.004126271276060578,04_P1_0
45345,115,2026-02-15 12:25:45.920000+00:00,124396.29027386053,426811.63365133025,7.651946854584852,0.00018310072482563555,-0.0002630061935633421,0.005674561811805923,0,-0.00013144450306376495,0.0002922678153657552,0.005674561811805923,24_KW_0
45346,146,2026-02-15 12:25:48.370000+00:00,124350.92485715103,426607.5110035548,11.379026746626622,-0.0014094239159021527,-0.0008618420106358826,-0.0002947665974613045,0,-0.001140066927099371,-0.001195614832522605,-0.0002947665974613045,13_P5_1
45347,114,2026-02-15 12:26:01.020000+00:00,124396.29950000982,426811.62915967184,9.99541611206199,0.00047936479677446187,-0.0003790839691646397,0.004732034411807362,0,-7.850764112167546e-05,0.0006060790495882107,0.004732034411807362,23_KW_0
45348,148,2026-02-15 12:26:03.480000+00:00,124351.0394130287,426607.3976800976,8.015997181449784,-0.0017053859628504142,-0.0007757971179671586,0.0005407662374015132,0,-0.0011196695219860165,-0.0015021792875915274,0.0005407662374015132,14_P5_1
45349,150,2026-02-15 12:26:16.620000+00:00,124401.10337551107,426812.3213095573,9.186439252535468,0.00019488114048726857,-0.00012203172082081437,0.004425229291658894,0,1.904003674044272e-05,0.0002291459727008753,0.004425229291658894,27_KW_1
45350,168,2026-02-15 12:26:21.880000+00:00,124669.37097779827,426931.3125594101,13.789374826337959,-0.005754173078457825,0.004818837740458548,-0.011965193597269774,0,0.0005353852774766002,-0.007486325372996938,-0.011965193597269774,908_GSL_1
45351,153,2026-02-15 12:26:25.760000+00:00,124370.27538910926,426819.496576403,9.729158303276055,0.0015503043832723051,-0.002546694246120751,0.0030778261630661774,0,0.0020495761907119918,-0.0021652558053228688,0.0030778261630661774,29_KW_1
45352,119,2026-02-15 12:26:31.730000+00:00,124400.8144617138,426811.3429935294,3.988930969960807,0.000310326722683385,-0.00013535190373659134,0.005396840874624331,0,8.077983567538286e-05,0.000328781737334646,0.005396840874624331,28_KW_1
45353,169,2026-02-15 12:26:48.120000+00:00,124669.3760396796,426931.3092693873,13.812988360749642,-0.0030377687216969207,0.007109834346920252,0.001233147876749996,0,0.0005335761368479096,-0.007713175724262577,0.001233147876749996,908_GSL_1
45354,72,2026-02-15 12:27:30.010000+00:00,124390.52434050797,426780.88750564016,10.991557388503388,0.00038080511149019003,0.0005747084505856037,0.00447206693663027,0,0.0002849401255527314,-0.0006277829728190747,0.00447206693663027,18_P6_1
45355,138,2026-02-15 12:30:20.740000+00:00,123928.08695308196,426940.43054317165,7.120189940863038,0.0003342032869113609,-0.0011779803899116814,0.0022538772651108374,0,-0.0011360476280555703,-0.00045686477516673036,0.0022538772651108374,905_GSL_1
45356,139,2026-02-15 12:30:21.320000+00:00,123928.08805888236,426940.432683984,7.135283491696578,0.0011889586749020964,0.001579971401952207,-0.001318339042677863,0,-0.0006007075820874068,0.0018839009428402742,-0.001318339042677863,905_GSL_1
45357,130,2026-02-15 12:30:21.920000+00:00,124898.9609121508,426720.8138558613,4.133497223495796,0.02253915353503544,0.04417916253441945,0.04343449102560193,0,0.003748452348339987,-0.0494546352661788,0.04343449102560193,901_GSL_1
45358,133,2026-02-15 12:30:22.610000+00:00,124806.21014812669,426258.5010279274,4.585028944735504,-0.011747966840630397,-0.010455885960254818,-0.0031281594490613074,0,0.0027985489026146706,0.015476058934434161,-0.0031281594490613074,903_GSL_1
45359,134,2026-02-15 12:30:24.300000+00:00,123855.6155693712,426533.07536719326,6.054629714322562,0.0011072297929786146,0.0010691313073039055,0.00878679542478178,0,-0.0008717998067594787,0.001268449708759066,0.00878679542478178,904_GSL_1
45360,125,2026-02-15 12:30:37.660000+00:00,124339.65850595314,426609.58965872304,6.675260764190182,0.000640389509499073,-0.0015751234022900462,0.0017448260610679611,0,-0.0014655336734935049,0.0008621621124677583,0.0017448260610679611,17_P5_1
45361,143,2026-02-15 12:30:38.520000+00:00,124266.91918660767,427056.3140189112,7.108431526795263,-0.00038082042010501027,-0.00020796479657292366,0.00288978857248523,0,-4.810808333711871e-05,-0.00043122982422393155,0.00288978857248523,906_GSL_1
45362,132,2026-02-15 12:30:38.850000+00:00,124806.30106057986,426258.54457662796,4.628619451455786,0.08692629208962899,0.039434877515304834,0.04598727724546503,0,0.009331214110619289,-0.09499588551258613,0.04598727724546503,903_GSL_1
45363,153,2026-02-15 12:30:39.600000+00:00,124370.27468943321,426819.49645754264,9.729289345712022,0.0008506283338647336,-0.002665554580744356,0.0032088685990334653,0,0.0023481877880750257,-0.001521434815309558,0.0032088685990334653,29_KW_1
45364,137,2026-02-15 12:30:40.730000+00:00,123928.08790955722,426940.430859926,7.136626285954761,-0.0014897046639816836,-0.002968645072542131,0.013762594989231047,0,-0.001533752223737729,-0.0029461292688538,0.013762594989231047,905_GSL_1
45365,146,2026-02-15 12:30:52.700000+00:00,124350.92579453974,426607.51094191475,11.37951195451658,-0.0004720352008007467,-0.0009234820608980954,0.00019044129249756736,0,-0.0010023437346392409,-0.0002663519949710419,0.00019044129249756736,13_P5_1
45366,152,2026-02-15 12:30:54.520000+00:00,124370.27679320463,426819.4988215934,9.73357183528189,0.0010215427610091865,-0.0003484445041976869,0.0046508840540102625,0,-0.000574238326442358,0.0009139001748115184,0.0046508840540102625,29_KW_1
45367,136,2026-02-15 12:30:56.200000+00:00,123855.60897431278,426533.0828456924,6.030040144554592,-0.006795799010433257,0.00873716629575938,0.007747602117853525,0,0.00040002067978696723,0.011061688050460566,0.007747602117853525,904_GSL_1
45368,141,2026-02-15 12:30:56.490000+00:00,124266.91931504257,427056.31360762985,7.094523649832694,0.0006862911250209436,-0.0009106731740757823,0.010388949569596129,0,-0.0009313003765031307,0.0006580279226513868,0.010388949569596129,906_GSL_1
45369,135,2026-02-15 12:30:57.520000+00:00,123855.64513096429,426533.01966058405,6.070107476890618,0.03148068605514709,-0.05697433726163581,0.048909029772260304,0,0.00593768939032141,-0.06482169810803647,0.048909029772260304,904_GSL_1
45370,5,2026-02-15 12:30:57.720000+00:00,124424.61713520877,426919.136301484,8.779183988426922,-6.756874790880829e-05,-0.010046285053249449,0.011358166420608384,11,-0.01004401557708007,0.00022396426994085594,0.011358166420608384,TS4
45371,148,2026-02-15 12:31:07.870000+00:00,124351.03979178768,426607.3977007849,8.015909058069978,-0.0013266269816085696,-0.0007551098242402077,0.00045264285759571976,0,-0.001019164146758408,-0.001136412969372555,0.00045264285759571976,14_P5_1
45372,150,2026-02-15 12:31:10.630000+00:00,124401.10328553182,426812.3211805649,9.186622352202015,0.00010490189015399665,-0.00025102414656430483,0.004608328958205732,0,-0.00013814756863002285,0.00023437742638281506,0.004608328958205732,27_KW_1
45373,122,2026-02-15 12:31:12.520000+00:00,124329.1513310034,426611.3900224787,8.089864675143422,0.001780100355972536,-0.0020164301386103034,0.00620083670102467,0,-0.0014989801091233558,0.002233339744347476,0.00620083670102467,16_P5_1
45374,140,2026-02-15 12:31:13.690000+00:00,123928.08817894923,426940.4388730779,7.136299277795996,0.0006552167615154758,0.004434400994796306,0.0007255715936524965,0,-0.0005103046012785629,0.0044534043608384834,0.0007255715936524965,905_GSL_1
45375,128,2026-02-15 12:31:25.170000+00:00,124898.93825674105,426720.77511559956,4.079211469140624,-0.0020446584530873224,0.005851564754266292,-0.0021804618630554273,0,0.0006857491151251753,-0.006160453426027828,-0.0021804618630554273,901_GSL_1
45376,120,2026-02-15 12:31:28.700000+00:00,124329.26247801095,426611.3289978627,11.362183617629487,0.0022261757840169594,-0.002177227404899895,0.0041524509826142975,0,-0.00153944104687901,0.002706713700629365,0.0041524509826142975,15_P5_1
45377,129,2026-02-15 12:31:29.120000+00:00,124898.94034991629,426720.7731168472,4.084598425956067,0.0006782175041735172,0.0006141770863905549,-0.0070863192895469496,0,0.0006007703944332577,-0.0006901213006327612,-0.0070863192895469496,901_GSL_1
45378,145,2026-02-15 12:31:30.410000+00:00,124266.92101030718,427056.3147668225,7.111108049330266,0.0026865543477470055,2.0214880350977182e-05,0.003141113038619636,0,-0.0018917635253260534,0.0019076723169957372,0.003141113038619636,906_GSL_1
45379,6,2026-02-15 12:31:30.610000+00:00,124399.03974334337,426925.0743777273,8.55672745771497,0.0005725989904021844,-0.0010714876116253436,0.009420761893412788,11,-0.0010202409671507405,0.0006595935677547998,0.009420761893412788,TS5
45380,131,2026-02-15 12:31:42.480000+00:00,124806.21945973828,426258.5057739259,4.6126288167066205,0.000915242126211524,-0.0005101385759189725,0.0011243439340580252,0,0.001035536761165899,0.0001599160170429098,0.0011243439340580252,903_GSL_1
45381,3,2026-02-15 12:31:42.680000+00:00,124314.90281541093,426440.79200049915,7.049443781041844,-0.00442394100537058,-0.004076784418430179,-0.028985314449240462,11,-0.006008209778164568,0.0003046973497128292,-0.028985314449240462,TS2
45382,124,2026-02-15 12:31:44.930000+00:00,124339.6589258103,426609.5887496729,6.678612031385018,0.0011600870784604922,-0.0014922310947440565,0.004181835551825053,0,-0.0010547077790155636,0.0015684856297129733,0.004181835551825053,17_P5_1
45383,154,2026-02-15 12:31:45.130000+00:00,124285.66468861955,426445.56110396126,7.895074368143714,6.36195472907275e-05,-0.002721038763411343,-0.006525631856285408,11,-0.0025089985108412314,-0.0010550004129767398,-0.006525631856285408,TS1-1
45384,149,2026-02-15 12:31:45.530000+00:00,124351.04157166951,426607.3964876821,8.015102682607985,0.0002599774452392012,-0.0002447833539918065,0.0028768386401871737,0,0.00020084133526448026,-0.0002952455257472339,0.0028768386401871737,14_P5_1
45385,147,2026-02-15 12:32:00.520000+00:00,124350.92706290653,426607.510095304,11.376229090370941,0.000555560938664712,0.00010256387759000063,0.002009448698498062,0,-0.00018907080521023018,-0.0005323716147330431,0.002009448698498062,13_P5_1
45386,126,2026-02-15 12:32:15.420000+00:00,124339.65845642824,426609.58813094127,6.671856075624298,0.0016358240973204374,-0.00035921978997066617,0.0011988864888401451,0,-1.1888782121351716e-05,-0.0016747590846866497,0.0011988864888401451,17_P5_1
45387,121,2026-02-15 12:32:30.620000+00:00,124329.26096868825,426611.3273019119,11.356269271623841,0.001425918540917337,-0.0004145806888118386,0.0019697495497190687,0,1.010771616167399e-06,-0.0014849645824760488,0.0019697495497190687,15_P5_1
45388,123,2026-02-15 12:32:46.650000+00:00,124329.15236977396,426611.38974627684,8.080592014739262,0.0026131618360523134,-0.0005317428149282932,0.002476369685195934,0,-0.00021897860047514047,-0.0026577083314694473,0.002476369685195934,16_P5_1
45389,4,2026-02-15 12:32:46.850000+00:00,124378.97054805935,426782.7409242533,7.761926859165758,-0.0012699138460448012,-0.00025865412317216396,0.006851154193491915,11,-0.001281751289621439,-0.00019156399286932238,0.006851154193491915,TS3
45390,68,2026-02-15 12:36:20.590000+00:00,123928.07895015288,426940.42441050295,7.120077329629787,-0.03000020897889044,-0.02332450228277594,0.0012640485895607512,0,-7.959077340559982e-05,-0.038000508033776435,0.0012640485895607512,905_GSL_1
45391,66,2026-02-15 12:36:21.420000+00:00,124898.94338000065,426720.77294359345,4.127450418415613,0.005774336968897842,-0.0012615613522939384,0.04516388801184856,0,0.00581398629484903,-0.0010639867665011944,0.04516388801184856,901_GSL_1
45392,68,2026-02-15 12:36:21.620000+00:00,123928.08775240756,426940.4318095165,7.1357459799932546,-0.021197954294621013,-0.015925488725770265,0.016932698953028513,0,0.01475099740804652,-0.022031398795793293,0.016932698953028513,905_GSL_1
45393,67,2026-02-15 12:36:22.490000+00:00,123855.6144724765,426533.07589772984,6.051807820461004,-0.0035219976416556165,-0.01520497485762462,0.007399672123428402,0,0.00041865358942889415,-0.015601937603415893,0.007399672123428402,904_GSL_1
45394,71,2026-02-15 12:36:22.620000+00:00,124806.21544494283,426258.505328033,4.596131581421346,-0.012316992651904002,-0.009778099076356739,0.004627918272078979,0,0.0019234001226412396,0.015608333078914268,0.004627918272078979,903_GSL_1
45395,71,2026-02-15 12:36:37.350000+00:00,124806.22461234637,426258.50147954945,4.626056471721336,-0.003149589116219431,-0.013626582629512995,0.03455280857206855,0,0.01022399715110123,0.009543246198973761,0.03455280857206855,903_GSL_1
45396,69,2026-02-15 12:36:37.810000+00:00,124266.91963704652,427056.3141529585,7.109941911558871,-0.022960150134167634,-0.0006854255334474146,0.01944054063143863,0,0.008066583106994563,-0.02150740661547481,0.01944054063143863,906_GSL_1
45397,68,2026-02-15 12:36:38.780000+00:00,123928.08794057759,426940.4316246232,7.132946660731214,-0.021009784264606424,-0.016110382042825222,0.014133379690988157,0,-0.0007544860274372523,-0.02646481050839947,0.014133379690988157,905_GSL_1
45398,67,2026-02-15 12:36:39.110000+00:00,123855.61270793866,426533.07964528544,6.033419508973005,-0.005286535480991006,-0.011457419255748391,-0.010988639364570396,0,0.01099023686689866,-0.006199565065650361,-0.010988639364570396,904_GSL_1
45399,67,2026-02-15 12:36:55.030000+00:00,123855.61310010607,426533.06802148296,6.063061877064392,-0.0048943680740194395,-0.023081221734173596,0.018653728726816254,0,0.017008902292070943,-0.01635221325707478,0.018653728726816254,904_GSL_1
45400,69,2026-02-15 12:36:55.100000+00:00,124266.9203530349,427056.31345373247,7.091274008463748,-0.022244161751586944,-0.0013846515794284642,0.0007726375363157345,0,-0.0007024473957112365,-0.022276143285664057,0.0007726375363157345,906_GSL_1
45401,66,2026-02-15 12:36:55.520000+00:00,124898.94034544162,426720.77242562734,4.0884991545674065,0.0027397779340390116,-0.0017795274616219103,0.006212624163642211,0,0.0029311104441487506,0.0014428072216050576,0.006212624163642211,901_GSL_1
45402,68,2026-02-15 12:36:55.690000+00:00,123928.08852035516,426940.4345777866,7.1449858427543775,-0.020430006698006764,-0.013157218636479229,0.0261725617141515,0,0.01998984581540068,-0.01381678834625564,0.0261725617141515,905_GSL_1
45403,66,2026-02-15 12:36:59.120000+00:00,124898.93914912925,426720.77313791885,4.079163140120285,0.0015434655651915818,-0.0010672359494492412,-0.0031233902834797433,0,0.0009304491331473898,0.0016295836687185666,-0.0031233902834797433,901_GSL_1
45404,66,2026-02-15 12:37:11.700000+00:00,124898.9411138526,426720.76626851544,4.081646794073984,0.0035081889218417928,-0.00793663936201483,-0.0006397363297807601,0,-4.8780317248945325e-05,0.008677283812038519,-0.0006397363297807601,901_GSL_1
45405,69,2026-02-15 12:37:12.800000+00:00,124266.92065909233,427056.315160277,7.120614823155929,-0.021938104328000918,0.0003218929632566869,0.030113452228496485,0,0.01578983628767189,-0.01523368329047728,0.030113452228496485,906_GSL_1
45406,71,2026-02-15 12:37:15.630000+00:00,124806.21790273867,426258.5021866645,4.610060652885368,-0.009859196812612936,-0.012919467582833022,0.018556989736100427,0,-0.004749832563344692,0.015542055688804514,0.018556989736100427,903_GSL_1
45407,149,2026-02-15 12:37:32.020000+00:00,124351.04131073714,426607.3966320798,8.016177788884477,0.0,-0.00010038568871095777,0.00395194491667894,0,9.92861721587628e-05,-1.4847706869455244e-05,0.00395194491667894,14_P5_1
45408,147,2026-02-15 12:37:47.780000+00:00,124350.92691800155,426607.5102169193,11.376090163892187,0.00041065596451517195,0.00022417918080464005,0.0018705222197432647,0,-0.00028625846780797726,-0.0003700685286624018,0.0018705222197432647,13_P5_1
45409,164,2026-02-15 12:37:49.700000+00:00,124091.0636795755,427154.2075673703,9.841189089197018,-0.031648875868995674,0.012836428883019835,0.026555557567620625,0,0.020758010858706627,-0.0271206606746543,0.026555557567620625,907_GSL_1
45410,110,2026-02-15 12:37:54.880000+00:00,124434.13826483593,426963.9250488965,8.787871470039928,-0.001821006546379067,-0.007037676929030567,0.036811109782139084,0,-0.007262504265002601,-0.00031779427336496536,0.036811109782139084,35_P9_0
45411,126,2026-02-15 12:38:03.800000+00:00,124339.65777201492,426609.5884365009,6.672437629598793,0.0009514107805443928,-5.366012919694185e-05,0.0017804404633352533,0,-0.00015832645840009756,-0.0009396779317255489,0.0017804404633352533,17_P5_1
45412,122,2026-02-15 12:38:05.900000+00:00,124329.15077630275,426611.3899105305,8.088316922213004,0.0012253996974322945,-0.002128378371708095,0.004653083770605804,0,-0.0017479522130910575,0.0017251846197934978,0.004653083770605804,16_P5_1
45413,111,2026-02-15 12:38:10.600000+00:00,124434.26126086776,426963.9680450945,6.504461703971417,-0.00042989155917894095,-0.010018684843089432,0.04316919435664879,0,-0.00988509180557775,0.0016863607956492592,0.04316919435664879,36_P9_0
45414,107,2026-02-15 12:38:13.670000+00:00,124409.92284582753,426969.5242089179,6.297984603155294,0.0020283202320570126,-0.00020213518291711807,0.008904279725260977,0,0.00028594148387024563,0.002018211848084049,0.008904279725260977,38_P9_0
45415,121,2026-02-15 12:38:19.220000+00:00,124329.26115174856,426611.32724378293,11.356029041577429,0.0016089788550743833,-0.000472709652967751,0.0017295195033071309,0,5.851272029812499e-06,-0.0016769714173774691,0.0017295195033071309,15_P5_1
45416,120,2026-02-15 12:38:21.410000+00:00,124329.2613518874,426611.32893161033,11.361651765665526,0.0011000522354152054,-0.00224347977200523,0.003620599018653081,0,-0.0018899157602118956,0.0016344830459020746,0.003620599018653081,15_P5_1
45417,106,2026-02-15 12:38:29.250000+00:00,124410.03401665967,426969.4494131893,8.933028177830735,0.0018128414521925151,-0.00014815159374848008,0.009140953492204673,0,0.00029209053714392396,0.00179527884843237,0.009140953492204673,37_P9_0
45418,123,2026-02-15 12:38:34.410000+00:00,124329.15134762031,426611.39014744374,8.08050875221687,0.00159100818564184,-0.00013057590695098042,0.0023931071628044975,0,-0.0003188148936274192,-0.001564197614707537,0.0023931071628044975,16_P5_1
45419,102,2026-02-15 12:38:36.960000+00:00,124282.39481307195,426301.7923402438,6.903153425759067,0.0015241261280607432,-0.0012176207965239882,-0.00014455800766910443,0,0.0008385193400622259,-0.0017613762161181675,-0.00014455800766910443,02_P1_0
45420,124,2026-02-15 12:38:37.410000+00:00,124339.65829365942,426609.5884678256,6.678114752946994,0.00052793619397562,-0.001774078409653157,0.0036845571138011124,0,-0.001520065820453962,0.001056158477689102,0.0036845571138011124,17_P5_1
45421,160,2026-02-15 12:38:45.300000+00:00,124421.81253808131,426965.61704897415,5.6044040652358245,0.001331920677330345,-0.0015890644863247871,0.012222835348485894,0,-0.0007332615941903546,0.0019394499392570575,0.012222835348485894,38a_P9_0
45422,118,2026-02-15 12:38:50.620000+00:00,124372.26168292062,426775.1120065804,6.170566344516369,0.0016555586335016415,-0.0006579183973371983,0.005034275526007548,0,-0.0005995496029901963,-0.0016775789936902725,0.005034275526007548,22_P6_1
45423,103,2026-02-15 12:38:52.160000+00:00,124282.31361624658,426301.7961040266,9.298295257056258,0.0018978394218720496,-0.0013401266187429428,0.0003437712651450653,0,0.0008714850225059275,-0.002153659137612745,0.0003437712651450653,01_P1_0
45424,170,2026-02-15 12:38:53.390000+00:00,124669.37539974244,426931.3073798061,13.802326791821493,-0.012647074036067352,0.008882834401447326,0.016136661150104814,0,-0.0008695257499908069,-0.01543039706706888,0.016136661150104814,908_GSL_1
45425,162,2026-02-15 12:39:02.990000+00:00,124402.9968469649,426879.6461377898,6.5564030945207215,0.001418836589436978,-0.0015957980649545789,0.011730051230154359,0,0.001712866465624076,-0.0012750518430943976,0.011730051230154359,34a_P7_0
45426,74,2026-02-15 12:39:06.820000+00:00,124369.34706993366,426785.7246149192,7.234463916215683,0.000756724359234795,-0.0018513774848543108,0.0044100814586105486,0,-0.001271286693590285,-0.0015440403135880442,0.0044100814586105486,21_P6_1
45427,100,2026-02-15 12:39:07.530000+00:00,124292.48495912488,426345.92886248016,7.587784592929097,0.0012358515668893233,-0.0013724995660595596,-0.0007149760400011473,0,0.0010514557988917264,-0.0015183954877413975,-0.0007149760400011473,06_P2_0
45428,92,2026-02-15 12:39:11.070000+00:00,124278.31485629045,426395.6365812835,11.103738661437033,0.0008804878743831068,-0.0017093416536226869,0.0019496782098133991,0,0.0015628467686868341,-0.0011200972115626142,0.0019496782098133991,11_P3_0
45429,104,2026-02-15 12:39:19.390000+00:00,124389.81750712254,426881.44462643145,10.734469881423726,0.00041091226739808917,0.00028686330188065767,0.008558013363519024,0,-0.00036564344843035087,-0.0003427014941374978,0.008558013363519024,33_P7_0
45430,73,2026-02-15 12:39:22.620000+00:00,124369.49011302191,426785.6946161095,11.410576335357177,0.000773457475588657,-0.0018505447078496218,0.004521719294102056,0,-0.0012891462705981742,-0.0015365071022605261,0.004521719294102056,20_P6_1
45431,101,2026-02-15 12:39:22.820000+00:00,124292.40672585176,426345.88207628665,10.215935597492297,0.0014069809258216992,-0.0013172392500564456,0.0003170998920136725,0,0.0009571933676009236,-0.0016728704147471064,0.0003170998920136725,05_P2_0
45432,93,2026-02-15 12:39:26.770000+00:00,124278.26885747846,426395.7894275419,7.951132735339969,0.0007338987779803574,-0.0019225606229156256,0.002407215060451051,0,0.001793790575855847,-0.0010085445627623644,0.002407215060451051,12_P3_0
45433,105,2026-02-15 12:39:35.610000+00:00,124389.68850224194,426881.47239461483,7.071173980389835,-0.00018319541413802654,0.0004414006834849715,0.008878083667045011,0,-0.0003931721333566041,0.0002716814250073416,0.008878083667045011,34_P7_0
45434,98,2026-02-15 12:39:37.340000+00:00,124302.66219543485,426390.0767701656,7.980517460100045,0.001349801299511455,-0.001141842978540808,0.0014666649691745803,0,0.0007932197781134946,-0.0015800542140747371,0.0014666649691745803,10_P3_0
45435,165,2026-02-15 12:39:38.730000+00:00,124091.06198081569,427154.2056858965,9.853091070776571,-0.02179981146764476,0.009534102864563465,0.0023555770505510054,0,0.020890019340862046,-0.011390258530663066,0.0023555770505510054,907_GSL_1
45436,94,2026-02-15 12:39:42.770000+00:00,124268.22442966072,426351.5541363125,10.216833480657158,0.0002071616327157244,-0.0018367079901508987,0.0023395413661972952,0,0.001768102206621507,-0.0005387269903149057,0.0023395413661972952,07_P2_0
45437,99,2026-02-15 12:39:52.700000+00:00,124302.5391467909,426390.13401320437,11.08897116323216,0.0010664997389540076,-0.000803087605163455,0.0012159604827921555,0,0.0005272825558414178,-0.0012265172241193688,0.0012159604827921555,09_P3_0
45438,152,2026-02-15 12:39:54.920000+00:00,124370.27660573108,426819.4986637531,9.73376911821135,0.0008340692147612572,-0.0005062848213128746,0.004848166983471458,0,-0.0006846849087681679,0.00069512757894461,0.004848166983471458,29_KW_1
45439,95,2026-02-15 12:39:57.880000+00:00,124268.10992047933,426351.54714178905,7.195781002460021,0.0003725770948221907,-0.002049220958724618,0.0021101442149005223,0,0.0019460111838956414,-0.0007424019810153194,0.0021101442149005223,08_P2_0
45440,113,2026-02-15 12:40:03.840000+00:00,124414.08006313523,426875.9069208629,7.339878780773198,0.0028285210573812947,-0.008311275276355445,0.0365288356479212,0,0.007404525288190595,-0.004717078899907512,0.0365288356479212,32_P7_0
45441,117,2026-02-15 12:40:10.530000+00:00,124377.68108433689,426815.9053564038,7.622082291139877,0.001067192803020589,-0.0003496347344480455,0.004647250967417804,0,-0.00039087304184909415,0.0010527882937737926,0.004647250967417804,26_KW_0
45442,166,2026-02-15 12:40:10.720000+00:00,124091.05705071084,427154.20553631487,9.825843716537058,-0.01523012485995423,0.016508335305843502,-0.0040099025257465115,0,0.020310606976651602,-0.009589634094163663,-0.0040099025257465115,907_GSL_1
45443,96,2026-02-15 12:40:14.500000+00:00,124258.06169293178,426307.3506138788,9.308320653252746,0.0007147353462642059,-0.0017956981319002807,0.0037750450768552213,0,0.0016209343091374362,-0.0010525922104835824,0.0037750450768552213,03_P1_0
45444,112,2026-02-15 12:40:19.120000+00:00,124413.9529806225,426875.8595972698,10.705529526819657,0.0022459976898971945,-0.007668795646168292,0.03626391989899247,0,0.006908317097097099,-0.004016227978049703,0.03626391989899247,31_P7_0
45445,116,2026-02-15 12:40:25.720000+00:00,124377.68841728217,426815.8997214024,10.010188991954006,0.0010573906038189307,-0.000340161204803735,0.005129236676882698,0,-0.00038080167402919997,0.001043443634967721,0.005129236676882698,25_KW_0
45446,125,2026-02-15 12:40:26.840000+00:00,124339.65807143919,426609.58962190326,6.675500439230547,0.0002058755635516718,-0.0016119431820698082,0.0019845011014325564,0,-0.0015650116014569717,0.00043758914199753824,0.0019845011014325564,17_P5_1
45447,97,2026-02-15 12:40:30.190000+00:00,124257.98777420218,426307.3897298767,6.840731124905039,-9.600669727660716e-05,-0.0021228279219940305,0.003668934308938887,0,0.0021003360742084137,-0.0003228065174345846,0.003668934308938887,04_P1_0
45448,161,2026-02-15 12:40:35.540000+00:00,124402.99187758328,426879.63703851675,6.584843893608793,0.0004738366842502728,-0.010468370222952217,0.04321957278507149,0,0.008954080687684465,-0.005443871358378159,0.04321957278507149,34a_P7_0
45449,115,2026-02-15 12:40:42.220000+00:00,124396.29044047475,426811.63360918965,7.651795350439125,0.00034971494460478425,-0.0003051467938348651,0.0055230576660783015,0,-8.192676510870403e-05,0.0004568403587977404,0.0055230576660783015,24_KW_0
45450,146,2026-02-15 12:40:43.020000+00:00,124350.92529006254,426607.51117400633,11.378713635546308,-0.0009765123977558687,-0.000691390479914844,-0.0006078776777744821,0,-0.0008820309132056595,-0.0008084668990363085,-0.0006078776777744821,13_P5_1
45451,114,2026-02-15 12:40:57.430000+00:00,124396.29961336331,426811.62913110736,9.995661523807694,0.0005927182937739417,-0.0004076484474353492,0.004977446157511167,0,-4.4695797155094563e-05,0.0007179794691963092,0.004977446157511167,23_KW_0
45452,148,2026-02-15 12:40:57.920000+00:00,124351.03994162467,426607.39772305463,8.015289705487964,-0.0011767899995902553,-0.0007328400970436633,-0.00016670972441801268,0,-0.0009656385071147549,-0.000994701756582236,-0.00016670972441801268,14_P5_1
45453,150,2026-02-15 12:41:13.150000+00:00,124401.10338187458,426812.32136819354,9.186420505822042,0.0002012446493608877,-6.33954769000411e-05,0.00440648257823284,0,6.980167751610822e-05,0.00019911333758366746,0.00440648257823284,27_KW_1
45454,168,2026-02-15 12:41:14.960000+00:00,124669.37059845692,426931.31258029223,13.794331213717038,-0.006133514427347109,0.004839719855226576,-0.007008806218189889,0,0.0003301221275514691,-0.007806017351277818,-0.007008806218189889,908_GSL_1
45455,153,2026-02-15 12:41:17.370000+00:00,124370.27663085658,426819.49757235515,9.738181427405246,0.002792051702272147,-0.001550742075778544,0.01210095029225755,0,0.0007622102756823074,-0.003101514015669612,0.01210095029225755,29_KW_1
45456,119,2026-02-15 12:41:28.620000+00:00,124400.8145075115,426811.3428744747,3.988772996937724,0.0003561244229786098,-0.0002544065937399864,0.005238867851541151,0,1.3958101587169555e-05,0.00043743855680576735,0.005238867851541151,28_KW_1
45457,169,2026-02-15 12:41:45.420000+00:00,124669.37615433914,426931.3093302988,13.811382404723847,-0.0029231091757537797,0.007170745870098472,-0.0003728081490450563,0,0.0006633952045422511,-0.007715184404115081,-0.0003728081490450563,908_GSL_1
45458,72,2026-02-15 12:42:27.020000+00:00,124390.52433776578,426780.88749970426,10.991563785654863,0.0003780629194807261,0.0005687725497409701,0.004478464088105483,0,0.00028317303612458434,-0.0006214875831721171,0.004478464088105483,18_P6_1
45459,138,2026-02-15 12:45:20.230000+00:00,123928.08652233209,426940.4300834834,7.11841918731201,-9.65465878834948e-05,-0.0016376686398871243,0.00048312371408254506,0,-0.001235840925865062,-0.001078877668532756,0.00048312371408254506,905_GSL_1
45460,130,2026-02-15 12:45:21.420000+00:00,124898.94379239886,426720.7736017152,4.1248589247468175,0.005419401597464457,0.0039250164409168065,0.03479619227662312,0,0.003485390857583757,-0.005712067778479096,0.03479619227662312,901_GSL_1
45461,133,2026-02-15 12:45:22.140000+00:00,124806.21886433737,426258.50748322956,4.59481131215116,-0.003031756161362864,-0.004000583779998124,0.006654207966594328,0,0.0018335423295058999,0.004672722817443363,0.006654207966594328,903_GSL_1
45462,134,2026-02-15 12:45:22.400000+00:00,123855.61408778794,426533.0737927493,6.053525147742927,-0.0003743534762179479,-0.0005053126369602978,0.007682228845146355,0,0.0002660715622856375,-0.0005698133992555032,0.007682228845146355,904_GSL_1
45463,139,2026-02-15 12:45:22.920000+00:00,123928.08778244292,426940.43234649306,7.134919930617016,0.0009125192300416529,0.0012424804735928774,-0.0016819001222394547,0,-0.00045118175230270233,0.0014740705881484966,-0.0016819001222394547,905_GSL_1
45464,125,2026-02-15 12:45:36.790000+00:00,124339.6586944492,426609.5896321162,6.675734049165582,0.000828885575174354,-0.001601730240508914,0.0022181110364680734,0,-0.00146450822467332,0.001052523975953547,0.0022181110364680734,17_P5_1
45465,137,2026-02-15 12:45:38.690000+00:00,123928.08537677741,426940.4294641124,7.133237549474433,-0.004022484470624477,-0.0043644586694426835,0.010373858508903488,0,-0.0011817579445382019,-0.0058165564515621545,0.010373858508903488,905_GSL_1
45466,132,2026-02-15 12:45:38.720000+00:00,124806.22259861394,426258.5004453206,4.623911262375807,0.008464326165267266,-0.00469642982352525,0.04127908816548587,0,0.00830041645078078,-0.0049803972997074526,0.04127908816548587,903_GSL_1
45467,143,2026-02-15 12:45:39+00:00,124266.91991107778,427056.31426246325,7.108790072187535,0.0003436496917856857,3.558723255991936e-05,0.0032483339647573217,0,-9.731931193968068e-05,0.00033149738054660057,0.0032483339647573217,906_GSL_1
45468,153,2026-02-15 12:45:40.500000+00:00,124370.27650559695,426819.4977087441,9.738057511224202,0.0026667920756153762,-0.0014143531443551183,0.011977034111213314,0,0.0006635473703255193,-0.002944805541771182,0.011977034111213314,29_KW_1
45469,146,2026-02-15 12:45:53.160000+00:00,124350.92673823256,426607.5108199454,11.378328316833532,0.00047165762225631624,-0.0010454513831064105,-0.0009931963905511765,0,-0.0009222576059597093,0.0006818140621320846,-0.0009931963905511765,13_P5_1
45470,141,2026-02-15 12:45:54.200000+00:00,124266.91709792295,427056.31325822504,7.094661584827986,-0.00153082849283237,-0.0012600779882632196,0.010526884564888483,0,-0.001212520742847714,-0.001568765711996835,0.010526884564888483,906_GSL_1
45471,152,2026-02-15 12:45:54.430000+00:00,124370.27660078218,426819.4985681145,9.73361221152651,0.0008291203121189028,-0.0006019234424456954,0.0046912602986299845,0,-0.0007766159718914853,0.0006682963075888322,0.0046912602986299845,29_KW_1
45472,135,2026-02-15 12:45:55.310000+00:00,123855.61610841968,426533.0636142387,6.059297671929003,0.0024581414472777396,-0.013020682614296675,0.03809922481064554,0,0.00527635022835551,-0.012154865831625011,0.03809922481064554,904_GSL_1
45473,5,2026-02-15 12:45:55.510000+00:00,124424.61697200187,426919.13830800896,8.781625902431742,-0.00023077565128915012,-0.00803976011229679,0.013800080425427907,11,-0.00804113037961089,-0.00017669828127414393,0.013800080425427907,TS4
45474,136,2026-02-15 12:45:57.430000+00:00,123855.61397013323,426533.077461896,6.034393052933568,-0.0017999785632127896,0.003353369887918234,0.01210051049682992,0,-0.0005020040896264544,0.003772665414162862,0.01210051049682992,904_GSL_1
45475,148,2026-02-15 12:46:08.390000+00:00,124351.04011691491,426607.39747335523,8.016496089305956,-0.0010014997533289716,-0.0009825394954532385,0.0010396740935743054,0,-0.0011725058909534923,-0.0007704645038694857,0.0010396740935743054,14_P5_1
45476,122,2026-02-15 12:46:10.100000+00:00,124329.15025568762,426611.38994411484,8.087937004085468,0.0007047845720080659,-0.002094794006552547,0.004273165643070342,0,-0.001847519377581788,0.0012130768204400202,0.004273165643070342,16_P5_1
45477,150,2026-02-15 12:46:10.720000+00:00,124401.10324087867,426812.32121598796,9.18658065326443,6.02487416472286e-05,-0.00021560105960816145,0.004566630020621076,0,-0.00013653552464753561,0.00017740286999780663,0.004566630020621076,27_KW_1
45478,140,2026-02-15 12:46:13.890000+00:00,123928.08841918802,426940.4330390599,7.145305209859643,0.0008954555523814633,-0.0013996170018799603,0.009731503657299356,0,-0.00094060378294952,-0.0013696835115249407,0.009731503657299356,905_GSL_1
45479,120,2026-02-15 12:46:25.500000+00:00,124329.26159458316,426611.32882368827,11.361287498088512,0.0013427480007521808,-0.0023514018394052982,0.003256331441638949,0,-0.0019325616201923625,0.0018966466165424884,0.003256331441638949,15_P5_1
45480,128,2026-02-15 12:46:26.610000+00:00,124898.93888370636,426720.77311522426,4.079348400349311,-0.0014176931435940787,0.003851189452689141,-0.002043530654368908,0,0.00038639165943029496,-0.004085610790985902,-0.002043530654368908,901_GSL_1
45481,129,2026-02-15 12:46:28+00:00,124898.94030797666,426720.7722421402,4.086290051245614,0.0006362778804032132,-0.00026052992325276136,-0.005394693999999589,0,0.0006626378588706799,0.0001834024263519335,-0.005394693999999589,901_GSL_1
45482,145,2026-02-15 12:46:30.280000+00:00,124266.92035570533,427056.3145665458,7.1202022566986205,0.0020319524919614196,-0.0001800617901608348,0.012235320406974282,0,-0.0015685022721537115,0.0013042445323300348,0.012235320406974282,906_GSL_1
45483,6,2026-02-15 12:46:30.480000+00:00,124399.0400676805,426925.07431129704,8.55619257838413,0.0008969361224444583,-0.0011379178613424301,0.008885882562571723,11,-0.0014263439671710382,0.00025474370300875867,0.008885882562571723,TS5
45484,124,2026-02-15 12:46:41.900000+00:00,124339.65798076562,426609.5886829205,6.679034103173492,0.00021504239703062922,-0.001558983523864299,0.004603907340298363,0,-0.0014135857348028774,0.0006916995233212434,0.004603907340298363,17_P5_1
45485,154,2026-02-15 12:46:42.100000+00:00,124285.6636271908,426445.56110290845,7.8951399968767895,-0.0009978091984521598,-0.002722091565374285,-0.006460003123209823,11,-0.002698024836366018,-0.0010611633564864963,-0.006460003123209823,TS1-1
45486,131,2026-02-15 12:46:43.660000+00:00,124806.21890690508,426258.50457321946,4.61249014329894,0.00036240892950445414,-0.00171084504108876,0.0009856705263775467,0,0.000934890491250427,0.0014779413913183772,0.0009856705263775467,903_GSL_1
45487,3,2026-02-15 12:46:43.860000+00:00,124314.90303971179,426440.7915108206,7.048679473658395,-0.0041996401414508,-0.004566462943330407,-0.029749621832689144,11,-0.006148952256653708,0.0008245891558151704,-0.029749621832689144,TS2
45488,149,2026-02-15 12:46:44.840000+00:00,124351.04156314179,426607.39659211,8.016337044856915,0.0002514497173251584,-0.0001403554924763739,0.004111200889116873,0,9.905494092082977e-05,-0.0002703973803319079,0.004111200889116873,14_P5_1
45489,147,2026-02-15 12:46:59.800000+00:00,124350.92729003992,426607.51015850244,11.376144593164184,0.0007826943328836933,0.00016576232155784965,0.0019249514917412114,0,-0.000287369175844556,-0.0007466635940977157,0.0019249514917412114,13_P5_1
45490,126,2026-02-15 12:47:15.430000+00:00,124339.65848247326,426609.5882319693,6.671156064702408,0.0016618691151961684,-0.0002581917797215283,0.0004988755669499412,0,-0.00011617599581501386,-0.0016777887498594856,0.0004988755669499412,17_P5_1
45491,121,2026-02-15 12:47:30.300000+00:00,124329.26095794291,426611.3272062206,11.356523365468071,0.0014151732029858977,-0.0005102719878777862,0.0022238433939492097,0,9.590819725176912e-05,-0.0015012975433810675,0.0022238433939492097,15_P5_1
45492,123,2026-02-15 12:47:45.400000+00:00,124329.15198902045,426611.38980619755,8.081278207361342,0.002232408325653523,-0.0004718221025541425,0.0031625623072759623,0,-0.0001702128263377365,-0.002275366041465834,0.0031625623072759623,16_P5_1
45493,4,2026-02-15 12:47:45.600000+00:00,124378.97052852808,426782.74083833204,7.7610264198676235,-0.0012894451210740954,-0.0003445753827691078,0.0059507148953574784,11,-0.0013295078507799462,-0.00011751506025507615,0.0059507148953574784,TS3
45494,68,2026-02-15 12:51:20.920000+00:00,123928.07803189759,426940.42364859575,7.117095547416213,-0.030918464268324897,-0.0240864094812423,-0.0017177336240132846,0,-0.00011998151672912104,-0.03919301160724199,-0.0017177336240132846,905_GSL_1
45495,68,2026-02-15 12:51:21.420000+00:00,123928.0878255973,426940.43186428986,7.13497628620601,-0.02112476456386503,-0.015870715375058353,0.01616300516578395,0,0.014699996870584027,-0.02195553179496368,0.01616300516578395,905_GSL_1
45496,66,2026-02-15 12:51:21.750000+00:00,124898.94331506897,426720.7751746842,4.1303371173126795,0.005709405289962888,0.0009695293847471476,0.04805058690891517,0,0.0048932662575100275,-0.0030972958086140554,0.04805058690891517,901_GSL_1
45497,71,2026-02-15 12:51:22.660000+00:00,124806.22060118953,426258.50785943214,4.584788711072483,-0.0071607459540246055,-0.007246699940878898,-0.006714952076784186,0,0.00245114902570706,0.009888519156324133,-0.006714952076784186,903_GSL_1
45498,67,2026-02-15 12:51:23.280000+00:00,123855.61408029991,426533.07745899603,6.053240127513494,-0.003914174230885692,-0.013643708662129939,0.008831979175917937,0,0.0011143334003906643,-0.014150258196922871,0.008831979175917937,904_GSL_1
45499,71,2026-02-15 12:51:37.720000+00:00,124806.2310000403,426258.5076769529,4.628086717255389,0.00323810480767861,-0.00742917915340513,0.036583054106121615,0,0.00805270360670915,0.0009121350017372131,0.036583054106121615,903_GSL_1
45500,69,2026-02-15 12:51:37.810000+00:00,124266.92018344672,427056.31426760677,7.109484366136678,-0.0224137499317294,-0.0005707772797904909,0.018982995209245068,0,0.007965618667688358,-0.020958313194200516,0.018982995209245068,906_GSL_1
45501,67,2026-02-15 12:51:39.110000+00:00,123855.61379456847,426533.07487244543,6.028129965115903,-0.004199905670247972,-0.016230259265284985,-0.01627818322167318,0,0.012901111755503463,-0.01070615892509356,-0.01627818322167318,904_GSL_1
45502,68,2026-02-15 12:51:39.420000+00:00,123928.08976313648,426940.43309320445,7.134725757037744,-0.019187225378118455,-0.014641800778917968,0.015912475997517994,0,-0.0006314898378367207,-0.02412743600851414,0.015912475997517994,905_GSL_1
45503,67,2026-02-15 12:51:54.720000+00:00,123855.62122724875,426533.05721045984,6.0620663221199695,0.003232774601201527,-0.03389224485727027,0.01765817378239376,0,0.016353371948689965,-0.02986138508165917,0.01765817378239376,904_GSL_1
45504,66,2026-02-15 12:51:54.810000+00:00,124898.94012522389,426720.7722770065,4.088345191664229,0.0025195602065650746,-0.0019281483255326748,0.006058661260464504,0,0.0027300273825845768,0.001616443655095687,0.006058661260464504,901_GSL_1
45505,69,2026-02-15 12:51:55.500000+00:00,124266.9222817404,427056.3132939375,7.091045163652082,-0.020315456262324005,-0.001544446568004787,0.000543792724649883,0,-0.0009212976257766526,-0.020353237802191566,0.000543792724649883,906_GSL_1
45506,68,2026-02-15 12:51:55.700000+00:00,123928.08757911387,426940.43129163934,7.136538034146617,-0.021371247989009134,-0.01644336589379236,0.017724753106390878,0,0.020823318166814882,-0.017131956778151707,0.017724753106390878,905_GSL_1
45507,66,2026-02-15 12:51:59.440000+00:00,124898.93923220351,426720.77220006374,4.080612796197947,0.001626539829885587,-0.0020050910534337163,-0.00167373420581729,0,0.000599940153413452,0.002511193692865289,-0.00167373420581729,901_GSL_1
45508,66,2026-02-15 12:52:11.900000+00:00,124898.94161834441,426720.76231826143,4.083797936755984,0.004012680728919804,-0.011886893364135176,0.0015114063522192467,0,-0.0012058333245152885,0.01248782633111358,0.0015114063522192467,901_GSL_1
45509,69,2026-02-15 12:52:12.790000+00:00,124266.91939657941,427056.31313932006,7.111356975693549,-0.023200617244583555,-0.0016990639851428568,0.020855604766116365,0,0.01526094310780655,-0.017557308290725236,0.020855604766116365,906_GSL_1
45510,71,2026-02-15 12:52:16.330000+00:00,124806.21833608336,426258.5037873389,4.610597252949104,-0.00942585212760605,-0.011318793171085417,0.01909358979983633,0,-0.004900304417834574,0.013890600555550373,0.01909358979983633,903_GSL_1
45511,149,2026-02-15 12:52:30.520000+00:00,124351.04121772556,426607.3966970914,8.015882349767066,-9.39665042096749e-05,-3.537407610565424e-05,0.0036565057992685723,0,4.9714697163141966e-05,8.723232233348227e-05,0.0036565057992685723,14_P5_1
45512,147,2026-02-15 12:52:45.700000+00:00,124350.92716015433,426607.5101798798,11.376173207004776,0.0006528087396873161,0.00018713966710492969,0.0019535653323323743,0,-0.00028795197661641024,-0.0006150318404594907,0.0019535653323323743,13_P5_1
45513,164,2026-02-15 12:52:49.800000+00:00,124091.06230045467,427154.20726920676,9.842152509886947,-0.03302799670200329,0.01253826532047242,0.02751897825755023,0,0.020835599435251886,-0.028529536616773727,0.02751897825755023,907_GSL_1
45514,110,2026-02-15 12:52:56.210000+00:00,124434.13904158378,426963.9269067289,8.790236132334922,-0.0010442586935823783,-0.005179844563826919,0.039175772077133075,0,-0.005283763863054149,5.5725793065224676e-05,0.039175772077133075,35_P9_0
45515,126,2026-02-15 12:53:00.720000+00:00,124339.65777606513,426609.5883851615,6.672301628287128,0.0009554609860060737,-0.00010499957716092467,0.0016444391516703405,0,-0.00010915801763816147,-0.0009549948346294749,0.0016444391516703405,17_P5_1
45516,122,2026-02-15 12:53:05.630000+00:00,124329.14952544445,426611.38980373327,8.088681419973486,-2.5458604795858264e-05,-0.0022351755760610104,0.005017581531088666,0,-0.0021685317547295246,0.0005423357125503644,0.005017581531088666,16_P5_1
45517,111,2026-02-15 12:53:11.120000+00:00,124434.26111469344,426963.97009743145,6.50686951548248,-0.0005760658823419362,-0.007966347911860794,0.045577005867711406,0,-0.007909360952720889,0.0011120073170538668,0.045577005867711406,36_P9_0
45518,107,2026-02-15 12:53:12.490000+00:00,124409.92178335629,426969.52275458525,6.289107853169478,0.0009658489871071652,-0.001656467851717025,2.7529739444531742e-05,0,-0.0013792934402690762,0.0013320283838186967,2.7529739444531742e-05,38_P9_0
45519,121,2026-02-15 12:53:15.840000+00:00,124329.26096647096,426611.3273898599,11.355467026618411,0.0014237012510420755,-0.00032663269666954875,0.0011675045442895993,0,-8.283926844698998e-05,-0.0014583387214071907,0.0011675045442895993,15_P5_1
45520,120,2026-02-15 12:53:21.220000+00:00,124329.26036880005,426611.3288212779,11.361012228980627,0.00011696488945744932,-0.002353812218643725,0.0029810623337542808,0,-0.0022466538541225617,0.0007117999759472654,0.0029810623337542808,15_P5_1
45521,106,2026-02-15 12:53:26.890000+00:00,124410.03325120325,426969.44809445733,8.923966310544436,0.0010473850270500407,-0.0014668835792690516,7.908620590590942e-05,0,-0.0011719895481550723,0.001369380637015533,7.908620590590942e-05,37_P9_0
45522,123,2026-02-15 12:53:30.810000+00:00,124329.15186710782,426611.3899472384,8.082050383502862,0.002110495697706938,-0.0003307812730781734,0.003934738448796438,0,-0.00027160800566875995,-0.002118923649383184,0.003934738448796438,16_P5_1
45523,124,2026-02-15 12:53:36.700000+00:00,124339.65732531618,426609.5884329208,6.6777477138778565,-0.0004404070496093482,-0.0018089832155965269,0.0033175180446631813,0,-0.0018559861733791114,0.00014728872285794343,0.0033175180446631813,17_P5_1
45524,102,2026-02-15 12:53:37.570000+00:00,124282.39408239683,426301.79251404566,6.9029753931595925,0.0007934510067570955,-0.0010438189492560923,-0.0003225906071433471,0,0.0008356912565932797,-0.001010318079915175,-0.0003225906071433471,02_P1_0
45525,160,2026-02-15 12:53:42.380000+00:00,124421.8117957143,426965.6156104664,5.595286874852869,0.0005895536596653983,-0.0030275722383521497,0.003105644965530452,0,-0.0023510164856134427,0.0019966193078399612,0.003105644965530452,38a_P9_0
45526,118,2026-02-15 12:53:46.820000+00:00,124372.2617146397,426775.11204418767,6.170575426752119,0.0016872777050593868,-0.0006203111261129379,0.005043357761757683,0,-0.0006487365468569459,-0.0016765538583481587,0.005043357761757683,22_P6_1
45527,170,2026-02-15 12:53:53.010000+00:00,124669.37378799364,426931.30795987806,13.800832845123768,-0.01425882283365354,0.00946290633874014,0.01464271445238019,0,-0.0014134787861470267,-0.017054697379267687,0.01464271445238019,908_GSL_1
45528,103,2026-02-15 12:53:53.140000+00:00,124282.31271187217,426301.7964701116,9.296790282259781,0.0009934650151990354,-0.0009740416426211596,-0.001161203531331978,0,0.0007215276964921868,-0.0011895913757165632,-0.001161203531331978,01_P1_0
45529,162,2026-02-15 12:53:59.290000+00:00,124402.99592624001,426879.64484053303,6.547525570515037,0.0004981116944691166,-0.0028930548578500748,0.0028525272244701583,0,0.0029253649397428514,-0.0002451971452120017,0.0028525272244701583,34a_P7_0
45530,74,2026-02-15 12:54:03.320000+00:00,124369.34686776402,426785.7246332634,7.234430562979133,0.0005545547173824161,-0.0018330332823097706,0.004376728222061033,0,-0.00107275955777887,-0.0015864201460585735,0.004376728222061033,21_P6_1
45531,100,2026-02-15 12:54:08.500000+00:00,124292.48487462704,426345.92898941104,7.586697144923413,0.0011513537319842726,-0.0012455686810426414,-0.0018024240456853136,0,0.0009473676290144288,-0.001406965291271962,-0.0018024240456853136,06_P2_0
45532,92,2026-02-15 12:54:10.980000+00:00,124278.31382178859,426395.6365223376,11.103753125648392,-0.00015401399286929518,-0.0017682875622995198,0.00196414242117271,0,0.001771862962087127,-0.00010518011488182415,0.00196414242117271,11_P3_0
45533,104,2026-02-15 12:54:14.810000+00:00,124389.81673071953,426881.4435622583,10.725497382843542,-0.0003654907486634329,-0.0007773098186589777,-0.0004144852166643176,0,0.0008360904359146269,0.00019684213094329844,-0.0004144852166643176,33_P7_0
45534,73,2026-02-15 12:54:19.430000+00:00,124369.4900540766,426785.6946088811,11.410574014717895,0.0007145121635403484,-0.001857773109804839,0.00451939865481954,0,-0.0012350230883091207,-0.0015609505215427085,0.00451939865481954,20_P6_1
45535,101,2026-02-15 12:54:23.920000+00:00,124292.40597634036,426345.882319634,10.21500919676489,0.000657469528960064,-0.0010738918790593743,-0.0006093008353929008,0,0.0008932895544485453,-0.0008874366013038688,-0.0006093008353929008,05_P2_0
45536,93,2026-02-15 12:54:26.120000+00:00,124278.26777709788,426395.7893783697,7.950853821365619,-0.0003464818000793457,-0.0019717328250408173,0.002128301086100848,0,0.0020012446726089734,5.2912488921516985e-05,0.002128301086100848,12_P3_0
45537,105,2026-02-15 12:54:29.690000+00:00,124389.68764679559,426881.4712503544,7.062312401436834,-0.0010386417707195505,-0.0007028597174212337,1.6504714044351942e-05,0,0.0009050186255186629,0.0008681761328907921,1.6504714044351942e-05,34_P7_0
45538,165,2026-02-15 12:54:35.500000+00:00,124091.06072210927,427154.20443860773,9.856399297866497,-0.02305851789424196,0.00828681408893317,0.005663804140477069,0,0.020675218297146688,-0.013149216082677656,0.005663804140477069,907_GSL_1
45539,98,2026-02-15 12:54:39.120000+00:00,124302.66156557787,426390.07687440305,7.979371211806551,0.0007199443207355216,-0.0010376055142842233,0.00032041667568094567,0,0.0008396998249256123,-0.0009433182030747923,0.00032041667568094567,10_P3_0
45540,94,2026-02-15 12:54:41.960000+00:00,124268.22330265351,426351.55418956326,10.216545591356763,-0.0009198455809382722,-0.0017834572354331613,0.0020516520658020454,0,0.0019213204156509711,0.0005791057449148128,0.0020516520658020454,07_P2_0
45541,152,2026-02-15 12:54:51.220000+00:00,124370.27652263665,426819.49866746494,9.733334217407604,0.0007509747811127454,-0.0005025729769840837,0.004413266179724928,0,-0.0006619450496428888,0.0006151190700305541,0.004413266179724928,29_KW_1
45542,99,2026-02-15 12:54:54+00:00,124302.53877205164,426390.1340655116,11.08785623601727,0.0006917604769114405,-0.0007507803966291249,0.00010103326790300571,0,0.0005653350474942908,-0.000850058848229908,0.00010103326790300571,09_P3_0
45543,95,2026-02-15 12:54:57.110000+00:00,124268.10865372594,426351.54722697235,7.196245849757911,-0.0008941762935137376,-0.001964037655852735,0.0025749915127910583,0,0.002094795210898142,0.0005184864336582783,0.0025749915127910583,08_P2_0
45544,113,2026-02-15 12:55:03.230000+00:00,124414.07955514143,426875.9089562727,7.342430840596894,0.0023205272591440007,-0.0062758654821664095,0.03908089547161708,0,0.005547469995260422,-0.0037412445739838395,0.03908089547161708,32_P7_0
45545,117,2026-02-15 12:55:06.700000+00:00,124377.68108820322,426815.90525641304,7.622066403309558,0.0010710591304814443,-0.0004496254841797054,0.004631363137098887,0,-0.0004909385098414735,0.0010527630866278203,0.004631363137098887,26_KW_0
45546,153,2026-02-15 12:55:11.890000+00:00,124370.27546794426,426819.49645664945,9.728894423726246,0.0016291393840219826,-0.002666447777301073,0.002813946613256846,0,0.0021443957032322163,-0.002272796944208735,0.002813946613256846,29_KW_1
45547,166,2026-02-15 12:55:12.100000+00:00,124091.06305472451,427154.20749770175,9.825388730047848,-0.00922611118585337,0.018469722184818238,-0.004464889014956341,0,0.02038464953383756,-0.003273809490595288,-0.004464889014956341,907_GSL_1
45548,96,2026-02-15 12:55:12.500000+00:00,124258.06066875941,426307.35056262626,9.309190979331126,-0.00030943701858632267,-0.0018469506758265197,0.004645371155234557,0,0.0018717856532581374,-5.8279804946809046e-05,0.004645371155234557,03_P1_0
45549,112,2026-02-15 12:55:17.750000+00:00,124413.95271733991,426875.8616129222,10.707622447813106,0.001982715097256005,-0.005653143220115453,0.03835684089244218,0,0.005014315280111818,-0.0032780832350111757,0.03835684089244218,31_P7_0
45550,116,2026-02-15 12:55:22+00:00,124377.68841777008,426815.89974387863,10.009858229821857,0.0010578785149846226,-0.0003176849568262696,0.0047984745447333665,0,-0.0003583611122901837,0.0010448004582014317,0.0047984745447333665,25_KW_0
45551,125,2026-02-15 12:55:28.300000+00:00,124339.65891485117,426609.5896314714,6.673449530822071,0.0010492875444469973,-0.0016023750649765134,-6.640730704265962e-05,0,-0.0014331633816335966,0.0012706899391018442,-6.640730704265962e-05,17_P5_1
45552,97,2026-02-15 12:55:28.500000+00:00,124257.98633156286,426307.3899540327,6.84133871340047,-0.0015386460145236924,-0.001898671907838434,0.00427652280436952,0,0.002163885597749055,0.0011357753701673127,0.00427652280436952,04_P1_0
45553,161,2026-02-15 12:55:33.640000+00:00,124402.99062816039,426879.63945338567,6.587558514867101,-0.0007755862025078386,-0.008053501311223954,0.045934194043379506,0,0.007436242864965103,-0.0031879004659277036,0.045934194043379506,34a_P7_0
45554,115,2026-02-15 12:55:38.400000+00:00,124396.29033519814,426811.6335565428,7.652021552487781,0.00024443832808174193,-0.0003577936440706253,0.0057492597147348334,0,-0.0001812088193235499,0.000393611168251232,0.0057492597147348334,24_KW_0
45555,146,2026-02-15 12:55:44.410000+00:00,124350.92619501706,426607.5106832578,11.377382962500256,-7.155787898227572e-05,-0.001182139036245644,-0.0019385507238265376,0,-0.0011705867319845651,0.0001797218238331621,-0.0019385507238265376,13_P5_1
45556,114,2026-02-15 12:55:53.520000+00:00,124396.29963326118,426811.62930674857,9.995502989164942,0.0006126161606516689,-0.00023200723808258772,0.0048189115147589945,0,0.000116161973723471,0.0006446955209050003,0.0048189115147589945,23_KW_0
45557,148,2026-02-15 12:55:59.320000+00:00,124351.04033584651,426607.397595532,8.014146928077437,-0.0007825681532267481,-0.0008603627211414278,-0.0013094871349448312,0,-0.0010066983640001795,-0.0005824047821695554,-0.0013094871349448312,14_P5_1
45558,150,2026-02-15 12:56:09.220000+00:00,124401.10334483808,426812.32119667804,9.186663897841965,0.0001642081479076296,-0.00023491098545491695,0.004649874598156245,0,-8.971672211873417e-05,0.0002722102068235576,0.004649874598156245,27_KW_1
45559,168,2026-02-15 12:56:17.800000+00:00,124669.37191164019,426931.3114051996,13.792716009954075,-0.00482033115986269,0.003664627205580473,-0.00862400998115298,0,0.00014685105550699416,-0.006053389118016469,-0.00862400998115298,908_GSL_1
45560,119,2026-02-15 12:56:25.120000+00:00,124400.81450249479,426811.34299548925,3.988702198423438,0.00035110770841129124,-0.0001333920517936349,0.005168069337255332,0,0.0001070891054277888,0.00036000275816473965,0.005168069337255332,28_KW_1
45561,169,2026-02-15 12:56:40.820000+00:00,124669.37561830264,426931.31012682035,13.812159493599104,-0.003459145678789355,0.007967267418280244,0.000404280726211681,0,0.0005489348994969797,-0.008668431773832638,0.000404280726211681,908_GSL_1
45562,72,2026-02-15 12:57:22.580000+00:00,124390.52439416174,426780.88750635035,10.991553800970621,0.0004344588815001771,0.0005754186422564089,0.004468479403863412,0,0.00033780367909027546,-0.0006369849354291421,0.004468479403863412,18_P6_1
45563,138,2026-02-15 13:00:19.870000+00:00,123928.08879411967,426940.43299203704,7.117951654441373,0.002175240995711647,0.0012708849972113967,1.559084344560091e-05,0,-0.00032670289606762055,0.0024980166699328965,1.559084344560091e-05,905_GSL_1
45564,139,2026-02-15 13:00:21.120000+00:00,123928.08735693616,426940.4323281558,7.1332400896754224,0.0004870124685112387,0.001224143197759986,-0.0033617410638333567,0,-5.558423591786715e-05,0.001316289522037185,-0.0033617410638333567,905_GSL_1
45565,130,2026-02-15 13:00:22.210000+00:00,124898.94046246112,426720.76679873915,4.1263698824205415,0.002089463858283125,-0.0028779596323147416,0.03630714995034712,0,0.0030380850159018526,0.0018489322043972421,0.03630714995034712,901_GSL_1
45566,133,2026-02-15 13:00:23.090000+00:00,124806.21941149261,426258.5066456275,4.582040931280405,-0.0024846009182510898,-0.004838185850530863,-0.006116172904160777,0,0.0028335531158975567,0.004642441252901156,-0.006116172904160777,903_GSL_1
45567,134,2026-02-15 13:00:23.600000+00:00,123855.6129786917,426533.0738432425,6.053726684183989,-0.001483449712395668,-0.0004548194701783359,0.007883765286208266,0,0.0013629616370489355,-0.000741498061759421,0.007883765286208266,904_GSL_1
45568,125,2026-02-15 13:00:36.270000+00:00,124339.65896912788,426609.58974386926,6.673440107490601,0.0011035642528440803,-0.0014899771776981652,-7.583063851335226e-05,0,-0.0013140793890619423,0.0013080831049514,-7.583063851335226e-05,17_P5_1
45569,143,2026-02-15 13:00:37.520000+00:00,124266.91916203027,427056.3141226124,7.107158235663399,-0.00040539781912229955,-0.00010426359949633479,0.0016164974406214228,0,5.717107462238374e-05,-0.00041466825072046526,0.0016164974406214228,906_GSL_1
45570,132,2026-02-15 13:00:39.110000+00:00,124806.1977168724,426258.4875192011,4.621229530440779,-0.016417415376054123,-0.017622549319639802,0.03859735623045779,0,0.0070481509789015505,0.023030617445731774,0.03859735623045779,903_GSL_1
45571,137,2026-02-15 13:00:39.870000+00:00,123928.08391680609,426940.429455901,7.1343706384464864,-0.005482455788296647,-0.004372670082375407,0.011506947480956597,0,-0.00033336140266462,-0.007004743770841432,0.011506947480956597,905_GSL_1
45572,153,2026-02-15 13:00:40.210000+00:00,124370.27550546844,426819.49622698216,9.729108296248295,0.001666663563810289,-0.0028961150674149394,0.0030278191353065864,0,0.0023561208580138906,-0.0023693763780945694,0.0030278191353065864,29_KW_1
45573,146,2026-02-15 13:00:51.500000+00:00,124350.92587899709,426607.5109523712,11.378283754143965,-0.0003875778493238613,-0.0009130256366916001,-0.0010377590801180503,0,-0.000974286488644674,-0.00018600602298593212,-0.0010377590801180503,13_P5_1
45574,152,2026-02-15 13:00:52.620000+00:00,124370.27661775469,426819.49878045684,9.7333620108073,0.0008460928220301867,-0.0003895810805261135,0.0044410595794204255,0,-0.0005738829684674427,0.0007336925925058093,0.0044410595794204255,29_KW_1
45575,141,2026-02-15 13:00:55.610000+00:00,124266.91753927781,427056.31347869016,7.093715130146971,-0.0010894736333284527,-0.0010396128636784852,0.009580429883873087,0,-0.0010057016156545914,-0.001120853230496047,0.009580429883873087,906_GSL_1
45576,136,2026-02-15 13:00:56.320000+00:00,123855.61314416974,426533.0754583104,6.028599102348428,-0.0026259420556016266,0.0013497843174263835,0.006306559911689824,0,0.0013400175299841817,0.002630939452416683,0.006306559911689824,904_GSL_1
45577,135,2026-02-15 13:00:56.810000+00:00,123855.61466284494,426533.06574319396,6.06827124744383,0.001012566703138873,-0.010891727346461266,0.047072800325472564,0,0.0052772956682315235,-0.009581501257528617,0.047072800325472564,904_GSL_1
45578,5,2026-02-15 13:00:57.010000+00:00,124424.61723105727,426919.140785573,8.771910873872931,2.827975549735129e-05,-0.005562196078244597,0.004085051866617562,11,-0.005559094628592417,0.00018786129927552683,0.004085051866617562,TS4
45579,148,2026-02-15 13:01:07.480000+00:00,124351.04089874373,426607.39759015566,8.01501739734051,-0.0002196709392592311,-0.0008657390717417002,-0.0004390178718729487,0,-0.0008926301053934476,-3.116018036687353e-05,-0.0004390178718729487,14_P5_1
45580,150,2026-02-15 13:01:08.640000+00:00,124401.10315724685,426812.32132557314,9.186603806772467,-2.3383079678751528e-05,-0.00010601588292047381,0.004589783528658131,0,-9.889408149239225e-05,4.478946854391705e-05,0.004589783528658131,27_KW_1
45581,122,2026-02-15 13:01:12.100000+00:00,124329.14924298189,426611.3898466092,8.088558964880002,-0.0003079211601288989,-0.0021922996384091675,0.004895126437604702,0,-0.0021987058923169283,0.000258235443955538,0.004895126437604702,16_P5_1
45582,140,2026-02-15 13:01:12.850000+00:00,123928.08717230949,426940.4308363686,7.136767359432119,-0.0003514229756547138,-0.0036023083375766873,0.001193653229774938,0,0.0002337991977497748,-0.003611850135584821,0.001193653229774938,905_GSL_1
45583,128,2026-02-15 13:01:24.480000+00:00,124898.93976881876,426720.7714418825,4.079002892454848,-0.000532580743310973,0.002177847665734589,-0.0023890385488316568,0,0.00046118428634755565,-0.0021940765158301482,-0.0023890385488316568,901_GSL_1
45584,129,2026-02-15 13:01:24.920000+00:00,124898.94068457688,426720.7732941492,4.086820634944237,0.0010128780995728448,0.0007914790767244995,-0.004864110301376456,0,0.0009120975665404143,-0.0009057809904154636,-0.004864110301376456,901_GSL_1
45585,120,2026-02-15 13:01:27.600000+00:00,124329.26041463338,426611.32902744843,11.36144174233193,0.00016279821284115314,-0.002147641673218459,0.0034105756850575375,0,-0.002035606053754281,0.0007036874366988357,0.0034105756850575375,15_P5_1
45586,145,2026-02-15 13:01:29.820000+00:00,124266.91913786909,427056.3132277177,7.111586861015702,0.0008141162543324754,-0.00151888991240412,0.003619924724056034,0,-0.0016480123301024967,-0.0005038523607183696,0.003619924724056034,906_GSL_1
45587,6,2026-02-15 13:01:30.020000+00:00,124399.04016515441,426925.07425718993,8.556088745015327,0.0009944100311258808,-0.0011920249671675265,0.008782049193769126,11,-0.0010585107372280006,0.0011354866144202458,0.008782049193769126,TS5
45588,131,2026-02-15 13:01:41.480000+00:00,124806.21814009226,426258.5027824194,4.610579668078664,-0.00040440389420837164,-0.003501645114738494,-0.000924804693898551,0,0.00083889020493045,0.0034236419560600383,-0.000924804693898551,903_GSL_1
45589,3,2026-02-15 13:01:41.680000+00:00,124314.90363042944,426440.7920467892,7.055760288952125,-0.0036089224886382,-0.004030494368635118,-0.02266880653895953,11,-0.005295540519987135,0.0011074551845435222,-0.02266880653895953,TS2
45590,149,2026-02-15 13:01:41.720000+00:00,124351.04172933222,426607.3965095637,8.015706895593082,0.0004176401562290266,-0.0002229017554782331,0.003481051625284337,0,0.00015443168303109876,-0.00044750346140165893,0.003481051625284337,14_P5_1
45591,124,2026-02-15 13:01:43.210000+00:00,124339.65695282392,426609.58857707196,6.677732661343863,-0.0008128993067657575,-0.0016648320597596467,0.0033024655106697054,0,-0.0018355296016013582,-0.00025159918876847636,0.0033024655106697054,17_P5_1
45592,154,2026-02-15 13:01:43.410000+00:00,124285.66371566024,426445.5613992916,7.895116143088748,-0.0009093397675314918,-0.0024257084005512297,-0.006483856911251529,11,-0.002590482835526835,-1.8940331567373406e-05,-0.006483856911251529,TS1-1
45593,147,2026-02-15 13:01:56.840000+00:00,124350.92760134961,426607.51000630506,11.376308682825568,0.0010940040228888392,1.3564946129918098e-05,0.0020890411531251374,0,-0.0001862807959650504,-0.001078113294099975,0.0020890411531251374,13_P5_1
45594,126,2026-02-15 13:02:12.290000+00:00,124339.6587077757,426609.5879650544,6.672125472617688,0.0018871715583372861,-0.0005251066759228706,0.0014682834822306035,0,9.422920680583082e-05,-0.0019565976510976116,0.0014682834822306035,17_P5_1
45595,121,2026-02-15 13:02:28.210000+00:00,124329.26142498555,426611.327189473,11.354998428966276,0.0018822158453986049,-0.0005270195542834699,0.0006989068921541275,0,-1.8093234082944337e-05,-0.0019545226358748447,0.0006989068921541275,15_P5_1
45596,123,2026-02-15 13:02:43.530000+00:00,124329.15254755288,426611.38963710784,8.08061601577669,0.0027909407508559525,-0.0006409118068404496,0.002500370722623657,0,-0.0001637853544613049,-0.002858897090942565,0.002500370722623657,16_P5_1
45597,4,2026-02-15 13:02:43.730000+00:00,124378.9705760816,426782.7409674225,7.761035644378688,-0.001241891601239331,-0.00021548493532463908,0.00595993940642181,11,-0.0012406474157863375,-0.00022253650550715484,0.00595993940642181,TS3
45598,68,2026-02-15 13:06:20.440000+00:00,123928.08538514184,426940.4303817869,7.117468522979358,-0.023565220020827837,-0.017353218339849263,-0.0013447580608678678,0,0.0007030862606922624,-0.029256784701852178,-0.0013447580608678678,905_GSL_1
45599,66,2026-02-15 13:06:21.030000+00:00,124898.94562858697,426720.7813290953,4.119623562801052,0.008022923284443095,0.007123940507881343,0.03733703239728747,0,0.004653077429293348,-0.009667817583347995,0.03733703239728747,901_GSL_1
45600,68,2026-02-15 13:06:21.620000+00:00,123928.08712459501,426940.43206856545,7.133928063180022,-0.021825766845722683,-0.015666439780034125,0.015114782139796112,0,0.015429149297900837,-0.021994153444230793,0.015114782139796112,905_GSL_1
45601,71,2026-02-15 13:06:22.280000+00:00,124806.22096205268,426258.5076216336,4.582965882882319,-0.006799882801715285,-0.00748449849197641,-0.008537780266948403,0,0.002842203869557281,0.009704535071673145,-0.008537780266948403,903_GSL_1
45602,67,2026-02-15 13:06:22.430000+00:00,123855.61394183445,426533.07744614716,6.054239389588719,-0.004052639691508375,-0.0136565575376153,0.009831241251143652,0,0.001247464181722155,-0.014190464592912616,0.009831241251143652,904_GSL_1
45603,71,2026-02-15 13:06:36.820000+00:00,124806.24061596039,426258.51465895935,4.615573163102226,0.012854024898842908,-0.0004471727297641337,0.024069499952958928,0,0.006816728400261968,-0.010906792996448592,0.024069499952958928,903_GSL_1
45604,67,2026-02-15 13:06:38.790000+00:00,123855.61419149837,426533.07424203237,6.026916488371519,-0.0038029757706681266,-0.016860672330949455,-0.017491659966056616,0,0.012947990333971749,-0.011449648137620104,-0.017491659966056616,904_GSL_1
45605,68,2026-02-15 13:06:39.100000+00:00,123928.08991583332,426940.4340186305,7.131474619207136,-0.01903452853730414,-0.013716374756768346,0.012661338166910063,0,2.921998508274487e-05,-0.02346169983820502,0.012661338166910063,905_GSL_1
45606,69,2026-02-15 13:06:39.420000+00:00,124266.91908333651,427056.31460558024,7.106470287746932,-0.023513860141974874,-0.00023280380992218852,0.015968916819499412,0,0.008695276075822083,-0.021848294907280637,0.015968916819499412,906_GSL_1
45607,67,2026-02-15 13:06:53.600000+00:00,123855.62490567747,426533.0539111377,6.051722796518293,0.006911203323397785,-0.03719156701117754,0.007314648180717143,0,0.015161889469385277,-0.03465681023756222,0.007314648180717143,904_GSL_1
45608,69,2026-02-15 13:06:54.980000+00:00,124266.92214889938,427056.31411534693,7.094779986625591,-0.020448297276743688,-0.0007230371120385826,0.004278615698158461,0,-9.620054100104865e-05,-0.02046085016902718,0.004278615698158461,906_GSL_1
45609,68,2026-02-15 13:06:55.400000+00:00,123928.08754722595,426940.43127266277,7.136136770022691,-0.021403135906439275,-0.016462342464365065,0.017323488982465385,0,0.0208545774886713,-0.0171519545187291,0.017323488982465385,905_GSL_1
45610,66,2026-02-15 13:06:56.910000+00:00,124898.94025143636,426720.7725948885,4.086514706775039,0.0026457726780790836,-0.0016102662775665522,0.0042281763712743725,0,0.0028177368935959598,0.0012858574365791863,0.0042281763712743725,901_GSL_1
45611,66,2026-02-15 13:06:59.260000+00:00,124898.9398098468,426720.770981582,4.073884598803477,0.002204183110734448,-0.0032235727994702756,-0.008401931600287682,0,0.0005940937839040594,0.003859649900581421,-0.008401931600287682,901_GSL_1
45612,66,2026-02-15 13:07:12.300000+00:00,124898.94148451288,426720.7638740883,4.0826213901951025,0.0038788491947343573,-0.010331066499929875,0.00033485979133818233,0,-0.0006909370579292413,0.011013583071981832,0.00033485979133818233,901_GSL_1
45613,69,2026-02-15 13:07:12.490000+00:00,124266.91931827458,427056.3132620587,7.110401258976298,-0.023278922075405717,-0.0015763253322802484,0.019899888048865222,0,0.015403030664961886,-0.017525400448498853,0.019899888048865222,906_GSL_1
45614,71,2026-02-15 13:07:15.840000+00:00,124806.21698560011,426258.5015215043,4.609604703601614,-0.010776335373520851,-0.013584627769887447,0.01810104045234695,0,-0.005378338897322334,0.0164846894552049,0.01810104045234695,903_GSL_1
45615,149,2026-02-15 13:07:32.420000+00:00,124351.04099767687,426607.3968753206,8.014787887648437,-0.00031401519663631916,0.00014285510405898094,0.002562043680638837,0,-9.168233475557693e-05,0.00033257701960300083,0.002562043680638837,14_P5_1
45616,147,2026-02-15 13:07:47.420000+00:00,124350.9274406168,426607.5102671729,11.374952098006393,0.0009332712070317939,0.00027443276485428214,0.0007324563339494716,0,-0.00041846855076747814,-0.0008781757001413292,0.0007324563339494716,13_P5_1
45617,164,2026-02-15 13:07:50.600000+00:00,124091.06239362458,427154.2075922894,9.837823118217392,-0.032934826784185134,0.012861347931902856,0.023189586587994526,0,0.021122489572881646,-0.028354144673631867,0.023189586587994526,907_GSL_1
45618,110,2026-02-15 13:07:53.530000+00:00,124434.14109413153,426963.9290517085,8.780718451387608,0.0010082890512421727,-0.0030348649597726762,0.029658091129819653,0,-0.0027588358369894503,0.0016173672926869669,0.029658091129819653,35_P9_0
45619,126,2026-02-15 13:08:03.220000+00:00,124339.65778780053,426609.5886143943,6.67125626020931,0.0009671963925939053,0.00012423325097188354,0.0005990710738519311,0,-0.0003352981859914335,-0.0009156843828331686,0.0005990710738519311,17_P5_1
45620,122,2026-02-15 13:08:06.750000+00:00,124329.14929778893,426611.3903071615,8.088302660702617,-0.00025311412173323333,-0.0017317473539151251,0.004638822260218944,0,-0.0017393139639055907,0.00019442888513758702,0.004638822260218944,16_P5_1
45621,111,2026-02-15 13:08:09.630000+00:00,124434.2631870881,426963.97219396295,6.497376986507995,0.0014963287831051275,-0.00586981640662998,0.03608447689322691,0,-0.005423900578147052,0.0026972295032250118,0.03608447689322691,36_P9_0
45622,107,2026-02-15 13:08:12.680000+00:00,124409.92207033449,426969.52310071624,6.288617650873201,0.001252827190910466,-0.0013103368692100048,-0.0004626725568321888,0,-0.0009748583655766438,0.0015284665021389643,-0.0004626725568321888,38_P9_0
45623,121,2026-02-15 13:08:18.310000+00:00,124329.26062812003,426611.32770542096,11.354983035777595,0.0010853503190446645,-1.1071620974689722e-05,0.000683513703473082,0,-0.00029166930475783224,-0.001045484056551531,0.000683513703473082,15_P5_1
45624,120,2026-02-15 13:08:21.910000+00:00,124329.25988949387,426611.3293199663,11.36190139499853,-0.0003623412922024727,-0.0018551237881183624,0.003870228351656735,0,-0.0018862749888292857,0.00012141724669361816,0.003870228351656735,15_P5_1
45625,106,2026-02-15 13:08:27.890000+00:00,124410.03360381025,426969.4482730667,8.923225127115543,0.0013999920338392258,-0.0012882741866633296,-0.0006620972229871569,0,-0.0009138405218368899,0.0016686891788122904,-0.0006620972229871569,37_P9_0
45626,123,2026-02-15 13:08:33.420000+00:00,124329.15117742991,426611.3902083584,8.083124445814464,0.0014208177890395746,-6.96612405590713e-05,0.005008800760398557,0,-0.00032978888215347334,-0.0013837684673728824,0.005008800760398557,16_P5_1
45627,102,2026-02-15 13:08:36.340000+00:00,124282.39343797888,426301.7929077841,6.901934096757091,0.00014903306146152318,-0.0006500805029645562,-0.0013638870096448485,0,0.0005990586357551363,-0.0002931625226225879,-0.0013638870096448485,02_P1_0
45628,124,2026-02-15 13:08:37.680000+00:00,124339.65692904382,426609.58891502017,6.678330851511701,-0.0008366794063476846,-0.0013268838520161808,0.003900655678507725,0,-0.0015219608306034835,-0.0003798531503836267,0.003900655678507725,17_P5_1
45629,160,2026-02-15 13:08:43.510000+00:00,124421.81204188919,426965.61583845207,5.595069163779915,0.0008357285551028326,-0.0027995865675620735,0.0028879338925760223,0,-0.0020316924706675985,0.00209960778997432,0.0028879338925760223,38a_P9_0
45630,118,2026-02-15 13:08:49.630000+00:00,124372.2614198889,426775.11241724226,6.169881900468923,0.0013925269158789888,-0.0002472565392963588,0.00434983147856105,0,-0.0007340909609093346,-0.0012088744636162474,0.00434983147856105,22_P6_1
45631,103,2026-02-15 13:08:51.570000+00:00,124282.31208890444,426301.79686791135,9.296808448819156,0.0003704972768900916,-0.0005762418732047081,-0.0011430369719569455,0,0.0004764484228889387,-0.0004922599201073423,-0.0011430369719569455,01_P1_0
45632,170,2026-02-15 13:08:53.400000+00:00,124669.37315274688,426931.3089472273,13.7996173501848,-0.014894069594447501,0.01045025559142232,0.01342721951341197,0,-0.0010325042775838832,-0.01816521637435321,0.01342721951341197,908_GSL_1
45633,162,2026-02-15 13:09:00.690000+00:00,124402.99617545512,426879.6449918501,6.547044527575357,0.0007473268051398918,-0.0027417378150857985,0.0023714842847901707,0,0.002796240349723209,-0.0005066196866801288,0.0023714842847901707,34a_P7_0
45634,74,2026-02-15 13:09:06.120000+00:00,124369.34675621067,426785.72504812997,7.233757770108502,0.0004430013650562614,-0.001418166735675186,0.0037039353514298767,0,-0.0008432522264412594,-0.0012232631696487812,0.0037039353514298767,21_P6_1
45635,100,2026-02-15 13:09:06.770000+00:00,124292.48438292553,426345.9292758219,7.585965274576627,0.0006596522143809125,-0.0009591578273102641,-0.0025342943924711037,0,0.0007817300029520014,-0.0008625676692949092,-0.0025342943924711037,06_P2_0
45636,92,2026-02-15 13:09:11+00:00,124278.31414140265,426395.6367552463,11.103827484578556,0.00016560006770305336,-0.0015353788621723652,0.0020385013513362082,0,0.001494885726791868,-0.0003874639294991358,0.0020385013513362082,11_P3_0
45637,104,2026-02-15 13:09:16.410000+00:00,124389.81692942411,426881.44379026076,10.725232796336464,-0.00016678616520948708,-0.0005493073840625584,-0.0006790717237432631,0,0.0005719247731204186,4.958105466904674e-05,-0.0006790717237432631,33_P7_0
45638,73,2026-02-15 13:09:21.930000+00:00,124369.48985451792,426785.69500914053,11.40996712211131,0.0005149534845259041,-0.001457513659261167,0.003912506048234121,0,-0.0009253424861834419,-0.0012382505568026589,0.003912506048234121,20_P6_1
45639,101,2026-02-15 13:09:22.120000+00:00,124292.40565269407,426345.8824782691,10.214862015014807,0.00033382323454134166,-0.0009152567945420742,-0.0007564825854764479,0,0.0008135842283135814,-0.0005359231804227826,-0.0007564825854764479,05_P2_0
45640,93,2026-02-15 13:09:26.100000+00:00,124278.2681485221,426395.7896481833,7.95122726674338,2.4942419258877635e-05,-0.0017019192455336452,0.0025017464638619202,0,0.0016797690706315367,-0.00027482196408941026,0.0025017464638619202,12_P3_0
45641,105,2026-02-15 13:09:31.850000+00:00,124389.68784791057,426881.4713662053,7.061829844722445,-0.0008375267934752628,-0.0005870088352821767,-0.00046605200034477434,0,0.0007495765227155126,0.0006958200479161359,-0.00046605200034477434,34_P7_0
45642,98,2026-02-15 13:09:37.320000+00:00,124302.66127005155,426390.0772489275,7.978749655739474,0.00042441800178494304,-0.0006630810676142573,-0.0003011393913965321,0,0.0005449833769615765,-0.0005681551384112824,-0.0003011393913965321,10_P3_0
45643,165,2026-02-15 13:09:38.420000+00:00,124091.06086870065,427154.20557090704,9.855656126921104,-0.02291192651318852,0.009419113397598267,0.004920633195084179,0,0.021480397433518733,-0.01233971635981346,0.004920633195084179,907_GSL_1
45644,94,2026-02-15 13:09:41.640000+00:00,124268.22362095378,426351.5544340844,10.216839462574086,-0.0006015453109284863,-0.00153893610695377,0.002345523283125317,0,0.0016228425334995282,0.0003107462209760676,0.002345523283125317,07_P2_0
45645,99,2026-02-15 13:09:52.340000+00:00,124302.53835972727,426390.13441643765,11.08727265237268,0.00027943610621150583,-0.0003998543252237141,-0.0004825503766863193,0,0.0003221930754665349,-0.00036627809240545015,-0.0004825503766863193,09_P3_0
45646,152,2026-02-15 13:09:55.420000+00:00,124370.27633862518,426819.4990372487,9.732760064850295,0.0005669633101206273,-0.0001327891950495541,0.003839113622415624,0,-0.0002597324222154345,0.0005211712138970746,0.003839113622415624,29_KW_1
45647,95,2026-02-15 13:09:56.700000+00:00,124268.10884780147,426351.5473861132,7.196050033033699,-0.0007001007616054267,-0.0018048968049697578,0.0023791747885786307,0,0.0019027357359820518,0.0003569177384319508,0.0023791747885786307,08_P2_0
45648,113,2026-02-15 13:10:03.220000+00:00,124414.07776535742,426875.9119238348,7.333111779427085,0.0005307432438712567,-0.0033083033631555736,0.029761834301808676,0,0.0030884011707325012,-0.0012993605127906492,0.029761834301808676,32_P7_0
45649,117,2026-02-15 13:10:11.130000+00:00,124377.68083628756,426815.9057231713,7.6216007480019785,0.0008191434753825888,1.7132784705609083e-05,0.004165707829518972,0,-1.4731899313910906e-05,0.0008191901712766331,0.004165707829518972,26_KW_0
45650,166,2026-02-15 13:10:11.320000+00:00,124091.05937571045,427154.2072691311,9.822988708197549,-0.012905125244287774,0.01824115152703598,-0.006864910865255425,0,0.021267924735206115,-0.006852535593533866,-0.006864910865255425,907_GSL_1
45651,96,2026-02-15 13:10:13.200000+00:00,124258.06055770523,426307.35084545164,9.30877285607083,-0.0004204911965643987,-0.0015641252975910902,0.004227247894938557,0,0.001616187398275445,0.00010601455847299576,0.004227247894938557,03_P1_0
45652,112,2026-02-15 13:10:18.460000+00:00,124413.95176999203,426875.8643889097,10.697851483170814,0.001035367211443372,-0.0028771557263098657,0.02858587625014941,0,0.0025457515933776883,-0.0016938592505827146,0.02858587625014941,31_P7_0
45653,116,2026-02-15 13:10:26.320000+00:00,124377.6881206806,426815.9001001828,10.00930555231703,0.0007607890293002129,3.861921140924096e-05,0.004245797039907018,0,9.170726456989916e-06,0.000761713389910984,0.004245797039907018,25_KW_0
45654,125,2026-02-15 13:10:27.090000+00:00,124339.65763919814,426609.5901201223,6.672956521912685,-0.00022636548965238035,-0.001113724138122052,-0.0005594162164292982,0,-0.0011347835111723938,-6.236323847045774e-05,-0.0005594162164292982,17_P5_1
45655,97,2026-02-15 13:10:28.500000+00:00,124257.98657057623,426307.39006931166,6.841262658170354,-0.0012996326404390857,-0.0017833929741755128,0.004200467574253963,0,0.0020039093634745446,0.0009240577706032751,0.004200467574253963,04_P1_0
45656,161,2026-02-15 13:10:35.420000+00:00,124402.98961795965,426879.6426538071,6.577403346408829,-0.0017857869388535619,-0.004853079852182418,0.03577902558510715,0,0.00511437931888482,-0.000764554265701355,0.03577902558510715,34a_P7_0
45657,115,2026-02-15 13:10:42.040000+00:00,124396.29013241507,426811.6340330672,7.6515150081912395,4.165526479482651e-05,0.00011873076437041163,0.0052427154181931,0,0.00012325262346829518,-2.5316917294409565e-05,0.0052427154181931,24_KW_0
45658,146,2026-02-15 13:10:42.230000+00:00,124350.92476488942,426607.51165430906,11.377478732810726,-0.001501685517723672,-0.00021108775399625301,-0.001842780413356948,0,-0.000523483858315547,-0.0014232294558894094,-0.001842780413356948,13_P5_1
45659,114,2026-02-15 13:10:57.220000+00:00,124396.29928537575,426811.6296913823,9.994878022344125,0.0002647307264851406,0.00015262648230418563,0.004193944693941631,0,0.0002670618437940068,0.00014850983884997563,0.004193944693941631,23_KW_0
45660,148,2026-02-15 13:10:57.830000+00:00,124351.040032782,426607.3978772958,8.013960337993579,-0.0010856326698558405,-0.000578598934225738,-0.0014960772188032934,0,-0.0007955840770146965,-0.0009383075172597488,-0.0014960772188032934,14_P5_1
45661,153,2026-02-15 13:11:11.360000+00:00,124370.27538107519,426819.49674136715,9.728690189974643,0.0015422703145304695,-0.0023817300680093467,0.00260971286165379,0,0.001892524190963028,-0.0021141400205666266,0.00260971286165379,29_KW_1
45662,150,2026-02-15 13:11:12.840000+00:00,124401.10302025975,426812.3218546961,9.185565217380983,-0.00016037018212955445,0.00042310706339776516,0.003551194137173752,0,0.00024269813624316802,-0.0003818845336976081,0.003551194137173752,27_KW_1
45663,168,2026-02-15 13:11:15.630000+00:00,124669.37081797568,426931.3125640275,13.791945904442873,-0.005913995672017336,0.00482345512136817,-0.009394115492355581,0,0.00044550484367269014,-0.007618568733742367,-0.009394115492355581,908_GSL_1
45664,119,2026-02-15 13:11:28.020000+00:00,124400.81427417719,426811.34343860246,3.988063820134291,0.00012279010843485594,0.00030972115928307176,0.0045296910481082975,0,0.0003206751295996728,-9.039949387760214e-05,0.0045296910481082975,28_KW_1
45665,169,2026-02-15 13:11:44.920000+00:00,124669.37532299994,426931.31124341337,13.812230655766315,-0.003754448378458619,0.009083860437385738,0.00047544289342305035,0,0.0007945485144596014,-0.009796994219176737,0.00047544289342305035,908_GSL_1
45666,72,2026-02-15 13:12:26.800000+00:00,124390.52420969211,426780.8879372079,10.990877631177106,0.00024998925800900906,0.001006276172120124,0.0037923096103487097,0,8.736532801594523e-05,-0.0010331764917753845,0.0037923096103487097,18_P6_1
45667,138,2026-02-15 13:15:20.130000+00:00,123928.08809881564,426940.432419479,7.117326566045752,0.0014799369673710316,0.0006983269704505801,-0.0006094975521753199,0,-0.0003537920228250779,0.0015977187454728665,-0.0006094975521753199,905_GSL_1
45668,130,2026-02-15 13:15:21.100000+00:00,124898.93600323048,426720.7590188639,4.117194981416044,-0.002369766778429039,-0.010657834878657013,0.027132248945849646,0,0.0019259181910283513,0.010746910160894152,0.027132248945849646,901_GSL_1
45669,139,2026-02-15 13:15:21.330000+00:00,123928.08715738618,426940.4315653131,7.136157698719089,0.0002874624915421009,0.0004613004857674241,-0.0004441320201671317,0,-0.00011905821530588042,0.0005303375939729641,-0.0004441320201671317,905_GSL_1
45670,134,2026-02-15 13:15:22.170000+00:00,123855.61345062529,426533.0740424596,6.05486206710387,-0.001011516127618961,-0.0002556023537181318,0.009019148206089511,0,0.0009402321634330355,-0.00045217354909983504,0.009019148206089511,904_GSL_1
45671,133,2026-02-15 13:15:23.790000+00:00,124806.21623184247,426258.5046276021,4.580839696341284,-0.005664251060807146,-0.006856211228296161,-0.007317407843281387,0,0.002898131211837066,0.008407865838953725,-0.007317407843281387,903_GSL_1
45672,125,2026-02-15 13:15:36.540000+00:00,124339.6587898858,426609.5899025434,6.673738377542051,0.0009243221720680594,-0.0013313030358403921,0.00022243941293709213,0,-0.0011830895756293161,0.001107717611601307,0.00022243941293709213,17_P5_1
45673,132,2026-02-15 13:15:38.230000+00:00,124806.21130723742,426258.4979151055,4.6135390619313075,-0.0028270503535168245,-0.00722664495697245,0.030906887720986376,0,0.004843702996000959,0.0060626027679525785,0.030906887720986376,903_GSL_1
45674,143,2026-02-15 13:15:38.320000+00:00,124266.91919207998,427056.3145454456,7.107894526557856,-0.000375348114175722,0.0003185695968568325,0.0023527883350782375,0,0.00043706589589303287,-0.00022659699358997725,0.0023527883350782375,906_GSL_1
45675,137,2026-02-15 13:15:39.080000+00:00,123928.08512886614,426940.4300694474,7.133552923498654,-0.004270395744242705,-0.0037591236759908497,0.010689232533124482,0,-0.0005459155239727879,-0.005662973323663699,0.010689232533124482,905_GSL_1
45676,153,2026-02-15 13:15:42.170000+00:00,124370.27558217316,426819.49663753575,9.72893876091466,0.0017433682805858552,-0.002485561475623399,0.002858283801671746,0,0.001939838547103597,-0.002335460387595357,0.002858283801671746,29_KW_1
45677,146,2026-02-15 13:15:51.930000+00:00,124350.92624460878,426607.51112729404,11.377579137486425,-2.1966159692965448e-05,-0.0007381027680821717,-0.0017423757376580085,0,-0.0007260923828365386,0.00013441748401520683,-0.0017423757376580085,13_P5_1
45678,135,2026-02-15 13:15:54.990000+00:00,123855.60903982534,426533.07719845226,6.052692670945076,-0.004610452888300642,0.0005635309498757124,0.031494223826718404,0,0.0034987816353464706,0.0030548928025169444,0.031494223826718404,904_GSL_1
45679,152,2026-02-15 13:15:55.030000+00:00,124370.27625335407,426819.4991711796,9.732764688551697,0.0004816922009922564,1.1416850611567497e-06,0.0038437373238178196,0,-0.00010976961451653534,0.00046901952163042683,0.0038437373238178196,29_KW_1
45680,5,2026-02-15 13:15:55.190000+00:00,124424.61769564768,426919.14274346724,8.782946031128477,0.000492870167363435,-0.0036043018335476518,0.01512020912216272,11,-0.00360676110599248,0.00047453875868228707,0.01512020912216272,TS4
45681,141,2026-02-15 13:15:55.510000+00:00,124266.91687553724,427056.3137020014,7.093721564203672,-0.0017532142082927749,-0.0008163016173057258,0.009586863940573842,0,-0.0007621335168547091,-0.0017774309812373244,0.009586863940573842,906_GSL_1
45682,136,2026-02-15 13:15:58.160000+00:00,123855.61261935375,426533.0769596738,6.022972502557361,-0.0031507580424658954,0.0028511476702988148,0.00067996012062288,0,0.000887313865975557,0.004155597837045999,0.00067996012062288,904_GSL_1
45683,148,2026-02-15 13:16:07.910000+00:00,124351.04024967377,426607.3978806791,8.014086471175913,-0.0008687408990226686,-0.0005752156139351428,-0.0013699440364689508,0,-0.0007463004857859023,-0.0007270621273764877,-0.0013699440364689508,14_P5_1
45684,122,2026-02-15 13:16:11.180000+00:00,124329.14887190083,426611.3904183558,8.088719726135011,-0.0006790022162022069,-0.0016205530264414847,0.005055887692613226,0,-0.001739784532233792,-0.0002457354319511302,0.005055887692613226,16_P5_1
45685,150,2026-02-15 13:16:11.230000+00:00,124401.10296907877,426812.32175423455,9.18585052790778,-0.00021155115973670036,0.00032264553010463715,0.0038365046639707856,0,0.00013159840238183927,-0.0003626787721565638,0.0038365046639707856,27_KW_1
45686,140,2026-02-15 13:16:14.780000+00:00,123928.08757194142,426940.4336070938,7.136601089344074,4.820895264856517e-05,-0.0008315831073559821,0.0010273831417304535,0,-7.529296966654909e-05,-0.0008295694885144309,0.0010273831417304535,905_GSL_1
45687,128,2026-02-15 13:16:25.510000+00:00,124898.93908618999,426720.77217974863,4.077243790638157,-0.0012152095150668174,0.0029157138196751475,-0.004148140365522579,0,0.0001645905776574553,-0.003154525508773063,-0.004148140365522579,901_GSL_1
45688,120,2026-02-15 13:16:27.210000+00:00,124329.26027450479,426611.3293239841,11.361812778631299,2.2669628378935158e-05,-0.0018511060043238103,0.0037816119844258367,0,-0.0017844635439664277,0.0004927445702889876,0.0037816119844258367,15_P5_1
45689,129,2026-02-15 13:16:27.700000+00:00,124898.94031816756,426720.77356143633,4.086783261589117,0.0006464687758125365,0.0010587662109173834,-0.004901483656496453,0,0.0005166314295675777,-0.0011278296562264507,-0.004901483656496453,901_GSL_1
45690,145,2026-02-15 13:16:30.880000+00:00,124266.91978786452,427056.3137463679,7.111458597176179,0.0014641116868006065,-0.001000239746645093,0.003491660884532344,0,-0.001743645019083714,0.0003221872586234775,0.003491660884532344,906_GSL_1
45691,6,2026-02-15 13:16:31.080000+00:00,124399.03985461369,426925.0744339741,8.555393812743839,0.0006838693079771474,-0.0010152407921850681,0.008087116922281368,11,-0.0010035519099613822,0.0007009098804572304,0.008087116922281368,TS5
45692,131,2026-02-15 13:16:41.930000+00:00,124806.2186467322,426258.50584973616,4.609993374517635,0.00010223605204373598,-0.0004343283362686634,-0.0015110982549275676,0,0.0002469317482869672,0.000371642335736036,-0.0015110982549275676,903_GSL_1
45693,3,2026-02-15 13:16:42.130000+00:00,124314.90310529758,426440.79280976683,7.0555999981592565,-0.004134054353926331,-0.0032675167312845588,-0.022829097331827697,11,-0.005226081349520104,0.0006746441422260356,-0.022829097331827697,TS2
45694,124,2026-02-15 13:16:43.410000+00:00,124339.65681176986,426609.5889554208,6.678573178667163,-0.0009539533639326692,-0.0012864831951446831,0.004142982833969633,0,-0.0015202538291607059,-0.00050387927807198,0.004142982833969633,17_P5_1
45695,154,2026-02-15 13:16:43.610000+00:00,124285.66515863792,426445.56124658405,7.894352242581153,0.0005336379108484834,-0.002578415966127068,-0.007247757418846312,11,-0.002227026103545784,0.0014047608509633932,-0.007247757418846312,TS1-1
45696,149,2026-02-15 13:16:44.220000+00:00,124351.04206679545,426607.3968579597,8.01549661124013,0.0007551033777417615,0.00012549420353025198,0.003270767272331554,0,-0.00024270913860709514,-0.0007259629330987303,0.003270767272331554,14_P5_1
45697,147,2026-02-15 13:16:59.010000+00:00,124350.92746605689,426607.51062643813,11.377831515619006,0.0009587113017914817,0.0006336980150081217,0.0036118739465624827,0,-0.0007772397063690533,-0.0008465216909514481,0.0036118739465624827,13_P5_1
45698,126,2026-02-15 13:17:14.520000+00:00,124339.65871958334,426609.5883479746,6.67182939961209,0.0018989792006323114,-0.00014218647265806794,0.001172210476632074,0,-0.0002817982427124897,-0.0018833291660899929,0.001172210476632074,17_P5_1
45699,121,2026-02-15 13:17:29.910000+00:00,124329.26075554188,426611.32767120295,11.35511333567252,0.0012127721711294726,-4.5289634726941586e-05,0.000813813598398383,0,-0.0002942962122579694,-0.0011773942540756713,0.000813813598398383,15_P5_1
45700,123,2026-02-15 13:17:44.800000+00:00,124329.1521367267,426611.39002822957,8.080286328091223,0.0023801145725883543,-0.0002497900859452784,0.002170683037157062,0,-0.00042465016528803526,-0.0023552096940198,0.002170683037157062,16_P5_1
45701,4,2026-02-15 13:17:45+00:00,124378.9706673434,426782.7413330419,7.759974277337809,-0.0011506298033054918,0.00015013449592515826,0.004898572365543252,11,-0.0011557419429148272,-0.00010368159194860226,0.004898572365543252,TS3
45702,68,2026-02-15 13:21:20.420000+00:00,123928.08461490233,426940.42971184733,7.117824302385915,-0.02433545952953864,-0.018023157899733633,-0.0009889786543109125,0,0.000644818062408424,-0.030275947893648777,-0.0009889786543109125,905_GSL_1
45703,68,2026-02-15 13:21:21.740000+00:00,123928.0874447262,426940.43223305,7.135550296024871,-0.021505635653738864,-0.015501955233048648,0.016737014984644638,0,0.015181279311195122,-0.021733194413023765,0.016737014984644638,905_GSL_1
45704,67,2026-02-15 13:21:22.520000+00:00,123855.61504585446,426533.07534852374,6.052119320435242,-0.0029486196872312576,-0.01575418096035719,0.007711172097666363,0,-0.00025273327192469256,-0.016025751205009736,0.007711172097666363,904_GSL_1
45705,66,2026-02-15 13:21:22.940000+00:00,124898.93725726989,426720.762526988,4.131561177430996,-0.00034839379077311605,-0.011678166803903878,0.04927464702723139,0,0.004184411711302298,0.01090832969631776,0.04927464702723139,901_GSL_1
45706,71,2026-02-15 13:21:23.580000+00:00,124806.21638573983,426258.5048462103,4.586518234707216,-0.011376195659977384,-0.010259921778924763,-0.004985428442051187,0,0.0028249998480743177,0.015056666246620566,-0.004985428442051187,903_GSL_1
45707,69,2026-02-15 13:21:37.840000+00:00,124266.919528408,427056.3146783411,7.105853012730656,-0.023068788650562055,-0.00016004295321181417,0.015351641803223792,0,0.008593947574543594,-0.021408846037028004,0.015351641803223792,906_GSL_1
45708,68,2026-02-15 13:21:38.830000+00:00,123928.08826124811,426940.4312628084,7.134078477539477,-0.02068911374954041,-0.016472196846734732,0.015265196499250955,0,-0.0012355400177577025,-0.026416777577204967,0.015265196499250955,905_GSL_1
45709,67,2026-02-15 13:21:40.170000+00:00,123855.61235149426,426533.0774148628,6.0240667871707085,-0.005642979886033572,-0.013687841885257512,-0.020341361166867244,0,0.012584139805716698,-0.007799978385878123,-0.020341361166867244,904_GSL_1
45710,71,2026-02-15 13:21:40.720000+00:00,124806.20333660784,426258.49504469085,4.626775644436452,-0.024425327646895312,-0.020061441231518984,0.03527198128718467,0,0.005154097349792838,0.031184825403595528,0.03527198128718467,903_GSL_1
45711,69,2026-02-15 13:21:54.830000+00:00,124266.92174822548,427056.3136562544,7.0942515166615765,-0.02084897118038498,-0.001182129664812237,0.003750145734144006,0,-0.0005427525648341182,-0.02087540297762701,0.003750145734144006,906_GSL_1
45712,66,2026-02-15 13:21:55.510000+00:00,124898.94018924626,426720.7732553923,4.087953521814859,0.0025835825799731538,-0.0009497624705545604,0.00566699141109428,0,0.002677821392917759,0.0006373541289162818,0.00566699141109428,901_GSL_1
45713,68,2026-02-15 13:21:56.790000+00:00,123928.08785780701,426940.43276601186,7.13584202970869,-0.021092554845381528,-0.014968993375077844,0.017028748668463933,0,0.02059289617521526,-0.015649257480320176,0.017028748668463933,905_GSL_1
45714,67,2026-02-15 13:21:57.560000+00:00,123855.61808452215,426533.06679538795,6.061235934974097,9.004800813272595e-05,-0.024307316751219332,0.016827786636521402,0,0.01357273835505694,-0.02016518112571873,0.016827786636521402,904_GSL_1
45715,66,2026-02-15 13:21:59.220000+00:00,124898.93876517603,426720.7724283242,4.07792456989207,0.0011595123505685478,-0.0017768305842764676,-0.004361960511694463,0,0.00027748033955035044,0.0021034734316135954,-0.004361960511694463,901_GSL_1
45716,66,2026-02-15 13:22:11.330000+00:00,124898.94237398995,426720.7642548551,4.084225323682485,0.004768326267367229,-0.009950299689080566,0.0019387932787209294,0,0.00027645531005349324,0.011030365894027465,0.0019387932787209294,901_GSL_1
45717,69,2026-02-15 13:22:13.480000+00:00,124266.9198488321,427056.3139834186,7.11186773276426,-0.02274836455762852,-0.0008549654739908874,0.021366361836827608,0,0.01553509683125937,-0.01663970620088831,0.021366361836827608,906_GSL_1
45718,71,2026-02-15 13:22:17.300000+00:00,124806.21622401594,426258.500470795,4.610335944660852,-0.011537919548572972,-0.014635337051004171,0.018832281511584448,0,-0.005726900304417005,0.017734691737075845,0.018832281511584448,903_GSL_1
45719,149,2026-02-15 13:22:31.200000+00:00,124351.04103763806,426607.3970213468,8.01512990488264,-0.0002740540076047182,0.0002888813032768667,0.002904060914842077,0,-0.0002421765169846636,0.00031608312370059387,0.002904060914842077,14_P5_1
45720,147,2026-02-15 13:22:46.420000+00:00,124350.92747293356,426607.510467523,11.37509434588797,0.0009655879694037139,0.0004747828934341669,0.0008747042155263784,0,-0.0006214081597770945,-0.0008784251940360956,0.0008747042155263784,13_P5_1
45721,164,2026-02-15 13:22:50.400000+00:00,124091.06239865349,427154.2068845221,9.838747513953521,-0.032929797875112854,0.012153580668382347,0.024113982324124095,0,0.020438702283223354,-0.028536652924553443,0.024113982324124095,907_GSL_1
45722,110,2026-02-15 13:22:58.780000+00:00,124434.14007852954,426963.9312733011,8.791282665722868,-7.312934030778706e-06,-0.0008132723742164671,0.04022230546507899,0,-0.0007970135268645973,0.0001619718236690688,0.04022230546507899,35_P9_0
45723,126,2026-02-15 13:23:02.120000+00:00,124339.65792323559,426609.58857671387,6.6723611704224375,0.0011026314459741116,8.655281271785498e-05,0.0017039812869796833,0,-0.0003285398279487619,-0.0010561008836715033,0.0017039812869796833,17_P5_1
45724,122,2026-02-15 13:23:06.700000+00:00,124329.15032318758,426611.39016013336,8.087917753698553,0.0007722845330135897,-0.0018787754816003144,0.004253915256155594,0,-0.0016214471471744489,0.001223572580239665,0.004253915256155594,16_P5_1
45725,111,2026-02-15 13:23:14.780000+00:00,124434.26330676064,426963.97417885956,6.5084909412935446,0.0016160013183252886,-0.00388491980265826,0.04719843167877613,0,-0.003458224224881895,0.0023968202569978787,0.04719843167877613,36_P9_0
45726,107,2026-02-15 13:23:14.900000+00:00,124409.92236672896,426969.5231811691,6.2891852940352795,0.0015492216625716537,-0.0012298839865252376,0.00010497060524627955,0,-0.0008262408440658875,0.0017972279899027223,0.00010497060524627955,38_P9_0
45727,121,2026-02-15 13:23:17.520000+00:00,124329.26157900496,426611.3274267111,11.354842164187794,0.002036235251580365,-0.00028978148475289345,0.0005426421136718318,0,-0.00028883882024402356,-0.002036369181804759,0.0005426421136718318,15_P5_1
45728,120,2026-02-15 13:23:21.880000+00:00,124329.26180982182,426611.3289411645,11.361000335799316,0.001557986659463495,-0.0022339256247505546,0.002969169152443385,0,-0.00176420993392149,0.0020749239593382957,0.002969169152443385,15_P5_1
45729,106,2026-02-15 13:23:30.080000+00:00,124410.03358905076,426969.4485137377,8.923996714583364,0.0013852325355401263,-0.0010476032039150596,0.00010949024483331016,0,-0.0006837837644238585,0.0015964903425584392,0.00010949024483331016,37_P9_0
45730,123,2026-02-15 13:23:32.710000+00:00,124329.15200173101,426611.39011932374,8.080166946306925,0.002245118885184638,-0.0001586959115229547,0.002051301252858906,0,-0.0004744323914294085,-0.0022001493374108464,0.002051301252858906,16_P5_1
45731,124,2026-02-15 13:23:37.300000+00:00,124339.65826244355,426609.5886899278,6.6771391145977095,0.0004967203276464716,-0.0015519761946052313,0.002708918764516177,0,-0.001318861309004987,0.0009570611475387583,0.002708918764516177,17_P5_1
45732,102,2026-02-15 13:23:42.310000+00:00,124282.39266379236,426301.79326949094,6.9027024434451505,-0.000625153465080075,-0.0002883736742660403,-0.000595540321585375,0,0.0004231637062899822,0.0005430549775025053,-0.000595540321585375,02_P1_0
45733,160,2026-02-15 13:23:46.200000+00:00,124421.81227990669,426965.6160906198,5.59502439402476,0.0010737460543168709,-0.0025474188150838017,0.002843164137421361,0,-0.0016952753102348278,0.00218364713978981,0.002843164137421361,38a_P9_0
45734,118,2026-02-15 13:23:48.810000+00:00,124372.26141712037,426775.1124206742,6.169877110438954,0.0013897583849029616,-0.00024382461560890079,0.004345041448591935,0,-0.0007348392188509231,-0.0012045290092079482,0.004345041448591935,22_P6_1
45735,170,2026-02-15 13:23:53.200000+00:00,124669.37326955996,426931.3097202687,13.798392092077673,-0.014777256510569714,0.011223296984098852,0.012201961406285378,0,-0.0003534597467787276,-0.01855275643617046,0.012201961406285378,908_GSL_1
45736,103,2026-02-15 13:23:57.570000+00:00,124282.31191570146,426301.796971944,9.296123922553326,0.00019729429914150387,-0.00047220924170687795,-0.001827563237787544,0,0.0004147025815208109,-0.0002998806050865862,-0.001827563237787544,01_P1_0
45737,162,2026-02-15 13:24:04.380000+00:00,124402.99651942682,426879.6451050483,6.547351429560834,0.0010912985017057508,-0.00262853957246989,0.0026783862702668415,0,0.002713310490905731,-0.0008591268147405875,0.0026783862702668415,34a_P7_0
45738,74,2026-02-15 13:24:05.020000+00:00,124369.34670231749,426785.7250423778,7.233752101774316,0.00038910818693693727,-0.0014239189331419766,0.0036982670172438503,0,-0.0007934824678720733,-0.0012447232152093812,0.0036982670172438503,21_P6_1
45739,92,2026-02-15 13:24:10.600000+00:00,124278.31564344632,426395.6365891687,11.102990847546165,0.001667643737164326,-0.001701456494629383,0.0012018643189453115,0,0.0014403632740903347,-0.001897720600054623,0.0012018643189453115,11_P3_0
45740,100,2026-02-15 13:24:12.890000+00:00,124292.48445877871,426345.9293364281,7.586339266112706,0.0007355053967330605,-0.0008985516033135355,-0.0021603028563923488,0,0.0007053060183511645,-0.000922445983740191,-0.0021603028563923488,06_P2_0
45741,104,2026-02-15 13:24:20.880000+00:00,124389.81721116204,426881.443707236,10.725441867088833,0.00011495176295284182,-0.0006323321722447872,-0.0004700009713740627,0,0.0005948892479381748,-0.0002432378805805756,-0.0004700009713740627,33_P7_0
45742,73,2026-02-15 13:24:20.930000+00:00,124369.48976514433,426785.6950263721,11.410010882907114,0.000425579899456352,-0.0014402820961549878,0.003956266844038936,0,-0.0008348899612529762,-0.0012483947772739552,0.003956266844038936,20_P6_1
45743,93,2026-02-15 13:24:26.200000+00:00,124278.26964197266,426395.789437013,7.950094629516444,0.0015183929790509865,-0.0019130895379930735,0.001369109236926569,0,0.001669085098107626,-0.0017831387367462292,0.001369109236926569,12_P3_0
45744,101,2026-02-15 13:24:27.790000+00:00,124292.40513316615,426345.88291754253,10.214544273148139,-0.0001857046881923452,-0.00047598336823284626,-0.0010742244521448896,0,0.0005059815961986021,7.091560025280945e-05,-0.0010742244521448896,05_P2_0
45745,105,2026-02-15 13:24:36.780000+00:00,124389.68822930564,426881.4714701991,7.062060966554412,-0.00045613171823788434,-0.00048301502829417586,-0.00023493016837772274,0,0.0005679223689188847,0.000344708347479765,-0.00023493016837772274,34_P7_0
45746,165,2026-02-15 13:24:38.420000+00:00,124091.0602113768,427154.2049876821,9.857513597339775,-0.02356925036292523,0.008835888467729092,0.006778103613754638,0,0.02142207923876499,-0.013216542996278299,0.006778103613754638,907_GSL_1
45747,94,2026-02-15 13:24:42+00:00,124268.22515072719,426351.55427194625,10.216345681203524,0.0009282280952902511,-0.0017010742449201643,0.0018517419125636536,0,0.001503205991200163,-0.0012229606419001432,0.0018517419125636536,07_P2_0
45748,98,2026-02-15 13:24:42.780000+00:00,124302.6609732374,426390.0772913861,7.9788505742631655,0.00012760385288856924,-0.0006206224788911641,-0.00020022086770499214,0,0.0005733566577724444,-0.00026966117177864717,-0.00020022086770499214,10_P3_0
45749,152,2026-02-15 13:24:55.320000+00:00,124370.27625297116,426819.49913190614,9.732536348692557,0.0004813092964468524,-3.8131780456751585e-05,0.003615397464677983,0,-0.0001479002797757607,0.00045960654778758064,0.003615397464677983,29_KW_1
45750,95,2026-02-15 13:24:57.320000+00:00,124268.11044407223,426351.54715289705,7.195423283281044,0.0008961699932115152,-0.0020381129579618573,0.0017524250359235438,0,0.0018389753534009737,-0.0012550676219744191,0.0017524250359235438,08_P2_0
45751,99,2026-02-15 13:24:58.710000+00:00,124302.53802205583,426390.1345693215,11.087447244890603,-5.823533865623176e-05,-0.00024697044864296913,-0.0003079578587641407,0,0.0002537357314352698,-1.9838760858727477e-06,-0.0003079578587641407,09_P3_0
45752,113,2026-02-15 13:25:08.210000+00:00,124414.07844607555,426875.9138423163,7.343747993933599,0.001211461378261447,-0.001389821874909103,0.04039804880832243,0,0.0010632701785717156,-0.0015062204494545447,0.04039804880832243,32_P7_0
45753,117,2026-02-15 13:25:10.540000+00:00,124377.68075488403,426815.90571941476,7.6214571934624145,0.0007377399451797828,1.3376236893236637e-05,0.004022153289954922,0,-1.5320296164994485e-05,0.0007377021343013112,0.004022153289954922,26_KW_0
45754,96,2026-02-15 13:25:12.880000+00:00,124258.0623990542,426307.3507135275,9.307849148795668,0.0014208577631507069,-0.0016960494103841484,0.0033035406197772232,0,0.0013849114360076076,-0.001725526209590974,0.0033035406197772232,03_P1_0
45755,166,2026-02-15 13:25:16.810000+00:00,124091.05731007969,427154.2066914072,9.826843478892119,-0.01497075600491371,0.017663427628576756,-0.0030101401706854602,0,0.02133506894668156,-0.008996390608959385,-0.0030101401706854602,907_GSL_1
45756,153,2026-02-15 13:25:18.970000+00:00,124370.27625502778,426819.49664663465,9.729100859397718,0.0024162229092326015,-0.0024764625704847276,0.0030203822847294504,0,0.0017541751823813554,-0.0029822591167820442,0.0030203822847294504,29_KW_1
45757,112,2026-02-15 13:25:24.390000+00:00,124413.95087186537,426875.86660428613,10.70944171614487,0.0001372405531583354,-0.0006617793114855886,0.04017610922420545,0,0.0006097021289360612,-0.0002916335723341536,0.04017610922420545,31_P7_0
45758,116,2026-02-15 13:25:26.120000+00:00,124377.68811879179,426815.9001366173,10.009506510577316,0.0007589002198074013,7.505371468141675e-05,0.004446755300191896,0,4.565101821833468e-05,0.0007612349100289811,0.004446755300191896,25_KW_0
45759,97,2026-02-15 13:25:28.220000+00:00,124257.98833676885,426307.3900543905,6.84068862738979,0.0004665599699364975,-0.0017983141588047147,0.003626436793689791,0,0.001671647363952192,-0.0008106831131190175,0.003626436793689791,04_P1_0
45760,125,2026-02-15 13:25:32.590000+00:00,124339.65676096203,426609.5904059094,6.673639064413657,-0.0011046016006730497,-0.0008279370376840234,0.00012312628454314023,0,-0.000979459027972298,-0.00097277152872708,0.00012312628454314023,17_P5_1
45761,161,2026-02-15 13:25:41.420000+00:00,124402.9908384591,426879.6442366701,6.588766221794119,-0.0005652874970110133,-0.0032702168682590127,0.04714190097039683,0,0.003139853822224339,-0.0010747959316939977,0.04714190097039683,34a_P7_0
45762,115,2026-02-15 13:25:42.080000+00:00,124396.28998101171,426811.6341223122,7.6511055101640295,-0.00010974809993058443,0.0002079757396131754,0.00483321739098308,0,0.00012195512598186342,-0.00020106093840616755,0.00483321739098308,24_KW_0
45763,146,2026-02-15 13:25:48.390000+00:00,124350.9248354619,426607.51183655305,11.37728339211492,-0.0014311130362330005,-2.884375862777233e-05,-0.0020381211091624607,0,-0.0003304485604984542,-0.0013927383938673887,-0.0020381211091624607,13_P5_1
45764,114,2026-02-15 13:25:57.420000+00:00,124396.29932438793,426811.62967077165,9.994841979486424,0.00030374291236512363,0.00013201584806665778,0.004157901836240541,0,0.00026945489539490587,0.000192566872282141,0.004157901836240541,23_KW_0
45765,148,2026-02-15 13:26:03.390000+00:00,124351.03925329377,426607.3980807726,8.013884541503465,-0.0018651208956725895,-0.00037512212293222547,-0.001571873708916982,0,-0.0007619725111017539,-0.001743212682065212,-0.001571873708916982,14_P5_1
45766,150,2026-02-15 13:26:12.730000+00:00,124401.1030829696,426812.321802704,9.185670309366508,-9.766033326741308e-05,0.00037111499113962054,0.0036562861226983046,0,0.00023863783037395478,-0.0003005259776739349,0.0036562861226983046,27_KW_1
45767,168,2026-02-15 13:26:19.590000+00:00,124669.37018720045,426931.31292441057,13.793411598363402,-0.00654477090574801,0.005183838191442192,-0.00792842157182605,0,0.00036813517447616134,-0.008340904093507712,-0.00792842157182605,908_GSL_1
45768,119,2026-02-15 13:26:28.120000+00:00,124400.81427781799,426811.3433109063,3.988075954130273,0.00012643091031350195,0.00018202501814812422,0.004541825044090064,0,0.00022139979334892575,-1.00006909550642e-05,0.004541825044090064,28_KW_1
45769,169,2026-02-15 13:26:45.020000+00:00,124669.3753840681,426931.31064253044,13.810574469298125,-0.003693380218464881,0.008482977515086532,-0.0011807435747677175,0,0.0005752576807793222,-0.009234232158675445,-0.0011807435747677175,908_GSL_1
45770,72,2026-02-15 13:27:26.820000+00:00,124390.52415175748,426780.887936109,10.990896294659533,0.00019205462012905627,0.0010051772696897388,0.0038109730927757823,0,3.0336911560989874e-05,-0.001022910549564709,0.0038109730927757823,18_P6_1
45771,138,2026-02-15 13:30:20.910000+00:00,123928.08680196511,426940.43191104016,7.117020469349003,0.0001830864348448813,0.0001898881164379418,-0.0009155942489238456,0,3.80688062363596e-05,0.00026101514396735065,-0.0009155942489238456,905_GSL_1
45772,139,2026-02-15 13:30:21.420000+00:00,123928.08671464253,426940.4299828425,7.13271435315553,-0.00015528115909546614,-0.0011211700621061027,-0.0038874775837260955,0,-0.00022355375611592007,-0.0011095757138021261,-0.0038874775837260955,905_GSL_1
45773,130,2026-02-15 13:30:21.680000+00:00,124898.94502659561,426720.78104685294,4.128479768400117,0.006653598349657841,0.011370154155883938,0.03841703592992296,0,0.0017513138160648583,-0.013056939781005144,0.03841703592992296,901_GSL_1
45774,133,2026-02-15 13:30:22.170000+00:00,124806.22060094889,426258.50767939904,4.582494800942674,-0.0012951446406077594,-0.003804414300248027,-0.005662303241892097,0,0.002571427052079737,0.0030884835637994255,-0.005662303241892097,903_GSL_1
45775,134,2026-02-15 13:30:23+00:00,123855.61443190585,426533.0721116752,6.053589573550051,-3.023556200787425e-05,-0.0021863867295905948,0.007746654652270202,0,-0.00040635437573136794,-0.002148505816111225,0.007746654652270202,904_GSL_1
45776,143,2026-02-15 13:30:37.820000+00:00,124266.91865593482,427056.314113702,7.109571051957004,-0.0009114932763623074,-0.00011317402822896838,0.004029313734226214,0,0.0002407474414458011,-0.0008863797284214963,0.004029313734226214,906_GSL_1
45777,132,2026-02-15 13:30:37.910000+00:00,124806.23069647679,426258.51102681225,4.625939370145059,0.016562189019168727,0.0058850618079304695,0.043307195934738196,0,0.0031879572377753415,-0.01728516665351974,0.043307195934738196,903_GSL_1
45778,137,2026-02-15 13:30:39.020000+00:00,123928.08604271543,426940.4298429706,7.1328746215130625,-0.0033565464545972645,-0.003985600429587066,0.01001093054753266,0,-0.0012646911196240829,-0.005054895771243761,0.01001093054753266,905_GSL_1
45779,153,2026-02-15 13:30:39.190000+00:00,124370.27637736753,426819.49661326176,9.72909700925615,0.0025385626504430547,-0.002509835467208177,0.0030165321431621095,0,0.0017542132134609498,-0.0031090690575153786,0.0030165321431621095,29_KW_1
45780,125,2026-02-15 13:30:39.390000+00:00,124339.6585285442,426609.5900454785,6.673579333929563,0.0006629805720876902,-0.001188367954455316,6.339580044922855e-05,0,-0.0010795875535047012,0.000828403493751546,6.339580044922855e-05,17_P5_1
45781,152,2026-02-15 13:30:52.920000+00:00,124370.27628804068,426819.4991345049,9.732642385597828,0.0005163788155186921,-3.553304122760892e-05,0.0037214343699485397,0,-0.00015344397398585544,0.0004943325044772987,0.0037214343699485397,29_KW_1
45782,146,2026-02-15 13:30:54.790000+00:00,124350.92496982361,426607.5115056252,11.377086260547895,-0.0012967513321200386,-0.00035977159859612584,-0.002235252676188182,0,-0.0006255337954631571,-0.001191514620659337,-0.002235252676188182,13_P5_1
45783,135,2026-02-15 13:30:54.800000+00:00,123855.62183574992,426533.06134888076,6.062235849836112,0.008185471684555523,-0.015286040550563484,0.04103740271775447,0,0.0018089453883654142,-0.017245077529371763,0.04103740271775447,904_GSL_1
45784,5,2026-02-15 13:30:55+00:00,124424.61771458568,426919.14187631855,8.783028640713503,0.0005118081608088687,-0.004471450520213693,0.015202818707189536,11,-0.0044995634691898925,-9.872150182044791e-05,0.015202818707189536,TS4
45785,141,2026-02-15 13:30:55.030000+00:00,124266.91495482445,427056.3133451756,7.092336763226999,-0.003673926999908872,-0.001173127442598343,0.008202062963901469,0,-0.0010598603675868313,-0.0037081887220657256,0.008202062963901469,906_GSL_1
45786,136,2026-02-15 13:30:55.120000+00:00,123855.61437164906,426533.0748558472,6.026378431409624,-0.001398462729412131,0.0007473211153410375,0.004085888972885421,0,0.0006969707741312121,0.0014242256123930428,0.004085888972885421,904_GSL_1
45787,150,2026-02-15 13:31:09.030000+00:00,124401.10287834053,426812.32182304986,9.185831377493876,-0.0003022893943125382,0.000391460838727653,0.0038173542500672397,0,0.000132337259532713,-0.00047655777814507454,0.0038173542500672397,27_KW_1
45788,148,2026-02-15 13:31:10.790000+00:00,124351.03998111351,426607.3979219277,8.014052334615346,-0.001137301151175052,-0.0005339670460671186,-0.001404080597035673,0,-0.0007629212682805542,-0.000998261415238981,-0.001404080597035673,14_P5_1
45789,122,2026-02-15 13:31:10.920000+00:00,124329.15002251057,426611.3901875699,8.08767703602842,0.000471607520012185,-0.001851338951382786,0.004013197586022699,0,-0.0016711734096721406,0.0009257694100822023,0.004013197586022699,16_P5_1
45790,140,2026-02-15 13:31:12.780000+00:00,123928.08798336549,426940.4306036179,7.137186775322582,0.00045963302545715123,-0.003835059003904462,0.0016130691202382863,0,-0.0005844101269096533,-0.003818036784145095,0.0016130691202382863,905_GSL_1
45791,129,2026-02-15 13:31:25.730000+00:00,124898.94045497457,426720.77590741025,4.087958137507172,0.0007832757837604731,0.00340474012773484,-0.0037266077384412455,0,0.0003748539289742495,-0.0034735084313653256,-0.0037266077384412455,901_GSL_1
45792,120,2026-02-15 13:31:25.970000+00:00,124329.26140410094,426611.32920679724,11.36081872934865,0.0011522657732712105,-0.001968292868696153,0.0027875627017763804,0,-0.0016105023600649754,0.0016149846369045053,0.0027875627017763804,15_P5_1
45793,128,2026-02-15 13:31:27.810000+00:00,124898.93841116657,426720.7729397718,4.078332008930464,-0.001890232932055369,0.003675737010780722,-0.003059922073215482,0,-0.00011556747940829316,-0.004131666403226796,-0.003059922073215482,901_GSL_1
45794,145,2026-02-15 13:31:29.880000+00:00,124266.91939343324,427056.3132381339,7.111590310892213,0.0010696804092731327,-0.0015084737096913159,0.00362337460056672,0,-0.0018219837440606036,-0.00031636110252608737,0.00362337460056672,906_GSL_1
45795,6,2026-02-15 13:31:30.080000+00:00,124399.0397456418,426925.0747782356,8.555607612187377,0.0005748974217567593,-0.0006709793233312666,0.008300916365818978,11,-0.0007063904079872736,0.0005307851631161394,0.008300916365818978,TS5
45796,124,2026-02-15 13:31:41.720000+00:00,124339.65808956475,426609.5887498329,6.677543237065679,0.00032384152291342616,-0.0014920711400918663,0.0031130412324857915,0,-0.0013160122859336733,0.0007741196821742464,0.0031130412324857915,17_P5_1
45797,154,2026-02-15 13:31:41.920000+00:00,124285.66608760541,426445.56149777735,7.894661989460685,0.001462605403503403,-0.0023272226681001484,-0.006938010539314199,11,-0.0025753507431962018,0.0009605979714715721,-0.006938010539314199,TS1-1
45798,149,2026-02-15 13:31:42.120000+00:00,124351.04127396728,426607.3969354508,8.016745992891666,-3.772479249164462e-05,0.00020298530580475926,0.004520148923868206,0,-0.00019452425506225805,6.918459751753174e-05,0.004520148923868206,14_P5_1
45799,131,2026-02-15 13:31:44.990000+00:00,124806.21654918486,426258.5013371133,4.611090812512811,-0.00199531129328534,-0.004946951172314584,-0.000413660259751758,0,-0.0001499180899901413,0.005332083797603931,-0.000413660259751758,903_GSL_1
45800,3,2026-02-15 13:31:45.190000+00:00,124314.90312841628,426440.793406653,7.048871261878915,-0.004110935653443448,-0.002670630579814315,-0.029557833612169127,11,-0.004881092594466976,0.00045496672936766274,-0.029557833612169127,TS2
45801,147,2026-02-15 13:31:57.090000+00:00,124350.92781563247,426607.51037696615,11.375817713261545,0.0013082868827041239,0.0003842260339297354,0.0015980715891021902,0,-0.000586145667332303,-0.0012311285348299817,0.0015980715891021902,13_P5_1
45802,126,2026-02-15 13:32:12.590000+00:00,124339.65831141295,426609.5883878386,6.672073734874992,0.0014908088051015511,-0.00010232243221253157,0.001416545739534314,0,-0.00023029928265402223,-0.0014764630079725145,0.001416545739534314,17_P5_1
45803,121,2026-02-15 13:32:27.840000+00:00,124329.26179145936,426611.3273703547,11.355092543282112,0.00224868964869529,-0.00034613790921866894,0.0007930212079898524,0,-0.00029388751768630675,-0.0022561131876073504,0.0007930212079898524,15_P5_1
45804,123,2026-02-15 13:32:43.140000+00:00,124329.15257524239,426611.39000499103,8.08034701006631,0.002818630266119726,-0.00027302862145006657,0.002231365012244524,0,-0.000524765499904725,-0.0027827760196118597,0.002231365012244524,16_P5_1
45805,4,2026-02-15 13:32:43.340000+00:00,124378.97069663154,426782.741620733,7.760241984161437,-0.0011213416582904756,0.00043782556895166636,0.005166279189171341,11,-0.0011380616906368378,-0.000392318660976389,0.005166279189171341,TS3
45806,68,2026-02-15 13:36:20.480000+00:00,123928.08390340804,426940.42936179205,7.116982037970464,-0.025046953815035522,-0.018373213184531778,-0.0018312430697617899,0,0.0008035481924042805,-0.031052844772085836,-0.0018312430697617899,905_GSL_1
45807,68,2026-02-15 13:36:21.640000+00:00,123928.08709059909,426940.4309820772,7.132196645430887,-0.02185976276814472,-0.016752928029745817,0.013383364390660901,0,0.015102522732544695,-0.023030927748624887,0.013383364390660901,905_GSL_1
45808,66,2026-02-15 13:36:21.700000+00:00,124898.94089885324,426720.77124737034,4.130852831685963,0.003293189554824494,-0.0029577844543382525,0.04856630128219841,0,0.004179402915354762,0.0014581418289913702,0.04856630128219841,901_GSL_1
45809,71,2026-02-15 13:36:22.180000+00:00,124806.21751222255,426258.50573805475,4.5895078152368125,-0.010249712941003963,-0.009368077327962965,-0.0019958479124548845,0,0.002651172731349498,0.013630435478891593,-0.0019958479124548845,903_GSL_1
45810,67,2026-02-15 13:36:23+00:00,123855.61620419758,426533.0755140039,6.054369157680537,-0.0017902765684993938,-0.015588700771331787,0.009961009342961624,0,-0.0013547840980600559,-0.01563256990956643,0.009961009342961624,904_GSL_1
45811,71,2026-02-15 13:36:37.600000+00:00,124806.21592535968,426258.50169072015,4.623392888415527,-0.01183657580986619,-0.01341541192959994,0.03188922526625948,0,0.005696007117965228,0.016959755512850155,0.03188922526625948,903_GSL_1
45812,69,2026-02-15 13:36:37.910000+00:00,124266.91882667999,427056.3146857937,7.106039680988966,-0.02377051666553598,-0.00015259033534675837,0.015538310061533167,0,0.008866780454061968,-0.02205540638338885,0.015538310061533167,906_GSL_1
45813,67,2026-02-15 13:36:38.610000+00:00,123855.61307919287,426533.07678028534,6.023196943786388,-0.004915281271678396,-0.014322419359814376,-0.021211204551187635,0,0.012365193267246638,-0.008740347919947834,-0.021211204551187635,904_GSL_1
45814,68,2026-02-15 13:36:39.410000+00:00,123928.08795538152,426940.43037496856,7.134366199280706,-0.020994980339310132,-0.017360036668833345,0.015552918240479663,0,-0.0017760303551113306,-0.027184660909582457,0.015552918240479663,905_GSL_1
45815,67,2026-02-15 13:36:55.010000+00:00,123855.60340388484,426533.08774181636,6.065533416750187,-0.014590589300496504,-0.003360888338647783,0.021125268412610865,0,0.013960868581003443,0.005410639058796347,0.021125268412610865,904_GSL_1
45816,68,2026-02-15 13:36:55.340000+00:00,123928.08782148206,426940.432297133,7.136464785525388,-0.021128879801835865,-0.015437872207257897,0.01765150448516195,0,0.020613904930445865,-0.016119068939817616,0.01765150448516195,905_GSL_1
45817,69,2026-02-15 13:36:55.610000+00:00,124266.92027748065,427056.3135849771,7.095550757923557,-0.02231971600849647,-0.001253406924661249,0.005049386996124561,0,-0.0005688978199242114,-0.02234764208790735,0.005049386996124561,906_GSL_1
45818,66,2026-02-15 13:36:56.520000+00:00,124898.94035390194,426720.7748218508,4.086591061921805,0.0027482382574817166,0.0006166960229165852,0.004304531518040555,0,0.0026559487963201188,-0.0009375838607255286,0.004304531518040555,901_GSL_1
45819,66,2026-02-15 13:36:58.670000+00:00,124898.93936505663,426720.7709024384,4.079681007756301,0.0017593929514987394,-0.0033027164172381163,-0.0026055226474630544,0,0.0001587995775979717,0.0037387406950245066,-0.0026055226474630544,901_GSL_1
45820,69,2026-02-15 13:37:11.400000+00:00,124266.91970420997,427056.3136608212,7.1120174946862615,-0.022892986686201766,-0.0011775628663599491,0.021516123758829053,0,0.015410329449150224,-0.01697048143063403,0.021516123758829053,906_GSL_1
45821,66,2026-02-15 13:37:12.480000+00:00,124898.94210740904,426720.76703357574,4.083483936804552,0.004501745352172293,-0.007171579054556787,0.0011974064007880258,0,0.001170916731645867,0.00838607246326397,0.0011974064007880258,901_GSL_1
45822,71,2026-02-15 13:37:14.980000+00:00,124806.21657537647,426258.50156529713,4.610813997413409,-0.011186559015186504,-0.013540834945160896,0.019310334264141638,0,-0.005778173965361052,0.01658632024405548,0.019310334264141638,903_GSL_1
45823,149,2026-02-15 13:37:32.420000+00:00,124351.04083245512,426607.39743242593,8.014594845433157,-0.00047923694364726543,0.0006999604520387948,0.002369001465359233,0,-0.0006158629272338287,0.0005833742687449507,0.002369001465359233,14_P5_1
45824,147,2026-02-15 13:37:47.930000+00:00,124350.92695644344,426607.510743448,11.375495366193718,0.00044909784628544003,0.0007507078698836267,0.0012757245212746682,0,-0.0008122454528463378,-0.00032482072867026304,0.0012757245212746682,13_P5_1
45825,164,2026-02-15 13:37:50.690000+00:00,124091.06267884329,427154.20694788283,9.842578348365032,-0.032649608081555925,0.012216941395308822,0.027944816735635314,0,0.02042565249688973,-0.0282496599096682,0.027944816735635314,907_GSL_1
45826,110,2026-02-15 13:37:53.710000+00:00,124434.13999997782,426963.9305290594,8.791652396644661,-8.586465264670551e-05,-0.0015575140714645386,0.040592036386872365,0,-0.0015413210888401794,0.00023990023443237277,0.040592036386872365,35_P9_0
45827,126,2026-02-15 13:38:02.920000+00:00,124339.65775724268,426609.5890527125,6.671499015737494,0.0009366385347675532,0.0005625514313578606,0.0008418266020360221,0,-0.000755971688259006,-0.0007888362721662302,0.0008418266020360221,17_P5_1
45828,122,2026-02-15 13:38:07.120000+00:00,124329.1512203797,426611.39041927847,8.088553302258838,0.0016694766527507454,-0.0016196303768083453,0.004889463816439843,0,-0.001143217460892501,0.002025687213927826,0.004889463816439843,16_P5_1
45829,111,2026-02-15 13:38:08.450000+00:00,124434.26162630689,426963.97362762166,6.508603547379167,-6.445242615882307e-05,-0.004436157702002674,0.04731103776439838,0,-0.004350519910344537,0.0008698423891551659,0.04731103776439838,36_P9_0
45830,107,2026-02-15 13:38:11.780000+00:00,124409.92234348482,426969.5233002414,6.288829727844666,0.0015259775245795026,-0.0011108117178082466,-0.00025059558536710824,0,-0.0007161111616734753,0.001746337562462813,-0.00025059558536710824,38_P9_0
45831,121,2026-02-15 13:38:18.720000+00:00,124329.2610256194,426611.3280297924,11.354427470411421,0.0014828496932750568,0.00031329982448369265,0.00012794833729934396,0,-0.0007139200420376788,-0.0013369061920884206,0.00012794833729934396,15_P5_1
45832,120,2026-02-15 13:38:22.720000+00:00,124329.26226750687,426611.32937623473,11.360916967971267,0.002015671707340516,-0.001798855373635888,0.0028858013243944214,0,-0.0012270520223755948,0.0024068976757261004,0.0028858013243944214,15_P5_1
45833,106,2026-02-15 13:38:27.180000+00:00,124410.03361773657,426969.44858209224,8.9238334595015,0.00141391834768001,-0.0009792486671358347,-5.376483703045665e-05,0,-0.0006105376789625217,0.0016078982519303062,-5.376483703045665e-05,37_P9_0
45834,123,2026-02-15 13:38:33.520000+00:00,124329.15173500768,426611.39064003655,8.080214896623295,0.001978395550395362,0.00036201690090820193,0.002099251569228855,0,-0.0008999723474230402,-0.0017986536532198767,0.002099251569228855,16_P5_1
45835,102,2026-02-15 13:38:36.200000+00:00,124282.39340584501,426301.7930505794,6.90182964746727,0.00011689918756019324,-0.0005072852363809943,-0.0014683362994656335,0,0.0004673340603957786,-0.00022935258249330703,-0.0014683362994656335,02_P1_0
45836,124,2026-02-15 13:38:38.680000+00:00,124339.65925933221,426609.5890343426,6.678837491171604,0.0014936089864932,-0.0012075614067725837,0.00440729533841111,0,-0.0006800329876283931,0.0017962815735282228,0.00440729533841111,17_P5_1
45837,160,2026-02-15 13:38:43.190000+00:00,124421.81239513839,426965.61606429383,5.595068203720567,0.0011889777524629608,-0.002573744801338762,0.0028869738332284456,0,-0.001661800455194436,0.002297008847476592,0.0028869738332284456,38a_P9_0
45838,118,2026-02-15 13:38:49.440000+00:00,124372.26144310963,426775.1126678175,6.16938567169862,0.0014157476398395374,3.3187097869813442e-06,0.003853602708258741,0,-0.0009375567450812829,-0.0010608203162168705,0.003853602708258741,22_P6_1
45839,103,2026-02-15 13:38:51.070000+00:00,124282.31220487306,426301.79696877697,9.296628750957403,0.00048646589857526124,-0.0004753762623295188,-0.0013227348337103706,0,0.00035177396024036806,-0.0005821397960626191,-0.0013227348337103706,01_P1_0
45840,170,2026-02-15 13:38:54.620000+00:00,124669.37458702197,426931.30966462346,13.798698067485883,-0.013459794499794953,0.011167651740834117,0.01250793681449558,0,0.00041957266775103703,-0.017484463736636074,0.01250793681449558,908_GSL_1
45841,162,2026-02-15 13:39:00.990000+00:00,124402.99641364525,426879.64516124956,6.547213900898893,0.0009855169337242842,-0.00257233832962811,0.0025408576083263412,0,0.00264814274248308,-0.0007586225175707892,0.0025408576083263412,34a_P7_0
45842,74,2026-02-15 13:39:05.760000+00:00,124369.34672509764,426785.72534718015,7.233379199524408,0.0004118883371120319,-0.0011191165540367365,0.0033253647673356923,0,-0.0007249152900326654,-0.0009468746939510164,0.0033253647673356923,21_P6_1
45843,100,2026-02-15 13:39:06.650000+00:00,124292.48457549443,426345.92951974744,7.586386229228199,0.0008522211137460545,-0.0007152322796173394,-0.0021133397408990007,0,0.000500057453680544,-0.0009938715125908943,-0.0021133397408990007,06_P2_0
45844,92,2026-02-15 13:39:12.120000+00:00,124278.31660278019,426395.63690134394,11.103531046806584,0.002626977613545023,-0.0013892812421545386,0.0017420635793641281,0,0.0009917139468184743,-0.0028013598839768668,0.0017420635793641281,11_P3_0
45845,104,2026-02-15 13:39:17.490000+00:00,124389.81715065603,426881.44379102957,10.725287610684834,5.444575799629092e-05,-0.0005485385772772133,-0.0006242573753727498,0,0.0005254201764432333,-0.0001667109759777733,-0.0006242573753727498,33_P7_0
45846,101,2026-02-15 13:39:21.370000+00:00,124292.40529663529,426345.88298635534,10.21453407806554,-2.2235544747672975e-05,-0.00040717056253924966,-0.0010844195347434749,0,0.00040132107954689197,-7.227501338686827e-05,-0.0010844195347434749,05_P2_0
45847,73,2026-02-15 13:39:21.520000+00:00,124369.48991876788,426785.69526600174,11.409535445786341,0.0005792034498881549,-0.0012006524484604597,0.003480829723265799,0,-0.0009102199602724514,-0.0009739314977338264,0.003480829723265799,20_P6_1
45848,93,2026-02-15 13:39:27.380000+00:00,124278.27053681445,426395.7897438991,7.950469910570077,0.002413234775303863,-0.001606203441042453,0.0017443902905593944,0,0.0012339367491123493,-0.0026231644389825334,0.0017443902905593944,12_P3_0
45849,105,2026-02-15 13:39:33.390000+00:00,124389.68810925119,426881.4715625878,7.062171551074602,-0.0005761861684732139,-0.00039062637370079756,-0.00012434564818786242,0,0.0005027619304859791,0.00048146641193803913,-0.00012434564818786242,34_P7_0
45850,98,2026-02-15 13:39:36.470000+00:00,124302.66098865235,426390.0773993039,7.979045458309913,0.00014301879855338484,-0.0005127046606503427,-5.336820957602129e-06,0,0.0004648345889228096,-0.00025932460495139926,-5.336820957602129e-06,10_P3_0
45851,165,2026-02-15 13:39:37.730000+00:00,124091.06213636158,427154.20653663325,9.85145601330044,-0.021644265580107458,0.01038483961019665,0.0007205195744202086,0,0.021467169016794338,-0.010746151898987793,0.0007205195744202086,907_GSL_1
45852,94,2026-02-15 13:39:43.180000+00:00,124268.225928661,426351.55454850337,10.216547904643177,0.0017061619146261364,-0.0014245171332731843,0.002053965352216025,0,0.0010893621874507008,-0.0019374022727513763,0.002053965352216025,07_P2_0
45853,99,2026-02-15 13:39:51.350000+00:00,124302.53804963948,426390.13462531177,11.08752503085556,-3.065168857574463e-05,-0.00019098020857200027,-0.00023017189380780678,0,0.0001928018488839903,-1.550526187022125e-05,-0.00023017189380780678,09_P3_0
45854,152,2026-02-15 13:39:54.220000+00:00,124370.27630798133,426819.49938861263,9.732237102653771,0.0005363194650271907,0.00021857471438124776,0.0033161514258921443,0,8.92478606885236e-05,0.0005722309793225267,0.0033161514258921443,29_KW_1
45855,95,2026-02-15 13:39:58.800000+00:00,124268.11129503275,426351.54752131086,7.195608717575122,0.001747130518197082,-0.0016696991515345871,0.0019378593300016789,0,0.0013205970712007777,-0.002023952489508302,0.0019378593300016789,08_P2_0
45856,113,2026-02-15 13:40:00.460000+00:00,124414.08016715592,426875.91255451844,7.344001845913203,0.0029325417417567223,-0.0026776197482831776,0.040651900787926465,0,0.0019066762191127628,-0.003483394088961437,0.040651900787926465,32_P7_0
45857,166,2026-02-15 13:40:09.340000+00:00,124091.05669714381,427154.2065951527,9.82517072656401,-0.015583691885694861,0.01756717311218381,-0.004682892498793834,0,0.021426720402608825,-0.009610030006723823,-0.004682892498793834,907_GSL_1
45858,117,2026-02-15 13:40:09.840000+00:00,124377.6809741222,426815.9060431289,7.621285506207462,0.0009569781104801223,0.00033709040144458413,0.0038504660350024977,0,0.0002996219051388522,0.0009693625517035103,0.0038504660350024977,26_KW_0
45859,96,2026-02-15 13:40:14.470000+00:00,124258.06310466793,426307.35075907205,9.308617621918811,0.002126471503288485,-0.0016505048843100667,0.004072013742920433,0,0.0012020330001811079,-0.0024085605854752713,0.004072013742920433,03_P1_0
45860,112,2026-02-15 13:40:15.200000+00:00,124413.95323792893,426875.86518907116,10.709049126022087,0.0025033041165443137,-0.0020769942784681916,0.03978351910142308,0,0.001417513101869096,-0.0029276429664026257,0.03978351910142308,31_P7_0
45861,116,2026-02-15 13:40:24.820000+00:00,124377.68824932561,426815.90036354825,10.008956145383117,0.0008894340426195413,0.000301984662655741,0.003896390105992964,0,0.0002673624201258463,0.0009004471050285475,0.003896390105992964,25_KW_0
45862,125,2026-02-15 13:40:25.250000+00:00,124339.65706476521,426609.5903644877,6.673326036916717,-0.0008007984142750502,-0.0008693587151356041,-0.0001899012123969257,0,-0.0009763584206484077,-0.0006661733335376089,-0.0001899012123969257,17_P5_1
45863,97,2026-02-15 13:40:29.520000+00:00,124257.98943674724,426307.39011468133,6.841479052527681,0.0015665383689338341,-0.0017380233039148152,0.004416861931581195,0,0.0013964700870129452,-0.0018774021312363807,0.004416861931581195,04_P1_0
45864,161,2026-02-15 13:40:30.610000+00:00,124402.99253749043,426879.64240339526,6.588654250267865,0.001133743833634071,-0.005103491712361574,0.04702992944414319,0,0.003931804369839417,-0.0034455648500294144,0.04702992944414319,34a_P7_0
45865,115,2026-02-15 13:40:40.610000+00:00,124396.29020860334,426811.6343517136,7.650916895198128,0.00011784353409893811,0.000437377137131989,0.004644602425081246,0,0.00043572823033298063,-0.00012380132432890723,0.004644602425081246,24_KW_0
45866,146,2026-02-15 13:40:41.250000+00:00,124350.92428573583,426607.51178236195,11.378219001436268,-0.0019808391080005094,-8.303485810756683e-05,-0.0011025117878151747,0,-0.0004995209283176122,-0.001918618565952573,-0.0011025117878151747,13_P5_1
45867,114,2026-02-15 13:40:55.640000+00:00,124396.29945990824,426811.6300130609,9.994407909518888,0.00043926322541665286,0.00047430506674572825,0.003723831868704508,0,0.0006326973233678601,0.00013270860766075566,0.003723831868704508,23_KW_0
45868,148,2026-02-15 13:40:56.150000+00:00,124351.03960355271,426607.3983135209,8.014427509678992,-0.0015148619568208233,-0.0001423738431185484,-0.0010289055333903008,0,-0.00046026449044307406,-0.0014502529635427523,-0.0010289055333903008,14_P5_1
45869,150,2026-02-15 13:41:11.020000+00:00,124401.103105995,426812.32203725306,9.185284172922161,-7.463492511305958e-05,0.0006056640413589776,0.003270149678352041,0,0.00044023010892218996,-0.00042260709203736517,0.003270149678352041,27_KW_1
45870,168,2026-02-15 13:41:12.720000+00:00,124669.37219632624,426931.31136711314,13.792157027677792,-0.0045356451155385,0.003626540768891573,-0.00918299225743624,0,0.00028271932763209253,-0.005800340019716447,-0.00918299225743624,908_GSL_1
45871,153,2026-02-15 13:41:12.880000+00:00,124370.27596750532,426819.4968019538,9.729111564098783,0.0021287004492478445,-0.002321143401786685,0.0030310869857945733,0,0.0016799034202679161,-0.0026640189175112846,0.0030310869857945733,29_KW_1
45872,119,2026-02-15 13:41:27.320000+00:00,124400.81433346638,426811.3436857191,3.9874394206831574,0.00018207929679192603,0.0005568378255702555,0.003905291596974614,0,0.0005530534776808502,-0.0001932694624899908,0.003905291596974614,28_KW_1
45873,169,2026-02-15 13:41:43.100000+00:00,124669.37538251639,426931.3107571177,13.81175670561564,-0.0036949319328414276,0.008597564767114818,1.4927427471889132e-06,0,0.0006260564093944764,-0.009336953212120186,1.4927427471889132e-06,908_GSL_1
45874,72,2026-02-15 13:42:25.120000+00:00,124390.5242719172,426780.8881954456,10.990455339036387,0.00031221433891914785,0.0012645138776861131,0.003370017469629616,0,0.00010785070138035074,-0.0012980143937950986,0.003370017469629616,18_P6_1
45875,138,2026-02-15 13:45:19.800000+00:00,123928.08750524562,426940.4320241544,7.114873106276275,0.0008863669499987736,0.00030300236539915204,-0.003062957321652071,0,-0.0003030177707472555,0.0008863616835688315,-0.003062957321652071,905_GSL_1
45876,130,2026-02-15 13:45:21.500000+00:00,124898.93948330914,426720.7675027526,4.129623907700548,0.0011103118740720674,-0.002173946180846542,0.03956117523035374,0,0.0018631295472341714,0.001577207261315292,0.03956117523035374,901_GSL_1
45877,139,2026-02-15 13:45:21.820000+00:00,123928.08764891127,426940.4322801481,7.133357649015283,0.0007789875817252323,0.001176135498099029,-0.0032441817239732273,0,-0.00034704053939625754,0.0013673621416385386,-0.0032441817239732273,905_GSL_1
45878,134,2026-02-15 13:45:22.600000+00:00,123855.61559454647,426533.07251990517,6.054455802704311,0.0011324050574330613,-0.00177815678762272,0.00861288380653047,0,-0.0014642394447486387,-0.0015166362859667193,0.00861288380653047,904_GSL_1
45879,133,2026-02-15 13:45:22.910000+00:00,124806.22416228504,426258.5101274928,4.583753811012114,0.0022661915136268362,-0.0013563205720856786,-0.004403293172451583,0,0.0023388136924248357,-0.001226857767967917,-0.004403293172451583,903_GSL_1
45880,125,2026-02-15 13:45:37.020000+00:00,124339.65814495766,426609.59020761686,6.67403168666589,0.0002793940366245806,-0.001026229583658278,0.0005157485367757175,0,-0.0009748261813381886,0.0004253493884495722,0.0005157485367757175,17_P5_1
45881,132,2026-02-15 13:45:37.310000+00:00,124806.229339534,426258.50929473306,4.62799526402214,0.015205246221739799,0.004152982612140477,0.04536308981181847,0,0.004009108305134868,-0.015243812772340526,0.04536308981181847,903_GSL_1
45882,143,2026-02-15 13:45:38.540000+00:00,124266.91948665769,427056.31485160097,7.107533237333078,-8.077040547505021e-05,0.0006247249548323452,0.0019914991103000546,0,0.0006087262011364239,0.00016204178362662453,0.0019914991103000546,906_GSL_1
45883,137,2026-02-15 13:45:38.890000+00:00,123928.08590982102,426940.4287726594,7.133803024810549,-0.0034894408599939197,-0.0050559116643853486,0.010939333845018773,0,-0.0020543896210794064,-0.0057894666039510195,0.010939333845018773,905_GSL_1
45884,153,2026-02-15 13:45:39.560000+00:00,124370.27654251117,426819.49664039083,9.728672767900708,0.0027037062973249704,-0.0024827063898555934,0.0025922907877191648,0,0.0016846244022161224,-0.0032612726632225133,0.0025922907877191648,29_KW_1
45885,146,2026-02-15 13:45:52.540000+00:00,124350.92534522581,426607.5115299482,11.377154199752901,-0.0009213491284754127,-0.00033544859616085887,-0.0021673134711814868,0,-0.0005224733161474749,-0.0008297177900482515,-0.0021673134711814868,13_P5_1
45886,152,2026-02-15 13:45:53.940000+00:00,124370.27639761113,426819.4993557954,9.732284901041822,0.0006259492656681687,0.0001857574679888785,0.003363949813943279,0,3.667976301389925e-05,0.0006518994670111358,0.003363949813943279,29_KW_1
45887,141,2026-02-15 13:45:54.890000+00:00,124266.91708597065,427056.31358431076,7.0934535369446206,-0.0015427807957166806,-0.0009339922689832747,0.009318836681522669,0,-0.0008862182057939962,-0.001570710486968235,0.009318836681522669,906_GSL_1
45888,136,2026-02-15 13:45:58.660000+00:00,123855.61825387231,426533.0701172585,6.023545628736878,0.002483760516042821,-0.003991267585661262,0.0012530863001396497,0,0.00032063146588256374,-0.004690040373439186,0.0012530863001396497,904_GSL_1
45889,135,2026-02-15 13:46:04.210000+00:00,123855.62127408301,426533.06125322555,6.0616283358049365,0.007623804776812904,-0.015381695760879666,0.04042988868657904,0,0.0023274161157216993,-0.0170088829139217,0.04042988868657904,904_GSL_1
45890,5,2026-02-15 13:46:04.410000+00:00,124424.61789519119,426919.14482936595,8.782481520336788,0.0006924136687302962,-0.0015184031217359006,0.014655698330473754,11,-0.0015872936636339948,0.0005152509622788167,0.014655698330473754,TS4
45891,148,2026-02-15 13:46:10.150000+00:00,124351.03983827197,426607.3980580465,8.014412006059473,-0.00128014269284904,-0.00039784819819033146,-0.0010444091529091537,0,-0.0006601760134695953,-0.0011667116756497629,-0.0010444091529091537,14_P5_1
45892,122,2026-02-15 13:46:10.500000+00:00,124329.1513029008,426611.3904499803,8.087995709946616,0.0017519977554911748,-0.0015889285714365542,0.004331871504218654,0,-0.0010925888921404744,0.0020977224919289904,0.004331871504218654,16_P5_1
45893,150,2026-02-15 13:46:10.520000+00:00,124401.10304110154,426812.3220728552,9.185552491734647,-0.000139528390718624,0.0006412661750800908,0.0035384684908379427,0,0.0004298588922406221,-0.0004958949605310018,0.0035384684908379427,27_KW_1
45894,140,2026-02-15 13:46:14.670000+00:00,123928.0879836895,426940.42809530435,7.136778206496995,0.00045995703840162605,-0.006343372573610395,0.0012045002946514671,0,-0.0006665030847094362,-0.006325006697457369,0.0012045002946514671,905_GSL_1
45895,120,2026-02-15 13:46:25.770000+00:00,124329.26253445327,426611.3294198986,11.360417237715374,0.002282618108438328,-0.0017551914788782597,0.0023860710685017494,0,-0.0011169307401916,0.002653960865972305,0.0023860710685017494,15_P5_1
45896,129,2026-02-15 13:46:27.550000+00:00,124898.94027708804,426720.7739445483,4.083388971499035,0.0006053892575437203,0.001441878150217235,-0.008295773746578305,0,0.00043050222083830666,-0.0015033883700083946,-0.008295773746578305,901_GSL_1
45897,128,2026-02-15 13:46:27.590000+00:00,124898.93739857867,426720.7747390277,4.076457455112173,-0.0029028208373347297,0.005474992911331356,-0.004934475891506196,0,-0.0002508850335490972,-0.0061918472924269025,-0.004934475891506196,901_GSL_1
45898,145,2026-02-15 13:46:30.890000+00:00,124266.91890043503,427056.3127037196,7.111465855721533,0.0005766821996076033,-0.0020428880234248936,0.003498919429886449,0,-0.0018488422371877972,-0.0010429459322455568,0.003498919429886449,906_GSL_1
45899,6,2026-02-15 13:46:31.090000+00:00,124399.03982971117,426925.0748197608,8.555715972326695,0.000658966790069826,-0.0006294540944509208,0.008409276505137342,11,-0.0006820515594732308,0.0006043635972294267,0.008409276505137342,TS5
45900,124,2026-02-15 13:46:40.990000+00:00,124339.65906645641,426609.5889831518,6.677570050267105,0.0013007331872358918,-0.0012587521923705935,0.0031398544339120704,0,-0.0007889614734107951,0.001629080630186267,0.0031398544339120704,17_P5_1
45901,154,2026-02-15 13:46:41.190000+00:00,124285.66591565548,426445.56152284297,7.894735821566607,0.0012906554766232148,-0.0023021570523269475,-0.006864178433392709,11,-0.0026359494006603663,-0.00013224753333976845,-0.006864178433392709,TS1-1
45902,149,2026-02-15 13:46:44.520000+00:00,124351.04119777483,426607.3972737784,8.015141600814163,-0.00011391723819542676,0.0005413129110820591,0.002915756846364914,0,-0.0005166549699617838,0.00019764727894912976,0.002915756846364914,14_P5_1
45903,131,2026-02-15 13:46:44.850000+00:00,124806.21631920016,426258.5011415031,4.612374517774697,-0.0022252959897741675,-0.0051425613928586245,0.0008700450021343897,0,-0.000297496669391493,0.005595478143387391,0.0008700450021343897,903_GSL_1
45904,3,2026-02-15 13:46:45.050000+00:00,124314.90293310976,426440.7933704492,7.04860980220422,-0.004306242175516672,-0.0027068343479186296,-0.029819293286863946,11,-0.005065275241044054,0.0004622343493691739,-0.029819293286863946,TS2
45905,147,2026-02-15 13:46:59.420000+00:00,124350.92753089717,426607.5107092655,11.375839465374302,0.0010235515801468864,0.000716525362804532,0.001619823701858536,0,-0.0008692730641549561,-0.0008974579503787393,0.001619823701858536,13_P5_1
45906,126,2026-02-15 13:47:14.520000+00:00,124339.65862958171,426609.5887561845,6.670849774291029,0.0018089775694534183,0.0002660234458744526,0.00019258515557130096,0,-0.0006599492550906567,-0.0017051789645799063,0.00019258515557130096,17_P5_1
45907,121,2026-02-15 13:47:30.020000+00:00,124329.26165485191,426611.3276879344,11.354276286413448,0.0021120822057127953,-2.855819184333086e-05,-2.323566067374827e-05,0,-0.0005608503972941293,-0.0020364561487704576,-2.323566067374827e-05,15_P5_1
45908,123,2026-02-15 13:47:45.250000+00:00,124329.15231196024,426611.3904190996,8.079617672843261,0.002555348110035993,0.00014107994502410293,0.0015020277891952816,0,-0.0008489009881858147,-0.0024143476606755857,0.0015020277891952816,16_P5_1
45909,4,2026-02-15 13:47:45.450000+00:00,124378.97065463405,426782.7416263141,7.760813209606104,-0.0011633391550276428,0.00044340669410303235,0.005737504633837709,11,-0.0012384282544609833,-0.000127526250429204,0.005737504633837709,TS3
45910,68,2026-02-15 13:51:21.320000+00:00,123928.08753416876,426940.43360798474,7.13474854796445,-0.02141619309259113,-0.014127020491287112,0.015935266924223868,0,0.015550822633957061,-0.020405831273133734,0.015935266924223868,905_GSL_1
45911,68,2026-02-15 13:51:21.350000+00:00,123928.08177044056,426940.42780640244,7.121171369587335,-0.02717992129328195,-0.019928602792788297,0.0023580885471092827,0,0.0008792932158885514,-0.03369160391287752,0.0023580885471092827,905_GSL_1
45912,67,2026-02-15 13:51:21.910000+00:00,123855.6157741841,426533.0744723609,6.052100063497496,-0.002220290043624118,-0.016630343801807612,0.007691915159920626,0,-0.001141161150921077,-0.016739049377780264,0.007691915159920626,904_GSL_1
45913,66,2026-02-15 13:51:21.910000+00:00,124898.93502705637,426720.75973259454,4.130159413325917,-0.0025786073092604056,-0.014472560258582234,0.04787288292215308,0,0.003205113848536172,0.014346827569591358,0.04787288292215308,901_GSL_1
45914,71,2026-02-15 13:51:22.400000+00:00,124806.22101834288,426258.5086114933,4.586112117104296,-0.006743592603015713,-0.006494638801086694,-0.005391546044971385,0,0.002026837756295323,0.009140476085067168,-0.005391546044971385,903_GSL_1
45915,71,2026-02-15 13:51:37.600000+00:00,124806.2243221595,426258.50935606234,4.62818586447446,-0.0034397759882267565,-0.005750069743953645,0.03668220132519284,0,0.0032585218283797245,0.005854690120192986,0.03668220132519284,903_GSL_1
45916,69,2026-02-15 13:51:37.920000+00:00,124266.91930687329,427056.3146720364,7.1072645772659255,-0.023290323370019905,-0.00016634765779599547,0.016763206338493042,0,0.008672059670469636,-0.021616248871975077,0.016763206338493042,906_GSL_1
45917,68,2026-02-15 13:51:38.200000+00:00,123928.0883761591,426940.43113446666,7.132952596658877,-0.02057420276105404,-0.01660053856903687,0.014139315618651338,0,-0.0014068330594626845,-0.026398797714627976,0.014139315618651338,905_GSL_1
45918,67,2026-02-15 13:51:39.160000+00:00,123855.61386341524,426533.0759622298,6.026192898163361,-0.004131058900384232,-0.015140474890358746,-0.018215250174215214,0,0.012207747470484568,-0.00986258228056451,-0.018215250174215214,904_GSL_1
45919,69,2026-02-15 13:51:54.190000+00:00,124266.92021302086,427056.31361275964,7.095179663013025,-0.0223841757979244,-0.001225624408107251,0.004678292085592339,0,-0.0005391594485966779,-0.022411220145969774,0.004678292085592339,906_GSL_1
45920,67,2026-02-15 13:51:54.340000+00:00,123855.61272122287,426533.0773579649,6.059231529068489,-0.0052732512704096735,-0.013744739815592766,0.014823380730913271,0,0.012080638463328687,-0.008413276762211128,0.014823380730913271,904_GSL_1
45921,66,2026-02-15 13:51:55.430000+00:00,124898.93995084436,426720.77460241964,4.087745838883656,0.002345180677366443,0.0003972648410126567,0.0054593084798915115,0,0.002281690610548159,-0.0006719968163124792,0.0054593084798915115,901_GSL_1
45922,68,2026-02-15 13:51:55.590000+00:00,123928.0878019379,426940.4310242678,7.135678466885873,-0.021148423955310136,-0.01671073742909357,0.016865185845646558,0,0.020591921978120133,-0.017391875415396045,0.016865185845646558,905_GSL_1
45923,66,2026-02-15 13:51:59.870000+00:00,124898.93854546585,426720.77263185976,4.078564857193176,0.0009398021647939458,-0.0015732950414530933,-0.00372167321058825,0,0.0001673448812979619,0.0018249605713865844,-0.00372167321058825,901_GSL_1
45924,66,2026-02-15 13:52:11.400000+00:00,124898.94199022303,426720.7668332221,4.0849116234592255,0.004384559346362948,-0.007371932675596327,0.002625093055461214,0,0.0009819742274378752,0.0085208848514665,0.002625093055461214,901_GSL_1
45925,69,2026-02-15 13:52:12.510000+00:00,124266.91910819734,427056.3135745398,7.110615287638097,-0.02348899931530468,-0.0012638442567549646,0.020113916710664093,0,0.015772346907810337,-0.017451746736627884,0.020113916710664093,906_GSL_1
45926,71,2026-02-15 13:52:16.060000+00:00,124806.21676743843,426258.5025743337,4.608970537214728,-0.010994497060892172,-0.012531798391137272,0.017466874065460658,0,-0.005949074694791529,0.015573485377842314,0.017466874065460658,903_GSL_1
45927,149,2026-02-15 13:52:31.730000+00:00,124351.04092083845,426607.39730565104,8.015796308281677,-0.00039085361640900373,0.0005731855635531247,0.00357046431387964,0,-0.0005045693831708142,0.0004761491124556821,0.00357046431387964,14_P5_1
45928,147,2026-02-15 13:52:47.060000+00:00,124350.92651817389,426607.51067970804,11.3744993447844,1.08282984001562e-05,0.0006869679200462997,0.00027970311195701925,0,-0.0006800470450211816,9.786823681328432e-05,0.00027970311195701925,13_P5_1
45929,164,2026-02-15 13:52:49.100000+00:00,124091.06371730179,427154.20709739777,9.84284867826788,-0.03161114957765676,0.012366456328891218,0.028215146638482125,0,0.020294870071024197,-0.027208680022294526,0.028215146638482125,907_GSL_1
45930,110,2026-02-15 13:52:54.110000+00:00,124434.13988082665,426963.93339254585,8.790777878426187,-0.00020501582184806466,0.001305972400587052,0.039717518168398414,0,0.0012347847304055135,-0.00047212505531959265,0.039717518168398414,35_P9_0
45931,126,2026-02-15 13:53:02.610000+00:00,124339.65794895671,426609.5887273931,6.671512830797136,0.0011283525673206896,0.00023723201593384147,0.0008556416616780638,0,-0.00048117325511997354,-0.0010478219524902475,0.0008556416616780638,17_P5_1
45932,122,2026-02-15 13:53:05.510000+00:00,124329.15147472348,426611.39028212195,8.087550590125442,0.001923820425872691,-0.0017567868926562369,0.0038867516830443094,0,-0.0012113743100322977,0.002306503305483761,0.0038867516830443094,16_P5_1
45933,111,2026-02-15 13:53:09.160000+00:00,124434.26269008205,426963.97644978063,6.508212067981468,0.000999322728603147,-0.0016139987274073064,0.046919558366699476,0,-0.0013677557208455645,0.0013163897964013067,0.046919558366699476,36_P9_0
45934,107,2026-02-15 13:53:12.380000+00:00,124409.92208579546,426969.5237581931,6.288975633135207,0.001268288164283149,-0.0006528599769808352,-0.00010469029482607084,0,-0.00033255812633169136,0.0013871503558788754,-0.00010469029482607084,38_P9_0
45935,121,2026-02-15 13:53:18.320000+00:00,124329.26099246152,426611.3277300758,11.353700275028862,0.001449691815651022,1.3583223335444927e-05,-0.0005992470452600429,0,-0.00041682730358051255,-0.001388540911644859,-0.0005992470452600429,15_P5_1
45936,120,2026-02-15 13:53:20.770000+00:00,124329.26184832527,426611.3295162526,11.361075866648354,0.0015964901103870943,-0.0016588374855928123,0.003044700001481715,0,-0.0011982479753151723,0.0019658901967873916,0.003044700001481715,15_P5_1
45937,106,2026-02-15 13:53:26.980000+00:00,124410.03372919309,426969.44900318224,8.923325416471727,0.001525374871562235,-0.0005581586738117039,-0.0005618078668039317,0,-0.00017499268751503016,0.0016148334784927552,-0.0005618078668039317,37_P9_0
45938,123,2026-02-15 13:53:33.020000+00:00,124329.15152403033,426611.3904576402,8.080050281426793,0.0017674182017799467,0.0001796205760911107,0.001934636372727283,0,-0.0006659244483578998,-0.0016469897633007893,0.001934636372727283,16_P5_1
45939,124,2026-02-15 13:53:36.120000+00:00,124339.65914452395,426609.5890341699,6.6780443048489415,0.0013788007199764252,-0.001207734108902514,0.0036141090157482125,0,-0.0007160910489914404,0.0016872838269741093,0.0036141090157482125,17_P5_1
45940,102,2026-02-15 13:53:36.660000+00:00,124282.39286316742,426301.7933122078,6.903296482965968,-0.00042577840213198215,-0.000245656818151474,-1.500800768106103e-06,0,0.0003361652308606959,0.000358646703019483,-1.500800768106103e-06,02_P1_0
45941,160,2026-02-15 13:53:42.290000+00:00,124421.81204869635,426965.61660537147,5.5952610814928425,0.000842535708216019,-0.002032667165622115,0.003079851605503947,0,-0.0013596746760128375,0.0017299962431250242,0.003079851605503947,38a_P9_0
45942,118,2026-02-15 13:53:48.420000+00:00,124372.2612925708,426775.1125467683,6.169374777928934,0.0012652088043978438,-0.00011773052392527461,0.0038427089385724145,0,-0.0007472337778008889,-0.0010277429037959603,0.0038427089385724145,22_P6_1
45943,170,2026-02-15 13:53:51.820000+00:00,124669.37581923534,426931.3083168367,13.799493517962567,-0.01222758112999145,0.009819864993914962,0.013303387291179192,0,0.00012580900541702263,-0.01568208088499085,0.013303387291179192,908_GSL_1
45944,103,2026-02-15 13:53:51.960000+00:00,124282.31137700066,426301.79730005376,9.296863800855482,-0.00034140649950131774,-0.00014409946743398905,-0.0010876849356318274,0,0.00021823075571120258,0.00029949689761034245,-0.0010876849356318274,01_P1_0
45945,162,2026-02-15 13:53:59.290000+00:00,124402.99634234689,426879.6456528283,6.547320694795662,0.0009142185735981911,-0.002080759615637362,0.002647651505094828,0,0.0021522338406021833,-0.0007302367244572336,0.002647651505094828,34a_P7_0
45946,74,2026-02-15 13:54:04.720000+00:00,124369.34656962026,426785.72518487077,7.233292558279369,0.00025641095999162644,-0.0012814259389415383,0.003238723522296816,0,-0.0006245180007290253,-0.0011479443732870735,0.003238723522296816,21_P6_1
45947,100,2026-02-15 13:54:07.160000+00:00,124292.48416370086,426345.92959904467,7.5865578168617525,0.00044042755325790495,-0.0006359350518323481,-0.0019417521073457067,0,0.0005175940792645385,-0.0005748792820480231,-0.0019417521073457067,06_P2_0
45948,92,2026-02-15 13:54:10.020000+00:00,124278.31632119791,426395.6368712137,11.103282890826533,0.0023453953326679766,-0.0014194115065038204,0.0014939075993130047,0,0.001062557083074999,-0.0025271685215876136,0.0014939075993130047,11_P3_0
45949,104,2026-02-15 13:54:15.090000+00:00,124389.81706597132,426881.4444641912,10.725414264699745,-3.023895260412246e-05,0.00012462306767702103,-0.0004976033604613406,0,-0.00011567555713471948,5.535764385699569e-05,-0.0004976033604613406,33_P7_0
45950,73,2026-02-15 13:54:20.530000+00:00,124369.48968568075,426785.69514330203,11.409519140683333,0.00034611631417647004,-0.001323352160397917,0.003464524620257592,0,-0.000724220709308883,-0.0011604144981760085,0.003464524620257592,20_P6_1
45951,101,2026-02-15 13:54:22.440000+00:00,124292.40517947757,426345.8829539892,10.214980760609183,-0.00013939326163381338,-0.00043953669955953956,-0.0006377369911003683,0,0.00045983618311261804,3.425896012760055e-05,-0.0006377369911003683,05_P2_0
45952,93,2026-02-15 13:54:24.790000+00:00,124278.27019699161,426395.78974329337,7.950483907011238,0.002073411931633018,-0.0016068091499619186,0.0017583867317201296,0,0.0012845069805786928,-0.0022871192578184717,0.0017583867317201296,12_P3_0
45953,105,2026-02-15 13:54:30.170000+00:00,124389.68802190291,426881.4721890623,7.062110341344192,-0.0006635344470851123,0.00023584812879562378,-0.00018555537859832327,0,-9.147287194588994e-05,0.0006982370772330224,-0.00018555537859832327,34_P7_0
45954,165,2026-02-15 13:54:36.510000+00:00,124091.06113480781,427154.2056291234,9.856067740118451,-0.022645819350145757,0.00947732973145321,0.005332246392431017,0,0.021363398365465122,-0.012093722468973942,0.005332246392431017,907_GSL_1
45955,98,2026-02-15 13:54:37.460000+00:00,124302.66101656282,426390.0776254869,7.978876412609278,0.00017092927009798586,-0.00028652168111875653,-0.00017438252159251988,0,0.00023841709394200323,-0.00023338547179205184,-0.00017438252159251988,10_P3_0
45956,94,2026-02-15 13:54:40.190000+00:00,124268.2259659854,426351.554532122,10.21651554866306,0.0017434863111702725,-0.0014408985152840614,0.0020216093720986095,0,0.0010986632787189888,-0.0019770867579801295,0.0020216093720986095,07_P2_0
45957,152,2026-02-15 13:54:52.240000+00:00,124370.27610672964,426819.4992138765,9.731977901299972,0.0003350677725393325,4.3838575948029757e-05,0.0030569500720929454,0,-3.446698445242502e-05,0.0003361610624661597,0.0030569500720929454,29_KW_1
45958,99,2026-02-15 13:54:52.560000+00:00,124302.53808323429,426390.1347301431,11.087396694250994,2.9431248549371958e-06,-8.614885155111551e-05,-0.00035850849837260057,0,8.29943438662841e-05,-2.3285735841773976e-05,-0.00035850849837260057,09_P3_0
45959,95,2026-02-15 13:54:55.390000+00:00,124268.11116179042,426351.5475415529,7.1953593028889795,0.0016138881910592318,-0.0016494570882059634,0.0016884446438591993,0,0.0013251622137795125,-0.0018892561727421502,0.0016884446438591993,08_P2_0
45960,113,2026-02-15 13:55:02.870000+00:00,124414.07869701208,426875.91599141073,7.342555749904739,0.0014623979077441618,0.0007592725451104343,0.03920580477946256,0,-0.0010840877721970585,-0.0012409094006033627,0.03920580477946256,32_P7_0
45961,117,2026-02-15 13:55:07.580000+00:00,124377.68079448334,426815.90591035906,7.62116328148136,0.0007773392571834847,0.0002043205313384533,0.003728241308900593,0,0.0001739428321423511,0.0007846955405960311,0.003728241308900593,26_KW_0
45962,166,2026-02-15 13:55:10.550000+00:00,124091.06049262354,427154.20761436364,9.82415572645925,-0.011788212155806832,0.018586384074296802,-0.0056978926035551325,0,0.021262959635301365,-0.005683499479645489,-0.0056978926035551325,907_GSL_1
45963,96,2026-02-15 13:55:10.730000+00:00,124258.06277980166,426307.35096105695,9.308047169478968,0.0018016052345046774,-0.0014485199935734272,0.0035015613030768833,0,0.0010675930900061513,-0.0020504235140447772,0.0035015613030768833,03_P1_0
45964,112,2026-02-15 13:55:17.290000+00:00,124413.95232119775,426875.86841752625,10.70861392813686,0.0015865729365032166,0.001151460804976523,0.03934832121619536,0,-0.0014976986929167557,-0.0012649009026311365,0.03934832121619536,31_P7_0
45965,116,2026-02-15 13:55:22.830000+00:00,124377.68804849932,426815.90021408285,10.009126591972628,0.0006886077462695539,0.00015251926379278302,0.004066836695503895,0,0.00012577950446483182,0.0006939901082197845,0.004066836695503895,25_KW_0
45966,97,2026-02-15 13:55:25.880000+00:00,124257.98905333888,426307.39044394006,6.84065265456863,0.0011831300071207806,-0.0014087645686231554,0.0035904639725297116,0,0.001148935449274501,-0.0014367886264019505,0.0035904639725297116,04_P1_0
45967,125,2026-02-15 13:55:26.250000+00:00,124339.65709257805,426609.5903419205,6.6729069513760155,-0.0007729855715297163,-0.0008919259416870773,-0.000608986753098506,0,-0.0009946509946741346,-0.0006353801838594404,-0.000608986753098506,17_P5_1
45968,161,2026-02-15 13:55:33.920000+00:00,124402.99145657258,426879.64620681887,6.588314548914483,5.282598431222141e-05,-0.0013000681065022945,0.04669022809076129,0,0.0011149509157004503,-0.0006707101622472583,0.04669022809076129,34a_P7_0
45969,115,2026-02-15 13:55:38.410000+00:00,124396.2898584408,426811.634307512,7.650611723380063,-0.00023231901286635548,0.00039317557821050286,0.004339430607016581,0,0.0002177803217849384,-0.0004014111240157773,0.004339430607016581,24_KW_0
45970,146,2026-02-15 13:55:42.950000+00:00,124350.92446174861,426607.5118354138,11.378132605853828,-0.0018048263300443068,-2.9982998967170715e-05,-0.001188907370254455,0,-0.00041049144799562993,-0.0017577809399839097,-0.001188907370254455,13_P5_1
45971,114,2026-02-15 13:55:53.720000+00:00,124396.2992207625,426811.6298474356,9.994306887481628,0.00020011748711112887,0.0003086797660216689,0.0036228098314445845,0,0.0003676489065936486,1.2825290615020196e-05,0.0036228098314445845,23_KW_0
45972,148,2026-02-15 13:55:57.970000+00:00,124351.03994354053,426607.3982210141,8.014754092199261,-0.0011748741380870342,-0.00023488060105592012,-0.0007023230131206759,0,-0.0004785969613916656,-0.0010983820308275289,-0.0007023230131206759,14_P5_1
45973,150,2026-02-15 13:56:09.130000+00:00,124401.10289053009,426812.32191044337,9.185322077292579,-0.00029009983700234443,0.0004788543446920812,0.0033080540487695487,0,0.00020961168449453848,-0.0005191554108189872,0.0033080540487695487,27_KW_1
45974,153,2026-02-15 13:56:10.270000+00:00,124370.2756481836,426819.4973257649,9.72894911129304,0.0018093787221005186,-0.0017973323119804263,0.002868634180051899,0,0.0012584659367953705,-0.0022182241288032103,0.002868634180051899,29_KW_1
45975,168,2026-02-15 13:56:15.570000+00:00,124669.37107407478,426931.3120471806,13.790809825105221,-0.005657896574120969,0.004306608228944242,-0.010530194830007389,0,0.00017659267942654757,-0.0071082686433922146,-0.010530194830007389,908_GSL_1
45976,119,2026-02-15 13:56:24.920000+00:00,124400.81414254152,426811.3435155962,3.9876261421007606,-8.845556294545531e-06,0.00038671487709507346,0.004092013014577844,0,0.0003019673841588724,-0.0002417485034846456,0.004092013014577844,28_KW_1
45977,169,2026-02-15 13:56:41.110000+00:00,124669.3751058769,426931.31092379114,13.810698485753502,-0.0039715714228805155,0.008764238213188946,-0.0010567271193906436,0,0.00045567986771909,-0.009611327009457021,-0.0010567271193906436,908_GSL_1
45978,72,2026-02-15 13:57:23.330000+00:00,124390.52396972576,426780.88803728716,10.99036414596068,1.0022908099927008e-05,0.0011063554557040334,0.0032788243939219086,0,-0.0001654386790703186,-0.0010939620178600019,0.0032788243939219086,18_P6_1
