,Id,Timestamp,Easting,Northing,Height,EastingDiff,NorthingDiff,HeightDiff,Type,LongitudinalDisplacement,TransverseDisplacement,HeightDisplacement,Name
68047,130,2026-02-27 06:00:22.140000+00:00,124898.93954630659,426720.7686194187,4.130193269450649,0.0011733093269867823,-0.0010572800529189408,0.04013053698045432,0,0.001490396313868512,0.0005226994496855774,0.04013053698045432,901_GSL_1
68048,153,2026-02-27 06:00:45.140000+00:00,124370.27577244045,426819.4976138323,9.73506778232761,0.0019336355762789026,-0.0015092649264261127,0.008987305214620989,0,0.0009479111016311333,-0.0022623641845193527,0.008987305214620989,29_KW_1
68049,136,2026-02-27 06:01:02.180000+00:00,123855.61659775645,426533.0752974163,6.035809373279321,0.000827644660603255,0.0011888901935890317,0.013516830842582372,0,-0.0013667663164480023,0.000480005638363136,0.013516830842582372,904_GSL_1
68050,135,2026-02-27 06:01:04.680000+00:00,123855.6156288029,426533.07198665413,6.065683589436384,0.0019785246695391834,-0.0046482671750709414,0.04448514231802658,0,0.0009725567724576852,-0.004957325985162143,0.04448514231802658,904_GSL_1
68051,140,2026-02-27 06:01:19.140000+00:00,123928.08797382946,426940.4316917082,7.148345513403404,0.0004500969953369349,-0.002746968704741448,0.012771807201060525,0,-0.0005393890790002233,-0.0027308393932077984,0.012771807201060525,905_GSL_1
68052,145,2026-02-27 06:01:36.050000+00:00,124266.92086339976,427056.3160056378,7.119429530328599,0.0025396469281986356,0.0012590301921591163,0.011462594036952822,0,-0.0009145163975076088,0.0026830250284644555,0.011462594036952822,906_GSL_1
68053,6,2026-02-27 06:01:36.250000+00:00,124399.03722945975,426925.0768859247,8.570278597764,-0.0019412846304476261,0.0014367097755894065,0.022971901942442585,11,-0.0024105145663771256,0.00014879691182963345,0.022971901942442585,TS5
68054,66,2026-02-27 06:06:21.690000+00:00,124898.93967098596,426720.76861423627,4.132068422359086,0.00206532227457501,-0.005590918532107025,0.049781891955321456,0,0.004062566122482294,0.0043611331819806455,0.049781891955321456,901_GSL_1
68055,67,2026-02-27 06:06:39.920000+00:00,123855.61637437083,426533.0750774652,6.037522451316187,-0.0016201033140532672,-0.01602523948531598,-0.006885697021388637,0,0.010688961407694108,-0.012049030638800896,-0.006885697021388637,904_GSL_1
68056,68,2026-02-27 06:06:55.720000+00:00,123928.08756360461,426940.43208834535,7.146557707170378,-0.021386757245636545,-0.015646659885533154,0.027744426130151822,0,0.020864947451149807,-0.016336012944353856,0.027744426130151822,905_GSL_1
68057,67,2026-02-27 06:06:59.620000+00:00,123855.61562252785,426533.0719182779,6.064069063735321,-0.0023719462915323675,-0.019184426811989397,0.01966091539774517,0,0.012733815450892385,-0.01454366891046087,0.01966091539774517,904_GSL_1
68058,69,2026-02-27 06:07:12.740000+00:00,124266.9198647003,427056.3157297636,7.118650264008698,-0.02273249634890817,0.0008913795463740826,0.02814889308126567,0,0.01675475697457867,-0.015389576552706863,0.02814889308126567,906_GSL_1
68059,159,2026-02-27 06:07:56.580000+00:00,124421.80810301685,426965.61549849965,5.6352730997144915,0.00015236444596666843,-0.002675409021321684,0.04604720316487665,0,-0.002679727413994464,-9.452113558587613e-06,0.04604720316487665,38a_P9_0
68060,162,2026-02-27 06:08:10.360000+00:00,124402.99720541824,426879.647670459,6.55328628162291,0.0017772899300325662,-6.312888581305742e-05,0.008613238332342732,0,0.00021715973809884062,-0.0017651023765685675,0.008613238332342732,34a_P7_0
68061,110,2026-02-27 06:08:12.470000+00:00,124434.14246809013,426963.9314468891,8.790016323404132,0.0023822476505301893,-0.0006396843236871064,0.038955963146342754,0,-0.00013038471438030965,0.0024631889348329743,0.038955963146342754,35_P9_0
68062,104,2026-02-27 06:08:26.280000+00:00,124389.81608494345,426881.4464335842,10.731317416219342,-0.0010112668242072687,0.0020940160611644387,0.00540554815913552,0,-0.0018396963609690032,0.0014223505733799572,0.00540554815913552,33_P7_0
68063,111,2026-02-27 06:08:27.730000+00:00,124434.26366010767,426963.9749169602,6.506759816394027,0.001969348348211497,-0.003146819188259542,0.045467306779258365,0,-0.0026624152818877627,0.0025869574381833767,0.045467306779258365,36_P9_0
68064,105,2026-02-27 06:08:41.330000+00:00,124389.68744920615,426881.4741146942,7.067293612799265,-0.0012362312118057162,0.0021614800789393485,0.004997716076474923,0,-0.0018543053462689871,0.0016618710610310696,0.004997716076474923,34_P7_0
68065,176,2026-02-27 06:08:41.490000+00:00,124446.56641783442,427018.99911817716,7.909115406323139,-0.0008282395283458754,-0.003822964907158166,-0.009297517324046822,0,-0.003911637016870995,1.1715200469108253e-05,-0.009297517324046822,41_LHN_0
68066,109,2026-02-27 06:08:54.440000+00:00,124446.57126789112,427018.96551899536,10.389126946925453,0.0022130771540105343,0.000328526773955673,0.0033017054574848714,0,0.0007961347640447723,0.0020908873160188387,0.0033017054574848714,40_LHN_0
68067,65,2026-02-27 06:08:56.330000+00:00,124370.27576916787,426819.49771894235,9.734324401709891,-0.002705323277041316,-0.0007384815253317356,-0.0010548660405618193,0,0.0014235246831047555,0.0024161346140373382,-0.0010548660405618193,30_KW_1
68068,167,2026-02-27 06:09:10.780000+00:00,124669.37534314927,426931.3049703022,13.853139274401396,-0.0008898386877262965,-0.0014503149432130158,0.043767309584612946,0,-0.0009607322661563841,0.0014043574464670486,0.043767309584612946,908_GSL_1
68069,153,2026-02-27 06:09:11.530000+00:00,124370.27546394826,426819.4978534129,9.734278903858101,0.0016251433844445273,-0.0012696843477897346,0.008198426745112286,0,0.000797854179995136,-0.001901740800027792,0.008198426745112286,29_KW_1
68070,163,2026-02-27 06:09:28.840000+00:00,124091.05765476952,427154.2072524421,9.867651901706434,-0.02565989989670925,0.004268740303814411,0.01088182871092691,0,0.0231349238347521,-0.01189234651575408,0.01088182871092691,907_GSL_1
68071,151,2026-02-27 06:09:28.880000+00:00,124403.03598187577,426812.83876139496,6.613327878079456,-0.001003469675197266,0.0010774692054837942,0.0045825756037274346,0,-0.0008562728828119909,0.0011977846333824907,0.0045825756037274346,27_KW_1
68072,113,2026-02-27 06:09:43.980000+00:00,124414.0803895262,426875.91401040973,7.3412501366361855,0.003154912032186985,-0.0012217284529469907,0.037900191510908954,0,0.0004394423345480643,-0.0033545462849967366,0.037900191510908954,32_P7_0
68073,108,2026-02-27 06:09:45.840000+00:00,124422.71134355952,427023.83742588665,10.325416239745241,0.0006187195394886658,-0.0013936080504208803,-0.0029062445974155082,0,-0.00121099494557426,0.0009265249637956599,-0.0029062445974155082,39_LHN_0
68074,112,2026-02-27 06:09:58.670000+00:00,124413.95409546717,426875.866344661,10.707059034900245,0.003360842354595661,-0.000921404454857111,0.037793427979581296,0,9.016093149860307e-05,-0.0034836932282142673,0.037793427979581296,31_P7_0
68075,177,2026-02-27 06:09:58.970000+00:00,124422.72714669775,427023.8980372693,7.7907871732889955,0.0006408607005141675,-0.0013822682085447013,-0.002345446444159016,0,-0.0011947950356422374,0.0009454272370846696,-0.002345446444159016,42_LHN_0
68076,107,2026-02-27 06:10:13.340000+00:00,124409.92098210192,426969.52626358956,6.294559942999569,0.00016459461767226458,0.0018525364575907588,0.0054796195695354655,0,0.0018385246525606455,-0.00028073086185233405,0.0054796195695354655,38_P9_0
68077,161,2026-02-27 06:10:13.810000+00:00,124402.99228716447,426879.64425503067,6.586715313984461,0.000883417873410508,-0.003251856309361756,0.0450909931607395,0,0.002427881956330565,-0.0023367468416414885,0.0450909931607395,34a_P7_0
68078,106,2026-02-27 06:10:28.110000+00:00,124410.03236424424,426969.4515921556,8.929968507626432,0.0001604260178282857,0.002030814706813544,0.006081283287901584,0,0.0020097863889865356,-0.00033272143190796123,0.006081283287901584,37_P9_0
68079,160,2026-02-27 06:10:44.610000+00:00,124421.81218403892,426965.61884334515,5.601834405393307,0.000977878284174949,0.00020530651090666652,0.009653175505968115,0,0.0006579225026764854,0.0007520204003572786,0.009653175505968115,38a_P9_0
68080,130,2026-02-27 06:15:22.690000+00:00,124898.93894091184,426720.76726309594,4.131825284943381,0.0005679145833710209,-0.002413602836895734,0.04176255247318661,0,0.0014552046644420431,0.002007581881982087,0.04176255247318661,901_GSL_1
68081,153,2026-02-27 06:15:45.180000+00:00,124370.27523974811,426819.4979017795,9.733125484587571,0.0014009432343300432,-0.0012213177396915853,0.0070450074745824764,0,0.0008101211109373465,-0.0016727111982389922,0.0070450074745824764,29_KW_1
68082,136,2026-02-27 06:16:02.370000+00:00,123855.61432991432,426533.0781057522,6.033939443289034,-0.0014401974767679349,0.00399722607107833,0.011646900852295694,0,-0.001170486107619006,0.004084353964492786,0.011646900852295694,904_GSL_1
68083,135,2026-02-27 06:16:04.380000+00:00,123855.61489654209,426533.07307475543,6.0644307978941265,0.001246263855136931,-0.003560165874660015,0.043232350775769035,0,0.0009675860271605412,-0.0036457827598141606,0.043232350775769035,904_GSL_1
68084,140,2026-02-27 06:16:19.030000+00:00,123928.08754909966,426940.4313763868,7.143680194813615,2.5367189664393663e-05,-0.0030622901394963264,0.008106488611271168,0,-0.00012516117909207105,-0.003059836445304909,0.008106488611271168,905_GSL_1
68085,145,2026-02-27 06:16:36.070000+00:00,124266.92044691884,427056.3162343476,7.117694066741351,0.002123166006640531,0.001487739966250956,0.00972713044970508,0,-0.00045785340626932426,0.002551778665421802,0.00972713044970508,906_GSL_1
68086,6,2026-02-27 06:16:36.270000+00:00,124399.03727737673,426925.0768244622,8.571535358024422,-0.001893367647426203,0.0013752473169006407,0.024228662202864015,11,-0.0023400233890019293,2.0899040326562505e-05,0.024228662202864015,TS5
68087,66,2026-02-27 06:21:22.090000+00:00,124898.93845912037,426720.7655454481,4.133837337220289,0.0008534566877642646,-0.008659706683829427,0.051550806816524464,0,0.004128579465692814,0.007659878573666115,0.051550806816524464,901_GSL_1
68088,67,2026-02-27 06:21:39.600000+00:00,123855.61673402945,426533.07450691634,6.037458160558153,-0.0012604446965269744,-0.016595788358245045,-0.006949987779422351,0,0.010731049235992472,-0.012722165474453243,-0.006949987779422351,904_GSL_1
68089,68,2026-02-27 06:21:56.140000+00:00,123928.08764395084,426940.4313628508,7.146474517799217,-0.021306411013938487,-0.01637215440860018,0.027661236758991237,0,0.020760974662905614,-0.01705850290383411,0.027661236758991237,905_GSL_1
68090,67,2026-02-27 06:21:59.830000+00:00,123855.61584134532,426533.07151173806,6.063361021916618,-0.00215312882210128,-0.019590966636314988,0.018952873579042517,0,0.012780990546114835,-0.015002940316147814,0.018952873579042517,904_GSL_1
68091,69,2026-02-27 06:22:13.050000+00:00,124266.91964866115,427056.31539798074,7.119491496424727,-0.022948535508476198,0.0005595966940745711,0.028990125497294628,0,0.016674173615020743,-0.015777210295231478,0.028990125497294628,906_GSL_1
68092,159,2026-02-27 06:22:57.160000+00:00,124421.80845412271,426965.61542573007,5.63536724911344,0.0005034703062847257,-0.0027481786091811955,0.04614135256382479,0,-0.002773563663049605,0.0003366194056830105,0.04614135256382479,38a_P9_0
68093,162,2026-02-27 06:23:10.550000+00:00,124402.99706318366,426879.6476512742,6.554349037999971,0.0016350553487427533,-8.231366518884897e-05,0.009675994709404279,0,0.00022392461144065054,-0.0016217395910935462,0.009675994709404279,34a_P7_0
68094,110,2026-02-27 06:23:12.940000+00:00,124434.14269500393,426963.93150088313,8.790052740648783,0.0026091614563483745,-0.0005856903153471649,0.03899238039099373,0,-3.0390532510145468e-05,0.0026739171764135067,0.03899238039099373,35_P9_0
68095,104,2026-02-27 06:23:27.100000+00:00,124389.816020468,426881.4463867245,10.732389410250386,-0.001075742271495983,0.0020471563329920173,0.006477542190179264,0,-0.0017805169515721854,0.0014757472248175675,0.006477542190179264,33_P7_0
68096,111,2026-02-27 06:23:28.380000+00:00,124434.26388165886,426963.97496906825,6.50670803113312,0.0021908995404373854,-0.003094711108133197,0.045415521518351376,0,-0.002564890035999558,0.00279260035492405,0.045415521518351376,36_P9_0
68097,105,2026-02-27 06:23:42.050000+00:00,124389.68738668787,426881.4739654624,7.068814948906376,-0.001298749484703876,0.0020122482674196362,0.0065190521835862825,0,-0.0016952814272764816,0.0016917193018001911,0.0065190521835862825,34_P7_0
68098,176,2026-02-27 06:23:45.970000+00:00,124446.56694042074,427018.9991561581,7.90903155767223,-0.00030565320048481226,-0.0037849839427508414,-0.009381365974955536,0,-0.0037623617863720717,0.0005139660633694281,-0.009381365974955536,41_LHN_0
68099,65,2026-02-27 06:23:56.750000+00:00,124370.27551123853,426819.4977331743,9.734889504345489,-0.0029632526129717007,-0.0007242495776154101,-0.0004897634049640942,0,0.0014775826819713948,0.0026687362021934526,-0.0004897634049640942,30_KW_1
68100,109,2026-02-27 06:24:02.740000+00:00,124446.57229594325,427018.9653390578,10.389444041042985,0.003241129277739674,0.00014858919894322753,0.0036187995750172064,0,0.0008411767339210669,0.0031335952909356014,0.0036187995750172064,40_LHN_0
68101,153,2026-02-27 06:24:12.250000+00:00,124370.27547129538,426819.4976445616,9.735266603978076,0.0016324905009241775,-0.0014785356470383704,0.009186126865087019,0,0.0009974287840280687,-0.001963728269380245,0.009186126865087019,29_KW_1
68102,167,2026-02-27 06:24:18.760000+00:00,124669.37539221744,426931.30345243635,13.854415108605872,-0.0008407705172430724,-0.002968180808238685,0.0450431437890888,0,-0.0009870681625021554,0.0029227878499193637,0.0450431437890888,908_GSL_1
68103,163,2026-02-27 06:24:29+00:00,124091.05838402,427154.20810484356,9.869249435140548,-0.024930649422458373,0.005121141788549721,0.012479362145040085,0,0.023058672759505214,-0.01077316037261149,0.012479362145040085,907_GSL_1
68104,151,2026-02-27 06:24:36.240000+00:00,124403.03547159012,426812.8389693421,6.613216963238946,-0.0015137553273234516,0.001285416365135461,0.0044716607632171446,0,-0.000958534072963162,0.0017392420342571193,0.0044716607632171446,27_KW_1
68105,108,2026-02-27 06:24:46.120000+00:00,124422.71156920237,427023.83742777584,10.326498177218841,0.0008443623810308054,-0.0013917188625782728,-0.0018243071238153163,0,-0.0011565612494423914,0.0011455109337079358,-0.0018243071238153163,39_LHN_0
68106,113,2026-02-27 06:24:51.270000+00:00,124414.08021544461,426875.91404559114,7.3414655937450535,0.002980830438900739,-0.00118654704419896,0.0381156486197769,0,0.00044650813559898953,-0.0031770858468757775,0.0381156486197769,32_P7_0
68107,177,2026-02-27 06:24:59.290000+00:00,124422.72733910248,427023.8979879521,7.7914565044031665,0.0008332654251717031,-0.0014315854059532285,-0.001676115329988015,0,-0.001197902539185946,0.0011440269008798317,-0.001676115329988015,42_LHN_0
68108,112,2026-02-27 06:25:07.070000+00:00,124413.95379992039,426875.8664149131,10.707000435010427,0.0030652955756522715,-0.0008511523483321071,0.03773482808976247,0,9.269375616374245e-05,-0.0031799221930344317,0.03773482808976247,31_P7_0
68109,107,2026-02-27 06:25:12.730000+00:00,124409.92111585489,426969.5263093499,6.2963081693774825,0.0002983475860673934,0.0018982968176715076,0.007227845947449296,0,0.0019147835914082698,-0.0001616969021585198,0.007227845947449296,38_P9_0
68110,161,2026-02-27 06:25:23.490000+00:00,124402.99196240892,426879.64426519227,6.586651700574606,0.0005586623301496729,-0.0032416947069577873,0.04502737975088422,0,0.002574952917840145,-0.002047023605910034,0.04502737975088422,34a_P7_0
68111,106,2026-02-27 06:25:27.710000+00:00,124410.03235194391,426969.4514949933,8.931115069492227,0.0001481256913393736,0.0019336523837409914,0.007227845153696677,0,0.001912518224553657,-0.00032128928138379197,0.007227845153696677,37_P9_0
68112,160,2026-02-27 06:25:43.460000+00:00,124421.81230158107,426965.6187322486,5.602947473990732,0.0010954204335575923,9.42099723033607e-05,0.010766244103393774,0,0.0006186279743248816,0.0009089119179104194,0.010766244103393774,38a_P9_0
68113,130,2026-02-27 06:30:22.690000+00:00,124898.9391890839,426720.7677267344,4.131831962975087,0.0008160866418620571,-0.0019499643822200596,0.041769230504892896,0,0.0015052690117985151,0.0014840901930380343,0.041769230504892896,901_GSL_1
68114,153,2026-02-27 06:30:44.710000+00:00,124370.27501826278,426819.49781540054,9.734867175977193,0.0011794579040724784,-0.0013076966861262918,0.008786698864204467,0,0.0009516807652184017,-0.0014817203823589815,0.008786698864204467,29_KW_1
68115,136,2026-02-27 06:31:02.140000+00:00,123855.6141239316,426533.0784803038,6.035417358573893,-0.0016461801860714331,0.004371777700725943,0.01312481613715466,0,-0.001222555756329216,0.004508625831918755,0.01312481613715466,904_GSL_1
68116,135,2026-02-27 06:31:05.020000+00:00,123855.61263737142,426533.0763098197,6.065216099291877,-0.0010129068105015904,-0.0003251016023568809,0.04401765217351983,0,0.0010207172184615687,0.00029967919272381034,0.04401765217351983,904_GSL_1
68117,140,2026-02-27 06:31:18.930000+00:00,123928.08773131328,426940.43244031206,7.145745787692902,0.00020758081518579274,-0.0019983648671768606,0.01017208149055815,0,-0.0002726023458475229,-0.0019905375902600827,0.01017208149055815,905_GSL_1
68118,145,2026-02-27 06:31:35.250000+00:00,124266.92049558289,427056.316183555,7.119847167788227,0.0021718300558859482,0.0014369473792612553,0.011880231496580684,0,-0.0005281743047323531,0.0025500383264248886,0.011880231496580684,906_GSL_1
68119,6,2026-02-27 06:31:35.450000+00:00,124399.03741112842,426925.0769155655,8.570794505107436,-0.0017596159595996141,0.0014663506299257278,0.02348780928587857,11,-0.0022854392985129424,-0.00015231450349168673,0.02348780928587857,TS5
68120,66,2026-02-27 06:36:22.390000+00:00,124898.93757386056,426720.763603708,4.131910229636892,-3.1803123420104384e-05,-0.0106014467892237,0.049623699233127816,0,0.004061055740050394,0.009792829608422917,0.049623699233127816,901_GSL_1
68121,67,2026-02-27 06:36:38.540000+00:00,123855.6163038735,426533.0754872684,6.033308036639807,-0.0016906006494536996,-0.015615436306688935,-0.011100111697769144,0,0.010506393403425773,-0.011675430581209569,-0.011100111697769144,904_GSL_1
68122,68,2026-02-27 06:36:54.600000+00:00,123928.08763732595,426940.4316534371,7.144676637368596,-0.021313035904313438,-0.0160815681447275,0.02586335632836967,0,0.02077707899316558,-0.016768283214563903,0.02586335632836967,905_GSL_1
68123,67,2026-02-27 06:37:00.850000+00:00,123855.61842023057,426533.0675221092,6.064873107566924,0.0004257564287399873,-0.023580595501698554,0.02046495922934799,0,0.012886882640227316,-0.019752316536759615,0.02046495922934799,904_GSL_1
68124,69,2026-02-27 06:37:11.150000+00:00,124266.91968314188,427056.3156015366,7.118708950839758,-0.022914054774446413,0.0007631525513716042,0.028207579912325365,0,0.01679319290602964,-0.015608490639516404,0.028207579912325365,906_GSL_1
68125,159,2026-02-27 06:37:58.300000+00:00,124421.80808314763,426965.61550022836,5.6353161639112646,0.00013249521725811064,-0.002673680312000215,0.04609026736164967,0,-0.002676802174112133,-2.918071353481378e-05,0.04609026736164967,38a_P9_0
68126,162,2026-02-27 06:38:08.660000+00:00,124402.99726454192,426879.647850869,6.553560409511631,0.0018364136049058288,0.00011728110257536173,0.008887366221063786,0,4.255520544077373e-05,-0.0018396626972883936,0.008887366221063786,34a_P7_0
68127,110,2026-02-27 06:38:14.560000+00:00,124434.14232072193,426963.9314782265,8.790038027577724,0.0022348794591380283,-0.0006083469488658011,0.03897766731993535,0,-0.00013037316412672255,0.0023125256852945444,0.03897766731993535,35_P9_0
68128,104,2026-02-27 06:38:24.090000+00:00,124389.81620674422,426881.44640797866,10.731495425051252,-0.0008894660568330437,0.0020684105111286044,0.005583556991044958,0,-0.001839821062936625,0.0012978945893947493,0.005583556991044958,33_P7_0
68129,111,2026-02-27 06:38:30.210000+00:00,124434.26377747903,426963.97503678815,6.506592598996212,0.0020867197163170204,-0.0030269912094809115,0.0453000893814437,0,-0.002520588075969625,0.0026765109205868455,0.0453000893814437,36_P9_0
68130,105,2026-02-27 06:38:39.140000+00:00,124389.68759998154,426881.4740476439,7.06783808337895,-0.0010854558204300702,0.0020944297430105507,0.00554218665616002,0,-0.0018203458214493568,0.0015003970730592033,0.00554218665616002,34_P7_0
68131,176,2026-02-27 06:38:43.830000+00:00,124446.56626986258,427018.99925683247,7.9095360471896194,-0.0009762113622855395,-0.0036843096022494137,-0.008876876457565963,0,-0.003807978001351776,-0.00016257124685366194,-0.008876876457565963,41_LHN_0
68132,65,2026-02-27 06:38:54.340000+00:00,124370.27544704484,426819.49782442645,9.733971621827584,-0.0030274463060777634,-0.0006329974276013672,-0.0014076459228693494,0,0.0014064122910229032,0.0027546544878066927,-0.0014076459228693494,30_KW_1
68133,109,2026-02-27 06:38:57.230000+00:00,124446.57153890861,427018.9655594141,10.389276457655576,0.0024840946425683796,0.0003689455334097147,0.0034512161876083525,0,0.0008938132981216206,0.002346901103148758,0.0034512161876083525,40_LHN_0
68134,153,2026-02-27 06:39:10.240000+00:00,124370.27576948509,426819.4977944761,9.73452188080653,0.0019306802132632583,-0.001328621117863804,0.008441403693542071,0,0.0007744023588116476,-0.002212026479811415,0.008441403693542071,29_KW_1
68135,167,2026-02-27 06:39:13.520000+00:00,124669.37541356064,426931.3043739879,13.853589182175352,-0.0008194273104891181,-0.002046629262622446,0.044217217358568206,0,-0.0009200074397192293,0.002003431747442172,0.044217217358568206,908_GSL_1
68136,163,2026-02-27 06:39:27.190000+00:00,124091.05816299419,427154.2076244763,9.87042151530162,-0.025151675232336856,0.004640774510335177,0.013651442306112926,0,0.022949259920010994,-0.01129048378823959,0.013651442306112926,907_GSL_1
68137,151,2026-02-27 06:39:30.960000+00:00,124403.03588038121,426812.8388929832,6.612893830932524,-0.0011049642344005406,0.0012090574600733817,0.004148528456795475,0,-0.000965036511498155,0.0013234313100946877,0.004148528456795475,27_KW_1
68138,177,2026-02-27 06:39:43.280000+00:00,124422.72750092082,427023.8980761623,7.791201648583144,0.000995083770249039,-0.0013433751882985234,-0.0019309711500108406,0,-0.00107440229133618,0.0012808232987889868,-0.0019309711500108406,42_LHN_0
68139,113,2026-02-27 06:39:46.190000+00:00,124414.08051752101,426875.91391779087,7.3415446467992655,0.0032829068368300796,-0.0013143473188392818,0.03819470167398897,0,0.0004990979584865721,-0.003500840956353234,0.03819470167398897,32_P7_0
68140,108,2026-02-27 06:39:57.040000+00:00,124422.71178112936,427023.8373957374,10.325844763340513,0.0010562893730821088,-0.00142375729046762,-0.002477721002144051,0,-0.0011383186163371089,0.0013590668819253387,-0.002477721002144051,39_LHN_0
68141,112,2026-02-27 06:40:01.140000+00:00,124413.9542157397,426875.8663192363,10.707154590744054,0.003481114879832603,-0.0009468291536904871,0.037888983823389566,0,8.605784707496153e-05,-0.0036065551846363067,0.037888983823389566,31_P7_0
68142,107,2026-02-27 06:40:11.550000+00:00,124409.92114601698,426969.5265897704,6.295749614974699,0.00032850967545527965,0.0021787172881886363,0.006669291544666223,0,0.002194331586186132,-0.00019908922267574365,0.006669291544666223,38_P9_0
68143,161,2026-02-27 06:40:22.520000+00:00,124402.99255353189,426879.64404851757,6.586779495244826,0.0011497852974571288,-0.0034583694068714976,0.045155174421104505,0,0.002481075000051522,-0.0026695677606595105,0.045155174421104505,34a_P7_0
68144,106,2026-02-27 06:40:26.300000+00:00,124410.03243561163,426969.4517544789,8.9301974298309,0.0002317934122402221,0.002193138003349304,0.006310205492368937,0,0.002184510754148402,-0.0003024818221032785,0.006310205492368937,37_P9_0
68145,160,2026-02-27 06:40:41.800000+00:00,124421.81247011945,426965.61909581494,5.602270470114672,0.0012639588094316423,0.0004577763029374182,0.010089240227333818,0,0.0010181480232135285,0.0008777958864663755,0.010089240227333818,38a_P9_0
68146,130,2026-02-27 06:45:22.500000+00:00,124898.94062864553,426720.77068696433,4.130279202429825,0.0022556482726940885,0.0010102655505761504,0.04021646995963035,0,0.0016911814389582388,-0.0018023570548900399,0.04021646995963035,901_GSL_1
68147,153,2026-02-27 06:45:45+00:00,124370.27525496559,426819.49782242166,9.733744098678747,0.0014161607105052099,-0.0013006755616515875,0.00766362156575795,0,0.00088268564310456,-0.0017082547029390503,0.00766362156575795,29_KW_1
68148,136,2026-02-27 06:46:01.850000+00:00,123855.61510923001,426533.0773847958,6.035623212530949,-0.0006608817784581333,0.0032762697082944214,0.013330670094210184,0,-0.0013807372482555135,0.0030437267580821687,0.013330670094210184,904_GSL_1
68149,135,2026-02-27 06:46:04.750000+00:00,123855.61854966979,426533.0676186276,6.062031026785608,0.004899391555227339,-0.009016293683089316,0.04083257966725018,0,0.0010079764339983733,-0.01021183494283242,0.04083257966725018,904_GSL_1
68150,140,2026-02-27 06:46:18.110000+00:00,123928.08769244271,426940.4319833992,7.146549641787937,0.0001687102485448122,-0.0024552777176722884,0.010975935585593177,0,-0.00024864389103177955,-0.002448474634198744,0.010975935585593177,905_GSL_1
68151,145,2026-02-27 06:46:35.370000+00:00,124266.92024523328,427056.31603519554,7.119586290846336,0.0019214804488001391,0.0012885879259556532,0.011619354554690098,0,-0.0004551155542646645,0.002268350896644133,0.011619354554690098,906_GSL_1
68152,6,2026-02-27 06:46:35.570000+00:00,124399.03757695912,426925.0769079237,8.570254071329872,-0.0015937852585921064,0.0014587087789550424,0.022947375508314494,11,-0.002158222489146968,-0.00010029177257523986,0.022947375508314494,TS5
68153,66,2026-02-27 06:51:22.030000+00:00,124898.94171880356,426720.7743223165,4.130622652667913,0.004113139875698835,0.00011716171866282821,0.04833612226414896,0,0.0037494475710508966,-0.0016950779974161613,0.04833612226414896,901_GSL_1
68154,67,2026-02-27 06:51:39.530000+00:00,123855.61602839903,426533.07573873736,6.034435726241185,-0.0019660751131596044,-0.015363967337179929,-0.009972422096391043,0,0.010582694090488278,-0.011310328442430915,-0.009972422096391043,904_GSL_1
68155,68,2026-02-27 06:51:56.020000+00:00,123928.08762116286,426940.43068287254,7.144307856712862,-0.021329198993043974,-0.01705213269451633,0.02549457567263591,0,0.020761571617547377,-0.01773885856208657,0.02549457567263591,905_GSL_1
68156,67,2026-02-27 06:51:59.800000+00:00,123855.61848451127,426533.06725332723,6.064299489567048,0.0004900371277472004,-0.023849377466831356,0.01989134122947256,0,0.01298459567840849,-0.02001082749438987,0.01989134122947256,904_GSL_1
68157,69,2026-02-27 06:52:12.620000+00:00,124266.92011317893,427056.3157166312,7.118047465399296,-0.02248401772521902,0.0008782471413724124,0.02754609447186329,0,0.016569250938924498,-0.01522374114441787,0.02754609447186329,906_GSL_1
68158,159,2026-02-27 06:52:57.250000+00:00,124421.80767550821,426965.61537205876,5.635270666418684,-0.00027514419343788177,-0.0028018499142490327,0.046044769869069135,0,-0.0027801250658075144,-0.0004438151502919404,0.046044769869069135,38a_P9_0
68159,162,2026-02-27 06:53:09.660000+00:00,124402.997334222,426879.64768365264,6.553030738625492,0.0019060936901951209,-4.993524635210633e-05,0.00835769533492492,0,0.00021518162451477342,-0.001894566851050942,0.00835769533492492,34a_P7_0
68160,110,2026-02-27 06:53:12.760000+00:00,124434.14184070948,426963.9315803052,8.790161941179974,0.0017548670002724975,-0.0005062682321295142,0.03910158092218552,0,-0.00013033006291915478,0.0018217792912996972,0.03910158092218552,35_P9_0
68161,104,2026-02-27 06:53:25.480000+00:00,124389.81634521672,426881.4464182989,10.73120092462229,-0.00075099355308339,0.002078730729408562,0.00528905656208245,0,-0.0018785434037349976,0.0011645546111900451,0.00528905656208245,33_P7_0
68162,111,2026-02-27 06:53:28.050000+00:00,124434.26326279249,426963.97505548113,6.506795919747707,0.0015720331721240655,-0.003008298226632178,0.04550341013293835,0,-0.0026105276584408284,0.002169398962646614,0.04550341013293835,36_P9_0
68163,105,2026-02-27 06:53:40.760000+00:00,124389.68776129148,426881.4740890539,7.067387095444476,-0.0009241458756150678,0.002135839778929949,0.005091198721686396,0,-0.0018946465217977895,0.0013513592113555196,0.005091198721686396,34_P7_0
68164,176,2026-02-27 06:53:41.640000+00:00,124446.56586627576,427018.9993440672,7.9093712053399745,-0.0013797981810057536,-0.0035970748867839575,-0.0090417183072109,0,-0.0038094118153589743,-0.0005754757878851639,-0.0090417183072109,41_LHN_0
68165,109,2026-02-27 06:53:54.750000+00:00,124446.57046787087,427018.96573821065,10.389623296224547,0.001413056903402321,0.0005477420636452734,0.003798054756579461,0,0.0008384254545201742,0.00126245551911819,0.003798054756579461,40_LHN_0
68166,65,2026-02-27 06:53:55.960000+00:00,124370.27579637429,426819.4978254447,9.734050410985567,-0.002678116856259294,-0.000631979200989008,-0.0013288567648856997,0,0.0013136233435394975,0.0024178712367640626,-0.0013288567648856997,30_KW_1
68167,167,2026-02-27 06:54:11.180000+00:00,124669.37545550028,426931.3058369822,13.852887312505645,-0.0007774876721668988,-0.0005836349446326494,0.043515347688861894,0,-0.0008054996264184049,0.0005443226807764573,0.043515347688861894,908_GSL_1
68168,153,2026-02-27 06:54:11.290000+00:00,124370.27574940721,426819.49794049043,9.733923497174294,0.0019106023391941562,-0.0011826067930087447,0.007843020061304884,0,0.0006387972001252738,-0.0021542744167159207,0.007843020061304884,29_KW_1
68169,163,2026-02-27 06:54:28.280000+00:00,124091.05768058768,427154.2068243117,9.870758329336667,-0.025634081743191928,0.0038406099192798138,0.0139882563411593,0,0.022858653904213145,-0.012220408056039595,0.0139882563411593,907_GSL_1
68170,151,2026-02-27 06:54:28.700000+00:00,124403.03738784163,426812.8385925835,6.612618597453153,0.00040249618177767843,0.0009086577338166535,0.0038732949774242798,0,-0.0009705729941734573,-0.0002136588789439757,0.0038732949774242798,27_KW_1
68171,113,2026-02-27 06:54:44.150000+00:00,124414.08071900197,426875.9138677564,7.341571820877135,0.0034843877947423607,-0.0013643818092532456,0.03822187575185865,0,0.0004999705360508548,-0.0037084397647328335,0.03822187575185865,32_P7_0
68172,108,2026-02-27 06:54:45.890000+00:00,124422.71182152486,427023.83741345105,10.325569525462535,0.0010966848785756156,-0.0014060436515137553,-0.00275295888012117,0,-0.0011116790612802129,0.0013942188270030255,-0.00275295888012117,39_LHN_0
68173,177,2026-02-27 06:54:59.080000+00:00,124422.7274852497,427023.8981073054,7.7900624111651835,0.0009794126526685432,-0.0013122321106493473,-0.0030702085679710223,0,-0.001047772297001888,0.001258322482538503,-0.0030702085679710223,42_LHN_0
68174,112,2026-02-27 06:54:59.870000+00:00,124413.95457706737,426875.8661704259,10.706968216061648,0.003842442558379844,-0.0010956395417451859,0.03770260914098422,0,0.00014405418116504188,-0.003992998774451742,0.03770260914098422,31_P7_0
68175,107,2026-02-27 06:55:13.430000+00:00,124409.92131467622,426969.52623907506,6.295569150683747,0.0004971689195372164,0.0018280219519510865,0.0064888272537135805,0,0.0018938118451533256,4.814443400664614e-05,0.0064888272537135805,38_P9_0
68176,161,2026-02-27 06:55:15.160000+00:00,124402.99284060167,426879.64382239815,6.586991496324824,0.0014368550764629617,-0.0036844888236373663,0.04536717550110225,0,0.0025415211408785173,-0.0030299638104659943,0.04536717550110225,34a_P7_0
68177,106,2026-02-27 06:55:28.240000+00:00,124410.03261136274,426969.4516915935,8.929814015698426,0.00040754451765678823,0.002130252600181848,0.005926791359895489,0,0.0021657415364442147,-0.00011675732000127376,0.005926791359895489,37_P9_0
68178,160,2026-02-27 06:55:43.640000+00:00,124421.81253407458,426965.61891977675,5.601787910157677,0.0013279139384394512,0.00028173811733722687,0.009606680270338508,0,0.0008959866026759749,0.0010197743880327964,0.009606680270338508,38a_P9_0
68179,130,2026-02-27 07:00:21.940000+00:00,124898.94142743725,426720.7737873178,4.128438939218071,0.003054439992411062,0.004110619018319994,0.038376206747877006,0,0.0012318763470076893,-0.004970842287449594,0.038376206747877006,901_GSL_1
68180,153,2026-02-27 07:00:44.920000+00:00,124370.27561767706,426819.49785400624,9.733073228619178,0.001778872188879177,-0.0012690909788943827,0.006992751506189165,0,0.0007568667222664279,-0.002049909983829673,0.006992751506189165,29_KW_1
68181,136,2026-02-27 07:01:01.700000+00:00,123855.61588063554,426533.0765806006,6.033024252425802,0.00011052374611608684,0.002472074469551444,0.010731709989063809,0,-0.0015358760259640307,0.001940219707747688,0.010731709989063809,904_GSL_1
68182,135,2026-02-27 07:01:03.120000+00:00,123855.61915194594,426533.06671198225,6.066608445793488,0.00550166770699434,-0.009922939061652869,0.0454099986751304,0,0.0010186307616427163,-0.011300241526219511,0.0454099986751304,904_GSL_1
68183,140,2026-02-27 07:01:20.400000+00:00,123928.08773050175,426940.4316887856,7.144297229131019,0.00020676928397733718,-0.0027498913113959134,0.008723522928675287,0,-0.00029628486945758797,-0.0027416912731775137,0.008723522928675287,905_GSL_1
68184,145,2026-02-27 07:01:37.450000+00:00,124266.92068070242,427056.3162536216,7.117476356538963,0.0023569495824631304,0.001507013977970928,0.009509420247316491,0,-0.0006101361700878801,0.0027302081089219878,0.009509420247316491,906_GSL_1
68185,6,2026-02-27 07:01:37.650000+00:00,124399.03741324012,426925.0768021853,8.571358281643668,-0.0017575042584212497,0.001352970371954143,0.024051585822110866,11,-0.002209933044644977,0.000188536426031529,0.024051585822110866,TS5
68186,66,2026-02-27 07:06:21.610000+00:00,124898.94334934244,426720.7776973876,4.130032418029377,0.005743678761064075,0.0034922328195534647,0.04774588762561294,0,0.0039515146387606535,-0.005437928634684824,0.04774588762561294,901_GSL_1
68187,67,2026-02-27 07:06:39.530000+00:00,123855.61520771748,426533.0768225787,6.036649661684958,-0.0027867566677741706,-0.014280126022640616,-0.007758486652617691,0,0.010614220596866376,-0.00995119756958624,-0.007758486652617691,904_GSL_1
68188,68,2026-02-27 07:06:57.770000+00:00,123928.08737051906,426940.4315879266,7.144185254529598,-0.021579842796199955,-0.01614707865519449,0.02537197348937159,0,0.021041602746315197,-0.016842467695441822,0.02537197348937159,905_GSL_1
68189,67,2026-02-27 07:06:59.460000+00:00,123855.6233078211,426533.0604217666,6.064804457887819,0.005313346948241815,-0.03068093809997663,0.020396309550243075,0,0.012828782293721294,-0.028372063078797975,0.020396309550243075,904_GSL_1
68190,69,2026-02-27 07:07:14.890000+00:00,124266.92059425646,427056.3160093501,7.1182667377597415,-0.02200294019712601,0.001170966075733304,0.027765366832309013,0,0.016434266218356343,-0.014677037600722202,0.027765366832309013,906_GSL_1
68191,159,2026-02-27 07:07:56.600000+00:00,124421.80753389574,426965.61535968183,5.635472586215583,-0.0004167566657997668,-0.002814226842019707,0.0462466896659679,0,-0.0027839289898930653,-0.0005859165606686067,0.0462466896659679,38a_P9_0
68192,110,2026-02-27 07:08:12.080000+00:00,124434.14152034365,426963.93157969613,8.78976492615662,0.0014345011732075363,-0.0005068773170933127,0.03870456589883098,0,-0.00019753666975547732,0.001508541512395144,0.03870456589883098,35_P9_0
68193,162,2026-02-27 07:08:16.980000+00:00,124402.9973831264,426879.64756227174,6.554160053219762,0.001954998093424365,-0.00017131614731624722,0.009487009929195267,0,0.00034035632464147293,-0.0019327504598112848,0.009487009929195267,34a_P7_0
68194,111,2026-02-27 07:08:27.910000+00:00,124434.26291853935,426963.9751062385,6.50668473808831,0.0012277800269657746,-0.0029575408552773297,0.04539222847354196,0,-0.002633285349470228,0.0018221690298970887,0.04539222847354196,36_P9_0
68195,104,2026-02-27 07:08:32.730000+00:00,124389.81623421975,426881.4464053077,10.7319911588294,-0.0008619905274827033,0.002065739536192268,0.006079290769193335,0,-0.001842887675947188,0.0012704615360961263,0.006079290769193335,33_P7_0
68196,176,2026-02-27 07:08:42.200000+00:00,124446.56479062035,427018.999549936,7.910346850190955,-0.0024554535921197385,-0.003391206089872867,-0.008066073456230782,0,-0.0038392450083105847,-0.001670248141207409,-0.008066073456230782,41_LHN_0
68197,105,2026-02-27 07:08:47.900000+00:00,124389.68762596067,426881.47398883617,7.068650677363624,-0.0010594766936264932,0.0020356220193207264,0.006354780640833724,0,-0.0017682899975944803,0.0014626682311065725,0.006354780640833724,34_P7_0
68198,109,2026-02-27 07:08:59.050000+00:00,124446.57014893388,427018.9657773362,10.389109235062833,0.001094119914341718,0.0005868676234968007,0.0032839935948647536,0,0.000808144239253311,0.000942557628492602,0.0032839935948647536,40_LHN_0
68199,65,2026-02-27 07:09:03.600000+00:00,124370.27574400195,426819.49782626197,9.734316627359526,-0.002730489199166186,-0.000631161907222122,-0.001062640390927072,0,0.0013265963185542142,0.0024686188096767537,-0.001062640390927072,30_KW_1
68200,167,2026-02-27 07:09:15.890000+00:00,124669.37521127111,426931.3079784196,13.85268394162182,-0.0010217168455710635,0.001557802432216704,0.04331197680503607,0,-0.0009431314130791881,-0.0016065979173418643,0.04331197680503607,908_GSL_1
68201,153,2026-02-27 07:09:19.210000+00:00,124370.27567280477,426819.4976955234,9.734801380237448,0.0018339998932788149,-0.0014275738503783941,0.008720903124459056,0,0.0008952880175704917,-0.002144756879561317,0.008720903124459056,29_KW_1
68202,151,2026-02-27 07:09:33.730000+00:00,124403.03824376935,426812.83839768416,6.613181227610678,0.0012584239011630416,0.0007137584034353495,0.004435925134949059,0,-0.0009498690724103388,-0.001091251812723035,0.004435925134949059,27_KW_1
68203,163,2026-02-27 07:09:35.910000+00:00,124091.05765399196,427154.2065803133,9.871503060656307,-0.02566067746374756,0.0035966114955954254,0.014732987660799779,0,0.022734336031846852,-0.01243205322301192,0.014732987660799779,907_GSL_1
68204,113,2026-02-27 07:09:48.890000+00:00,124414.08126386037,426875.91381102154,7.341351318054295,0.00402924619265832,-0.0014211166417226195,0.03800137292901873,0,0.00042599563871790645,-0.004251226306164595,0.03800137292901873,32_P7_0
68205,108,2026-02-27 07:09:52.030000+00:00,124422.71096459811,427023.83749445033,10.326208342341998,0.00023975812655407935,-0.0013250443735159934,-0.0021141420006589584,0,-0.0012326567799784945,0.0005420182781126139,-0.0021141420006589584,39_LHN_0
68206,112,2026-02-27 07:10:04.590000+00:00,124413.95503643483,426875.86617832165,10.706986060131609,0.004301810011384077,-0.0010877437889575958,0.03772045321094453,0,2.6432751653298855e-05,-0.004437122630049809,0.03772045321094453,31_P7_0
68207,177,2026-02-27 07:10:05.180000+00:00,124422.72711710309,427023.8980071695,7.790626834390503,0.000611266033956781,-0.0014123680302873254,-0.0025057853426515564,0,-0.0012309662597980425,0.0009236621051476402,-0.0025057853426515564,42_LHN_0
68208,107,2026-02-27 07:10:19.760000+00:00,124409.92127434937,426969.52615070675,6.295934676733191,0.00045684206997975707,0.0017396536422893405,0.006854353303157978,0,0.001798388252288159,2.998609787716432e-05,0.006854353303157978,38_P9_0
68209,161,2026-02-27 07:10:25.340000+00:00,124402.99308408693,426879.64377518365,6.58681727002554,0.001680340341408737,-0.0037317033275030553,0.04519294920181771,0,0.0024659842278149857,-0.0032662019496091693,0.04519294920181771,34a_P7_0
68210,106,2026-02-27 07:10:34.430000+00:00,124410.03241322137,426969.4514733565,8.93096262277021,0.00020940315152984113,0.00191201560664922,0.007075398431679147,0,0.0019062553152652134,-0.0002566009215960375,0.007075398431679147,37_P9_0
68211,160,2026-02-27 07:10:50.860000+00:00,124421.81227296297,426965.6187947041,5.602939614799626,0.0010668023314792663,0.00015666545368731022,0.010758384912287866,0,0.0006590620360180157,0.0008533747778722062,0.010758384912287866,38a_P9_0
68212,153,2026-02-27 07:15:45.730000+00:00,124370.27567138094,426819.49785120145,9.734784631032557,0.0018325760611332953,-0.001271895773243159,0.00870415391956847,0,0.0007454587575880843,-0.0021024616806419724,0.00870415391956847,29_KW_1
68213,136,2026-02-27 07:16:02.640000+00:00,123855.61423351048,426533.0780235533,6.033345402324807,-0.0015366013103630394,0.003915027191396803,0.011052859888068589,0,-0.0010442115833080461,0.004074089305068195,0.011052859888068589,904_GSL_1
68214,135,2026-02-27 07:16:09.900000+00:00,123855.62277485256,426533.06129615655,6.064823636259263,0.009124574324232526,-0.015338764758780599,0.043625189140905185,0,0.0010614014364949639,-0.017815975637451336,0.043625189140905185,904_GSL_1
68215,140,2026-02-27 07:16:22.660000+00:00,123928.08688347969,426940.4322289566,7.146719497879311,-0.0006402527797035873,-0.0022097203182056546,0.011145791676967498,0,0.0005678921151254668,-0.002229413836008782,0.011145791676967498,905_GSL_1
68216,145,2026-02-27 07:16:39.850000+00:00,124266.92040945639,427056.31568994885,7.119037717056166,0.0020857035560766235,0.0009433412342332304,0.011070780764519839,0,-0.0008149338533240535,0.00213914347876475,0.011070780764519839,906_GSL_1
68217,6,2026-02-27 07:16:40.050000+00:00,124399.03730395297,426925.07676249935,8.570515236730717,-0.0018667914118850604,0.0013132844469510019,0.02320854090915958,11,-0.0022803508681688463,9.811285406512305e-05,0.02320854090915958,TS5
68218,67,2026-02-27 07:21:40.580000+00:00,123855.61567681197,426533.07548977045,6.032487867108589,-0.0023176621762104332,-0.01561293425038457,-0.011920281228986696,0,0.011013489179124637,-0.01130656136812482,-0.011920281228986696,904_GSL_1
68219,68,2026-02-27 07:21:59.730000+00:00,123928.08680127977,426940.42990821926,7.145412914945652,-0.02214908208406996,-0.01782678597373888,0.026599633905425968,0,0.021555741504767557,-0.018539852844615658,0.026599633905425968,905_GSL_1
68220,67,2026-02-27 07:22:03.120000+00:00,123855.61948193953,426533.0656075063,6.0658683894036525,0.001487465386162512,-0.025495198380667716,0.02146024106607669,0,0.013083247175500837,-0.021932768568727997,0.02146024106607669,904_GSL_1
68221,69,2026-02-27 07:22:17.130000+00:00,124266.91962246547,427056.31511983846,7.119091121288811,-0.022974731182330288,0.00028145441319793463,0.028589750361378563,0,0.01649671931361693,-0.015992990382501526,0.028589750361378563,906_GSL_1
68222,162,2026-02-27 07:23:15.270000+00:00,124402.9973598661,426879.64762729255,6.553390637004306,0.0019317377882543951,-0.00010629533790051937,0.00871759371373848,0,0.00027356670648883867,-0.0019152208328363123,0.00871759371373848,34a_P7_0
68223,159,2026-02-27 07:23:23.360000+00:00,124421.80772866477,426965.615292598,5.635051427586156,-0.00022198763326741755,-0.00288131064735353,0.045825531036540745,0,-0.002862650365597152,-0.0003955533342331691,0.045825531036540745,38a_P9_0
68224,104,2026-02-27 07:23:30.940000+00:00,124389.81630608498,426881.44628902245,10.731407596688035,-0.0007901252974988893,0.001949454308487475,0.0054957286278281,0,-0.001743975858544242,0.0011761030105577322,0.0054957286278281,33_P7_0
68225,110,2026-02-27 07:23:39.270000+00:00,124434.14174344813,426963.931583372,8.789716666219292,0.0016576056514168158,-0.0005032014450989664,0.038656305961502824,0,-0.00014755299078925797,0.0017260058820490153,0.038656305961502824,35_P9_0
68226,105,2026-02-27 07:23:45.940000+00:00,124389.68762845233,426881.47397664416,7.067799012547224,-0.0010569850273896009,0.0020234300172887743,0.005503115824433635,0,-0.0017568944548201901,0.001457672205131562,0.005503115824433635,34_P7_0
68227,111,2026-02-27 07:23:54.350000+00:00,124434.26317705306,426963.97500363697,6.5067671902728375,0.0014862937387079,-0.0030601423932239413,0.04547468065806903,0,-0.0026792399736231373,0.0020964764983821185,0.04547468065806903,36_P9_0
68228,65,2026-02-27 07:24:02.020000+00:00,124370.27569499692,426819.4977658012,9.73307833652946,-0.0027794942288892344,-0.0006916226702742279,-0.0023009312209936184,0,0.0013978088542408625,0.0025000120986650564,-0.0023009312209936184,30_KW_1
68229,176,2026-02-27 07:24:13.230000+00:00,124446.56624970205,427018.99907016545,7.9097267676674505,-0.0009963718912331387,-0.003870976623147726,-0.008686155979734878,0,-0.00399462120470499,-0.00014219139747863522,-0.008686155979734878,41_LHN_0
68230,153,2026-02-27 07:24:18.280000+00:00,124370.2757799089,426819.4975502736,9.734431018276794,0.0019411040266277269,-0.0015728236176073551,0.008350541163805403,0,0.001007278618494477,-0.0022862739903646108,0.008350541163805403,29_KW_1
68231,109,2026-02-27 07:24:27.540000+00:00,124446.56965952352,427018.96577642084,10.38949390600003,0.0006047095521353185,0.0005859522498212755,0.0036686645320624933,0,0.0007021460305877894,0.0004647629860951957,0.0036686645320624933,40_LHN_0
68232,163,2026-02-27 07:24:35.790000+00:00,124091.0570625842,427154.20598168543,9.869721220321486,-0.02625208522658795,0.0029979836544953287,0.01295114732597824,0,0.022851477636470028,-0.013265362963996448,0.01295114732597824,907_GSL_1
68233,167,2026-02-27 07:24:44.180000+00:00,124669.37518065023,426931.3091548823,13.853759403782032,-0.0010523377277422696,0.0027342651737853885,0.04438743896524855,0,-0.0009153174815872836,-0.0027831303673572527,0.04438743896524855,908_GSL_1
68234,177,2026-02-27 07:24:51.230000+00:00,124422.72695475437,427023.8980371887,7.7904887607639814,0.0004489173152251169,-0.0013823488261550665,-0.002643858969173074,0,-0.001239618339818551,0.0007587894336815164,-0.002643858969173074,42_LHN_0
68235,151,2026-02-27 07:25:02.440000+00:00,124403.03828564932,426812.8386431634,6.613238136007468,0.0013003038766328245,0.0009592376300133765,0.004492833531739571,0,-0.0011987729914806158,-0.0010834529603617532,0.004492833531739571,27_KW_1
68236,108,2026-02-27 07:25:05.140000+00:00,124422.71122059855,427023.8373112567,10.32561972954904,0.0004957585624651983,-0.0015082380268722773,-0.002702754793617146,0,-0.001351130172041477,0.0008336700523350403,-0.002702754793617146,39_LHN_0
68237,113,2026-02-27 07:25:17.590000+00:00,124414.08108901537,426875.9138467564,7.3415557762005035,0.0038544011913472787,-0.0013853817945346236,0.038205831075226904,0,0.0004327046354105964,-0.004072893069917436,0.038205831075226904,32_P7_0
68238,107,2026-02-27 07:25:19.880000+00:00,124409.92110196246,426969.5262344718,6.2951877308745345,0.00028445516363717616,0.0018234187155030668,0.006107407444501334,0,0.0018387501136272882,-0.00015738034121942282,0.006107407444501334,38_P9_0
68239,112,2026-02-27 07:25:32.520000+00:00,124413.95480598947,426875.86624620965,10.707237661654448,0.004071364659466781,-0.0010198557865805924,0.03797205473378362,0,1.5678136072503205e-05,-0.00419712642314075,0.03797205473378362,31_P7_0
68240,106,2026-02-27 07:25:34.640000+00:00,124410.03227756967,426969.45164662314,8.930074372517685,7.375144923571497e-05,0.0020852822344750166,0.006187148179154889,0,0.002041809624931389,-0.00042994735633450105,0.006187148179154889,37_P9_0
68241,161,2026-02-27 07:25:49.220000+00:00,124402.99305779215,426879.6437158978,6.587114021871466,0.0016540455544600263,-0.003790989168919623,0.04548970104774419,0,0.002530613410615099,-0.0032716144854047034,0.04548970104774419,34a_P7_0
68242,160,2026-02-27 07:25:50.820000+00:00,124421.81219188498,426965.61885389825,5.602093773049448,0.000985724342172034,0.00021585961803793907,0.009912543162108989,0,0.0006709639564721571,0.0007536943827342775,0.009912543162108989,38a_P9_0
68243,153,2026-02-27 07:30:46.660000+00:00,124370.27558212291,426819.49775021366,9.733576662475308,0.0017433180328225717,-0.0013728835619986057,0.007496185362318997,0,0.0008663593068759482,-0.0020428873169511252,0.007496185362318997,29_KW_1
68244,136,2026-02-27 07:31:03.350000+00:00,123855.6156382626,426533.0758760747,6.033878400819676,-0.0001318491849815473,0.0017675486160442233,0.011585858382937353,0,-0.0009271395900380581,0.0015106371166644253,0.011585858382937353,904_GSL_1
68245,135,2026-02-27 07:31:13.660000+00:00,123855.61631618105,426533.0703940713,6.061381732524277,0.002665902822627686,-0.006240850023459643,0.0401832854059192,0,0.001297912525308425,-0.006661131281671154,0.0401832854059192,904_GSL_1
68246,140,2026-02-27 07:31:23.130000+00:00,123928.08657368134,426940.4320766344,7.144796517156816,-0.0009500511223450303,-0.0023620425490662456,0.009222810954472749,0,0.0008725610725799717,-0.0023917523519976953,0.009222810954472749,905_GSL_1
68247,145,2026-02-27 07:31:41.060000+00:00,124266.92028613732,427056.3157844902,7.118777990232028,0.0019623844855232164,0.0010378825827501714,0.010811053940381399,0,-0.000660814855520173,0.002119310466005922,0.010811053940381399,906_GSL_1
68248,6,2026-02-27 07:31:41.260000+00:00,124399.03740455036,426925.0767185888,8.57086295226308,-0.0017661940219113603,0.001269373926334083,0.02355625644152326,11,-0.002174918134718278,-2.1968048748115378e-05,0.02355625644152326,TS5
68249,71,2026-02-27 07:36:26.860000+00:00,124806.23392278046,426258.5198573623,4.592292346613803,0.006160844975966029,0.004751230240799487,0.0007886834645356444,0,-0.00084285724260243,-0.007734325522472276,0.0007886834645356444,903_GSL_1
68250,71,2026-02-27 07:36:48.330000+00:00,124806.23387031554,426258.5145944397,4.624088036790939,0.006108380053774454,-0.0005116923712193966,0.03258437364167133,0,0.0034984443912788694,-0.005033390786064912,0.03258437364167133,903_GSL_1
68251,67,2026-02-27 07:37:00+00:00,123855.61514216132,426533.07665923296,6.034244970729704,-0.002852312827599235,-0.014443471736740321,-0.010163177607871887,0,0.010762946966641061,-0.010045324129652342,-0.010163177607871887,904_GSL_1
68252,67,2026-02-27 07:37:06.390000+00:00,123855.61872163646,426533.066830088,6.064033013872843,0.0007271623180713505,-0.024272616719827056,0.019624865535266878,0,0.01302599668144415,-0.020494196688805755,0.019624865535266878,904_GSL_1
68253,68,2026-02-27 07:37:19.200000+00:00,123928.08674349953,426940.4295128479,7.144716732540455,-0.02220686232612934,-0.01822215731954202,0.02590345150022877,0,0.021600591417440102,-0.018936900542766085,0.02590345150022877,905_GSL_1
68254,69,2026-02-27 07:37:36.820000+00:00,124266.92041268066,427056.315691136,7.118708688782219,-0.022184515997651033,0.0008527519530616701,0.02820731785478614,0,0.016338793396151793,-0.015030760669418953,0.02820731785478614,906_GSL_1
68255,66,2026-02-27 07:37:44.630000+00:00,124898.93976535235,426720.7702095954,4.128112143463643,0.0021596886654151604,-0.003995559411123395,0.04582561305987909,0,0.003534082123580923,0.002852895666358166,0.04582561305987909,901_GSL_1
68256,162,2026-02-27 07:38:13.450000+00:00,124402.99723666873,426879.6475587315,6.5538541830528665,0.0018085404153680429,-0.00017485639546066523,0.009181139762299395,0,0.0003311718427330289,-0.0017865381058443505,0.009181139762299395,34a_P7_0
68257,159,2026-02-27 07:38:21.680000+00:00,124421.8083287653,426965.6152810351,5.635085852446036,0.00037811289075762033,-0.0028928735991939902,0.04585995589642078,0,-0.0029104257024642,0.00020275416026913916,0.04585995589642078,38a_P9_0
68258,104,2026-02-27 07:38:29.210000+00:00,124389.8160716522,426881.44636676245,10.731748820575627,-0.0010245580779155716,0.002027194306720048,0.005836952515419824,0,-0.001771563838315117,0.001421547599974913,0.005836952515419824,33_P7_0
68259,110,2026-02-27 07:38:37.630000+00:00,124434.14251615577,426963.93141911476,8.78989556418486,0.0024303132959175855,-0.0006674586911685765,0.038835203927071404,0,-0.00014755822486798754,0.0025159790124331476,0.038835203927071404,35_P9_0
68260,105,2026-02-27 07:38:44.290000+00:00,124389.68751924168,426881.47392886144,7.068079875918832,-0.001166195681435056,0.001975647290237248,0.0057839791960416775,0,-0.0016872757929316162,0.0015544436243899425,0.0057839791960416775,34_P7_0
68261,111,2026-02-27 07:38:52.700000+00:00,124434.26397856516,426963.9747798317,6.506763709077884,0.0022878058371134102,-0.0032839476480148733,0.0454711994631154,0,-0.0027295216459024825,0.002927128163880497,0.0454711994631154,36_P9_0
68262,65,2026-02-27 07:39:01.490000+00:00,124370.27521603204,426819.49793542054,9.733772917806,-0.0032584591099293903,-0.0005220033344812691,-0.0016063499444527451,0,0.0013600357403944056,0.003006716820244507,-0.0016063499444527451,30_KW_1
68263,176,2026-02-27 07:39:08.090000+00:00,124446.56694501026,427018.99901484273,7.90917681644208,-0.00030106368649285287,-0.003926299337763339,-0.009236107205105704,0,-0.003899397682387914,0.000548783698403358,-0.009236107205105704,41_LHN_0
68264,153,2026-02-27 07:39:17.750000+00:00,124370.27519949178,426819.4978962658,9.734513909215895,0.0013606869033537805,-0.0012268314021639526,0.00843343210290648,0,0.0008260193834654999,-0.0016353214107426544,0.00843343210290648,29_KW_1
68265,109,2026-02-27 07:39:22.650000+00:00,124446.57105165384,427018.9655121744,10.390078234246149,0.0019968398701166734,0.00032170582562685013,0.0042529927781806975,0,0.000743034542530803,0.0018811602201130732,0.0042529927781806975,40_LHN_0
68266,163,2026-02-27 07:39:35.010000+00:00,124091.05837910887,427154.20715394075,9.869956954870819,-0.024935560548328795,0.004170238971710205,0.013186881875311585,0,0.02249499137323696,-0.011538996319374438,0.013186881875311585,907_GSL_1
68267,167,2026-02-27 07:39:39.780000+00:00,124669.37524833402,426931.30410879775,13.852927580842156,-0.0009846539323916659,-0.002311819407623261,0.0435556160253725,0,-0.0010981938493221275,0.002260093495709632,0.0435556160253725,908_GSL_1
68268,108,2026-02-27 07:39:52.140000+00:00,124422.71227779194,427023.8371379191,10.326134255789992,0.0015529519587289542,-0.0016815756098367274,-0.0021882285526650946,0,-0.0012732646246969767,0.0019021444511953141,-0.0021882285526650946,39_LHN_0
68269,151,2026-02-27 07:39:57.560000+00:00,124403.03695600336,426812.8387167093,6.612862336476305,-2.9342088964767754e-05,0.0010327835334464908,0.004117034000576503,0,-0.001006296880441238,0.00023424212592372873,0.004117034000576503,27_KW_1
68270,177,2026-02-27 07:40:05.890000+00:00,124422.72757213886,427023.8977179245,7.79118966985132,0.0010663018038030714,-0.0017016130150295794,-0.0019429498818341884,0,-0.0014061697887871305,0.0014335874283817143,-0.0019429498818341884,42_LHN_0
68271,113,2026-02-27 07:40:12.740000+00:00,124414.08036475572,426875.914030665,7.341337823020077,0.0031301415438065305,-0.0012014731764793396,0.037987877894800626,0,0.0004256327173124302,-0.0033256819854003057,0.037987877894800626,32_P7_0
68272,107,2026-02-27 07:40:19.870000+00:00,124409.9213549123,426969.5260332949,6.295205708524665,0.0005374049942474812,0.0016222418053075671,0.006125385094631675,0,0.0017035059307369247,0.00013616220721556386,0.006125385094631675,38_P9_0
68273,112,2026-02-27 07:40:27.980000+00:00,124413.95405424853,426875.8664832596,10.707243310191688,0.003319623720017262,-0.0007828058442100883,0.037977703271023344,0,-3.454248257359074e-05,-0.003410497536889356,0.037977703271023344,31_P7_0
68274,106,2026-02-27 07:40:34.670000+00:00,124410.03251909786,426969.45141284156,8.93047284392091,0.0003152796416543424,0.0018515006522648036,0.006585619582379465,0,0.0018729809758446364,-0.00013927735603017956,0.006585619582379465,37_P9_0
68275,161,2026-02-27 07:40:44.010000+00:00,124402.9921417769,426879.6442742648,6.587118596949635,0.0007380302995443344,-0.0032326221698895097,0.04549427612591295,0,0.0024808429892407284,-0.00219998929066525,0.04549427612591295,34a_P7_0
68276,160,2026-02-27 07:40:51.820000+00:00,124421.81247729331,426965.61882046016,5.602432751683519,0.0012711326708085835,0.00018242152873426676,0.010251521796180718,0,0.0007815887854077111,0.0010189086570775655,0.010251521796180718,38a_P9_0
68277,130,2026-02-27 07:45:21.320000+00:00,124898.93823949443,426720.765189047,4.131352929482641,-0.00013350283552426845,-0.004487651807721704,0.041290197012446406,0,0.0016083538244997494,0.004191663122157831,0.041290197012446406,901_GSL_1
68278,133,2026-02-27 07:45:22.650000+00:00,124806.221059674,426258.5126719754,4.59742973130558,-0.0008364195236936212,0.0011881620739586651,0.009272627121013954,0,-0.0014499715101938167,9.438937035430909e-05,0.009272627121013954,903_GSL_1
68279,132,2026-02-27 07:45:39.110000+00:00,124806.2170132502,426258.5057166523,4.625140767756144,0.002878962433896959,0.0005749018746428192,0.042508593545822926,0,0.0009421567568410674,-0.0027805174890290565,0.042508593545822926,903_GSL_1
68280,153,2026-02-27 07:45:40.370000+00:00,124370.27503398259,426819.4978824608,9.733872371315414,0.0011951777123613283,-0.0012406363966874778,0.007791894202425098,0,0.0008828445703573651,-0.0014792612674918064,0.007791894202425098,29_KW_1
68281,135,2026-02-27 07:45:56.440000+00:00,123855.61091373002,426533.07852017146,6.063414968112829,-0.0027365482092136517,0.001885250152554363,0.042216520994471374,0,0.0012060257461478164,0.0030965087015355367,0.042216520994471374,904_GSL_1
68282,136,2026-02-27 07:45:56.620000+00:00,123855.61444500844,426533.0775566832,6.031701771167092,-0.001325103352428414,0.0034481571055948734,0.009409228730353547,0,-0.0009426049599856834,0.003571719783086549,0.009409228730353547,904_GSL_1
68283,5,2026-02-27 07:45:56.640000+00:00,124424.61947063539,426919.1385137104,8.798053908519753,-0.0004146685387240723,-0.007223818334750831,-0.009190837884116121,11,-0.007183167285862995,0.0008704074182803609,-0.009190837884116121,TS4
68284,140,2026-02-27 07:46:16.270000+00:00,123928.08659117654,426940.43271783873,7.1469249514059054,-0.0009325559221906587,-0.001720838190522045,0.011351245203561788,0,0.0008759735868947068,-0.0017503185141667437,0.011351245203561788,905_GSL_1
68285,145,2026-02-27 07:46:35.480000+00:00,124266.92059229616,427056.31587527617,7.1190090582033765,0.0022685433214064687,0.0011286685476079583,0.011042121911730263,0,-0.0008140450817560853,0.0023994816307540425,0.011042121911730263,906_GSL_1
68286,6,2026-02-27 07:46:35.680000+00:00,124399.03878659524,426925.0768724187,8.570900143670757,-0.00038414914160966873,0.0014232037938199937,0.023593447849199478,11,-0.0011425409117036428,-0.0009314933530769169,0.023593447849199478,TS5
68287,66,2026-02-27 07:51:22.210000+00:00,124898.93850563973,426720.76287444995,4.132444476967578,0.0008999760466394946,-0.01133070484502241,0.05015794656381356,0,0.005201992543491527,0.010106141832915156,0.05015794656381356,901_GSL_1
68288,71,2026-02-27 07:51:22.970000+00:00,124806.22218315898,426258.5126933751,4.593188762899748,-0.0055787765013519675,-0.0024127569631673396,0.0016850997504809229,0,-0.0008492767254610159,0.006018544048101634,0.0016850997504809229,903_GSL_1
68289,67,2026-02-27 07:51:39.400000+00:00,123855.6139958134,426533.0799675353,6.03563406097558,-0.003998660744400695,-0.011135169421322644,-0.008774087361995697,0,0.009757244392109099,-0.006691596794713912,-0.008774087361995697,904_GSL_1
68290,71,2026-02-27 07:51:40.360000+00:00,124806.22167579016,426258.5047072795,4.623371070650686,-0.0060861453239340335,-0.010398852580692619,0.03186740750141848,0,0.005960254067589879,0.010471517146469272,0.03186740750141848,903_GSL_1
68291,67,2026-02-27 07:51:57.820000+00:00,123855.61497845425,426533.06889769726,6.0610191333354315,-0.003016019894857891,-0.022205007437150925,0.016610984997855738,0,0.014962607372788558,-0.01668169991031729,0.016610984997855738,904_GSL_1
68292,68,2026-02-27 07:51:59.060000+00:00,123928.08804088268,426940.4332332936,7.145030901523432,-0.020909479178953916,-0.014501711644697934,0.026217620483206083,0,0.02042527522607594,-0.015176102665049531,0.026217620483206083,905_GSL_1
68293,69,2026-02-27 07:52:17.990000+00:00,124266.92196082145,427056.3158676848,7.118511921065108,-0.020636375207686797,0.0010293007362633944,0.02801055013767595,0,0.015365049434779168,-0.013814293235084268,0.02801055013767595,906_GSL_1
68294,159,2026-02-27 07:52:34.710000+00:00,124421.80867637311,426965.6116352034,5.635312439842232,0.0007257207034854218,-0.0065387052600272,0.046086543292616966,0,-0.006570593803217937,0.000329596859949851,0.046086543292616966,38a_P9_0
68295,110,2026-02-27 07:52:50.310000+00:00,124434.14259247624,426963.9276424385,8.789961810868734,0.002506633769371547,-0.004444134945515543,0.038901450610945076,0,-0.0038259013168850963,0.0033758002578889554,0.038901450610945076,35_P9_0
68296,162,2026-02-27 07:52:56.860000+00:00,124402.99878643955,426879.6477286094,6.553859214310419,0.0033583112381165847,-4.978501237928867e-06,0.009186171019852196,0,0.00029634807880232707,-0.0033452140400465997,0.009186171019852196,34a_P7_0
68297,111,2026-02-27 07:53:05.630000+00:00,124434.2641211007,426963.9711444878,6.507014123943275,0.0024303413811139762,-0.006919291568920016,0.04572161432850663,0,-0.006253718516609286,0.003830686591134906,0.04572161432850663,36_P9_0
68298,104,2026-02-27 07:53:12.740000+00:00,124389.81774237075,426881.4465074825,10.731720116614323,0.0006461604789365083,0.002167914353776723,0.005808248554115991,0,-0.0022546735035666155,-0.0001839113975947322,0.005808248554115991,33_P7_0
68299,176,2026-02-27 07:53:21.910000+00:00,124446.5671422549,427018.9952689482,7.909986005579109,-0.00010381903848610818,-0.007672193867620081,-0.008426918068076716,0,-0.007515643248192076,0.0015454590583396915,-0.008426918068076716,41_LHN_0
68300,105,2026-02-27 07:53:27.840000+00:00,124389.68910351492,426881.4740904955,7.068116989651722,0.00041807755769696087,0.0021372813498601317,0.005821092928932181,0,-0.002177432956637329,3.9320885791432346e-05,0.005821092928932181,34_P7_0
68301,109,2026-02-27 07:53:39.810000+00:00,124446.57209754892,427018.9616341082,10.389759235715177,0.003042734955670312,-0.0035563603742048144,0.003933994247208972,0,-0.0028199707210326856,0.003735465199167384,0.003933994247208972,40_LHN_0
68302,65,2026-02-27 07:53:44.310000+00:00,124370.27704369464,426819.4978672741,9.73408874950667,-0.001430796502972953,-0.0005901497788727283,-0.001290518243783012,0,0.0009454574836385677,0.0012253838341740066,-0.001290518243783012,30_KW_1
68303,167,2026-02-27 07:53:58.100000+00:00,124669.37594635207,426931.3005509255,13.85380216167683,-0.00028663588454946876,-0.005869691667612642,0.04443019686004668,0,-0.000577729904189283,0.005848219264097249,0.04443019686004668,908_GSL_1
68304,153,2026-02-27 07:54:01.030000+00:00,124370.27730504407,426819.4979558693,9.734480501593778,0.0034662391990423203,-0.0011672279215417802,0.008400024480788915,0,0.00021500442318089774,-0.0036511653350426274,0.008400024480788915,29_KW_1
68305,151,2026-02-27 07:54:16.100000+00:00,124403.0366918776,426812.83504375233,6.613821562671561,-0.0002934678486781195,-0.002640173421241343,0.00507626019583185,0,0.002645775372390815,-0.0002377220042133749,0.00507626019583185,27_KW_1
68306,163,2026-02-27 07:54:19.370000+00:00,124091.05873264509,427154.2059292649,9.869298894284173,-0.024582024328992702,0.0029455631156452,0.01252882128866517,0,0.021480337413647157,-0.012310457618435992,0.01252882128866517,907_GSL_1
68307,113,2026-02-27 07:54:31.400000+00:00,124414.08046088742,426875.91045731853,7.341598737360114,0.0032262732420349494,-0.004774819652084261,0.038248792234837126,0,0.003874351609783341,-0.004265810748963202,0.038248792234837126,32_P7_0
68308,108,2026-02-27 07:54:36.700000+00:00,124422.71235629394,427023.83744816924,10.326271839280064,0.0016314539534505457,-0.001371325459331274,-0.002050645062592338,0,-0.0009532867537049774,0.0019061531635338675,-0.002050645062592338,39_LHN_0
68309,112,2026-02-27 07:54:47.050000+00:00,124413.95394771753,426875.86290826695,10.707414453526598,0.003213092713849619,-0.004357798490673304,0.03814884660593343,0,0.003461923248747452,-0.0041628667877905865,0.03814884660593343,31_P7_0
68310,177,2026-02-27 07:54:49.880000+00:00,124422.72854987353,427023.89806994307,7.791027773660122,0.0020440364751266316,-0.0013495944440364838,-0.002104846073032185,0,-0.0008359598269901861,0.0023023165383328132,-0.002104846073032185,42_LHN_0
68311,161,2026-02-27 07:55:02.980000+00:00,124402.9923857943,426879.64061387174,6.587312287097158,0.0009820477134780958,-0.006893015233799815,0.04568796627343641,0,0.005573980309873264,-0.004172387833134526,0.04568796627343641,34a_P7_0
68312,107,2026-02-27 07:55:04.170000+00:00,124409.92258263708,426969.5261734588,6.295244614127502,0.001765129782143049,0.001762405678164214,0.006164290697468822,0,0.002131604377760862,0.001295383996714703,0.006164290697468822,38_P9_0
68313,106,2026-02-27 07:55:18.700000+00:00,124410.03369614894,426969.45156607265,8.930494982587945,0.0014923307171557099,0.0020047317375428975,0.006607758249414175,0,0.002304778052462289,0.0009664359460235211,0.006607758249414175,37_P9_0
68314,160,2026-02-27 07:55:35.930000+00:00,124421.81356680609,426965.6188328592,5.60221818023855,0.0023606454487890005,0.0001948205754160881,0.010036950351211438,0,0.001325944882924796,0.001962771550369331,0.010036950351211438,38a_P9_0
68315,133,2026-02-27 08:00:20.830000+00:00,124806.22676955233,426258.5142105705,4.594463550466138,0.004873458805377595,0.002726757142227143,0.0063064462815720645,0,0.00021358277240705745,-0.005580339383920128,0.0063064462815720645,903_GSL_1
68316,130,2026-02-27 08:00:21.800000+00:00,124898.93559749026,426720.75516197056,4.130595837419062,-0.002775507004116662,-0.014514728216454387,0.040533104948867305,0,0.003039693064656713,0.014461709456358045,0.040533104948867305,901_GSL_1
68317,153,2026-02-27 08:00:39.240000+00:00,124370.27697973163,426819.4979122185,9.733680353446472,0.0031409267539856955,-0.0012108787195757031,0.007599876333483024,0,0.00034263523068433306,-0.003348768317772716,0.007599876333483024,29_KW_1
68318,132,2026-02-27 08:00:39.490000+00:00,124806.21246334113,426258.4985075696,4.628870614489022,-0.0016709466435713693,-0.006634180841501802,0.046238440278701276,0,0.004908934129700647,0.004765163568406874,0.046238440278701276,903_GSL_1
68319,136,2026-02-27 08:00:57.010000+00:00,123855.61630533375,426533.0758093537,6.034684432295877,0.0005352219595806673,0.001700827560853213,0.012391889859138416,0,-0.001429106459654504,0.0010662699774208356,0.012391889859138416,904_GSL_1
68320,135,2026-02-27 08:00:58.490000+00:00,123855.60709465515,426533.07942870527,6.064207218954258,-0.006555623083841056,0.0027937839622609317,0.04300877183590046,0,0.003856260539161516,0.005992551835343757,0.04300877183590046,904_GSL_1
68321,5,2026-02-27 08:00:58.690000+00:00,124424.6199143881,426919.14021051564,8.795687159843967,2.908417081926018e-05,-0.005527013097889721,-0.011557586559902688,11,-0.005516262737421205,0.0003457818459304915,-0.011557586559902688,TS4
68322,140,2026-02-27 08:01:18.590000+00:00,123928.08750208702,426940.4311073837,7.147106827098811,-2.164545003324747e-05,-0.0033312932355329394,0.011533120896467075,0,-8.69407163621627e-05,-0.0033302288897991824,0.011533120896467075,905_GSL_1
68323,145,2026-02-27 08:01:37.160000+00:00,124266.92173536184,427056.315856379,7.1184183594643455,0.003411609010072425,0.0011097713722847402,0.010451423172699315,0,-0.0016383501893471463,0.003191626104890151,0.010451423172699315,906_GSL_1
68324,6,2026-02-27 08:01:37.360000+00:00,124399.03855091942,426925.07680075907,8.571179874061807,-0.0006198249611770734,0.0013515441678464413,0.02387317824024926,11,-0.0014663685666390807,0.0002462069188929049,0.02387317824024926,TS5
68325,139,2026-02-27 08:27:06.390000+00:00,123928.08572853266,426940.4328006819,7.150913667918804,-0.0011413910251576453,0.0016966693219728768,0.014311837179548093,0,0.001637514628027084,0.001224747363104589,0.014311837179548093,905_GSL_1
68326,143,2026-02-27 08:27:23.250000+00:00,124266.92340531363,427056.31660051696,7.119959758905636,0.0038378855388145894,0.002373640949372202,0.014418020682858135,0,0.0007418653651430544,0.0044511990008962625,0.014418020682858135,906_GSL_1
68327,152,2026-02-27 08:27:39.780000+00:00,124370.27626783174,426819.4988610013,9.745957691829622,0.0004961698723491281,-0.0003090366371907294,0.01703674060174265,0,-0.0004149669135166186,0.0004116924167866051,0.01703674060174265,29_KW_1
68328,150,2026-02-27 08:27:59.530000+00:00,124401.10525726754,426812.3208707945,9.199116490262622,-1.9317280779068824,-0.516813131282106,2.590371187786893,0,-1.6100325595287004,-1.1859444914905992,2.590371187786893,27_KW_1
68329,129,2026-02-27 08:28:16.230000+00:00,124898.9407158019,426720.77206967917,4.104812200168881,0.0010441031190566719,-0.0004329909570515156,0.013127454923267834,0,0.0010880071956752867,0.00030638673971152263,0.013127454923267834,901_GSL_1
68330,149,2026-02-27 08:28:35.900000+00:00,124351.04361187795,426607.3980781945,8.029707682966848,0.0023001858789939433,0.0013457290478982031,0.01748183899904987,0,-0.0016908067437880823,-0.002059857835735487,0.01748183899904987,14_P5_1
68331,147,2026-02-27 08:28:52.850000+00:00,124350.92981238881,426607.5114155751,11.390248683131942,0.0033050432248273864,0.001422834990080446,0.016029041459498572,0,-0.0019272692671563395,-0.0030386515593021353,0.016029041459498572,13_P5_1
68332,126,2026-02-27 08:29:10.730000+00:00,124339.65930166976,426609.58989706327,6.686845970318904,0.0024810656177578494,0.001406902214512229,0.016188781183446466,0,-0.0019213324428234676,-0.0021079710825752706,0.016188781183446466,17_P5_1
68333,121,2026-02-27 08:29:26.960000+00:00,124329.26150782057,426611.3290276847,11.369148490761075,0.0019650508620543405,0.0013111921143718064,0.014848968686953512,0,-0.001806639280548468,-0.0015220723245728592,0.014848968686953512,15_P5_1
68334,123,2026-02-27 08:29:45.130000+00:00,124329.15270229797,426611.39103127556,8.095241101525167,0.002945685846498236,0.0007532559102401137,0.017125456471100975,0,-0.0015457276037669431,-0.0026182409643737137,0.017125456471100975,16_P5_1
68335,4,2026-02-27 08:29:45.330000+00:00,124378.97065203381,426782.74211283354,7.776880718945915,-0.0012053847895003855,-2.9206916224211454e-05,-0.01184454307725158,11,-2.9206916224212003e-05,-0.0012053847895003855,-0.01184454307725158,TS3
68336,149,2026-02-27 08:31:31.190000+00:00,124351.04335881612,426607.39800380805,8.02643976680765,0.0020471240568440408,0.0012713425676338375,0.014213922839852344,0,-0.0015775383424482669,-0.001821648046822705,0.014213922839852344,14_P5_1
68337,147,2026-02-27 08:31:46.110000+00:00,124350.92913128507,426607.51135404914,11.38978099253261,0.0026239394792355597,0.0013613090268336236,0.015561350860167522,0,-0.0017588778437343353,-0.0023758302523644533,0.015561350860167522,13_P5_1
68338,126,2026-02-27 08:32:01.010000+00:00,124339.659733197,426609.58980277926,6.684840111689708,0.0029125928558642045,0.0013126182020641863,0.0141829225542498,0,-0.0019249362110220446,-0.0025496635605345096,0.0141829225542498,17_P5_1
68339,121,2026-02-27 08:32:16.210000+00:00,124329.26146136902,426611.3288965532,11.37014828087899,0.0019185993151040748,0.001180060615297407,0.015848758804867913,0,-0.0016677587834745974,-0.001513983826808348,0.015848758804867913,15_P5_1
68340,123,2026-02-27 08:32:32+00:00,124329.15235896848,426611.39106945466,8.09507466434173,0.0026023563550552353,0.000791435013525188,0.016959019287664745,0,-0.0014865320193868212,-0.0022779048563686156,0.016959019287664745,16_P5_1
68341,118,2026-02-27 08:33:00.040000+00:00,124372.2623378685,426775.1128652521,6.183418464901591,0.0023105065047275275,0.00020075327483937144,0.01788639591122898,0,-0.0016768434956145229,-0.0016021666820160178,0.01788639591122898,22_P6_1
68342,74,2026-02-27 08:33:17.090000+00:00,124369.34753311286,426785.72625005274,7.246957503830079,0.0012199035554658622,-0.0002162439632229507,0.01690366907300689,0,-0.0012292234440208485,0.00015471218742602275,0.01690366907300689,21_P6_1
68343,73,2026-02-27 08:33:35.080000+00:00,124369.49056859707,426785.69663673954,11.423526714154306,0.0012290326412767172,0.00017008534632623196,0.017472098091230848,0,-0.0011228099834779965,0.0005279659073848227,0.017472098091230848,20_P6_1
68344,152,2026-02-27 08:34:29.640000+00:00,124370.27668073092,426819.49901312625,9.745901380419642,0.0009090690582524985,-0.00015691167209297419,0.016980429191763236,0,-0.00036198928512177776,0.0008485231776257628,0.016980429191763236,29_KW_1
68345,117,2026-02-27 08:34:46.980000+00:00,124377.68166342114,426815.9055618844,7.635243866907055,0.0016462770581711084,-0.0001441541244275868,0.01780882673459505,0,-0.00020812470321349334,0.0016394183943588953,0.01780882673459505,26_KW_0
68346,116,2026-02-27 08:35:02.450000+00:00,124377.68888299893,426815.89972571743,10.022720019113377,0.0015231073630275205,-0.00033584615448489785,0.01766026383625352,0,-0.00039455354270575166,0.0015089652682316057,0.01766026383625352,25_KW_0
68347,115,2026-02-27 08:35:19.950000+00:00,124396.29189961264,426811.63350855943,7.66461542150051,0.0018088528304360807,-0.00040577701292932034,0.01834312872746313,0,0.000581942153459227,0.0017600985416804651,0.01834312872746313,24_KW_0
68348,114,2026-02-27 08:35:35.620000+00:00,124396.30096759804,426811.62905133597,10.00818985570355,0.0019469530234346166,-0.0004874198348261416,0.017505778053367393,0,0.0005834821570717221,0.0019203522445692268,0.017505778053367393,23_KW_0
68349,150,2026-02-27 08:35:52.410000+00:00,124401.10526369096,426812.32094716415,9.198724632740719,-1.9317216544877738,-0.5167367616086267,2.58997933026499,0,-1.6099689023755102,-1.1859871688169934,2.58997933026499,27_KW_1
68350,169,2026-02-27 08:36:33.910000+00:00,124669.37832659266,426931.3067551573,13.82881028317784,0.001586763493833132,-0.004095326992683113,0.00436197259040938,0,-0.00045258348240885445,0.004368602723275614,0.00436197259040938,908_GSL_1
68351,72,2026-02-27 08:37:17.010000+00:00,124390.52628228061,426780.88846114953,11.004324839656967,0.0023225777549669147,0.0015302178217098117,0.01723951809020896,0,0.0020505578385555854,-0.0018791345243179692,0.01723951809020896,18_P6_1
68352,149,2026-02-27 08:55:49.950000+00:00,124351.04157046066,426607.3970490952,8.005814904498044,0.0002587685885373503,0.0003166297101415694,-0.00641093946975424,0,-0.00035339166655294033,-0.0002057422799739572,-0.00641093946975424,14_P5_1
68353,147,2026-02-27 08:56:07.030000+00:00,124350.92777254376,426607.51044761535,11.362224186117427,0.0012651981669478118,0.000454875233117491,-0.011995455555016576,0,-0.0006490954020895168,-0.0011774179539730332,-0.011995455555016576,13_P5_1
68354,126,2026-02-27 08:56:21.950000+00:00,124339.65771293698,426609.58884642436,6.6590589520284755,0.0008923328423406929,0.00035626330645754933,-0.011598237106982268,0,-0.0005449920949116822,-0.0007913059215825833,-0.011598237106982268,17_P5_1
68355,121,2026-02-27 08:56:38.980000+00:00,124329.25988457928,426611.32796076516,11.342531500805585,0.0003418095730012283,0.00024427258176729083,-0.011768021268537154,0,-0.00032980984783085953,-0.00026024669579521095,-0.011768021268537154,15_P5_1
68356,123,2026-02-27 08:56:55.110000+00:00,124329.15165027966,426611.38980710343,8.069343533123908,0.001893667533295229,-0.0004709162167273462,-0.008772111930158033,0,-7.650124106192786e-05,-0.0019498426526130819,-0.008772111930158033,16_P5_1
68357,118,2026-02-27 08:57:15.310000+00:00,124372.26060690827,426775.1119780922,6.157137207726704,0.00057954627845902,-0.0006864066235721111,-0.008394861263657738,0,0.00013262707212136123,-0.0008885032366288156,-0.008394861263657738,22_P6_1
68358,74,2026-02-27 08:57:32.640000+00:00,124369.34595603819,426785.72534520534,7.2207228561213,-0.00035717111313715577,-0.0011210913653485477,-0.009330978635771814,0,9.00066176696419e-06,-0.0011765781068872828,-0.009330978635771814,21_P6_1
68359,73,2026-02-27 08:57:48.760000+00:00,124369.48878025306,426785.6956430561,11.39739326858215,-0.0005593113746726885,-0.0008235980640165508,-0.00866134748092584,0,0.00028888596149348445,-0.0009527265537089055,-0.00866134748092584,20_P6_1
68360,152,2026-02-27 08:58:37.210000+00:00,124370.27511027512,426819.49827399146,9.719569885998865,-0.0006613867444684729,-0.0008960464620031416,-0.009351065229013855,0,-0.0007197471657273227,-0.0008498798181239735,-0.009351065229013855,29_KW_1
68361,117,2026-02-27 08:58:53.910000+00:00,124377.6799311281,426815.90463103657,7.608480593038415,-8.60159780131653e-05,-0.001075001957360655,-0.008954447134044585,0,-0.0010708457032488456,-0.00012773972223347821,-0.008954447134044585,26_KW_0
68362,116,2026-02-27 08:59:11.270000+00:00,124377.68710300449,426815.8989460451,9.996493750165005,-0.0002568870841059834,-0.0011155185056850314,-0.008566005112118802,0,-0.0011047536574261615,-0.00029981972401721543,-0.008566005112118802,25_KW_0
68363,115,2026-02-27 08:59:29.170000+00:00,124396.2900733295,426811.6326171737,7.6380439867447905,-1.7430313164368272e-05,-0.0012971627293154597,-0.008228306028255972,0,-0.0011215363062489078,0.0006519902421874861,-0.008228306028255972,24_KW_0
68364,114,2026-02-27 08:59:46.170000+00:00,124396.29928275126,426811.62809887924,9.98167356368229,0.000262106244917959,-0.0014398765633814037,-0.009010513967892209,0,-0.001099933227858144,0.0009654486499310043,-0.009010513967892209,23_KW_0
68365,119,2026-02-27 09:00:01.840000+00:00,124401.10362225548,426812.3200588831,9.172666852165678,0.0002683006750885397,-0.00015347270527854562,-0.0006371500996138479,0,3.78631033318063e-05,0.00030676621216256273,-0.0006371500996138479,28_KW_1
68366,150,2026-02-27 09:00:18.590000+00:00,124403.03669060367,426812.8423612775,6.565352490469714,-1.2739328667521477e-06,0.007317525160033256,-0.04846907220184704,0,0.005714021577972756,-0.004571228882596714,-0.04846907220184704,27_KW_1
68367,169,2026-02-27 09:00:36.140000+00:00,124669.37629637336,426931.3069788138,13.801103808520192,-0.0004434558068169281,-0.0038716705166734755,-0.02334450206723737,0,-0.0021581449220009967,0.0032448260566507446,-0.02334450206723737,908_GSL_1
68368,72,2026-02-27 09:01:20.520000+00:00,124390.52434802659,426780.8863844869,10.978281699332731,0.0003883237368427217,-0.000546444789506495,-0.00880362223402642,0,0.0004700110726833485,0.00047800295410106117,-0.00880362223402642,18_P6_1
68369,66,2026-02-27 09:21:21.870000+00:00,124898.90259047422,426720.6862446705,4.092202043788055,-0.03501518946723081,-0.08796048432122916,0.009915513384290975,0,0.0016343738007142893,0.09465959601504124,0.009915513384290975,901_GSL_1
68370,71,2026-02-27 09:21:23.870000+00:00,124806.2230488116,426258.5111583816,4.58910644240046,-0.004713123882538639,-0.003947750490624458,-0.002397220748806994,0,0.0009118926040012012,0.0060800265252011565,-0.002397220748806994,903_GSL_1
68371,68,2026-02-27 09:21:24.980000+00:00,123928.08507801061,426940.43245726806,7.129194125500408,-0.02387235124479048,-0.015277737169526517,0.010380844460182281,0,0.01748929702299139,-0.022302979545732588,0.010380844460182281,905_GSL_1
68372,71,2026-02-27 09:21:38.940000+00:00,124806.10089875813,426258.44069429184,4.5876395303099295,-0.1268631773564266,-0.07441184023628011,-0.0038641328393378416,0,0.0009783043784933167,0.14707287532669255,-0.0038641328393378416,903_GSL_1
68373,67,2026-02-27 09:21:40.960000+00:00,123855.61426296612,426533.0768269795,6.030618244408079,-0.0037315080262487754,-0.014275725174229592,-0.013789903929496639,0,0.011377835312984254,-0.009394963809972878,-0.013789903929496639,904_GSL_1
68374,69,2026-02-27 09:21:44.590000+00:00,124266.92049514984,427056.31527406856,7.099194065262016,-0.02210204681614414,0.0004356845165602863,0.008692694334583528,0,0.008778867602815016,-0.020288464162504825,0.008692694334583528,906_GSL_1
68375,67,2026-02-27 09:21:58.230000+00:00,123855.54076948864,426533.1826708317,6.023616708945703,-0.07722498550720047,0.09156812698347494,-0.020791439391873112,0,0.012494027348711856,0.11913152205213678,-0.020791439391873112,904_GSL_1
68376,68,2026-02-27 09:22:00.350000+00:00,123928.08692755856,426940.43061800854,7.138898716114511,-0.022022803299478255,-0.017116996692493558,0.020085435074284952,0,0.021452605879409396,-0.017826416968114347,0.020085435074284952,905_GSL_1
68377,66,2026-02-27 09:22:02.260000+00:00,124898.93851557287,426720.77037687926,4.081334733616446,0.0009099091839743778,-0.0038282755413092673,-0.0009517967873184929,0,0.0013565442219697639,0.003693699516353236,-0.0009517967873184929,901_GSL_1
68378,69,2026-02-27 09:22:21.660000+00:00,124266.92040792531,427056.3131879715,7.109579659607063,-0.022189271345268935,-0.001650412566959858,0.019078288679630795,0,0.01457780239464091,-0.016809976258696912,0.019078288679630795,906_GSL_1
68379,159,2026-02-27 09:22:34.960000+00:00,124421.80738021748,426965.6165465885,5.593807085452505,-0.0005704349314328283,-0.0016273201908916235,0.004581188902889721,0,-0.0015899232536580963,-0.000667615954093054,0.004581188902889721,38a_P9_0
68380,149,2026-02-27 09:22:42.780000+00:00,124351.04260298617,426607.3971334817,8.002689859472175,0.0012912941019749269,0.00040101620834320784,-0.00953598449562243,0,-0.0005991410695519031,-0.0012121404357273943,-0.00953598449562243,14_P5_1
68381,110,2026-02-27 09:22:51.490000+00:00,124434.14090692606,426963.93274463434,8.748703577573732,0.0008210835803765804,0.0006580608896911144,-0.002356782684056924,0,0.0008144195375127067,0.0006662906253450322,-0.002356782684056924,35_P9_0
68382,147,2026-02-27 09:22:58.650000+00:00,124350.92851072775,426607.5105159274,11.363903374764618,0.0020033821638207883,0.000523187278304249,-0.010316266907825167,0,-0.0008332022778888343,-0.001895531320399515,-0.010316266907825167,13_P5_1
68383,162,2026-02-27 09:22:59.870000+00:00,124402.99724658075,426879.6455783094,6.545324529355371,0.0018184524378739297,-0.002155278460122645,0.0006514860648039189,0,0.002304984354333681,-0.0016245127379479732,0.0006514860648039189,34a_P7_0
68384,111,2026-02-27 09:23:08.180000+00:00,124434.26145730232,426963.9763942986,6.465442593150371,-0.00023345700174104422,-0.0016694807563908398,0.004150083535602533,0,-0.0016812442227855473,0.00012282520495187325,0.004150083535602533,36_P9_0
68385,126,2026-02-27 09:23:14.970000+00:00,124339.65833630714,426609.58902040985,6.657824146476412,0.001515702999313362,0.0005302487988956273,-0.012833042659045724,0,-0.0008526794642120915,-0.001360682586854391,-0.012833042659045724,17_P5_1
68386,104,2026-02-27 09:23:16.570000+00:00,124389.8163091179,426881.4444590209,10.722940066254044,-0.0007870923727750778,0.00011945277219638228,-0.002971801806163299,0,4.586989005557218e-05,0.0007947825622473057,-0.002971801806163299,33_P7_0
68387,176,2026-02-27 09:23:27.630000+00:00,124446.5615307048,427019.00098169356,7.869190318427642,-0.005715369145036675,-0.0019594485056586564,-0.04922260521954325,0,-0.003140713774445865,-0.00516147264812778,-0.04922260521954325,41_LHN_0
68388,121,2026-02-27 09:23:31.910000+00:00,124329.25961225307,426611.32835115,11.344975250010627,6.948335794731975e-05,0.0006346573936752975,-0.009324272063494732,0,-0.0006288958372208044,0.00011003622269371307,-0.009324272063494732,15_P5_1
68389,105,2026-02-27 09:23:32.470000+00:00,124389.68770254037,426881.4720002304,7.0590715711061325,-0.0009828969923546538,4.701624857261777e-05,-0.0032243256166575307,0,0.00016008665074529756,0.0009709115765417672,-0.0032243256166575307,34_P7_0
68390,109,2026-02-27 09:23:41.770000+00:00,124446.5649205325,427018.9678834113,10.348953061446647,-0.0041342814656673,0.0026929426821880043,-0.0368721800213212,0,0.001742183819229162,-0.004616169306570782,-0.0368721800213212,40_LHN_0
68391,123,2026-02-27 09:23:48.570000+00:00,124329.15080412889,426611.39030986594,8.0673257137976,0.001047516765538603,3.184628440067172e-05,-0.010789931256464769,0,-0.0003230355626122219,-0.0009969722088415457,-0.010789931256464769,16_P5_1
68392,65,2026-02-27 09:23:49.750000+00:00,124370.27557093039,426819.4959228995,9.724997927197371,-0.0029035607585683465,-0.002534524362999946,-0.010381340553081486,0,0.0032085450352557494,0.002135349522226737,-0.010381340553081486,30_KW_1
68393,167,2026-02-27 09:23:59.840000+00:00,124669.37327405793,426931.3202112867,13.813787951798773,-0.0029589300247607753,0.013790669559966773,0.004415986981989306,0,-0.002270823042700047,-0.013920531473775253,0.004415986981989306,908_GSL_1
68394,118,2026-02-27 09:24:05.320000+00:00,124372.26066783987,426775.1119699398,6.157241655824419,0.0006404778832802549,-0.0006945590139366686,-0.008290413165942923,0,9.850538804065166e-05,-0.0009396386706275949,-0.008290413165942923,22_P6_1
68395,153,2026-02-27 09:24:06.620000+00:00,124370.27536233762,426819.4959836779,9.725356800012552,0.001523532744613476,-0.003139419306535274,-0.0007236771004368592,0,0.002628531334012889,-0.0022951968613320107,-0.0007236771004368592,29_KW_1
68396,151,2026-02-27 09:24:17.240000+00:00,124403.04306273442,426812.83846521896,6.572037348747223,0.006077388970879838,0.00078129320172593,-0.03670795372850577,0,-0.0019747826570082846,-0.005800457674012832,-0.03670795372850577,27_KW_1
68397,74,2026-02-27 09:24:22.270000+00:00,124369.34599355978,426785.7256535564,7.22082352228437,-0.00031964952358976007,-0.0008127402979880571,-0.009230312472702451,0,6.451600863604383e-05,-0.000870953669568336,-0.009230312472702451,21_P6_1
68398,163,2026-02-27 09:24:24.080000+00:00,124091.05664337472,427154.20409353595,9.86287316583816,-0.02667129470501095,0.0011098341783508658,0.006103092842652202,0,0.022060653967226205,-0.015030543559142748,0.006103092842652202,907_GSL_1
68399,113,2026-02-27 09:24:33.080000+00:00,124414.08272055235,426875.9144782878,7.300067389466882,0.005485938178026117,-0.000753850385081023,-0.003282555658394415,0,-0.0005672375770895533,-0.005508361791617259,-0.003282555658394415,32_P7_0
68400,73,2026-02-27 09:24:38.510000+00:00,124369.48893301988,426785.69557416387,11.397265866328855,-0.00040654455369804054,-0.0008924903231672943,-0.008788749734220502,0,0.00012253898297583967,-0.000973037331627131,-0.008788749734220502,20_P6_1
68401,108,2026-02-27 09:24:41.230000+00:00,124422.7112491878,427023.83515160537,10.31769954010052,0.0005243478226475418,-0.0036678893375210464,-0.010622944242136612,0,-0.003444634400531926,0.0013648614135097592,-0.010622944242136612,39_LHN_0
68402,112,2026-02-27 09:24:48.630000+00:00,124413.9566765713,426875.8668711986,10.665446729674144,0.00594194648147095,-0.00039486686000600457,-0.0038188772465197474,0,-0.0010387080054242988,-0.005863764448309931,-0.0038188772465197474,31_P7_0
68403,177,2026-02-27 09:24:55.920000+00:00,124422.72782617483,427023.89552862704,7.782201927862104,0.0013203377748141065,-0.003890910476911813,-0.010930691871050335,0,-0.003475946840883507,0.0021909517882178838,-0.010930691871050335,42_LHN_0
68404,161,2026-02-27 09:25:05.830000+00:00,124402.99470162841,426879.64362861513,6.54563382781428,0.0032978818198898807,-0.003878271847497672,0.0040095069905579095,0,0.001817785089230163,-0.004755278581789471,0.0040095069905579095,34a_P7_0
68405,107,2026-02-27 09:25:10.370000+00:00,124409.92117984766,426969.5240101305,6.286596892261895,0.00036234036087989807,-0.000400922610424459,-0.002483431168138317,0,-0.0003032474561469868,0.00044729236189825394,-0.002483431168138317,38_P9_0
68406,152,2026-02-27 09:25:21.990000+00:00,124370.27497232711,426819.4982281605,9.719817754869927,-0.0007993347535375506,-0.0009418774279765785,-0.00910319635795176,0,-0.0007325944865828502,-0.000994673039633186,-0.00910319635795176,29_KW_1
68407,106,2026-02-27 09:25:26.210000+00:00,124410.03266367612,426969.44935984426,8.921786879402802,0.0004598578962031752,-0.00020149664487689734,-0.0021003449357284154,0,-8.498812806265269e-05,0.000494820372140702,-0.0021003449357284154,37_P9_0
68408,117,2026-02-27 09:25:37.530000+00:00,124377.67984903834,426815.9045801847,7.6089940212949525,-0.00016810574743431062,-0.0011258537997491658,-0.008441018877507034,0,-0.0011184680178593842,-0.0002117442177623346,-0.008441018877507034,26_KW_0
68409,160,2026-02-27 09:25:42.300000+00:00,124421.81245082799,426965.6163556275,5.593401786745542,0.0012446673499653116,-0.00228241115109995,0.0012205568582031034,0,-0.0013804131724885706,0.0022029654895061586,0.0012205568582031034,38a_P9_0
68410,116,2026-02-27 09:25:52.220000+00:00,124377.68695005742,426815.8988166408,9.996837826213909,-0.00040983414510264993,-0.0012449228088371456,-0.008221929063214617,0,-0.001228148467873206,-0.00045765507460934454,-0.008221929063214617,25_KW_0
68411,115,2026-02-27 09:26:07.880000+00:00,124396.28992932885,426811.63264993473,7.639147385570516,-0.00016143095854204148,-0.0012644017115235329,-0.0071249072025301174,0,-0.0011674756055587154,0.0005116369346565514,-0.0071249072025301174,24_KW_0
68412,114,2026-02-27 09:26:22.480000+00:00,124396.29907129155,426811.62805932027,9.982318402236707,5.0646529416553676e-05,-0.0014794355374760926,-0.00836567541347577,0,-0.0012426329192637203,0.0008044613156959387,-0.00836567541347577,23_KW_0
68413,150,2026-02-27 09:26:40.030000+00:00,124401.10368470215,426812.3197912932,9.173366805756064,-1.933007175452076,-0.5152524591539986,2.5595452430845036,0,-1.6096792877605408,-1.1878276085224548,2.5595452430845036,27_KW_1
68414,119,2026-02-27 09:26:55+00:00,124401.10344263357,426812.3199038904,9.173493554768534,8.8678760221228e-05,-0.0003084653872065246,0.00018955250324204087,0,-0.00019384799344867565,0.0002558080785564979,0.00018955250324204087,28_KW_1
68415,169,2026-02-27 09:27:11.880000+00:00,124669.37505067255,426931.30842361454,13.80115243261988,-0.001689156619249843,-0.0024268697598017752,-0.023295877967550283,0,-0.002609109143671061,0.001391221187233701,-0.023295877967550283,908_GSL_1
68416,72,2026-02-27 09:27:55.350000+00:00,124390.52409119277,426780.8849305279,10.978742854046727,0.00013148991274647415,-0.0020004038233309984,-0.008342467520030539,0,0.00044682897652668446,0.001954289875961974,-0.008342467520030539,18_P6_1
68417,133,2026-02-27 09:30:20.910000+00:00,124806.2195370438,426258.5096164929,4.586184026444235,-0.0023590497294208035,-0.0018673204467631876,-0.001973077740331064,0,0.00036374527869607024,0.002986585114977732,-0.001973077740331064,903_GSL_1
68418,130,2026-02-27 09:30:22.500000+00:00,124898.96396067485,426720.83419965423,4.089711031916675,0.02558767759182956,0.06452295545022935,-0.0003517005535194073,0,-0.0012893906006084762,-0.06939941279618121,-0.0003517005535194073,901_GSL_1
68419,139,2026-02-27 09:30:23.010000+00:00,123928.08611043743,426940.43142733193,7.118310036916941,-0.0007594862545374781,0.00032331934198737144,-0.01829179382231505,0,0.0008236433102831882,5.4465265631091736e-05,-0.01829179382231505,905_GSL_1
68420,153,2026-02-27 09:30:38.920000+00:00,124370.27514060111,426819.4961455303,9.72515669389931,0.0013017962337471545,-0.0029775669099763036,-0.0009237832136790303,0,0.0025306575621905202,-0.002038712937250373,-0.0009237832136790303,29_KW_1
68421,132,2026-02-27 09:30:40.830000+00:00,124806.30877501857,426258.56090347137,4.592901959432477,0.09464073079288937,0.05576172092696652,0.010269785222155825,0,-0.0009487324691414687,-0.10984232951121826,0.010269785222155825,903_GSL_1
68422,143,2026-02-27 09:30:41.610000+00:00,124266.91907820413,427056.31441114383,7.094093808575709,-0.0004892239667242393,0.00018426781753078103,-0.011447929647069088,0,0.0003559459434929298,-0.0003828801424804959,-0.011447929647069088,906_GSL_1
68423,136,2026-02-27 09:30:54.890000+00:00,123855.61522908419,426533.07662217884,6.02699010829361,-0.0005410276062320918,0.002513652725610882,0.004697565856871755,0,-0.001031779134479765,0.00235512053053096,0.004697565856871755,904_GSL_1
68424,135,2026-02-27 09:30:58.460000+00:00,123855.66450929822,426533.00101150986,6.021813500182465,0.05085901998972986,-0.0756234114523977,0.0006150530641075846,0,0.00037329975316239563,-0.09113397237753146,0.0006150530641075846,904_GSL_1
68425,5,2026-02-27 09:30:58.660000+00:00,124424.61964944022,426919.1431632213,8.793252598366037,-0.00023586369934491813,-0.0025743074365891516,-0.013992148037832663,11,-0.002164761049194382,0.0014129756058183448,-0.013992148037832663,TS4
68426,152,2026-02-27 09:31:00.120000+00:00,124370.27474625398,426819.49797801295,9.719646311055016,-0.0010254078806610778,-0.0011920249671675265,-0.009274640172863613,0,-0.0009239873344378037,-0.0012722547896829109,-0.009274640172863613,29_KW_1
68427,140,2026-02-27 09:31:13.430000+00:00,123928.0882151952,426940.43177172675,7.139115070798701,0.0006914627301739529,-0.002666950167622417,0.0035413645963568996,0,-0.000778030149194254,-0.0026429931877978087,0.0035413645963568996,905_GSL_1
68428,150,2026-02-27 09:31:17.610000+00:00,124401.10337628727,426812.31982574664,9.173552279601566,-1.9333155903295847,-0.515218005690258,2.559730716930005,0,-1.609845004020566,-1.1880899916373762,2.559730716930005,27_KW_1
68429,145,2026-02-27 09:31:31.300000+00:00,124266.92063403824,427056.3137157973,7.111062148273269,0.0023102854029275477,-0.0010308102937415242,0.0030952119816225476,0,-0.0023655181164151697,0.0008968347370475882,0.0030952119816225476,906_GSL_1
68430,6,2026-02-27 09:31:31.500000+00:00,124399.03767525504,426925.0763377565,8.57021293836692,-0.001495489341323264,0.0008885415736585855,0.022906242545362332,11,-0.0009882321866484934,-0.0014315696432249123,0.022906242545362332,TS5
68431,129,2026-02-27 09:31:34.480000+00:00,124898.9389690844,426720.7745993135,4.081425928784521,-0.0007026143866823986,0.00209664338035509,-0.010258816461092835,0,-0.0009457944851320424,-0.001998762925575146,-0.010258816461092835,901_GSL_1
68432,149,2026-02-27 09:31:52.540000+00:00,124351.04244572484,426607.3971610264,8.004505998233663,0.0011340327764628455,0.0004285609466023743,-0.007719845734134978,0,-0.00060160614036552,-0.0010525040973408397,-0.007719845734134978,14_P5_1
68433,147,2026-02-27 09:32:08.620000+00:00,124350.92892699208,426607.51057547523,11.3626488573709,0.0024196464946726337,0.0005827351124025881,-0.011570784301543569,0,-0.0009577829869213539,-0.002297155005734796,-0.011570784301543569,13_P5_1
68434,126,2026-02-27 09:32:24.530000+00:00,124339.6589133948,426609.5889261519,6.66010124930057,0.002092790658934973,0.00043599086347967386,-0.010555939834888228,0,-0.000888533574284373,-0.0019443170684157118,-0.010555939834888228,17_P5_1
68435,121,2026-02-27 09:32:39.940000+00:00,124329.26098590593,426611.3277361665,11.34208351047363,0.0014431362214963883,1.9673898350447416e-05,-0.012216011600491683,0,-0.0004208495139876968,-0.0013805487686595849,-0.012216011600491683,15_P5_1
68436,123,2026-02-27 09:32:56.040000+00:00,124329.15175601543,426611.3902434307,8.068468121673119,0.001999403306399472,-3.458897117525339e-05,-0.009647523380946765,0,-0.00052499869981742,-0.001929555996533431,-0.009647523380946765,16_P5_1
68437,4,2026-02-27 09:32:56.240000+00:00,124378.9704336392,426782.74220430566,7.776623041792421,-0.0014237793948268518,6.22652005404234e-05,-0.012102220230745253,11,-0.0012298936735980765,-0.0007199904665863871,-0.012102220230745253,TS3
68438,68,2026-02-27 09:36:21.280000+00:00,123928.086313088,426940.43128593545,7.127294506807384,-0.02263727385434322,-0.016449069778900594,0.008481225767157596,0,0.01593673961728962,-0.023000834648298822,0.008481225767157596,905_GSL_1
68439,66,2026-02-27 09:36:21.510000+00:00,124898.93874484143,426720.7705918255,4.126346255750827,0.0011391777516109869,-0.0036133293178863823,0.04405972534706226,0,0.0024451195779503186,0.002894005003241492,0.04405972534706226,901_GSL_1
68440,71,2026-02-27 09:36:38.710000+00:00,124806.22265565326,426258.5101116139,4.621825811553133,-0.0051062822312815115,-0.004994518181774765,0.030322148403866045,0,0.0017707121312436325,0.006919819986231335,0.030322148403866045,903_GSL_1
68441,69,2026-02-27 09:36:39.190000+00:00,124266.91818011788,427056.31409803027,7.094379578977365,-0.02441707877733279,-0.0007403537747450173,0.003878208049932219,0,0.008567836617307749,-0.022876495261061627,0.003878208049932219,906_GSL_1
68442,67,2026-02-27 09:36:42.690000+00:00,123855.6150331255,426533.07862830453,6.030273326314203,-0.002961348640383221,-0.012474400165956467,-0.014134822023372351,0,0.009699433630723927,-0.008384583025618862,-0.014134822023372351,904_GSL_1
68443,67,2026-02-27 09:36:55.030000+00:00,123855.61627343216,426533.0742243975,6.059310192739842,-0.0017210419900948182,-0.016878307214938104,0.014902044402266057,0,0.01090043466545377,-0.013000760134610398,0.014902044402266057,904_GSL_1
68444,66,2026-02-27 09:36:58.060000+00:00,124898.93865940401,426720.7734705786,4.078023515815367,0.001053740328643471,-0.0007345761987380683,-0.004263014588397063,0,0.001133264064485872,0.0006047176465980478,-0.004263014588397063,901_GSL_1
68445,68,2026-02-27 09:37:01.900000+00:00,123928.08819326425,426940.4338118106,7.144621001697777,-0.020757097605383024,-0.013923194608651102,0.02580772065755088,0,0.02029182947611936,-0.014592947119134718,0.02580772065755088,905_GSL_1
68446,69,2026-02-27 09:37:19.790000+00:00,124266.92059703452,427056.3152664792,7.117712594065455,-0.022000162134645507,0.00042809516889974475,0.027211223138022156,0,0.01590870642521342,-0.015202087333675545,0.027211223138022156,906_GSL_1
68447,159,2026-02-27 09:37:31.760000+00:00,124421.80895390963,426965.61625544564,5.630420239242723,0.0010032572172349319,-0.0019184630364179611,0.04119434269310851,0,-0.001975547153587548,0.0008855726452347881,0.04119434269310851,38a_P9_0
68448,149,2026-02-27 09:37:36.760000+00:00,124351.04160640787,426607.3973941782,8.003203858594777,0.000294715806376189,0.0006617127219215035,-0.009021985373021124,0,-0.0006998332431486916,-0.00018696139886275093,-0.009021985373021124,14_P5_1
68449,110,2026-02-27 09:37:49.540000+00:00,124434.14325399126,426963.9321573972,8.785091170136049,0.0031681487889727578,7.082376396283507e-05,0.034030809878260015,0,0.0007279881887709206,0.0030841880538678974,0.034030809878260015,35_P9_0
68450,147,2026-02-27 09:37:53.060000+00:00,124350.92762826347,426607.51078913425,11.362932373435752,0.001120917877415195,0.0007963941316120327,-0.011287268236690906,0,-0.0009635228129468905,-0.0009809812891722152,-0.011287268236690906,13_P5_1
68451,111,2026-02-27 09:38:07.210000+00:00,124434.26484787125,426963.9755735315,6.501826401160288,0.0031571119325235486,-0.002490247832611203,0.04053389154552001,0,-0.0017708036468446133,0.003610116960242312,0.04053389154552001,36_P9_0
68452,126,2026-02-27 09:38:07.620000+00:00,124339.65840068783,426609.58903190406,6.661775303452512,0.0015800836845301092,0.0005417430074885488,-0.008881885682946233,0,-0.0008781428883968082,-0.0014209204776619605,-0.008881885682946233,17_P5_1
68453,121,2026-02-27 09:38:22.970000+00:00,124329.25941658259,426611.32836391975,11.34037670954431,-0.00012618712207768112,0.0006474271649494767,-0.013922812529811424,0,-0.0005866605349474033,0.00030152038144707754,-0.013922812529811424,15_P5_1
68454,176,2026-02-27 09:38:23.350000+00:00,124446.56899743654,427018.9994197102,7.906049395029738,0.001751362593495287,-0.003521431877743453,-0.012363528617447272,0,-0.0030633939572188465,0.002466449039886568,-0.012363528617447272,41_LHN_0
68455,162,2026-02-27 09:38:25.720000+00:00,124402.99754174783,426879.6472670217,6.553110528320794,0.0021136195136932656,-0.0004665661836043,0.008437485030227343,0,0.0006482498751034339,-0.0020651497649750296,0.008437485030227343,34a_P7_0
68456,123,2026-02-27 09:38:38.160000+00:00,124329.15124649339,426611.390549175,8.069247786572229,0.001489881266024895,0.00027115532429888844,-0.008867858481837132,0,-0.0006763322227115528,-0.0013549339914806292,-0.008867858481837132,16_P5_1
68457,109,2026-02-27 09:38:38.260000+00:00,124446.5742996595,427018.9656362146,10.385784401595231,0.00524484553898219,0.0004457460017874837,-4.0839872736953e-05,0,0.0015617027051173537,0.005026746351937807,-4.0839872736953e-05,40_LHN_0
68458,104,2026-02-27 09:38:42.670000+00:00,124389.81659448457,426881.4462295169,10.73122162650648,-0.0005017257062718272,0.001889948733150959,0.005309758446273349,0,-0.0017453736083177386,0.0008816495140705272,0.005309758446273349,33_P7_0
68459,118,2026-02-27 09:38:54.710000+00:00,124372.26054064558,426775.1120879367,6.157212499209678,0.000513283594045788,-0.0005765620735473931,-0.008319569780683267,0,9.391317423634414e-05,-0.0007662011408727377,-0.008319569780683267,22_P6_1
68460,167,2026-02-27 09:38:56.230000+00:00,124669.37573577788,426931.2981869653,13.850094120716307,-0.0004972100723534822,-0.008233651868067682,0.040722155899523216,0,-0.0009052669130817407,0.00819882508391682,0.040722155899523216,908_GSL_1
68461,105,2026-02-27 09:38:58.650000+00:00,124389.68790045378,426881.47366951534,7.067203270992905,-0.000784983581979759,0.0017163011943921447,0.004907374270114673,0,-0.0015135982009771526,0.0011273462200444024,0.004907374270114673,34_P7_0
68462,74,2026-02-27 09:39:11.310000+00:00,124369.34593168116,426785.7256091221,7.2207466959092015,-0.00038152813795022666,-0.0008571746293455362,-0.00930713884787071,0,0.00011045253128578761,-0.000931725444309635,-0.00930713884787071,21_P6_1
68463,151,2026-02-27 09:39:15.060000+00:00,124403.03240252388,426812.84062617965,6.608695382230492,-0.004582821566145867,0.0029422538937069476,-4.992024523708949e-05,0,-0.0019716032235343505,0.005076602427915181,-4.992024523708949e-05,27_KW_1
68464,65,2026-02-27 09:39:16.600000+00:00,124370.27583202628,426819.497530221,9.733225206497973,-0.0026424648676766083,-0.000927202869206667,-0.002154061252479522,0,0.001589103546555054,0.002305878499812247,-0.002154061252479522,30_KW_1
68465,73,2026-02-27 09:39:29.310000+00:00,124369.48885571302,426785.69549256354,11.39713053158432,-0.0004838514141738415,-0.0009740906534716487,-0.008924084478755034,0,0.00017206091693024904,-0.0010739459171876262,-0.008924084478755034,20_P6_1
68466,113,2026-02-27 09:39:31.690000+00:00,124414.07806042448,426875.9155872297,7.336146740641581,0.000825810304377228,0.0003550915280357003,0.032796795516304655,0,-0.0005406440829647894,-0.0007181619787022287,0.032796795516304655,32_P7_0
68467,153,2026-02-27 09:39:34.540000+00:00,124370.27553655756,426819.4977190507,9.733650637345951,0.0016977526829577982,-0.0014040465466678143,0.0075701602329623086,0,0.0009083950470944024,-0.002007119656650937,0.0075701602329623086,29_KW_1
68468,112,2026-02-27 09:39:47.910000+00:00,124413.9514889602,426875.8681875836,10.702520231415168,0.0007543353858636692,0.000921518134418875,0.03325462449450356,0,-0.0010752911269977178,-0.0005118266685401534,0.03325462449450356,31_P7_0
68469,163,2026-02-27 09:39:55.050000+00:00,124091.05512559858,427154.2033730575,9.86864979599811,-0.028189070842927322,0.00038935570046305656,0.011879723002602205,0,0.022848339402434418,-0.01651449967150749,0.011879723002602205,907_GSL_1
68470,161,2026-02-27 09:40:05.280000+00:00,124402.98977747673,426879.6466713142,6.58223885085639,-0.0016262698627542704,-0.000835572776850313,0.04061453003266813,0,0.0015139924106903765,0.0010250670769701262,0.04061453003266813,34a_P7_0
68471,108,2026-02-27 09:40:12.650000+00:00,124422.71229420156,427023.836670414,10.325892660074484,0.0015693615714553744,-0.0021490806830115616,-0.002429824268173064,0,-0.0017240734930913195,0.002027070327954661,-0.002429824268173064,39_LHN_0
68472,152,2026-02-27 09:40:16.410000+00:00,124370.27539729698,426819.4981678684,9.719939327694878,-0.00037436488491948694,-0.0010021695052273571,-0.008981623533001581,0,-0.0008890875078379194,-0.0005949925946387773,-0.008981623533001581,29_KW_1
68473,177,2026-02-27 09:40:27.240000+00:00,124422.72807353461,427023.89713868476,7.790174428304598,0.0015676975599490106,-0.002280852757394314,-0.002958191428556134,0,-0.0018525789675774625,0.00205618970653803,-0.002958191428556134,42_LHN_0
68474,117,2026-02-27 09:40:32+00:00,124377.67990417239,426815.9045822315,7.608972753307386,-0.00011297169839963317,-0.0011238070437684655,-0.008462286865073665,0,-0.001118566045479599,-0.0001565722777602971,-0.008462286865073665,26_KW_0
68475,107,2026-02-27 09:40:41.450000+00:00,124409.92159670252,426969.5256017909,6.295061228824897,0.0007791952230036259,0.001190737821161747,0.005980905394864067,0,0.0013418855094230386,0.0004736507509728731,0.005980905394864067,38_P9_0
68476,116,2026-02-27 09:40:46.990000+00:00,124377.68713033955,426815.8987649331,9.996964461579111,-0.00022955202439334244,-0.001296630478464067,-0.00809529369801254,0,-0.0012867869852107815,-0.0002795066802013596,-0.00809529369801254,25_KW_0
68477,106,2026-02-27 09:40:57.850000+00:00,124410.03285297667,426969.45093238895,8.929836469936198,0.0006491584499599412,0.0013710480416193604,0.0059492455976677405,0,0.0014869296636294076,0.0003003657786792864,0.0059492455976677405,37_P9_0
68478,115,2026-02-27 09:41:04.100000+00:00,124396.29011227327,426811.6326559488,7.63893502731794,2.1513464162126184e-05,-0.0012583876377902925,-0.00733726545510649,0,-0.0010682559079760712,0.0006654559272843747,-0.00733726545510649,24_KW_0
68479,160,2026-02-27 09:41:14.730000+00:00,124421.8126536548,426965.61808245437,5.601346912837678,0.0014474941563094035,-0.0005555842653848231,0.00916568295033926,0,0.00022451052778527686,0.0015341148038548618,0.00916568295033926,38a_P9_0
68480,114,2026-02-27 09:41:19.170000+00:00,124396.29917605016,426811.62806511536,9.982945905718756,0.00015540514141321182,-0.0014736404409632087,-0.007738171931427118,0,-0.0011837749621349427,0.0008913157388054557,-0.007738171931427118,23_KW_0
68481,119,2026-02-27 09:41:35.420000+00:00,124401.10369231275,426812.3198050481,9.172958983737473,0.000338357946020551,-0.0004073076997883618,-0.0003450185278186524,0,-0.00012340077947645681,0.0005149348595373354,-0.0003450185278186524,28_KW_1
68482,150,2026-02-27 09:41:50.010000+00:00,124401.10384629817,426812.3196085006,9.173353715711556,-1.9328455794311594,-0.5154352517565712,2.5595321530399957,0,-1.60972111811751,-1.1875872408233625,2.5595321530399957,27_KW_1
68483,169,2026-02-27 09:42:06.910000+00:00,124669.37564962426,426931.3074182398,13.794377857735633,-0.0010902049107244238,-0.0034322444698773324,-0.030070452851797214,0,-0.002533783854682463,0.0025590600278464857,-0.030070452851797214,908_GSL_1
68484,72,2026-02-27 09:42:50.170000+00:00,124390.52377071227,426780.8849125632,10.978751758530223,-0.00018899058341048658,-0.0020183685119263828,-0.008333563036535097,0,0.00013324488347627182,0.002022813558284883,-0.008333563036535097,18_P6_1
