,Id,Timestamp,Easting,Northing,Height,EastingDiff,NorthingDiff,HeightDiff,Type,LongitudinalDisplacement,TransverseDisplacement,HeightDisplacement,Name
39340,138,2026-02-14 22:00:20.210000+00:00,123928.08786027941,426940.4327934616,7.114947955009747,0.0012414007360348478,0.0010723095620051026,-0.002988108588180438,0,8.795115442116158e-05,0.0016380440099800194,-0.002988108588180438,905_GSL_1
39341,130,2026-02-14 22:00:20.950000+00:00,124898.93931764513,426720.7674936013,4.126152498039662,0.0009446478652535006,-0.0021830974728800356,0.03608976556946786,0,0.001713826273803025,0.0016495677217518631,0.03608976556946786,901_GSL_1
39342,139,2026-02-14 22:00:21.520000+00:00,123928.08617764956,426940.431554369,7.134917771519655,-0.0006922741304151714,0.0004503563977777958,-0.0016840592196007975,0,0.0008021378600805684,0.00019656858875934493,-0.0016840592196007975,905_GSL_1
39343,134,2026-02-14 22:00:21.800000+00:00,123855.6147693274,426533.0723946566,6.057423768535859,0.0003071859828196466,-0.0019034053548239172,0.011580849638078483,0,-0.0006805703328228506,-0.0018039232785500132,0.011580849638078483,904_GSL_1
39344,125,2026-02-14 22:00:37.500000+00:00,124339.65767711146,426609.5901271019,6.670549036572668,-0.000188452162547037,-0.001106744515709579,-0.0029669015564461887,0,-0.0011223764523199075,-2.5860005793964487e-05,-0.0029669015564461887,17_P5_1
39345,143,2026-02-14 22:00:37.720000+00:00,124266.91952566199,427056.3155222105,7.1083191077405425,-4.176610673312098e-05,0.0012953344848938286,0.0027773695177648605,0,0.0012145171660721196,0.0004523095054749017,0.0027773695177648605,906_GSL_1
39346,137,2026-02-14 22:00:39.930000+00:00,123928.0872026402,426940.4297457975,7.131045426790832,-0.0021966216736473143,-0.004082773579284549,0.00818173582530246,0,-0.002022787456683658,-0.004171632508014621,0.00818173582530246,905_GSL_1
39347,133,2026-02-14 22:00:40.720000+00:00,124806.2198189767,426258.5078808895,4.594044798856364,-0.002077116834698245,-0.0036029238253831863,0.005887694671798727,0,0.001991842870254885,0.0036507583344718196,0.005887694671798727,903_GSL_1
39348,146,2026-02-14 22:00:52.710000+00:00,124350.92486594067,426607.51157766936,11.374549844051582,-0.0014006342680659145,-0.000287727452814579,-0.004771669172500381,0,-0.0005770573079001214,-0.0013082692014194826,-0.004771669172500381,13_P5_1
39349,152,2026-02-14 22:00:53.420000+00:00,124370.27562817998,426819.49943695567,9.732409827218529,-0.00014348188415169716,0.0002669177483767271,0.0034888759906497313,0,0.00029277649538095047,-7.819244995951425e-05,0.0034888759906497313,29_KW_1
39350,141,2026-02-14 22:00:56.130000+00:00,124266.9203813819,427056.31377237587,7.092613037436205,0.001752630458213389,-0.0007459271582774818,0.00847833717310742,0,-0.0007993469913903105,0.0017289202514484154,0.00847833717310742,906_GSL_1
39351,153,2026-02-14 22:00:56.260000+00:00,124370.27642879779,426819.49803209794,9.734285019424272,0.002589992916909978,-0.0010909992852248251,0.008204542311283092,0,0.00037176654329539136,-0.002785701417469419,0.008204542311283092,29_KW_1
39352,132,2026-02-14 22:00:58.070000+00:00,124806.2222001728,426258.5055976183,4.625590888504636,0.008065885020187125,0.00045586784835904837,0.04295871429431486,0,0.003639603132570933,-0.007212461832926843,0.04295871429431486,903_GSL_1
39353,148,2026-02-14 22:01:08.010000+00:00,124351.03994759193,426607.3979031554,8.012244159724219,-0.0011708227393683046,-0.0005527393077500165,-0.003212255488163507,0,-0.0007883745899968105,-0.0010270404739839757,-0.003212255488163507,14_P5_1
39354,150,2026-02-14 22:01:09.240000+00:00,124401.10253129773,426812.32199197944,9.185673887518458,-0.0006493321998277679,0.0005603904137387872,0.0036598642746490384,0,5.96719067799419e-05,-0.0008556336745855339,0.0036598642746490384,27_KW_1
39355,122,2026-02-14 22:01:12.050000+00:00,124329.15080540843,426611.38994171226,8.08350389528013,0.0012545053759822622,-0.0020971965859644115,-0.00015994316226830563,0,-0.0017104147578079602,0.0017454221881315465,-0.00015994316226830563,16_P5_1
39356,136,2026-02-14 22:01:13.260000+00:00,123855.61416755908,426533.07668601745,6.030550512750782,-0.0016025527147576213,0.0025774913374334574,0.008257970314043739,0,-0.0002082123492285726,0.003027917504779523,0.008257970314043739,904_GSL_1
39357,135,2026-02-14 22:01:14.750000+00:00,123855.61482515316,426533.0703902434,6.0622903812099205,0.0011748749238904566,-0.0062446779338642955,0.041091934091562976,0,0.002533908955921712,-0.005827146727822974,0.041091934091562976,904_GSL_1
39358,5,2026-02-14 22:01:14.950000+00:00,124424.61726914003,426919.14327730244,8.777536647022332,6.63625105516985e-05,-0.003070466627832502,0.009710825016018276,11,-0.0030708320841391842,-4.647156615839278e-05,0.009710825016018276,TS4
39359,128,2026-02-14 22:01:24.840000+00:00,124898.9387710109,426720.7721831384,4.0809441841700655,-0.0015303886029869318,0.0029191036010161042,-0.00044774683361392675,0,-0.00011815649128489677,-0.003293826673215323,-0.00044774683361392675,901_GSL_1
39360,120,2026-02-14 22:01:27.760000+00:00,124329.26196200076,426611.3288998268,11.35746872136997,0.0017101655976148322,-0.002275263308547437,-0.0005624452769019683,0,-0.0017654871967376239,0.002232609337220252,-0.0005624452769019683,15_P5_1
39361,129,2026-02-14 22:01:28.110000+00:00,124898.93953018957,426720.77129160875,4.088325434433823,-0.00014150921197142452,-0.0012110613752156496,-0.003359310811790195,0,2.8024373750181682e-06,0.0012192976084437928,-0.003359310811790195,901_GSL_1
39362,140,2026-02-14 22:01:29.920000+00:00,123928.08764286018,426940.4315322853,7.145865590722035,0.00011912771151401103,-0.002906391629949212,0.010291884519691763,0,-0.00021380183914151824,-0.002900964062491831,0.010291884519691763,905_GSL_1
39363,131,2026-02-14 22:01:41.210000+00:00,124806.21732962203,426258.50248536345,4.630128656036391,-0.001214874122524634,-0.0037987010437063873,0.018624183263828087,0,0.00018236456625950849,0.003984067258218538,0.018624183263828087,903_GSL_1
39364,3,2026-02-14 22:01:41.410000+00:00,124314.90236451926,426440.7927267372,7.0406510358526235,-0.0048748326662462205,-0.0033505463507026434,-0.037778059638460704,11,-0.005848828783150658,0.0008839435714435793,-0.037778059638460704,TS2
39365,124,2026-02-14 22:01:43+00:00,124339.65868366313,426609.5884769585,6.674398618661385,0.0009179399057757109,-0.0017649455112405121,-3.157717180801711e-05,0,-0.0013894561897264525,0.0014237478095134692,-3.157717180801711e-05,17_P5_1
39366,154,2026-02-14 22:01:43.200000+00:00,124285.66547607158,426445.56126239063,7.8894644826796405,0.0008510715706506744,-0.002562609384767711,-0.01213551732035878,11,-0.0027001847000261764,1.709570162057497e-05,-0.01213551732035878,TS1-1
39367,149,2026-02-14 22:01:44.520000+00:00,124351.04017342608,426607.3970434786,8.015651033073386,-0.0011382659868104383,0.0003110131365247071,0.003425189105588089,0,-0.00012809776531305393,0.001173017301808579,0.003425189105588089,14_P5_1
39368,145,2026-02-14 22:01:45.790000+00:00,124266.91952561992,427056.3149713638,7.117483649389319,0.0012018670822726563,0.00022475619334727526,0.00951671309767299,0,-0.0006942940886401879,0.0010064569282278485,0.00951671309767299,906_GSL_1
39369,6,2026-02-14 22:01:45.990000+00:00,124399.03951475931,426925.0748833523,8.553007332682894,0.0003440149303060025,-0.0005658625741489232,0.00570063686133615,11,-0.0006595976545770865,-5.897168110454223e-05,0.00570063686133615,TS5
39370,147,2026-02-14 22:01:59.510000+00:00,124350.92623253337,426607.5105644821,11.37576195213101,-0.00027481222059577703,0.0005717419553548098,0.0015423104585661207,0,-0.0005211308040451806,0.00036170886798217553,0.0015423104585661207,13_P5_1
39371,126,2026-02-14 22:02:14.520000+00:00,124339.65652675985,426609.588784125,6.6713058646737675,-0.0002938442921731621,0.00029396393802016973,0.0006486755383097176,0,-0.00022160885330894763,0.00035163728618303004,0.0006486755383097176,17_P5_1
39372,121,2026-02-14 22:02:30.120000+00:00,124329.25989675357,426611.3278727435,11.355194852612039,0.0003539838653523475,0.0001562508987262845,0.0008953305379169052,0,-0.0002486616380981844,-0.0002964562531317025,0.0008953305379169052,15_P5_1
39373,123,2026-02-14 22:02:45.610000+00:00,124329.1507696956,426611.3903734507,8.08023187733293,0.0010130834707524627,9.543105261400342e-05,0.0021162322788637056,0,-0.00037447662066045093,-0.0009461566810489696,0.0021162322788637056,16_P5_1
39374,4,2026-02-14 22:02:45.810000+00:00,124378.97013552597,426782.74121289526,7.756595366975407,-0.0016824472259031609,2.9987830203026533e-05,0.0015196620031412422,11,-0.0016812928031542818,6.915524543477675e-05,0.0015196620031412422,TS3
39375,68,2026-02-14 22:06:20.590000+00:00,123928.08231349458,426940.4286892114,7.112596558711907,-0.026636867274646647,-0.019045793858822435,-0.0062167223283191575,0,0.0012449370469720254,-0.03272178316762362,-0.0062167223283191575,905_GSL_1
39376,67,2026-02-14 22:06:20.830000+00:00,123855.61527826308,426533.07553017995,6.054907500391284,-0.002716211063670926,-0.015572524745948613,0.010499352053708222,0,-0.00044423904253386,-0.015801391748155563,0.010499352053708222,904_GSL_1
39377,68,2026-02-14 22:06:21.400000+00:00,123928.08685063776,426940.4330298383,7.136328257250418,-0.022099724097643048,-0.014705166919156909,0.017514976210192046,0,0.016005121644101096,-0.021177247707616257,0.017514976210192046,905_GSL_1
39378,66,2026-02-14 22:06:21.960000+00:00,124898.93909400611,426720.7682271786,4.128616265403936,0.0014883424300933257,-0.005977976194117218,0.0463297350001719,0,0.003679604756509527,0.0049408371155625795,0.0463297350001719,901_GSL_1
39379,71,2026-02-14 22:06:23.020000+00:00,124806.21929361254,426258.5072981345,4.593917494411918,-0.008468322950648144,-0.007807997579220682,0.00241383126265049,0,0.0022485139755678146,0.011296968827754918,0.00241383126265049,903_GSL_1
39380,68,2026-02-14 22:06:36.930000+00:00,123928.08819625748,426940.43051686796,7.1308284490170175,-0.020754104378283955,-0.017218137276358902,0.012015167976791474,0,-0.0018021054695602837,-0.026906309960468864,0.012015167976791474,905_GSL_1
39381,69,2026-02-14 22:06:38.050000+00:00,124266.9197003764,427056.3158111706,7.108857427224056,-0.022896820257301442,0.0009727865690365434,0.01835605629662318,0,0.009577070246093432,-0.02082043268295497,0.01835605629662318,906_GSL_1
39382,71,2026-02-14 22:06:38.800000+00:00,124806.22317113102,426258.50667657173,4.623551470708837,-0.00459080447035376,-0.008429560344666243,0.03204780755956982,0,0.005002982802278266,0.008191650405717864,0.03204780755956982,903_GSL_1
39383,67,2026-02-14 22:06:39.480000+00:00,123855.61332821153,426533.0774826625,6.032409651000445,-0.004666262611863203,-0.013620042183902115,-0.011998497337130765,0,0.011752346925075095,-0.008316363244040236,-0.011998497337130765,904_GSL_1
39384,69,2026-02-14 22:06:52.830000+00:00,124266.92298871669,427056.31395395374,7.09119181369673,-0.019608479968155734,-0.0008844303083606064,0.0006904427692973059,0,-0.00028319200095234826,-0.019626372714348115,0.0006904427692973059,906_GSL_1
39385,67,2026-02-14 22:06:55.370000+00:00,123855.61455475462,426533.0707928836,6.061824195013418,-0.0034397195267956704,-0.02030982112046331,0.017416046675842622,0,0.01424930277676599,-0.014875411750411686,0.017416046675842622,904_GSL_1
39386,66,2026-02-14 22:06:55.400000+00:00,124898.93963111153,426720.77272559126,4.085545855524596,0.0020254478440620005,-0.0014795635361224413,0.003259325120831491,0,0.0021863037289759873,0.001229480878706229,0.003259325120831491,901_GSL_1
39387,68,2026-02-14 22:06:56.330000+00:00,123928.08768346642,426940.4332832202,7.143930739736271,-0.02126689543365501,-0.014451785013079643,0.025117458696044537,0,0.02078406685048549,-0.01513794889028364,0.025117458696044537,905_GSL_1
39388,66,2026-02-14 22:06:59.480000+00:00,124898.93863576328,426720.77279088093,4.078921881515132,0.001030099592753686,-0.0014142738655209541,-0.0033646488886320824,0,0.00031751193784677857,0.0017205992871705122,-0.0033646488886320824,901_GSL_1
39389,66,2026-02-14 22:07:10.030000+00:00,124898.94149207197,426720.767596616,4.085822651842254,0.003886408288963139,-0.006608538795262575,0.0035361214384899142,0,0.0008400408500502494,0.007620451808604184,0.0035361214384899142,901_GSL_1
39390,69,2026-02-14 22:07:12.080000+00:00,124266.91998083294,427056.31527186936,7.117219172755806,-0.022616363712586462,0.00043348531471565366,0.026717801828373133,0,0.016349662963100708,-0.015632540999181318,0.026717801828373133,906_GSL_1
39391,71,2026-02-14 22:07:16.670000+00:00,124806.21769983546,426258.5026570609,4.6273831792187945,-0.010062100031063892,-0.012449071160517633,0.035879516069527106,0,-0.005103677678166635,0.015171608482693964,0.035879516069527106,903_GSL_1
39392,149,2026-02-14 22:07:31.400000+00:00,124351.04008547957,426607.397006628,8.015494893791995,-0.001226212494657375,0.0002741625066846609,0.003269049824197623,0,-7.787230305197783e-05,0.0012540725922142069,0.003269049824197623,14_P5_1
39393,147,2026-02-14 22:07:47.120000+00:00,124350.92602484356,426607.5105010895,11.375987713674771,-0.00048250202962663025,0.0005083493888378143,0.0017680720023278695,0,-0.000425714534885673,0.0005567714472857529,0.0017680720023278695,13_P5_1
39394,164,2026-02-14 22:07:48.730000+00:00,124091.06403725364,427154.2066244815,9.839848344460865,-0.031291197723476216,0.011893540038727224,0.02521481283146798,0,0.019754099168835484,-0.027025375402578662,0.02521481283146798,907_GSL_1
39395,110,2026-02-14 22:07:55.450000+00:00,124434.13997664506,426963.9318440563,8.78588118795753,-0.00010919741180259734,-0.00024251715512946248,0.034820827699741486,0,-0.00025992419734823164,-5.6374257505986924e-05,0.034820827699741486,35_P9_0
39396,126,2026-02-14 22:08:02.900000+00:00,124339.65702230921,426609.5887136231,6.6727830716049485,0.00020170507195871323,0.00022346206242218614,0.0021258824694907474,0,-0.0002625750469170393,-0.00014722287231392172,0.0021258824694907474,17_P5_1
39397,122,2026-02-14 22:08:05.200000+00:00,124329.1508515497,426611.39014316816,8.083242971784182,0.0013006466469960287,-0.0018957406864501536,-0.00042086665821550184,0,-0.0015038436479589902,0.0017389562194310437,-0.00042086665821550184,16_P5_1
39398,111,2026-02-14 22:08:10.380000+00:00,124434.2616298641,426963.9750876207,6.5030937250435805,-6.0895225033164024e-05,-0.002976158633828163,0.0418012154288121,0,-0.0029224089313739095,0.0005663519047092193,0.0418012154288121,36_P9_0
39399,107,2026-02-14 22:08:11.720000+00:00,124409.92244067728,426969.52456144185,6.294433666983037,0.0016231699846684933,0.0001503887469880283,0.005353343553004208,0,0.0005320330748083398,0.0015408563793096778,0.005353343553004208,38_P9_0
39400,121,2026-02-14 22:08:18.120000+00:00,124329.26023367642,426611.327663908,11.354861840867702,0.0006909067160449922,-5.25845680385828e-05,0.0005623187935803742,0,-0.00014193194415499833,-0.000678212761823502,0.0005623187935803742,15_P5_1
39401,120,2026-02-14 22:08:20.630000+00:00,124329.26108957583,426611.3292992764,11.356355400668981,0.0008377406629733741,-0.0018758137011900544,-0.0016757659778914302,0,-0.0016010620931271693,0.0012872787708661424,-0.0016757659778914302,15_P5_1
39402,106,2026-02-14 22:08:26.530000+00:00,124410.0340225932,426969.4500704922,8.929078771334286,0.0018187749810749665,0.0005091513157822192,0.005191546995755303,0,0.0009315484239696247,0.0016429835750690627,0.005191546995755303,37_P9_0
39403,123,2026-02-14 22:08:33.030000+00:00,124329.15103189636,426611.3901941752,8.080814448412685,0.00127528423035983,-8.384446846321225e-05,0.002698803358619273,0,-0.00027553287382107723,-0.0012479829319907549,0.002698803358619273,16_P5_1
39404,124,2026-02-14 22:08:36.230000+00:00,124339.65860660374,426609.58861353726,6.673295448269656,0.0008408805151702836,-0.0016283667646348476,-0.001134747563537708,0,-0.0012838183800119671,0.001307848893452088,-0.001134747563537708,17_P5_1
39405,102,2026-02-14 22:08:36.780000+00:00,124282.39311022566,426301.7927892995,6.899776253691371,-0.00017872016178444028,-0.0007685651071369648,-0.003521730075364715,0,0.0007890704770795247,-1.001168418407853e-06,-0.003521730075364715,02_P1_0
39406,160,2026-02-14 22:08:41.820000+00:00,124421.81277011808,426965.6173471458,5.600646743679036,0.001563957441248931,-0.0012908928329125047,0.008465513791697354,0,-0.00035964118261695076,0.0019957518392497236,0.008465513791697354,38a_P9_0
39407,118,2026-02-14 22:08:48.950000+00:00,124372.26061031225,426775.11244227155,6.169762762714139,0.0005829502624692395,-0.00022222724510356784,0.004230693723777712,0,-0.0002181376617538315,-0.000584492872072746,0.004230693723777712,22_P6_1
39408,103,2026-02-14 22:08:52.260000+00:00,124282.31151370553,426301.796926532,9.293914810998421,-0.000204701631446369,-0.0005176212289370596,-0.0040366747926920965,0,0.0005506828104690064,8.113529945143086e-05,-0.0040366747926920965,01_P1_0
39409,170,2026-02-14 22:08:52.930000+00:00,124669.37313811127,426931.31038985925,13.799924618138554,-0.014908705197740346,0.011892887530848384,0.013734487467166545,0,9.048458542915247e-05,-0.019070974726907344,0.013734487467166545,908_GSL_1
39410,162,2026-02-14 22:08:59.070000+00:00,124402.99673320053,426879.64634946664,6.552691620839605,0.0013050722191110253,-0.0013841212494298816,0.008018577549037786,0,0.001492123324128095,-0.001180073351877601,0.008018577549037786,34a_P7_0
39411,74,2026-02-14 22:09:05.240000+00:00,124369.34606727249,426785.72522649873,7.233770232840175,-0.000245936811552383,-0.0012397979735396802,0.0037163980831032006,0,-0.0001324177414458185,-0.0012570001878361191,0.0037163980831032006,21_P6_1
39412,100,2026-02-14 22:09:07.400000+00:00,124292.48342743618,426345.9294042935,7.583280431991015,-0.00029583713330794126,-0.0008306862437166274,-0.005219136978083405,0,0.0008764572581884004,9.686030927460575e-05,-0.005219136978083405,06_P2_0
39413,92,2026-02-14 22:09:10.110000+00:00,124278.31666390513,426395.6365152999,11.098357677088838,0.002688102555111982,-0.0017753252759575844,-0.0034313061383812737,0,0.001364765892558564,-0.002918062583421107,-0.0034313061383812737,11_P3_0
39414,104,2026-02-14 22:09:15.390000+00:00,124389.81728782844,426881.445273011,10.730692682572727,0.00019161816453561187,0.0009334428468719125,0.004780814512519882,0,-0.0009528914384057862,5.565605922912281e-06,0.004780814512519882,33_P7_0
39415,73,2026-02-14 22:09:20.960000+00:00,124369.48939295305,426785.69585752895,11.410032025474239,5.3388619562610984e-05,-0.0006091252434998751,0.003977409411163535,0,-0.00023223817027256626,-0.0005656406449646576,0.003977409411163535,20_P6_1
39416,101,2026-02-14 22:09:22.840000+00:00,124292.40489899745,426345.8826789488,10.211740608100941,-0.00041987338045146316,-0.0007145770941860974,-0.003877889499342757,0,0.000792151135100629,0.00024374301693786202,-0.003877889499342757,05_P2_0
39417,93,2026-02-14 22:09:25+00:00,124278.27050904083,426395.7892156908,7.945597165992615,0.0023854611499700695,-0.002134411712177098,-0.0031283542869031677,0,0.0017605184668712645,-0.0026733336834186164,-0.0031283542869031677,12_P3_0
39418,105,2026-02-14 22:09:30.390000+00:00,124389.68813966482,426881.4727676554,7.067452101324978,-0.0005457725346786901,0.0008144412422552705,0.005156204602188019,0,-0.00068189396374305,0.0007044166514973238,0.005156204602188019,34_P7_0
39419,165,2026-02-14 22:09:36.920000+00:00,124091.06235894863,427154.206532849,9.858407928764668,-0.021421678524347953,0.010381055355537683,0.007672435038648118,0,0.021327807606511612,-0.010572570349488023,0.007672435038648118,907_GSL_1
39420,98,2026-02-14 22:09:37.830000+00:00,124302.66056314574,426390.07735780516,7.975236999640577,-0.0002824878174578771,-0.0005542034050449729,-0.003813795490293259,0,0.0006050127298649589,0.00014456962985671468,-0.003813795490293259,10_P3_0
39421,94,2026-02-14 22:09:40.630000+00:00,124268.2259299054,426351.55411182326,10.21162404032171,0.001707406307104975,-0.0018611972336657345,-0.0028698989692514942,0,0.001518499280370772,-0.0020182793106159214,-0.0028698989692514942,07_P2_0
39422,99,2026-02-14 22:09:53.180000+00:00,124302.53755115821,426390.1345498358,11.083528361018711,-0.0005291329580359161,-0.0002664561616256833,-0.004226841730655906,0,0.00038431675266106195,0.0004508671722050596,-0.004226841730655906,09_P3_0
39423,152,2026-02-14 22:09:54.460000+00:00,124370.27544154064,426819.4993363766,9.732502620231008,-0.00033012122730724514,0.0001663386938162148,0.003581669003128951,0,0.00023785710689890743,-0.00028297099228897653,0.003581669003128951,29_KW_1
39424,95,2026-02-14 22:09:55.730000+00:00,124268.11120903684,426351.54678139096,7.191334821707365,0.0016611346072750166,-0.0024096190463751554,-0.0023360365377556036,0,0.002063741426250482,-0.0020752357595507707,-0.0023360365377556036,08_P2_0
39425,113,2026-02-14 22:10:05.100000+00:00,124414.07846868674,426875.91419012105,7.3387243345399105,0.001234072566148825,-0.001042017131112516,0.03537438941463389,0,0.0007200267685712116,-0.0014457856869515631,0.03537438941463389,32_P7_0
39426,117,2026-02-14 22:10:09.410000+00:00,124377.6801945469,426815.90577852115,7.6214898002902105,0.0001774028205545619,7.248262409120798e-05,0.004054760117750966,0,6.553360502986002e-05,0.00018008564114790432,0.004054760117750966,26_KW_0
39427,166,2026-02-14 22:10:11.160000+00:00,124091.05600582217,427154.20607736555,9.82284149041232,-0.01627501352049876,0.017049385991413146,-0.007012128650485394,0,0.021139632156371727,-0.010424662108188772,-0.007012128650485394,907_GSL_1
39428,96,2026-02-14 22:10:11.530000+00:00,124258.06323775751,426307.35023847787,9.30317644685177,0.002259561078972183,-0.0021710990695282817,-0.0013691613241206824,0,0.0016864863484812268,-0.0026410322292048927,-0.0013691613241206824,03_P1_0
39429,112,2026-02-14 22:10:19.670000+00:00,124413.95215158896,426875.8667152578,10.704240009069483,0.0014169641508487985,-0.0005508076283149421,0.034974402148819195,0,0.00019570189607222887,-0.0015076064526507978,0.034974402148819195,31_P7_0
39430,116,2026-02-14 22:10:24.540000+00:00,124377.68743759058,426815.9001931041,10.009360460497408,7.769900548737496e-05,0.0001315405243076384,0.004300705220284584,0,0.0001284393487899357,8.272471620545324e-05,0.004300705220284584,25_KW_0
39431,97,2026-02-14 22:10:26.620000+00:00,124257.98956360416,426307.3894956728,6.836219186143283,0.0016933952865656465,-0.0023570318589918315,-0.0008430044528173752,0,0.001978511786812837,-0.00212336475677353,-0.0008430044528173752,04_P1_0
39432,125,2026-02-14 22:10:27.180000+00:00,124339.6573964581,426609.59046734415,6.668669097049153,-0.0004691055219154805,-0.0007665022858418524,-0.004846841079960917,0,-0.0008264604726817941,-0.0003529147658953443,-0.004846841079960917,17_P5_1
39433,161,2026-02-14 22:10:35.260000+00:00,124402.99125319562,426879.64412928256,6.583358078454257,-0.00015055097173899412,-0.0033776044147089124,0.041733757630534996,0,0.0030348764861586517,-0.001490101302299278,0.041733757630534996,34a_P7_0
39434,115,2026-02-14 22:10:40.340000+00:00,124396.28959638665,426811.63413449214,7.651191635191768,-0.0004943731619277969,0.00022015569265931845,0.004919342418721939,0,-6.536157023923136e-05,-0.0005372161737891498,0.004919342418721939,24_KW_0
39435,146,2026-02-14 22:10:43.560000+00:00,124350.92393932943,426607.51200109755,11.373836757053887,-0.002327245514607057,0.00013570074224844575,-0.005484756170195837,0,-0.0003588854527950283,-0.002303407825044786,-0.005484756170195837,13_P5_1
39436,114,2026-02-14 22:10:55.440000+00:00,124396.29876479271,426811.62984271144,9.994775522496454,-0.00025585231196600944,0.0003039556322619319,0.004091444846270775,0,0.00012904080155652024,-0.0003757630948559927,0.004091444846270775,23_KW_0
39437,148,2026-02-14 22:10:59.190000+00:00,124351.03926224251,426607.3982615217,8.01137712743193,-0.0018561721517471597,-0.00019437301671132445,-0.004079287780452745,0,-0.0005834371306680767,-0.0017727822881292961,-0.004079287780452745,14_P5_1
39438,153,2026-02-14 22:11:06.150000+00:00,124370.27631411953,426819.497783374,9.734319898799871,0.002475314657203853,-0.0013397232396528125,0.008239421686882409,0,0.0006418877580175114,-0.0027404417740833882,0.008239421686882409,29_KW_1
39439,150,2026-02-14 22:11:10.930000+00:00,124401.1024499571,426812.3220464829,9.185805577125436,-0.0007306728221010417,0.0006148938555270433,0.0037915538816264416,0,5.45798603012525e-05,-0.0009534140052314675,0.0037915538816264416,27_KW_1
39440,168,2026-02-14 22:11:16.160000+00:00,124669.37138871526,426931.3128291789,13.792359610454106,-0.005343256096239202,0.005088606500066817,-0.008980409481122109,0,0.0009947007621314786,-0.007311283896576216,-0.008980409481122109,908_GSL_1
39441,119,2026-02-14 22:11:26.340000+00:00,124400.81394877507,426811.3434342163,3.987715768454367,-0.00020261200552340597,0.00030533497920259833,0.004181639368184165,0,0.00011968008692604653,-0.0003463491751112478,0.004181639368184165,28_KW_1
39442,169,2026-02-14 22:11:42.730000+00:00,124669.37636900764,426931.3091506316,13.811482175918318,-0.002708440675633028,0.006991078669670969,-0.0002730369545744793,0,0.0007726632972729064,-0.007457467618970884,-0.0002730369545744793,908_GSL_1
39443,72,2026-02-14 22:12:24.540000+00:00,124390.52346932638,426780.88770337385,10.990899247086897,-0.0004903764784103259,0.0007724421448074281,0.003813925520139705,0,-0.0006065862211940085,-0.000684973805273155,0.003813925520139705,18_P6_1
39444,138,2026-02-14 22:15:19.720000+00:00,123928.08730480117,426940.4334388076,7.111939812667894,0.0006859224959043786,0.0017176555702462792,-0.005996250930032865,0,0.0009382903547692835,0.0015938762619892096,-0.005996250930032865,905_GSL_1
39445,130,2026-02-14 22:15:20.770000+00:00,124898.93951046554,426720.7669696889,4.125231163819649,0.0011374682799214497,-0.0027070099022239447,0.035168431349454465,0,0.002093864447626808,0.0020585112031588347,0.035168431349454465,901_GSL_1
39446,134,2026-02-14 22:15:21.030000+00:00,123855.61417179307,426533.07299991726,6.050057011769838,-0.00029034834005869925,-0.00129814469255507,0.004214092872057762,0,2.565713295151858e-05,-0.0013299712451449645,0.004214092872057762,904_GSL_1
39447,139,2026-02-14 22:15:22.110000+00:00,123928.08578814148,426940.43224797957,7.132361163293671,-0.0010817822039825842,0.0011439669760875404,-0.0042406674455843785,0,0.0013987889159822041,0.0007227051596312416,-0.0042406674455843785,905_GSL_1
39448,133,2026-02-14 22:15:22.330000+00:00,124806.22124026151,426258.50747404416,4.586951683297567,-0.0006558320164913312,-0.0040097691817209125,-0.0012054208869987093,0,0.0030799483701556,0.0026499589735899196,-0.0012054208869987093,903_GSL_1
39449,125,2026-02-14 22:15:36.740000+00:00,124339.65762935547,426609.5904353216,6.669640647701156,-0.0002362081577302888,-0.0007985248230397701,-0.003875290427957978,0,-0.0008243487938698154,-0.00011783570271532233,-0.003875290427957978,17_P5_1
39450,137,2026-02-14 22:15:37.130000+00:00,123928.08670932664,426940.4307344992,7.128636776954708,-0.0026899352378677577,-0.003094071871601045,0.005773085989178028,0,-0.0009324769552237484,-0.003992432724358935,0.005773085989178028,905_GSL_1
39451,132,2026-02-14 22:15:38.170000+00:00,124806.21811042435,426258.5025114307,4.619038775456912,0.0039761365769663826,-0.0026303197373636067,0.036406601246590675,0,0.0042664201526764,-0.0021274169972742003,0.036406601246590675,903_GSL_1
39452,153,2026-02-14 22:15:38.900000+00:00,124370.27599887107,426819.4977634992,9.734131180221386,0.002160066200303845,-0.0013595980126410723,0.008050703108397173,0,0.0007439365373521186,-0.002441505923413905,0.008050703108397173,29_KW_1
39453,143,2026-02-14 22:15:40.910000+00:00,124266.91760539447,427056.3151109825,7.107084134859389,-0.0019620336242951453,0.0008841064991429448,0.0015423966366112651,0,0.001561794030098126,-0.0014805470786980707,0.0015423966366112651,906_GSL_1
39454,146,2026-02-14 22:15:52.040000+00:00,124350.92510722468,426607.5118154667,11.373238735183511,-0.001159350256784819,-4.993012407794595e-05,-0.006082778040571668,0,-0.000293663941537361,-0.0011226520051370356,-0.006082778040571668,13_P5_1
39455,141,2026-02-14 22:15:53.330000+00:00,124266.9169352242,427056.31446410145,7.087850244437777,-0.0016935272433329374,-5.4201576858758926e-05,0.0037155441746792306,0,-2.2183341155033063e-06,-0.0016943929337195037,0.0037155441746792306,906_GSL_1
39456,135,2026-02-14 22:15:54.800000+00:00,123855.60980682037,426533.0765805999,6.056603448834846,-0.003843457860057242,-5.4321426432579756e-05,0.035405001716488194,0,0.0032109790592950386,0.0021129913914103428,0.035405001716488194,904_GSL_1
39457,136,2026-02-14 22:15:54.820000+00:00,123855.61378872352,426533.0753358141,6.0277565614303406,-0.0019813882681773975,0.0012272879830561578,0.00546401899360216,0,0.0008889351059936045,0.0021545137827262135,0.00546401899360216,904_GSL_1
39458,5,2026-02-14 22:15:55+00:00,124424.61733801024,426919.1423699772,8.78444354142402,0.00013523272355087101,-0.0039777918718755245,0.016617719417705956,11,-0.003979785251354503,4.9248538852988116e-05,0.016617719417705956,TS4
39459,152,2026-02-14 22:15:56.460000+00:00,124370.27535875617,426819.49951953435,9.73255954071832,-0.00041290569060947746,0.0003494964330457151,0.0036385894904409355,0,0.00043515171275344003,-0.00032137494136462344,0.0036385894904409355,29_KW_1
39460,148,2026-02-14 22:16:08.120000+00:00,124351.04050361972,426607.39814663987,8.011223691712106,-0.0006147949461592361,-0.00030925485771149397,-0.004232723500276592,0,-0.000432554003790625,-0.0005352648191743918,-0.004232723500276592,14_P5_1
39461,122,2026-02-14 22:16:09.150000+00:00,124329.15037344537,426611.39032045414,8.083051703499823,0.0008225423225667328,-0.0017184547032229602,-0.0006121349425747269,0,-0.0014536238101043744,0.0012315194915794993,-0.0006121349425747269,16_P5_1
39462,140,2026-02-14 22:16:11.760000+00:00,123928.08739006601,426940.4320324759,7.144760790998531,-0.0001336664572590962,-0.0024062010343186557,0.009187084796187683,0,5.516166033467919e-05,-0.0024092794214414996,0.009187084796187683,905_GSL_1
39463,150,2026-02-14 22:16:12.580000+00:00,124401.10241892017,426812.3221356036,9.185735006711894,-0.0007617097580805421,0.0007040145574137568,0.0037209834680851372,0,0.00010734197554920618,-0.0010316568968851997,0.0037209834680851372,27_KW_1
39464,120,2026-02-14 22:16:24.430000+00:00,124329.26142173582,426611.32931279263,11.35647724647179,0.0011699006572598591,-0.0018622974748723209,-0.0015539201750822684,0,-0.0015035101930356953,0.0016050783570314064,-0.0015539201750822684,15_P5_1
39465,128,2026-02-14 22:16:25.740000+00:00,124898.9391781443,426720.7739298721,4.074867864610097,-0.0011232552060391754,0.004665837273932993,-0.006524066393582828,0,0.0010040434717859309,-0.004692934735480628,-0.006524066393582828,901_GSL_1
39466,145,2026-02-14 22:16:28.370000+00:00,124266.91971171851,427056.3150674572,7.11681305327613,0.0013879656762583181,0.000320849590934813,0.008846116984483565,0,-0.0007586043522569366,0.0012057829884399103,0.008846116984483565,906_GSL_1
39467,6,2026-02-14 22:16:28.570000+00:00,124399.03957772667,426925.0753053674,8.553534057309758,0.00040698228986002505,-0.00014384748646989465,0.006227361488200245,11,-0.0003343345355901958,0.0002730331517144101,0.006227361488200245,TS5
39468,129,2026-02-14 22:16:31.530000+00:00,124898.94052235063,426720.77294837567,4.086772689185121,0.0008506518497597426,0.00044570554746314883,-0.004912056060492276,0,0.0007919295138152147,-0.0005432399559011602,-0.004912056060492276,901_GSL_1
39469,124,2026-02-14 22:16:39.850000+00:00,124339.65849836638,426609.58911784407,6.672610503223182,0.0007326431514229625,-0.0011240599560551345,-0.0018196926100113586,0,-0.0008386365704714099,0.001047361195959442,-0.0018196926100113586,17_P5_1
39470,154,2026-02-14 22:16:40.050000+00:00,124285.66567807346,426445.5613391945,7.890024541826743,0.0010530734580243006,-0.002485805540345609,-0.011575458173256337,11,-0.002691017342013499,0.00021591330989725058,-0.011575458173256337,TS1-1
39471,131,2026-02-14 22:16:43.240000+00:00,124806.21838511882,426258.5037013218,4.612060932629877,-0.00015937733405735344,-0.0025827427161857486,0.0005564598573144508,0,0.0007489777571563754,0.0024768918813518636,0.0005564598573144508,903_GSL_1
39472,3,2026-02-14 22:16:43.440000+00:00,124314.90233962426,426440.79279695445,7.042971421354077,-0.004899727675365284,-0.0032803291105665267,-0.03545767413700762,11,-0.005840543014735432,0.0008099059571307123,-0.03545767413700762,TS2
39473,149,2026-02-14 22:16:47.920000+00:00,124351.03970876332,426607.3967118575,8.01524423593233,-0.0016029287507990375,-2.0607956685125828e-05,0.003018391964532796,0,0.0002724844038443908,0.0015797333691729327,0.003018391964532796,14_P5_1
39474,147,2026-02-14 22:17:02.880000+00:00,124350.92649116498,426607.5102150634,11.37556088069273,-1.6180609236471355e-05,0.00022232328774407506,0.0013412390202862667,0,-0.00021697286887315188,5.110998494963794e-05,0.0013412390202862667,13_P5_1
39475,126,2026-02-14 22:17:17.820000+00:00,124339.65638145796,426609.58861412463,6.670971120031769,-0.0004391461843624711,0.00012396357487887144,0.0003139308963113763,0,-2.3656743841457947e-05,0.0004556936444670769,0.0003139308963113763,17_P5_1
39476,121,2026-02-14 22:17:33.130000+00:00,124329.25993693479,426611.3273996555,11.355537640441803,0.00039416507934220135,-0.00031683710403740406,0.0012381183676808405,0,0.0001945140923310523,-0.0004668148756758717,0.0012381183676808405,15_P5_1
39477,123,2026-02-14 22:17:48.250000+00:00,124329.15084002327,426611.3900405774,8.080228063117476,0.0010834111453732476,-0.0002374422620050609,0.0021124180634100043,0,-7.447408455032488e-05,-0.0011066219537111321,0.0021124180634100043,16_P5_1
39478,4,2026-02-14 22:17:48.450000+00:00,124378.97035099896,426782.7414848603,7.756713198483948,-0.0014669742377009243,0.0003019528812728822,0.0016374935116818534,11,-0.0014822117749050214,-0.00021502839561348468,0.0016374935116818534,TS3
39479,68,2026-02-14 22:21:20.210000+00:00,123928.08042678102,426940.42842984886,7.113144087771217,-0.02852358084055595,-0.019305156369227916,-0.005669193269008943,0,0.002194773854973457,-0.03437247000338493,-0.005669193269008943,905_GSL_1
39480,67,2026-02-14 22:21:21.150000+00:00,123855.6144579808,426533.07347836444,6.050043257843578,-0.003536493342835456,-0.017624340252950788,0.005635109506002323,0,-4.965892760510806e-05,-0.017975585901622515,0.005635109506002323,904_GSL_1
39481,66,2026-02-14 22:21:21.700000+00:00,124898.94056614517,426720.76810311177,4.134678826544796,0.002960481491754763,-0.00610204302938655,0.05239229614103191,0,0.005085615523723337,0.004487303704940384,0.05239229614103191,901_GSL_1
39482,68,2026-02-14 22:21:21.910000+00:00,123928.08619283367,426940.433263675,7.134892491293626,-0.022757528189686127,-0.014471330214291811,0.016079210253399978,0,0.016703242937770608,-0.02117371395946517,0.016079210253399978,905_GSL_1
39483,71,2026-02-14 22:21:23.760000+00:00,124806.2226840923,426258.5083596168,4.592257472425208,-0.0050778431905200705,-0.006746515282429755,0.0007538092759409309,0,0.003110159640852887,0.007850278143606067,0.0007538092759409309,903_GSL_1
39484,71,2026-02-14 22:21:38.270000+00:00,124806.22111341683,426258.50303491007,4.631199499890127,-0.006648518654401414,-0.012071222008671612,0.03969583674085975,0,0.007127086867456985,0.011794991897592963,0.03969583674085975,903_GSL_1
39485,68,2026-02-14 22:21:38.330000+00:00,123928.08551684077,426940.4298652401,7.129113223784278,-0.023433521084371023,-0.01786976511357352,0.010299942744051549,0,-0.0007611137142877704,-0.029459788212746432,0.010299942744051549,905_GSL_1
39486,69,2026-02-14 22:21:38.830000+00:00,124266.91864419864,427056.31564728747,7.108247463081636,-0.02395299801719375,0.0008089034236036241,0.017746092154203197,0,0.009825652870734468,-0.021859940174305897,0.017746092154203197,906_GSL_1
39487,67,2026-02-14 22:21:40.010000+00:00,123855.61375340454,426533.07553927944,6.030292725179075,-0.004241069604177028,-0.015563425258733332,-0.014115423158500562,0,0.012544413031961797,-0.010141231624176626,-0.014115423158500562,904_GSL_1
39488,69,2026-02-14 22:21:54.230000+00:00,124266.91956260934,427056.31476416765,7.0874549575259405,-0.023034587313304655,-7.421639747917652e-05,-0.003046413401492032,0,0.0006316284592407122,-0.023026045389023874,-0.003046413401492032,906_GSL_1
39489,67,2026-02-14 22:21:55.650000+00:00,123855.6152005032,426533.0671811542,6.066471317962213,-0.002793970939819701,-0.023921550484374166,0.02206316962463717,0,0.01574271199685784,-0.018226735038755763,0.02206316962463717,904_GSL_1
39490,66,2026-02-14 22:21:55.730000+00:00,124898.94050786183,426720.77251876815,4.084840709618674,0.0029021981463301927,-0.0016863866476342082,0.0025541792149095244,0,0.0030813684138926885,0.0013310983073183617,0.0025541792149095244,901_GSL_1
39491,68,2026-02-14 22:21:56.720000+00:00,123928.08731248982,426940.4325222744,7.142840120638891,-0.021637872036080807,-0.015212730853818357,0.02402683959866536,0,0.021130033506680915,-0.015910574165851676,0.02402683959866536,905_GSL_1
39492,66,2026-02-14 22:21:59.090000+00:00,124898.94003719038,426720.77256841224,4.071833535320575,0.0024315266928169876,-0.001636742556001991,-0.010452995083189087,0,0.0014850618848291333,0.0025270218540284113,-0.010452995083189087,901_GSL_1
39493,66,2026-02-14 22:22:10.840000+00:00,124898.9422868483,426720.7690583626,4.0789375242073795,0.004681184611399658,-0.00514679221669212,-0.003349006196384785,0,0.002163625362929252,0.006612237501534319,-0.003349006196384785,901_GSL_1
39494,69,2026-02-14 22:22:13.330000+00:00,124266.91966696073,427056.3154512817,7.117276484902755,-0.022930235922103748,0.0006128976820036769,0.026775113975322284,0,0.016698804421801026,-0.01572645204406833,0.026775113975322284,906_GSL_1
39495,71,2026-02-14 22:22:16.500000+00:00,124806.21896695385,426258.50525987113,4.612785497150865,-0.00879498163703829,-0.00984626094577834,0.021281834001597666,0,-0.004821009140520392,0.012290582877765372,0.021281834001597666,903_GSL_1
39496,149,2026-02-14 22:22:31.810000+00:00,124351.04020632604,426607.3967850597,8.015630715657615,-0.001105366027331911,5.259423051029444e-05,0.0034048716898169573,0,0.00012192924132618323,0.0010998788422240525,0.0034048716898169573,14_P5_1
39497,147,2026-02-14 22:22:46.930000+00:00,124350.92606146524,426607.5101928001,11.376057855657205,-0.000445880345068872,0.00020005996339023113,0.001838213984761694,0,-0.00012708589128930195,0.0004718924107311334,0.001838213984761694,13_P5_1
39498,164,2026-02-14 22:22:49.740000+00:00,124091.06623103218,427154.2081436436,9.835336654027444,-0.029097419188474305,0.013412702188361436,0.020703122398046503,0,0.020638200594160216,-0.02450765308344871,0.020703122398046503,907_GSL_1
39499,110,2026-02-14 22:22:56.390000+00:00,124434.1398869621,426963.9310215276,8.792951733004822,-0.0001988803705899045,-0.001065045827999711,0.04189137274703292,0,-0.0010831201950765347,2.6956642278613097e-05,0.04189137274703292,35_P9_0
39500,126,2026-02-14 22:23:02.910000+00:00,124339.65679718101,426609.588356407,6.6724874643591825,-2.3423126549459994e-05,-0.00013375404523685575,0.0018302752237246978,0,0.00013562051045605097,-6.77234215135662e-06,0.0018302752237246978,17_P5_1
39501,122,2026-02-14 22:23:05.830000+00:00,124329.15111773308,426611.3903585243,8.083535023977781,0.0015668300329707563,-0.001680384564679116,-0.0001288144646167666,0,-0.0012280162810645546,0.001941809633015385,-0.0001288144646167666,16_P5_1
39502,107,2026-02-14 22:23:12.390000+00:00,124409.92248069301,426969.52509774757,6.2950704795194525,0.0016631857142783701,0.0006866944604553282,0.0059901560894193295,0,0.0010624731925097856,0.0014522006463976494,0.0059901560894193295,38_P9_0
39503,111,2026-02-14 22:23:12.440000+00:00,124434.26168709656,426963.9743283147,6.5098409148136245,-3.6627607187256217e-06,-0.0037354646483436227,0.04854840519885606,0,-0.0036527029862744404,0.000781965759418412,0.04854840519885606,36_P9_0
39504,121,2026-02-14 22:23:17.720000+00:00,124329.2595436915,426611.32756952127,11.355716551890781,0.0,-0.0001469713170081377,0.0014170298166593653,0,0.00014089871499845934,-4.182068667138826e-05,0.0014170298166593653,15_P5_1
39505,120,2026-02-14 22:23:21.230000+00:00,124329.26212970821,426611.32921540196,11.356531239592917,0.0018778730445774272,-0.001959688146598637,-0.0014999270539561849,0,-0.0014176379983986051,0.00231453824962261,-0.0014999270539561849,15_P5_1
39506,106,2026-02-14 22:23:27.020000+00:00,124410.0342094501,426969.4505649512,8.929592107346123,0.0020056318753631786,0.0010036103194579482,0.0057048830075920876,0,0.0014564323956327585,0.0017054611017981998,0.0057048830075920876,37_P9_0
39507,123,2026-02-14 22:23:32.540000+00:00,124329.15031732623,426611.3901934586,8.080711680112994,0.000560714106541127,-8.456106297671795e-05,0.002596035058928692,0,-7.534573500801699e-05,-0.0005620266033401519,0.002596035058928692,16_P5_1
39508,124,2026-02-14 22:23:36.650000+00:00,124339.65921999738,426609.58881588664,6.673554148649157,0.0014542741555487737,-0.001426017377525568,-0.0008760471840361106,0,-0.0008998316033269856,0.0018272224730874957,-0.0008760471840361106,17_P5_1
39509,102,2026-02-14 22:23:37.400000+00:00,124282.39319113646,426301.79266897903,6.8984928713902445,-9.780935943126678e-05,-0.0008888855809345841,-0.004805112376491394,0,0.0008878036307642215,-0.00010718656626477789,-0.004805112376491394,02_P1_0
39510,160,2026-02-14 22:23:42.180000+00:00,124421.81272938842,426965.6177683109,5.601151015007544,0.0015232277801260352,-0.0008697277517057955,0.008969785120205742,0,-1.2371542110283512e-05,0.0017539943492442388,0.008969785120205742,38a_P9_0
39511,118,2026-02-14 22:23:48.350000+00:00,124372.26064685271,426775.11246550776,6.1698205093239205,0.0006194907182361931,-0.00019899103790521622,0.004288440333558796,0,-0.0002597180105271736,-0.0005965842255333244,0.004288440333558796,22_P6_1
39512,170,2026-02-14 22:23:52.620000+00:00,124669.3769443125,426931.3088226812,13.79586920211046,-0.011102503965958022,0.010325709474273026,0.009679071439071762,0,0.001220160795263767,-0.015112811720355238,0.009679071439071762,908_GSL_1
39513,103,2026-02-14 22:23:57.710000+00:00,124282.31129358153,426301.79677997844,9.294363754811716,-0.00042482563003432006,-0.0006641747895628214,-0.003587730979397463,0,0.0007436161863550032,0.00026199224113648134,-0.003587730979397463,01_P1_0
39514,162,2026-02-14 22:23:58.980000+00:00,124402.99687091015,426879.6467262303,6.553252985255281,0.001442781838704832,-0.0010073576122522354,0.008579941964714344,0,0.001128724137567,-0.0013499520785319205,0.008579941964714344,34a_P7_0
39515,74,2026-02-14 22:24:04.510000+00:00,124369.34597779304,426785.72528116516,7.233799475097503,-0.00033541626180522144,-0.0011851315503008664,0.003745640340430789,0,-3.075955810930457e-05,-0.0012312979776588785,0.003745640340430789,21_P6_1
39516,92,2026-02-14 22:24:09.720000+00:00,124278.31658235194,426395.6364704559,11.098739330036075,0.002606549358461052,-0.0018201692728325725,-0.0030496531911445857,0,0.0014210019526561663,-0.0028439179296183884,-0.0030496531911445857,11_P3_0
39517,100,2026-02-14 22:24:13.110000+00:00,124292.48342212166,426345.92940362915,7.582945082091927,-0.00030115165282040834,-0.0008313505677506328,-0.005554486877171527,0,0.000878326041622349,0.00010187958138792544,-0.005554486877171527,06_P2_0
39518,104,2026-02-14 22:24:14.150000+00:00,124389.81725706514,426881.44559104374,10.731814369492122,0.00016085486277006567,0.00125147559447214,0.005902501431915397,0,-0.0012576869893465806,0.00010143415235761079,0.005902501431915397,33_P7_0
39519,73,2026-02-14 22:24:20.740000+00:00,124369.4895162125,426785.696030591,11.410067126543735,0.00017664807091932744,-0.0004360632156021893,0.00401251048065987,0,-0.00029841209748852253,-0.0003637387648207732,0.00401251048065987,20_P6_1
39520,93,2026-02-14 22:24:24.650000+00:00,124278.27062995598,426395.7892538594,7.946037655608298,0.0025063763023354113,-0.002096243144478649,-0.0026878646712198417,0,0.0017049777288677425,-0.0027873299829312024,-0.0026878646712198417,12_P3_0
39521,101,2026-02-14 22:24:28.060000+00:00,124292.40462752093,426345.8826788666,10.211350996866223,-0.0006913499091751873,-0.0007146592834033072,-0.004267500734060903,0,0.0008548445083365294,0.0005078813393283371,-0.004267500734060903,05_P2_0
39522,105,2026-02-14 22:24:29.220000+00:00,124389.6883130249,426881.473162203,7.068090117393518,-0.00037241245445329696,0.0012089888332411647,0.005794220670727768,0,-0.001104021882482336,0.000617641253588133,0.005794220670727768,34_P7_0
39523,165,2026-02-14 22:24:36.530000+00:00,124091.06105789507,427154.206111897,9.855203210477306,-0.022722732086549513,0.009960103372577578,0.004467716751285877,0,0.02179208785058161,-0.01185879925549258,0.004467716751285877,907_GSL_1
39524,94,2026-02-14 22:24:39.850000+00:00,124268.2261037492,426351.55409423553,10.212269903944126,0.0018812501075444743,-0.0018787849694490433,-0.002224035346834796,0,0.0015040748017836824,-0.0021924173688426924,-0.002224035346834796,07_P2_0
39525,98,2026-02-14 22:24:42.960000+00:00,124302.66052177914,426390.07731051056,7.974920517086144,-0.0003238544159103185,-0.0006014980026520789,-0.004130278044726765,0,0.0006606929187594488,0.00017368476329308294,-0.004130278044726765,10_P3_0
39526,152,2026-02-14 22:24:52.400000+00:00,124370.27555544021,426819.4994675704,9.732477394612037,-0.0002162216551369056,0.0002975324750877917,0.003556443384157504,0,0.0003393118628596404,-0.00014193251073919223,0.003556443384157504,29_KW_1
39527,95,2026-02-14 22:24:54.830000+00:00,124268.11143664517,426351.5468584921,7.191211320030591,0.001888742932351306,-0.0023325179354287684,-0.0024595382145289335,0,0.0019461644974996608,-0.002284826805750446,-0.0024595382145289335,08_P2_0
39528,99,2026-02-14 22:24:57.970000+00:00,124302.53765825213,426390.1344265589,11.083604838910809,-0.0004220390401314944,-0.0003897330607287586,-0.004150363838558491,0,0.00047868614936047877,0.00031759782812632205,-0.004150363838558491,09_P3_0
39529,113,2026-02-14 22:25:04.500000+00:00,124414.07904578377,426875.91310320736,7.3457574465374815,0.0018111695972038433,-0.002128930820617825,0.04240750141220495,0,0.0016392850568091256,-0.0022639404257476206,0.04240750141220495,32_P7_0
39530,117,2026-02-14 22:25:07.410000+00:00,124377.68020202097,426815.9058790806,7.621536888459917,0.00018487688794266433,0.00017304206266999245,0.004101848287457521,0,0.00016572662021419306,0.0001914620236517693,0.004101848287457521,26_KW_0
39531,96,2026-02-14 22:25:10.430000+00:00,124258.06333583784,426307.3502838854,9.303622961648362,0.0023576414096169174,-0.0021256915642879903,-0.0009226465275293805,0,0.0016227445810373508,-0.0027283214010705337,-0.0009226465275293805,03_P1_0
39532,166,2026-02-14 22:25:16.900000+00:00,124091.06077336415,427154.2084798578,9.818799355572455,-0.01150747154315468,0.01945187826640904,-0.011054263490349214,0,0.022004715662898768,-0.00515654516150966,-0.011054263490349214,907_GSL_1
39533,112,2026-02-14 22:25:20.690000+00:00,124413.9523885284,426875.86560313025,10.71095027400507,0.0016539035859750584,-0.0016629351885057986,0.04168466708440555,0,0.0012187974421780307,-0.0020038171842292054,0.04168466708440555,31_P7_0
39534,116,2026-02-14 22:25:22.610000+00:00,124377.68747482341,426815.9001930473,10.009382503814729,0.00011493184138089418,0.00013148371363058686,0.004322748537605392,0,0.00012694361099146298,0.00011992753954676678,0.004322748537605392,25_KW_0
39535,97,2026-02-14 22:25:25.460000+00:00,124257.98936282517,426307.3895036921,6.8363176575304685,0.0014926162984920666,-0.0023490125313401222,-0.000744533065631714,0,0.0020100820687968895,-0.001924924248800015,-0.000744533065631714,04_P1_0
39536,125,2026-02-14 22:25:33.790000+00:00,124339.657218818,426609.59044422157,6.669287725241194,-0.0006467456259997562,-0.000789624871686101,-0.00422821288792008,0,-0.0008751153347472877,-0.0005253194205673824,-0.00422821288792008,17_P5_1
39537,161,2026-02-14 22:25:36.980000+00:00,124402.99174826467,426879.64286547655,6.590426944885783,0.0003445180773269385,-0.004641410429030657,0.04880262406206093,0,0.00390559542405703,-0.0025313450693069056,0.04880262406206093,34a_P7_0
39538,115,2026-02-14 22:25:38.530000+00:00,124396.28970206078,426811.6342461193,7.651215662009552,-0.0003886990307364613,0.00033178285229951143,0.004943369236505291,0,8.471387695986447e-05,-0.0005039745595026527,0.004943369236505291,24_KW_0
39539,146,2026-02-14 22:25:50.100000+00:00,124350.92516229334,426607.5118807774,11.374205460244038,-0.001104281604057178,1.5380617696791887e-05,-0.005116052980044472,0,-0.00021819573350131253,-0.0010826195298172174,-0.005116052980044472,13_P5_1
39540,114,2026-02-14 22:25:53.820000+00:00,124396.29891225725,426811.6299802645,9.994875264750874,-0.00010838777234312147,0.0004415087169036269,0.004191187100690996,0,0.0003228561541123492,-0.00032006524342260956,0.004191187100690996,23_KW_0
39541,148,2026-02-14 22:26:05.090000+00:00,124351.03985014028,426607.39819176006,8.010245579956278,-0.0012682743836194277,-0.0002641346654854715,-0.005210835256104218,0,-0.0005269874628726917,-0.0011834573281835575,-0.005210835256104218,14_P5_1
39542,153,2026-02-14 22:26:07.300000+00:00,124370.27661177915,426819.49803588114,9.73467503250522,0.002772974272374995,-0.0010872160783037543,0.008594555392230419,0,0.0003200138597426562,-0.0029612524792304415,0.008594555392230419,29_KW_1
39543,150,2026-02-14 22:26:09.230000+00:00,124401.10242437878,426812.32207962347,9.18551546657137,-0.0007562511455034837,0.0006480344454757869,0.0035014433275613044,0,6.579054572629735e-05,-0.0009937484800951787,0.0035014433275613044,27_KW_1
39544,168,2026-02-14 22:26:23.400000+00:00,124669.37222134072,426931.3127180564,13.788092396015577,-0.004510630635195412,0.004977484000846744,-0.01324762391965173,0,0.0013923230406085473,-0.006571344782952668,-0.01324762391965173,908_GSL_1
39545,119,2026-02-14 22:26:25.140000+00:00,124400.81394431533,426811.34349990665,3.988188313086256,-0.0002070717455353588,0.0003710253513418138,0.004654184000073336,0,0.00016917920260091243,-0.0003897652069447659,0.004654184000073336,28_KW_1
39546,169,2026-02-14 22:26:41.510000+00:00,124669.37650041218,426931.30937357555,13.810485646583386,-0.002577036138973199,0.007214022625703365,-0.0012695662895065851,0,0.0009911837231770084,-0.007596103773161798,-0.0012695662895065851,908_GSL_1
39547,72,2026-02-14 22:27:23.530000+00:00,124390.52351628232,426780.8876925039,10.99091295617653,-0.00044342053297441453,0.0007615722133778036,0.0038276346097720904,0,-0.0005585010755924225,-0.0006816821501364018,0.0038276346097720904,18_P6_1
39548,138,2026-02-14 22:30:19.950000+00:00,123928.08662963254,426940.43335879967,7.111426587618744,1.0753865353763103e-05,0.0016376476269215345,-0.006509475979183499,0,0.0012883453122036227,0.0010110250996413145,-0.006509475979183499,905_GSL_1
39549,139,2026-02-14 22:30:21.050000+00:00,123928.0857428806,426940.43273345305,7.134652411434646,-0.0011270430841250345,0.0016294404631480575,-0.0019494193046094566,0,0.0016017807076033287,0.0011660192542012353,-0.0019494193046094566,905_GSL_1
39550,134,2026-02-14 22:30:21.130000+00:00,123855.61425773338,426533.0727753342,6.05148409716434,-0.00020440803200472146,-0.0015227277763187885,0.005641178266559521,0,-0.00010334039249853192,-0.0015329068098221285,0.005641178266559521,904_GSL_1
39551,130,2026-02-14 22:30:21.410000+00:00,124898.9408617103,426720.76844009734,4.1338663393708615,0.0024887130421120673,-0.0012366014416329563,0.04380360690066709,0,0.0027731315575721654,0.00018060203715568513,0.04380360690066709,901_GSL_1
39552,133,2026-02-14 22:30:22.610000+00:00,124806.21994591046,426258.50645700697,4.591515850141608,-0.0019501830684021115,-0.005026806378737092,0.0033587459570423306,0,0.0032731190300041763,0.004284703978691961,0.0033587459570423306,903_GSL_1
39553,125,2026-02-14 22:30:37.060000+00:00,124339.65751283559,426609.59050270385,6.669530902785999,-0.00035272803506813943,-0.0007311425870284438,-0.0039850353431152286,0,-0.0007745877167564775,-0.0002429000171668647,-0.0039850353431152286,17_P5_1
39554,137,2026-02-14 22:30:37.630000+00:00,123928.08641772512,426940.4305787393,7.129670628808831,-0.0029815367597620934,-0.0032498317304998636,0.0068069378433008865,0,-0.0008879437000875898,-0.00432001431847756,0.0068069378433008865,905_GSL_1
39555,132,2026-02-14 22:30:38.070000+00:00,124806.22161036705,426258.5032419928,4.625554223368594,0.007476079277694225,-0.0018997576553374529,0.04292204915827291,0,0.005384392397977192,-0.005523509665057869,0.04292204915827291,903_GSL_1
39556,143,2026-02-14 22:30:38.520000+00:00,124266.91952405912,427056.31606364925,7.109072294283629,-4.336897109169513e-05,0.0018367732409387827,0.0035305560608511755,0,0.0017161655857068625,0.0006560430540122601,0.0035305560608511755,906_GSL_1
39557,153,2026-02-14 22:30:38.750000+00:00,124370.27615261641,426819.4981611169,9.734687776240037,0.002313811535714194,-0.0009619803167879581,0.008607299127048051,0,0.0003198881279822586,-0.0024853171906755772,0.008607299127048051,29_KW_1
39558,146,2026-02-14 22:30:52.280000+00:00,124350.92509618847,426607.5117456363,11.374048344232163,-0.0011703864729497582,-0.00011976051609963179,-0.005273168991919874,0,-0.0003642499902518848,-0.0011186907624011772,-0.005273168991919874,13_P5_1
39559,152,2026-02-14 22:30:54.030000+00:00,124370.27557629684,426819.4995243461,9.732470070243261,-0.00019536502077244222,0.0003543081693351269,0.0035491190153820185,0,0.0003897625202594011,-0.00010856771159081169,0.0035491190153820185,29_KW_1
39560,141,2026-02-14 22:30:54.410000+00:00,124266.92143276747,427056.3148657933,7.083056280817924,0.002804016025038436,0.0003474902478046715,-0.0010784194451742835,0,0.00026129799945860807,0.0028133571931894166,-0.0010784194451742835,906_GSL_1
39561,136,2026-02-14 22:30:54.680000+00:00,123855.61284277998,426533.0767153023,6.030433300645449,-0.0029273318068590015,0.002606776193715632,0.008140758208710963,0,0.0008490675904421376,0.0038267006491796204,0.008140758208710963,904_GSL_1
39562,135,2026-02-14 22:30:55.790000+00:00,123855.61573067318,426533.06638360216,6.068770939809138,0.002080394944641739,-0.01025131915230304,0.047572492690780344,0,0.004034143852807635,-0.009651076150508834,0.047572492690780344,904_GSL_1
39563,5,2026-02-14 22:30:55.990000+00:00,124424.61735930736,426919.1437983694,8.77698512328325,0.00015652984438929707,-0.002549399679992348,0.009159301276936205,11,-0.0025532461306920673,6.98177386887473e-05,0.009159301276936205,TS4
39564,148,2026-02-14 22:31:08.360000+00:00,124351.04057731821,426607.39792366105,8.011625157973096,-0.0005410964513430372,-0.0005322336801327765,-0.00383125723928579,0,-0.0006348421264890225,-0.0004159729971507795,-0.00383125723928579,14_P5_1
39565,122,2026-02-14 22:31:10.110000+00:00,124329.15097244267,426611.39034560916,8.082955533863311,0.0014215396222425625,-0.0016932996804825962,-0.0007083045790867715,0,-0.0012773609913425954,0.0018045463705109524,-0.0007083045790867715,16_P5_1
39566,150,2026-02-14 22:31:10.130000+00:00,124401.10236566803,426812.3221157933,9.185676206662842,-0.0008149618952302262,0.0006842042785137892,0.003662183419033127,0,5.957692125116516e-05,-0.0010624259860658764,0.003662183419033127,27_KW_1
39567,140,2026-02-14 22:31:11.290000+00:00,123928.08735956495,426940.43394262705,7.142587453645937,-0.000164167518960312,-0.000496049877256155,0.007013747443592955,0,0.00014791123313058263,-0.0005011374283779065,0.007013747443592955,905_GSL_1
39568,120,2026-02-14 22:31:25.630000+00:00,124329.26192557516,426611.329324364,11.356360724961728,0.0016737400001147762,-0.0018507260829210281,-0.0016704416851442971,0,-0.001364177131057606,0.0020894050294492598,-0.0016704416851442971,15_P5_1
39569,129,2026-02-14 22:31:27.330000+00:00,124898.94066644929,426720.7734202194,4.084954128737948,0.0009947505022864789,0.0009175493032671511,-0.006730616507665488,0,0.0008791775028559762,-0.0010288207833229102,-0.006730616507665488,901_GSL_1
39570,145,2026-02-14 22:31:28.050000+00:00,124266.91997005722,427056.31569566595,7.118209357463391,0.0016463043866679072,0.0009490583324804902,0.010242421171744454,0,-0.0004991694251013214,0.0018335374926781996,0.010242421171744454,906_GSL_1
39571,6,2026-02-14 22:31:28.250000+00:00,124399.0395727106,426925.0754461413,8.553261174015454,0.00040196621557697654,-3.073597326874733e-06,0.005954478193896051,11,-0.0003800140769155677,0.00013105566302839855,0.005954478193896051,TS5
39572,124,2026-02-14 22:31:40.810000+00:00,124339.65894259591,426609.5889035157,6.673057512903595,0.001176872683572583,-0.001338388305157423,-0.0013726829295981346,0,-0.0009033280203109778,0.001536330386486755,-0.0013726829295981346,17_P5_1
39573,154,2026-02-14 22:31:41.010000+00:00,124285.6653734571,426445.56155497185,7.891603029252724,0.0007484570960514247,-0.002270028169732541,-0.009996970747275569,11,-0.0023821578299438777,-0.00019631604429102547,-0.009996970747275569,TS1-1
39574,149,2026-02-14 22:31:43.930000+00:00,124351.04017085611,426607.396690511,8.016351498074133,-0.0011408359569031745,-4.195445217192173e-05,0.004125654106335475,0,0.0002208801963987563,0.0011200351759918412,0.004125654106335475,14_P5_1
39575,147,2026-02-14 22:31:59.730000+00:00,124350.92598044824,426607.51021351764,11.376433256735677,-0.0005268973472993821,0.00022077752510085702,0.002213615063233476,0,-0.000134740409822483,0.000555165337662263,0.002213615063233476,13_P5_1
39576,126,2026-02-14 22:32:15.130000+00:00,124339.65596135275,426609.5886008026,6.67195282887639,-0.0008592513913754374,0.00011064152931794524,0.001295639740932053,0,8.234908111097924e-05,0.0008624228257824674,0.001295639740932053,17_P5_1
39577,131,2026-02-14 22:32:22+00:00,124806.21747028397,426258.50076605135,4.614943743170491,-0.001074212181265466,-0.005518013145774603,0.00343927039792824,0,0.0009123017283771696,0.005547080893922539,0.00343927039792824,903_GSL_1
39578,121,2026-02-14 22:32:30.540000+00:00,124329.25959137974,426611.327507628,11.355907426262197,4.861003253608942e-05,-0.00020886457059532404,0.0016079041880754374,0,0.0001870603388106819,-0.00010486073505922828,0.0016079041880754374,15_P5_1
39579,128,2026-02-14 22:32:38.990000+00:00,124898.94102212205,426720.7702998915,4.073474837428913,0.0007207225426100194,0.0010358566651120782,-0.007917093574766554,0,0.001097681248584635,-0.0006225238072467946,-0.007917093574766554,901_GSL_1
39580,3,2026-02-14 22:32:39.190000+00:00,124314.90272875055,426440.7929026707,7.044105694073037,-0.004510601385845803,-0.0031746128806844354,-0.034323401418046906,11,-0.005444333754629696,0.0008848286683880242,-0.034323401418046906,TS2
39581,123,2026-02-14 22:32:45.920000+00:00,124329.14989113058,426611.3902637233,8.079871755832073,0.00013451845734380186,-1.4296325389295816e-05,0.0017561107780075247,0,-2.382801530069726e-05,-0.0001331609025676178,0.0017561107780075247,16_P5_1
39582,4,2026-02-14 22:32:46.120000+00:00,124378.97048655931,426782.7415014653,7.755892216760229,-0.0013314138923306018,0.0003185578971169889,0.0008165117879626038,11,-0.0013478647380027423,-0.00023958867785294126,0.0008165117879626038,TS3
39583,67,2026-02-14 22:36:21.210000+00:00,123855.61408762351,426533.0736289768,6.051962047603027,-0.003906850630301051,-0.01747372787212953,0.007553899265451136,0,0.00034330261080517594,-0.01790186557077598,0.007553899265451136,904_GSL_1
39584,66,2026-02-14 22:36:21.550000+00:00,124898.93968441401,426720.7675413479,4.125538547096823,0.002078750330838375,-0.0066638069110922515,0.04325201669305834,0,0.004488918563252061,0.005345758656988974,0.04325201669305834,901_GSL_1
39585,68,2026-02-14 22:36:22.260000+00:00,123928.08307276708,426940.43054171297,7.112469968006473,-0.02587759477319196,-0.017193292267620564,-0.0063433130337529064,0,0.0022450260591774414,-0.03098740176650774,-0.0063433130337529064,905_GSL_1
39586,68,2026-02-14 22:36:23.020000+00:00,123928.08584944562,426940.43304006296,7.1351360942675255,-0.023100916238036007,-0.014694942277856171,0.01632281322729945,0,0.016953543107596006,-0.021498163542153184,0.01632281322729945,905_GSL_1
39587,71,2026-02-14 22:36:23.850000+00:00,124806.22213562204,426258.50770193,4.591607082476692,-0.005626313446555287,-0.007404202071484178,0.00010341932742452542,0,0.0033854893424934526,0.00866118197627337,0.00010341932742452542,903_GSL_1
39588,68,2026-02-14 22:36:37.510000+00:00,123928.08609910951,426940.43078946916,7.134554730686148,-0.02285125234629959,-0.016945536073762923,0.015741449645921612,0,-0.0003529655904369665,-0.02844655237306325,0.015741449645921612,905_GSL_1
39589,71,2026-02-14 22:36:37.970000+00:00,124806.22187566385,426258.50484201487,4.62239547989958,-0.005886271639610641,-0.010264117212500423,0.030891816750312273,0,0.0059435714144640515,0.010231043681286762,0.030891816750312273,903_GSL_1
39590,69,2026-02-14 22:36:39.230000+00:00,124266.91922766506,427056.3159947958,7.108445413110519,-0.02336953159829136,0.0011564117739908397,0.017944042183086317,0,0.009926135656501947,-0.0211883016365938,0.017944042183086317,906_GSL_1
39591,67,2026-02-14 22:36:40.190000+00:00,123855.61414994142,426533.0749507332,6.030287032491961,-0.0038445327227236703,-0.016151971474755555,-0.014121115845615151,0,0.012567121086243542,-0.010850533718721085,-0.014121115845615151,904_GSL_1
39592,69,2026-02-14 22:36:53.630000+00:00,124266.92097078926,427056.315183149,7.089464306712748,-0.02162640739697963,0.000344764965120703,-0.0010370642146844133,0,0.0010072540727931814,-0.021605689042799615,-0.0010370642146844133,906_GSL_1
39593,67,2026-02-14 22:36:54.500000+00:00,123855.61264398291,426533.072327474,6.057914341664729,-0.00535049123573117,-0.01877523068105802,0.013506193327152971,0,0.01496890588747025,-0.012532713198770527,0.013506193327152971,904_GSL_1
39594,68,2026-02-14 22:36:56.920000+00:00,123928.08711015213,426940.4328455956,7.143625812920501,-0.021840209723450243,-0.014889409649185836,0.02481253188027477,0,0.021342816578041608,-0.015594020039157035,0.02481253188027477,905_GSL_1
39595,66,2026-02-14 22:36:56.930000+00:00,124898.94074944622,426720.772383955,4.085673052224535,0.003143782538245432,-0.0018211997812613845,0.003386521820770483,0,0.00333720874428734,0.0014363756779114307,0.003386521820770483,901_GSL_1
39596,66,2026-02-14 22:36:59.540000+00:00,124898.9404625262,426720.7712329961,4.073201848849798,0.0028568625129992142,-0.0029721587197855115,-0.00908468155396669,0,0.0012913244767093707,0.003915082626155993,-0.00908468155396669,901_GSL_1
39597,66,2026-02-14 22:37:11.810000+00:00,124898.94275855357,426720.7675576905,4.08149263914898,0.005152889891178347,-0.006647464295383543,-0.0007938912547844623,0,0.001979574247656506,0.008174493353537099,-0.0007938912547844623,901_GSL_1
39598,69,2026-02-14 22:37:13.410000+00:00,124266.91963039553,427056.31563243177,7.117112117505051,-0.022966801130678505,0.0007940477225929499,0.026610746577618194,0,0.016852426726461277,-0.01562370568690873,0.026610746577618194,906_GSL_1
39599,71,2026-02-14 22:37:16.560000+00:00,124806.2173836489,426258.5000625956,4.617858380525263,-0.010378286591731012,-0.015043536492157727,0.026354717375995484,0,-0.00449769454745387,0.017714049975338465,0.026354717375995484,903_GSL_1
39600,149,2026-02-14 22:37:33.920000+00:00,124351.03998969622,426607.39676828025,8.015184294901479,-0.001321995849139057,3.58147663064301e-05,0.0029584509336810783,0,0.00017257465757003729,0.0013111726469809631,0.0029584509336810783,14_P5_1
39601,147,2026-02-14 22:37:48.950000+00:00,124350.9263541905,426607.5103015762,11.37623631551806,-0.00015315509517677128,0.0003088361117988825,0.0020166738456168787,0,-0.0002807532444169146,0.00020003460420395749,0.0020166738456168787,13_P5_1
39602,164,2026-02-14 22:37:50.530000+00:00,124091.06227334254,427154.20761654817,9.836534616915678,-0.033055108826374635,0.012885606731288135,0.021901085286280875,0,0.021177793163767063,-0.028463663802637727,0.021901085286280875,907_GSL_1
39603,110,2026-02-14 22:37:55.870000+00:00,124434.13995128589,426963.93238964636,8.785538113377283,-0.00013455658336170018,0.00030307291308417916,0.034477753119494636,0,0.0002684630048585459,-0.00019464398216647986,0.034477753119494636,35_P9_0
39604,126,2026-02-14 22:38:04.340000+00:00,124339.65672098083,426609.5884824211,6.6715039808983665,-9.962331387214363e-05,-7.739930879324675e-06,0.0008467917629086941,0,2.960517842157454e-05,9.543712384345571e-05,0.0008467917629086941,17_P5_1
39605,122,2026-02-14 22:38:06.830000+00:00,124329.1513408669,426611.39043640986,8.084683420429332,0.0017899638478411362,-0.0016024989890865982,0.0010195819869345257,0,-0.0010960769683662523,0.0021378935581592598,0.0010195819869345257,16_P5_1
39606,111,2026-02-14 22:38:11.780000+00:00,124434.26181459929,426963.97579192976,6.50251779033467,0.0001238399709109217,-0.002271849603857845,0.04122528071990139,0,-0.0021950003518097553,0.0005988408941441093,0.04122528071990139,36_P9_0
39607,107,2026-02-14 22:38:13.380000+00:00,124409.92253003977,426969.5253189118,6.294613045679945,0.001712532466626726,0.0009078587172552943,0.00553272224991197,0,0.001289029124390271,0.0014475423365900904,0.00553272224991197,38_P9_0
39608,121,2026-02-14 22:38:19.630000+00:00,124329.26007107117,426611.3274624466,11.355420935714298,0.0005283014615997672,-0.0002540459972806275,0.0011214136401758168,0,9.684721111063793e-05,-0.0005781543226188406,0.0011214136401758168,15_P5_1
39609,120,2026-02-14 22:38:22.140000+00:00,124329.26152856405,426611.32961675484,11.357910331951015,0.0012767288862960413,-0.0015583352651447058,-0.00012083469585810747,0,-0.001182371592896151,0.0016310864060522878,-0.00012083469585810747,15_P5_1
39610,106,2026-02-14 22:38:28.160000+00:00,124410.03422823263,426969.45059726125,8.92926512564668,0.0020244144106982276,0.0010359203442931175,0.005377901308149191,0,0.0014923122829460713,0.0017159221183175265,0.005377901308149191,37_P9_0
39611,123,2026-02-14 22:38:34.720000+00:00,124329.15039441804,426611.39017168613,8.081052049044482,0.0006378059188136831,-0.0001063335221260786,0.002936403990416281,0,-7.596209214092353e-05,-0.0006421315819667161,0.002936403990416281,16_P5_1
39612,102,2026-02-14 22:38:35.870000+00:00,124282.39341055379,426301.7925142798,6.899169014499117,0.00012160796904936433,-0.0010435848380438983,-0.004128969267618743,0,0.000988470149824859,-0.0003560682171110488,-0.004128969267618743,02_P1_0
39613,124,2026-02-14 22:38:37.850000+00:00,124339.65904519455,426609.5889867651,6.674840392969812,0.001279471325688064,-0.0012551388936117291,0.00041019713661860635,0,-0.0007921705271944352,0.0016077581818667067,0.00041019713661860635,17_P5_1
39614,160,2026-02-14 22:38:43.460000+00:00,124421.8128524476,426965.6180813822,5.601075711522155,0.0016462869680253789,-0.0005566564504988492,0.00889448163481621,0,0.0003208569791625299,0.0017079748194557402,0.00889448163481621,38a_P9_0
39615,118,2026-02-14 22:38:50.730000+00:00,124372.26060045786,426775.11250801047,6.169812340500924,0.000573095865547657,-0.00015648832777515054,0.004280271510562095,0,-0.00026099140881939215,-0.0005336768238926533,0.004280271510562095,22_P6_1
39616,103,2026-02-14 22:38:51.720000+00:00,124282.31159035757,426301.79671244224,9.294490064176417,-0.00012804959260392934,-0.0007317109848372638,-0.003461421614696647,0,0.0007416217982731246,-4.236474741678158e-05,-0.003461421614696647,01_P1_0
39617,170,2026-02-14 22:38:54.910000+00:00,124669.37499324356,426931.3104043435,13.797318484835937,-0.01305357291130349,0.011907371750567108,0.011128354164549492,0,0.0012518186262396368,-0.017624250846033696,0.011128354164549492,908_GSL_1
39618,162,2026-02-14 22:39:00.270000+00:00,124402.99678820201,426879.6468078535,6.553028841433441,0.0013600737001979724,-0.000925734406337142,0.008355798142874349,0,0.0010402333515998321,-0.0012746369033046095,0.008355798142874349,34a_P7_0
39619,100,2026-02-14 22:39:06.920000+00:00,124292.48354617291,426345.92942680983,7.583140588414752,-0.000177100402652286,-0.0008081698906607926,-0.00535898055434636,0,0.0008272366451932367,-1.351508933445441e-05,-0.00535898055434636,06_P2_0
39620,74,2026-02-14 22:39:07.030000+00:00,124369.34597249502,426785.725264678,7.233802890670536,-0.00034071427944581956,-0.0012016186956316233,0.0037490559134640833,0,-3.0584019217045e-05,-0.001248614563297361,0.0037490559134640833,21_P6_1
39621,92,2026-02-14 22:39:13.720000+00:00,124278.31606388217,426395.6367746748,11.100416164227372,0.0020880795927951112,-0.001515950367320329,-0.001372818999847425,0,0.0011955796150839443,-0.0022866506698710595,-0.001372818999847425,11_P3_0
39622,104,2026-02-14 22:39:16.400000+00:00,124389.81716162477,426881.44587237685,10.730899453503635,6.541449693031609e-05,0.001532808702904731,0.004987585443428699,0,-0.001513200904730119,0.00025299130031105753,0.004987585443428699,33_P7_0
39623,101,2026-02-14 22:39:21.700000+00:00,124292.4043372129,426345.88268854975,10.211119989370086,-0.000981657940428704,-0.0007049761479720473,-0.004498508230197373,0,0.0009123791402595364,0.0007925957264807199,-0.004498508230197373,05_P2_0
39624,73,2026-02-14 22:39:23.330000+00:00,124369.4894253588,426785.69603320037,11.410118875407312,8.57943668961525e-05,-0.00043345382437109947,0.004064259344236376,0,-0.0002108980518768897,-0.0003882845644209622,0.004064259344236376,20_P6_1
39625,93,2026-02-14 22:39:28.920000+00:00,124278.270128906,426395.7893476427,7.948027489727937,0.0020053263287991285,-0.002002459834329784,-0.0006980305515806862,0,0.001685892808493513,-0.0022779254841519534,-0.0006980305515806862,12_P3_0
39626,105,2026-02-14 22:39:31.920000+00:00,124389.68820951275,426881.47331758495,7.068008518844456,-0.0004759246075991541,0.001364370808005333,0.005712622121666122,0,-0.0012342450625581424,0.0007514326712396672,0.005712622121666122,34_P7_0
39627,98,2026-02-14 22:39:36.640000+00:00,124302.6605341727,426390.07741603424,7.975225743083141,-0.00031146085530053824,-0.0004959743237122893,-0.003825052047729649,0,0.0005552070526885103,0.00018639614484034636,-0.003825052047729649,10_P3_0
39628,165,2026-02-14 22:39:39.250000+00:00,124091.06135448228,427154.2064084885,9.854590622833221,-0.022426144874771126,0.010256694862619042,0.003855129107201094,0,0.02184483132782593,-0.011442687958164983,0.003855129107201094,907_GSL_1
39629,94,2026-02-14 22:39:44.450000+00:00,124268.22588029507,426351.5543051831,10.214262348830957,0.0016577959759160876,-0.0016678373795002699,-0.00023159046000387207,0,0.0013374370445216734,-0.0019342262468912557,-0.00023159046000387207,07_P2_0
39630,99,2026-02-14 22:39:51.420000+00:00,124302.5375532595,426390.13462483336,11.083827631519991,-0.0005270316614769399,-0.00019145861733704805,-0.003927571229375815,0,0.000310959565542736,0.00046660788993461196,-0.003927571229375815,09_P3_0
39631,152,2026-02-14 22:39:55.130000+00:00,124370.27563355511,426819.4996405942,9.73247366265036,-0.00013810675591230392,0.0004705562605522573,0.0035527114224809253,0,0.0004897101111443156,-2.6089795257275746e-05,0.0035527114224809253,29_KW_1
39632,95,2026-02-14 22:39:59.490000+00:00,124268.11089049515,426351.5472147163,7.193648922520665,0.0013425929209915921,-0.001976293686311692,-2.1935724455524053e-05,0,0.001696256307449773,-0.0016825596647634976,-2.1935724455524053e-05,08_P2_0
39633,113,2026-02-14 22:40:05.060000+00:00,124414.07884395555,426875.9145844128,7.338346508773972,0.0016093413723865524,-0.0006477253627963364,0.0349965636486953,0,0.0002480634944555702,-0.0017169718405387925,0.0349965636486953,32_P7_0
39634,166,2026-02-14 22:40:09.140000+00:00,124091.06052473704,427154.2085012096,9.820196876438267,-0.011756098654586822,0.01947323005879298,-0.009656742624537529,0,0.022099518141260027,-0.0053873780657361986,-0.009656742624537529,907_GSL_1
39635,117,2026-02-14 22:40:10.850000+00:00,124377.68023977954,426815.9059299331,7.621378092797849,0.00022263545542955399,0.0002238946035504341,0.0039430526253898535,0,0.00021507336496907626,0.00023116830923422332,0.0039430526253898535,26_KW_0
39636,96,2026-02-14 22:40:14.940000+00:00,124258.06323212468,426307.3504599322,9.305239769667205,0.002253928250866011,-0.0019496447639539838,0.0006941614913138494,0,0.001470427441268372,-0.002592132405111677,0.0006941614913138494,03_P1_0
39637,112,2026-02-14 22:40:20.180000+00:00,124413.95240738748,426875.8670939464,10.70372276639318,0.0016727626643842086,-0.0001721190637908876,0.03445715947251671,0,-0.00023319771801356867,-0.0016653464287622777,0.03445715947251671,31_P7_0
39638,125,2026-02-14 22:40:24.930000+00:00,124339.6563505629,426609.5905228868,6.670138556104317,-0.001515000723884441,-0.0007109596626833081,-0.003377382024797093,0,-0.0009232735413909779,-0.0013957997002079152,-0.003377382024797093,17_P5_1
39639,116,2026-02-14 22:40:25.740000+00:00,124377.68750798736,426815.900297713,10.009337147583233,0.0001480957871535793,0.0002361494116485119,0.004277392306109462,0,0.00023024939679890013,0.0001571118139043631,0.004277392306109462,25_KW_0
39640,97,2026-02-14 22:40:29.970000+00:00,124257.988766107,426307.3898700604,6.839195954915239,0.0008958981197793037,-0.001982644258532673,0.002133764319138365,0,0.0017680583106382717,-0.0012678649404016208,0.002133764319138365,04_P1_0
39641,161,2026-02-14 22:40:36.680000+00:00,124402.99150426849,426879.6444431616,6.582895682564606,0.00010052189463749528,-0.00306372536579147,0.041271361740884416,0,0.0026389900519508073,-0.0015595670149115952,0.041271361740884416,34a_P7_0
39642,146,2026-02-14 22:40:41.230000+00:00,124350.92358462734,426607.51191485877,11.374197119650681,-0.0026819476042874157,4.946195986121893e-05,-0.005124393573401775,0,-0.0005180935746049223,-0.002631894467027395,-0.005124393573401775,13_P5_1
39643,115,2026-02-14 22:40:42.330000+00:00,124396.28957947672,426811.63420293876,7.651195740330352,-0.0005112830840516835,0.0002886023139581084,0.004923447557305671,0,-1.534978705378295e-05,-0.0005869123202802774,0.004923447557305671,24_KW_0
39644,148,2026-02-14 22:40:56.430000+00:00,124351.03911477809,426607.39828958234,8.012050026099622,-0.002003636574954726,-0.0001663123839534819,-0.003406389112759811,0,-0.0005872745638436098,-0.0019228437066529597,-0.003406389112759811,14_P5_1
39645,114,2026-02-14 22:40:57.830000+00:00,124396.29888511403,426811.6299559857,9.994644442814932,-0.00013553099415730685,0.00041722989408299327,0.003960365164749291,0,0.00028807319403581695,-0.0003308523383199464,0.003960365164749291,23_KW_0
39646,153,2026-02-14 22:41:08.710000+00:00,124370.27637179982,426819.49813940097,9.734615116475894,0.0025329949421575293,-0.0009836962562985718,0.008534639362904883,0,0.00028322210985019835,-0.0027025001273160844,0.008534639362904883,29_KW_1
39647,168,2026-02-14 22:41:13.220000+00:00,124669.36986415523,426931.31440564204,13.7892414693085,-0.006867816118756309,0.006665069668088108,-0.012098550626728155,0,0.0013794708289568368,-0.009470327985533248,-0.012098550626728155,908_GSL_1
39648,150,2026-02-14 22:41:13.330000+00:00,124401.1024023312,426812.32215551153,9.185579701845807,-0.0007782987231621519,0.0007239225087687373,0.003565678601997746,0,0.000113343211854295,-0.0010568661303610835,0.003565678601997746,27_KW_1
39649,119,2026-02-14 22:41:29.330000+00:00,124400.81381415346,426811.3435199746,3.9880662964592517,-0.0003372336213942617,0.0003910933155566454,0.0045321673730689405,0,0.00010612410188147113,-0.0005053891291585417,0.0045321673730689405,28_KW_1
39650,169,2026-02-14 22:41:45.810000+00:00,124669.37608443316,426931.3100025482,13.81231017748637,-0.002993015164975077,0.00784299528459087,0.0005549646134781483,0,0.0009072988263732522,-0.008345509190669382,0.0005549646134781483,908_GSL_1
39651,72,2026-02-14 22:42:27.630000+00:00,124390.52339872064,426780.8876564777,10.990936933845054,-0.0005609822110272944,0.0007255459786392748,0.0038516122782965567,0,-0.0006688683533716399,-0.0006274815806592302,0.0038516122782965567,18_P6_1
39652,138,2026-02-14 22:45:19.780000+00:00,123928.08495794063,426940.43206448,7.112197708405944,-0.0016609380400041118,0.0003433279343880713,-0.005738355191983402,0,0.0012882573852451783,-0.0011031691405333707,-0.005738355191983402,905_GSL_1
39653,130,2026-02-14 22:45:20.760000+00:00,124898.93973575055,426720.7672865277,4.125060856668315,0.0013627532898681238,-0.002390171051956713,0.03499812419812098,0,0.002179456792326208,0.0016792802854322477,0.03499812419812098,901_GSL_1
39654,134,2026-02-14 22:45:21.750000+00:00,123855.6137009106,426533.0722508468,6.052950587455284,-0.0007612308108946308,-0.002047215180937201,0.007107668557503111,0,0.00033771358633643005,-0.0021578952426192562,0.007107668557503111,904_GSL_1
39655,139,2026-02-14 22:45:22.120000+00:00,123928.08538637233,426940.43156031537,7.134065151869126,-0.0014835513575235382,0.0004563027760013938,-0.0025366788701299825,0,0.001551016115149271,-5.904120886104966e-05,-0.0025366788701299825,905_GSL_1
39656,133,2026-02-14 22:45:22.380000+00:00,124806.21806010931,426258.5056900137,4.590105271862632,-0.0038359842146746814,-0.0057937996461987495,0.0019481676780666035,0,0.0029445860626776217,0.006293830483498168,0.0019481676780666035,903_GSL_1
39657,125,2026-02-14 22:45:36.460000+00:00,124339.65794023858,426609.590340487,6.670231074698389,7.467495743185282e-05,-0.0008933594217523932,-0.0032848634307249824,0,-0.0008730680013767058,0.0002035182317958369,-0.0032848634307249824,17_P5_1
39658,153,2026-02-14 22:45:38.570000+00:00,124370.27646738214,426819.49816716503,9.73479201413326,0.0026285772619303316,-0.0009559321915730834,0.00871153702027172,0,0.00023130779228155654,-0.0027874220136270556,0.00871153702027172,29_KW_1
39659,137,2026-02-14 22:45:38.830000+00:00,123928.08557504001,426940.43027955585,7.129432955444503,-0.003824221872491762,-0.003549015207681805,0.0065692644789727694,0,-0.0006369104983733665,-0.00517827450908726,0.0065692644789727694,905_GSL_1
39660,143,2026-02-14 22:45:39.030000+00:00,124266.91920500329,427056.3158231298,7.108322518859083,-0.0003624248056439683,0.0015962537727318704,0.00278078063630538,0,0.0016145207247804795,0.00026963062875184007,0.00278078063630538,906_GSL_1
39661,132,2026-02-14 22:45:39.800000+00:00,124806.22003871271,426258.50352522876,4.6171516780457695,0.0059044249355793,-0.0016165216802619398,0.03451950383544844,0,0.004353025558535343,-0.004304247280232116,0.03451950383544844,903_GSL_1
39662,146,2026-02-14 22:45:51.660000+00:00,124350.92496567658,426607.5118199194,11.374243999310107,-0.001300898366025649,-4.547741264104843e-05,-0.0050775139139762615,0,-0.00031920729171320086,-0.0012619474865087892,-0.0050775139139762615,13_P5_1
39663,152,2026-02-14 22:45:54.650000+00:00,124370.27548127364,426819.499504148,9.732427672578815,-0.0002903882268583402,0.0003341101109981537,0.003506721350936104,0,0.00039197844478101613,-0.00020568856894875154,0.003506721350936104,29_KW_1
39664,141,2026-02-14 22:45:54.930000+00:00,124266.92225791622,427056.3151722338,7.089164646900739,0.003629164770245552,0.0006539307651109993,0.005029946637641558,0,0.0005422800444003142,0.003647518982623024,0.005029946637641558,906_GSL_1
39665,136,2026-02-14 22:45:55.200000+00:00,123855.61301972147,426533.0766876175,6.030421062393847,-0.0027503903256729245,0.0025790914078243077,0.008128519957108615,0,0.0007217614529581322,0.003700732338131488,0.008128519957108615,904_GSL_1
39666,135,2026-02-14 22:45:56.210000+00:00,123855.61398267864,426533.0704302174,6.059803828519568,0.00033240040647797287,-0.006204703880939633,0.038605381401210614,0,0.0032086246312007117,-0.005321049544631787,0.038605381401210614,904_GSL_1
39667,5,2026-02-14 22:45:56.410000+00:00,124424.61736909862,426919.1442506835,8.778609146606364,0.0001663211005507037,-0.0020970855839550495,0.010783324600049937,11,-0.002103336633370983,3.7492154380693206e-05,0.010783324600049937,TS4
39668,148,2026-02-14 22:46:07.660000+00:00,124351.03970660477,426607.39810955845,8.012134095388772,-0.0014118098915787414,-0.00034633628092706203,-0.003322319823610087,0,-0.0006377483189705071,-0.0013063051217446324,-0.003322319823610087,14_P5_1
39669,150,2026-02-14 22:46:10.700000+00:00,124401.10234136581,426812.3221966774,9.185671874672071,-0.0008392641175305471,0.0007650883635506034,0.0036578514282616936,0,0.00010977899689511225,-0.0011303419990673492,0.0036578514282616936,27_KW_1
39670,122,2026-02-14 22:46:11.040000+00:00,124329.1501843594,426611.3906882743,8.084440206007471,0.0006334563513519242,-0.0013506345567293465,0.000776367565073599,0,-0.0011457919054148127,0.0009553227540394208,0.000776367565073599,16_P5_1
39671,140,2026-02-14 22:46:11.950000+00:00,123928.08725967944,426940.43438881775,7.1439101030860455,-0.00026405302924104035,-4.985916893929243e-05,0.008336396883701802,0,0.0002622875443660296,-5.843956749604376e-05,0.008336396883701802,905_GSL_1
39672,128,2026-02-14 22:46:26.030000+00:00,124898.93805908522,426720.77638217405,4.075085111259197,-0.00224231428001076,0.007118139241356403,-0.006306819744482439,0,0.0010550127247958977,-0.007388019202749598,-0.006306819744482439,901_GSL_1
39673,120,2026-02-14 22:46:26.330000+00:00,124329.2612742674,426611.3295899161,11.357446279792192,0.0010224322322756052,-0.0015851740026846528,-0.0005848868546802777,0,-0.0012730047226110386,0.0013919781839502202,-0.0005848868546802777,15_P5_1
39674,145,2026-02-14 22:46:28.730000+00:00,124266.9198624953,427056.3158668428,7.117181189159838,0.001538742464617826,0.0011202351888641715,0.009214252868192219,0,-0.00030222403628295843,0.0018791795770177271,0.009214252868192219,906_GSL_1
39675,6,2026-02-14 22:46:28.930000+00:00,124399.0396361067,426925.0755780472,8.554548191039514,0.00046536231820937246,0.0001288322964683175,0.007241495217956029,11,-0.00046436363912048757,0.00013238677609670566,0.007241495217956029,TS5
39676,129,2026-02-14 22:46:29.730000+00:00,124898.94065915637,426720.77292599325,4.08513146766226,0.0009874575916910544,0.00042332313023507595,-0.006553277583353889,0,0.0009304226767395198,-0.0005372044402173041,-0.006553277583353889,901_GSL_1
39677,124,2026-02-14 22:46:41.730000+00:00,124339.65827552826,426609.58918603894,6.674646415779089,0.0005098050314700231,-0.0010558650828897953,0.0002162199458952685,0,-0.0008435324386200774,0.0008143741574814928,0.0002162199458952685,17_P5_1
39678,154,2026-02-14 22:46:41.930000+00:00,124285.66544634892,426445.56161532446,7.892985308351869,0.0008213489199988544,-0.002209675556514412,-0.008614691648130446,11,-0.0023557406918962797,8.812437792460406e-05,-0.008614691648130446,TS1-1
39679,131,2026-02-14 22:46:43.370000+00:00,124806.21860543273,426258.50367152574,4.615715884876585,6.093658157624304e-05,-0.0026125387521460652,0.004211412104022649,0,0.0009658977631277023,0.0024281914071225975,0.004211412104022649,903_GSL_1
39680,3,2026-02-14 22:46:43.570000+00:00,124314.90262446065,426440.79303450655,7.0458398284732136,-0.004614891280652955,-0.003042777010705322,-0.03258926701787068,11,-0.005480541885541125,0.0007206761477618162,-0.03258926701787068,TS2
39681,149,2026-02-14 22:46:46.140000+00:00,124351.03994938408,426607.39677615033,8.016169863261766,-0.0013623079867102206,4.368484951555729e-05,0.003944019293967926,0,0.00017114344940731565,0.0013522208904083004,0.003944019293967926,14_P5_1
39682,147,2026-02-14 22:47:01.090000+00:00,124350.92624094315,426607.51017113985,11.37639991246202,-0.0002664024359546602,0.00017839972861111164,0.0021802707895766105,0,-0.00013405984959751515,0.0002912467644060389,0.0021802707895766105,13_P5_1
39683,126,2026-02-14 22:47:16.330000+00:00,124339.6567483286,426609.5884741587,6.671831289797643,-7.227553578559309e-05,-1.6002333723008633e-05,0.0011741006621850403,0,3.160751869178137e-05,6.693872212573062e-05,0.0011741006621850403,17_P5_1
39684,121,2026-02-14 22:47:31.840000+00:00,124329.2598806698,426611.3275336236,11.356181351258156,0.0003379000845598057,-0.00018286897102370858,0.0018818291840343448,0,8.151854317536035e-05,-0.00037546272095557065,0.0018818291840343448,15_P5_1
39685,123,2026-02-14 22:47:48.330000+00:00,124329.15065976192,426611.3901461997,8.080835037779117,0.000903149790246971,-0.00013181997928768396,0.002719392725051506,0,-0.00012556975209657948,-0.0009040399813730345,0.002719392725051506,16_P5_1
39686,4,2026-02-14 22:47:48.530000+00:00,124378.97046967664,426782.7416992369,7.758645393048614,-0.0013482965587172657,0.000516329484526068,0.00356968807634761,11,-0.0013763662415338387,-0.00043602260951215667,0.00356968807634761,TS3
39687,68,2026-02-14 22:51:20.120000+00:00,123928.08088233427,426940.42878235364,7.114415443613595,-0.028068027590052225,-0.01895265158964321,-0.004397837426631135,0,0.002194656276416452,-0.033796459265768124,-0.004397837426631135,905_GSL_1
39688,67,2026-02-14 22:51:20.750000+00:00,123855.6142939228,426533.0738519027,6.0537473791274525,-0.0037005513440817595,-0.01725080201867968,0.009339230789876751,0,0.0001856126024044857,-0.017642273053654303,0.009339230789876751,904_GSL_1
39689,68,2026-02-14 22:51:23.630000+00:00,123928.08538898797,426940.43126636837,7.134440284911728,-0.02356137389142532,-0.016468636866193265,0.01562700387150162,0,0.016802551528646216,-0.023324420721837175,0.01562700387150162,905_GSL_1
39690,71,2026-02-14 22:51:23.660000+00:00,124806.22070303954,426258.5072458185,4.597224678098337,-0.007058895949739963,-0.00786031357711181,0.005721014949069847,0,0.0030279084855375157,0.010121477746010877,0.005721014949069847,903_GSL_1
39691,66,2026-02-14 22:51:23.910000+00:00,124898.94024995055,426720.76954448153,4.128747919169377,0.0026442868693266064,-0.004660673264879733,0.046461388765612455,0,0.004237787789328102,0.0032795248103771766,0.046461388765612455,901_GSL_1
39692,68,2026-02-14 22:51:37.030000+00:00,123928.08659165022,426940.4310837893,7.131002697489384,-0.022358711634296924,-0.016651215904857963,0.012189416449158053,0,-0.0004028451816897511,-0.027874947404711435,0.012189416449158053,905_GSL_1
39693,67,2026-02-14 22:51:39.880000+00:00,123855.61327498814,426533.076462652,6.032549752538911,-0.0047194860089803115,-0.014640052686445415,-0.0118583957986651,0,0.012392237958700451,-0.009112471082302658,-0.0118583957986651,904_GSL_1
39694,69,2026-02-14 22:51:39.930000+00:00,124266.91892829436,427056.31581778097,7.108290545261799,-0.02366890230041463,0.0009793969220481813,0.01778917433436611,0,0.009875771039921216,-0.021532424406103083,0.01778917433436611,906_GSL_1
39695,71,2026-02-14 22:51:40.560000+00:00,124806.22196559627,426258.5053503062,4.622479682490809,-0.005796339217340574,-0.00975582585670054,0.030976019341541594,0,0.005548421420373433,0.009898924497675918,0.030976019341541594,903_GSL_1
39696,69,2026-02-14 22:51:52.950000+00:00,124266.92113233432,427056.31504230096,7.087935873152258,-0.021464862336870283,0.0002039169194176793,-0.0025654977751745633,0,0.0008615249091684464,-0.02144853542976069,-0.0025654977751745633,906_GSL_1
39697,68,2026-02-14 22:51:56.660000+00:00,123928.08729485176,426940.4336913916,7.145590786466016,-0.021655510092386976,-0.014043613628018647,0.02677750542579016,0,0.021185813543583183,-0.014742642422275343,0.02677750542579016,905_GSL_1
39698,67,2026-02-14 22:51:57.120000+00:00,123855.61392774167,426533.0709768722,6.061578072508704,-0.004066732479259372,-0.020125832525081933,0.01716992417112806,0,0.014664879670676995,-0.014371108242932189,0.01716992417112806,904_GSL_1
39699,66,2026-02-14 22:51:57.630000+00:00,124898.94075685025,426720.77371496067,4.085650800716109,0.0031511865672655404,-0.0004901941283605993,0.0033642703123444306,0,0.0031870528857230133,0.00011384625070068381,0.0033642703123444306,901_GSL_1
39700,66,2026-02-14 22:51:58.130000+00:00,124898.94033976174,426720.7718885946,4.078161793164862,0.002734098059590906,-0.0023165601887740195,-0.004124737238901943,0,0.0014640277483605345,0.0032708356821616494,-0.004124737238901943,901_GSL_1
39701,66,2026-02-14 22:52:11.360000+00:00,124898.94172022658,426720.770410493,4.0880747226930865,0.004114562892937101,-0.003794661781284958,0.005788192289322147,0,0.002200269975864142,0.005146639473247614,0.005788192289322147,901_GSL_1
39702,69,2026-02-14 22:52:12.630000+00:00,124266.9198939104,427056.31582477846,7.118479481555806,-0.02270328626036644,0.0009863944142125547,0.027978110628373187,0,0.016801065114173504,-0.01530151600299249,0.027978110628373187,906_GSL_1
39703,71,2026-02-14 22:52:15.090000+00:00,124806.21853263561,426258.50390711246,4.615672511694541,-0.009229299874277785,-0.011199019616469741,0.02416884854527357,0,-0.004757681164197202,0.01370994115520782,0.02416884854527357,903_GSL_1
39704,149,2026-02-14 22:52:33.510000+00:00,124351.04008178119,426607.39685555676,8.015650585812203,-0.0012299108784645796,0.00012309127487242222,0.0034247418444053324,0,7.190007624983438e-05,0.0012339621590431774,0.0034247418444053324,14_P5_1
39705,147,2026-02-14 22:52:48.640000+00:00,124350.9255427826,426607.5104849455,11.376375096966534,-0.0009645629907026887,0.0004922053776681423,0.002155455294090558,0,-0.00033359558828061043,0.0010302241893483512,0.002155455294090558,13_P5_1
39706,164,2026-02-14 22:52:49.940000+00:00,124091.06532580778,427154.20824291726,9.835347455642303,-0.030002643587067723,0.013511975819710642,0.02071392401290595,0,0.020973604205462452,-0.025354290354842685,0.02071392401290595,907_GSL_1
39707,110,2026-02-14 22:52:57.180000+00:00,124434.13996470494,426963.9328922917,8.78723735327191,-0.00012113753473386168,0.0008057182421907783,0.036176993014121805,0,0.0007629085406249608,-0.00028605374802978485,0.036176993014121805,35_P9_0
39708,126,2026-02-14 22:53:04.630000+00:00,124339.65604025878,426609.588681662,6.672554259539165,-0.0007803453627275303,0.00019150093430653214,0.001897070403707346,0,-1.3973887094764663e-05,0.0008033780078207882,0.001897070403707346,17_P5_1
39709,122,2026-02-14 22:53:06.240000+00:00,124329.15069446113,426611.39068536495,8.086083009357772,0.0011435580818215385,-0.0013535438920371234,0.002419170915374025,0,-0.0010192216449333431,0.0014494803871283428,0.002419170915374025,16_P5_1
39710,107,2026-02-14 22:53:11.970000+00:00,124409.9225211949,426969.5253190203,6.296001057770315,0.0017036875942721963,0.000907967216335237,0.006920734340281953,0,0.0012870304117721793,0.0014389261982430085,0.006920734340281953,38_P9_0
39711,111,2026-02-14 22:53:12.430000+00:00,124434.26165952727,426963.9761767815,6.504131643054697,-3.1232048058882356e-05,-0.0018869978375732899,0.04283913343992829,0,-0.0018513660680398486,0.0003663058311614694,0.04283913343992829,36_P9_0
39712,121,2026-02-14 22:53:19.730000+00:00,124329.25930935396,426611.32771796535,11.354589388152773,-0.0002334157470613718,1.4727702364325523e-06,0.0002898660786510021,0,6.359792580864796e-05,0.00022458936720429426,0.0002898660786510021,15_P5_1
39713,120,2026-02-14 22:53:21.740000+00:00,124329.2620034692,426611.3295255663,11.359010590831476,0.0017516340303700417,-0.0016495237941853702,0.0009794241846030616,0,-0.0011497763419434134,0.00211356686372618,0.0009794241846030616,15_P5_1
39714,106,2026-02-14 22:53:26.570000+00:00,124410.03411273676,426969.4508236027,8.930717365945227,0.001908918537083082,0.0012622617650777102,0.006830141606696927,0,0.001684239857511183,0.0015493904760153976,0.006830141606696927,37_P9_0
39715,102,2026-02-14 22:53:34.830000+00:00,124282.39274236366,426301.7927219075,6.899163027773609,-0.0005465821595862508,-0.0008359571220353246,-0.004134955993126965,0,0.000938464935389392,0.00034184782009563365,-0.004134955993126965,02_P1_0
39716,123,2026-02-14 22:53:34.930000+00:00,124329.15025727775,426611.3901577736,8.080141122171794,0.0005006656283512712,-0.00012024602619931102,0.0020254771177281583,0,-2.4314943077261874e-05,-0.0005143286515179259,0.0020254771177281583,16_P5_1
39717,124,2026-02-14 22:53:37.740000+00:00,124339.65916302253,426609.5890312575,6.6760786500317355,0.001397299303789623,-0.0012106465292163193,0.001648454198542204,0,-0.0007130690254701552,0.0017057675480526438,0.001648454198542204,17_P5_1
39718,160,2026-02-14 22:53:41.760000+00:00,124421.81260501094,426965.6183222546,5.602250560833334,0.0013988503051223233,-0.0003157840110361576,0.010069330945995603,0,0.0004096992972146916,0.0013742809769580198,0.010069330945995603,38a_P9_0
39719,103,2026-02-14 22:53:50.430000+00:00,124282.31143718974,426301.79669404513,9.294308281017802,-0.00028121742070652544,-0.0007501080981455743,-0.0036432047733114814,0,0.0007944979598979485,0.00010255919427530272,-0.0036432047733114814,01_P1_0
39720,118,2026-02-14 22:53:50.730000+00:00,124372.26065436525,426775.11259579496,6.169810383467057,0.0006270032608881593,-6.870384095236659e-05,0.004278314476695577,0,-0.00036250952942123933,-0.0005161784071469716,0.004278314476695577,22_P6_1
39721,170,2026-02-14 22:53:54.040000+00:00,124669.37523875131,426931.3101445824,13.798091909497803,-0.012808065162971616,0.011647610692307353,0.011901778826414855,0,0.0012001750500474511,-0.01727058041606371,0.011901778826414855,908_GSL_1
39722,162,2026-02-14 22:53:58.840000+00:00,124402.99687069845,426879.64704034,6.5543512225070995,0.0014425701374420896,-0.0006932478863745928,0.009678179216532357,0,0.0008157777908445159,-0.0013769923127481033,0.009678179216532357,34a_P7_0
39723,100,2026-02-14 22:54:06.690000+00:00,124292.48351628028,426345.92938330513,7.583281732191513,-0.00020699303422588855,-0.0008516745874658227,-0.005217836777585028,0,0.0008764500476058151,5.570745451332526e-06,-0.005217836777585028,06_P2_0
39724,74,2026-02-14 22:54:07.130000+00:00,124369.34603583178,426785.7253062353,7.233839011374578,-0.0002773775195237249,-0.0011600613943301141,0.003785176617506103,0,-7.876513385651918e-05,-0.0011901583006645913,0.003785176617506103,21_P6_1
39725,92,2026-02-14 22:54:11.350000+00:00,124278.31610441855,426395.6368417045,11.10182822342917,0.002128615975379944,-0.0014489206951111555,3.924020195000821e-05,0,0.001123356693388474,-0.0023169909129695386,3.924020195000821e-05,11_P3_0
39726,104,2026-02-14 22:54:14.640000+00:00,124389.81751323721,426881.445862366,10.73261389082519,0.00041702693852130324,0.0015227978583425283,0.00670202276498344,0,-0.0015761215675514973,-9.308914611302579e-05,0.00670202276498344,33_P7_0
39727,101,2026-02-14 22:54:21.440000+00:00,124292.404969321,426345.88260870223,10.211675803417862,-0.0003495498385746032,-0.0007848236709833145,-0.003942694182422102,0,0.0008442843658012781,0.00015911377642049287,-0.003942694182422102,05_P2_0
39728,73,2026-02-14 22:54:23.240000+00:00,124369.48952238396,426785.6961390037,11.410140284071813,0.0001828195236157626,-0.00032765051582828164,0.004085668008737997,0,-0.00027204163183032736,-0.00025840121766107456,0.004085668008737997,20_P6_1
39729,93,2026-02-14 22:54:26.230000+00:00,124278.27020157057,426395.7894583026,7.949166875913342,0.002077990895486437,-0.00189179991139099,0.00044135563382408094,0,0.0015657496768433908,-0.0023335340185924648,0.00044135563382408094,12_P3_0
39730,105,2026-02-14 22:54:30.180000+00:00,124389.6884290236,426881.473375192,7.068991796992034,-0.0002564137539593503,0.0014219778822734952,0.006695900269243715,0,-0.0013365992261083707,0.0005488821546206844,0.006695900269243715,34_P7_0
39731,98,2026-02-14 22:54:36.620000+00:00,124302.6606892683,426390.07737890305,7.975242236045669,-0.000156365247676149,-0.0005331055144779384,-0.0038085590852015017,0,0.0005549117071137059,2.6917978300079797e-05,-0.0038085590852015017,10_P3_0
39732,165,2026-02-14 22:54:39.630000+00:00,124091.06281378792,427154.20715585275,9.855321638601641,-0.020966839234461077,0.011004059109836817,0.00458614487562059,0,0.021541606841555008,-0.00983142100921273,0.00458614487562059,907_GSL_1
39733,94,2026-02-14 22:54:41.830000+00:00,124268.22572099284,426351.5543962894,10.215145875560399,0.0014984937442932278,-0.0015767310978844762,0.0006519362694383801,0,0.001276918262764237,-0.0017609781960436328,0.0006519362694383801,07_P2_0
39734,99,2026-02-14 22:54:51.540000+00:00,124302.53758501077,426390.13455085934,11.083644694286813,-0.0004952804010827094,-0.0002654326381161809,-0.004110508462554563,0,0.0003752958939411473,0.0004182226118526832,-0.004110508462554563,09_P3_0
39735,152,2026-02-14 22:54:55.470000+00:00,124370.27570522997,426819.4995074007,9.732395458534535,-6.643189408350736e-05,0.00033736275508999825,0.003474507306655994,0,0.0003435953168418757,1.3003204134655874e-05,0.003474507306655994,29_KW_1
39736,95,2026-02-14 22:54:57.300000+00:00,124268.11117302126,426351.54718715814,7.194748799204949,0.001625119024538435,-0.0020038518705405295,0.001077940959828716,0,0.0016714826781858766,-0.0019653447075538943,0.001077940959828716,08_P2_0
39737,113,2026-02-14 22:55:04.980000+00:00,124414.07873393217,426875.9150156913,7.339933087966594,0.001499317993875593,-0.00021644687512889504,0.036583142841317695,0,-0.00014487394846033526,-0.0015079175161691399,0.036583142841317695,32_P7_0
39738,166,2026-02-14 22:55:09.250000+00:00,124091.05997050826,427154.2081752878,9.818866683903337,-0.012310327438171953,0.019147308252286166,-0.010986935159467137,0,0.021954459299697367,-0.006013758541960852,-0.010986935159467137,907_GSL_1
39739,117,2026-02-14 22:55:11.340000+00:00,124377.68028022783,426815.9058820345,7.621515700372078,0.00026308374071959406,0.0001759959850460291,0.004080660199618613,0,0.00016563902065231466,0.00026972459328114437,0.004080660199618613,26_KW_0
39740,96,2026-02-14 22:55:13.030000+00:00,124258.06317551823,426307.35054645943,9.306652600281435,0.0021973217953927815,-0.0018631175043992698,0.002106992105543881,0,0.0013966619816342051,-0.002519675617369175,0.002106992105543881,03_P1_0
39741,112,2026-02-14 22:55:20.260000+00:00,124413.95235557777,426875.867605352,10.70517534595606,0.001620952956727706,0.00033928657649084926,0.035909739035396626,0,-0.0007173409690486673,-0.0014926572959107164,0.035909739035396626,31_P7_0
39742,125,2026-02-14 22:55:25.130000+00:00,124339.65711355324,426609.59051185776,6.670046420957783,-0.0007520103827118874,-0.0007219886756502092,-0.003469517171330594,0,-0.0008234697769078297,-0.000639284592331922,-0.003469517171330594,17_P5_1
39743,116,2026-02-14 22:55:26.330000+00:00,124377.68750233029,426815.90039393416,10.009394050130169,0.00014243871555663645,0.0003323705750517547,0.004334294853045151,0,0.00032661730635532725,0.00015517771115353132,0.004334294853045151,25_KW_0
39744,97,2026-02-14 22:55:28.340000+00:00,124257.98974993585,426307.38964915567,6.840159052164756,0.0018797269731294364,-0.002203548967372626,0.00309686156865574,0,0.0017914219437490148,-0.002275919366887549,0.00309686156865574,04_P1_0
39745,161,2026-02-14 22:55:35.960000+00:00,124402.99157616495,426879.64485336334,6.584665710945512,0.00017241835303138942,-0.0026535236393101513,0.04304139012178965,0,0.0022446695949740404,-0.0014256136230546216,0.04304139012178965,34a_P7_0
39746,146,2026-02-14 22:55:41.320000+00:00,124350.92393551549,426607.51183878846,11.374206969207062,-0.00233105945517309,-2.660835161805153e-05,-0.005114544017020606,0,-0.0005183386783583578,-0.0022728552972957616,-0.005114544017020606,13_P5_1
39747,115,2026-02-14 22:55:42.330000+00:00,124396.28966462577,426811.63421028695,7.651221666273152,-0.0004261340363882482,0.00029595050727948546,0.004949373500105381,0,3.47330726578472e-05,-0.0005176587035791733,0.004949373500105381,24_KW_0
39748,148,2026-02-14 22:55:56.520000+00:00,124351.03941334951,426607.39817347407,8.012081538977428,-0.0017050651513272896,-0.0002824206603690982,-0.0033748762349539163,0,-0.000637451197951292,-0.001606444698676096,-0.0033748762349539163,14_P5_1
39749,114,2026-02-14 22:55:57.700000+00:00,124396.29887899342,426811.6298888162,9.994804685823606,-0.0001416516024619341,0.0003500604070723057,0.004120608173423079,0,0.00022732400517794346,-0.0003015481085159058,0.004120608173423079,23_KW_0
39750,153,2026-02-14 22:56:07.250000+00:00,124370.27655767663,426819.49839466525,9.736014069773264,0.0027188717504031956,-0.0007284319726750255,0.009933592660274826,0,-1.1928231862309656e-05,-0.0028147352364370623,0.009933592660274826,29_KW_1
39751,150,2026-02-14 22:56:13.440000+00:00,124401.10243568552,426812.3221890358,9.185662822676223,-0.0007449444092344493,0.0007574468036182225,0.0036487994324136963,0,0.00016016784533372176,-0.001050244778364681,0.0036487994324136963,27_KW_1
39752,168,2026-02-14 22:56:14.620000+00:00,124669.37056590643,426931.3137921544,13.792488209842778,-0.006166064922581427,0.006051582051441073,-0.008851810092449952,0,0.0012932645471342408,-0.008542216853132358,-0.008851810092449952,908_GSL_1
39753,119,2026-02-14 22:56:28.630000+00:00,124400.81378935851,426811.34341300046,3.9880708802688103,-0.0003620285715442151,0.00028411915991455317,0.00453675118262753,0,6.059010976003518e-06,-0.00046016483137120435,0.00453675118262753,28_KW_1
39754,169,2026-02-14 22:56:45.230000+00:00,124669.37629691511,426931.3094432895,13.813147413953388,-0.0027805332065327093,0.007283736544195563,0.0013922010804954255,0,0.0008417651298601662,-0.007750846045692849,0.0013922010804954255,908_GSL_1
39755,72,2026-02-14 22:57:27.130000+00:00,124390.52348872428,426780.8878133777,10.990892992850343,-0.00047097857168409973,0.0008824460092000663,0.003807671283585279,0,-0.0006048653082793434,-0.0007966616176136847,0.003807671283585279,18_P6_1
39756,138,2026-02-14 23:00:19.860000+00:00,123928.08817243608,426940.43319860013,7.112357177500112,0.0015535574057139456,0.0014774480951018631,-0.0055788860978154275,0,0.00021721070237361903,0.0021328884165242043,-0.0055788860978154275,905_GSL_1
39757,130,2026-02-14 23:00:21.190000+00:00,124898.94037117435,426720.7710011437,4.1283888182753685,0.0019981770892627537,0.0013244448928162456,0.03832608580517416,0,0.0013324197904551794,-0.0019928681482137703,0.03832608580517416,901_GSL_1
39758,134,2026-02-14 23:00:21.540000+00:00,123855.61431317015,426533.0715448059,6.0559980447203765,-0.0001489712594775483,-0.0027532560634426773,0.010155125822596034,0,-0.00040303889688316684,-0.002727667691386433,0.010155125822596034,904_GSL_1
39759,133,2026-02-14 23:00:21.850000+00:00,124806.22279386551,426258.50995813945,4.595303618114481,0.0008977719844551757,-0.0015256738988682628,0.007146513929915166,0,0.0017699782413303795,2.9196009615822047e-05,0.007146513929915166,903_GSL_1
39760,139,2026-02-14 23:00:22.430000+00:00,123928.0866849872,426940.43315037515,7.134166867221447,-0.00018493649258743972,0.0020463625551201403,-0.002434963517808697,0,0.0008501298998450001,0.0018705828948961077,-0.002434963517808697,905_GSL_1
39761,125,2026-02-14 23:00:37.040000+00:00,124339.65801985627,426609.59004653554,6.669952186710607,0.00015429264749400318,-0.0011873109033331275,-0.003563751418506733,0,-0.0011523550775720624,0.0003249479611235038,-0.003563751418506733,17_P5_1
39762,137,2026-02-14 23:00:37.840000+00:00,123928.08713354358,426940.4303409256,7.130178384708322,-0.002265718299895525,-0.0034876454737968743,0.007314693742792144,0,-0.0014999380638617225,-0.0038790896058168134,0.007314693742792144,905_GSL_1
39763,153,2026-02-14 23:00:38.060000+00:00,124370.27677770819,426819.498426798,9.736121954402932,0.002938903315225616,-0.0006962992483749986,0.010041477289943757,0,-0.00010077292933289816,-0.0030185808182398182,0.010041477289943757,29_KW_1
39764,143,2026-02-14 23:00:38.550000+00:00,124266.919692712,427056.3157292283,7.108423191549136,0.00012528391380328685,0.001502352301031351,0.002881453326358141,0,0.0013427734427798428,0.0006853597426441334,0.002881453326358141,906_GSL_1
39765,132,2026-02-14 23:00:39.300000+00:00,124806.22306016006,426258.507318375,4.623083468629381,0.008925872287363745,0.0021766245481558144,0.04045129441905981,0,0.0025796916814844737,-0.008817827472934726,0.04045129441905981,903_GSL_1
39766,146,2026-02-14 23:00:52.350000+00:00,124350.92500613102,426607.51157910924,11.374167430054333,-0.0012604439252754673,-0.00028628756990656257,-0.005154083169749413,0,-0.000546041055877641,-0.001171545401059158,-0.005154083169749413,13_P5_1
39767,152,2026-02-14 23:00:54.220000+00:00,124370.27557361593,426819.49947440246,9.732476874291569,-0.00019804593466687948,0.000304364541079849,0.003555923063689903,0,0.0003417769490952135,-0.00012267225917864558,0.003555923063689903,29_KW_1
39768,141,2026-02-14 23:00:54.530000+00:00,124266.9213374994,427056.3141823057,7.090412807046112,0.0027087479538749903,-0.0003359973197802901,0.006278106783014437,0,-0.00041894395219739343,0.0026971643704896283,0.006278106783014437,906_GSL_1
39769,136,2026-02-14 23:00:54.760000+00:00,123855.61421281367,426533.0767502961,6.030367860091294,-0.0015572981210425496,0.0026417699991725385,0.008075317654555825,0,-0.000282520922428603,0.003053573004648951,0.008075317654555825,904_GSL_1
39770,135,2026-02-14 23:00:56.690000+00:00,123855.61578900834,426533.0699483334,6.062212236553988,0.0021387301094364375,-0.00668658793438226,0.041013789435630166,0,0.001984440493124008,-0.0067339899476080425,0.041013789435630166,904_GSL_1
39771,5,2026-02-14 23:00:56.890000+00:00,124424.61744127132,426919.14340481086,8.78040607835271,0.00023849379795137793,-0.0029429582064040005,0.012580256346396368,11,-0.0029526016646698426,5.07011743444713e-06,0.012580256346396368,TS4
39772,148,2026-02-14 23:01:08.260000+00:00,124351.03964275525,426607.3980466795,8.011513417174143,-0.001475659417337738,-0.00040921522304415703,-0.003942998038239054,0,-0.0007127333754892932,-0.0013553740997275512,-0.003942998038239054,14_P5_1
39773,150,2026-02-14 23:01:10.220000+00:00,124401.10240145752,426812.32209474314,9.185648344019938,-0.0007791724056005478,0.0006631541182287037,0.0036343207761291296,0,6.416424435032364e-05,-0.0010211591315363077,0.0036343207761291296,27_KW_1
39774,122,2026-02-14 23:01:10.420000+00:00,124329.1505953678,426611.39031875395,8.086046711472427,0.001044464748702012,-0.0017201548907905817,0.0023828730300294865,0,-0.001398978030628284,0.0014466167182122997,0.0023828730300294865,16_P5_1
39775,140,2026-02-14 23:01:11.470000+00:00,123928.08802288178,426940.4330641969,7.143854106395758,0.0004991493187844753,-0.0013744800235144794,0.008280400193414472,0,-0.000543685312644758,-0.0013574798924101017,0.008280400193414472,905_GSL_1
39776,120,2026-02-14 23:01:25.330000+00:00,124329.26147233628,426611.3292907251,11.35813664592758,0.0012205011153127998,-0.001884364988654852,0.00010547928070714363,0,-0.0015119813888149925,0.0016596284713227458,0.00010547928070714363,15_P5_1
39777,128,2026-02-14 23:01:26.550000+00:00,124898.93801085211,426720.7743305897,4.077537233046188,-0.002290547388838604,0.005066554876975715,-0.003854697957491382,0,0.0001246683849620226,-0.005558870699675674,-0.003854697957491382,901_GSL_1
39778,145,2026-02-14 23:01:28.280000+00:00,124266.9199198809,427056.3155835192,7.11794273303996,0.0015961280587362126,0.0008369115530513227,0.009975796748313392,0,-0.0005426067551378104,0.0017186109614437536,0.009975796748313392,906_GSL_1
39779,129,2026-02-14 23:01:28.330000+00:00,124898.94010119494,426720.7733004613,4.086636981658735,0.00042949615453835577,0.0007977911736816168,-0.005047763586878418,0,0.0003320673415016241,-0.0008430118529864041,-0.005047763586878418,901_GSL_1
39780,6,2026-02-14 23:01:28.480000+00:00,124399.03964095407,426925.0756002654,8.555527603729114,0.0004702096921391785,0.0001510505098849535,0.008220907907556807,11,-0.0004934659232797711,2.011948507712029e-05,0.008220907907556807,TS5
39781,124,2026-02-14 23:01:40.420000+00:00,124339.65862014044,426609.58891232917,6.675905320609839,0.0008544172160327435,-0.0013295748503878713,0.0014751247766460196,0,-0.0009957730387773179,0.0012272873001385048,0.0014751247766460196,17_P5_1
39782,154,2026-02-14 23:01:40.620000+00:00,124285.66542029163,426445.5616675409,7.893703214959945,0.0007952916203066707,-0.002157459093723446,-0.007896785040053977,11,-0.002299365057987087,-6.231575085213904e-06,-0.007896785040053977,TS1-1
39783,131,2026-02-14 23:01:44.020000+00:00,124806.21811747272,426258.5045980321,4.620639346207672,-0.00042702343489509076,-0.0016860323958098888,0.009134873435109547,0,0.00018612693967647994,0.0017292804908390956,0.009134873435109547,903_GSL_1
39784,3,2026-02-14 23:01:44.220000+00:00,124314.90241418172,426440.7929123726,7.046814645139861,-0.004825170210096985,-0.0031649109441787004,-0.03161445035122323,11,-0.005723050502176221,0.000738662162649471,-0.03161445035122323,TS2
39785,149,2026-02-14 23:01:44.940000+00:00,124351.039967471,426607.3970566921,8.015625678683053,-0.001344221062026918,0.00032422662479802966,0.003399834715255068,0,-0.00010875102449003164,0.0013784869903256491,0.003399834715255068,14_P5_1
39786,147,2026-02-14 23:01:59.930000+00:00,124350.92634942978,426607.51063615124,11.376184363093644,-0.0001579158124513924,0.000643411127384752,0.0019647214212010766,0,-0.0006103720377504798,0.00025760678988921823,0.0019647214212010766,13_P5_1
39787,126,2026-02-14 23:02:15.150000+00:00,124339.65573824442,426609.5890957487,6.6715340408573764,-0.0010823597258422524,0.0006055876729078591,0.0008768517219186478,0,-0.0003509153460559666,0.0011895786756686978,0.0008768517219186478,17_P5_1
39788,121,2026-02-14 23:02:30.230000+00:00,124329.25946508646,426611.3279870106,11.355571209667493,-7.768324576318264e-05,0.0002705180086195469,0.0012716875933715954,0,-0.00023817641120369744,0.00014995558277675267,0.0012716875933715954,15_P5_1
39789,123,2026-02-14 23:02:45.940000+00:00,124329.15073288354,426611.3904173192,8.080232025514034,0.000976271418039687,0.0001392995472997427,0.0021163804599684255,0,-0.0004063232906980006,-0.000898560865492974,0.0021163804599684255,16_P5_1
39790,4,2026-02-14 23:02:46.140000+00:00,124378.97042526765,426782.7416963772,7.75995815115767,-0.0013927055551903322,0.0005134698003530502,0.004882446185403566,11,-0.001420529720300925,-0.00043055233488437593,0.004882446185403566,TS3
39791,68,2026-02-14 23:06:20.510000+00:00,123928.08307142586,426940.42943835194,7.117527696194543,-0.025878935994114727,-0.018296653288416564,-0.0012855848456831964,0,0.0013733628389351806,-0.031663870961343994,-0.0012855848456831964,905_GSL_1
39792,66,2026-02-14 23:06:20.780000+00:00,124898.93908128182,426720.7677848092,4.1310745889718845,0.001475618133554235,-0.006420345569495112,0.048788058568120185,0,0.003838548858930832,0.0053538611081545995,0.048788058568120185,901_GSL_1
39793,67,2026-02-14 23:06:20.930000+00:00,123855.61469651994,426533.0731125153,6.05695664199366,-0.0032979542011162266,-0.01799018937163055,0.012548493656083792,0,-0.00035636134215023786,-0.018286509293290773,0.012548493656083792,904_GSL_1
39794,68,2026-02-14 23:06:22.410000+00:00,123928.08698263229,426940.4338498343,7.134133179999712,-0.0219677295681322,-0.013885170919820666,0.015319898959486267,0,0.016151270254336523,-0.02035965576876504,0.015319898959486267,905_GSL_1
39795,71,2026-02-14 23:06:23.860000+00:00,124806.22085009752,426258.50867325213,4.596212740560044,-0.006911837961524725,-0.006432879948988557,0.00470907741077653,0,0.0018864421961923695,0.009251853018984802,0.00470907741077653,903_GSL_1
39796,68,2026-02-14 23:06:37.130000+00:00,123928.08605706094,426940.4295190888,7.136318854215146,-0.022893300920259207,-0.0182159164105542,0.017505573174919853,0,-0.00135806932461789,-0.029224621219296767,0.017505573174919853,905_GSL_1
39797,71,2026-02-14 23:06:37.280000+00:00,124806.22059480376,426258.5049480078,4.625039151259335,-0.007167131727328524,-0.01015812426339835,0.03353548811006757,0,0.005211111636934346,0.011287142297983527,0.03353548811006757,903_GSL_1
39798,69,2026-02-14 23:06:39.340000+00:00,124266.91981430209,427056.31561800913,7.108875041698265,-0.022782894564443268,0.0007796250865794718,0.018373670770832184,0,0.00935514302219538,-0.020788203362590806,0.018373670770832184,906_GSL_1
39799,67,2026-02-14 23:06:40.030000+00:00,123855.61414346841,426533.07668774313,6.033940855660029,-0.003851005734759383,-0.014414961566217244,-0.010467292677546425,0,0.011556198697970857,-0.009437988862977463,-0.010467292677546425,904_GSL_1
39800,69,2026-02-14 23:06:53.710000+00:00,124266.91986563055,427056.31424254784,7.092941406166556,-0.022731566103175282,-0.0005958362016826868,0.002440035239123617,0,0.00010095940237628251,-0.022739149620892487,0.002440035239123617,906_GSL_1
39801,67,2026-02-14 23:06:54.680000+00:00,123855.61202255682,426533.0749375882,6.064073986461093,-0.005971917329588905,-0.016165116510819644,0.019665838123517076,0,0.014017695779210889,-0.010023921061207103,0.019665838123517076,904_GSL_1
39802,68,2026-02-14 23:06:56.880000+00:00,123928.08792941217,426940.43482188,7.146448406356064,-0.021020949687226675,-0.01291312521789223,0.027635125315837783,0,0.020588473426472104,-0.013592052479788747,0.027635125315837783,905_GSL_1
39803,66,2026-02-14 23:06:57.080000+00:00,124898.93984307484,426720.7728445599,4.08630133329704,0.002237411157693714,-0.0013605948770418763,0.004014802893276048,0,0.0023826992162506127,0.0010862649551944686,0.004014802893276048,901_GSL_1
39804,66,2026-02-14 23:06:59.220000+00:00,124898.93896321145,426720.77220197464,4.075049490069651,0.0013575477642007172,-0.002003180154133588,-0.007237040334113765,0,0.0003582096499895394,0.00239318877413701,-0.007237040334113765,901_GSL_1
39805,66,2026-02-14 23:07:10.030000+00:00,124898.94083267252,426720.76987694885,4.084440638207411,0.0032270088413497433,-0.00432820594869554,0.0021541078036468875,0,0.0011720697800066608,0.005270028958864269,0.0021541078036468875,901_GSL_1
39806,69,2026-02-14 23:07:12.960000+00:00,124266.92006247328,427056.3156072739,7.119357657450598,-0.022534723379067145,0.000768889847677201,0.02885628652316541,0,0.016528189958190317,-0.015337010336923982,0.02885628652316541,906_GSL_1
39807,71,2026-02-14 23:07:16.420000+00:00,124806.21751145655,426258.5028523414,4.618273731769257,-0.01025047893926967,-0.012253790686372668,0.02677006861998965,0,-0.005348217859952554,0.015054044984399675,0.02677006861998965,903_GSL_1
39808,149,2026-02-14 23:07:34+00:00,124351.0395580206,426607.39717198064,8.015243490576632,-0.0017536714731249958,0.0004395151627250016,0.003017646608833857,0,-0.0001581998278519386,0.0018009747439609457,0.003017646608833857,14_P5_1
39809,147,2026-02-14 23:07:48.800000+00:00,124350.9258760762,426607.51054438885,11.375429795969728,-0.0006312693876679987,0.0005516487290151417,0.0012101542972846602,0,-0.00044496082953108986,0.0007105119423442196,0.0012101542972846602,13_P5_1
39810,164,2026-02-14 23:07:48.830000+00:00,124091.06691439262,427154.207546698,9.841397964803521,-0.02841405874642078,0.012815756548661739,0.026764433174124136,0,0.01988161929150086,-0.02400673998500084,0.026764433174124136,907_GSL_1
39811,110,2026-02-14 23:07:53.380000+00:00,124434.14015897992,426963.93196154933,8.789055236802689,7.313744572456926e-05,-0.00012502411846071482,0.03799487654490008,0,-0.00010708066855025201,9.753894907586526e-05,0.03799487654490008,35_P9_0
39812,126,2026-02-14 23:08:04.230000+00:00,124339.65659834357,426609.5888964864,6.672168534648054,-0.0002222605689894408,0.0004063253290951252,0.0015113455125961295,0,-0.0003470307593727037,0.0003067078180304122,0.0015113455125961295,17_P5_1
39813,122,2026-02-14 23:08:05.200000+00:00,124329.15075101664,426611.3903754492,8.086388255405813,0.0012001135910395533,-0.001663459639530629,0.0027244169634155213,0,-0.0013046569552937976,0.0015827952592640468,0.0027244169634155213,16_P5_1
39814,111,2026-02-14 23:08:08.480000+00:00,124434.26187007606,426963.9752931305,6.505927613015477,0.00017931674665305763,-0.002770648861769587,0.044635103400708864,0,-0.0026709808100839907,0.0007579651199220268,0.044635103400708864,36_P9_0
39815,107,2026-02-14 23:08:12.330000+00:00,124409.92249729572,426969.5254812002,6.29670883140046,0.0016797884163679555,0.0010701470891945064,0.007628507970427023,0,0.0014388760060487268,0.001377149140613573,0.007628507970427023,38_P9_0
39816,121,2026-02-14 23:08:19.630000+00:00,124329.25969957473,426611.3278593089,11.355207671379308,0.00015680502110626549,0.00014281633775681257,0.0009081493051859013,0,-0.00018083921410518228,-0.0001108219275063576,0.0009081493051859013,15_P5_1
39817,120,2026-02-14 23:08:20.530000+00:00,124329.26120777472,426611.3295512527,11.35931110222796,0.000955939554842189,-0.001623837393708527,0.001279935581086633,0,-0.0013273083528890673,0.0013375054579585445,0.001279935581086633,15_P5_1
39818,106,2026-02-14 23:08:27.180000+00:00,124410.03418292689,426969.4507193407,8.931638835289679,0.001979108667001128,0.001157999795395881,0.00775161095114818,0,0.001599914704212939,0.0016425917268691904,0.00775161095114818,37_P9_0
39819,123,2026-02-14 23:08:35.040000+00:00,124329.15043713411,426611.39034495264,8.079089921355147,0.0006805219891248271,6.693298928439617e-05,0.0009742763010809341,0,-0.00025426473198684107,-0.0006347752742542956,0.0009742763010809341,16_P5_1
39820,124,2026-02-14 23:08:36.170000+00:00,124339.65896082982,426609.5887906082,6.676545803561739,0.0011951065971516073,-0.0014512958005070686,0.0021156077285455765,0,-0.0010048707208815376,0.0015889537795164988,0.0021156077285455765,17_P5_1
39821,102,2026-02-14 23:08:40.900000+00:00,124282.39302891311,426301.7929523247,6.900954888419581,-0.0002600327134132385,-0.00060553994262591,-0.002343095347154822,0,0.0006488462179786485,0.00011530056190342705,-0.002343095347154822,02_P1_0
39822,160,2026-02-14 23:08:43.050000+00:00,124421.81273643416,426965.6181474213,5.603214739002959,0.0015302735264413059,-0.0004906173562631011,0.011033509115620177,0,0.00032162353535039037,0.0015744842830280718,0.011033509115620177,38a_P9_0
39823,118,2026-02-14 23:08:51.040000+00:00,124372.26061181827,426775.11252236646,6.169778972686492,0.0005844562838319689,-0.00014213233953341842,0.004246903696130566,0,-0.00027927389147227726,-0.0005327258612024093,0.004246903696130566,22_P6_1
39824,170,2026-02-14 23:08:52.800000+00:00,124669.37384104922,426931.3100287596,13.799038425283918,-0.014205767249222845,0.011531787866260856,0.012848294612529898,0,0.0002428681360582533,-0.01829554507523679,0.012848294612529898,908_GSL_1
39825,103,2026-02-14 23:08:56.720000+00:00,124282.3114902978,426301.796779716,9.29456792651626,-0.00022810936206951737,-0.0006644372479058802,-0.0033835592748534538,0,0.0006989657708915479,7.041014550820333e-05,-0.0033835592748534538,01_P1_0
39826,162,2026-02-14 23:09:00.230000+00:00,124402.9968054353,426879.64716711635,6.555268833445854,0.0013773069804301485,-0.0005664715426973999,0.010595790155287332,0,0.0006838175886554568,-0.0013229731790452223,0.010595790155287332,34a_P7_0
39827,74,2026-02-14 23:09:07.440000+00:00,124369.34596874172,426785.72521386965,7.233826380315067,-0.0003444675821810961,-0.0012524270568974316,0.0037725455579948886,0,-4.205214145103688e-05,-0.0012982538524579214,0.0037725455579948886,21_P6_1
39828,92,2026-02-14 23:09:10.600000+00:00,124278.31606332661,426395.6369384727,11.102924517856911,0.0020875240297755226,-0.001352152496110648,0.0011355346296912927,0,0.0010336088433401933,-0.002262239091386549,0.0011355346296912927,11_P3_0
39829,100,2026-02-14 23:09:11.920000+00:00,124292.48363258873,426345.92944043974,7.583581008650519,-9.068458166439086e-05,-0.0007945399847812951,-0.004918560318579068,0,0.0007940976384951878,-9.447974017889759e-05,-0.004918560318579068,06_P2_0
39830,104,2026-02-14 23:09:15.530000+00:00,124389.8174430725,426881.445943798,10.733310226985557,0.0003468622307991609,0.001604229852091521,0.007398358925350124,0,-0.0016412827468557875,-7.600682211129832e-06,0.007398358925350124,33_P7_0
39831,73,2026-02-14 23:09:23.740000+00:00,124369.48952835918,426785.69597238774,11.410107259859881,0.00018879474373534322,-0.0004942664527334273,0.0040526437968058104,0,-0.0003273290420694199,-0.0004156903652692652,0.0040526437968058104,20_P6_1
39832,93,2026-02-14 23:09:25.530000+00:00,124278.27031149548,426395.7895580402,7.949464051578403,0.002187915801187046,-0.0017920623067766428,0.0007385312988850146,0,0.0014509368550323473,-0.002427600689397335,0.0007385312988850146,12_P3_0
39833,101,2026-02-14 23:09:27.060000+00:00,124292.40470173386,426345.8827479337,10.211456928243152,-0.0006171369750518352,-0.0006455922266468406,-0.004161569357131967,0,0.0007705230755432579,0.0004515988918701128,-0.004161569357131967,05_P2_0
39834,105,2026-02-14 23:09:30.510000+00:00,124389.68836801041,426881.4736202635,7.070036295201209,-0.0003174269513692707,0.0016670493641868234,0.00774039847841923,0,-0.0015634288599354728,0.0006599270050635518,0.00774039847841923,34_P7_0
39835,165,2026-02-14 23:09:39.610000+00:00,124091.06267802752,427154.2062989465,9.855942789546038,-0.02110259963956196,0.010147152876015753,0.005207295820017777,0,0.02094746731716562,-0.010463653092164012,0.005207295820017777,907_GSL_1
39836,94,2026-02-14 23:09:41.110000+00:00,124268.22602200715,426351.55457131146,10.215951722376495,0.0017995080561377108,-0.0014017090434208512,0.0014577830855344587,0,0.0010499224954912964,-0.0020250136394537317,0.0014577830855344587,07_P2_0
39837,98,2026-02-14 23:09:42.200000+00:00,124302.66065708107,426390.0774592764,7.975276354480983,-0.00018855248345062137,-0.00045273214345797896,-0.0037744406498871896,0,0.00048433404708848546,7.70646713244251e-05,-0.0037744406498871896,10_P3_0
39838,152,2026-02-14 23:09:55.450000+00:00,124370.27563877622,426819.49943601846,9.73252056566541,-0.00013288564514368773,0.00026598054682835937,0.0035996144375314287,0,0.00028942550198640167,-6.809643732447796e-05,0.0035996144375314287,29_KW_1
39839,95,2026-02-14 23:09:56.530000+00:00,124268.11120963983,426351.5473081176,7.195349309954909,0.0016617375949863344,-0.001882892393041402,0.001678451709788753,0,0.0015458574087169647,-0.0019791362940128746,0.001678451709788753,08_P2_0
39840,99,2026-02-14 23:09:57.580000+00:00,124302.53764747395,426390.1346221518,11.08382189665721,-0.0004328172217356041,-0.00019414018606767058,-0.003933306092157807,0,0.00029122620197172104,0.00037444419953104255,-0.003933306092157807,09_P3_0
39841,113,2026-02-14 23:10:01.010000+00:00,124414.0788191784,426875.9142206066,7.3418416011041465,0.0015845642192289233,-0.0010115315672010183,0.03849165597886994,0,0.0006073774590929743,-0.0017790819257388004,0.03849165597886994,32_P7_0
39842,117,2026-02-14 23:10:10.440000+00:00,124377.6801645759,426815.90588567633,7.621490472039829,0.00014743181236553937,0.0001796378055587411,0.004055431867369563,0,0.00017377257862056817,0.00015430155994968465,0.004055431867369563,26_KW_0
39843,96,2026-02-14 23:10:12.140000+00:00,124258.06343078315,426307.3507867514,9.307426380385214,0.002452586719300598,-0.0016228255117312074,0.002880772209323368,0,0.0011110282596954834,-0.0027229323280928875,0.002880772209323368,03_P1_0
39844,166,2026-02-14 23:10:15.350000+00:00,124091.05945196364,427154.20677116077,9.822345532136314,-0.012828872058889829,0.01774318120442331,-0.00750808692649052,0,0.02076996012169878,-0.006928866725475902,-0.00750808692649052,907_GSL_1
39845,112,2026-02-14 23:10:17.090000+00:00,124413.95254222584,426875.8667355504,10.706926343930848,0.001807601031032391,-0.0005305150407366455,0.037660737010183354,0,8.250804210386104e-05,-0.0018820361629961722,0.037660737010183354,31_P7_0
39846,116,2026-02-14 23:10:26.040000+00:00,124377.68752603813,426815.90030545846,10.009353725610627,0.00016614656487945467,0.00024389487225562334,0.004293970333502983,0,0.00023729144671580374,0.00017544845125948123,0.004293970333502983,25_KW_0
39847,97,2026-02-14 23:10:27.350000+00:00,124257.98928312316,426307.38992844784,6.8412566161562784,0.0014129142800811678,-0.001924256794154644,0.004194425560178239,0,0.001609258975978178,-0.0017633424287248514,0.004194425560178239,04_P1_0
39848,125,2026-02-14 23:10:31.550000+00:00,124339.65737581784,426609.59024344437,6.670584891890381,-0.0004897457838524133,-0.0009904020698741078,-0.0029310462387330816,0,-0.0010509855279499008,-0.000340846905299139,-0.0029310462387330816,17_P5_1
39849,161,2026-02-14 23:10:32.610000+00:00,124402.99176195184,426879.6441240426,6.586465141268436,0.00035820524499285966,-0.0033828443847596645,0.044840820444713714,0,0.0027951297493752744,-0.00193886482592204,0.044840820444713714,34a_P7_0
39850,115,2026-02-14 23:10:41.840000+00:00,124396.28948301032,426811.6342703244,7.65138140566582,-0.00060774949088227,0.0003559879260137677,0.005109112892773382,0,-7.152906775181362e-06,-0.0007042980072809433,0.005109112892773382,24_KW_0
39851,146,2026-02-14 23:10:47.560000+00:00,124350.92482692162,426607.5114967983,11.374886424534072,-0.0014396533224498853,-0.0003685984993353486,-0.004435088690010858,0,-0.0006643450596876959,-0.001329327718894711,-0.004435088690010858,13_P5_1
39852,114,2026-02-14 23:10:57.160000+00:00,124396.2988229689,426811.62999498565,9.994735663217142,-0.00019767611229326576,0.0004562298418022692,0.0040515855669589484,0,0.00028954898689004835,-0.0004042065042935975,0.0040515855669589484,23_KW_0
39853,148,2026-02-14 23:11:03.400000+00:00,124351.03967473393,426607.3979882571,8.011568833305695,-0.0014436807396123186,-0.0004676376120187342,-0.003887581906687032,0,-0.000763048969740849,-0.001311737505707443,-0.003887581906687032,14_P5_1
39854,153,2026-02-14 23:11:07.390000+00:00,124370.27666256597,426819.49847652845,9.736638683231508,0.0028237610968062654,-0.0006465687765739858,0.010558206118519209,0,-0.0001184855502138261,-0.0028944151549263678,0.010558206118519209,29_KW_1
39855,150,2026-02-14 23:11:12.840000+00:00,124401.10253511474,426812.3222434203,9.185675019539286,-0.0006455151888076216,0.0008118312689475715,0.0036609962954763375,0,0.00026328031278001273,-0.0010032164996274843,0.0036609962954763375,27_KW_1
39856,168,2026-02-14 23:11:21.080000+00:00,124669.37111241603,426931.31231153465,13.787423362276947,-0.005619555318844505,0.004570962279103696,-0.01391665765828165,0,0.00041330950893879475,-0.007232031069372089,-0.01391665765828165,908_GSL_1
39857,119,2026-02-14 23:11:28.840000+00:00,124400.81372779727,426811.34364552173,3.9879953709170617,-0.000423589808633551,0.0005166404298506677,0.004461241830878926,0,0.00015348481884076468,-0.0006502215546411151,0.004461241830878926,28_KW_1
39858,169,2026-02-14 23:11:45.140000+00:00,124669.37583060894,426931.30937769584,13.812308473465784,-0.003246839376515709,0.007218142913188785,0.0005532605928912915,0,0.00039675194385239325,-0.007904817578360663,0.0005532605928912915,908_GSL_1
39859,72,2026-02-14 23:12:27.050000+00:00,124390.52346202312,426780.8877337463,10.990885510089507,-0.0004976797354174778,0.0008028146112337708,0.003800188522749437,0,-0.0006186102053104559,-0.0007138051785616275,0.003800188522749437,18_P6_1
39860,138,2026-02-14 23:15:19.670000+00:00,123928.08721176574,426940.4325180332,7.112774498505605,0.0005928870668867603,0.0007968811551108956,-0.005161565092322462,0,0.0002671648962084666,0.0009566386818890297,-0.005161565092322462,905_GSL_1
39861,130,2026-02-14 23:15:20.690000+00:00,124898.94070828035,426720.7712133073,4.12865934055334,0.0023352830903604627,0.0015366084990091622,0.03859660808314569,0,0.0015615634254505433,-0.002318670407722035,0.03859660808314569,901_GSL_1
39862,134,2026-02-14 23:15:21.730000+00:00,123855.61446821835,426533.0724297791,6.0539908020705795,6.076938007026911e-06,-0.001868282852228731,0.00814788317279902,0,-0.0003785032451816551,-0.00182954995517871,0.00814788317279902,904_GSL_1
39863,139,2026-02-14 23:15:22.040000+00:00,123928.08691318199,426940.433497102,7.133449971852634,4.32583037763834e-05,0.0023930894094519317,-0.003151858886622172,0,0.0007491928359491672,0.0022732044116266907,-0.003151858886622172,905_GSL_1
39864,133,2026-02-14 23:15:22.700000+00:00,124806.22045539362,426258.50850932364,4.593084147562181,-0.0014406999107450247,-0.002974489703774452,0.004927043377615625,0,0.0017873185329667096,0.0027800535412820164,0.004927043377615625,903_GSL_1
39865,125,2026-02-14 23:15:37.100000+00:00,124339.6575996407,426609.59020970296,6.670166554328041,-0.00026592292124405503,-0.0010241434792988002,-0.0033493838010727472,0,-0.0010518913117739087,-0.00011449687527522016,-0.0033493838010727472,17_P5_1
39866,137,2026-02-14 23:15:38.140000+00:00,123928.08678041259,426940.4301561344,7.130459725559023,-0.002618849292048253,-0.0036724366364069283,0.007596034593492895,0,-0.0014429013243114595,-0.004273546329593925,0.007596034593492895,905_GSL_1
39867,143,2026-02-14 23:15:38.610000+00:00,124266.91872698803,427056.3151726594,7.108871956079145,-0.0008404400578001514,0.0009457833948545158,0.0033302178563676677,0,0.0011937612371381609,-0.0004192610516659314,0.0033302178563676677,906_GSL_1
39868,132,2026-02-14 23:15:39.020000+00:00,124806.22384855161,426258.50673665403,4.621119729351638,0.009714263840578496,0.0015949035878293216,0.038487555141316854,0,0.003477755484750466,-0.009209552443367146,0.038487555141316854,903_GSL_1
39869,153,2026-02-14 23:15:39.040000+00:00,124370.27633290413,426819.49846524897,9.736867283905438,0.0024940992589108646,-0.0006578482571057975,0.010786806792449255,0,-2.0940928868473443e-05,-0.0025793132652268094,0.010786806792449255,29_KW_1
39870,146,2026-02-14 23:15:52.300000+00:00,124350.92484270253,426607.5115989993,11.37476060135718,-0.0014238724106689915,-0.00026639748830348253,-0.004560911866903439,0,-0.0005611165110062908,-0.0013354881222664829,-0.004560911866903439,13_P5_1
39871,152,2026-02-14 23:15:54.030000+00:00,124370.27559834128,426819.49953243154,9.732463249074774,-0.0001733205863274634,0.0003623936208896339,0.0035422978468950816,0,0.0003925568696912385,-8.525412696527561e-05,0.0035422978468950816,29_KW_1
39872,136,2026-02-14 23:15:54.940000+00:00,123855.61473271783,426533.0759587232,6.033570021112965,-0.0010373939585406333,0.0018501970916986465,0.011277478676226416,0,-0.0002410775308590051,0.0021074385228190312,0.011277478676226416,904_GSL_1
39873,141,2026-02-14 23:15:55.440000+00:00,124266.91636814123,427056.31413101393,7.089761878765598,-0.0022606102138524875,-0.0003872890956699848,0.005627178502500385,0,-0.000317751003914628,-0.002271428115109591,0.005627178502500385,906_GSL_1
39874,135,2026-02-14 23:15:56.260000+00:00,123855.61735763749,426533.06708398677,6.062742783785966,0.0037073592538945377,-0.009550934541039169,0.041544336667608484,0,0.002294597295311652,-0.009984973034365241,0.041544336667608484,904_GSL_1
39875,5,2026-02-14 23:15:56.460000+00:00,124424.61740995826,426919.1441227534,8.782926127468974,0.00020718073938041925,-0.0022250156616792083,0.015100305462659946,11,-0.0022344801109790624,2.678034964258769e-05,0.015100305462659946,TS4
39876,148,2026-02-14 23:16:08.480000+00:00,124351.03921751921,426607.3980823458,8.012440144138404,-0.0019008954550372437,-0.0003735489444807172,-0.0030162710739780607,0,-0.0007680215854066692,-0.001778506449033383,-0.0030162710739780607,14_P5_1
39877,150,2026-02-14 23:16:10.040000+00:00,124401.1022435891,426812.3222143061,9.185618399574015,-0.0009370408224640414,0.0007827170775271952,0.0036043763302053833,0,6.531548444568473e-05,-0.0012191904748268113,0.0036043763302053833,27_KW_1
39878,122,2026-02-14 23:16:10.930000+00:00,124329.15006190656,426611.390607269,8.086881658052766,0.0005110035126563162,-0.0014316398301161826,0.0032178196103682666,0,-0.001255207760787017,0.0008574209411848001,0.0032178196103682666,16_P5_1
39879,140,2026-02-14 23:16:11.650000+00:00,123928.08810248521,426940.4338696907,7.145104925595284,0.0005787527479697019,-0.0005689862300641835,0.009531219392940216,0,-0.0005969913210859421,-0.000549819457488724,0.009531219392940216,905_GSL_1
39880,128,2026-02-14 23:16:25.880000+00:00,124898.93802103109,426720.7739503497,4.076402020121562,-0.002280368411447853,0.004686314903665334,-0.004989910882117421,0,-3.052139998084774e-05,-0.005211592454556308,-0.004989910882117421,901_GSL_1
39881,120,2026-02-14 23:16:26.210000+00:00,124329.26155259393,426611.329398185,11.359821541653526,0.0013007587695028633,-0.0017769050900824368,0.0017903750066530222,0,-0.0013876423970758769,0.0017099162708849199,0.0017903750066530222,15_P5_1
39882,145,2026-02-14 23:16:27.840000+00:00,124266.92002913448,427056.31571361446,7.119175317989354,0.0017053816409315914,0.0009670068393461406,0.011208381697707992,0,-0.0005284366170685606,0.0018879045289182065,0.011208381697707992,906_GSL_1
39883,6,2026-02-14 23:16:28.040000+00:00,124399.0395649284,426925.0754076058,8.555278530823406,0.0003941840259358287,-4.160910611972213e-05,0.007971835001848504,11,-0.00036256895789802546,-0.00016017526270869736,0.007971835001848504,TS5
39884,129,2026-02-14 23:16:28.340000+00:00,124898.94009412997,426720.7741593886,4.08540227500902,0.00042243118514306843,0.0016567184939049184,-0.0062824702365933405,0,0.00022340636202844406,-0.0016950675124115778,-0.0062824702365933405,901_GSL_1
39885,124,2026-02-14 23:16:41.730000+00:00,124339.65817573492,426609.58910567267,6.677084113307365,0.00041001169302035123,-0.0011362313525751233,0.002653917474171763,0,-0.0009510710924296711,0.0007447113884806253,0.002653917474171763,17_P5_1
39886,154,2026-02-14 23:16:41.930000+00:00,124285.66543687065,426445.56159776537,7.893555741140851,0.0008118706464301795,-0.0022272346541285515,-0.008044258859148279,11,-0.0023705768441586736,-8.57770510038457e-06,-0.008044258859148279,TS1-1
39887,131,2026-02-14 23:16:43.200000+00:00,124806.21787724075,426258.5038121479,4.620236951299045,-0.0006672554009128362,-0.0024719166103750467,0.008732478526482623,0,0.00023426556489303623,0.002549651180809006,0.008732478526482623,903_GSL_1
39888,3,2026-02-14 23:16:43.400000+00:00,124314.90232470034,426440.79294461105,7.0460612867720425,-0.004914651595754549,-0.0031326725147664547,-0.03236780871904177,11,-0.005789453866872278,0.0006705679054231183,-0.03236780871904177,TS2
39889,149,2026-02-14 23:16:44.740000+00:00,124351.04011495576,426607.39708407084,8.015789748280211,-0.0011967363097937778,0.00035160535480827093,0.0035639043124131575,0,-0.00015898757609952366,0.0012371447253068967,0.0035639043124131575,14_P5_1
39890,147,2026-02-14 23:16:59.420000+00:00,124350.92681256073,426607.51036315795,11.376363959271263,0.00030521514418069273,0.00037041783798485994,0.0021443175988196117,0,-0.0004139952534725604,-0.00024284478383693864,0.0021443175988196117,13_P5_1
39891,126,2026-02-14 23:17:14.210000+00:00,124339.65632769103,426609.58880977146,6.671267345726406,-0.0004929131100652739,0.0003196104080416262,0.0006101565909482076,0,-0.00020254349842170217,0.0005514438124141512,0.0006101565909482076,17_P5_1
39892,121,2026-02-14 23:17:29.220000+00:00,124329.26005804584,426611.327716982,11.355860407967569,0.0005152761295903474,0.0,0.0015608858934470504,0,-0.00014398797977567041,-0.0004947496244848402,0.0015608858934470504,15_P5_1
39893,123,2026-02-14 23:17:44.940000+00:00,124329.15052586509,426611.39042528224,8.080148805765168,0.0007692529616178945,0.0001472625881433487,0.0020331607111021555,0,-0.0003561727310294139,-0.0006975509834382202,0.0020331607111021555,16_P5_1
39894,4,2026-02-14 23:17:45.140000+00:00,124378.97032386638,426782.74162296776,7.759346601350464,-0.0014941068220650777,0.0004400603356771171,0.00427089637819833,11,-0.0015174313674838212,-0.0003512980782097213,0.00427089637819833,TS3
39895,68,2026-02-14 23:21:20.050000+00:00,123928.08243304206,426940.428691848,7.113123389074828,-0.02651731979858596,-0.019043157226406038,-0.00568989196539782,0,0.001173842478240583,-0.032625636856410595,-0.00568989196539782,905_GSL_1
39896,67,2026-02-14 23:21:21.150000+00:00,123855.61503839966,426533.0745589749,6.052889747182092,-0.0029560744878835976,-0.016543729812838137,0.008481598844515936,0,-0.000402885470108013,-0.016800924254221302,0.008481598844515936,904_GSL_1
39897,68,2026-02-14 23:21:21.710000+00:00,123928.08664066797,426940.43242370646,7.135651190590932,-0.022309693886199966,-0.015311298775486648,0.016837909550705632,0,0.01600318772734607,-0.021818714307939573,0.016837909550705632,905_GSL_1
39898,71,2026-02-14 23:21:23.810000+00:00,124806.2237424707,426258.5102755851,4.599046093890099,-0.004019464788143523,-0.004830546968150884,0.007542430740831385,0,0.0020268701096349527,0.005948283681307218,0.007542430740831385,903_GSL_1
39899,66,2026-02-14 23:21:25.560000+00:00,124898.93912369348,426720.76818285947,4.132648043146212,0.0015180297923507169,-0.00602229533251375,0.05036151274244727,0,0.00372410127472216,0.00497026409943114,0.05036151274244727,901_GSL_1
39900,68,2026-02-14 23:21:37.240000+00:00,123928.08670023973,426940.4297670197,7.128573725184017,-0.02225012212875299,-0.01796798553550616,0.00976044414379107,0,-0.001533776109735052,-0.028558080639177908,0.00976044414379107,905_GSL_1
39901,69,2026-02-14 23:21:38.330000+00:00,124266.91967994184,427056.3156135795,7.107431134037046,-0.022917254813364707,0.000775195483583957,0.016929763109613916,0,0.009401960133545837,-0.020914221043722175,0.016929763109613916,906_GSL_1
39902,67,2026-02-14 23:21:40.070000+00:00,123855.61445768001,426533.07629760675,6.033436403065341,-0.0035367941309232265,-0.014805097947828472,-0.010971745272234656,0,0.011529598825404283,-0.00993821859764435,-0.010971745272234656,904_GSL_1
39903,71,2026-02-14 23:21:42.280000+00:00,124806.2220239055,426258.5066293616,4.6268678871197935,-0.005738029984058812,-0.008476770482957363,0.035364223970526076,0,0.0044700347762502805,0.009208659784018969,0.035364223970526076,903_GSL_1
39904,69,2026-02-14 23:21:54.050000+00:00,124266.91931447305,427056.3140488034,7.087853376873242,-0.02328272360318806,-0.0007895806338638067,-0.0026479940541905833,0,-7.580554177946379e-05,-0.023295984836011092,-0.0026479940541905833,906_GSL_1
39905,66,2026-02-14 23:21:55.720000+00:00,124898.93991573065,426720.77296689234,4.087395119410006,0.0023100669641280547,-0.001238262455444783,0.005108589006241893,0,0.002440367990606194,0.0009561942050361091,0.005108589006241893,901_GSL_1
39906,68,2026-02-14 23:21:56.860000+00:00,123928.08782014425,426940.4335023851,7.145028004267151,-0.021130217603058554,-0.014232620131224394,0.026214723226924974,0,0.02065462893503999,-0.014914418369757102,0.026214723226924974,905_GSL_1
39907,67,2026-02-14 23:21:58.840000+00:00,123855.61429682623,426533.07242975425,6.06742274773674,-0.0036976479168515652,-0.01867295044939965,0.02301459939916395,0,0.013543737431580738,-0.013376055284990793,0.02301459939916395,904_GSL_1
39908,66,2026-02-14 23:21:59.090000+00:00,124898.9392975781,426720.77163092094,4.076066934502203,0.0016919144109124318,-0.002574233862105757,-0.006219595901561625,0,0.0004128633923104052,0.0030526706618885418,-0.006219595901561625,901_GSL_1
39909,66,2026-02-14 23:22:10.830000+00:00,124898.94136988524,426720.7684057431,4.084510403380928,0.003764221561141312,-0.005799411679618061,0.0022238729771633103,0,0.0010598445442050427,0.006832222869108583,0.0022238729771633103,901_GSL_1
39910,69,2026-02-14 23:22:12.810000+00:00,124266.91967352216,427056.3151673724,7.118819142156133,-0.022923674492631108,0.0003289883607067168,0.028317771228700828,0,0.016494055667197895,-0.01592322873141511,0.028317771228700828,906_GSL_1
39911,71,2026-02-14 23:22:16.120000+00:00,124806.21759723993,426258.5031035195,4.61677079642646,-0.010164695559069514,-0.012002612580545247,0.025267133277192322,0,-0.005355157587190813,0.014788712986043891,0.025267133277192322,903_GSL_1
39912,149,2026-02-14 23:22:33.440000+00:00,124351.04028684842,426607.39690414106,8.015339949928947,-0.001024843644700013,0.00017167557962238789,0.0031141059611492494,0,-8.335522652788367e-06,0.0010390897554026768,0.0031141059611492494,14_P5_1
39913,147,2026-02-14 23:22:48.810000+00:00,124350.92621225986,426607.51038868155,11.37540011942015,-0.0002950857306132093,0.0003959414316341281,0.0011804777477060213,0,-0.0003443354745226302,0.00035394672859243877,0.0011804777477060213,13_P5_1
39914,164,2026-02-14 23:22:49.450000+00:00,124091.06389865471,427154.2065483092,9.838415055204301,-0.031429796654265374,0.011817367747426033,0.02378152357490393,0,0.019717344356142193,-0.027179194795793414,0.02378152357490393,907_GSL_1
39915,110,2026-02-14 23:22:58.280000+00:00,124434.13999348262,426963.9326568886,8.791656331388829,-9.235985635314137e-05,0.0005703151691704988,0.04059597113104019,0,0.0005386376685136779,-0.00020894783394353927,0.04059597113104019,35_P9_0
39916,126,2026-02-14 23:23:04.740000+00:00,124339.6568403158,426609.58874292223,6.671543629286828,1.9711660570465028e-05,0.0002527611795812845,0.0008864401513699605,0,-0.00025085230741678184,3.674075842227525e-05,0.0008864401513699605,17_P5_1
39917,122,2026-02-14 23:23:05.660000+00:00,124329.1506497467,426611.39028448705,8.086584975627272,0.0010988436551997438,-0.0017544217989780009,0.0029211371848738565,0,-0.0014183313409254403,0.0015079089609955174,0.0029211371848738565,16_P5_1
39918,107,2026-02-14 23:23:12.180000+00:00,124409.92265206111,426969.5251480764,6.296836031732816,0.0018345538119319826,0.0007370233070105314,0.007755708302783049,0,0.0011521079141825858,0.0016066855317792461,0.007755708302783049,38_P9_0
39919,111,2026-02-14 23:23:14.480000+00:00,124434.26172400589,426963.97606138076,6.508952726595198,3.324657154735178e-05,-0.002002398599870503,0.04766021698042966,0,-0.0019506267405218333,0.0004536086489962161,0.04766021698042966,36_P9_0
39920,121,2026-02-14 23:23:19.840000+00:00,124329.25967845834,426611.3278242284,11.355725387485515,0.00013568863505497575,0.00010773580288514495,0.0014258654113934455,0,-0.00014126539652326093,-0.00010031199654834444,0.0014258654113934455,15_P5_1
39921,120,2026-02-14 23:23:20.720000+00:00,124329.26152564006,426611.3293914901,11.359677816253347,0.0012738048972096294,-0.001783600018825382,0.0016466496064744263,0,-0.0014009728559897388,0.0016855512451685035,0.0016466496064744263,15_P5_1
39922,106,2026-02-14 23:23:26.960000+00:00,124410.03421071623,426969.45055280987,8.931349924336587,0.0020068980084033683,0.0009914689580909908,0.007462699998056266,0,0.0014449530987909363,0.0017096083917920828,0.007462699998056266,37_P9_0
39923,123,2026-02-14 23:23:34.750000+00:00,124329.15049342746,426611.39048817265,8.080886840300991,0.0007368153310380876,0.00021015299716964364,0.002771195246925373,0,-0.00040750622352839986,-0.000648844967660051,0.002771195246925373,16_P5_1
39924,124,2026-02-14 23:23:36.120000+00:00,124339.65897543717,426609.5888807704,6.676582879469019,0.001209713940625079,-0.0013611336471512914,0.0021526836358258805,0,-0.0009146620702797163,0.0015746383460152546,0.0021526836358258805,17_P5_1
39925,102,2026-02-14 23:23:38.110000+00:00,124282.39271786195,426301.7929229121,6.900418965583238,-0.0005710838740924373,-0.0006349525065161288,-0.0028790181834974504,0,0.0007483216290793727,0.0004114805174385964,-0.0028790181834974504,02_P1_0
39926,160,2026-02-14 23:23:42.860000+00:00,124421.81263428328,426965.6179155316,5.603014524615742,0.0014281226467574015,-0.0007225070148706436,0.010833294728403331,0,6.941698825957875e-05,0.0015989784121305777,0.010833294728403331,38a_P9_0
39927,118,2026-02-14 23:23:50.540000+00:00,124372.2606298433,426775.11257281335,6.169784228188302,0.0006024813046678901,-9.16854478418827e-05,0.004252159197940308,0,-0.0003290578482652814,-0.0005129433461068703,0.004252159197940308,22_P6_1
39928,170,2026-02-14 23:23:51.840000+00:00,124669.37509463307,426931.3092003876,13.801878044577265,-0.01295218340237625,0.010703415900934488,0.015687913905876982,0,0.0003699381979133275,-0.016798372318974616,0.015687913905876982,908_GSL_1
39929,103,2026-02-14 23:23:53.420000+00:00,124282.3110174151,426301.7970426852,9.294445045895483,-0.0007009920664131641,-0.00040146801620721817,-0.0035064398956308196,0,0.0005508885567512439,0.0005908369007197237,-0.0035064398956308196,01_P1_0
39930,162,2026-02-14 23:23:59.920000+00:00,124402.99671070867,426879.64687194594,6.555029027787402,0.00128258035692852,-0.000861641950905323,0.010355984496834836,0,0.0009696601240910341,-0.0012029956223056594,0.010355984496834836,34a_P7_0
39931,74,2026-02-14 23:24:06.860000+00:00,124369.34597744377,426785.72524471494,7.233842204450466,-0.0003357655368745327,-0.0012215817696414888,0.0037883696933942446,0,-4.1225017287374954e-05,-0.0012662152319502123,0.0037883696933942446,21_P6_1
39932,100,2026-02-14 23:24:08.800000+00:00,124292.48359532242,426345.92949700763,7.58294967372152,-0.00012795088696293533,-0.0007379720918834209,-0.00554989524757854,0,0.0007476168584291831,-4.520255375388589e-05,-0.00554989524757854,06_P2_0
39933,92,2026-02-14 23:24:09.230000+00:00,124278.3160956329,426395.636914335,11.102735240523094,0.0021198303147684783,-0.0013762901653535664,0.0009462572958742754,0,0.001052781290355523,-0.0022977177235982958,0.0009462572958742754,11_P3_0
39934,104,2026-02-14 23:24:15.420000+00:00,124389.81719073668,426881.44579178636,10.733128870329097,9.452640370000154e-05,0.0014522182173095644,0.007217002268889772,0,-0.0014403730712690985,0.0002078422653000317,0.007217002268889772,33_P7_0
39935,73,2026-02-14 23:24:23.440000+00:00,124369.4895042681,426785.69603897934,11.410135698539289,0.00016470366972498596,-0.0004276748513802886,0.004081082476213638,0,-0.0002845125681855841,-0.0003592849507959839,0.004081082476213638,20_P6_1
39936,101,2026-02-14 23:24:23.870000+00:00,124292.40447657964,426345.8828012718,10.211455978242492,-0.0008422911923844367,-0.000592254102230072,-0.004162519357791439,0,0.0007705526076151529,0.0006829846654751721,-0.004162519357791439,05_P2_0
39937,93,2026-02-14 23:24:24.030000+00:00,124278.27020383057,426395.7895576292,7.94963354349078,0.0020802508952328935,-0.0017924733110703528,0.0009080232112621545,0,0.0014671703853984172,-0.002321166822575798,0.0009080232112621545,12_P3_0
39938,105,2026-02-14 23:24:30.090000+00:00,124389.68808934848,426881.4733101371,7.070005393568666,-0.0005960888811387122,0.001356922963168472,0.007709496845875741,0,-0.0012017661120336573,0.0008673638764432235,0.007709496845875741,34_P7_0
39939,98,2026-02-14 23:24:38.710000+00:00,124302.66052949033,426390.07723494386,7.975389549552805,-0.00031614322506356984,-0.000677064701449126,-0.003661245578065575,0,0.0007323408891040826,0.00014845865029775398,-0.003661245578065575,10_P3_0
39940,165,2026-02-14 23:24:39.310000+00:00,124091.06175479152,427154.20565312885,9.854793992581024,-0.022025835642125458,0.009501335211098194,0.004058498855004089,0,0.02100256769823262,-0.011589001536315983,0.004058498855004089,907_GSL_1
39941,94,2026-02-14 23:24:39.520000+00:00,124268.2258127368,426351.5545455232,10.215888827180763,0.0015902377053862438,-0.001427497307304293,0.0013948878898020212,0,0.0011134526525926986,-0.001823959350541397,0.0013948878898020212,07_P2_0
39942,99,2026-02-14 23:24:54.020000+00:00,124302.53762196572,426390.1346203507,11.083721341688207,-0.0004583254485623911,-0.0001959412475116551,-0.004033861061159882,0,0.00029902396646883794,0.00039879801498200057,-0.004033861061159882,09_P3_0
39943,95,2026-02-14 23:24:54.640000+00:00,124268.11106202092,426351.5472708677,7.194950584054527,0.001514118688646704,-0.0019201423274353147,0.0012797258094066066,0,0.0016095717051619908,-0.0018408641684980029,0.0012797258094066066,08_P2_0
39944,152,2026-02-14 23:24:55.740000+00:00,124370.27567170272,426819.49944658106,9.732468912908333,-9.995914297178388e-05,0.0002765431418083608,0.0035479616804536818,0,0.0002921257381285191,-3.362279982036856e-05,0.0035479616804536818,29_KW_1
39945,113,2026-02-14 23:25:06.760000+00:00,124414.07893766319,426875.9150078472,7.344276452333695,0.0017030490125762299,-0.00022429099772125483,0.04092650720841817,0,-0.0001855158419511119,-0.001707707897528391,0.04092650720841817,32_P7_0
39946,96,2026-02-14 23:25:10.240000+00:00,124258.06336212452,426307.35063584027,9.307652311274927,0.002383928091148846,-0.001773736672475934,0.0031067030990357125,0,0.0012724634968766992,-0.0026851613687394844,0.0031067030990357125,03_P1_0
39947,117,2026-02-14 23:25:11.340000+00:00,124377.68027118246,426815.90583973785,7.621479190678783,0.0002540383720770478,0.00013369933003559709,0.004044150506323341,0,0.00012372584035043842,0.0002590423165606383,0.004044150506323341,26_KW_0
39948,166,2026-02-14 23:25:12.290000+00:00,124091.05812753098,427154.20609407726,9.822219711104239,-0.014153304713545367,0.017066097701899707,-0.007633907958565445,0,0.020520415144417756,-0.008395253860724068,-0.007633907958565445,907_GSL_1
39949,112,2026-02-14 23:25:22.090000+00:00,124413.95251033691,426875.8674553046,10.709483900678991,0.0017757120949681848,0.00018923915922641754,0.040218293758327306,0,-0.0006086918433468852,-0.0016788267163242287,0.040218293758327306,31_P7_0
39950,97,2026-02-14 23:25:25.140000+00:00,124257.98924166635,426307.38997170294,6.841185525202413,0.0013714574743062258,-0.0018810016917996109,0.0041233346063132,0,0.0015749887471308414,-0.0017141976008601323,0.0041233346063132,04_P1_0
39951,116,2026-02-14 23:25:26.450000+00:00,124377.68749278363,426815.90029750107,10.009451977518406,0.00013289206253830343,0.00023593747755512595,0.00439222224128244,0,0.0002306252125191081,0.0001419112573098982,0.00439222224128244,25_KW_0
39952,125,2026-02-14 23:25:28.590000+00:00,124339.65750560256,426609.5902240359,6.670413793096051,-0.0003599610645323992,-0.0010098105412907898,-0.003102145033063053,0,-0.0010513557683118461,-0.0002096195260912108,-0.003102145033063053,17_P5_1
39953,161,2026-02-14 23:25:37.780000+00:00,124402.9917236829,426879.6448451985,6.588995902636288,0.0003199363127350807,-0.0026616884861141443,0.04737158181256618,0,0.002180980870003824,-0.0015589314564779578,0.04737158181256618,34a_P7_0
39954,115,2026-02-14 23:25:43.040000+00:00,124396.28962542288,426811.63435989013,7.651394967714481,-0.00046533692511729896,0.0004455536836758256,0.005122674941434369,0,0.00014289011088660384,-0.0006282029569538291,0.005122674941434369,24_KW_0
39955,146,2026-02-14 23:25:44.730000+00:00,124350.92416325641,426607.5116599529,11.374126514432252,-0.0021033185330452397,-0.0002054438809864223,-0.00519499879183094,0,-0.0006450400736155816,-0.0020124808926090076,-0.00519499879183094,13_P5_1
39956,114,2026-02-14 23:25:58.350000+00:00,124396.2989811646,426811.63006815675,9.994829094748773,-3.948042285628617e-05,0.0005294009461067617,0.004145017098590387,0,0.00043367433140024947,-0.0003061872626550492,0.004145017098590387,23_KW_0
39957,148,2026-02-14 23:25:59.800000+00:00,124351.0397533655,426607.3978703828,8.011310393261715,-0.0013650491600856185,-0.0005855119088664651,-0.004146021950667489,0,-0.0008615755556504887,-0.001209905354472182,-0.004146021950667489,14_P5_1
39958,153,2026-02-14 23:26:10.220000+00:00,124370.27644497562,426819.49837752094,9.736680988970342,0.0026061707467306405,-0.0007455762824974954,0.010600511857353112,0,3.4240636367065845e-05,-0.002710505032822944,0.010600511857353112,29_KW_1
39959,150,2026-02-14 23:26:13.740000+00:00,124401.1025017188,426812.322144607,9.185650494896876,-0.0006789111357647926,0.0007130180019885302,0.0036364716530670194,0,0.0001641556926311896,-0.0009707563597535329,0.0036364716530670194,27_KW_1
39960,168,2026-02-14 23:26:16.600000+00:00,124669.37089369744,426931.31249572366,13.790007790066063,-0.005838273908011615,0.0047551512834616005,-0.011332229869164934,0,0.00043448810173312693,-0.007517188706094058,-0.011332229869164934,908_GSL_1
39961,119,2026-02-14 23:26:29.040000+00:00,124400.81377980736,426811.3435501973,3.9880534379387105,-0.00037157972110435367,0.00042131601367145777,0.004519308852527715,0,0.00010929606997769658,-0.0005510290750944342,0.004519308852527715,28_KW_1
39962,169,2026-02-14 23:26:45.110000+00:00,124669.37580700123,426931.30932848767,13.811953990802353,-0.0032704470941098407,0.007168934738729149,0.0001987779294605474,0,0.00035332394347951257,-0.007871760392345105,0.0001987779294605474,908_GSL_1
39963,72,2026-02-14 23:27:27.340000+00:00,124390.52346348055,426780.88778312755,10.990908612970987,-0.0004962223028996959,0.0008521958370693028,0.003823291404229323,0,-0.0006249964414692854,-0.0007627933971686286,0.003823291404229323,18_P6_1
39964,138,2026-02-14 23:30:19.800000+00:00,123928.08773424762,426940.43298580375,7.112503003111755,0.0011153689411003143,0.0012646517134271562,-0.005433060486172536,0,0.0003171939709269703,0.0016561339969498419,-0.005433060486172536,905_GSL_1
39965,139,2026-02-14 23:30:21.160000+00:00,123928.08636226028,426940.4320766726,7.134297495567767,-0.0005076634115539491,0.0009726600255817175,-0.0023043351714884253,0,0.0008003041988987056,0.0007505350451646629,-0.0023043351714884253,905_GSL_1
39966,134,2026-02-14 23:30:21.540000+00:00,123855.61467394004,426533.07301355986,6.052645461507106,0.00021179862960707396,-0.0012845020974054933,0.00680254260932589,0,-0.0004636836987475889,-0.0012164710129132963,0.00680254260932589,904_GSL_1
39967,130,2026-02-14 23:30:21.780000+00:00,124898.93957425944,426720.7692976906,4.131048042668554,0.0012012621737085283,-0.0003790081827901304,0.04098531019835949,0,0.0012544794870984434,-0.00011383860968073079,0.04098531019835949,901_GSL_1
39968,133,2026-02-14 23:30:23.340000+00:00,124806.22032335114,426258.5081543309,4.594674688491888,-0.0015727423888165504,-0.0033294824534095824,0.006517584307322188,0,0.002021426046686883,0.0030777928401564845,0.006517584307322188,903_GSL_1
39969,125,2026-02-14 23:30:37.200000+00:00,124339.65870132737,426609.5898965604,6.670183445582467,0.0008357637416338548,-0.0013372860266827047,-0.0033324925466473587,0,-0.0012018558913282809,0.0010209688366792297,-0.0033324925466473587,17_P5_1
39970,143,2026-02-14 23:30:37.740000+00:00,124266.91901886596,427056.315290385,7.108104254017074,-0.0005485621368279681,0.0010635089711286128,0.0025625157942963384,0,0.0011920751183444526,-0.00010454024036879725,0.0025625157942963384,906_GSL_1
39971,137,2026-02-14 23:30:37.830000+00:00,123928.0885480307,426940.43128981494,7.130242895501708,-0.0008512311760568991,-0.002538756118156016,0.007379204536178463,0,-0.0015592425742229812,-0.0021768416886159417,0.007379204536178463,905_GSL_1
39972,153,2026-02-14 23:30:39.860000+00:00,124370.27663907334,426819.4982749515,9.736871718006642,0.0028002684703096747,-0.0008481457480229437,0.010791240893652798,0,8.217797880016034e-05,-0.0029247395602857024,0.010791240893652798,29_KW_1
39973,132,2026-02-14 23:30:40.580000+00:00,124806.2223111001,426258.5066312679,4.625399364323828,0.008176812320016325,0.0014895174535922706,0.042767190113506715,0,0.002800015275701649,-0.007825524673602669,0.042767190113506715,903_GSL_1
39974,146,2026-02-14 23:30:52.630000+00:00,124350.92529491034,426607.5113628055,11.374182717157883,-0.0009716646018205211,-0.0005025913123972714,-0.0051387960662001575,0,-0.0006964738580229311,-0.0008435960471806975,-0.0051387960662001575,13_P5_1
39975,152,2026-02-14 23:30:53.240000+00:00,124370.27560495991,426819.4993833042,9.73239522215975,-0.00016670195327606052,0.00021326629212126136,0.0034742709318713594,0,0.0002459101862937154,-0.00011313811408272303,0.0034742709318713594,29_KW_1
39976,141,2026-02-14 23:30:54.700000+00:00,124266.91679264129,427056.314173632,7.089481872039827,-0.0018361101538175717,-0.00034467101795598865,0.005347171776729276,0,-0.0002881766547538026,-0.0018458203659147635,0.005347171776729276,906_GSL_1
39977,136,2026-02-14 23:30:56+00:00,123855.61262414708,426533.078746235,6.034638152176751,-0.0031459647143492475,0.004637708887457848,0.012345609740012975,0,-0.00016177140135107117,0.005601720068196996,0.012345609740012975,904_GSL_1
39978,135,2026-02-14 23:30:57.310000+00:00,123855.61552014657,426533.0704745679,6.063746540813881,0.0018698683416005224,-0.00616035342682153,0.04254809369552337,0,0.0019114641934795742,-0.006147574041466855,0.04254809369552337,904_GSL_1
39979,5,2026-02-14 23:30:57.510000+00:00,124424.61716471949,426919.1440939765,8.782911695576178,-3.805803135037422e-05,-0.002253792597912252,0.01508587356986446,11,-0.0022405566990832616,-0.0002468504939177594,0.01508587356986446,TS4
39980,148,2026-02-14 23:31:08.100000+00:00,124351.03988106843,426607.39779326576,8.011010966923203,-0.0012373462377581745,-0.0006626289687119424,-0.0044454482891786995,0,-0.000909868786959004,-0.0010687570597606884,-0.0044454482891786995,14_P5_1
39981,150,2026-02-14 23:31:09.240000+00:00,124401.10232446993,426812.32215337444,9.185627029621964,-0.0008561599970562384,0.0007217854144982994,0.0036130063781545374,0,6.498516919157368e-05,-0.0011179271232629445,0.0036130063781545374,27_KW_1
39982,122,2026-02-14 23:31:10.330000+00:00,124329.15042609973,426611.39049813146,8.086646577007869,0.0008751966815907508,-0.0015407773898914456,0.0029827385654712657,0,-0.0012684006125072919,0.0012373859878224275,0.0029827385654712657,16_P5_1
39983,140,2026-02-14 23:31:12.590000+00:00,123928.08796680805,426940.43487397453,7.144399982031779,0.0004430755798239261,0.00043529761023819447,0.008826275829435737,0,-0.0004286514429035317,0.0004495085309670014,0.008826275829435737,905_GSL_1
39984,120,2026-02-14 23:31:25.650000+00:00,124329.26179950536,426611.32925694925,11.360194542417503,0.0015476701955776662,-0.001918140857014805,0.0021633757706300827,0,-0.0014614355185743882,0.001984629337351968,0.0021633757706300827,15_P5_1
39985,128,2026-02-14 23:31:26.130000+00:00,124898.9381633081,426720.77408578,4.07352761429549,-0.002138091396773234,0.004821745213121176,-0.0078643167081891,0,0.0001563189352038873,-0.005272212639083273,-0.0078643167081891,901_GSL_1
39986,129,2026-02-14 23:31:27.140000+00:00,124898.93995231588,426720.7732595172,4.087637544625482,0.0002806170959956944,0.000756847090087831,-0.004047200620131974,0,0.00018907977241697636,-0.0007847370973786181,-0.004047200620131974,901_GSL_1
39987,145,2026-02-14 23:31:29.300000+00:00,124266.92053505611,427056.3160381421,7.119135637291392,0.0022113032755441964,0.0012915344559587538,0.011168700999745873,0,-0.0006586652795770756,0.002474688561585239,0.011168700999745873,906_GSL_1
39988,6,2026-02-14 23:31:29.500000+00:00,124399.03937665986,426925.07527344755,8.555190254464883,0.0002059154794551432,-0.000175767345353961,0.007883558643325017,11,-0.00022322884516838475,-0.00015318037425469824,0.007883558643325017,TS5
39989,124,2026-02-14 23:31:40.970000+00:00,124339.65860844537,426609.58900403813,6.676915028814172,0.0008427221473539248,-0.0012378658866509795,0.0024848329809783465,0,-0.0009123185029662986,0.0011875047453043536,0.0024848329809783465,17_P5_1
39990,154,2026-02-14 23:31:41.170000+00:00,124285.665329505,426445.5615891646,7.893764542995381,0.0007045050006126985,-0.0022358354181051254,-0.007835457004618185,11,-0.0023419028683523135,-0.00010381843740311153,-0.007835457004618185,TS1-1
39991,131,2026-02-14 23:31:42.650000+00:00,124806.21701100988,426258.5018387927,4.614678781656387,-0.0015334862691815943,-0.004445271799340844,0.00317430888382475,0,0.00010855786126790653,0.004701088884348009,0.00317430888382475,903_GSL_1
39992,3,2026-02-14 23:31:42.850000+00:00,124314.90235287488,426440.7930504052,7.047297240282714,-0.004886477050604299,-0.0030268783448264003,-0.03113185520837014,11,-0.005717887799585006,0.0005877155705087527,-0.03113185520837014,TS2
39993,149,2026-02-14 23:31:43.450000+00:00,124351.03996510679,426607.3970067789,8.015856778751417,-0.0013465852825902402,0.00027431343914940953,0.0036309347836187555,0,-5.908729608971131e-05,0.0013729706761717168,0.0036309347836187555,14_P5_1
39994,147,2026-02-14 23:31:58.240000+00:00,124350.92617934212,426607.5105638016,11.376267755968392,-0.0003280034725321457,0.0005710615077987313,0.0020481142959489773,0,-0.0005120533476050126,0.0004141242481297209,0.0020481142959489773,13_P5_1
39995,126,2026-02-14 23:32:13.650000+00:00,124339.65654227522,426609.58886241226,6.671456104910747,-0.00027832892374135554,0.0003722512046806514,0.0007989157752890108,0,-0.00030138835694381997,0.00035384037004830603,0.0007989157752890108,17_P5_1
39996,121,2026-02-14 23:32:28.630000+00:00,124329.25985867054,426611.327851233,11.357020888804456,0.00031590083381161094,0.00013474043225869536,0.002721366730334296,0,-0.000217395246063909,-0.0002658714499094319,0.002721366730334296,15_P5_1
39997,123,2026-02-14 23:32:43.850000+00:00,124329.15120684543,426611.39017577,8.08043963216556,0.0014502333069685847,-0.00010224967263638973,0.0023239871114935085,0,-0.00030670311635802274,-0.0014211139428672013,0.0023239871114935085,16_P5_1
39998,4,2026-02-14 23:32:44.050000+00:00,124378.97031254171,426782.7416515852,7.759440472206831,-0.0015054314862936735,0.0004686777829192579,0.004364767234564582,11,-0.0015304218533674261,-0.0003791988592571221,0.004364767234564582,TS3
39999,67,2026-02-14 23:36:21.030000+00:00,123855.61466511655,426533.0729774027,6.052363573534754,-0.003329357597976923,-0.018125301983673126,0.007955425197177846,0,-0.0003525404132661805,-0.0184251705357526,0.007955425197177846,904_GSL_1
40000,68,2026-02-14 23:36:21.290000+00:00,123928.08036344651,426940.4274690171,7.112658549079619,-0.028586915344931185,-0.02026598813245073,-0.006154731960607229,0,0.0014737642511430523,-0.03501071297267379,-0.006154731960607229,905_GSL_1
40001,66,2026-02-14 23:36:21.710000+00:00,124898.93884804285,426720.76771449915,4.1316994894405505,0.0012423791631590575,-0.006490655650850385,0.04941295903678622,0,0.0036505037681017,0.00550871482308198,0.04941295903678622,901_GSL_1
40002,68,2026-02-14 23:36:22.220000+00:00,123928.08652623909,426940.43254528916,7.134235440093206,-0.022424122769734822,-0.01518971606856212,0.015422159052979723,0,0.016151342854248497,-0.021741731307331296,0.015422159052979723,905_GSL_1
40003,71,2026-02-14 23:36:24.090000+00:00,124806.22254463496,426258.5094348171,4.594363455242069,-0.005217300524236634,-0.005671314953360707,0.0028597920928019605,0,0.002119914553249671,0.007408778600237211,0.0028597920928019605,903_GSL_1
40004,68,2026-02-14 23:36:37.430000+00:00,123928.08672789745,426940.4302321757,7.132723157988684,-0.022222464409423992,-0.01750282954890281,0.0139098769484578,0,-0.0011729357090641856,-0.028263248016964775,0.0139098769484578,905_GSL_1
40005,71,2026-02-14 23:36:38.890000+00:00,124806.21811240255,426258.50431302673,4.626312780825878,-0.009649532934417948,-0.010793105349875987,0.03480911767661077,0,0.004519272650066188,0.013754300551474875,0.03480911767661077,903_GSL_1
40006,69,2026-02-14 23:36:39.340000+00:00,124266.91887393236,427056.315227786,7.106742928024567,-0.023723264297586866,0.00038940197555348277,0.016241557097134596,0,0.009350381220451592,-0.02180631270673588,0.016241557097134596,906_GSL_1
40007,67,2026-02-14 23:36:41.380000+00:00,123855.61248971708,426533.07835899113,6.035719045624679,-0.005504757064045407,-0.01274371356703341,-0.008689102712896357,0,0.011919727339725116,-0.0071151026668178725,-0.008689102712896357,904_GSL_1
40008,69,2026-02-14 23:36:54.130000+00:00,124266.91995829025,427056.3142141916,7.0887176876313145,-0.02263890640460886,-0.0006241924711503088,-0.0017836832961179994,0,6.977381774567769e-05,-0.022647402302516686,-0.0017836832961179994,906_GSL_1
40009,67,2026-02-14 23:36:56.280000+00:00,123855.61504374589,426533.0705036147,6.065963689857737,-0.002950728259747848,-0.02059908997034654,0.02155554152016137,0,0.014007081964652186,-0.015389313165467178,0.02155554152016137,904_GSL_1
40010,66,2026-02-14 23:36:56.910000+00:00,124898.93988445066,426720.7723744149,4.085833705400814,0.00227878698206041,-0.00183073990046978,0.003547174997049929,0,0.0024794200907119176,0.0015482101622693862,0.003547174997049929,901_GSL_1
40011,68,2026-02-14 23:36:58.180000+00:00,123928.08766625491,426940.4344331099,7.145056163024926,-0.021284106944222003,-0.013301895349286497,0.02624288198470026,0,0.020838797152354132,-0.013989215901525232,0.02624288198470026,905_GSL_1
40012,66,2026-02-14 23:36:59.470000+00:00,124898.94023719108,426720.7698741804,4.0734210473794805,0.002631527400808409,-0.004330974421463907,-0.008865483024283805,0,0.0005007373650926182,0.005042969164270211,-0.008865483024283805,901_GSL_1
40013,66,2026-02-14 23:37:10.670000+00:00,124898.94073716243,426720.7699347567,4.084757250543333,0.0031314987427322194,-0.004270398116204888,0.0024707201395690603,0,0.0011085993723061547,0.005178184225994874,0.0024707201395690603,901_GSL_1
40014,69,2026-02-14 23:37:14.950000+00:00,124266.92008570186,427056.315786804,7.119390636867454,-0.022511494797072373,0.0009484199690632522,0.028889265940021502,0,0.016638210109101832,-0.015193316385888765,0.028889265940021502,906_GSL_1
40015,71,2026-02-14 23:37:15.570000+00:00,124806.21819962037,426258.50450037187,4.6122038401003085,-0.009562315113726072,-0.010605760209728032,0.020700176951041094,0,-0.005276254411264613,0.013269557616893458,0.020700176951041094,903_GSL_1
40016,149,2026-02-14 23:37:33.740000+00:00,124351.04031691329,426607.3969496916,8.015142157276646,-0.0009947787766577676,0.00021722610108554363,0.0029163133088481175,0,-5.804807353467713e-05,0.0010165640238767376,0.0029163133088481175,14_P5_1
40017,147,2026-02-14 23:37:48.740000+00:00,124350.92567438073,426607.51062013867,11.375082191162036,-0.0008329648553626612,0.0006273985491134226,0.0008625494895930785,0,-0.0004878858908137631,0.000921643503337287,0.0008625494895930785,13_P5_1
40018,164,2026-02-14 23:37:49.050000+00:00,124091.06203586682,427154.2063130502,9.840026323750571,-0.033292584543232806,0.011582108738366514,0.025392792121174068,0,0.01998369111710408,-0.029037794643047968,0.025392792121174068,907_GSL_1
40019,110,2026-02-14 23:37:55.180000+00:00,124434.13960470437,426963.9327608297,8.79181293784477,-0.0004811381077161059,0.0006742562400177121,0.040752577586980365,0,0.0005594495310976287,-0.0006108449705564424,0.040752577586980365,35_P9_0
40020,126,2026-02-14 23:38:04.240000+00:00,124339.65686441626,426609.58878859726,6.671563687298527,4.3812120566144586e-05,0.0002984362072311342,0.0009064981630695357,0,-0.00030072976542417864,2.335122872410254e-05,0.0009064981630695357,17_P5_1
40021,122,2026-02-14 23:38:05.330000+00:00,124329.15059119805,426611.3904183361,8.086637699663418,0.00104029499925673,-0.0016205727588385344,0.002973861221020613,0,-0.0013037092526525897,0.0014173256283282697,0.002973861221020613,16_P5_1
40022,111,2026-02-14 23:38:10.180000+00:00,124434.26148344859,426963.97605202225,6.508331531702219,-0.00020731073163915426,-0.0020117571111768484,0.04703902208745081,0,-0.0020103641814650883,0.00022040932762835503,0.04703902208745081,36_P9_0
40023,107,2026-02-14 23:38:13.970000+00:00,124409.9222041422,426969.5251201606,6.296573218796695,0.001386634903610684,0.0007091074949130416,0.007492895366661756,0,0.001018489699532106,0.0011782480754069834,0.007492895366661756,38_P9_0
40024,121,2026-02-14 23:38:19.640000+00:00,124329.25986439826,426611.3277077461,11.355225588009993,0.0003216285549569875,-8.746457751840353e-06,0.0009260659358716339,0,-8.118165221006943e-05,-0.0003113373848919657,0.0009260659358716339,15_P5_1
40025,120,2026-02-14 23:38:20.640000+00:00,124329.26144028138,426611.3293222403,11.36003732018797,0.0011884462146554142,-0.001852849789429456,0.002006153541097788,0,-0.0014896542621652318,0.0016206131329007923,0.002006153541097788,15_P5_1
40026,106,2026-02-14 23:38:28.820000+00:00,124410.03400620146,426969.45036800095,8.931634696195854,0.0018023832381004468,0.0008066600421443582,0.007747471857323163,0,0.0012163945036082337,0.0015555289043182282,0.007747471857323163,37_P9_0
40027,123,2026-02-14 23:38:34.750000+00:00,124329.1504959385,426611.3904349725,8.080674397216576,0.0007393263804260641,0.00015695282490924,0.002558752162510558,0,-0.00035712252407082035,-0.0006661089917139553,0.002558752162510558,16_P5_1
40028,124,2026-02-14 23:38:36.420000+00:00,124339.6589840388,426609.58878016437,6.676631033231777,0.0012183155777165666,-0.0014617396518588066,0.002200837398583566,0,-0.0010075338342491844,0.0016142649192639644,0.002200837398583566,17_P5_1
40029,102,2026-02-14 23:38:37.030000+00:00,124282.3921933564,426301.7929435207,6.899788256590307,-0.0010955894249491394,-0.0006143439095467329,-0.003509727176428612,0,0.0008477001888832162,0.0009268975223965752,-0.003509727176428612,02_P1_0
40030,160,2026-02-14 23:38:44.750000+00:00,124421.81258468809,426965.6178147834,5.602876521297319,0.0013785274495603517,-0.0008232552208937705,0.010695291409980712,0,-4.270778695572827e-05,0.0016050741829752176,0.010695291409980712,38a_P9_0
40031,118,2026-02-14 23:38:50.760000+00:00,124372.26057869376,426775.1125474304,6.169798513698695,0.0005513317737495527,-0.00011706841178238392,0.004266444708333594,0,-0.000276217132257275,-0.000491300146174052,0.004266444708333594,22_P6_1
40032,103,2026-02-14 23:38:52.430000+00:00,124282.31095235719,426301.7969485485,9.294033939576046,-0.0007660499686608091,-0.0004956047050654888,-0.003917546215067347,0,0.0006573909360496099,0.0006326877076157671,-0.003917546215067347,01_P1_0
40033,170,2026-02-14 23:38:53.630000+00:00,124669.37523887832,426931.3090293676,13.799098642575991,-0.012807938153855503,0.010532395855989307,0.012908511904603515,0,0.00032515454357542287,-0.01657917117177576,0.012908511904603515,908_GSL_1
40034,162,2026-02-14 23:39:01.600000+00:00,124402.99644393954,426879.6467764711,6.555047850860966,0.0010158112272620201,-0.0009571167756803334,0.010374807570398659,0,0.001041636258665278,-0.0009289450340865658,0.010374807570398659,34a_P7_0
40035,74,2026-02-14 23:39:07.130000+00:00,124369.34607732239,426785.7252299148,7.233848981539034,-0.00023588690964970738,-0.0012363818823359907,0.003795146781961911,0,-0.00014100436941655732,-0.0012507599933313407,0.003795146781961911,21_P6_1
40036,100,2026-02-14 23:39:07.690000+00:00,124292.48373765142,426345.92936037725,7.582907632581651,1.4378107152879238e-05,-0.0008746024686843157,-0.0055919363874474826,0,0.0008478509613578155,-0.0002151393862560432,-0.0055919363874474826,06_P2_0
40037,92,2026-02-14 23:39:10.740000+00:00,124278.31607421767,426395.6368951449,11.102976138506923,0.002098415090586059,-0.001395480299834162,0.001187155279703589,0,0.0010748912863873961,-0.0022793244354573543,0.001187155279703589,11_P3_0
40038,104,2026-02-14 23:39:17.200000+00:00,124389.81718109593,426881.44561217446,10.73288641442276,8.48856579978019e-05,0.0012726063141599298,0.0069745463625530135,0,-0.0012626508483837137,0.00018012562518789278,0.0069745463625530135,33_P7_0
40039,101,2026-02-14 23:39:22.790000+00:00,124292.40469659926,426345.8827500545,10.211483971275976,-0.0006222715746844187,-0.0006434714305214584,-0.0041345263243073305,0,0.0007696437030475052,0.0004570841989359094,-0.0041345263243073305,05_P2_0
40040,73,2026-02-14 23:39:23.230000+00:00,124369.48961264119,426785.6960699051,11.410102295086752,0.000273076759185642,-0.00039674906292930245,0.004047679023676309,0,-0.0003787726063277376,-0.0002975097444426071,0.004047679023676309,20_P6_1
40041,93,2026-02-14 23:39:25.810000+00:00,124278.27016404357,426395.7894882668,7.949689030212879,0.002040463892626576,-0.0018618357134982944,0.0009635099333609176,0,0.0015416331588940923,-0.0022920061789988098,0.0009635099333609176,12_P3_0
40042,105,2026-02-14 23:39:31.770000+00:00,124389.68800719852,426881.47304869385,7.069981594216106,-0.000678238837281242,0.0010954797035083175,0.007685697493315935,0,-0.0009289125030501691,0.0008928635186143243,0.007685697493315935,34_P7_0
40043,98,2026-02-14 23:39:37.740000+00:00,124302.66044676953,426390.07740806206,7.975325656629227,-0.00039886402373667806,-0.0005039465031586587,-0.0037251385016432437,0,0.0005834640543893076,0.00026948893244963575,-0.0037251385016432437,10_P3_0
40044,165,2026-02-14 23:39:39.210000+00:00,124091.06212046134,427154.2059443396,9.853412818475679,-0.021660165817593224,0.009792545984964818,0.0026773247496585384,0,0.021008739388101348,-0.011121583045417747,0.0026773247496585384,907_GSL_1
40045,94,2026-02-14 23:39:41.470000+00:00,124268.22567455721,426351.5544426294,10.216167465013251,0.0014520581171382219,-0.001530391105916351,0.0016735257222908473,0,0.0012398286119901407,-0.0017068669325713331,0.0016735257222908473,07_P2_0
40046,99,2026-02-14 23:39:52.810000+00:00,124302.53760310996,426390.134571383,11.083696933769652,-0.0004771812091348693,-0.00024490896612405777,-0.004058268979715507,0,0.00035106609996461295,0.0004055057354649958,-0.004058268979715507,09_P3_0
40047,152,2026-02-14 23:39:55.730000+00:00,124370.27573172403,426819.4994580239,9.732520170937114,-3.993783320765942e-05,0.00028798601124435663,0.0035992197092351574,0,0.00028944615196278194,2.7420764170527548e-05,0.0035992197092351574,29_KW_1
40048,95,2026-02-14 23:39:56.640000+00:00,124268.1109096497,426351.5473211813,7.1952070061019535,0.0013617474614875391,-0.0018698287312872708,0.0015361478568332032,0,0.0015880852181957628,-0.0016818445150974086,0.0015361478568332032,08_P2_0
40049,113,2026-02-14 23:40:03.160000+00:00,124414.07882697265,426875.91484681366,7.344156120756255,0.0015923584724077955,-0.0003853245289064944,0.0408061756309781,0,-2.83639856485595e-06,-0.0016383139052297275,0.0408061756309781,32_P7_0
40050,166,2026-02-14 23:40:10.520000+00:00,124091.06225330228,427154.2077495225,9.823728141950525,-0.01002753341163043,0.018721542961429805,-0.006125477112279398,0,0.02086483462650757,-0.0039631140768992745,-0.006125477112279398,907_GSL_1
40051,117,2026-02-14 23:40:11.350000+00:00,124377.6802321979,426815.9058881815,7.621460247317777,0.00021505382028408349,0.00018214300507679582,0.004025207145317289,0,0.00017364794555066871,0.00022196984237327495,0.004025207145317289,26_KW_0
40052,96,2026-02-14 23:40:12.240000+00:00,124258.06319490509,426307.3505863712,9.307681994807385,0.0022167086572153494,-0.0018232057336717844,0.0031363866314944033,0,0.0013537280689463098,-0.0025308687705240746,0.0031363866314944033,03_P1_0
40053,112,2026-02-14 23:40:17.590000+00:00,124413.95235411302,426875.86734865844,10.709370859586272,0.0016194882045965642,8.25930037535727e-05,0.04010525266560805,0,-0.00046775005977564555,-0.0015526665870934174,0.04010525266560805,31_P7_0
40054,125,2026-02-14 23:40:26.340000+00:00,124339.65750027768,426609.5901229974,6.67007089170728,-0.00036528594500850886,-0.0011108490289188921,-0.0034450464218336307,0,-0.0011520975288119768,-0.0002002265486296504,-0.0034450464218336307,17_P5_1
40055,116,2026-02-14 23:40:26.540000+00:00,124377.68750735688,426815.90035102784,10.009410572268507,0.00014746531087439507,0.00028946425300091505,0.00435081699138351,0,0.0002835487727804779,0.00015854231337830496,0.00435081699138351,25_KW_0
40056,97,2026-02-14 23:40:27.570000+00:00,124257.9895141227,426307.3899376521,6.84144224782787,0.0016439138271380216,-0.0019150525331497192,0.004380057231769818,0,0.0015548636021785378,-0.0019880337156092487,0.004380057231769818,04_P1_0
40057,161,2026-02-14 23:40:33.030000+00:00,124402.99155265246,426879.6448934322,6.588918473742929,0.00014890586317051202,-0.0026134547661058605,0.04729415291920702,0,0.0022208194412729125,-0.0013857415992284646,0.04729415291920702,34a_P7_0
40058,115,2026-02-14 23:40:42.340000+00:00,124396.28966796675,426811.63410074805,7.65127023486979,-0.00042279306217096746,0.00018641160568222404,0.004997942096743202,0,-5.749991823530823e-05,-0.00045847248505865803,0.004997942096743202,24_KW_0
40059,146,2026-02-14 23:40:43.420000+00:00,124350.92434582024,426607.5115805701,11.37369441946364,-0.0019207547011319548,-0.0002848267322406173,-0.005627093760443458,0,-0.0006840738684122388,-0.001817269333883915,-0.005627093760443458,13_P5_1
40060,114,2026-02-14 23:40:57.910000+00:00,124396.29889360869,426811.62988188665,9.99489440704978,-0.00012703632819466293,0.0003431308432482183,0.004210329399596091,0,0.00022889991075388026,-0.000285450232310785,0.004210329399596091,23_KW_0
40061,148,2026-02-14 23:40:58.520000+00:00,124351.04028694665,426607.39775989536,8.010409313458664,-0.0008314680162584409,-0.0006959993625059724,-0.005047101753717698,0,-0.0008564404485494815,-0.0006650292721059953,-0.005047101753717698,14_P5_1
40062,153,2026-02-14 23:41:08.510000+00:00,124370.27617182577,426819.49805971305,9.736639545557999,0.0023330208932748064,-0.0010633841739036143,0.010559068445010311,0,0.00041267994194687044,-0.002530507390876418,0.010559068445010311,29_KW_1
40063,150,2026-02-14 23:41:13.140000+00:00,124401.10241262332,426812.3220888725,9.18559688522653,-0.0007680066046305001,0.0006572834681719542,0.003582861982721397,0,6.615324601049612e-05,-0.0010087018639471706,0.003582861982721397,27_KW_1
40064,168,2026-02-14 23:41:16.150000+00:00,124669.37140938434,426931.3121613132,13.787227928367813,-0.0053225870069582015,0.004420740820933133,-0.014112091567415774,0,0.00046549468419707215,-0.006903346764540304,-0.014112091567415774,908_GSL_1
40065,119,2026-02-14 23:41:28.340000+00:00,124400.81378056566,426811.34355473786,3.9880922814782322,-0.00037082142080180347,0.0004258565604686737,0.004558152392049486,0,0.00011336483428535852,-0.0005531823845415999,0.004558152392049486,28_KW_1
40066,169,2026-02-14 23:41:45.820000+00:00,124669.37635550255,426931.30838717974,13.811437341605789,-0.002721945769735612,0.006227626814506948,-0.0003178712671036976,0,0.00041294445571189427,-0.006783937012579374,-0.0003178712671036976,908_GSL_1
40067,72,2026-02-14 23:42:27.950000+00:00,124390.52336552001,426780.8877943974,10.99088966091796,-0.0005941828421782702,0.0008634657133370638,0.0038043393512019463,0,-0.0007235050854610565,-0.000758397441556682,0.0038043393512019463,18_P6_1
40068,138,2026-02-14 23:45:21.220000+00:00,123928.08784603307,426940.433135089,7.115797729595949,0.0012271543964743614,0.001413936959579587,-0.0021383340019784924,0,0.000366805603976777,0.0018359137472503313,-0.0021383340019784924,905_GSL_1
40069,130,2026-02-14 23:45:21.790000+00:00,124898.94083734533,426720.772369887,4.130486140779494,0.0024643480719532818,0.0026931882021017373,0.0404234083092998,0,0.001234374341146226,-0.003435490372217577,0.0404234083092998,901_GSL_1
40070,139,2026-02-14 23:45:21.840000+00:00,123928.08624414042,426940.4323416049,7.133503083077423,-0.0006257832719711587,0.0012375923106446862,-0.0030987476618324905,0,0.0009992633822629752,0.0009616195316829528,-0.0030987476618324905,905_GSL_1
40071,134,2026-02-14 23:45:22.220000+00:00,123855.61450838868,426533.0727117203,6.052507247756131,4.624726716428995e-05,-0.001586341648362577,0.00666432885835011,0,-0.0003616461591353912,-0.001545260719306772,0.00666432885835011,904_GSL_1
40072,133,2026-02-14 23:45:24.270000+00:00,124806.21832047561,426258.506679665,4.594194915808766,-0.003575617913156748,-0.004804148338735104,0.006037811624199918,0,0.0022357698689063725,0.005555737378129842,0.006037811624199918,903_GSL_1
40073,137,2026-02-14 23:45:38.970000+00:00,123928.08634807054,426940.4299549196,7.130902495615269,-0.00305119133554399,-0.0038736514397896826,0.008038804649738829,0,-0.0013527860520887861,-0.004741826013294608,0.008038804649738829,905_GSL_1
40074,143,2026-02-14 23:45:39.340000+00:00,124266.91947859825,427056.31569462677,7.1080291263984705,-8.882983820512891e-05,0.0014677507570013404,0.0024873881756928284,0,0.0013919072630462486,0.0004741067347261147,0.0024873881756928284,906_GSL_1
40075,125,2026-02-14 23:45:39.530000+00:00,124339.65858385377,426609.59001405135,6.669815170295702,0.0007182901463238522,-0.00121979508548975,-0.003700767833412222,0,-0.001102654861064059,0.000887689721841302,-0.003700767833412222,17_P5_1
40076,153,2026-02-14 23:45:40.580000+00:00,124370.27619882082,426819.49820896424,9.736740676273383,0.0023600159474881366,-0.0009141329792328179,0.010660199160394512,0,0.0002615816646945065,-0.00251731789983209,0.010660199160394512,29_KW_1
40077,132,2026-02-14 23:45:40.690000+00:00,124806.22637038026,426258.5090352682,4.624737311744523,0.01223609248700086,0.00389351777266711,0.042105137534202086,0,0.0027486795853821004,-0.012542974150233158,0.042105137534202086,903_GSL_1
40078,146,2026-02-14 23:45:54.720000+00:00,124350.92557512953,426607.5113630422,11.373812848664233,-0.0006914454133948311,-0.0005023545818403363,-0.005508664559849663,0,-0.0006370588762422365,-0.0005697480792435434,-0.005508664559849663,13_P5_1
40079,152,2026-02-14 23:45:54.910000+00:00,124370.27575667092,426819.4994605964,9.732582121419025,-1.499094651080668e-05,0.0002905584988184273,0.0036611701911457573,0,0.0002862074977361652,5.228994121732126e-05,0.0036611701911457573,29_KW_1
40080,141,2026-02-14 23:45:55.510000+00:00,124266.92092360485,427056.3142404931,7.086198811828614,0.0022948534024180844,-0.0002778099151328206,0.0020641115655157805,0,-0.00034808515107133864,0.002285249923999475,0.0020641115655157805,906_GSL_1
40081,136,2026-02-14 23:45:57.250000+00:00,123855.6131313069,426533.07740007003,6.033233666361694,-0.0026388048863736913,0.0032915439223870635,0.010941123924955498,0,0.00021445963110805754,0.004213259983430631,0.010941123924955498,904_GSL_1
40082,135,2026-02-14 23:45:57.380000+00:00,123855.61634400148,426533.0684871939,6.067532413557412,0.002693723246920854,-0.008147727407049388,0.04633396643905474,0,0.002345551871152725,-0.008254695224556598,0.04633396643905474,904_GSL_1
40083,5,2026-02-14 23:45:57.580000+00:00,124424.6171556111,426919.1431426395,8.776520904298582,-4.7166424337774515e-05,-0.0032051295856945217,0.008695082292268452,11,-0.003205469070086949,6.955098493621764e-06,0.008695082292268452,TS4
40084,148,2026-02-14 23:46:10.790000+00:00,124351.04005222213,426607.3979124389,8.010528838335539,-0.0010661925334716216,-0.0005434558261185884,-0.004927576876843531,0,-0.0007571220045114527,-0.00092675618350105,-0.004927576876843531,14_P5_1
40085,150,2026-02-14 23:46:11.130000+00:00,124401.10243082343,426812.3222014226,9.185572361859764,-0.0007498064951505512,0.0007698335684835911,0.0035583386159547814,0,0.0001671726888785739,-0.0010615586632057791,0.0035583386159547814,27_KW_1
40086,122,2026-02-14 23:46:11.230000+00:00,124329.15041864783,426611.39041263604,8.085998632022068,0.0008677447767695412,-0.0016262728022411466,0.002334793579670702,0,-0.0013529894959077502,0.001251864069651088,0.002334793579670702,16_P5_1
40087,140,2026-02-14 23:46:14.020000+00:00,123928.08766585158,426940.4344675474,7.145566048739235,0.00014211911184247583,2.8870475944131613e-05,0.00999234253689174,0,-0.00014110253918964431,3.3487606160633846e-05,0.00999234253689174,905_GSL_1
40088,120,2026-02-14 23:46:26.530000+00:00,124329.26086119976,426611.3294713749,11.360188436542813,0.0006093645934015512,-0.0017037151847034693,0.002157269895940672,0,-0.00149270570803069,0.0010226437832858571,0.002157269895940672,15_P5_1
40089,128,2026-02-14 23:46:27.810000+00:00,124898.93909882552,426720.77224950475,4.073484789552333,-0.0012025739852106199,0.002985469938721508,-0.007907141451346078,0,0.0002061360851299558,-0.0032119655756751896,-0.007907141451346078,901_GSL_1
40090,129,2026-02-14 23:46:28.120000+00:00,124898.93986742813,426720.7719070447,4.084180667457117,0.00019572934252209961,-0.0005956254317425191,-0.007504077788496488,0,0.000264840422661891,0.0005682773803230836,-0.007504077788496488,901_GSL_1
40091,145,2026-02-14 23:46:30.880000+00:00,124266.92007221442,427056.3156955528,7.11877610636845,0.0017484615818830207,0.0009489451767876744,0.010809170076803376,0,-0.0005717249960658387,0.0019054514899999376,0.010809170076803376,906_GSL_1
40092,6,2026-02-14 23:46:31.080000+00:00,124399.03945121744,426925.0747930476,8.554939905631057,0.000280473061138764,-0.0006561672780662775,0.007633209809499775,11,-0.0006393299724344756,-0.0003169823672957049,0.007633209809499775,TS5
40093,124,2026-02-14 23:46:42.040000+00:00,124339.65827528118,426609.58901954524,6.67745031723863,0.0005095579545013607,-0.0012223587837070227,0.0030201214054370595,0,-0.0010017558997552902,0.0008661959491978655,0.0030201214054370595,17_P5_1
40094,154,2026-02-14 23:46:42.240000+00:00,124285.66534268465,426445.56126767845,7.894060821361985,0.0007176846411311999,-0.002557321568019688,-0.007539178638014121,11,-0.0026547883344724276,-8.40460916605316e-05,-0.007539178638014121,TS1-1
40095,149,2026-02-14 23:46:44.520000+00:00,124351.03994473448,426607.3970598612,8.01531763515365,-0.001366957585560158,0.0003273957408964634,0.003091791185852344,0,-0.00010830434446872523,0.0014014389679350295,0.003091791185852344,14_P5_1
40096,131,2026-02-14 23:46:45.800000+00:00,124806.21689291282,426258.501273832,4.611613308449876,-0.001651583326747641,-0.005010232503991574,0.00010883567731312382,0,0.0001943563598459617,0.005271848142220327,0.00010883567731312382,903_GSL_1
40097,3,2026-02-14 23:46:46+00:00,124314.9023798753,426440.79275138606,7.047186384344375,-0.004859476626734249,-0.003325897501781583,-0.03124271114670929,11,-0.005824246544756645,0.0008684811247365899,-0.03124271114670929,TS2
40098,147,2026-02-14 23:46:59.840000+00:00,124350.92583108856,426607.5104601103,11.37590514000497,-0.000676257026498206,0.00046737020602449775,0.001685498332527402,0,-0.00035463207860664454,0.0007416161838786336,0.001685498332527402,13_P5_1
40099,126,2026-02-14 23:47:15.140000+00:00,124339.6567406144,426609.588612243,6.671463528239201,-7.998973887879401e-05,0.0001220819540321827,0.00080633910374317,0,-0.00010134172758011578,0.00010503435665196039,0.00080633910374317,17_P5_1
40100,121,2026-02-14 23:47:30.640000+00:00,124329.25929837677,426611.32787477464,11.355362872499699,-0.00024439294065814465,0.00015828205505385995,0.0010633504255768145,0,-8.394876123940291e-05,0.00027880768260931814,0.0010633504255768145,15_P5_1
40101,123,2026-02-14 23:47:46.150000+00:00,124329.15056692049,426611.3903094416,8.080274022244998,0.0008103083673631772,3.142195055261254e-05,0.00215837719093237,0,-0.00025640046559535106,-0.0007693151437725607,0.00215837719093237,16_P5_1
40102,4,2026-02-14 23:47:46.350000+00:00,124378.97027534673,426782.7411255206,7.759497994637966,-0.0015426264726556838,-5.738681647926569e-05,0.004422289665700241,11,-0.0015365686686354444,0.00014814319900569056,0.004422289665700241,TS3
40103,68,2026-02-14 23:51:20.400000+00:00,123928.08205861835,426940.4287811462,7.114591292151583,-0.0268917435023468,-0.0189538590493612,-0.004221988888643224,0,0.0014736539118322964,-0.032867050150678326,-0.004221988888643224,905_GSL_1
40104,67,2026-02-14 23:51:21.250000+00:00,123855.61477756014,426533.07389086933,6.052418419824239,-0.0032169140031328425,-0.017211835365742445,0.008010271486663001,0,-0.0002805506652986242,-0.01750762987057857,0.008010271486663001,904_GSL_1
40105,68,2026-02-14 23:51:21.820000+00:00,123928.08657016145,426940.4328188861,7.133365653405136,-0.022380200403858908,-0.014916119107510895,0.014552372364909694,0,0.016200218100030805,-0.021468975589388806,0.014552372364909694,905_GSL_1
40106,66,2026-02-14 23:51:21.960000+00:00,124898.93877664013,426720.76676712226,4.124314283102851,0.0011709764512488618,-0.007438032538630068,0.042027752699087095,0,0.003950150529905117,0.006410290530560169,0.042027752699087095,901_GSL_1
40107,71,2026-02-14 23:51:29.300000+00:00,124806.21790842463,426258.5058345543,4.595437786292833,-0.009853510855464265,-0.009271577757317573,0.003934123143565671,0,0.0027753792771176254,0.013242020244542903,0.003934123143565671,903_GSL_1
40108,68,2026-02-14 23:51:37.630000+00:00,123928.08750980781,426940.4304005492,7.130476448470527,-0.021440554046421312,-0.017334456031676382,0.011663167430301158,0,-0.0014943827346627695,-0.027530847135058826,0.011663167430301158,905_GSL_1
40109,69,2026-02-14 23:51:38.440000+00:00,124266.91957408853,427056.31573536707,7.108715456503939,-0.02302310812228825,0.0008969830232672393,0.018214085576506278,0,0.009554777738651833,-0.020966027485424324,0.018214085576506278,906_GSL_1
40110,71,2026-02-14 23:51:39.670000+00:00,124806.22018019659,426258.50445448497,4.618554145267461,-0.007581738900626078,-0.010651647113263607,0.027050482118193386,0,0.005431070411230562,0.011893015814797337,0.027050482118193386,903_GSL_1
40111,67,2026-02-14 23:51:45.500000+00:00,123855.61378370706,426533.07577807904,6.0327759905299825,-0.004210767088807188,-0.01532462565228343,-0.011632157807593302,0,0.012380131047925179,-0.009965293076222305,-0.011632157807593302,904_GSL_1
40112,69,2026-02-14 23:51:54.050000+00:00,124266.92151434459,427056.3140402646,7.089136184490321,-0.02108285206486471,-0.0007981194648891687,-0.0013651864371118094,0,-0.0001517500772055565,-0.021097407845118633,-0.0013651864371118094,906_GSL_1
40113,66,2026-02-14 23:51:56.120000+00:00,124898.93979443847,426720.7712786133,4.0844505059206835,0.002188774786191061,-0.002926541492342949,0.002163975516919159,0,0.002519714776958167,0.0026469638482323997,0.002163975516919159,901_GSL_1
40114,67,2026-02-14 23:51:56.370000+00:00,123855.61326532911,426533.0719785368,6.0600399986898585,-0.004729145031888038,-0.01912416791310534,0.01563185035228276,0,0.014650636056498918,-0.013170325517666332,0.01563185035228276,904_GSL_1
40115,66,2026-02-14 23:51:58.400000+00:00,124898.94069803918,426720.7692768753,4.0750296116731946,0.0030923754966352135,-0.004928279493469745,-0.0072569187305697724,0,0.0006580961509651742,0.00578079877127972,-0.0072569187305697724,901_GSL_1
40116,68,2026-02-14 23:52:02.450000+00:00,123928.08753999736,426940.4323112022,7.143872716918399,-0.02141036449756939,-0.015423803008161485,0.025059435878173275,0,0.0208957431388084,-0.016114134349393166,0.025059435878173275,905_GSL_1
40117,66,2026-02-14 23:52:10.430000+00:00,124898.94164739347,426720.76769731374,4.0822309230454685,0.004041729785967618,-0.00650784105528146,-5.5607358295794995e-05,0,0.001022976289655685,0.0075921732313209925,-5.5607358295794995e-05,901_GSL_1
40118,71,2026-02-14 23:52:15.570000+00:00,124806.21733777806,426258.5029141662,4.610854179267021,-0.010424157429952174,-0.012191965884994715,0.01935051611775318,0,-0.005532555979386252,0.01505649077973548,0.01935051611775318,903_GSL_1
40119,69,2026-02-14 23:52:18.280000+00:00,124266.91955219393,427056.31483493454,7.1190280386200175,-0.023045002730214037,-3.4495024010539055e-06,0.02852666769258505,0,0.01634577924228363,-0.016244619530699046,0.02852666769258505,906_GSL_1
40120,149,2026-02-14 23:52:32.240000+00:00,124351.04036029633,426607.396943216,8.015438215301481,-0.0009513957338640466,0.00021075049880892038,0.0032123713336833504,0,-5.8477025911576415e-05,0.0009727024481327542,0.0032123713336833504,14_P5_1
40121,147,2026-02-14 23:52:47.620000+00:00,124350.92592442708,426607.51048399357,11.375332376986615,-0.0005829185101902112,0.0004912534495815635,0.0011127353141713314,0,-0.0003929650695355251,0.0006532246132633867,0.0011127353141713314,13_P5_1
40122,164,2026-02-14 23:52:49.620000+00:00,124091.06399332959,427154.2066870343,9.838138302933658,-0.0313351217773743,0.01195609284332022,0.02350477130426043,0,0.019826044699739576,-0.027051173069663693,0.02350477130426043,907_GSL_1
40123,110,2026-02-14 23:52:56.170000+00:00,124434.13986027885,426963.9317020997,8.785429954798307,-0.00022556362091563642,-0.00038447376573458314,0.03436959454051802,0,-0.00042297765867723987,-0.00014067311000551749,0.03436959454051802,35_P9_0
40124,126,2026-02-14 23:53:02.940000+00:00,124339.65678830817,426609.5886457526,6.672569311416162,-3.229596768505871e-05,0.00015559152234345675,0.0019121222807045868,0,-0.00014457939038295625,6.59435457824455e-05,0.0019121222807045868,17_P5_1
40125,122,2026-02-14 23:53:06.030000+00:00,124329.15055061517,426611.3902141785,8.087062236430189,0.0009997121233027428,-0.0018247303669340909,0.0033983979877909576,0,-0.0015114847933430855,0.001429852775981678,0.0033983979877909576,16_P5_1
40126,111,2026-02-14 23:53:12.680000+00:00,124434.26159857165,426963.97497157805,6.501941329714983,-9.21876635402441e-05,-0.00309220131020993,0.04064882010021442,0,-0.003042436322146323,0.0005601684870266898,0.04064882010021442,36_P9_0
40127,107,2026-02-14 23:53:17.690000+00:00,124409.92231595275,426969.5246358556,6.296425518551532,0.0014984454464865848,0.00022480246843770146,0.007345195121498449,0,0.0005746567477220404,0.0014020144536379042,0.007345195121498449,38_P9_0
40128,121,2026-02-14 23:53:18.430000+00:00,124329.2600229081,426611.32772337756,11.355679636053834,0.0004801383911399171,6.884976755827665e-06,0.0013801139797120499,0,-0.0001403436819760438,-0.00045922100178537496,0.0013801139797120499,15_P5_1
40129,120,2026-02-14 23:53:22.030000+00:00,124329.26135431607,426611.329082074,11.360164534353446,0.001102480906411074,-0.0020930161117576063,0.0021333677065733525,0,-0.0017437879114216629,0.001598556947079955,0.0021333677065733525,15_P5_1
40130,106,2026-02-14 23:53:32.530000+00:00,124410.03395311593,426969.44992189744,8.931069356934756,0.0017492977058282122,0.00036055652890354395,0.007182132596225799,0,0.000770608578646543,0.0016112746173967904,0.007182132596225799,37_P9_0
40131,123,2026-02-14 23:53:33.440000+00:00,124329.1504070406,426611.3903559113,8.08026629756696,0.0006504284683614969,7.789162918925285e-05,0.0021506525128938137,0,-0.00025638588471798993,-0.0006028188587546117,0.0021506525128938137,16_P5_1
40132,124,2026-02-14 23:53:37.530000+00:00,124339.65864446464,426609.5885752765,6.676992133158025,0.0008787414117250592,-0.0016666275332681835,0.0025619373248320088,0,-0.0013083223281904264,0.0013557752353862058,0.0025619373248320088,17_P5_1
40133,102,2026-02-14 23:53:37.840000+00:00,124282.39294605894,426301.79287066887,6.899300442206881,-0.00034288688038941473,-0.000687195744831115,-0.003997541559854767,0,0.0007472248380509629,0.00017738220276253158,-0.003997541559854767,02_P1_0
40134,160,2026-02-14 23:53:48.240000+00:00,124421.81246293648,426965.61750958033,5.60272869887169,0.0012567758385557681,-0.0011284583015367389,0.01054746898435166,0,-0.00036844357739339117,0.0016483788936292214,0.01054746898435166,38a_P9_0
40135,118,2026-02-14 23:53:49.320000+00:00,124372.26062585453,426775.1125781447,6.1697754693214995,0.0005984925373923033,-8.63540917634964e-05,0.004243400331137792,0,-0.00033042671227409304,-0.0005064272250721812,0.004243400331137792,22_P6_1
40136,170,2026-02-14 23:53:53.030000+00:00,124669.37441905942,426931.30962347676,13.799172828405597,-0.013627757056383416,0.011126505036372691,0.012982697734209125,0,0.000283154654908729,-0.01759075609954383,0.012982697734209125,908_GSL_1
40137,103,2026-02-14 23:53:53.270000+00:00,124282.31110841213,426301.7968565406,9.293783848381544,-0.0006099950260249898,-0.0005876126233488321,-0.00416763740956938,0,0.0007113456135522506,0.00045974987218497037,-0.00416763740956938,01_P1_0
40138,162,2026-02-14 23:54:05.490000+00:00,124402.99670260365,426879.6463177782,6.554668726488172,0.0012744753330480307,-0.001415809674654156,0.009995683197605132,0,0.0015210396548768971,-0.0011468403453332836,0.009995683197605132,34a_P7_0
40139,74,2026-02-14 23:54:05.940000+00:00,124369.34597413961,426785.7252382333,7.233865977042462,-0.0003390696947462857,-0.001228063425514847,0.003812142285389619,0,-3.998951139265203e-05,-0.0012733848098517497,0.003812142285389619,21_P6_1
40140,100,2026-02-14 23:54:09.540000+00:00,124292.48383981745,426345.92928714183,7.583306767008084,0.00011654413538053632,-0.0009478378924541175,-0.005192801961014126,0,0.0008956264240182568,-0.00033140988890455533,-0.005192801961014126,06_P2_0
40141,92,2026-02-14 23:54:10.430000+00:00,124278.31611558745,426395.63643206336,11.102709756034095,0.002139784875907935,-0.0018585618236102164,0.0009207728068751919,0,0.0015270027451638674,-0.002387717316519626,0.0009207728068751919,11_P3_0
40142,104,2026-02-14 23:54:20.730000+00:00,124389.81724720389,426881.4452562682,10.733044289376778,0.00015099361189641058,0.0009167000534944236,0.007132421316571325,0,-0.0009281092391373087,4.184852611704514e-05,0.007132421316571325,33_P7_0
40143,73,2026-02-14 23:54:22.540000+00:00,124369.48957192404,426785.69608018047,11.410133137059368,0.00023235961270984262,-0.00038647372275590897,0.0040785209962930224,0,-0.0003368423569603407,-0.00029981686836614397,0.0040785209962930224,20_P6_1
40144,101,2026-02-14 23:54:24.880000+00:00,124292.40471647946,426345.8827440606,10.211445620855338,-0.0006023913738317788,-0.0006494653061963618,-0.004172876744945597,0,0.0007708908050395607,0.0004363575574286867,-0.004172876744945597,05_P2_0
40145,93,2026-02-14 23:54:25.230000+00:00,124278.27029213375,426395.78925085516,7.95003110733563,0.0021685540705220774,-0.0020992473582737148,0.0013055870561125005,0,0.0017576314888707164,-0.0024536091329564187,0.0013055870561125005,12_P3_0
40146,105,2026-02-14 23:54:36.210000+00:00,124389.68833301465,426881.4727310609,7.069379135403743,-0.00035242270678281784,0.0007778467261232436,0.007083238680952952,0,-0.0006866563422437032,0.0005076912065943968,0.007083238680952952,34_P7_0
40147,165,2026-02-14 23:54:38.530000+00:00,124091.06174760954,427154.205779746,9.853790280426468,-0.022033017623471096,0.009627952356822789,0.003054786700447565,0,0.02110704624151171,-0.011517114705520819,0.003054786700447565,907_GSL_1
40148,98,2026-02-14 23:54:39.670000+00:00,124302.66049644131,426390.0774429644,7.975078846419413,-0.0003491922398097813,-0.00046904414193704724,-0.0039719487114577845,0,0.0005378815288408039,0.0002293928690275968,-0.0039719487114577845,10_P3_0
40149,94,2026-02-14 23:54:41.040000+00:00,124268.22563025524,426351.5541736532,10.216098557162208,0.00140775615000166,-0.001799367310013622,0.001604617871247882,0,0.0015123718686127212,-0.001712375959082006,0.001604617871247882,07_P2_0
40150,152,2026-02-14 23:54:54.140000+00:00,124370.27570425026,426819.4995064979,9.73245458595755,-6.741160177625716e-05,0.00033645995426923037,0.0035336347296706094,0,0.0003429422573306233,1.1842002274523536e-05,0.0035336347296706094,29_KW_1
40151,99,2026-02-14 23:54:55.490000+00:00,124302.53758630114,426390.13458759704,11.08384865839526,-0.0004939900245517492,-0.00022869493113830686,-0.003906544354107311,0,0.00033929982339037524,0.000425679628044675,-0.003906544354107311,09_P3_0
40152,95,2026-02-14 23:54:56.250000+00:00,124268.11092418915,426351.5470463235,7.196039468761297,0.0013762869202764705,-0.002144686528481543,0.0023686105161768722,0,0.0018556022100905485,-0.001746592806088865,0.0023686105161768722,08_P2_0
40153,113,2026-02-14 23:55:05.760000+00:00,124414.07861633746,426875.9139455428,7.337737150191565,0.0013817232829751447,-0.0012865953613072634,0.03438720506628812,0,0.0009226705579506446,-0.00164716905505902,0.03438720506628812,32_P7_0
40154,117,2026-02-14 23:55:09.940000+00:00,124377.68021100189,426815.9058870876,7.62139470073289,0.00019385780615266412,0.0001810490502975881,0.0039596605604304,0,0.00017337854094310486,0.0002007473266582213,0.0039596605604304,26_KW_0
40155,96,2026-02-14 23:55:11.850000+00:00,124258.06322809805,426307.350311367,9.307928384663555,0.002249901619507,-0.002098209923133254,0.003382776487663719,0,0.0016169033232852174,-0.002617282144161056,0.003382776487663719,03_P1_0
40156,166,2026-02-14 23:55:13.470000+00:00,124091.06111989667,427154.2075767463,9.817151824964636,-0.011160939029650763,0.018548766733147204,-0.012701794098168406,0,0.021039282412834336,-0.005096263621251341,-0.012701794098168406,907_GSL_1
40157,112,2026-02-14 23:55:21.610000+00:00,124413.95241689828,426875.86633178283,10.703063666901084,0.001682273461483419,-0.0009342826087959111,0.03379805998041974,0,0.0005045447033290381,-0.0018569767458566924,0.03379805998041974,31_P7_0
40158,116,2026-02-14 23:55:24.850000+00:00,124377.68747546466,426815.90035505075,10.00933315953547,0.0001155730860773474,0.0002934871590696275,0.004273404258347213,0,0.00028880123966044415,0.00012682939223537074,0.004273404258347213,25_KW_0
40159,97,2026-02-14 23:55:26.780000+00:00,124257.98948739737,426307.389422566,6.841425762042912,0.0016171884926734492,-0.0024301386438310146,0.004363571446812209,0,0.0020651645693494894,-0.0020629996971836435,0.004363571446812209,04_P1_0
40160,125,2026-02-14 23:55:29.400000+00:00,124339.65735736907,426609.59034435253,6.669277289919131,-0.0005081945564597845,-0.0008894939091987908,-0.004238648209983431,0,-0.0009538224635548389,-0.0003737429995803019,-0.004238648209983431,17_P5_1
40161,161,2026-02-14 23:55:38.050000+00:00,124402.99160768639,426879.6437971079,6.582450803061687,0.0002039397950284183,-0.0037097790627740324,0.040826482237965145,0,0.0031559854426256137,-0.001960563189628945,0.040826482237965145,34a_P7_0
40162,115,2026-02-14 23:55:41.360000+00:00,124396.28963760452,426811.6342353882,7.651229559774499,-0.0004531552840489894,0.0003210517461411655,0.004957267001452159,0,4.2368953675013436e-05,-0.000553740739810876,0.004957267001452159,24_KW_0
40163,146,2026-02-14 23:55:45.570000+00:00,124350.9251981656,426607.5114927244,11.37392593078442,-0.0010684093431336805,-0.0003726723953150213,-0.0053955824396627605,0,-0.0005899186070143429,-0.0009655978851589494,-0.0053955824396627605,13_P5_1
40164,114,2026-02-14 23:55:56.560000+00:00,124396.29885830265,426811.6300961237,9.994665062191922,-0.00016234237409662455,0.0005573679227381945,0.003980984541739119,0,0.0003944553118096924,-0.00042593315756106215,0.003980984541739119,23_KW_0
40165,148,2026-02-14 23:56:00.570000+00:00,124351.03972134294,426607.39802812994,8.01177115474618,-0.0013970717263873667,-0.0004277647822163999,-0.0036852604662023225,0,-0.0007142019005224178,-0.0012746402484096395,-0.0036852604662023225,14_P5_1
40166,150,2026-02-14 23:56:12.040000+00:00,124401.10231001416,426812.32216641953,9.18558084153156,-0.0008706157677806914,0.0007348305080085993,0.0035668182877515164,0,6.676951156273638e-05,-0.0011373168085165243,0.0035668182877515164,27_KW_1
40167,153,2026-02-14 23:56:12.920000+00:00,124370.2767024971,426819.4975088084,9.736561847314816,0.0028636922215810046,-0.0016142888343892992,0.010481370201826934,0,0.0008047001065656547,-0.0031873373400490156,0.010481370201826934,29_KW_1
40168,168,2026-02-14 23:56:18.180000+00:00,124669.37092601543,426931.3128001311,13.788604972258266,-0.005805955923278816,0.005059558723587543,-0.012735047676962097,0,0.0007001430689012305,-0.007669293210169809,-0.012735047676962097,908_GSL_1
40169,119,2026-02-14 23:56:27.140000+00:00,124400.81366056138,426811.34351144417,3.9880283350577588,-0.0004908256960334256,0.0003825628664344549,0.004494205971576015,0,6.1197148207017516e-06,-0.0006222754693475846,0.004494205971576015,28_KW_1
40170,169,2026-02-14 23:56:43.440000+00:00,124669.37593697755,426931.3090731585,13.81198501222454,-0.0031404707697220147,0.006913605553563684,0.00022979935164713083,0,0.0003527549800762695,-0.007585252950942136,0.00022979935164713083,908_GSL_1
40171,72,2026-02-14 23:57:25.240000+00:00,124390.52340312373,426780.88776104624,10.990923902459375,-0.0005565791216213256,0.0008301145280711353,0.0038385808926175713,0,-0.0006810914759205028,-0.0007314265853576565,0.0038385808926175713,18_P6_1
40172,130,2026-02-15 00:01:47.230000+00:00,124898.93964837352,426720.7688576455,4.123936199282111,0.0012753762566717342,-0.0008190532680600882,0.03387346681191694,0,0.0014926421537766038,0.00026353795318901816,0.03387346681191694,901_GSL_1
40173,132,2026-02-15 00:02:07.600000+00:00,124806.22025153071,426258.50481631985,4.61734430327846,0.006117242941400036,-0.0003254305920563638,0.03471212906813914,0,0.0033414869040379173,-0.005134299518385913,0.03471212906813914,903_GSL_1
40174,135,2026-02-15 00:02:24.190000+00:00,123855.61460870807,426533.07034175354,6.061703346617948,0.0009584298386471346,-0.006293167767580599,0.040504899499590685,0,0.002740247741845061,-0.005745745436393574,0.040504899499590685,904_GSL_1
40175,5,2026-02-15 00:02:24.390000+00:00,124424.61707835841,426919.142452958,8.775369390227018,-0.00012441910803318024,-0.0038948110886849463,0.007543568220704344,11,-0.0038962201736211953,-6.709612249760238e-05,0.007543568220704344,TS4
40176,134,2026-02-15 00:03:13.330000+00:00,123855.61439790203,426533.0721918477,6.050669274420757,-6.423938611987978e-05,-0.0021062142332084477,0.004826355522976833,0,-0.0003570461670758299,-0.002076724134177519,0.004826355522976833,904_GSL_1
40177,133,2026-02-15 00:03:23.580000+00:00,124806.22459041429,426258.5102110744,4.589547155353944,0.002694320763112046,-0.0012727389694191515,0.0013900511693787365,0,0.00249066953703669,-0.0016357854737379966,0.0013900511693787365,903_GSL_1
40178,139,2026-02-15 00:03:26.230000+00:00,123928.08611716822,426940.4314135795,7.134937639417109,-0.0007527554698754102,0.00030956690898165107,-0.0016641913221464577,0,0.000812749825720522,4.370571307122717e-05,-0.0016641913221464577,905_GSL_1
40179,137,2026-02-15 00:03:29.530000+00:00,123928.08637523821,426940.42962325783,7.1285297253002335,-0.003024023666512221,-0.004205313220154494,0.005666034334703696,0,-0.0016375267539831598,-0.004914049709274577,0.005666034334703696,905_GSL_1
40180,153,2026-02-15 00:03:39.930000+00:00,124370.27690244195,426819.49758798,9.736306061360104,0.0030636370793217793,-0.0015351172187365592,0.010225584247114838,0,0.0006757513298047595,-0.0033594370316057196,0.010225584247114838,29_KW_1
40181,143,2026-02-15 00:03:43.640000+00:00,124266.91927877362,427056.3155199535,7.1079130854778745,-0.0002886544680222869,0.001293077482841909,0.0023713472550968007,0,0.00130600451063601,0.0002229865393704142,0.0023713472550968007,906_GSL_1
40182,141,2026-02-15 00:03:45.430000+00:00,124266.91883107544,427056.31394279824,7.087623661154755,0.00020232399401720613,-0.0005755047895945609,0.003488960891656845,0,-0.000581441169214841,0.00018457228433173004,0.003488960891656845,906_GSL_1
40183,136,2026-02-15 00:03:56.350000+00:00,123855.6148238647,426533.07476678066,6.033411480645476,-0.0009462470916332677,0.0006582545465789735,0.011118938208737994,0,0.00038232205953055593,0.0010874338827315533,0.011118938208737994,904_GSL_1
40184,152,2026-02-15 00:03:59.150000+00:00,124370.27579642707,426819.49945624423,9.732628391076616,2.4765206035226583e-05,0.00028620631201192737,0.0037074398487373372,0,0.000272821420816546,8.997689041680124e-05,0.0037074398487373372,29_KW_1
40185,122,2026-02-15 00:04:01.170000+00:00,124329.15017983591,426611.3901007141,8.087175404846086,0.000628932859399356,-0.0019381947349756956,0.0035115664036879934,0,-0.0017152849132228047,0.0010999786537883324,0.0035115664036879934,16_P5_1
40186,140,2026-02-15 00:04:13.270000+00:00,123928.0876124641,426940.4319540476,7.144690804167697,8.873164188116789e-05,-0.0024846293381415308,0.009117097965352983,0,-0.00016967523008966855,-0.0024804166118857066,0.009117097965352983,905_GSL_1
40187,150,2026-02-15 00:04:15.240000+00:00,124401.102386929,426812.32215485594,9.185645639697775,-0.0007937009359011427,0.0007232669158838689,0.0036316164539655915,0,0.00010359078350599594,-0.0010688054812898029,0.0036316164539655915,27_KW_1
40188,120,2026-02-15 00:04:16.330000+00:00,124329.26141746035,426611.3291195818,11.359867613073018,0.0011656251881504431,-0.002055508317425847,0.0018364464261448887,0,-0.0016914536397569081,0.0016500851816832669,0.0018364464261448887,15_P5_1
40189,145,2026-02-15 00:04:30.010000+00:00,124266.91960040032,427056.3148744632,7.1187178247485265,0.0012766474828822538,0.00012785557191818953,0.010750888456880325,0,-0.0008156368883833706,0.0009904101721652577,0.010750888456880325,906_GSL_1
40190,6,2026-02-15 00:04:30.210000+00:00,124399.03961882404,426925.0749584782,8.555277049633746,0.00044807966332882643,-0.0004907366819679737,0.00797035381218869,11,-0.000627356402589234,0.00021913881410673362,0.00797035381218869,TS5
40191,124,2026-02-15 00:04:31.640000+00:00,124339.65845002227,426609.5886375885,6.677289669334954,0.0006842990405857563,-0.0016043155337683856,0.0028594735017604123,0,-0.0013099289455318348,0.0011515987437015474,0.0028594735017604123,17_P5_1
40192,154,2026-02-15 00:04:31.840000+00:00,124285.66539850863,426445.5615680635,7.894569513365771,0.0007735086255706847,-0.00225693651009351,-0.007030486634228339,11,-0.0023819900964858593,0.00013491176623485807,-0.007030486634228339,TS1-1
40193,129,2026-02-15 00:04:34.440000+00:00,124898.93983732596,426720.77241397434,4.085868376828735,0.0001656271779211238,-8.869578596204519e-05,-0.005816368416878603,0,0.00017495961292792763,6.847217214058772e-05,-0.005816368416878603,901_GSL_1
40194,149,2026-02-15 00:04:51.340000+00:00,124351.04033764957,426607.39702475513,8.01496658373855,-0.000974042501184158,0.00029228965286165476,0.0027407397707523984,0,-0.00013543892288530836,0.0010078930168677352,0.0027407397707523984,14_P5_1
40195,147,2026-02-15 00:05:06.350000+00:00,124350.92623331034,426607.51048062765,11.376207742068988,-0.00027403525018598884,0.0004878875333815813,0.0019881003965451782,0,-0.00043845278723914544,0.00034769054766542874,0.0019881003965451782,13_P5_1
40196,126,2026-02-15 00:05:21.540000+00:00,124339.6568382876,426609.58871751453,6.672013383716229,1.768345828168094e-05,0.00022735347738489509,0.0013561945807714082,0,-0.00022562612992882113,3.309316952403748e-05,0.0013561945807714082,17_P5_1
40197,121,2026-02-15 00:05:36.810000+00:00,124329.25960064837,426611.32754502347,11.354853568703271,5.787865666206926e-05,-0.00017146911704912782,0.000554046629149596,0,0.00014856311998983805,-0.000103346970819169,0.000554046629149596,15_P5_1
40198,123,2026-02-15 00:05:52.080000+00:00,124329.15058400009,426611.3903331129,8.080115492803394,0.0008273879648186266,5.5093260016292334e-05,0.001999847749328154,0,-0.00028389893346015914,-0.0007791068650744362,0.001999847749328154,16_P5_1
40199,4,2026-02-15 00:05:52.280000+00:00,124378.97031668908,426782.7414226216,7.760190622680782,-0.0015012841176940128,0.00023971416521817446,0.005114917708516131,11,-0.0015127964243984876,-0.000150876974299219,0.005114917708516131,TS3
40200,67,2026-02-15 00:06:21.300000+00:00,123855.61480512693,426533.07472206646,6.051248957288383,-0.003189347218722105,-0.01638063823338598,0.006840808950807187,0,-0.00014177297807974707,-0.016687634494958335,0.006840808950807187,904_GSL_1
40201,66,2026-02-15 00:06:22.700000+00:00,124898.93939917232,426720.76810508344,4.124512444876169,0.0017935086361831054,-0.006100071361288428,0.042225914472404646,0,0.004008241858819114,0.00493574118467378,0.042225914472404646,901_GSL_1
40202,68,2026-02-15 00:06:22.740000+00:00,123928.08607224384,426940.43128250126,7.134273334467504,-0.022878118019434623,-0.016452503972686827,0.015460053427277742,0,0.016162939112999514,-0.02308359959607525,0.015460053427277742,905_GSL_1
40203,71,2026-02-15 00:06:31.710000+00:00,124806.22060693208,426258.50777999905,4.600108118920463,-0.007155003404477611,-0.007326133025344461,0.008604455771195951,0,0.002521949259994925,0.009925022456052179,0.008604455771195951,903_GSL_1
40204,68,2026-02-15 00:06:37.430000+00:00,123928.08871640907,426940.4317608089,7.129545575411133,-0.02023395278956741,-0.015974196314346045,0.01073229437090717,0,-0.0010984188362503588,-0.025756188954111203,0.01073229437090717,905_GSL_1
40205,69,2026-02-15 00:06:39.300000+00:00,124266.91888421917,427056.3154124449,7.107939432316065,-0.023712977490504272,0.0005740608321502805,0.017438061388632242,0,0.009517369175739592,-0.021726815948887982,0.017438061388632242,906_GSL_1
40206,71,2026-02-15 00:06:40.400000+00:00,124806.22214894323,426258.5052891688,4.621889008772864,-0.005612992259557359,-0.009816963283810765,0.030385345623596294,0,0.0056930552431753885,0.009770750852400888,0.030385345623596294,903_GSL_1
40207,67,2026-02-15 00:06:47.970000+00:00,123855.61229609906,426533.07851204934,6.0315445840025,-0.005698375083738938,-0.01259065535850823,-0.01286356433507585,0,0.011987211078923244,-0.006877706849019417,-0.01286356433507585,904_GSL_1
40208,138,2026-02-15 00:06:51.490000+00:00,123928.08595160721,426940.43154477427,7.110586691750202,-0.0006672714662272483,-0.00017637776909396052,-0.00734937184772555,0,0.0002690185285738679,-0.000635601572021007,-0.00734937184772555,905_GSL_1
40209,69,2026-02-15 00:06:53.430000+00:00,124266.91728483365,427056.3141474823,7.090785879305363,-0.02531236301001627,-0.0006909017683938146,0.00028450837793059236,0,8.501540591219224e-05,-0.02532164763172348,0.00028450837793059236,906_GSL_1
40210,66,2026-02-15 00:06:56.040000+00:00,124898.93998865239,426720.77324488707,4.086144004256443,0.002382988706813194,-0.0009602677309885621,0.003857473852678872,0,0.0024798801470242264,0.0006715234533299938,0.003857473852678872,901_GSL_1
40211,67,2026-02-15 00:06:57.190000+00:00,123855.61470949647,426533.0693241166,6.057212353301924,-0.0032849776762304828,-0.02177858812501654,0.012804204964348642,0,0.014945873496451937,-0.016177726802010833,0.012804204964348642,904_GSL_1
40212,68,2026-02-15 00:07:04.680000+00:00,123928.08787942573,426940.4334753051,7.143320783929599,-0.021070936127216555,-0.014259700139518827,0.024507502889372645,0,0.02059448135292637,-0.014939569443267136,0.024507502889372645,905_GSL_1
40213,125,2026-02-15 00:07:10.020000+00:00,124339.65876445665,426609.5899326091,6.669486750781359,0.0008988930203486234,-0.0013012373237870634,-0.004029187347755148,0,-0.0011570281677778201,0.0010781989861879343,-0.004029187347755148,17_P5_1
40214,66,2026-02-15 00:07:11.030000+00:00,124898.94111408642,426720.7691798848,4.084668508857193,0.003508422742015682,-0.005025269987527281,0.002381978453428246,0,0.0011434204032081357,0.00602120904518043,0.002381978453428246,901_GSL_1
40215,69,2026-02-15 00:07:20.570000+00:00,124266.92018066865,427056.31538511877,7.119123253683057,-0.022416528008761816,0.000546734721865505,0.028621882755624384,0,0.01628772757517771,-0.015411345731651474,0.028621882755624384,906_GSL_1
40216,146,2026-02-15 00:07:26.190000+00:00,124350.92538065015,426607.5116709505,11.373282570763815,-0.0008859247900545597,-0.0001944463001564145,-0.0060389424602682595,0,-0.0003771713764923997,-0.0008248720203962325,-0.0060389424602682595,13_P5_1
40217,149,2026-02-15 00:07:31.720000+00:00,124351.03995870943,426607.39703458437,8.015034403003689,-0.0013529826392186806,0.00030211888952180743,0.002808559035891278,0,-8.554034051824062e-05,0.0013836620597447412,0.002808559035891278,14_P5_1
40218,148,2026-02-15 00:07:42.190000+00:00,124351.03936253166,426607.39806123415,8.010024287120071,-0.0017558830004418269,-0.00039466057205572724,-0.005432128092310862,0,-0.0007579128603767435,-0.0016323143614057583,-0.005432128092310862,14_P5_1
40219,147,2026-02-15 00:07:46.670000+00:00,124350.92586767706,426607.51051580906,11.375077512158786,-0.0006396685348590836,0.000523068942129612,0.0008578704863424491,0,-0.0004154128684510349,0.0007142892281384629,0.0008578704863424491,13_P5_1
40220,164,2026-02-15 00:07:48.600000+00:00,124091.0649987882,427154.2071803887,9.838504030213294,-0.030329663160955533,0.012449447240214795,0.02387049858389645,0,0.020035579641858484,-0.02595096823740226,0.02387049858389645,907_GSL_1
40221,110,2026-02-15 00:07:56.580000+00:00,124434.13968500862,426963.93096857716,8.784281860254476,-0.00040083385829348117,-0.001117996289394796,0.03322149999668689,0,-0.0011769125595584157,-0.00015956287854206443,0.03322149999668689,35_P9_0
40222,128,2026-02-15 00:08:00.090000+00:00,124898.93930687431,426720.7715634901,4.071719522759569,-0.000994525194982998,0.002299455285537988,-0.009672408244110642,0,9.719466251543729e-05,-0.002503423290461098,-0.009672408244110642,901_GSL_1
40223,126,2026-02-15 00:08:01.810000+00:00,124339.65636951948,426609.58882556035,6.671755916136538,-0.00045108466292731464,0.00033539929427206516,0.0010987270010804906,0,-0.00022720165545743842,0.0005141492657622375,0.0010987270010804906,17_P5_1
40224,122,2026-02-15 00:08:05.050000+00:00,124329.15052666195,426611.3903760822,8.088025404857405,0.0009757588995853439,-0.001662826631218195,0.004361566415006735,0,-0.0013609511786892845,0.0013656169758877116,0.004361566415006735,16_P5_1
40225,111,2026-02-15 00:08:11.660000+00:00,124434.26139808125,426963.97434928885,6.50085483504405,-0.0002926780725829303,-0.0037144905072636902,0.03956232542928184,0,-0.00369297318636504,0.0004950244716292015,0.03956232542928184,36_P9_0
40226,121,2026-02-15 00:08:17.220000+00:00,124329.25938950139,426611.3278894744,11.355943194916982,-0.0001532683236291632,0.000172981817740947,0.0016436728428601555,0,-0.0001234474332490338,0.00019538326315547466,0.0016436728428601555,15_P5_1
40227,131,2026-02-15 00:08:17.390000+00:00,124806.21661061536,426258.50069961755,4.610819612327417,-0.0019338807906024158,-0.005584446946159005,-0.0006848604451450413,0,0.0001294275132496605,0.005908400047858952,-0.0006848604451450413,903_GSL_1
40228,3,2026-02-15 00:08:17.590000+00:00,124314.90249210387,426440.79291741725,7.048249700995977,-0.004747248065541498,-0.003159866319037974,-0.030179394495107204,11,-0.005650755216177326,0.0007681697968696964,-0.030179394495107204,TS2
40229,107,2026-02-15 00:08:20.200000+00:00,124409.92260566464,426969.5246981728,6.296605318365497,0.0017881573439808562,0.0002871197066269815,0.00752499493546388,0,0.0007040701406512536,0.001668601105659935,0.00752499493546388,38_P9_0
40230,120,2026-02-15 00:08:20.330000+00:00,124329.2612329021,426611.3294720438,11.360909186361981,0.0009810669434955344,-0.0017030463204719126,0.002878019715108593,0,-0.0013975217749710687,0.0013819522443899077,0.002878019715108593,15_P5_1
40231,123,2026-02-15 00:08:32.020000+00:00,124329.15021129648,426611.39054669935,8.080692023842563,0.0004546843556454405,0.00026867969427257776,0.0025763787884969247,0,-0.0003849382621470573,-0.00036159255484359565,0.0025763787884969247,16_P5_1
40232,106,2026-02-15 00:08:34.840000+00:00,124410.03421877656,426969.4500498745,8.931348948231776,0.002014958343352191,0.0004885335802100599,0.007461723893245065,0,0.0009587057704232454,0.001838370319112729,0.007461723893245065,37_P9_0
40233,124,2026-02-15 00:08:35.900000+00:00,124339.6589416614,426609.5887922166,6.677488560037944,0.0011759381741285324,-0.0014496874064207077,0.0030583642047510295,0,-0.0010093362866376184,0.0015702434289574748,0.0030583642047510295,17_P5_1
40234,118,2026-02-15 00:08:47.850000+00:00,124372.26065087938,426775.1124884271,6.169796234216968,0.0006235173932509497,-0.0001760717132128775,0.004264165226606664,0,-0.00027958702906552893,-0.0005844709411583166,0.004264165226606664,22_P6_1
40235,160,2026-02-15 00:08:49.860000+00:00,124421.8128128726,426965.6176007462,5.602876381546125,0.0016067119577201083,-0.0010372924152761698,0.010695151658786095,0,-0.00011759488102338277,0.001908840044065335,0.010695151658786095,38a_P9_0
40236,170,2026-02-15 00:08:52.520000+00:00,124669.37440567036,426931.3097622639,13.800354750110067,-0.013641146113513969,0.011265292181633413,0.014164619438679082,0,0.0003837556714750019,-0.017687295067715103,0.014164619438679082,908_GSL_1
40237,74,2026-02-15 00:09:04.250000+00:00,124369.34613284879,426785.7252358927,7.233882093137289,-0.0001803605118766427,-0.0012304040137678385,0.0038282583802171644,0,-0.0001922668373665444,-0.0012285997780357436,0.0038282583802171644,21_P6_1
40238,162,2026-02-15 00:09:06.950000+00:00,124402.99692790871,426879.6465026038,6.554981312637549,0.0014997803955338895,-0.001230984111316502,0.010308269346982257,0,0.0013564519629085706,-0.0013873360045291677,0.010308269346982257,34a_P7_0
40239,92,2026-02-15 00:09:09.930000+00:00,124278.31605802353,426395.63679185585,11.103865921337102,0.002082220948068425,-0.0014987693284638226,0.002076938109881965,0,0.0011794343467592112,-0.002278352079509122,0.002076938109881965,11_P3_0
40240,73,2026-02-15 00:09:20.540000+00:00,124369.48957058106,426785.695962825,11.410070886031349,0.00023101663100533187,-0.0005038292147219181,0.004016269968273534,0,-0.00037048380433439093,-0.00041225515416338344,0.004016269968273534,20_P6_1
40241,104,2026-02-15 00:09:22.500000+00:00,124389.81748038769,426881.4453023387,10.733052778411817,0.00038417741598095745,0.0009627705439925194,0.007140910351610685,0,-0.0010214078372633947,-0.00017676378957912084,0.007140910351610685,33_P7_0
40242,93,2026-02-15 00:09:25.200000+00:00,124278.27029552456,426395.7893579854,7.9505895482952225,0.0021719448850490153,-0.0019921170896850526,0.0018640280157047329,0,0.0016511662124986464,-0.002441213882765846,0.0018640280157047329,12_P3_0
40243,165,2026-02-15 00:09:36.830000+00:00,124091.06236340872,427154.2061478515,9.853819141932673,-0.021417218435090035,0.0099960578372702,0.003083648206652967,0,0.02102077098656175,-0.01080488801019868,0.003083648206652967,907_GSL_1
40244,105,2026-02-15 00:09:37.500000+00:00,124389.68832794913,426881.4727888345,7.06984614031431,-0.00035748822847381234,0.0008356203325092793,0.007550243591519568,0,-0.0007420818884578869,0.0005247605591343915,0.007550243591519568,34_P7_0
40245,94,2026-02-15 00:09:40.430000+00:00,124268.22580775592,426351.5543579823,10.21685677525655,0.0015852568321861327,-0.0016150381998158991,0.002362835965589838,0,0.0012987559596130476,-0.001853272934089036,0.002362835965589838,07_P2_0
40246,152,2026-02-15 00:09:53.640000+00:00,124370.2755919042,426819.4995173914,9.73250509579552,-0.00017975766968447715,0.0003473534598015249,0.003584144567641445,0,0.00037940217211865807,-9.498019603121133e-05,0.003584144567641445,29_KW_1
40247,68,2026-02-15 00:09:55.530000+00:00,123928.08458338588,426940.4306116764,7.112628804018952,-0.024366975980228744,-0.01712332881288603,-0.006184477021274226,0,0.0013756433920059745,-0.029750050643877694,-0.006184477021274226,905_GSL_1
40248,95,2026-02-15 00:09:55.830000+00:00,124268.11098843528,426351.5473007275,7.195960008144326,0.001440533043933101,-0.0018902824958786368,0.002289149899205256,0,0.0015937277581382016,-0.0017630471343183414,0.002289149899205256,08_P2_0
40249,113,2026-02-15 00:10:04.270000+00:00,124414.07873728599,426875.9132184733,7.3366563516475924,0.0015026718174340203,-0.0020136648672632873,0.03330640652231587,0,0.001600391988897552,-0.0019369084310915353,0.03330640652231587,32_P7_0
40250,117,2026-02-15 00:10:09.550000+00:00,124377.68032045278,426815.9058819435,7.621449029974143,0.0003033086977666244,0.00017590494826436043,0.0040139898016837705,0,0.0001639848222491739,0.0003099156256736334,0.0040139898016837705,26_KW_0
40251,96,2026-02-15 00:10:11.430000+00:00,124258.0635611706,426307.35060480866,9.307884888319691,0.0025829741643974558,-0.0018047682824544609,0.0033392801438001385,0,0.0012639093410440562,-0.00288642984756601,0.0033392801438001385,03_P1_0
40252,112,2026-02-15 00:10:19.480000+00:00,124413.95221475908,426875.8658396095,10.701884690034621,0.0014801342622376978,-0.00142645591404289,0.032619083113957004,0,0.0010307876175969797,-0.0017784967799708306,0.032619083113957004,31_P7_0
40253,116,2026-02-15 00:10:24.840000+00:00,124377.6875316497,426815.90034322557,10.009396960931106,0.0001717581326374784,0.00028166198171675205,0.004337205653982323,0,0.0002748134649704897,0.00018251544466875953,0.004337205653982323,25_KW_0
40254,97,2026-02-15 00:10:26.820000+00:00,124257.98930939943,426307.38977513334,6.84163735090654,0.001439190556993708,-0.002077571291010827,0.0045751603104395855,0,0.0017544260890547702,-0.0018192198950693775,0.0045751603104395855,04_P1_0
40255,66,2026-02-15 00:10:34.600000+00:00,124898.93962164393,426720.7707100693,4.0749778874215625,0.002015980251599103,-0.0034950855188071728,-0.007308642982201796,0,0.00030701653737467987,0.004023125651081712,-0.007308642982201796,901_GSL_1
40256,161,2026-02-15 00:10:35.950000+00:00,124402.99134333558,426879.64327983774,6.581335366985648,-6.041101005394012e-05,-0.004227049241308123,0.03971104616192633,0,0.0037366420816302014,-0.0019771445906583644,0.03971104616192633,34a_P7_0
40257,115,2026-02-15 00:10:41.050000+00:00,124396.28960409248,426811.63424397924,7.651197540141796,-0.0004866673261858523,0.0003296427894383669,0.004925247368749552,0,3.2506832492138176e-05,-0.0005869009804446763,0.004925247368749552,24_KW_0
40258,71,2026-02-15 00:10:51.610000+00:00,124806.21678177429,426258.50130178564,4.611035427397015,-0.010980161197949201,-0.013804346439428627,0.019531764247747496,0,-0.005493011664566325,0.0167615853488163,0.019531764247747496,903_GSL_1
40259,114,2026-02-15 00:10:56.140000+00:00,124396.29888525249,426811.62993831845,9.994837355290876,-0.00013539253268390894,0.00039956264663487673,0.004153277640693176,0,0.00027299401186084107,-0.00032164532637760134,0.004153277640693176,23_KW_0
40260,150,2026-02-15 00:11:11.550000+00:00,124401.10245452862,426812.3221665027,9.18565116524932,-0.0007261013088282198,0.0007349136867560446,0.003637142005510796,0,0.00015341517230492316,-0.0010216579772947825,0.003637142005510796,27_KW_1
40261,153,2026-02-15 00:11:14.200000+00:00,124370.27686165154,426819.49765168835,9.736373040023853,0.003022846663952805,-0.0014714088756591082,0.010292562910864334,0,0.0006250031955527022,-0.003303334230544635,0.010292562910864334,29_KW_1
40262,119,2026-02-15 00:11:27.450000+00:00,124400.81374325321,426811.34351891733,3.9881848199267207,-0.0004081338702235371,0.00039003603160381317,0.00465069084053793,0,6.224988721782173e-05,-0.0005610938544613211,0.00465069084053793,28_KW_1
40263,169,2026-02-15 00:11:43.070000+00:00,124669.37608931125,426931.308663362,13.812334880406485,-0.0029881370719522238,0.006503809068817645,0.0005796675335929535,0,0.000301741819097998,-0.0071510451990612735,0.0005796675335929535,908_GSL_1
40264,102,2026-02-15 00:12:12.820000+00:00,124282.39406079636,426301.7925617999,6.899260777995537,0.0007718505366938189,-0.0009960646857507527,-0.004037205771198593,0,0.0007941188787220342,-0.0009784034523914666,-0.004037205771198593,02_P1_0
40265,72,2026-02-15 00:12:25.050000+00:00,124390.523449868,426780.8877443274,10.990921832542906,-0.0005098348628962412,0.0008133957162499428,0.003836510976148233,0,-0.0006322884926364428,-0.0007223264087085017,0.003836510976148233,18_P6_1
40266,103,2026-02-15 00:12:33.360000+00:00,124282.31119798512,426301.7967919454,9.294068850628774,-0.0005204220360610634,-0.0006522078183479607,-0.003882635162339554,0,0.0007537877213387814,0.00035779631788356486,-0.003882635162339554,01_P1_0
40267,100,2026-02-15 00:12:48.690000+00:00,124292.48381988845,426345.92934489495,7.583222466820044,9.661514195613563e-05,-0.0008900847751647234,-0.00527710214905408,0,0.0008440048443860729,-0.0002987326819885656,-0.00527710214905408,06_P2_0
40268,101,2026-02-15 00:13:04.130000+00:00,124292.40486984058,426345.8826078858,10.211470988091609,-0.00044903025263920426,-0.0007856400916352868,-0.004147509508674929,0,0.0008680229572634871,0.00025572381006366975,-0.004147509508674929,05_P2_0
40269,98,2026-02-15 00:13:19.040000+00:00,124302.66065260174,426390.0773594538,7.975321409188487,-0.00019303181034047157,-0.0005525547894649208,-0.0037293859423837006,0,0.0005824211122126757,5.799761385516175e-05,-0.0037293859423837006,10_P3_0
40270,99,2026-02-15 00:13:34.840000+00:00,124302.5376931051,426390.1345481307,11.083666291978847,-0.000387186068110168,-0.0002681612968444824,-0.00408891077051976,0,0.00035231732206846163,0.00031256365277241394,-0.00408891077051976,09_P3_0
40271,166,2026-02-15 00:13:52.610000+00:00,124091.05723238767,427154.2061607409,9.822750146744903,-0.015048448025481775,0.017132761364337057,-0.007103472317901094,0,0.02085199484401044,-0.00922938843956136,-0.007103472317901094,907_GSL_1
40272,125,2026-02-15 00:14:09.360000+00:00,124339.65695342659,426609.59030073497,6.670147804952576,-0.0009121370385400951,-0.0009331114706583321,-0.0033681331765382794,0,-0.0010555936764878537,-0.0007670808196726775,-0.0033681331765382794,17_P5_1
40273,146,2026-02-15 00:14:26.510000+00:00,124350.92347043974,426607.51176339143,11.373793350977564,-0.0027961352025158703,-0.00010200537508353591,-0.00552816224651842,0,-0.0006902610391779034,-0.0027115156029585076,-0.00552816224651842,13_P5_1
40274,148,2026-02-15 00:14:41.500000+00:00,124351.0395499158,426607.3979650278,8.010779433001327,-0.0015684988611610606,-0.000490866950713098,-0.004676982211055503,0,-0.0008122100083576548,-0.0014287945769387485,-0.004676982211055503,14_P5_1
40275,168,2026-02-15 00:14:59.360000+00:00,124669.36997532575,426931.3132503654,13.788394426167674,-0.006756645598215982,0.005509793001692742,-0.012945593767554442,0,0.0005082216198254936,-0.008703550393174941,-0.012945593767554442,908_GSL_1
40276,138,2026-02-15 00:15:19.920000+00:00,123928.0839522649,426940.43018638593,7.11201203565462,-0.002666613770998083,-0.0015347661101259291,-0.005924027943307486,0,0.0004188482810354031,-0.0030480981175056323,-0.005924027943307486,905_GSL_1
40277,130,2026-02-15 00:15:20.970000+00:00,124898.94017816948,426720.76921969076,4.123253222606105,0.0018051722145173699,-0.00045700802002102137,0.0331904901359108,0,0.0018417220756843016,-0.0002748869774401616,0.0331904901359108,901_GSL_1
40278,134,2026-02-15 00:15:21.630000+00:00,123855.61450605768,426533.07282618195,6.054826473424363,4.391626862343401e-05,-0.0014718800084665418,0.008983554526582616,0,-0.0003365375407803969,-0.0014335626535379455,0.008983554526582616,904_GSL_1
40279,139,2026-02-15 00:15:21.740000+00:00,123928.08664496632,426940.4329148826,7.132960483704931,-0.00022495737357530743,0.001810870016925037,-0.0036413470343248378,0,0.0008101643668827241,0.0016350809572487528,-0.0036413470343248378,905_GSL_1
40280,133,2026-02-15 00:15:30.980000+00:00,124806.21786593327,426258.5063470606,4.598917572180419,-0.004030160256661475,-0.005136752733960748,0.010760467995853062,0,0.002282653723741954,0.006117018254158957,0.010760467995853062,903_GSL_1
40281,125,2026-02-15 00:15:37.320000+00:00,124339.65787404645,426609.59016365104,6.669205314641791,8.48282070364803e-06,-0.0010701954015530646,-0.004310623487323362,0,-0.0010576373284336147,0.0001636870100411806,-0.004310623487323362,17_P5_1
40282,137,2026-02-15 00:15:37.830000+00:00,123928.08702501318,426940.4305408212,7.130945980393015,-0.0023742486955597997,-0.003287749830633402,0.008082289427485456,0,-0.0012743502154036726,-0.003849985369543368,0.008082289427485456,905_GSL_1
40283,143,2026-02-15 00:15:38.630000+00:00,124266.91950787738,427056.31561308797,7.107617793791162,-5.95507153775543e-05,0.0013862119521945715,0.002076055568384305,0,0.0013053548245839095,0.00047029633854047163,0.002076055568384305,906_GSL_1
40284,132,2026-02-15 00:15:40.850000+00:00,124806.22460148497,426258.5066229397,4.616709711463532,0.010467197193065658,0.0014811892760917544,0.03407753725321072,0,0.003952831387926095,-0.009804655158074509,0.03407753725321072,903_GSL_1
40285,153,2026-02-15 00:15:47.520000+00:00,124370.27648994228,426819.4979128632,9.736769360877481,0.0026511374016990885,-0.0012102340115234256,0.01068888376449273,0,0.00047073021809311734,-0.0028760404981692943,0.01068888376449273,29_KW_1
40286,146,2026-02-15 00:15:52.520000+00:00,124350.92471421006,426607.5115504105,11.373616922828923,-0.001552364876260981,-0.00031498633325099945,-0.005704590395160025,0,-0.0006357474865976895,-0.0014508198483851814,-0.005704590395160025,13_P5_1
40287,152,2026-02-15 00:15:53.940000+00:00,124370.27564008922,426819.49943446054,9.732345551525668,-0.0001315726403845474,0.0002644226187840104,0.0034246002977891266,0,0.00028760718759860353,-6.717727788454354e-05,0.0034246002977891266,29_KW_1
40288,141,2026-02-15 00:15:54.630000+00:00,124266.91927331327,427056.31425867986,7.0908908459586435,0.0006445618200814351,-0.00025962316431105137,0.006756145695545612,0,-0.0002792761516086973,0.0006362931388096304,0.006756145695545612,906_GSL_1
40289,135,2026-02-15 00:15:57.440000+00:00,123855.61575523145,426533.06796973565,6.055971725671641,0.0021049532224424183,-0.00866518565453589,0.03477327855328394,0,0.003123277495692084,-0.008352329506260435,0.03477327855328394,904_GSL_1
40290,5,2026-02-15 00:15:57.640000+00:00,124424.61711418942,426919.14208006335,8.783586556443028,-8.858810178935528e-05,-0.004267705720849335,0.01576073443671433,11,-0.004268358337231336,4.771872312347707e-05,0.01576073443671433,TS4
40291,136,2026-02-15 00:16:03.510000+00:00,123855.61437841006,426533.07554450096,6.030826603734097,-0.001391701734974049,0.001435974845662713,0.008534061297358342,0,0.0002886038574939138,0.001978778736985382,0.008534061297358342,904_GSL_1
40292,148,2026-02-15 00:16:08.520000+00:00,124351.03951648758,426607.3979709245,8.01101176680614,-0.0016019270842662081,-0.00048497022362425923,-0.0044446484062419245,0,-0.0008135335975036753,-0.0014627130910881076,-0.0044446484062419245,14_P5_1
40293,150,2026-02-15 00:16:10.140000+00:00,124401.1023129221,426812.32214601693,9.185681262509256,-0.0008677078294567764,0.0007144279079511762,0.0036672392654466535,0,5.217587826582758e-05,-0.0011227652429102327,0.0036672392654466535,27_KW_1
40294,122,2026-02-15 00:16:10.240000+00:00,124329.15010653077,426611.39038377575,8.087249752929955,0.000555627717403695,-0.0016551330918446183,0.0035859144875569626,0,-0.0014600734994526976,0.000957273779157415,0.0035859144875569626,16_P5_1
40295,140,2026-02-15 00:16:20.340000+00:00,123928.08782916969,426940.43214198755,7.145582778603941,0.00030543722095899284,-0.002296689373906702,0.010009072401597763,0,-0.00038013859585604053,-0.0022855127704967454,0.010009072401597763,905_GSL_1
40296,120,2026-02-15 00:16:25.330000+00:00,124329.26182554345,426611.3292583655,11.361201194331736,0.0015737082867417485,-0.0019167246064171195,0.003170027684863186,0,-0.0014534430598544866,0.002009451233637019,0.003170027684863186,15_P5_1
40297,128,2026-02-15 00:16:26.520000+00:00,124898.93795941415,426720.77452807286,4.0753173569314285,-0.002341985353268683,0.005264038045424968,-0.006074574072250982,0,0.00016365186527363351,-0.005759184838638105,-0.006074574072250982,901_GSL_1
40298,129,2026-02-15 00:16:29.240000+00:00,124898.93997869354,426720.7726259564,4.088049053763851,0.00030699475610163063,0.00012328627053648233,-0.0036356914817625707,0,0.0002902478113210887,-0.00015874978047232722,-0.0036356914817625707,901_GSL_1
40299,145,2026-02-15 00:16:36.540000+00:00,124266.91979927335,427056.3148583435,7.119038635200846,0.0014755205193068832,0.00011173589155077934,0.011071698909200123,0,-0.0009680926329612012,0.001119125715173479,0.011071698909200123,906_GSL_1
40300,6,2026-02-15 00:16:36.740000+00:00,124399.03979012111,426925.0751583588,8.555098381886618,0.0006193767330842093,-0.0002908561145886779,0.007791686065059977,11,-0.0006324243465212563,0.0002612743056767197,0.007791686065059977,TS5
40301,124,2026-02-15 00:16:40.770000+00:00,124339.65829935155,426609.58895282424,6.677733449016898,0.000533628321136348,-0.001289079780690372,0.003303253183704946,0,-0.001057606301846785,0.0009099202033131817,0.003303253183704946,17_P5_1
40302,154,2026-02-15 00:16:40.970000+00:00,124285.66547054469,426445.5616000417,7.894327193401797,0.0008455446804873645,-0.0022249583271332085,-0.007272806598201953,11,-0.002378911751160043,7.851270198217025e-05,-0.007272806598201953,TS1-1
40303,131,2026-02-15 00:16:44.120000+00:00,124806.21721658754,426258.50203865994,4.611322830793959,-0.0013279086124384776,-0.0042454045615158975,-0.00018164197860315312,0,0.00023177394313517811,0.004442193378637611,-0.00018164197860315312,903_GSL_1
40304,3,2026-02-15 00:16:44.320000+00:00,124314.90255642333,426440.7930195951,7.048075729401938,-0.004682928600232117,-0.0030576884746551514,-0.030353366089146405,11,-0.005548256701810425,0.0007043625868305228,-0.030353366089146405,TS2
40305,149,2026-02-15 00:16:45.740000+00:00,124351.03987921416,426607.39709821064,8.015262151440453,-0.0014324779040180147,0.00036574515979737043,0.003036307472655153,0,-0.00013587034468911903,0.0014721758444048417,0.003036307472655153,14_P5_1
40306,147,2026-02-15 00:17:00.640000+00:00,124350.92610124518,426607.5104966774,11.375961437187575,-0.00040610041469335556,0.0005039373063482344,0.001741795515131983,0,-0.00043343127096391257,0.0004806325924177812,0.001741795515131983,13_P5_1
40307,126,2026-02-15 00:17:15.430000+00:00,124339.65620699884,426609.58876172034,6.671468054798637,-0.0006136052979854867,0.0002715592854656279,0.0008108656631788946,0,-0.00012896279066381542,0.0006585017128775454,0.0008108656631788946,17_P5_1
40308,121,2026-02-15 00:17:30.740000+00:00,124329.25924523287,426611.32797584165,11.355583914484393,-0.0002975368406623602,0.00025934906443580985,0.001284392410271451,0,-0.0001662144367613004,0.00035799842148701196,0.001284392410271451,15_P5_1
40309,123,2026-02-15 00:17:45.860000+00:00,124329.15016056296,426611.3905608739,8.080386104014842,0.00040395083487965167,0.0002828542492352426,0.002270458960776267,0,-0.00038438502447740936,-0.0003089190124739845,0.002270458960776267,16_P5_1
40310,4,2026-02-15 00:17:46.060000+00:00,124378.97040708722,426782.7413836616,7.760336702060185,-0.0014108859759289771,0.00020075414795428514,0.005260997087918717,11,-0.0014202605813069154,-0.00011730876429174362,0.005260997087918717,TS3
40311,68,2026-02-15 00:21:20.250000+00:00,123928.0813200053,426940.42795871355,7.11250661638642,-0.027630356562440284,-0.01977629167959094,-0.006306664653806138,0,0.0012754469170536756,-0.03395455126379412,-0.006306664653806138,905_GSL_1
40312,67,2026-02-15 00:21:20.600000+00:00,123855.61471797447,426533.0734532443,6.050197960667378,-0.0032764996722107753,-0.017649460409302264,0.005789812329802579,0,-0.00030943037854820615,-0.01794834687881747,0.005789812329802579,904_GSL_1
40313,68,2026-02-15 00:21:21.860000+00:00,123928.0868681892,426940.43340950797,7.1349379206104215,-0.02208217265433632,-0.014325497264508158,0.016124639570195498,0,0.01611391132737156,-0.02081307480275214,0.016124639570195498,905_GSL_1
40314,66,2026-02-15 00:21:21.870000+00:00,124898.93914138696,426720.7666445162,4.132595440237331,0.0015357232769019902,-0.007560638594441116,0.05030890983356695,0,0.004333947581180772,0.006382679711731464,0.05030890983356695,901_GSL_1
40315,68,2026-02-15 00:21:36.830000+00:00,123928.08721480115,426940.4304106062,7.130358223266146,-0.02173556070192717,-0.017324399028439075,0.011544942225920174,0,-0.0013134496960473547,-0.027764082023717166,0.011544942225920174,905_GSL_1
40316,71,2026-02-15 00:21:39+00:00,124806.22322763097,426258.5090636451,4.590462975952354,-0.004534304520348087,-0.006042486988008022,-0.0010406871969133036,0,0.0027927143451950843,0.0070194239841768315,-0.0010406871969133036,903_GSL_1
40317,69,2026-02-15 00:21:40.100000+00:00,124266.91954689965,427056.3157365533,7.107374333245817,-0.02305029700801242,0.0008981692371889949,0.01687296231838431,0,0.009566178812667383,-0.020990738983187148,0.01687296231838431,906_GSL_1
40318,71,2026-02-15 00:21:40.300000+00:00,124806.21802130109,426258.5020427258,4.631168198716299,-0.009740634399349801,-0.013063406280707568,0.039664535567031756,0,0.006439569041769087,0.014968783942355362,0.039664535567031756,903_GSL_1
40319,69,2026-02-15 00:21:53.300000+00:00,124266.91910991387,427056.3143339463,7.091022351798598,-0.02348728278593626,-0.0005044377176091075,0.0005209808711654773,0,0.00021547266813181599,-0.023491710912719246,0.0005209808711654773,906_GSL_1
40320,67,2026-02-15 00:21:56.880000+00:00,123855.6146846625,426533.0756256061,6.033313014096521,-0.0033098116400651634,-0.015477098582778126,-0.011095134241054794,0,0.011738634376332172,-0.010616020752265705,-0.011095134241054794,904_GSL_1
40321,66,2026-02-15 00:21:57.760000+00:00,124898.93804026094,426720.7741443311,4.076850751284247,0.0004345972556620836,-6.082368781790137e-05,-0.0054357791195176475,0,0.0003655996059846696,0.00024271634418110029,-0.0054357791195176475,901_GSL_1
40322,67,2026-02-15 00:21:57.760000+00:00,123855.61331991985,426533.0709804888,6.062942712546956,-0.004674554293160327,-0.020122215908486396,0.018534564209380378,0,0.01516579523310616,-0.01402689152502938,0.018534564209380378,904_GSL_1
40323,66,2026-02-15 00:21:58.040000+00:00,124898.93981164436,426720.7716789924,4.087505402428611,0.0022059806797187775,-0.0025261624250561,0.005218872024846277,0,0.002489419919899799,0.0022473619689457936,0.005218872024846277,901_GSL_1
40324,66,2026-02-15 00:22:10.630000+00:00,124898.94190824436,426720.7675705141,4.082103927714563,0.004302580680814572,-0.006634640682023019,-0.00018260268920133882,0,0.0012090500213009024,0.007814656456970194,-0.00018260268920133882,901_GSL_1
40325,68,2026-02-15 00:22:13.690000+00:00,123928.0879738914,426940.43304764974,7.145258635950438,-0.020976470463210717,-0.01468735549133271,0.02644535491021216,0,0.02048611998468209,-0.015363906156832054,0.02644535491021216,905_GSL_1
40326,71,2026-02-15 00:22:14.830000+00:00,124806.21713258946,426258.50228203763,4.6084302391152265,-0.010629346026689745,-0.012824094446841627,0.016926575965959145,0,-0.005505060564783842,0.015720518551074616,0.016926575965959145,903_GSL_1
40327,69,2026-02-15 00:22:30.620000+00:00,124266.92004421167,427056.31534497696,7.1188390001993,-0.02255298498494085,0.0005065929144620895,0.028337629271867115,0,0.016356260680791945,-0.015535974531838359,0.028337629271867115,906_GSL_1
40328,149,2026-02-15 00:22:33.920000+00:00,124351.04033131467,426607.3970260975,8.01519383592041,-0.0009803774009924382,0.00029363203793764114,0.0029679919526124365,0,-0.00013576814818625957,0.0010143602082190398,0.0029679919526124365,14_P5_1
40329,164,2026-02-15 00:22:48.530000+00:00,124091.06185911853,427154.20628017094,9.837669099130025,-0.03346933283319231,0.011549229500815272,0.023035567500627963,0,0.019998788773324647,-0.029216936697084635,0.023035567500627963,907_GSL_1
40330,147,2026-02-15 00:22:49.320000+00:00,124350.92617066139,426607.51047964464,11.375674535609086,-0.0003366841992828995,0.00048690452240407467,0.001454893936642776,0,-0.0004275820145016839,0.0004093969771004532,0.001454893936642776,13_P5_1
40331,110,2026-02-15 00:22:57.460000+00:00,124434.13970557679,426963.9307524179,8.79176692548762,-0.0003802656865445897,-0.0013341555604711175,0.04070656522983107,0,-0.0013840679155014517,-9.44936885654048e-05,0.04070656522983107,35_P9_0
40332,122,2026-02-15 00:23:04.710000+00:00,124329.15066832285,426611.3903904146,8.087257820589057,0.001117419800721109,-0.0016484942170791328,0.0035939821466595134,0,-0.0013111564025917676,0.001499009367125356,0.0035939821466595134,16_P5_1
40333,126,2026-02-15 00:23:05.680000+00:00,124339.65692043622,426609.58880379726,6.67163259264696,9.983207564800978e-05,0.0003136362065561116,0.0009754035115019377,0,-0.0003279557562012431,-2.7912996355973552e-05,0.0009754035115019377,17_P5_1
40334,111,2026-02-15 00:23:13.160000+00:00,124434.26128515894,426963.9741133563,6.5091222711218695,-0.0004056003817822784,-0.0039504230371676385,0.047829761507101054,0,-0.0039473781695693435,0.0004342343016092756,0.047829761507101054,36_P9_0
40335,120,2026-02-15 00:23:19.810000+00:00,124329.26138685827,426611.32943470177,11.360478714387026,0.001135023107053712,-0.0017403883393853903,0.002447547740153766,0,-0.0013944797036388576,0.0015403426182358853,0.002447547740153766,15_P5_1
40336,121,2026-02-15 00:23:21.040000+00:00,124329.259924586,426611.3277720828,11.355262528421717,0.0003818162949755788,5.559023702517152e-05,0.0009630063475949413,0,-0.00015973632118020204,-0.00035122395313703805,0.0009630063475949413,15_P5_1
40337,107,2026-02-15 00:23:30.450000+00:00,124409.92271482115,426969.5250879626,6.296821827770508,0.0018973138503497466,0.0006769095198251307,0.007741504340474492,0,0.0011086312502144294,0.0016819462226262945,0.007741504340474492,38_P9_0
40338,124,2026-02-15 00:23:35.220000+00:00,124339.65896419433,426609.5887913369,6.6777162445862155,0.0011984711018158123,-0.001450567098800093,0.003286048753022186,0,-0.0010031272364579783,0.0015919213666149169,0.003286048753022186,17_P5_1
40339,123,2026-02-15 00:23:36.220000+00:00,124329.15052850818,426611.39029944444,8.081318998588554,0.0007718960550846532,2.1424784790724516e-05,0.0032033535344879738,0,-0.00023607658403185683,-0.0007352213188764513,0.0032033535344879738,16_P5_1
40340,102,2026-02-15 00:23:36.270000+00:00,124282.39313598878,426301.79272633087,6.899663322891761,-0.0001529570436105132,-0.0008315337472595274,-0.003634660874975104,0,0.0008445175381157113,-4.042719179609482e-05,-0.003634660874975104,02_P1_0
40341,106,2026-02-15 00:23:45.110000+00:00,124410.03441505013,426969.45024223655,8.931327202724038,0.0022112319129519165,0.0006808956386521459,0.007439978385507473,0,0.0011926137230382403,0.001982634094131687,0.007439978385507473,37_P9_0
40342,170,2026-02-15 00:23:51.720000+00:00,124669.3748725434,426931.3095936925,13.796193935717682,-0.013174273073673248,0.01109672075835988,0.010003805046293834,0,0.0005408900465800046,-0.017216449127687092,0.010003805046293834,908_GSL_1
40343,103,2026-02-15 00:23:52.070000+00:00,124282.31082371985,426301.7968796248,9.294064186418137,-0.0008946873131208122,-0.0005645284545607865,-0.003887299372976827,0,0.0007538598680667665,0.0007421947612227438,-0.003887299372976827,01_P1_0
40344,118,2026-02-15 00:23:52.350000+00:00,124372.2605977756,426775.11254075915,6.169769192428856,0.0005704136128770187,-0.00012373965000733733,0.004237123438493917,0,-0.00028381024169460786,-0.000510034251250443,0.004237123438493917,22_P6_1
40345,160,2026-02-15 00:24:00.150000+00:00,124421.81290452801,426965.61773148197,5.602712063420448,0.0016983673704089597,-0.000906556670088321,0.010530833533109352,0,4.1273998196871924e-05,0.0019247319756330527,0.010530833533109352,38a_P9_0
40346,100,2026-02-15 00:24:07.510000+00:00,124292.48383894975,426345.9292887458,7.583175775285645,0.00011567643377929926,-0.000946233922149986,-0.0053237936834529265,0,0.000894265009601299,-0.0003301965556483456,-0.0053237936834529265,06_P2_0
40347,92,2026-02-15 00:24:08.660000+00:00,124278.31622066342,426395.6367234354,11.103056976962424,0.0022448608360718936,-0.0015671897563152015,0.0012679937352046977,0,0.0012234276518746947,-0.00244922614028535,0.0012679937352046977,11_P3_0
40348,74,2026-02-15 00:24:08.750000+00:00,124369.34602055157,426785.72521277104,7.233887449594374,-0.00029265772900544107,-0.0012535256682895124,0.0038336148373021572,0,-9.186145868116729e-05,-0.0012839535115479295,0.0038336148373021572,21_P6_1
40349,162,2026-02-15 00:24:17.380000+00:00,124402.99680285648,426879.6466239154,6.554859827823085,0.0013747281627729535,-0.0011096724774688482,0.01018678453251809,0,0.0012247439181396656,-0.0012732842823787826,0.01018678453251809,34a_P7_0
40350,101,2026-02-15 00:24:22.540000+00:00,124292.40489988534,426345.88270461536,10.211501735771696,-0.00041898549534380436,-0.0006889105425216258,-0.004116761828587556,0,0.0007669717946459099,0.00024879880852521374,-0.004116761828587556,05_P2_0
40351,93,2026-02-15 00:24:23.410000+00:00,124278.27029383599,426395.7895524506,7.950247962995553,0.002170256309909746,-0.0017976519302465022,0.0015224427160349663,0,0.00145905907498716,-0.0024109565588619915,0.0015224427160349663,12_P3_0
40352,73,2026-02-15 00:24:25.550000+00:00,124369.48958519191,426785.69609927124,11.41014327066744,0.0002456274814903736,-0.00036738294875249267,0.004088654604364805,0,-0.00034382793195453573,-0.0002776426550536636,0.004088654604364805,20_P6_1
40353,104,2026-02-15 00:24:32.750000+00:00,124389.81746503734,426881.445502596,10.73311628862454,0.00036882706626784056,0.0011630278313532472,0.007204420564333347,0,-0.0012141616564850435,-0.00012032710931238422,0.007204420564333347,33_P7_0
40354,98,2026-02-15 00:24:37.460000+00:00,124302.66054941337,426390.07743390586,7.975218505218046,-0.00029622018337249756,-0.0004781027091667056,-0.0038322899128244714,0,0.000534258414688473,0.00017577412746004218,-0.0038322899128244714,10_P3_0
40355,94,2026-02-15 00:24:38.670000+00:00,124268.22578621742,426351.55445752514,10.216587653482069,0.0015637183241778985,-0.0015154953580349684,0.0020937141911083756,0,0.001204811208784132,-0.0018139380167975395,0.0020937141911083756,07_P2_0
40356,165,2026-02-15 00:24:41.340000+00:00,124091.06275932137,427154.20631771936,9.855673759435968,-0.02102130578714423,0.01016592571977526,0.004938265709947487,0,0.02091250625644839,-0.010387897997699942,0.004938265709947487,907_GSL_1
40357,105,2026-02-15 00:24:47.590000+00:00,124389.68847733489,426881.4729944829,7.069636106434252,-0.00020810247224289924,0.0010412687552161515,0.007340209711461654,0,-0.0009744816651900561,0.00042182074836524575,0.007340209711461654,34_P7_0
40358,99,2026-02-15 00:24:53.430000+00:00,124302.53756903582,426390.13457349717,11.083604717704088,-0.0005112553481012583,-0.00024279480567201972,-0.004150485045279595,0,0.00035709128442885213,0.00043910951163508773,-0.004150485045279595,09_P3_0
40359,95,2026-02-15 00:24:54.230000+00:00,124268.1109976399,426351.54729414126,7.195641202918759,0.0014497376687359065,-0.0018968687509186566,0.0019703446736389907,0,0.0015985112293133935,-0.0017733054491887485,0.0019703446736389907,08_P2_0
40360,152,2026-02-15 00:24:57.350000+00:00,124370.27566951318,426819.49953503144,9.732518430764651,-0.00010214868234470487,0.00036499352427199483,0.0035974795367721413,0,0.00037870519842188706,-1.539476383352017e-05,0.0035974795367721413,29_KW_1
40361,113,2026-02-15 00:25:06.260000+00:00,124414.07864121311,426875.9129322824,7.344781643998364,0.0014065989380469546,-0.0022998558124527335,0.04143169887308762,0,0.0019011902004665137,-0.0019113694442042175,0.04143169887308762,32_P7_0
40362,96,2026-02-15 00:25:09.630000+00:00,124258.06335863532,426307.3506937441,9.307850154757872,0.002380438891123049,-0.001715832855552435,0.003304546581981427,0,0.0012163639630081052,-0.002670398923767678,0.003304546581981427,03_P1_0
40363,166,2026-02-15 00:25:11.710000+00:00,124091.0628853104,427154.20809646184,9.82150875467691,-0.009395525295985863,0.01906848227372393,-0.008344864385893658,0,0.02100666279451635,-0.003256229421941336,-0.008344864385893658,907_GSL_1
40364,117,2026-02-15 00:25:13.940000+00:00,124377.68017383377,426815.9059261347,7.621413780971241,0.00015668968262616545,0.00022009620442986488,0.003978740798781466,0,0.00021384063315912094,0.00016512473907936268,0.003978740798781466,26_KW_0
40365,112,2026-02-15 00:25:22.330000+00:00,124413.95223706911,426875.8654202122,10.710140235841253,0.0015024442982394248,-0.0018458532285876572,0.04087462892058902,0,0.0014326536632146094,-0.0019005305817264282,0.04087462892058902,31_P7_0
40366,97,2026-02-15 00:25:24.550000+00:00,124257.9892038878,426307.38978807273,6.841868629605709,0.0013336789270397276,-0.0020646319026127458,0.004806439009608532,0,0.0017624618746329092,-0.001713222844285476,0.004806439009608532,04_P1_0
40367,125,2026-02-15 00:25:27.630000+00:00,124339.65755261759,426609.5902621217,6.669567757967616,-0.0003129460383206606,-0.0009717247448861599,-0.003948180161498449,0,-0.0010068508200666373,-0.00016862867151172354,-0.003948180161498449,17_P5_1
40368,116,2026-02-15 00:25:29.140000+00:00,124377.68745100862,426815.900336896,10.009444250350167,9.11170500330627e-05,0.0002753324224613607,0.004384495073043837,0,0.00027160524014350834,0.00010168998570044157,0.004384495073043837,25_KW_0
40369,161,2026-02-15 00:25:38.460000+00:00,124402.9914644454,426879.6428616144,6.589528028284061,6.069880328141153e-05,-0.004645272565539926,0.04790370746033901,0,0.004045297719967562,-0.002284252155455462,0.04790370746033901,34a_P7_0
40370,146,2026-02-15 00:25:43.600000+00:00,124350.92464395628,426607.511665636,11.373705150688334,-0.0016226186562562361,-0.00019976083422079682,-0.00561636253574882,0,-0.0005379591837362107,-0.0015438249936936673,-0.00561636253574882,13_P5_1
40371,115,2026-02-15 00:25:45.730000+00:00,124396.28957425826,426811.63420436165,7.651412523942327,-0.0005165015463717282,0.00029002520022913814,0.005140231169280973,0,-1.681251937804555e-05,-0.0005921197542427553,0.005140231169280973,24_KW_0
40372,148,2026-02-15 00:25:58.730000+00:00,124351.03982225031,426607.39790672035,8.010648329367008,-0.001296164351515472,-0.0005491743795573711,-0.004808085845374066,0,-0.0008114612927964675,-0.0011502891356501776,-0.004808085845374066,14_P5_1
40373,114,2026-02-15 00:26:01.060000+00:00,124396.29880235666,426811.6300519583,9.99476656910697,-0.00021828836179338396,0.0005132025107741356,0.004082491456786741,0,0.00032780222467029244,-0.00045118990177144165,0.004082491456786741,23_KW_0
40374,168,2026-02-15 00:26:16.500000+00:00,124669.3722782072,426931.3117271292,13.78711962063268,-0.004453764151548967,0.003986556839663535,-0.014220399302548259,0,0.0006224737563658503,-0.005944844571233682,-0.014220399302548259,908_GSL_1
40375,150,2026-02-15 00:26:16.540000+00:00,124401.10234503716,426812.3222492369,9.185634337820755,-0.0008355927711818367,0.0008176479022949934,0.0036203145769455602,0,0.00015406145673095545,-0.0011588910384193504,0.0036203145769455602,27_KW_1
40376,153,2026-02-15 00:26:24.380000+00:00,124370.27656074484,426819.4980345007,9.736414434462803,0.002721939963521436,-0.0010885965311899781,0.010333957349814682,0,0.0003347552385846403,-0.0029123767790198555,0.010333957349814682,29_KW_1
40377,119,2026-02-15 00:26:32.540000+00:00,124400.81373418865,426811.3436442636,3.9881234340459764,-0.00041719843284226954,0.0005153822712600231,0.004589304959793594,0,0.00015636426477466043,-0.0006443784870684818,0.004589304959793594,28_KW_1
40378,169,2026-02-15 00:26:49.050000+00:00,124669.375935659,426931.3089522478,13.812616075994026,-0.003141789318760857,0.006792694854084402,0.000860863121133093,0,0.00029651526814769943,-0.007478209825883453,0.000860863121133093,908_GSL_1
40379,72,2026-02-15 00:27:31.250000+00:00,124390.5234990975,426780.88772978383,10.9909253103412,-0.00046060535532888025,0.0007988521247170866,0.003839988774442915,0,-0.000581376361900197,-0.0007157677949910424,0.003839988774442915,18_P6_1
40380,138,2026-02-15 00:30:19.810000+00:00,123928.08518455908,426940.43101426546,7.109857433770613,-0.0014343195944093168,-0.0007068865816108882,-0.00807862982731411,0,0.0003190973352512161,-0.0015668880715621033,-0.00807862982731411,905_GSL_1
40381,139,2026-02-15 00:30:21.250000+00:00,123928.08654368817,426940.4330795875,7.132942355380743,-0.0003262355166953057,0.0019755749381147325,-0.0036594753585124096,0,0.0009601381811985535,0.0017571171336781212,-0.0036594753585124096,905_GSL_1
40382,130,2026-02-15 00:30:21.360000+00:00,124898.94006069422,426720.7683581301,4.131151034573641,0.0016876969602890313,-0.0013185686548240483,0.041088302103446495,0,0.002065767288704982,0.0005652873925445394,0.041088302103446495,901_GSL_1
40383,134,2026-02-15 00:30:21.450000+00:00,123855.61466931918,426533.0735060861,6.0521540868989625,0.00020717777078971267,-0.0007919758791103959,0.006311168001182033,0,-0.0003609424658307901,-0.0007347577547478271,0.006311168001182033,904_GSL_1
40384,133,2026-02-15 00:30:30.700000+00:00,124806.21512181494,426258.5045285092,4.599274126360976,-0.006774278590455651,-0.00695530412485823,0.01111702217641053,0,0.002404055519114554,0.009406786005400068,0.01111702217641053,903_GSL_1
40385,125,2026-02-15 00:30:37.190000+00:00,124339.65865528434,426609.5899494457,6.6698627237191594,0.000789720710599795,-0.001284400757867843,-0.003653214409954586,0,-0.0011562115847265385,0.0009677390551723541,-0.003653214409954586,17_P5_1
40386,137,2026-02-15 00:30:37.760000+00:00,123928.08729831273,426940.43065858533,7.1320298681437455,-0.0021009491465520114,-0.00316998572088778,0.009166177178215662,0,-0.0013389600535363001,-0.003559491924708372,0.009166177178215662,905_GSL_1
40387,143,2026-02-15 00:30:38.230000+00:00,124266.91872508451,427056.3153458385,7.1073387723979495,-0.0008423435792792588,0.0011189624783582985,0.0017970341751718522,0,0.001354740549193326,-0.0003553839865527209,0.0017970341751718522,906_GSL_1
40388,132,2026-02-15 00:30:48.080000+00:00,124806.21947847052,426258.503048267,4.632661026802045,0.005344182747649029,-0.0020934834610670805,0.05002885259172363,0,0.00448582522048196,-0.003580549445730209,0.05002885259172363,903_GSL_1
40389,153,2026-02-15 00:30:49.070000+00:00,124370.27670854329,426819.4981009842,9.736691466577632,0.002869738411391154,-0.0010221130214631557,0.010610989464643339,0,0.00023175635773684173,-0.003037499394091613,0.010610989464643339,29_KW_1
40390,146,2026-02-15 00:30:52.340000+00:00,124350.92538784095,426607.51146147074,11.373407504788485,-0.0008787339902482927,-0.000403926067519933,-0.005914008435597751,0,-0.000580406941022611,-0.0007736003337981308,-0.005914008435597751,13_P5_1
40391,152,2026-02-15 00:30:53.660000+00:00,124370.27561991218,426819.4995189089,9.732600163023507,-0.00015174968575593084,0.0003488709917291999,0.0036792117956281345,0,0.0003744323094548752,-6.737493327215825e-05,0.0036792117956281345,29_KW_1
40392,141,2026-02-15 00:30:54.300000+00:00,124266.92122736947,427056.3144974041,7.089824106913187,0.002598618026240729,-2.089893678203225e-05,0.005689406650088991,0,-0.00010061519846200258,0.0025967535488952993,0.005689406650088991,906_GSL_1
40393,135,2026-02-15 00:31:04.520000+00:00,123855.61586959173,426533.0673646372,6.068083776530398,0.0022193134936969727,-0.009270284092053771,0.04688532941204038,0,0.003368376834642613,-0.008917261745094942,0.04688532941204038,904_GSL_1
40394,5,2026-02-15 00:31:04.720000+00:00,124424.6171141388,426919.1426602034,8.776874578528174,-8.863871335051954e-05,-0.003687565680593252,0.009048756521860213,11,-0.003688611024730886,-1.2090427096477889e-05,0.009048756521860213,TS4
40395,136,2026-02-15 00:31:04.810000+00:00,123855.6146111193,426533.07564928744,6.032194852619385,-0.0011589924979489297,0.0015407613245770335,0.009902310182646978,0,3.8570390505924884e-05,0.0019276206562989762,0.009902310182646978,904_GSL_1
40396,148,2026-02-15 00:31:08.340000+00:00,124351.04024081264,426607.39781464,8.010869711228569,-0.0008776020258665085,-0.0006412547081708908,-0.004586703983813223,0,-0.0008127197300974914,-0.0007217198603797701,-0.004586703983813223,14_P5_1
40397,122,2026-02-15 00:31:09.800000+00:00,124329.15041123994,426611.39045746345,8.087571869419774,0.0008603368914918974,-0.0015814453945495188,0.003908030977376242,0,-0.0013115080085140355,0.0012333271449244,0.003908030977376242,16_P5_1
40398,150,2026-02-15 00:31:09.840000+00:00,124401.10234492017,426812.322249758,9.185625354635249,-0.0008357097540283576,0.0008181689772754908,0.003611331391439876,0,0.00015440858202919085,-0.001159296880936844,0.003611331391439876,27_KW_1
40399,140,2026-02-15 00:31:21.530000+00:00,123928.08815339718,426940.433821498,7.143859187638182,0.0006296647188719362,-0.0006171789136715233,0.008285481435838626,0,-0.0006494476321386219,-0.0005963264565507499,0.008285481435838626,905_GSL_1
40400,128,2026-02-15 00:31:25.120000+00:00,124898.9384529672,426720.77384108264,4.074898266589282,-0.0018484323081793264,0.0045770478318445385,-0.006493664414397138,0,0.00031173973206433846,-0.004926346231474844,-0.006493664414397138,901_GSL_1
40401,120,2026-02-15 00:31:25.210000+00:00,124329.26179911847,426611.329222865,11.360478435437432,0.0015472833038074896,-0.0019522251095622778,0.0024472687905596757,0,-0.00149449771089027,0.0019929237548864257,0.0024472687905596757,15_P5_1
40402,129,2026-02-15 00:31:27.930000+00:00,124898.93999967689,426720.77291797934,4.0860915893509615,0.00032797810854390264,0.0004153092158958316,-0.0055931558946520354,0,0.0002765256540633591,-0.00045120388643813547,-0.0055931558946520354,901_GSL_1
40403,145,2026-02-15 00:31:37.400000+00:00,124266.92033186361,427056.31563956145,7.119296443081996,0.0020081107795704156,0.0008929538307711482,0.011329506790350052,0,-0.0007953996746114072,0.0020487105223881284,0.011329506790350052,906_GSL_1
40404,6,2026-02-15 00:31:37.600000+00:00,124399.03971689296,426925.07537453726,8.555276424313407,0.0005461485852720216,-7.467763498425484e-05,0.007969728491849182,11,-0.0005260970232429298,0.00016455074748052785,0.007969728491849182,TS5
40405,124,2026-02-15 00:31:40.320000+00:00,124339.65873938285,426609.5889169409,6.677576350422017,0.0009736596257425845,-0.0013249631156213582,0.003146154588823613,0,-0.0009541102474070077,0.0013391093907337015,0.003146154588823613,17_P5_1
40406,154,2026-02-15 00:31:40.520000+00:00,124285.6655433395,426445.5619005439,7.895151501070094,0.0009183395013678819,-0.0019244560971856117,-0.006448498929905178,11,-0.0021251646173229026,0.0001747971940458078,-0.006448498929905178,TS1-1
40407,131,2026-02-15 00:31:42.290000+00:00,124806.21734549834,426258.502725522,4.607427003570736,-0.001198997808387503,-0.0035585425212047994,-0.004077469201826389,0,0.00011371073558706582,0.003753383871702026,-0.004077469201826389,903_GSL_1
40408,3,2026-02-15 00:31:42.490000+00:00,124314.90260292862,426440.79330595187,7.047619191071527,-0.004636423313058913,-0.0027713316958397627,-0.030809904419557554,11,-0.005381311707664782,0.0004671025703121482,-0.030809904419557554,TS2
40409,149,2026-02-15 00:32:03.040000+00:00,124351.04009519886,426607.39686130086,8.015270366198651,-0.0012164932122686878,0.00012883538147434592,0.003044522230853275,0,6.41169400532482e-05,0.00122161504125221,0.003044522230853275,14_P5_1
40410,147,2026-02-15 00:32:18.130000+00:00,124350.92609932167,426607.5104339949,11.375363523194261,-0.00040802391595207155,0.00044125475687906146,0.001143881521818102,0,-0.00037123236114180633,0.0004726265021117016,0.001143881521818102,13_P5_1
40411,126,2026-02-15 00:32:33.250000+00:00,124339.65678875083,426609.58868075523,6.671492650036349,-3.185331297572702e-05,0.00019059417536482215,0.0008354609008911495,0,-0.00017881133337279006,7.326172457682886e-05,0.0008354609008911495,17_P5_1
40412,121,2026-02-15 00:32:48.890000+00:00,124329.25976501545,426611.32762622664,11.356031890359798,0.0002222457405878231,-9.026593761518598e-05,0.0017323682856762446,0,2.479271290300284e-05,-0.00023859260275601145,0.0017323682856762446,15_P5_1
40413,123,2026-02-15 00:33:04.740000+00:00,124329.1515537705,426611.3901050691,8.081091638816982,0.0017971583729377016,-0.00017295056022703648,0.0029759937629165734,0,-0.0003356706737882495,-0.001773982895199803,0.0029759937629165734,16_P5_1
40414,4,2026-02-15 00:33:04.940000+00:00,124378.97050630114,426782.7417058727,7.760420595399862,-0.0013116720656398684,0.0005229652742855251,0.005344890427595672,11,-0.001340196153912147,-0.0004448039511150759,0.005344890427595672,TS3
40415,68,2026-02-15 00:36:20.540000+00:00,123928.08462261055,426940.43076879496,7.110635314067035,-0.024327751307282597,-0.01696621027076617,-0.008177966973191175,0,0.0014758742014302593,-0.029622855533563846,-0.008177966973191175,905_GSL_1
40416,67,2026-02-15 00:36:20.650000+00:00,123855.61480299135,426533.0746010185,6.052683040646302,-0.0031914827995933592,-0.016501686186529696,0.008274892308726578,0,-0.00016380917693005804,-0.016806676530842102,0.008274892308726578,904_GSL_1
40417,66,2026-02-15 00:36:21.550000+00:00,124898.93940793419,426720.76790218934,4.1241687816857455,0.0018022705044131726,-0.006302965455688536,0.0418822512819812,0,0.004094610495376443,0.005119542694209492,0.0418822512819812,901_GSL_1
40418,68,2026-02-15 00:36:21.570000+00:00,123928.08663373251,426940.4328862859,7.133850286074101,-0.02231662934354972,-0.014848719350993633,0.015037005033875062,0,0.016162465698771288,-0.021384366115412418,0.015037005033875062,905_GSL_1
40419,68,2026-02-15 00:36:36.850000+00:00,123928.0848439384,426940.42925641866,7.132872531481019,-0.024106423457851633,-0.01847858657129109,0.014059250440793036,0,-0.000860517518980547,-0.030361774045689204,0.014059250440793036,905_GSL_1
40420,69,2026-02-15 00:36:38.140000+00:00,124266.91924363915,427056.315559498,7.107872744710733,-0.02335355750983581,0.0007211139309220016,0.017371373783300115,0,0.009517250813634992,-0.021338476764214978,0.017371373783300115,906_GSL_1
40421,71,2026-02-15 00:36:38.490000+00:00,124806.22180248203,426258.5088352696,4.595493990066746,-0.005959453454124741,-0.006270862475503236,0.003990326917478804,0,0.0022446646461044984,0.00835465632357684,0.003990326917478804,903_GSL_1
40422,71,2026-02-15 00:36:40.880000+00:00,124806.22524339949,426258.50681190565,4.62169892140207,-0.0025185359991155565,-0.008294226427096874,0.030195258252802226,0,0.005922326422128527,0.006329554909513898,0.030195258252802226,903_GSL_1
40423,69,2026-02-15 00:36:53.650000+00:00,124266.92085339542,427056.31468351383,7.090166412710969,-0.021743801233242266,-0.00015487021300941706,-0.0003349582164631215,0,0.0005114569552570492,-0.021738336841546656,-0.0003349582164631215,906_GSL_1
40424,67,2026-02-15 00:36:54.620000+00:00,123855.61446984306,426533.0759529677,6.033434754180417,-0.0035246310872025788,-0.015149737009778619,-0.010973394157158367,0,0.01172135085554918,-0.010224846692613407,-0.010973394157158367,904_GSL_1
40425,66,2026-02-15 00:36:55.730000+00:00,124898.94023443435,426720.7740112856,4.08662312990694,0.002628770671435632,-0.00019386917119845748,0.004336599503175442,0,0.0026332414295402607,-0.00011857517570757704,0.004336599503175442,901_GSL_1
40426,67,2026-02-15 00:36:57.570000+00:00,123855.61503241926,426533.0688371909,6.059270688478792,-0.0029620548884849995,-0.022265513776801527,0.01486254014121613,0,0.014952037056862422,-0.016761964704578917,0.01486254014121613,904_GSL_1
40427,66,2026-02-15 00:36:58.250000+00:00,124898.93971883203,426720.77119077387,4.073981462381482,0.0021131683461135253,-0.003014380927197635,-0.008305068022282036,0,0.0006024554879912661,0.0036316690678334465,-0.008305068022282036,901_GSL_1
40428,68,2026-02-15 00:37:11.350000+00:00,123928.08792938512,426940.4326166261,7.145503215189884,-0.021020976739237085,-0.015118379145860672,0.026689934149658257,0,0.020516547333058566,-0.015796143092537143,0.026689934149658257,905_GSL_1
40429,66,2026-02-15 00:37:11.450000+00:00,124898.9421588526,426720.76786601683,4.084723793531595,0.0045531889190897346,-0.0063391379662789404,0.002437263127831102,0,0.0015586797593955613,0.007647660877424628,0.002437263127831102,901_GSL_1
40430,71,2026-02-15 00:37:15.790000+00:00,124806.21718942178,426258.5025983732,4.6069745458537295,-0.010572513710940257,-0.012507758860010654,0.015470882704462063,0,-0.005561807176758416,0.015404167578832466,0.015470882704462063,903_GSL_1
40431,69,2026-02-15 00:37:27.260000+00:00,124266.91974101578,427056.3151868877,7.118938473312072,-0.022856180876260623,0.000348503643181175,0.0284371023846397,0,0.016459936817512837,-0.01586180755781439,0.0284371023846397,906_GSL_1
40432,149,2026-02-15 00:37:31.330000+00:00,124351.03994213621,426607.3969861224,8.014712203492346,-0.0013695558591280133,0.0002536569372750819,0.0024863595245481207,0,-3.507477277675233e-05,0.0013924061380984733,0.0024863595245481207,14_P5_1
40433,147,2026-02-15 00:37:46.290000+00:00,124350.92613198247,426607.51046311896,11.374574105266522,-0.00037536311720032245,0.00047037884360179305,0.00035446359407842465,0,-0.0004051517355100133,0.0004449784236069512,0.00035446359407842465,13_P5_1
40434,164,2026-02-15 00:37:49.240000+00:00,124091.06293965416,427154.20691466203,9.836523404989949,-0.03238879720447585,0.01218372059520334,0.021889873360551704,0,0.020324545793566153,-0.028006964672735907,0.021889873360551704,907_GSL_1
40435,110,2026-02-15 00:37:58.360000+00:00,124434.139767573,426963.9312680961,8.785907391515904,-0.00031826947815716267,-0.0008184773614630103,0.03484703125811528,0,-0.0008667717071451058,-0.00014109379733582466,0.03484703125811528,35_P9_0
40436,126,2026-02-15 00:38:02.030000+00:00,124339.65706914278,426609.5886668563,6.671733488585723,0.0002485386357875541,0.00017669523367658257,0.0010762994502648837,0,-0.00022733820467378825,-0.00020324861568743666,0.0010762994502648837,17_P5_1
40437,122,2026-02-15 00:38:05.600000+00:00,124329.15058769553,426611.39078325377,8.087724800426528,0.0010367924842284992,-0.0012556550791487098,0.004060961984130529,0,-0.0009516147804178351,0.0013213771765983285,0.004060961984130529,16_P5_1
40438,111,2026-02-15 00:38:14.460000+00:00,124434.26146731952,426963.9746576002,6.502475148709198,-0.00022343979799188673,-0.0034061791375279427,0.041182639094429874,0,-0.0033769957123326814,0.0004978771124925702,0.041182639094429874,36_P9_0
40439,121,2026-02-15 00:38:17.420000+00:00,124329.2597702307,426611.3278254106,11.355670611699196,0.00022746098693460226,0.00010891800047829747,0.0013710896250742621,0,-0.00016796182341915214,-0.0001881235160185118,0.0013710896250742621,15_P5_1
40440,120,2026-02-15 00:38:21.530000+00:00,124329.26161203806,426611.3297061635,11.360775194691314,0.0013602028921013698,-0.0014689266099594533,0.0027440280444412934,0,-0.0010746733272473912,0.0016890750524564987,0.0027440280444412934,15_P5_1
40441,107,2026-02-15 00:38:26.370000+00:00,124409.9225171013,426969.52521234006,6.296621917519972,0.0016995939949993044,0.0008012869511730969,0.007541594089938819,0,0.0011824324407888488,0.0014603198447354258,0.007541594089938819,38_P9_0
40442,123,2026-02-15 00:38:32.030000+00:00,124329.15080350795,426611.39027119713,8.081126774057596,0.0010468958207638934,-6.822519935667515e-06,0.0030111290035303995,0,-0.0002857289819506513,-0.0010071724555331242,0.0030111290035303995,16_P5_1
40443,124,2026-02-15 00:38:37.160000+00:00,124339.65889137155,426609.5891910258,6.678353632941931,0.0011256483267061412,-0.001050878199748695,0.003923437108737993,0,-0.0006462454922946164,0.001397782497319337,0.003923437108737993,17_P5_1
40444,102,2026-02-15 00:38:37.530000+00:00,124282.39232344409,426301.79296726617,6.9001096913718944,-0.0009655017347540706,-0.0005905984435230494,-0.003188292394841419,0,0.0007949537808471956,0.0008056355302627344,-0.003188292394841419,02_P1_0
40445,106,2026-02-15 00:38:41.060000+00:00,124410.0340677777,426969.4505764673,8.931665424485066,0.0018639594782143831,0.0010151264141313732,0.007778200146535852,0,0.0014335404316151196,0.0015651799909330532,0.007778200146535852,37_P9_0
40446,118,2026-02-15 00:38:47.750000+00:00,124372.26062658684,426775.1125825201,6.169770603955694,0.0005992248479742557,-8.197868010029197e-05,0.004238534965332441,0,-0.0003341957645439221,-0.000504087406489846,0.004238534965332441,22_P6_1
40447,170,2026-02-15 00:38:52.730000+00:00,124669.37432714511,426931.3102833595,13.799934960821833,-0.013719671362196095,0.011786387767642736,0.013744830150445253,0,0.0007439741765796558,-0.018071934631369288,0.013744830150445253,908_GSL_1
40448,103,2026-02-15 00:38:53.160000+00:00,124282.31136105613,426301.79685556714,9.294015434472003,-0.0003573510330170393,-0.000588586088269949,-0.003936051319110234,0,0.000654620376952954,0.00021355445717951606,-0.003936051319110234,01_P1_0
40449,160,2026-02-15 00:38:56.080000+00:00,124421.81275720846,426965.61798675725,5.60285548932524,0.0015510478260694072,-0.000651281385216862,0.010674259437901235,0,0.00019170966347822603,0.0016712762208604816,0.010674259437901235,38a_P9_0
40450,74,2026-02-15 00:39:03.950000+00:00,124369.3461217224,426785.72520382405,7.23390382360578,-0.000191486906260252,-0.0012624726514331996,0.003849988848707575,0,-0.00019114089462628613,-0.0012625250846170777,0.003849988848707575,21_P6_1
40451,100,2026-02-15 00:39:08.460000+00:00,124292.48361511622,426345.9293393302,7.58277196071938,-0.0001081570953829214,-0.0008956495439633727,-0.005727608249718408,0,0.0008965152792721649,-0.00010072942427622657,-0.005727608249718408,06_P2_0
40452,92,2026-02-15 00:39:10.230000+00:00,124278.31633782531,426395.6371610059,11.104539660938704,0.0023620227293577045,-0.001129619253333658,0.002750677711484073,0,0.0007734554625792214,-0.0025013911487232207,0.002750677711484073,11_P3_0
40453,162,2026-02-15 00:39:13.110000+00:00,124402.99693747568,426879.64691112767,6.554976729419749,0.0015093473630258814,-0.0008224602206610143,0.01030368612918231,0,0.000950293976604252,-0.0014323098948456033,0.01030368612918231,34a_P7_0
40454,73,2026-02-15 00:39:19.960000+00:00,124369.48954727458,426785.6961299905,11.410164840171573,0.00020771015260834247,-0.0003366636810824275,0.0041102241084978175,0,-0.00029848678554861014,-0.0002595988838755078,0.0041102241084978175,20_P6_1
40455,101,2026-02-15 00:39:23.510000+00:00,124292.40424536062,426345.8828148314,10.211695683552904,-0.0010735102114267647,-0.000578694511204958,-0.00392281404737993,0,0.0008106869952728847,0.0009110971995521138,-0.00392281404737993,05_P2_0
40456,93,2026-02-15 00:39:25.910000+00:00,124278.27014892812,426395.78983513406,7.951411692325194,0.0020253484399290755,-0.0015149684622883797,0.0026861720456761162,0,0.001200749556256009,-0.0022260651940144423,0.0026861720456761162,12_P3_0
40457,104,2026-02-15 00:39:29.800000+00:00,124389.81758288303,426881.44565983996,10.73292278398291,0.00048667275405023247,0.0013202718109823763,0.007010915922704086,0,-0.0013923773719153713,-0.0002031090312801607,0.007010915922704086,33_P7_0
40458,165,2026-02-15 00:39:35.630000+00:00,124091.06110177626,427154.20504220703,9.854046192241597,-0.022678850902593695,0.008890413388144225,0.00331069851557686,0,0.020919717332160484,-0.012479389216491053,0.00331069851557686,907_GSL_1
40459,98,2026-02-15 00:39:38.510000+00:00,124302.66060937656,426390.0773211077,7.975465837016444,-0.0002362569939577952,-0.0005909008905291557,-0.003584958114426051,0,0.0006298386821346813,9.101903157565923e-05,-0.003584958114426051,10_P3_0
40460,94,2026-02-15 00:39:41.650000+00:00,124268.22608117352,426351.554717546,10.217441612325267,0.0018586744263302535,-0.0012554745189845562,0.0029476730343063196,0,0.0008953468576426035,-0.002056511827202342,0.0029476730343063196,07_P2_0
40461,105,2026-02-15 00:39:44.880000+00:00,124389.68854572767,426881.47333489824,7.069781387119385,-0.00013970969303045422,0.0013816840946674347,0.007485490396595296,0,-0.0013216712575920058,0.00042632713101419916,0.007485490396595296,34_P7_0
40462,152,2026-02-15 00:39:51.740000+00:00,124370.27564717301,426819.4994304718,9.732450999586073,-0.0001244888553628698,0.00026043388061225414,0.0035300483581934827,0,0.0002820950592834716,-6.120178762234e-05,0.0035300483581934827,29_KW_1
40463,99,2026-02-15 00:39:53.940000+00:00,124302.53776249787,426390.1345308304,11.08366173479979,-0.0003177932958351448,-0.00028546160319820046,-0.00409346794957699,0,0.00035267111408854665,0.00024104769458717923,-0.00409346794957699,09_P3_0
40464,95,2026-02-15 00:39:56.730000+00:00,124268.11137887454,426351.54759011976,7.1961691036980655,0.0018309723091078922,-0.0016008902457542717,0.0024982454529451914,0,0.0012375796940127342,-0.002093730086863731,0.0024982454529451914,08_P2_0
40465,113,2026-02-15 00:40:07+00:00,124414.07858133788,426875.91347507684,7.338083235104625,0.0013467237004078925,-0.0017570613417774439,0.034733289979348214,0,0.00138803419619511,-0.0017246131027572743,0.034733289979348214,32_P7_0
40466,117,2026-02-15 00:40:08.050000+00:00,124377.68024320397,426815.9058790308,7.621471160339611,0.00022605988488066941,0.00017299229511991143,0.004036120167151047,0,0.00016407642832756683,0.00023261197602527875,0.004036120167151047,26_KW_0
40467,166,2026-02-15 00:40:12.020000+00:00,124091.05806548562,427154.20638518827,9.81878576276835,-0.014215350078302436,0.017357208707835525,-0.011067856294454614,0,0.020816749664414148,-0.008367305742302471,-0.011067856294454614,907_GSL_1
40468,96,2026-02-15 00:40:12.230000+00:00,124258.0638738016,426307.35080514144,9.308793621206018,0.0028956051683053374,-0.0016044354997575283,0.004248013030126785,0,0.0010062227571167796,-0.0031537689082523274,0.004248013030126785,03_P1_0
40469,116,2026-02-15 00:40:23.350000+00:00,124377.68747801601,426815.9003922952,10.00938235059911,0.0001181244442705065,0.0003307316219434142,0.004322595321985645,0,0.0003259192723631332,0.00013081826321207325,0.004322595321985645,25_KW_0
40470,112,2026-02-15 00:40:23.750000+00:00,124413.95209999417,426875.8659809289,10.70339095979165,0.0013653693604283035,-0.00128513656090945,0.03412535287098528,0,0.0009210402285422959,-0.0016332465729305293,0.03412535287098528,31_P7_0
40471,97,2026-02-15 00:40:27.350000+00:00,124257.99007104903,426307.39008473826,6.842391853300174,0.002200840157456696,-0.0017679663724265993,0.0053296627040735345,0,0.0013012522662911093,-0.0025052235493419612,0.0053296627040735345,04_P1_0
40472,125,2026-02-15 00:40:28.160000+00:00,124339.65679013687,426609.59032506205,6.670321220497561,-0.0010754267568700016,-0.0009087843936868012,-0.00319471763155299,0,-0.001055218735244648,-0.0009321723040239403,-0.00319471763155299,17_P5_1
40473,115,2026-02-15 00:40:39.340000+00:00,124396.28954626959,426811.63422053814,7.651249526193459,-0.0005444902199087664,0.00030620169127359986,0.0049772334204130075,0,-1.7328748670960856e-05,-0.000624442783435447,0.0049772334204130075,24_KW_0
40474,161,2026-02-15 00:40:39.940000+00:00,124402.99122170689,426879.6434612102,6.5828035004253,-0.00018203970103058964,-0.0040456767892464995,0.04117917960157769,0,0.003635974241531914,-0.0017833481013855921,0.04117917960157769,34a_P7_0
40475,146,2026-02-15 00:40:43.940000+00:00,124350.92339229294,426607.5118818169,11.373824054298552,-0.0028742819995386526,1.6420090105384588e-05,-0.005497458925530552,0,-0.0005910119972026033,-0.002812911561246385,-0.005497458925530552,13_P5_1
40476,114,2026-02-15 00:40:54.360000+00:00,124396.29885975792,426811.6300782715,9.994736707404272,-0.0001608870952622965,0.0005395156913436949,0.004052629754088599,0,0.0003798948870964131,-0.00041550176099026086,0.004052629754088599,23_KW_0
40477,148,2026-02-15 00:40:59.140000+00:00,124351.03937506991,426607.3981021072,8.01132346724506,-0.001743344750138931,-0.0003537875018082559,-0.004132947967322664,0,-0.0007153107926771375,-0.0016287255705465865,-0.004132947967322664,14_P5_1
40478,150,2026-02-15 00:41:09.560000+00:00,124401.10236568298,426812.3222371986,9.185563706879798,-0.0008149469504132867,0.0008056095684878528,0.0035496836359882877,0,0.00015679167678136143,-0.0011351483070150743,0.0035496836359882877,27_KW_1
40479,168,2026-02-15 00:41:16.940000+00:00,124669.36951180136,426931.31360741286,13.786788774324247,-0.007220169994980097,0.005866840481758118,-0.014551245610981312,0,0.0005261153915037107,-0.009288373086263794,-0.014551245610981312,908_GSL_1
40480,153,2026-02-15 00:41:22.940000+00:00,124370.2770051907,426819.49821255845,9.736526601290995,0.003166385824442841,-0.0009105387725867331,0.0104461241780065,0,4.612660640189816e-05,-0.003294381942306959,0.0104461241780065,29_KW_1
40481,119,2026-02-15 00:41:25.260000+00:00,124400.81367066658,426811.34369222523,3.9881192560066343,-0.0004807204968528822,0.0005633439286611974,0.004585126920451543,0,0.00015592510657747282,-0.0007239723331680003,0.004585126920451543,28_KW_1
40482,169,2026-02-15 00:41:41.450000+00:00,124669.37558454157,426931.309579912,13.811361236377618,-0.0034929067478515208,0.007420359062962234,-0.0003939764952747282,0,0.0002697790490105227,-0.008196910725217606,-0.0003939764952747282,908_GSL_1
40483,72,2026-02-15 00:42:23.230000+00:00,124390.52341422006,426780.88779166614,10.990888620992987,-0.0005454827914945781,0.0008607344352640212,0.0038032994262291453,0,-0.0006749875735438915,-0.0007634179847418584,0.0038032994262291453,18_P6_1
40484,138,2026-02-15 00:45:19.780000+00:00,123928.08517543264,426940.4311969218,7.1096788624936895,-0.0014434460317716002,-0.0005242302431724966,-0.008257201104237666,0,0.0004691151724078633,-0.0014622875057630135,-0.008257201104237666,905_GSL_1
40485,130,2026-02-15 00:45:20.260000+00:00,124898.9396545596,426720.76820113446,4.125514866238417,0.0012815623340429738,-0.0014755643205717206,0.03545213376822254,0,0.0017516572029743678,0.000866827043561732,0.03545213376822254,901_GSL_1
40486,134,2026-02-15 00:45:21.430000+00:00,123855.6144721328,426533.07277915225,6.05528701354495,9.991388651542366e-06,-0.0015189097030088305,0.009444094647169443,0,-0.0003126708342800561,-0.0014864129517506814,0.009444094647169443,904_GSL_1
40487,139,2026-02-15 00:45:22.640000+00:00,123928.08640228941,426940.43252647977,7.133609656698458,-0.0004676342796301469,0.0014224671758711338,-0.002992174040797657,0,0.0009110132060611794,0.0011883390190926733,-0.002992174040797657,905_GSL_1
40488,133,2026-02-15 00:45:26.320000+00:00,124806.22155536774,426258.5087531003,4.593778471277655,-0.0003407257900107652,-0.002730713051278144,0.005621367093088914,0,0.002152700575576235,0.0017142835425661058,0.005621367093088914,903_GSL_1
40489,137,2026-02-15 00:45:37.330000+00:00,123928.0852019076,426940.42950709607,7.127707277133661,-0.0041973542829509825,-0.00432147498941049,0.0048435861681310755,0,-0.0010444901947444254,-0.005933124749555677,0.0048435861681310755,905_GSL_1
40490,125,2026-02-15 00:45:38.060000+00:00,124339.65812916741,426609.5900759802,6.669332839301865,0.0002636037825141102,-0.0011578662670217454,-0.004183098827248877,0,-0.0011073601625942316,0.0004288294728232831,-0.004183098827248877,17_P5_1
40491,143,2026-02-15 00:45:39.040000+00:00,124266.91832545202,427056.3152936436,7.108781211007457,-0.0012419760751072317,0.0010667676106095314,0.00323947278467962,0,0.001457909274725002,-0.0007449820486797997,0.00323947278467962,906_GSL_1
40492,132,2026-02-15 00:45:42.490000+00:00,124806.2188335884,426258.50318290154,4.619193863911541,0.004699300625361502,-0.0019588489085435867,0.036561689701219535,0,0.004046686749170751,-0.0030894727330260194,0.036561689701219535,903_GSL_1
40493,153,2026-02-15 00:45:42.750000+00:00,124370.27678521638,426819.49816955056,9.736590301421241,0.002946411506854929,-0.0009535466670058668,0.010509824308252647,0,0.00014544916726457808,-0.003093450590138328,0.010509824308252647,29_KW_1
40494,146,2026-02-15 00:45:53.560000+00:00,124350.92517023325,426607.5115949837,11.374017072409126,-0.0010963416862068698,-0.0002704131184145808,-0.005304440814956735,0,-0.0004958655488715808,-0.0010144977599619955,-0.005304440814956735,13_P5_1
40495,141,2026-02-15 00:45:53.950000+00:00,124266.9181322617,427056.31464843295,7.088966265790298,-0.0004964897525496781,0.00013012991985306144,0.004831565527200432,0,0.00014530112841410416,-0.0004922636006342464,0.004831565527200432,906_GSL_1
40496,152,2026-02-15 00:45:54.550000+00:00,124370.27564618229,426819.49957690854,9.73259388795071,-0.00012547957885544747,0.00040687061846256256,0.0036729367228307552,0,0.00042482800788736554,-2.8460298527968305e-05,0.0036729367228307552,29_KW_1
40497,135,2026-02-15 00:45:58.940000+00:00,123855.61450435207,426533.06997640705,6.058598471235165,0.0008540738344890997,-0.006658514263108373,0.037400024116807096,0,0.0030317264917931806,-0.00598948151226264,0.037400024116807096,904_GSL_1
40498,5,2026-02-15 00:45:59.140000+00:00,124424.61721596013,426919.14289330505,8.782495461308393,1.3182609109207988e-05,-0.0034544640220701694,0.014669639302079318,11,-0.00345315102081426,9.614306220197067e-05,0.014669639302079318,TS4
40499,136,2026-02-15 00:45:59.410000+00:00,123855.61444876077,426533.0761714803,6.030583262500955,-0.0013213510246714577,0.002062954183202237,0.008290720064216828,0,-0.0001352527393577499,0.0024461102160140175,0.008290720064216828,904_GSL_1
40500,122,2026-02-15 00:46:09.430000+00:00,124329.15007733993,426611.3909162977,8.088399559466218,0.0005264368810458109,-0.0011226111673749983,0.004735721023820361,0,-0.0009523708420871282,0.0007939656176324968,0.004735721023820361,16_P5_1
40501,148,2026-02-15 00:46:09.780000+00:00,124351.03917374073,426607.3980978793,8.01076324461978,-0.0019446739315753803,-0.0003580154152587056,-0.004693170592602769,0,-0.0007621214940682987,-0.001824582847116243,-0.004693170592602769,14_P5_1
40502,150,2026-02-15 00:46:10.340000+00:00,124401.10233366335,426812.3221920441,9.185700861343953,-0.0008469665772281587,0.0007604550919495523,0.00368683810014403,0,0.00010145469903846217,-0.001133733334544151,0.00368683810014403,27_KW_1
40503,140,2026-02-15 00:46:16.290000+00:00,123928.08801751529,426940.4335923818,7.143405297427331,0.0004937828198308125,-0.000846295093651861,0.007831591224987555,0,-0.0005211058136463928,-0.0008297503176758727,0.007831591224987555,905_GSL_1
40504,120,2026-02-15 00:46:24.410000+00:00,124329.26167107785,426611.32989467576,11.3609091626301,0.0014192426897352561,-0.0012804143480025232,0.002877995983228132,0,-0.0008773441697148786,0.0016982278771722602,0.002877995983228132,15_P5_1
40505,128,2026-02-15 00:46:26.980000+00:00,124898.93831812656,426720.77400650334,4.074880230731507,-0.0019832729449262843,0.004742468532640487,-0.006511700272172405,0,0.0002616557383812755,-0.005133801284792189,-0.006511700272172405,901_GSL_1
40506,129,2026-02-15 00:46:27.540000+00:00,124898.93990779512,426720.77213225095,4.086340754983,0.00023609634081367403,-0.00037041917676106095,-0.005343990262613119,0,0.00027827280681050586,0.0003398765859069311,-0.005343990262613119,901_GSL_1
40507,145,2026-02-15 00:46:33.120000+00:00,124266.92022736701,427056.315602053,7.118619001875199,0.0019036141748074442,0.0008554453961551189,0.010652065583553139,0,-0.0007476969802429046,0.0019484565630432864,0.010652065583553139,906_GSL_1
40508,6,2026-02-15 00:46:33.320000+00:00,124399.03973880858,426925.0758511601,8.555730494761418,0.0005680642061633989,0.0004019452026113868,0.00842379893986056,11,-0.0005083738342339706,0.0004751977829205568,0.00842379893986056,TS5
40509,124,2026-02-15 00:46:39.760000+00:00,124339.65832964663,426609.5893198813,6.677894248862991,0.0005639234004775062,-0.0009220227366313338,0.003464053029797576,0,-0.0006994798534940385,0.0008239317101721515,0.003464053029797576,17_P5_1
40510,154,2026-02-15 00:46:39.960000+00:00,124285.66613987715,426445.56194638426,7.894784456263351,0.0015148771490203217,-0.0018786157597787678,-0.006815543736648166,11,-0.002347881865665275,0.0005581224725750095,-0.006815543736648166,TS1-1
40511,131,2026-02-15 00:46:43.280000+00:00,124806.21788584137,426258.5038302502,4.6122391224760415,-0.0006586547824554145,-0.002453814318869263,0.0007346497034790289,0,0.00023603223501181674,0.002529687652255618,0.0007346497034790289,903_GSL_1
40512,3,2026-02-15 00:46:43.480000+00:00,124314.90267797247,426440.79368489736,7.0490411484974045,-0.004561379464576021,-0.002392386202700436,-0.029387946993679748,11,-0.005148242863472336,0.00015902761217285614,-0.029387946993679748,TS2
40513,149,2026-02-15 00:46:44.140000+00:00,124351.04035561548,426607.3969208751,8.01513084527908,-0.0009560765902278945,0.00018840964185073972,0.0029050013112819073,0,-3.567800000111236e-05,0.0009738109261248006,0.0029050013112819073,14_P5_1
40514,147,2026-02-15 00:46:59.360000+00:00,124350.92608209068,426607.51043726405,11.375388301351046,-0.0004252549115335569,0.00044452393194660544,0.0011686596786031345,0,-0.0003717375276182877,0.0004901576036510362,0.0011686596786031345,13_P5_1
40515,126,2026-02-15 00:47:14.180000+00:00,124339.65715159057,426609.5886007422,6.671115503108345,0.0003309864259790629,0.00011058116797357798,0.00045831397288687015,0,-0.00018111955124673683,-0.0002982883119550195,0.00045831397288687015,17_P5_1
40516,121,2026-02-15 00:47:29.140000+00:00,124329.25961993363,426611.3277696091,11.355897009434086,7.716391701251268e-05,5.311652785167098e-05,0.0015974873599642336,0,-7.250681081280568e-05,-5.9316085554318986e-05,0.0015974873599642336,15_P5_1
40517,123,2026-02-15 00:47:44.440000+00:00,124329.151107687,426611.3902329291,8.080117831970474,0.0013510748685803264,-4.509056452661753e-05,0.0020021869164086326,0,-0.0003339055891066426,-0.0013099402723338273,0.0020021869164086326,16_P5_1
40518,4,2026-02-15 00:47:44.640000+00:00,124378.97058294046,426782.742031302,7.760897148198624,-0.0012350327451713383,0.0008483945857733488,0.005821443226357914,11,-0.0012828566696830306,-0.0007741821619391316,0.005821443226357914,TS3
40519,68,2026-02-15 00:51:20.340000+00:00,123928.07982701554,426940.42692903563,7.114251568619194,-0.02912334632128477,-0.020805969601497054,-0.004561712421032205,0,0.0013751426682433458,-0.03576543938846393,-0.004561712421032205,905_GSL_1
40520,67,2026-02-15 00:51:22.130000+00:00,123855.6152276928,426533.0730438408,6.052014491045742,-0.002766781341051683,-0.018058863875921816,0.0076063427081658475,0,-0.0008905418713936544,-0.01824786504371293,0.0076063427081658475,904_GSL_1
40521,68,2026-02-15 00:51:22.440000+00:00,123928.08602448058,426940.4315965486,7.133326834030885,-0.022925881276023574,-0.016138456645421684,0.014513552990658596,0,0.016311713914224008,-0.022802934117323467,0.014513552990658596,905_GSL_1
40522,66,2026-02-15 00:51:22.860000+00:00,124898.93960200135,426720.7676759022,4.1311594919191075,0.0019963376689702272,-0.0065292525687254965,0.04887296151534315,0,0.004360962414451708,0.005253428405764897,0.04887296151534315,901_GSL_1
40523,71,2026-02-15 00:51:28.050000+00:00,124806.22045753991,426258.5084154557,4.596433326957744,-0.00730439557810314,-0.006690676382277161,0.00492966380847637,0,0.0019017978771370115,0.009721240149707816,0.00492966380847637,903_GSL_1
40524,68,2026-02-15 00:51:38.840000+00:00,123928.0884623159,426940.4313623893,7.132504627943626,-0.020488045949605294,-0.016372615937143564,0.013691346903399904,0,-0.0012725240371767401,-0.026195481710271196,0.013691346903399904,905_GSL_1
40525,69,2026-02-15 00:51:39.730000+00:00,124266.91881286885,427056.3155456941,7.108099703396709,-0.02378432780096773,0.0007073100423440337,0.017598332469276556,0,0.009667718544725536,-0.02174234933441778,0.017598332469276556,906_GSL_1
40526,71,2026-02-15 00:51:40.480000+00:00,124806.2222804666,426258.5055758056,4.625354096297016,-0.005481468891957775,-0.009530326467938721,0.03385043314774894,0,0.005510644009660578,0.00951348655319311,0.03385043314774894,903_GSL_1
40527,67,2026-02-15 00:51:44.250000+00:00,123855.6140783424,426533.076927682,6.032266307788259,-0.003916131739970297,-0.014175022719427943,-0.012141840549316996,0,0.01146865208442357,-0.009205290667195037,-0.012141840549316996,904_GSL_1
40528,69,2026-02-15 00:51:55.030000+00:00,124266.91936524084,427056.31471501343,7.089512285428857,-0.02323195581266191,-0.00012337061343714595,-0.0009890854985759034,0,0.0005885632054107138,-0.02322482690017241,-0.0009890854985759034,906_GSL_1
40529,67,2026-02-15 00:51:57.070000+00:00,123855.61475698408,426533.06972582353,6.063393780326105,-0.0032374900620197877,-0.021376881166361272,0.018985631988528873,0,0.01468104654686513,-0.015871964673322192,0.018985631988528873,904_GSL_1
40530,66,2026-02-15 00:51:57.520000+00:00,124898.9399426186,426720.77291824674,4.08513784591667,0.002336954916245304,-0.0012869080528616905,0.0028513155129052947,0,0.0024728236104354217,0.0010013161382682746,0.0028513155129052947,901_GSL_1
40531,66,2026-02-15 00:51:58.840000+00:00,124898.93896118103,426720.772644986,4.072982037528737,0.0013555173500208184,-0.00156016880646348,-0.009304492875027215,0,0.0005478853606555421,0.0019928310571768215,-0.009304492875027215,901_GSL_1
40532,68,2026-02-15 00:52:01+00:00,123928.0878274219,426940.4352481439,7.143970440819752,-0.021122939957422204,-0.012486861320212483,0.025157159779525706,0,0.020704323215525056,-0.013169331731798404,0.025157159779525706,905_GSL_1
40533,66,2026-02-15 00:52:12.530000+00:00,124898.94190015644,426720.76973027503,4.086865530411867,0.004294492755434476,-0.004474879766348749,0.004579000008102518,0,0.0020859302500297653,0.00584089992567647,0.004579000008102518,901_GSL_1
40534,71,2026-02-15 00:52:15.850000+00:00,124806.21768074784,426258.50360226486,4.609438769457373,-0.010081187647301704,-0.01150386722292751,0.017935106308105908,0,-0.005450341411515771,0.014292063670470078,0.017935106308105908,903_GSL_1
40535,69,2026-02-15 00:52:17.850000+00:00,124266.91959703852,427056.3157732345,7.118746905640656,-0.023000158136710525,0.0009348504827357829,0.02824553471322311,0,0.016975361967814937,-0.01554729255531087,0.02824553471322311,906_GSL_1
40536,149,2026-02-15 00:52:33.040000+00:00,124351.03978778016,426607.3970620338,8.015186260166416,-0.0015239119093166664,0.00032956834184005857,0.0029604161986185318,0,-8.576173987684381e-05,0.0015567812059739383,0.0029604161986185318,14_P5_1
40537,147,2026-02-15 00:52:47.990000+00:00,124350.92569859173,426607.5103990818,11.375472330472052,-0.000808753859018907,0.0004063416854478419,0.0012526887996084923,0,-0.0002734325370930291,0.0008628041593950717,0.0012526887996084923,13_P5_1
40538,164,2026-02-15 00:52:51.130000+00:00,124091.06447666493,427154.2072606815,9.839779885468442,-0.030851786432322115,0.01252974005183205,0.025146353839044622,0,0.020251279728181,-0.026433175768398782,0.025146353839044622,907_GSL_1
40539,110,2026-02-15 00:52:56.770000+00:00,124434.13965277189,426963.9315472821,8.791333593806126,-0.0004330705851316452,-0.0005392913590185344,0.04027323354833712,0,-0.0006175645044784898,-0.0003114472418027821,0.04027323354833712,35_P9_0
40540,126,2026-02-15 00:53:03.540000+00:00,124339.65679000174,426609.5887790144,6.672130725945813,-3.060240123886615e-05,0.0002888533635996282,0.0014735368103551139,0,-0.0002749088266289239,9.379717301663101e-05,0.0014735368103551139,17_P5_1
40541,122,2026-02-15 00:53:07.530000+00:00,124329.1513112712,426611.39074393257,8.087494361600864,0.0017603681480977684,-0.0012949762749485672,0.003830523158466548,0,-0.0008061254986161192,0.0020312609999696613,0.003830523158466548,16_P5_1
40542,111,2026-02-15 00:53:12.660000+00:00,124434.26127263182,426963.97489622276,6.5079571289488545,-0.0004181274998700246,-0.0031675565987825394,0.046664619334086055,0,-0.0031846526649963285,0.00025735737014926985,0.046664619334086055,36_P9_0
40543,107,2026-02-15 00:53:16.770000+00:00,124409.92265373879,426969.525564106,6.297200139875992,0.0018362314876867458,0.001153052900917828,0.008119816445958605,0,0.0015566020264111,0.00150939299059594,0.008119816445958605,38_P9_0
40544,121,2026-02-15 00:53:18.940000+00:00,124329.25924034562,426611.327919526,11.35531408724103,-0.00030242408683989197,0.0002030334435403347,0.0010145651669084543,0,-0.00011076607671155358,0.00034700689293833776,0.0010145651669084543,15_P5_1
40545,120,2026-02-15 00:53:23.020000+00:00,124329.26201305664,426611.3297981665,11.360659625448037,0.0017612214724067599,-0.0013769235811196268,0.002628458801163802,0,-0.0008837089539769367,0.002053503861153156,0.002628458801163802,15_P5_1
40546,106,2026-02-15 00:53:31.550000+00:00,124410.03422555051,426969.4511246004,8.931866558315514,0.0020217322889948264,0.0015632595168426633,0.007979333976983582,0,0.0020035319553134085,0.0015865186634267646,0.007979333976983582,37_P9_0
40547,123,2026-02-15 00:53:33.940000+00:00,124329.15046255052,426611.39047263213,8.080152137429815,0.0007059383933665231,0.00019461248302832246,0.0020364923757494324,0,-0.00038396319822692,-0.0006235345188413485,0.0020364923757494324,16_P5_1
40548,102,2026-02-15 00:53:37.260000+00:00,124282.39185717721,426301.793025748,6.899337642706339,-0.0014317686145659536,-0.0005321166245266795,-0.003960341060396999,0,0.0008441915705575117,0.0012729689941052842,-0.003960341060396999,02_P1_0
40549,124,2026-02-15 00:53:38.990000+00:00,124339.65941756574,426609.5891526354,6.677702672621072,0.0016518425109097734,-0.001089268596842885,0.0032724767878784533,0,-0.0005181967521039557,0.0019095973091271582,0.0032724767878784533,17_P5_1
40550,160,2026-02-15 00:53:46.530000+00:00,124421.8127550477,426965.61848287296,5.603391527229499,0.0015488870558328927,-0.00015516567509621382,0.011210297342160835,0,0.0006232157689001208,0.0014264394848183997,0.011210297342160835,38a_P9_0
40551,118,2026-02-15 00:53:49.640000+00:00,124372.26060633056,426775.11259844544,6.169779680179339,0.0005789685674244538,-6.605335511267185e-05,0.004247611188977096,0,-0.000332775708106594,-0.0004783596720892345,0.004247611188977096,22_P6_1
40552,103,2026-02-15 00:53:52.320000+00:00,124282.31075424748,426301.7969906683,9.293572719879837,-0.0009641596843721345,-0.00045348494313657284,-0.004378765911276616,0,0.0006616073390079981,0.000835181548880787,-0.004378765911276616,01_P1_0
40553,170,2026-02-15 00:53:54.930000+00:00,124669.37614042594,426931.30942536687,13.800094771338742,-0.011906390529475175,0.010928395146038383,0.013904640667353974,0,0.0011947614469559067,-0.01611721132805546,0.013904640667353974,908_GSL_1
40554,162,2026-02-15 00:54:03.750000+00:00,124402.99681080239,426879.64737344766,6.555461680459851,0.0013826740760123357,-0.00036014022771269083,0.010788637169284243,0,0.00047872619794892625,-0.0013462205656915513,0.010788637169284243,34a_P7_0
40555,74,2026-02-15 00:54:06.240000+00:00,124369.34607699826,426785.7252337293,7.233932810597188,-0.00023621103900950402,-0.0012325674179010093,0.0038789758401156504,0,-0.0001395646861218686,-0.0012472128098319128,0.0038789758401156504,21_P6_1
40556,100,2026-02-15 00:54:07.740000+00:00,124292.48322128995,426345.92943136225,7.582590565468724,-0.0005019833624828607,-0.0008036174695007503,-0.005909003500374155,0,0.0008975249296663078,0.00030370599948614373,-0.005909003500374155,06_P2_0
40557,92,2026-02-15 00:54:11.730000+00:00,124278.31721454226,426395.63713641826,11.103718588299275,0.0032387396786361933,-0.0011542069260030985,0.001929605072055196,0,0.0006700170867587668,-0.003372344205068233,0.001929605072055196,11_P3_0
40558,104,2026-02-15 00:54:19.990000+00:00,124389.81745385104,426881.4460666672,10.733389433511222,0.0003576407616492361,0.0017270990647375584,0.007477565451015522,0,-0.0017637248384994664,7.26552616300374e-06,0.007477565451015522,33_P7_0
40559,101,2026-02-15 00:54:22.830000+00:00,124292.40473051298,426345.88263814425,10.211388182719007,-0.0005883578560315073,-0.0007553816540166736,-0.0042303148812763425,0,0.0008707148600213494,0.00039827382856140475,-0.0042303148812763425,05_P2_0
40560,73,2026-02-15 00:54:22.940000+00:00,124369.48960100299,426785.6960604463,11.410070876306252,0.0002614385593915358,-0.0004062078660354018,0.004016260243176362,0,-0.00037047650836396557,-0.0003100033992010428,0.004016260243176362,20_P6_1
40561,93,2026-02-15 00:54:26.530000+00:00,124278.27099803093,426395.78984312183,7.950755748617966,0.0028744512528646737,-0.0015069806831888855,0.0020302283384481257,0,0.0010679817932839873,-0.0030647798736310006,0.0020302283384481257,12_P3_0
40562,105,2026-02-15 00:54:35.600000+00:00,124389.68856639782,426881.473709948,7.0702211052501625,-0.00011903954145964235,0.0017567338654771447,0.00792520852737244,0,-0.0016927181515032548,0.00048475720326427016,0.00792520852737244,34_P7_0
40563,98,2026-02-15 00:54:37.990000+00:00,124302.66041696689,426390.077363233,7.975231796718564,-0.0004286666662665084,-0.0005487755406647921,-0.0038189984123064846,0,0.000634034263777063,0.00028794141271559846,-0.0038189984123064846,10_P3_0
40564,165,2026-02-15 00:54:38.570000+00:00,124091.06320368267,427154.2066721589,9.853896218924088,-0.020576944487402216,0.010520365263801068,0.003160725198068093,0,0.020920449299806868,-0.009819548401817408,0.003160725198068093,907_GSL_1
40565,94,2026-02-15 00:54:41.920000+00:00,124268.226643783,426351.55471630447,10.216973018092135,0.00242128390527796,-0.0012567160301841795,0.0024790788011745946,0,0.0007939199179045721,-0.002609912277153079,0.0024790788011745946,07_P2_0
40566,99,2026-02-15 00:54:53.190000+00:00,124302.53748805479,426390.134589147,11.08355316114013,-0.0005922363779973239,-0.00022714497754350305,-0.004202041609236318,0,0.000361088509995954,0.0005214919521867326,-0.004202041609236318,09_P3_0
40567,152,2026-02-15 00:54:55.820000+00:00,124370.2757385489,426819.4993975076,9.732509224337798,-3.311297041364014e-05,0.00022746965987607837,0.003588273109919271,0,0.00022898377326438415,2.013322019346372e-05,0.003588273109919271,29_KW_1
40568,95,2026-02-15 00:54:57.120000+00:00,124268.11176886986,426351.5475691858,7.196287802555355,0.0022209676244528964,-0.001621824223548174,0.00261694431023507,0,0.0011865525239376361,-0.0024809482277735675,0.00261694431023507,08_P2_0
40569,113,2026-02-15 00:55:05.770000+00:00,124414.0785558733,426875.91378988535,7.343728204854154,0.0013212591293267906,-0.001442252832930535,0.0403782597288771,0,0.0010882163557549352,-0.0016253012286936198,0.0403782597288771,32_P7_0
40570,166,2026-02-15 00:55:10.640000+00:00,124091.06011212214,427154.2072711474,9.823458164035326,-0.01216871355427429,0.018243167840410024,-0.006395455027478292,0,0.021049389527437574,-0.0061493058910376845,-0.006395455027478292,907_GSL_1
40571,117,2026-02-15 00:55:11.040000+00:00,124377.68018711463,426815.9058768906,7.6214810854629205,0.00016997054626699537,0.00017085205763578415,0.004046045290460931,0,0.00016411756281131467,0.00017648183411772528,0.004046045290460931,26_KW_0
40572,96,2026-02-15 00:55:12.930000+00:00,124258.06384436523,426307.35097968247,9.308787113517244,0.002866168797481805,-0.0014298944734036922,0.004241505341353147,0,0.0008408151324257492,-0.0030907202548617354,0.004241505341353147,03_P1_0
40573,112,2026-02-15 00:55:21.160000+00:00,124413.9522561188,426875.866150124,10.709035014232281,0.0015214939921861514,-0.0011159414425492287,0.039769407311617044,0,0.0007193969728650296,-0.0017443443659123155,0.039769407311617044,31_P7_0
40574,116,2026-02-15 00:55:26.050000+00:00,124377.68748160897,426815.9004412381,10.009402200175392,0.00012171739945188165,0.00037967448588460684,0.004342444898268738,0,0.000374686710668538,0.00013630007120123133,0.004342444898268738,25_KW_0
40575,125,2026-02-15 00:55:26.680000+00:00,124339.65740657735,426609.5901834473,6.670012853290248,-0.0004589862801367417,-0.001050399150699377,-0.0035030848388659663,0,-0.0011058841367401285,-0.00030170690620248805,-0.0035030848388659663,17_P5_1
40576,97,2026-02-15 00:55:28.230000+00:00,124257.99006934525,426307.39025050326,6.842012071936464,0.002199136375566013,-0.0016022013733163476,0.004949881340364115,0,0.0011390407444353877,-0.002470999033085705,0.004949881340364115,04_P1_0
40577,161,2026-02-15 00:55:37.560000+00:00,124402.99157485364,426879.6436105643,6.588481808476786,0.00017110705084633082,-0.003896322683431208,0.046857487653063856,0,0.0033353677798828004,-0.0020213683111173926,0.046857487653063856,34a_P7_0
40578,115,2026-02-15 00:55:41.940000+00:00,124396.28965153662,426811.6342738717,7.651207815171863,-0.0004392231930978596,0.00035953527549281716,0.004935522398816339,0,8.253936713000206e-05,-0.0005615780271276239,0.004935522398816339,24_KW_0
40579,146,2026-02-15 00:55:44.150000+00:00,124350.92422031533,426607.5117122274,11.373465645313566,-0.002046259614871815,-0.00015316938515752554,-0.005855867910517176,0,-0.0005818936848602067,-0.0019677497329499737,-0.005855867910517176,13_P5_1
40580,114,2026-02-15 00:55:57.210000+00:00,124396.29890686707,426811.63010580407,9.994770830184375,-0.00011377794726286083,0.0005670482642017305,0.004086752534192328,0,0.00042773882224482034,-0.00038926681744294594,0.004086752534192328,23_KW_0
40581,148,2026-02-15 00:56:00.220000+00:00,124351.04013846724,426607.39783363004,8.011420310178222,-0.0009799474210012704,-0.0006222646916285157,-0.004036105034160187,0,-0.0008158570479635326,-0.0008257648404133,-0.004036105034160187,14_P5_1
40582,153,2026-02-15 00:56:12+00:00,124370.27650108411,426819.49882910104,9.736677863412453,0.002662279235664755,-0.0002939961850643158,0.010597386299464162,0,-0.00041620770613802927,-0.002645928122764374,0.010597386299464162,29_KW_1
40583,150,2026-02-15 00:56:12.640000+00:00,124401.1023924854,426812.3223342462,9.185727020076039,-0.0007881445344537497,0.000902657164260745,0.003712996832229365,0,0.00025055236872878066,-0.0011718298826642734,0.003712996832229365,27_KW_1
40584,168,2026-02-15 00:56:17.820000+00:00,124669.37219041536,426931.3116175523,13.786243046012828,-0.004541555987088941,0.0038769799284636974,-0.01509697392240028,0,0.000482238730224246,-0.005951819046026643,-0.01509697392240028,908_GSL_1
40585,119,2026-02-15 00:56:28.540000+00:00,124400.81379869624,426811.34369164665,3.9883767915043236,-0.00035269084037281573,0.0005627653445117176,0.004842662418140797,0,0.0002331747938674362,-0.0006218723159710149,0.004842662418140797,28_KW_1
40586,169,2026-02-15 00:56:44.840000+00:00,124669.37545928742,426931.30969399615,13.811875387150947,-0.0036181609029881656,0.007534443226177245,0.00012017427805410819,0,0.00021022542018963209,-0.00835552082883565,0.00012017427805410819,908_GSL_1
40587,72,2026-02-15 00:57:26.630000+00:00,124390.52336098907,426780.8877782733,10.990883426725848,-0.0005987137847114354,0.0008473416091874242,0.0037981051590900705,0,-0.0007254236520162219,-0.0007417590739312003,0.0037981051590900705,18_P6_1
40588,138,2026-02-15 01:00:19.700000+00:00,123928.0865409438,426940.43217734253,7.1134837215029645,-7.793487748131156e-05,0.0004561904934234917,-0.004452342094962702,0,0.00040843065504636447,0.00021764193400260326,-0.004452342094962702,905_GSL_1
40589,130,2026-02-15 01:00:20.960000+00:00,124898.94057562898,426720.7702704488,4.130534919918317,0.0022026317165000364,0.0005937500391155481,0.0404721874481222,0,0.0018029792973673208,-0.0013976377358766662,0.0404721874481222,901_GSL_1
40590,134,2026-02-15 01:00:21.810000+00:00,123855.61538046469,426533.0731978922,6.052301504145401,0.0009183232759824023,-0.0011001697275787592,0.006458585247620441,0,-0.001119260900532216,-0.0008949559236250606,0.006458585247620441,904_GSL_1
40591,139,2026-02-15 01:00:22.120000+00:00,123928.0865175172,426940.4325774493,7.132349697545604,-0.00035240649594925344,0.0014734367141500115,-0.004252133193651808,0,0.000819072007875675,0.0012744909316691605,-0.004252133193651808,905_GSL_1
40592,133,2026-02-15 01:00:23.610000+00:00,124806.21611659574,426258.50584188226,4.600306858489952,-0.005779497791081667,-0.005641931085847318,0.012149754305386118,0,0.0018018378034633403,0.00787320529546757,0.012149754305386118,903_GSL_1
40593,125,2026-02-15 01:00:36.180000+00:00,124339.65882097442,426609.5899467162,6.669230292845224,0.000955410796450451,-0.0012871302315033972,-0.00428564528388975,0,-0.0011348692030290965,0.0011320715148965535,-0.00428564528388975,17_P5_1
40594,137,2026-02-15 01:00:38+00:00,123928.08617993997,426940.429718107,7.133804895317059,-0.0032193219085456803,-0.0041104640695266426,0.010941204351529343,0,-0.0014462577434720635,-0.005016800470136203,0.010941204351529343,905_GSL_1
40595,143,2026-02-15 01:00:38.520000+00:00,124266.91908049695,427056.3155952628,7.108243129179321,-0.00048693113785702735,0.0013683867873623967,0.002701390956543648,0,0.0014508459141672526,6.804752888172475e-05,0.002701390956543648,906_GSL_1
40596,153,2026-02-15 01:00:39.880000+00:00,124370.27691249044,426819.49884899793,9.737293881082532,0.003073685569688678,-0.0002740992931649089,0.011213403969543734,0,-0.0005435558326395609,-0.0030376340234843017,0.011213403969543734,29_KW_1
40597,132,2026-02-15 01:00:49.560000+00:00,124806.22170142179,426258.5052849689,4.6265355337850576,0.00756713401642628,0.0001432184362784028,0.043903359574736456,0,0.003660871225294219,-0.0066242018851223545,0.043903359574736456,903_GSL_1
40598,146,2026-02-15 01:00:51.410000+00:00,124350.92590243163,426607.511368026,11.373619066353948,-0.00036414331407286227,-0.0004973707837052643,-0.005702446870134992,0,-0.0005630597828555966,-0.0002508819056810682,-0.005702446870134992,13_P5_1
40599,152,2026-02-15 01:00:53.740000+00:00,124370.2758004671,426819.4995580586,9.732529471915683,2.8805239708162844e-05,0.0003880207077600062,0.003608520687803818,0,0.000370972198469009,0.0001173432548052553,0.003608520687803818,29_KW_1
40600,141,2026-02-15 01:00:54.340000+00:00,124266.916995883,427056.31474442995,7.089383400362205,-0.0016328684432664886,0.0002261269255541265,0.005248700099107495,0,0.00027611900164766824,-0.001625161849295381,0.005248700099107495,906_GSL_1
40601,136,2026-02-15 01:00:56.550000+00:00,123855.61503926739,426533.07534619636,6.035668648203847,-0.0007308444037334993,0.0012376702507026494,0.013376105767108903,0,-0.0001313480295481416,0.0014313311591231267,0.013376105767108903,904_GSL_1
40602,135,2026-02-15 01:01:06.060000+00:00,123855.61517695145,426533.06932545285,6.065229181864748,0.0015266732225427404,-0.00730946846306324,0.04403073474639019,0,0.002840631930440083,-0.00690578529761166,0.04403073474639019,904_GSL_1
40603,5,2026-02-15 01:01:06.260000+00:00,124424.61733496176,426919.14237109857,8.78094206103077,0.00013218424282968044,-0.003976670501288027,0.013116239024455467,11,-0.0039771459718320815,0.00011700798522609754,0.013116239024455467,TS4
40604,148,2026-02-15 01:01:07.590000+00:00,124351.03940697829,426607.3979191291,8.010409035907214,-0.0017114363727159798,-0.0005367656121961772,-0.005047379305167965,0,-0.0008873662083525788,-0.001558753666416068,-0.005047379305167965,14_P5_1
40605,122,2026-02-15 01:01:09.630000+00:00,124329.15098242089,426611.3908015448,8.087733797812795,0.0014315178414108232,-0.0012373640201985836,0.004069959370397669,0,-0.0008338074175966059,0.0016985518064281649,0.004069959370397669,16_P5_1
40606,150,2026-02-15 01:01:09.770000+00:00,124401.10228602459,426812.32215823577,9.18566419222736,-0.0008946053421823308,0.0007266467437148094,0.003650168983551083,0,4.584477295990598e-05,-0.0011516216675648107,0.003650168983551083,27_KW_1
40607,140,2026-02-15 01:01:13.180000+00:00,123928.0878458719,426940.4332546364,7.145859207780557,0.0003221394290449098,-0.0011840405059047043,0.010285501578213285,0,-0.0003605614086217639,-0.0011729114211998868,0.010285501578213285,905_GSL_1
40608,120,2026-02-15 01:01:24.940000+00:00,124329.26245316495,426611.3297009274,11.360891488890239,0.002201329785748385,-0.0014741626800969243,0.002860322243366298,0,-0.000865816420504128,0.002503871074755846,0.002860322243366298,15_P5_1
40609,128,2026-02-15 01:01:25.510000+00:00,124898.93839071936,426720.7735696869,4.0726192394576595,-0.0019106801482848823,0.004305652109906077,-0.008772691546020006,0,0.0001382904393371255,-0.004708525722025583,-0.008772691546020006,901_GSL_1
40610,129,2026-02-15 01:01:28.230000+00:00,124898.9397384684,426720.77205321955,4.084944278023014,6.67696149321273e-05,-0.0004494505701586604,-0.006740467222599911,0,0.00011948851488949846,0.00043839079746686244,-0.006740467222599911,901_GSL_1
40611,145,2026-02-15 01:01:30.080000+00:00,124266.91991529115,427056.3160466059,7.119014931305457,0.0015915383119136095,0.0012999982573091984,0.011047995013810485,0,-0.00021300028630564854,0.00204392283252805,0.011047995013810485,906_GSL_1
40612,6,2026-02-15 01:01:30.280000+00:00,124399.0398035219,426925.0756927516,8.555559809400476,0.0006327775190584362,0.00024353672051802278,0.008253113578918558,11,-0.0006572152360631015,-0.00016669030071646312,0.008253113578918558,TS5
40613,124,2026-02-15 01:01:40.080000+00:00,124339.65906244301,426609.5893492149,6.678171630744441,0.0012967197835678235,-0.0008926891023293138,0.0037414349112481204,0,-0.00044250466985584715,0.0015108162190251553,0.0037414349112481204,17_P5_1
40614,154,2026-02-15 01:01:40.280000+00:00,124285.6658845094,426445.5621661831,7.89562909645961,0.0012595094012795016,-0.0016588169382885098,-0.005970903540389649,11,-0.0020819075100271074,-6.081682626579372e-05,-0.005970903540389649,TS1-1
40615,131,2026-02-15 01:01:42.990000+00:00,124806.21687455843,426258.501384152,4.6093430530590105,-0.001669937715632841,-0.004899912513792515,-0.002161419713551993,0,0.00013877358796098558,0.005174802074301774,-0.002161419713551993,903_GSL_1
40616,3,2026-02-15 01:01:43.190000+00:00,124314.90276652793,426440.79376989376,7.048717850906854,-0.004472824002732523,-0.0023073898046277463,-0.029711244584230023,11,-0.005031450810569739,0.00012126421870188516,-0.029711244584230023,TS2
40617,149,2026-02-15 01:01:44.540000+00:00,124351.04017634361,426607.3970820429,8.0151203842023,-0.0011353484587743878,0.0003495773999020457,0.0028945402345019744,0,-0.00016664087962257984,0.0011762020653791872,0.0028945402345019744,14_P5_1
40618,147,2026-02-15 01:01:59.520000+00:00,124350.92592404498,426607.5105488424,11.375595136740165,-0.0005833006143802777,0.000556102255359292,0.0013754950677213884,0,-0.0004569386730442658,0.000663849662369912,0.0013754950677213884,13_P5_1
40619,126,2026-02-15 01:02:14.590000+00:00,124339.6568115103,426609.588708978,6.671234225403032,-9.093841072171926e-06,0.0002188169164583087,0.0005770362675745488,0,-0.0002113727415304818,5.7315835609860076e-05,0.0005770362675745488,17_P5_1
40620,121,2026-02-15 01:02:29.630000+00:00,124329.25960015373,426611.32781226607,11.356110709913898,5.7384022511541843e-05,9.577348828315735e-05,0.0018111878397757408,0,-0.00010796655595991338,-2.843782501676439e-05,0.0018111878397757408,15_P5_1
40621,123,2026-02-15 01:02:45.520000+00:00,124329.15055371998,426611.39037537,8.080662947946426,0.0007971078593982384,9.735033381730318e-05,0.0025473028923599372,0,-0.00031602189613337057,-0.0007382331529896576,0.0025473028923599372,16_P5_1
40622,4,2026-02-15 01:02:45.720000+00:00,124378.97062212392,426782.7419969741,7.76086029253234,-0.0011958492832491174,0.0008140666759572923,0.005784587560073717,11,-0.0012417194182370967,-0.0007422216296528339,0.005784587560073717,TS3
40623,68,2026-02-15 01:06:20.360000+00:00,123928.08117163241,426940.4280837748,7.112703681657666,-0.02777872944716364,-0.019651230424642563,-0.006109599382559949,0,0.001465163877056572,-0.03399532264465925,-0.006109599382559949,905_GSL_1
40624,67,2026-02-15 01:06:21+00:00,123855.61515098713,426533.07458283775,6.054806424597823,-0.0028434870182536542,-0.01651986694196239,0.01039827626024703,0,-0.0005084269288384458,-0.016755086519058944,0.01039827626024703,904_GSL_1
40625,68,2026-02-15 01:06:21.540000+00:00,123928.08665246771,426940.43282018456,7.134452447728802,-0.02229789414559491,-0.014914820669218898,0.01563916668857601,0,0.01612295626415566,-0.021440574624464682,0.01563916668857601,905_GSL_1
40626,66,2026-02-15 01:06:22.130000+00:00,124898.93960457112,426720.7673809854,4.129836397989742,0.0019989074353361502,-0.006824169424362481,0.047549867585977346,0,0.004477117315448149,0.005524521681662608,0.047549867585977346,901_GSL_1
40627,71,2026-02-15 01:06:24.280000+00:00,124806.22554935009,426258.5115658244,4.592966952747668,-0.002212585401139222,-0.0035403076908551157,0.0014632895984005856,0,0.0018677582620565151,0.003733736972227947,0.0014632895984005856,903_GSL_1
40628,68,2026-02-15 01:06:37.050000+00:00,123928.08841762297,426940.4317987153,7.133163421441878,-0.020532738883048296,-0.01593628991395235,0.01435014040165239,0,-0.0008926802990966634,-0.025976178012644346,0.01435014040165239,905_GSL_1
40629,69,2026-02-15 01:06:38.600000+00:00,124266.91913183208,427056.31550720904,7.1078145132538975,-0.02346536457480397,0.0006688249995931983,0.01731314232646497,0,0.0095112315413972,-0.02146175985501834,0.01731314232646497,906_GSL_1
40630,71,2026-02-15 01:06:39.470000+00:00,124806.22286691051,426258.50525776064,4.624028735526787,-0.0048950249765766785,-0.00984837143914774,0.03252507237751967,0,0.006079377055453545,0.009164762088693598,0.03252507237751967,903_GSL_1
40631,67,2026-02-15 01:06:40.590000+00:00,123855.6144636114,426533.076273978,6.0312204657806525,-0.0035308627411723137,-0.014828726707492024,-0.013187682556923264,0,0.01153861281967816,-0.009960850448633634,-0.013187682556923264,904_GSL_1
40632,69,2026-02-15 01:06:53.960000+00:00,124266.91852799182,427056.31482097966,7.091725019571675,-0.024069204839179292,-1.7404381651431322e-05,0.0012236486442427363,0,0.0007201249603943394,-0.02405843603695572,0.0012236486442427363,906_GSL_1
40633,67,2026-02-15 01:06:56.200000+00:00,123855.61391825622,426533.0707350624,6.0650420006034995,-0.004076217926922254,-0.020367642282508314,0.020633852265923736,0,0.014808460071582943,-0.01456591621026005,0.020633852265923736,904_GSL_1
40634,66,2026-02-15 01:06:56.470000+00:00,124898.93980243933,426720.77081624774,4.0863567488280825,0.0021967756474623457,-0.0033889070618897676,0.004070218424318206,0,0.0025823745987111875,0.003105133773501744,0.004070218424318206,901_GSL_1
40635,68,2026-02-15 01:06:57.250000+00:00,123928.08804430645,426940.4341138073,7.145526366316443,-0.020906055404338986,-0.013621197955217212,0.026713085276217186,0,0.020450542640854916,-0.014295995663089709,0.026713085276217186,905_GSL_1
40636,66,2026-02-15 01:07:00.180000+00:00,124898.93970434343,426720.77095728123,4.073766404914073,0.002098679746268317,-0.0032478735665790737,-0.008520125489691388,0,0.0004884554960163259,0.003835954980222183,-0.008520125489691388,901_GSL_1
40637,66,2026-02-15 01:07:10.400000+00:00,124898.94126672654,426720.770823944,4.082482549613051,0.0036610628594644368,-0.003381210786756128,0.00019601920928646877,0,0.0019558010341278785,0.004583755006578148,0.00019601920928646877,901_GSL_1
40638,69,2026-02-15 01:07:14.140000+00:00,124266.92014836651,427056.31585080374,7.119389075166778,-0.02244883014645893,0.001012419699691236,0.02888770423934517,0,0.016638911126438845,-0.015103695081646601,0.02888770423934517,906_GSL_1
40639,71,2026-02-15 01:07:16.560000+00:00,124806.2170765305,426258.5021071731,4.606724966510123,-0.010685404980904423,-0.01299895899137482,0.01522130336085592,0,-0.005496796408063834,0.01590396314487926,0.01522130336085592,903_GSL_1
40640,149,2026-02-15 01:07:33.240000+00:00,124351.04002851663,426607.3969538925,8.015251175514637,-0.0012831754429498687,0.0002214270061813295,0.0030253315468389275,0,-1.683327575591191e-05,0.001302031404107959,0.0030253315468389275,14_P5_1
40641,164,2026-02-15 01:07:48.030000+00:00,124091.0673730125,427154.20837679895,9.841656498431737,-0.02795543886895757,0.013645857514347881,0.027022966802340065,0,0.020560683627204594,-0.023344684158067106,0.027022966802340065,907_GSL_1
40642,147,2026-02-15 01:07:48.500000+00:00,124350.92603748153,426607.5105167563,11.374920259284142,-0.00046986405504867435,0.0005240161553956568,0.0007006176116988172,0,-0.00044318156830870225,0.0005467680119153534,0.0007006176116988172,13_P5_1
40643,110,2026-02-15 01:07:55.130000+00:00,124434.14000480372,426963.9310178421,8.78955497109666,-8.103875734377652e-05,-0.001068731362465769,0.03849461083887107,0,-0.0010622185848696967,0.0001429884025618216,0.03849461083887107,35_P9_0
40644,126,2026-02-15 01:08:04.340000+00:00,124339.65696650073,426609.5887235917,6.671468430948737,0.00014589658530894667,0.00023343064822256565,0.0008112418132792953,0,-0.00025993981273613457,-9.059235557772642e-05,0.0008112418132792953,17_P5_1
40645,122,2026-02-15 01:08:04.410000+00:00,124329.15115559043,426611.390908795,8.088727799469781,0.001604687378858216,-0.0011301138438284397,0.005063961027383712,0,-0.0006861382468324816,0.00183885648980914,0.005063961027383712,16_P5_1
40646,111,2026-02-15 01:08:09.930000+00:00,124434.26147053682,426963.97434366716,6.5063152954154235,-0.00022022250050213188,-0.003720112203154713,0.04502278580065511,0,-0.0036832350714273415,0.0005670204250251021,0.04502278580065511,36_P9_0
40647,107,2026-02-15 01:08:13.800000+00:00,124409.92277813895,426969.5255355326,6.2970050625382985,0.0019606316491262987,0.0011244795168749988,0.0079247391082653,0,0.0015584244855259147,0.0016370228374523149,0.0079247391082653,38_P9_0
40648,121,2026-02-15 01:08:19.480000+00:00,124329.25968492797,426611.3278766214,11.355386541190041,0.00014215825649444014,0.00016012880951166153,0.0010870191159195741,0,-0.00019338709866789015,-9.193277758219168e-05,0.0010870191159195741,15_P5_1
40649,120,2026-02-15 01:08:19.910000+00:00,124329.26166992665,426611.3299655605,11.361285237613725,0.00141809148772154,-0.0012095295824110508,0.0032540709668520407,0,-0.0008090857517601859,0.0016790847282297568,0.0032540709668520407,15_P5_1
40650,106,2026-02-15 01:08:28.570000+00:00,124410.03436963152,426969.4508349068,8.931659416339976,0.002165813304600306,0.0012735658674500883,0.007772192001445077,0,0.001756979185855062,0.0017960349188113455,0.007772192001445077,37_P9_0
40651,123,2026-02-15 01:08:34.340000+00:00,124329.15079786637,426611.3903567888,8.080839705376244,0.0010412542469566688,7.876916788518429e-05,0.00272406032217809,0,-0.0003663421972316697,-0.0009778590814335654,0.00272406032217809,16_P5_1
40652,124,2026-02-15 01:08:35.410000+00:00,124339.65932283906,426609.58939479355,6.678417094680661,0.0015571158292004839,-0.0008471104665659368,0.003986898847467835,0,-0.000317792981950257,0.0017439075287226191,0.003986898847467835,17_P5_1
40653,102,2026-02-15 01:08:38.080000+00:00,124282.39237523584,426301.79298002966,6.898696586044676,-0.0009137099841609597,-0.0005778349586762488,-0.004601397722059808,0,0.0007707311296573241,0.0007581112717806986,-0.004601397722059808,02_P1_0
40654,160,2026-02-15 01:08:43.740000+00:00,124421.81288827016,426965.6183262916,5.603124297699859,0.0016821095196064562,-0.0003117470187135041,0.01094306781252019,0,0.0005519300819018992,0.0016192750922308363,0.01094306781252019,38a_P9_0
40655,118,2026-02-15 01:08:50.130000+00:00,124372.26065498081,426775.1126321048,6.16974875445383,0.0006276188214542344,-3.239401848986745e-05,0.00421668546346865,0,-0.00039018035814735624,-0.0004926601725261794,0.00421668546346865,22_P6_1
40656,170,2026-02-15 01:08:51.270000+00:00,124669.3736029633,426931.31137748196,13.801591555877113,-0.014443853171542287,0.012880510243121535,0.015401425205725516,0,0.0011536109802817779,-0.019318426961593024,0.015401425205725516,908_GSL_1
40657,103,2026-02-15 01:08:53.430000+00:00,124282.31049513887,426301.7970791287,9.293834585100166,-0.0012232682929607108,-0.0003650245489552617,-0.004116900690947389,0,0.0006346313743051785,0.0011076422060622845,-0.004116900690947389,01_P1_0
40658,162,2026-02-15 01:09:00.980000+00:00,124402.9969512438,426879.6472307456,6.555280991031651,0.001523115482996218,-0.0005028423038311303,0.01060794774108409,0,0.0006330716415883992,-0.0014737542039572169,0.01060794774108409,34a_P7_0
40659,74,2026-02-15 01:09:06.540000+00:00,124369.3460617404,426785.72517315455,7.233904733240048,-0.0002514688967494294,-0.0012931421515531838,0.0038508984829759285,0,-0.0001429382229630826,-0.0013095884447306828,0.0038508984829759285,21_P6_1
40660,92,2026-02-15 01:09:08.510000+00:00,124278.31665315603,426395.6373955926,11.10434754878069,0.0026773534482344985,-0.0008950326009653509,0.002558565553471226,0,0.000495416125020808,-0.002779184719775447,0.002558565553471226,11_P3_0
40661,100,2026-02-15 01:09:08.560000+00:00,124292.48303191758,426345.9294937847,7.582878590484272,-0.0006913557299412787,-0.0007411950500681996,-0.005620978484826011,0,0.000880328890958118,0.0005023583295942143,-0.005620978484826011,06_P2_0
40662,104,2026-02-15 01:09:16.710000+00:00,124389.8175366878,426881.44603991153,10.733709894610568,0.00044047752453479916,0.0017003433895297348,0.0077980265503612145,0,-0.001754678895912667,-7.930992482959909e-05,0.0077980265503612145,33_P7_0
40663,73,2026-02-15 01:09:23.240000+00:00,124369.48959178716,426785.69613721943,11.410123906870068,0.0002522227296140045,-0.00032943475525826216,0.004069290806992143,0,-0.0003388314519132216,-0.00023945106076271312,0.004069290806992143,20_P6_1
40664,93,2026-02-15 01:09:23.290000+00:00,124278.27077910175,426395.79006583884,7.951774176117008,0.002655522068380378,-0.0012842636788263917,0.003048655837490699,0,0.0008798895975308986,-0.00281547952373389,0.003048655837490699,12_P3_0
40665,101,2026-02-15 01:09:24.230000+00:00,124292.40440561896,426345.88273635454,10.211542247170545,-0.0009132518753176555,-0.0006571713602170348,-0.0040762504297386926,0,0.000850086024074609,0.0007370596557496183,-0.0040762504297386926,05_P2_0
40666,105,2026-02-15 01:09:31.240000+00:00,124389.68845241968,426881.47360473784,7.069867173621379,-0.00023301767942029983,0.0016515236929990351,0.007571276898588941,0,-0.0015659459853879188,0.0005741436390896036,0.007571276898588941,34_P7_0
40667,94,2026-02-15 01:09:38.960000+00:00,124268.2262982392,426351.5549185939,10.21786084116128,0.0020757401071023196,-0.0010544265969656408,0.003366901870318628,0,0.0006580683576073287,-0.0022332618470160825,0.003366901870318628,07_P2_0
40668,98,2026-02-15 01:09:39.280000+00:00,124302.66035970014,426390.0773853679,7.975216892221054,-0.00048593341489322484,-0.0005266406806185842,-0.0038339029098164445,0,0.0006259537734181432,0.00034880304433273596,-0.0038339029098164445,10_P3_0
40669,165,2026-02-15 01:09:39.410000+00:00,124091.06328379712,427154.2064913368,9.854604266493803,-0.020496830038609914,0.010339543165173382,0.0038687727677828576,0,0.020728449631628582,-0.009866993988301716,0.0038687727677828576,907_GSL_1
40670,99,2026-02-15 01:09:54.190000+00:00,124302.53740114547,426390.1346167668,11.083525232654196,-0.0006791456980863586,-0.0001995251514017582,-0.0042299700951708985,0,0.0003548626775919168,0.0006124717506329554,-0.0042299700951708985,09_P3_0
40671,95,2026-02-15 01:09:54.430000+00:00,124268.11177088556,426351.5478573133,7.197254187906774,0.0022229833266464993,-0.0013336967094801366,0.0035833296616534227,0,0.0009029588183687295,-0.0024300343939452026,0.0035833296616534227,08_P2_0
40672,152,2026-02-15 01:09:55.140000+00:00,124370.27559161461,426819.49951412954,9.732427660437267,-0.00018004725279752165,0.000344091618899256,0.0035067092093878927,0,0.00037629456550740994,-9.601278772244375e-05,0.0035067092093878927,29_KW_1
40673,113,2026-02-15 01:10:02.640000+00:00,124414.07907794615,426875.9130809281,7.341999810354544,0.0018433319783071056,-0.002151210093870759,0.03864986522926728,0,0.0016533113889014254,-0.0023004649750756625,0.03864986522926728,32_P7_0
40674,96,2026-02-15 01:10:09.920000+00:00,124258.06418510039,426307.3511029794,9.309588296683591,0.0032069039589259773,-0.0013065975508652627,0.005042688507700177,0,0.0006531752147896814,-0.003400704677046606,0.005042688507700177,03_P1_0
40675,117,2026-02-15 01:10:11.440000+00:00,124377.68018798104,426815.9059208123,7.621512566307541,0.0001708369527477771,0.00021477375412359834,0.004077526135081833,0,0.0002079724094775234,0.00017905447992329996,0.004077526135081833,26_KW_0
40676,166,2026-02-15 01:10:12.030000+00:00,124091.06222812325,427154.2079313011,9.816228886275361,-0.01005271244503092,0.01890332152834162,-0.01362473278744325,0,0.02104581435321724,-0.0039327204981105006,-0.01362473278744325,907_GSL_1
40677,112,2026-02-15 01:10:17.110000+00:00,124413.95241544647,426875.86562885734,10.70753066415761,0.0016808216605568305,-0.001637208100873977,0.038265057236944955,0,0.0011873760585946202,-0.002023795917487902,0.038265057236944955,31_P7_0
40678,97,2026-02-15 01:10:24.830000+00:00,124257.99033619065,426307.39029066236,6.842337145259006,0.002465981771820225,-0.0015620422782376409,0.005274954662906062,0,0.0010472563566901606,-0.0027247561911707815,0.005274954662906062,04_P1_0
40679,116,2026-02-15 01:10:26.330000+00:00,124377.68743313073,426815.90043218946,10.009414970708182,7.323916361201555e-05,0.0003706258721649647,0.0043552154310582125,0,0.00036751843748748846,8.750834423861181e-05,0.0043552154310582125,25_KW_0
40680,125,2026-02-15 01:10:27.950000+00:00,124339.65757821682,426609.5901300613,6.66972155314085,-0.0002873468038160354,-0.0011037851218134165,-0.0037943849882644543,0,-0.0011337987902355698,-0.00012413735964772346,-0.0037943849882644543,17_P5_1
40681,161,2026-02-15 01:10:33.480000+00:00,124402.99164819514,426879.6431770943,6.58698350796247,0.00024444854352623224,-0.0043297926895320415,0.045359187138748425,0,0.003680331493284971,-0.0022939093103895845,0.045359187138748425,34a_P7_0
40682,115,2026-02-15 01:10:42.450000+00:00,124396.28959530692,426811.63435841934,7.651199930567849,-0.0004954528849339113,0.0004440828924998641,0.004927637794802209,0,0.00012614415565402753,-0.0006532769922435,0.004927637794802209,24_KW_0
40683,146,2026-02-15 01:10:44.150000+00:00,124350.92407118647,426607.51175120054,11.374100133857198,-0.0021953884715912864,-0.0001141962711699307,-0.005221379366885159,0,-0.0005752964373435557,-0.0021217458233079786,-0.005221379366885159,13_P5_1
40684,114,2026-02-15 01:10:57.440000+00:00,124396.29881458411,426811.63003863033,9.994747642301267,-0.0002060609112959355,0.0004998745280317962,0.0040635646510835954,0,0.0003226628871510918,-0.000433848250191751,0.0040635646510835954,23_KW_0
40685,148,2026-02-15 01:10:59.250000+00:00,124351.04028518953,426607.39782494336,8.011441886733737,-0.0008332251309184358,-0.0006309513701125979,-0.004014528478645474,0,-0.0007932432977199075,-0.0006805356866935451,-0.004014528478645474,14_P5_1
40686,153,2026-02-15 01:11:07.880000+00:00,124370.27636564524,426819.4987495782,9.736768097112897,0.002526840369682759,-0.00037351902574300766,0.010687619999908193,0,-0.0003038798918783306,-0.002536157670130649,0.010687619999908193,29_KW_1
40687,150,2026-02-15 01:11:13.140000+00:00,124401.10226605873,426812.3222952512,9.18572440877835,-0.0009145711956080049,0.0008636621641926467,0.003710385534541061,0,0.0001435875626877415,-0.0012496941295913875,0.003710385534541061,27_KW_1
40688,168,2026-02-15 01:11:16.020000+00:00,124669.37182248612,426931.31193586474,13.78641350566789,-0.004909485229291022,0.004195292363874614,-0.01492651426733893,0,0.0005247296503616141,-0.0064364727940886025,-0.01492651426733893,908_GSL_1
40689,119,2026-02-15 01:11:29.140000+00:00,124400.8136419265,426811.34370794886,3.9881376448570998,-0.0005094605730846524,0.0005790675641037524,0.004603515770916999,0,0.00015097691342044048,-0.0007563565898032704,0.004603515770916999,28_KW_1
40690,169,2026-02-15 01:11:45.920000+00:00,124669.37552376602,426931.3097673968,13.811741159162374,-0.0035536822979338467,0.00760784384328872,-1.4053710518879825e-05,0,0.0003010575608789796,-0.008391502259044685,-1.4053710518879825e-05,908_GSL_1
40691,72,2026-02-15 01:12:27.940000+00:00,124390.52340499395,426780.88775871077,10.990894097337533,-0.0005547089094761759,0.0008277790620923042,0.003808775770774986,0,-0.0006788748026888852,-0.0007294169947052169,0.003808775770774986,18_P6_1
40692,138,2026-02-15 01:15:19.720000+00:00,123928.08638271794,426940.43199140375,7.114893515475567,-0.00023616073303855956,0.0002702517085708678,-0.0030425481223606,0,0.00035826566640415584,-2.1297654583759954e-05,-0.0030425481223606,905_GSL_1
40693,134,2026-02-15 01:15:21.140000+00:00,123855.6148197067,426533.07246953866,6.055575787220599,0.00035756528086494654,-0.0018285232945345342,0.00973286832281861,0,-0.0007150019687048431,-0.0017205006694226111,0.00973286832281861,904_GSL_1
40694,130,2026-02-15 01:15:21.350000+00:00,124898.94009032405,426720.7679148095,4.128969868183337,0.0017173267842736095,-0.0017618892597965896,0.03890713571314297,0,0.002264153817890758,0.0009628460607494931,0.03890713571314297,901_GSL_1
40695,133,2026-02-15 01:15:21.990000+00:00,124806.22185661901,426258.5092357963,4.595602611238309,-3.947451477870345e-05,-0.002248017059173435,0.007445507053743583,0,0.0018978224396136857,0.0012055741052919774,0.007445507053743583,903_GSL_1
40696,139,2026-02-15 01:15:22.630000+00:00,123928.08607710483,426940.4316302534,7.134663800836362,-0.00079281885700766,0.0005262407939881086,-0.00193802990289349,0,0.0009220972303058329,0.0002350059810866079,-0.00193802990289349,905_GSL_1
40697,125,2026-02-15 01:15:37.040000+00:00,124339.65854797821,426609.5900386206,6.669836783016714,0.000682414582115598,-0.001195225864648819,-0.0036791551124002453,0,-0.0010835515187747763,0.0008486286794413672,-0.0036791551124002453,17_P5_1
40698,137,2026-02-15 01:15:37.450000+00:00,123928.08689807807,426940.4306367208,7.1316534636911175,-0.0025011838151840493,-0.003191850264556706,0.008789772725587675,0,-0.001122271923854497,-0.0038967081386238403,0.008789772725587675,905_GSL_1
40699,153,2026-02-15 01:15:38.320000+00:00,124370.27680071289,426819.4985790745,9.736754689948501,0.0029619080160045996,-0.0005440227105282247,0.01067421283551262,0,-0.0002537447367554756,-0.0030007454762794655,0.01067421283551262,29_KW_1
40700,143,2026-02-15 01:15:38.820000+00:00,124266.91828103682,427056.3152146863,7.10862186350211,-0.0012863912706961855,0.0009878103155642748,0.003080125279332435,0,0.0014016774504794383,-0.0008160098318500829,0.003080125279332435,906_GSL_1
40701,132,2026-02-15 01:15:39.160000+00:00,124806.22656873763,426258.50747405976,4.620812237628992,0.012434449861757457,0.0023323093191720545,0.03818006341867086,0,0.004199793349013229,-0.011933857127954948,0.03818006341867086,903_GSL_1
40702,146,2026-02-15 01:15:52.560000+00:00,124350.92613836679,426607.51141072984,11.373952015484285,-0.00012820815027225763,-0.0004546669661067426,-0.0053694977397977794,0,-0.0004714886835167396,-2.9288243043845647e-05,-0.0053694977397977794,13_P5_1
40703,141,2026-02-15 01:15:54.140000+00:00,124266.9194548663,427056.315100528,7.092472868379654,0.0008261148614110425,0.0005822249804623425,0.00833816811655641,0,0.0005566049415511228,0.0008435891364636177,0.00833816811655641,906_GSL_1
40704,136,2026-02-15 01:15:54.260000+00:00,123855.6139097773,426533.0771277785,6.031133803954554,-0.0018603344942675903,0.003019252384547144,0.008841261517815724,0,-0.0002575923009614696,0.0035370009328018056,0.008841261517815724,904_GSL_1
40705,152,2026-02-15 01:15:54.410000+00:00,124370.27569472145,426819.4995358031,9.732478176458502,-7.69404141465202e-05,0.00036576518323272467,0.0035572252306224073,0,0.00037365390516569657,9.31427660805187e-06,0.0035572252306224073,29_KW_1
40706,135,2026-02-15 01:15:55.750000+00:00,123855.61564191247,426533.0681067587,6.064884255553521,0.00199163424258586,-0.008528162608854473,0.04368580843516323,0,0.0031401143518757155,-0.00817531933911136,0.04368580843516323,904_GSL_1
40707,5,2026-02-15 01:15:55.950000+00:00,124424.61743631346,426919.142601153,8.77704728306004,0.0002335359458811581,-0.0037466160720214248,0.009221461053726898,11,-0.003752306414178964,0.00010893852972782713,0.009221461053726898,TS4
40708,148,2026-02-15 01:16:08.630000+00:00,124351.04116022254,426607.39763253764,8.011887440292988,4.180787072982639e-05,-0.000823357084300369,-0.003568974919394563,0,-0.0007957818198652346,0.00021539749649088796,-0.003568974919394563,14_P5_1
40709,122,2026-02-15 01:16:09.740000+00:00,124329.1505465242,426611.3911718143,8.088791753612668,0.000995621143374592,-0.0008670945535413921,0.005127915170270114,0,-0.0005862059052149285,0.0011829949545990558,0.005127915170270114,16_P5_1
40710,150,2026-02-15 01:16:10.050000+00:00,124401.1023719098,426812.32228820876,9.1855241901576,-0.0008087201276794076,0.0008566197357140481,0.003510166913791579,0,0.00020136459225829904,-0.0011607230149838729,0.003510166913791579,27_KW_1
40711,140,2026-02-15 01:16:10.990000+00:00,123928.08804316461,426940.43389412644,7.143516376798646,0.0005194321420276538,-0.0005445504793897271,0.007942670596301937,0,-0.0005369056432912321,-0.0005273303565859322,0.007942670596301937,905_GSL_1
40712,120,2026-02-15 01:16:24.640000+00:00,124329.26214768042,426611.32994630636,11.361143060966219,0.0018958452565129846,-0.0012287837453186512,0.00311189431934622,0,-0.0007061973761645759,0.0021460251618516464,0.00311189431934622,15_P5_1
40713,128,2026-02-15 01:16:26.550000+00:00,124898.9392573178,426720.77201651107,4.074810874461174,-0.0010440816986374557,0.0027524762554094195,-0.0065810565425055145,0,0.00024833757594869483,-0.0029333531288261664,-0.0065810565425055145,901_GSL_1
40714,145,2026-02-15 01:16:26.950000+00:00,124266.92004776902,427056.315822469,7.1195707423588575,0.001724016183288768,0.0010758613934740424,0.011603806067211231,0,-0.000464945672716043,0.0019782656696288557,0.011603806067211231,906_GSL_1
40715,6,2026-02-15 01:16:27.150000+00:00,124399.03989110302,426925.0759274389,8.555340964406817,0.0007203586428659037,0.0004782240139320493,0.008034268585259241,11,-0.0008440575170862972,0.00018756782694002324,0.008034268585259241,TS5
40716,129,2026-02-15 01:16:28.630000+00:00,124898.94006010995,426720.7725935866,4.085718734341029,0.00038841116474941373,9.091646643355489e-05,-0.0059660109045847065,0,0.0003749227655411826,-0.00013624227188986288,-0.0059660109045847065,901_GSL_1
40717,124,2026-02-15 01:16:40.740000+00:00,124339.65881277954,426609.58967426454,6.679265593999242,0.001047056313836947,-0.0005676394794136286,0.004835398166048499,0,-0.00021180840396669182,0.0011720404015834408,0.004835398166048499,17_P5_1
40718,154,2026-02-15 01:16:40.940000+00:00,124285.66631993683,426445.5618910406,7.895157608777931,0.0016949368291534483,-0.00193395942915231,-0.006442391222067911,11,-0.0025652413976142725,0.0001804064865625623,-0.006442391222067911,TS1-1
40719,131,2026-02-15 01:16:43.920000+00:00,124806.21691833224,426258.5015143068,4.608430074923632,-0.0016261639102594927,-0.004769757681060582,-0.003074397848930488,0,0.00013453964895261667,0.005037548658020741,-0.003074397848930488,903_GSL_1
40720,3,2026-02-15 01:16:44.120000+00:00,124314.90264760784,426440.79368541174,7.047894814544568,-0.0045917440875200555,-0.002391871821600944,-0.030534280946516112,11,-0.0051753311983094375,0.00014529819010919843,-0.030534280946516112,TS2
40721,149,2026-02-15 01:16:44.810000+00:00,124351.0401624729,426607.3969828735,8.015038929142719,-0.0011492191697470844,0.0002504080184735358,0.0028130851749210706,0,-6.652419916449095e-05,0.001174301241911778,0.0028130851749210706,14_P5_1
40722,147,2026-02-15 01:16:59.710000+00:00,124350.9262150722,426607.51045928587,11.375966399993853,-0.00029227338382042944,0.0004665457527153194,0.0017467583214099136,0,-0.00041449707951621474,0.0003623269812463279,0.0017467583214099136,13_P5_1
40723,126,2026-02-15 01:17:14.880000+00:00,124339.65625344042,426609.58878098585,6.671780272535546,-0.0005671637190971524,0.00029082479886710644,0.001123083400088376,0,-0.00015803267147151016,0.0006174782770622658,0.001123083400088376,17_P5_1
40724,121,2026-02-15 01:17:30.320000+00:00,124329.26066879029,426611.32754147094,11.355493168626218,0.001126020579249598,-0.00017502164700999856,0.0011936465520960837,0,-0.00014553050997587332,-0.0011302105080390357,0.0011936465520960837,15_P5_1
40725,123,2026-02-15 01:17:45.520000+00:00,124329.15080534079,426611.39035372343,8.080365947523765,0.0010487286635907367,7.570377783849835e-05,0.0022503024696991503,0,-0.0003654854610979718,-0.0009858921084691956,0.0022503024696991503,16_P5_1
40726,4,2026-02-15 01:17:45.720000+00:00,124378.97068277959,426782.7420128309,7.7606063316062235,-0.0011351936118444428,0.0008299234905280173,0.005530626633957425,11,-0.001182102959073698,-0.000761623352223293,0.005530626633957425,TS3
40727,68,2026-02-15 01:21:20.130000+00:00,123928.08397444639,426940.43038019584,7.112638104539599,-0.02497591546853073,-0.017354809388052672,-0.006175176500627266,0,0.0015653544886158077,-0.030373268308033698,-0.006175176500627266,905_GSL_1
40728,67,2026-02-15 01:21:21.340000+00:00,123855.61556194231,426533.0743949187,6.052279584828464,-0.0024325318372575566,-0.016707786009646952,0.007871436490888506,0,-0.0009486120393392151,-0.01685726726614509,0.007871436490888506,904_GSL_1
40729,68,2026-02-15 01:21:21.530000+00:00,123928.08619162449,426940.4319572884,7.134559935514175,-0.022758737366530113,-0.015777716820593923,0.01574665447394885,0,0.016273050108458777,-0.02240723799929693,0.01574665447394885,905_GSL_1
40730,66,2026-02-15 01:21:22.160000+00:00,124898.93969873713,426720.7675840198,4.1263612734016535,0.002093073446303606,-0.00662113499129191,0.04407474299788916,0,0.004485657202489027,0.0053008739360873025,0.04407474299788916,901_GSL_1
40731,71,2026-02-15 01:21:24.890000+00:00,124806.2223774951,426258.50955329643,4.596410635331967,-0.005384440388297662,-0.005552835646085441,0.004906972182699754,0,0.001931684304221461,0.0074896447016125295,0.004906972182699754,903_GSL_1
40732,68,2026-02-15 01:21:37.640000+00:00,123928.08797219332,426940.43088709575,7.1326946433257135,-0.02097816854075063,-0.016847909486386925,0.01388136228548742,0,-0.0013707421983579398,-0.026871112280872682,0.01388136228548742,905_GSL_1
40733,69,2026-02-15 01:21:37.930000+00:00,124266.91851532125,427056.315307497,7.107296635327703,-0.02408187541004736,0.00046911294339224696,0.016795264400270682,0,0.009560044056174197,-0.022107970233893253,0.016795264400270682,906_GSL_1
40734,71,2026-02-15 01:21:39.060000+00:00,124806.22369722741,426258.5058310206,4.623333854632802,-0.004064708075020462,-0.009275111486203969,0.03183019148353505,0,0.005998305004840093,0.008159036823397699,0.03183019148353505,903_GSL_1
40735,67,2026-02-15 01:21:41.220000+00:00,123855.61429110898,426533.07676737057,6.033546622921305,-0.0037033651606179774,-0.01433533412637189,-0.010861525416270723,0,0.011389877256666537,-0.009459778755640743,-0.010861525416270723,904_GSL_1
40736,69,2026-02-15 01:21:54.140000+00:00,124266.91967872204,427056.3147168043,7.090450446915538,-0.02291847461310681,-0.0001215797383338213,-5.0924011894437626e-05,0,0.0005807542023776082,-0.022911437859305456,-5.0924011894437626e-05,906_GSL_1
40737,66,2026-02-15 01:21:55.030000+00:00,124898.94009029232,426720.7736904452,4.085743008048588,0.0024846286396496,-0.0005147096235305071,0.003456477644824041,0,0.002528079673844557,0.0002170682754709567,0.003456477644824041,901_GSL_1
40738,67,2026-02-15 01:21:55.830000+00:00,123855.61451625636,426533.0701502805,6.060267517246663,-0.003478217782685533,-0.020952424209099263,0.015859368909087124,0,0.014641933633444914,-0.01538557306880811,0.015859368909087124,904_GSL_1
40739,68,2026-02-15 01:21:58.130000+00:00,123928.08808609571,426940.4358050071,7.143051800452651,-0.020864266145508736,-0.01192999811610207,0.02423851941242461,0,0.020463956440586226,-0.012604322418861334,0.02423851941242461,905_GSL_1
40740,66,2026-02-15 01:21:58.990000+00:00,124898.94110378697,426720.76825610845,4.072518386197308,0.0034981232893187553,-0.005949046346358955,-0.009768144206455887,0,0.0005827132688957739,0.006876660833911609,-0.009768144206455887,901_GSL_1
40741,66,2026-02-15 01:22:10.560000+00:00,124898.94241579575,426720.7692531106,4.085646284129577,0.004810132071725093,-0.004952044226229191,0.003359753725812986,0,0.002361006773842679,0.006487353819535141,0.003359753725812986,901_GSL_1
40742,69,2026-02-15 01:22:15.140000+00:00,124266.92041662606,427056.31654939975,7.119007941857622,-0.022180570595082827,0.0017110157059505582,0.02850657093018949,0,0.016940993335193607,-0.014419016314797216,0.02850657093018949,906_GSL_1
40743,71,2026-02-15 01:22:16.030000+00:00,124806.21598181441,426258.4984224834,4.607889904918647,-0.011780121072661132,-0.01668364868965,0.016386241769379417,0,-0.005241520200029775,0.019739347812906455,0.016386241769379417,903_GSL_1
40744,149,2026-02-15 01:22:30.450000+00:00,124351.03993171343,426607.3969699597,8.015692208930785,-0.0013799786393065006,0.00023749424144625664,0.003466364962987356,0,-1.7473822965772572e-05,0.0014001568573461028,0.003466364962987356,14_P5_1
40745,147,2026-02-15 01:22:45.820000+00:00,124350.92613950481,426607.51045253186,11.375053449335354,-0.00036784078110940754,0.00045979174319654703,0.0008338076629108571,0,-0.00039588637991957656,0.0004358775763366031,0.0008338076629108571,13_P5_1
40746,164,2026-02-15 01:22:48.520000+00:00,124091.06435932929,427154.20715304994,9.841713303109675,-0.030969122075475752,0.012422108498867601,0.027079771480277515,0,0.020178562502885498,-0.026574817346512503,0.027079771480277515,907_GSL_1
40747,110,2026-02-15 01:22:56.040000+00:00,124434.1401049728,426963.9310947896,8.785700142900245,1.9130326109007e-05,-0.0009917838615365326,0.03463978264245604,0,-0.0009661222919294717,0.00022496425142297098,0.03463978264245604,35_P9_0
40748,126,2026-02-15 01:23:01.640000+00:00,124339.65682114678,426609.5887016399,6.672055181828713,0.0,0.0002114788512699306,0.0013979926932554676,0,-0.00020635038560163702,4.6293815522939556e-05,0.0013979926932554676,17_P5_1
40749,122,2026-02-15 01:23:05+00:00,124329.15130359998,426611.3908131768,8.087589278589,0.001752696931362152,-0.00122573203407228,0.003925440146602455,0,-0.0007410936092616273,0.0020062766047753353,0.003925440146602455,16_P5_1
40750,111,2026-02-15 01:23:10.950000+00:00,124434.26159668429,426963.9744786193,6.5026697306737296,-9.407503239344805e-05,-0.0035851600696332753,0.04137722105896113,0,-0.003524773360159228,0.0006619634401721321,0.04137722105896113,36_P9_0
40751,107,2026-02-15 01:23:15.330000+00:00,124409.92281327717,426969.5257611892,6.296355829157152,0.0019957698677899316,0.0013501360663212836,0.0072755057271187695,0,0.0017859631532361163,0.001617498184865337,0.0072755057271187695,38_P9_0
40752,121,2026-02-15 01:23:16.930000+00:00,124329.25928029013,426611.32787591347,11.354723497008845,-0.0002624795743031427,0.00015942088793963194,0.0004239749347227928,0,-8.000492639154e-05,0.0002964957979312759,0.0004239749347227928,15_P5_1
40753,120,2026-02-15 01:23:20.450000+00:00,124329.26240673498,426611.3299104062,11.361340374144271,0.002154899819288403,-0.0012646839022636414,0.003309207497398603,0,-0.000675037313963931,0.0024056897614967614,0.003309207497398603,15_P5_1
40754,106,2026-02-15 01:23:29.890000+00:00,124410.03449020608,426969.45111446845,8.931259282720934,0.0022863878548378125,0.0015531275421380997,0.007372058382403068,0,0.0020573301657374767,0.001845851341263536,0.007372058382403068,37_P9_0
40755,123,2026-02-15 01:23:31.830000+00:00,124329.15044600869,426611.39035480353,8.080762140671887,0.000689396561938338,7.678387919440866e-05,0.002646495617820932,0,-0.000266201586812646,-0.0006405467187449886,0.002646495617820932,16_P5_1
40756,124,2026-02-15 01:23:36.050000+00:00,124339.65952922672,426609.5893021803,6.678195747507653,0.0017635034892009571,-0.0009397237445227802,0.0037655516744594664,0,-0.00034123965232737047,0.0019689034440833714,0.0037655516744594664,17_P5_1
40757,102,2026-02-15 01:23:37.330000+00:00,124282.39263940719,426301.79271192366,6.899612528639481,-0.0006495386332971975,-0.0008459409582428634,-0.003685455127254933,0,0.0009716327177673295,0.0004398254230288632,-0.003685455127254933,02_P1_0
40758,160,2026-02-15 01:23:44.910000+00:00,124421.81281914757,426965.6186612697,5.603073943497,0.001612986932741478,2.3231084924191236e-05,0.010892713609661264,0,0.0008101448505250714,0.0013949666123851232,0.010892713609661264,38a_P9_0
40759,118,2026-02-15 01:23:47.740000+00:00,124372.26057267026,426775.11256739777,6.169759849049108,0.0005453082703752443,-9.71010304056108e-05,0.0042277800587466885,0,-0.00028723206191525125,-0.0004735899729231872,0.0042277800587466885,22_P6_1
40760,103,2026-02-15 01:23:52.610000+00:00,124282.31147281459,426301.79674364603,9.293617459213591,-0.00024559257144574076,-0.000700507196597755,-0.004334026577522465,0,0.0007380743580206222,7.919776301779892e-05,-0.004334026577522465,01_P1_0
40761,170,2026-02-15 01:23:52.850000+00:00,124669.37218761955,426931.3127474173,13.801782498508565,-0.01585919692297466,0.014250445587094873,0.015592367837177434,0,0.0013512459931060577,-0.02127823913622919,0.015592367837177434,908_GSL_1
40762,162,2026-02-15 01:24:01.940000+00:00,124402.99714553409,426879.6473730079,6.555090455358524,0.001717405772069469,-0.0003605799865908921,0.010417412067956988,0,0.0005081956196005596,-0.001679654049167929,0.010417412067956988,34a_P7_0
40763,74,2026-02-15 01:24:03.950000+00:00,124369.34606704561,426785.7251857062,7.233878773006382,-0.0002461636904627085,-0.0012805904843844473,0.0038249382493100725,0,-0.00014428658615193283,-0.0012960285229325914,0.0038249382493100725,21_P6_1
40764,100,2026-02-15 01:24:07.830000+00:00,124292.48386087969,426345.9292977733,7.582859500125482,0.0001376063737552613,-0.0009372064378112555,-0.005640068843615786,0,0.0008804359288494786,-0.00034946243913171985,-0.005640068843615786,06_P2_0
40765,92,2026-02-15 01:24:10.630000+00:00,124278.31705442109,426395.6370090138,11.104427666626128,0.0030786185088800266,-0.0012816113885492086,0.0026386833989082703,0,0.0008193792518823324,-0.0032324970713153724,0.0026386833989082703,11_P3_0
40766,104,2026-02-15 01:24:17.080000+00:00,124389.81770893092,426881.4462053092,10.733486456992352,0.0006127206434030086,0.0018657410400919616,0.007574588932145687,0,-0.0019521223794347002,-0.0002136221693688082,0.007574588932145687,33_P7_0
40767,73,2026-02-15 01:24:20.430000+00:00,124369.48954156497,426785.6961169611,11.410154779295823,0.00020200053404551,-0.0003496931167319417,0.0041001632327475335,0,-0.00029691324821222995,-0.0002737371269675222,0.0041001632327475335,20_P6_1
40768,101,2026-02-15 01:24:23.110000+00:00,124292.40480755118,426345.8825889086,10.211519458672983,-0.0005113196530146524,-0.0008046173024922609,-0.004099038927300569,0,0.0009008549650691342,0.000311956924813725,-0.004099038927300569,05_P2_0
40769,93,2026-02-15 01:24:25.530000+00:00,124278.27125277175,426395.7897848512,7.951157928877276,0.0031291920749936253,-0.0015652513247914612,0.0024324085977580623,0,0.001088153107469049,-0.0033253236784815078,0.0024324085977580623,12_P3_0
40770,105,2026-02-15 01:24:31.920000+00:00,124389.68864655703,426881.4737557888,7.069930644521153,-3.8880330976098776e-05,0.001802574668545276,0.007634747798363151,0,-0.0017543469451556457,0.0004159974901859101,0.007634747798363151,34_P7_0
40771,165,2026-02-15 01:24:36.240000+00:00,124091.06193744576,427154.2056449521,9.85330362154486,-0.02184318139916286,0.009493158431723714,0.0025681278188400825,0,0.020884213832598253,-0.011449639437154914,0.0025681278188400825,907_GSL_1
40772,98,2026-02-15 01:24:38.330000+00:00,124302.66070799307,426390.0773516999,7.975160301022473,-0.0001376404834445566,-0.0005603086901828647,-0.0038904941083970357,0,0.0005769621191415967,2.333249435151104e-06,-0.0038904941083970357,10_P3_0
40773,94,2026-02-15 01:24:40.770000+00:00,124268.22693758238,426351.5546595867,10.217514711104574,0.0027150832902407274,-0.0013134338078089058,0.0030207718136132655,0,0.0007960832908611407,-0.0029091299445799107,0.0030207718136132655,07_P2_0
40774,152,2026-02-15 01:24:52.040000+00:00,124370.27581410209,426819.4995659579,9.732442455644003,4.244022420607507e-05,0.00039592001121491194,0.0035215044161240883,0,0.00037552101634541225,0.00013243033713612057,0.0035215044161240883,29_KW_1
40775,99,2026-02-15 01:24:53.650000+00:00,124302.5377685784,426390.13441481115,11.083412060512577,-0.0003117127635050565,-0.00040148082189261913,-0.0043431422367898875,0,0.00046394029814244496,0.0002076321194782529,-0.0043431422367898875,09_P3_0
40776,95,2026-02-15 01:24:56+00:00,124268.11215515333,426351.5474400103,7.196664075281374,0.0026072510954691097,-0.0017509997123852372,0.0029932170362538812,0,0.0012426158149467276,-0.0028843828116327306,0.0029932170362538812,08_P2_0
40777,113,2026-02-15 01:25:04.050000+00:00,124414.0789087138,426875.9134792827,7.3381243652178,0.0016740996215958148,-0.0017528554890304804,0.03477442009252307,0,0.0013063828818884553,-0.0020416845188129208,0.03477442009252307,32_P7_0
40778,117,2026-02-15 01:25:07.640000+00:00,124377.68023171087,426815.9059727045,7.621550100966877,0.00021456678223330528,0.00026666600024327636,0.004115060794417147,0,0.00025812601766883684,0.00022476792192421287,0.004115060794417147,26_KW_0
40779,96,2026-02-15 01:25:11.430000+00:00,124258.06418189948,426307.3508589827,9.308582728476205,0.0032037030468927696,-0.0015505942283198237,0.004037120300314001,0,0.0008930611528970801,-0.0034453588275758598,0.004037120300314001,03_P1_0
40780,166,2026-02-15 01:25:11.840000+00:00,124091.05721307732,427154.20639912353,9.819066609425247,-0.015067758373334073,0.017371143971104175,-0.010787009637557077,0,0.02108522582878005,-0.009176450131251982,-0.010787009637557077,907_GSL_1
40781,112,2026-02-15 01:25:19.340000+00:00,124413.95248081366,426875.8658641817,10.703555064323265,0.0017461888492107391,-0.0014018837246112525,0.034289457402600476,0,0.0009432443753812177,-0.0020309464598431783,0.034289457402600476,31_P7_0
40782,116,2026-02-15 01:25:23.130000+00:00,124377.68753764586,426815.90038723464,10.009397960762044,0.00017775429296307266,0.00032567104790359735,0.0043382054849203655,0,0.0003185579128554233,0.0001902079816059925,0.0043382054849203655,25_KW_0
40783,97,2026-02-15 01:25:27.050000+00:00,124257.99046005902,426307.3900727955,6.8425387480398,0.0025898501480696723,-0.00177990912925452,0.005476557443699903,0,0.001236539706919663,-0.002889008454655528,0.005476557443699903,04_P1_0
40784,125,2026-02-15 01:25:28.140000+00:00,124339.65724557462,426609.59033174097,6.670311220388943,-0.0006199890049174428,-0.0009021054720506072,-0.003204717740170615,0,-0.0009825228182412478,-0.0004825241554134318,-0.003204717740170615,17_P5_1
40785,161,2026-02-15 01:25:35.520000+00:00,124402.99176026664,426879.64329120977,6.58301545061296,0.0003565200458979234,-0.004215677210595459,0.04139112978923798,0,0.003526414643127899,-0.0023374004046791174,0.04139112978923798,34a_P7_0
40786,115,2026-02-15 01:25:39.030000+00:00,124396.28944971548,426811.63432975626,7.651376793456659,-0.0006410443311324343,0.0004154198104515672,0.005104500683613011,0,2.6702501998735115e-05,-0.0007634123589382436,0.005104500683613011,24_KW_0
40787,146,2026-02-15 01:25:45.340000+00:00,124350.92361576876,426607.51174486225,11.374192407543223,-0.0026508061855565757,-0.00012053456157445908,-0.00512910568085978,0,-0.0006776780798160013,-0.0025655514873133703,-0.00512910568085978,13_P5_1
40788,114,2026-02-15 01:25:54.240000+00:00,124396.29881803537,426811.63010391605,9.994632402992874,-0.00020260964811313897,0.0005651602405123413,0.0039483253426908504,0,0.00038042351213011513,-0.00046447251628388685,0.0039483253426908504,23_KW_0
40789,148,2026-02-15 01:26:00.160000+00:00,124351.03918966085,426607.3981684425,8.010833796007857,-0.001928753816173412,-0.00028745224699378014,-0.004622619204525336,0,-0.0006897871945886439,-0.001823982923134644,-0.004622619204525336,14_P5_1
40790,153,2026-02-15 01:26:08.570000+00:00,124370.27694523713,426819.4987986414,9.736570962226901,0.0031064322538441047,-0.0003244558465667069,0.010490485113912484,0,-0.0005035824773812216,-0.0030824661608148877,0.010490485113912484,29_KW_1
40791,150,2026-02-15 01:26:09.530000+00:00,124401.1023473634,426812.32230119564,9.185635635234844,-0.0008332665311172605,0.0008696066215634346,0.0036216119910346123,0,0.00019705699994741372,-0.0011881571137349167,0.0036216119910346123,27_KW_1
40792,168,2026-02-15 01:26:16.780000+00:00,124669.36991643853,426931.3133985787,13.784694835194237,-0.006815532819018699,0.005658006353769451,-0.01664518474099097,0,0.0005938585374190608,-0.008838091170832701,-0.01664518474099097,908_GSL_1
40793,119,2026-02-15 01:26:25.610000+00:00,124400.81370244763,426811.3436762199,3.988247597549154,-0.00044893944868817925,0.0005473386263474822,0.004713468462971271,0,0.00016249521415543272,-0.0006890003670949494,0.004713468462971271,28_KW_1
40794,169,2026-02-15 01:26:42.530000+00:00,124669.37539344272,426931.3099363497,13.81115189187282,-0.003684005598188378,0.00777679675957188,-0.0006033210000726541,0,0.0002619796463759338,-0.008601269194255912,-0.0006033210000726541,908_GSL_1
40795,72,2026-02-15 01:27:24.340000+00:00,124390.52344751442,426780.8877449101,10.990921976645694,-0.0005121884314576164,0.0008139783749356866,0.0038366550789366016,0,-0.0006347046541522505,-0.0007225287441890644,0.0038366550789366016,18_P6_1
40796,138,2026-02-15 01:30:19.830000+00:00,123928.08631267116,426940.4321908425,7.109792776960984,-0.0003062075120396912,0.0004696904798038304,-0.008143286636943081,0,0.0005588475059932756,4.540542140522289e-05,-0.008143286636943081,905_GSL_1
40797,130,2026-02-15 01:30:20.370000+00:00,124898.94086939731,426720.7692285943,4.12585879736298,0.0024964000476757064,-0.00044810445979237556,0.03579606489278575,0,0.0024759896411678693,-0.0005498055126592414,0.03579606489278575,901_GSL_1
40798,134,2026-02-15 01:30:21.650000+00:00,123855.61532567783,426533.07325330924,6.053202989468221,0.0008635364210931584,-0.0010447527165524662,0.0073600705704404135,0,-0.0010545238880144481,-0.0008515766312581798,0.0073600705704404135,904_GSL_1
40799,139,2026-02-15 01:30:22.420000+00:00,123928.0863250601,426940.43234144815,7.135225349682819,-0.0005448635929496959,0.0012374355574138463,-0.0013764810564369512,0,0.0009228286223750379,0.000988185421568016,-0.0013764810564369512,905_GSL_1
40800,133,2026-02-15 01:30:23.030000+00:00,124806.22140617592,426258.50898008456,4.593022347604144,-0.0004899176128674299,-0.002503728785086423,0.004865243419578391,0,0.001881225501980118,0.0017232723833937888,0.004865243419578391,903_GSL_1
40801,137,2026-02-15 01:30:37.750000+00:00,123928.08635732348,426940.4299015035,7.130240342175345,-0.0030419383983826265,-0.003927067562472075,0.0073766512098147885,0,-0.0014014939434651905,-0.0047656126139464395,0.0073766512098147885,905_GSL_1
40802,125,2026-02-15 01:30:38.020000+00:00,124339.6584885084,426609.5899971305,6.669983700782679,0.0006229447753867134,-0.001236715936101973,-0.003532237346434819,0,-0.0011332319995623454,0.0007958088557927154,-0.003532237346434819,17_P5_1
40803,132,2026-02-15 01:30:38.820000+00:00,124806.22284874976,426258.5051258363,4.620806905771982,0.008714461990166456,-1.591414911672473e-05,0.038174731561660735,0,0.004372531822084674,-0.007538107620819358,0.038174731561660735,903_GSL_1
40804,153,2026-02-15 01:30:39.520000+00:00,124370.2773898966,426819.49863019236,9.736974479403017,0.003551091722329147,-0.0004929048591293395,0.010894002290028126,0,-0.00045795134581380577,-0.003555768297487229,0.010894002290028126,29_KW_1
40805,143,2026-02-15 01:30:39.530000+00:00,124266.91887027067,427056.3156171098,7.108196913925683,-0.000697157418471761,0.0013902338105253875,0.00265517570290541,0,0.0015507431237940352,-0.00011821285067058726,0.00265517570290541,906_GSL_1
40806,146,2026-02-15 01:30:53.400000+00:00,124350.92498105696,426607.5115608123,11.373861395631277,-0.0012855179811595008,-0.000304584507830441,-0.0054601175928059575,0,-0.0005692210058528664,-0.0011921894349433573,-0.0054601175928059575,13_P5_1
40807,141,2026-02-15 01:30:53.860000+00:00,124266.91806204672,427056.3147672511,7.090470107887942,-0.0005667047225870192,0.0002489480539225042,0.0063354076248440805,0,0.0002662182563837767,-0.0005587997996798265,0.0063354076248440805,906_GSL_1
40808,152,2026-02-15 01:30:55.160000+00:00,124370.27576791422,426819.49955266644,9.732486522251945,-3.7476420402526855e-06,0.0003826285246759653,0.003565571024065406,0,0.0003732175517861432,8.442328917618154e-05,0.003565571024065406,29_KW_1
40809,136,2026-02-15 01:30:55.230000+00:00,123855.61534276398,426533.07533214364,6.0300250322908315,-0.0004273478116374463,0.0012236175243742764,0.007732489854093139,0,-0.00036926636389812126,0.0012423801151662914,0.007732489854093139,904_GSL_1
40810,135,2026-02-15 01:30:55.450000+00:00,123855.6148485358,426533.06949228956,6.058870376449484,0.0011982575670117512,-0.00714263174450025,0.037671929331126286,0,0.0030187221798964733,-0.006583336983251327,0.037671929331126286,904_GSL_1
40811,5,2026-02-15 01:30:55.650000+00:00,124424.61739385086,426919.1422328998,8.781686454336596,0.0001910733408294618,-0.004114869283512235,0.013860632330281675,11,-0.004118785677040431,-6.529003426878598e-05,0.013860632330281675,TS4
40812,122,2026-02-15 01:31:09.360000+00:00,124329.15082482457,426611.39088616037,8.088341221403695,0.0012739215162582695,-0.0011527484748512506,0.004677382961297383,0,-0.0007919336234615157,0.0015246462579525677,0.004677382961297383,16_P5_1
40813,148,2026-02-15 01:31:09.440000+00:00,124351.03958032097,426607.397982733,8.010601715358115,-0.0015380936965811998,-0.00047316175187006593,-0.004854699854266897,0,-0.00078846174365542,-0.0014028336828317976,-0.004854699854266897,14_P5_1
40814,150,2026-02-15 01:31:11.840000+00:00,124401.10229739975,426812.3223350522,9.18570869219565,-0.0008832301828078926,0.0009034631657414138,0.003694668951840896,0,0.00019423160376694955,-0.0012484451657051177,0.003694668951840896,27_KW_1
40815,140,2026-02-15 01:31:12.030000+00:00,123928.08807191794,426940.43390992016,7.143852436563306,0.000548185475054197,-0.0005287567619234324,0.008278730360962605,0,-0.0005651286482196193,-0.0005106081073598566,0.008278730360962605,905_GSL_1
40816,120,2026-02-15 01:31:24.170000+00:00,124329.2619591349,426611.3299250225,11.361325041006777,0.0017072997434297577,-0.0012500676093623042,0.0032938743599046916,0,-0.0007747406658972106,0.0019690907400364385,0.0032938743599046916,15_P5_1
40817,128,2026-02-15 01:31:27.300000+00:00,124898.93805168313,426720.7748784511,4.0748107041244115,-0.0022497163736261427,0.005614416266325861,-0.006581226879267987,0,0.00039831469538955235,-0.006035249719504795,-0.006581226879267987,901_GSL_1
40818,145,2026-02-15 01:31:27.960000+00:00,124266.91997714806,427056.31596384966,7.118895618715927,0.0016533952293684706,0.0012172420392744243,0.010928682424280467,0,-0.0003152088788896422,0.0020288019443367336,0.010928682424280467,906_GSL_1
40819,6,2026-02-15 01:31:28.160000+00:00,124399.0397353865,426925.0756890007,8.55575388881917,0.0005646421195706353,0.00023978581884875894,0.008447192997612873,11,-0.0006030392132764362,-0.00011252408348938586,0.008447192997612873,TS5
40820,129,2026-02-15 01:31:30.320000+00:00,124898.94022720288,426720.7731744502,4.0853164479336135,0.00055550409888383,0.0006717800861224532,-0.00636829731200006,0,0.00047210202228134703,-0.0007327980407624527,-0.00636829731200006,901_GSL_1
40821,124,2026-02-15 01:31:39.160000+00:00,124339.65922491142,426609.5894033091,6.67832475787772,0.001459188191802241,-0.0008385949186049402,0.0038945620445263174,0,-0.0003403271761222378,0.0016482260250941867,0.0038945620445263174,17_P5_1
40822,154,2026-02-15 01:31:39.360000+00:00,124285.66596345026,426445.5618078763,7.895192018028916,0.0013384502526605502,-0.0020171237410977483,-0.006407981971083387,11,-0.0023991594772535567,-0.0003229103102282525,-0.006407981971083387,TS1-1
40823,131,2026-02-15 01:31:44.600000+00:00,124806.21799775811,426258.50396631175,4.610386359533454,-0.000546738039702177,-0.0023177527473308146,-0.001118113239108709,0,0.00029363112104045206,0.0023631929770066276,-0.001118113239108709,903_GSL_1
40824,3,2026-02-15 01:31:44.800000+00:00,124314.90274872856,426440.79353852104,7.048316801410339,-0.004490623367018998,-0.0025387625209987164,-0.03011229408074545,11,-0.005148551418393425,0.0003216079206173861,-0.03011229408074545,TS2
40825,149,2026-02-15 01:31:46.850000+00:00,124351.04010039123,426607.396942292,8.015147606745339,-0.0012113008415326476,0.00020982651039958,0.0029217627775413035,0,-1.6682716325692092e-05,0.0012292268220878365,0.0029217627775413035,14_P5_1
40826,147,2026-02-15 01:32:01.930000+00:00,124350.92596474914,426607.51038354717,11.375263676331539,-0.000542596448212862,0.00039080705028027296,0.0010440346590954164,0,-0.00030015267362230684,0.0005975361316936088,0.0010440346590954164,13_P5_1
40827,126,2026-02-15 01:32:17.050000+00:00,124339.65670256739,426609.58878335595,6.671493907269564,-0.00011803675442934036,0.000293194898404181,0.0008367181341064622,0,-0.00025978399520073804,0.00018002277545908836,0.0008367181341064622,17_P5_1
40828,121,2026-02-15 01:32:32.330000+00:00,124329.25994603954,426611.3277614459,11.355987662620684,0.00040326983435079455,4.495331086218357e-05,0.001688140546562522,0,-0.0001554956871649576,-0.0003747912095125592,0.001688140546562522,15_P5_1
40829,123,2026-02-15 01:32:47.480000+00:00,124329.15029677107,426611.3903970456,8.080152236545995,0.0005401589442044497,0.00011902593541890383,0.0020365914919295847,0,-0.0002650986799079766,-0.0004854498410932472,0.0020365914919295847,16_P5_1
40830,4,2026-02-15 01:32:47.680000+00:00,124378.97062581163,426782.74183738953,7.760637428954134,-0.0011921615659957752,0.0006544821080751717,0.005561723981868383,11,-0.0012286390574757628,-0.0005831312851091846,0.005561723981868383,TS3
40831,68,2026-02-15 01:36:20.210000+00:00,123928.08167514323,426940.42893774074,7.11441052629504,-0.02727521862834692,-0.01879726449260488,-0.004402754745186144,0,0.001832231756270971,-0.03307442562495046,-0.004402754745186144,905_GSL_1
40832,66,2026-02-15 01:36:21.050000+00:00,124898.93998180683,426720.7675903336,4.131641337717237,0.00237614315119572,-0.006614821206312627,0.04935480731347308,0,0.004744368757003573,0.005185834644878867,0.04935480731347308,901_GSL_1
40833,67,2026-02-15 01:36:21.650000+00:00,123855.61532391445,426533.07438067766,6.051757662233678,-0.0026705596974352375,-0.01672202703775838,0.007349513896102167,0,-0.0007182125306899237,-0.01691869522480524,0.007349513896102167,904_GSL_1
40834,68,2026-02-15 01:36:21.840000+00:00,123928.0870223869,426940.43245782825,7.134534082587525,-0.02192797495808918,-0.015277176978997886,0.015720801547298713,0,0.015654167422401968,-0.021660453931568888,0.015720801547298713,905_GSL_1
40835,71,2026-02-15 01:36:26.060000+00:00,124806.21942111308,426258.5070279435,4.590468743885044,-0.00834082240180578,-0.008078188577201217,-0.0010349192642236105,0,0.0025455474907458537,0.011329017477241653,-0.0010349192642236105,903_GSL_1
40836,68,2026-02-15 01:36:38.050000+00:00,123928.08650210727,426940.4299954967,7.130281345557446,-0.02244825458910782,-0.017739508533850312,0.011468064517219823,0,-0.0012325191809115126,-0.028584877008457348,0.011468064517219823,905_GSL_1
40837,71,2026-02-15 01:36:38.350000+00:00,124806.22472084731,426258.5060962675,4.625159883383821,-0.0030410881736315787,-0.009009864588733763,0.033656220234553835,0,0.006280630065459744,0.007139997420725276,0.033656220234553835,903_GSL_1
40838,69,2026-02-15 01:36:38.940000+00:00,124266.92003055655,427056.3159827585,7.107852120979181,-0.022566640109289438,0.0011443744297139347,0.017350750051748243,0,0.009610800626980383,-0.020449825181795743,0.017350750051748243,906_GSL_1
40839,67,2026-02-15 01:36:42.340000+00:00,123855.61362854317,426533.07541432604,6.024348256824126,-0.004365930974017829,-0.015688378654886037,-0.020059891513449557,0,0.012718774438764326,-0.010169530710156064,-0.020059891513449557,904_GSL_1
40840,67,2026-02-15 01:36:54.750000+00:00,123855.61526071288,426533.0683656289,6.0634099847011,-0.0027337612700648606,-0.022737075807526708,0.019001836363524482,0,0.015027865230557314,-0.017280374231223392,0.019001836363524482,904_GSL_1
40841,69,2026-02-15 01:36:55.230000+00:00,124266.91940699311,427056.31478776695,7.091591279156278,-0.02319020354480017,-5.061709089204669e-05,0.0010899082288453599,0,0.0006599963363550024,-0.023180865112742248,0.0010899082288453599,906_GSL_1
40842,66,2026-02-15 01:36:56.660000+00:00,124898.94096074403,426720.771907049,4.085686465728219,0.0033550803491380066,-0.00229810579912737,0.003399935324454262,0,0.003603459157672706,0.0018849234764678298,0.003399935324454262,901_GSL_1
40843,66,2026-02-15 01:36:58.960000+00:00,124898.93998621755,426720.7713170672,4.077225297186688,0.0023805538658052683,-0.002888087590690702,-0.0050612332170763,0,0.0008981630675551342,0.0036333716770490165,-0.0050612332170763,901_GSL_1
40844,68,2026-02-15 01:36:59.060000+00:00,123928.08724129462,426940.4336073048,7.136633226844866,-0.021709067237679847,-0.014127700414974242,0.01781994580464019,0,0.021236570738097982,-0.014828472026177488,0.01781994580464019,905_GSL_1
40845,66,2026-02-15 01:37:12.940000+00:00,124898.94237809174,426720.7686004111,4.08703329918729,0.004772428059368394,-0.005604743724688888,0.004746768783525646,0,0.0020593773026606607,0.007067403124668377,0.004746768783525646,901_GSL_1
40846,69,2026-02-15 01:37:14.960000+00:00,124266.91965756557,427056.31525388727,7.111181818005686,-0.022939631089684553,0.00041550322202965617,0.020680447078253117,0,0.016566282355324112,-0.015873172536768322,0.020680447078253117,906_GSL_1
40847,71,2026-02-15 01:37:15.860000+00:00,124806.21802126797,426258.50456138747,4.611297676505041,-0.009740667519508861,-0.0105447446112521,0.019794013355773465,0,-0.005464685718255747,0.013274390857694255,0.019794013355773465,903_GSL_1
40848,149,2026-02-15 01:37:32.140000+00:00,124351.04090914372,426607.397201997,8.015802899037405,-0.0004025483503937721,0.0004695315146818757,0.003577055069607482,0,-0.000400365546648946,0.0004713941522130862,0.003577055069607482,14_P5_1
40849,147,2026-02-15 01:37:47.500000+00:00,124350.92697320254,426607.51071389095,11.375279405492673,0.0004658569523598999,0.0007211508345790207,0.0010597638202298754,0,-0.000785708348828226,-0.00034603990645255746,0.0010597638202298754,13_P5_1
40850,164,2026-02-15 01:37:51.530000+00:00,124091.06634411438,427154.2078230038,9.839386488023775,-0.028984336982830428,0.013092062377836555,0.024752956394378245,0,0.02029907638348605,-0.02448349210420838,0.024752956394378245,907_GSL_1
40851,110,2026-02-15 01:37:56.850000+00:00,124434.14011386075,426963.93071565573,8.790144303451811,2.8018272132612765e-05,-0.0013709177146665752,0.0390839431940222,0,-0.001335119097179925,0.0003125018404831948,0.0390839431940222,35_P9_0
40852,126,2026-02-15 01:38:02.730000+00:00,124339.65754837732,426609.5889822612,6.671917561019071,0.0007277731783688068,0.0004921001382172108,0.001260371883613054,0,-0.0006410239219479917,-0.0006007534241906975,0.001260371883613054,17_P5_1
40853,122,2026-02-15 01:38:07.840000+00:00,124329.15076976645,426611.390776781,8.08739669255712,0.0012188633991172537,-0.0012621278292499483,0.0037328541147214622,0,-0.0009116982562015728,0.0014991333939025785,0.0037328541147214622,16_P5_1
40854,111,2026-02-15 01:38:12.620000+00:00,124434.26182411594,426963.97415014915,6.507218843625985,0.00013335661788005382,-0.0039136302075348794,0.045926334011216596,0,-0.0037980717842123284,0.0009533814088978735,0.045926334011216596,36_P9_0
40855,107,2026-02-15 01:38:14.860000+00:00,124409.92196244016,426969.5245248216,6.28853830433784,0.0011449328594608232,0.00011376850306987762,-0.0005420190921929802,0,0.0003827555839914018,0.0010850404084121932,-0.0005420190921929802,38_P9_0
40856,121,2026-02-15 01:38:18.330000+00:00,124329.26007623457,426611.32810470037,11.355215202240842,0.0005334648594725877,0.0003882077871821821,0.0009156801667202785,0,-0.0005214315376647927,-0.00040422666147784455,0.0009156801667202785,15_P5_1
40857,120,2026-02-15 01:38:23.040000+00:00,124329.26147230578,426611.3297815431,11.36093732503706,0.0012204706144984812,-0.001393546990584582,0.0029061583901874855,0,-0.0010373153331036738,0.0015347633809580092,0.0029061583901874855,15_P5_1
40858,106,2026-02-15 01:38:29.740000+00:00,124410.03354626146,426969.44988039957,8.923198505609504,0.0013424432399915531,0.00031905865762382746,-0.0006887187290267605,0,0.0006325049420839229,0.0012263318383876165,-0.0006887187290267605,37_P9_0
40859,123,2026-02-15 01:38:33.050000+00:00,124329.1517224011,426611.39053522155,8.080419503552578,0.001965788978850469,0.00025720190024003386,0.0023038584985126676,0,-0.0007958059853126533,-0.0018158116533929425,0.0023038584985126676,16_P5_1
40860,102,2026-02-15 01:38:36.980000+00:00,124282.39254650199,426301.79319593444,6.902643433107937,-0.0007424438372254372,-0.00036193017149344087,-0.0006545506587984917,0,0.0005214967868722485,0.0006405133892068326,-0.0006545506587984917,02_P1_0
40861,124,2026-02-15 01:38:38.670000+00:00,124339.65904349934,426609.58925870055,6.677845037888308,0.0012777761148754507,-0.0009832034702412784,0.003414842055114775,0,-0.0005344029619257718,0.0015211227228352272,0.003414842055114775,17_P5_1
40862,160,2026-02-15 01:38:45.660000+00:00,124421.81227256598,426965.61741883465,5.594711193901166,0.0010664053406799212,-0.0012192039866931736,0.0025299640138269908,0,-0.0005407811889410887,0.0015268380455983697,0.0025299640138269908,38a_P9_0
40863,118,2026-02-15 01:38:48.840000+00:00,124372.2614309937,426775.1128125695,6.1696347385164465,0.0014036317152203992,0.00014807068509981036,0.004102669526084846,0,-0.0010382398125528206,-0.0009561197683286184,0.004102669526084846,22_P6_1
40864,170,2026-02-15 01:38:54.860000+00:00,124669.374595071,426931.31059412274,13.797747910736422,-0.013451745471684262,0.012097151018679142,0.011557780065034606,0,0.001153922449539753,-0.01805433416064287,0.011557780065034606,908_GSL_1
40865,103,2026-02-15 01:38:56.760000+00:00,124282.31132147614,426301.79703179107,9.296850161633822,-0.00039693102007731795,-0.00041236216202378273,-0.0011013241572914723,0,0.0004920846137341573,0.0002923174991249307,-0.0011013241572914723,01_P1_0
40866,162,2026-02-15 01:39:02.930000+00:00,124402.99633924826,426879.64624352753,6.546843965701484,0.0009111199469771236,-0.0014900603564456105,0.0021709224109169867,0,0.0015634927355641188,-0.0007784021386588331,0.0021709224109169867,34a_P7_0
40867,74,2026-02-15 01:39:04.940000+00:00,124369.34688034545,426785.72549379116,7.233842236376547,0.0005671361432177946,-0.0009725055424496531,0.0037884016194746906,0,-0.0008297561640397407,-0.000760864733889871,0.0037884016194746906,21_P6_1
40868,92,2026-02-15 01:39:12.040000+00:00,124278.31666145688,426395.63700834534,11.104086299196691,0.002685654297238216,-0.001282279845327139,0.0022973159694714695,0,0.0008773147875244037,-0.0028438177454958844,0.0022973159694714695,11_P3_0
40869,100,2026-02-15 01:39:12.320000+00:00,124292.4838243921,426345.92951317446,7.58661535362205,0.00010111878509633243,-0.0007218052633106709,-0.0018842153470481904,0,0.0006792005831774085,-0.00026441334053676894,-0.0018842153470481904,06_P2_0
40870,104,2026-02-15 01:39:18.620000+00:00,124389.81696603168,426881.4450048009,10.724856317372552,-0.00013017859600950032,0.0006652327720075846,-0.0010555506876546161,0,-0.0006239320874476143,0.00026493368616535394,-0.0010555506876546161,33_P7_0
40871,73,2026-02-15 01:39:21.140000+00:00,124369.49051331992,426785.6963239302,11.409968287736037,0.001173755488707684,-0.0001427239621989429,0.003913671672961527,0,-0.0011630623990479694,0.00021297401855146903,0.003913671672961527,20_P6_1
40872,93,2026-02-15 01:39:26.930000+00:00,124278.27083685868,426395.7897107205,7.951373425510186,0.002713278998271562,-0.0016393820405937731,0.0026479052306687123,0,0.001222649900282929,-0.0029248219807060188,0.0026479052306687123,12_P3_0
40873,101,2026-02-15 01:39:27.260000+00:00,124292.40493533698,426345.88296261133,10.214784645437735,-0.0003835338575299829,-0.00043091457337141037,-0.0008338521625486095,0,0.000507754951847907,0.00027380741094722676,-0.0008338521625486095,05_P2_0
40874,105,2026-02-15 01:39:33.940000+00:00,124389.68773604621,426881.47260432394,7.061956361053828,-0.0009493911493336782,0.0006511097890324891,-0.0003395356689619433,0,-0.0004375681812170913,0.0010648105928255135,-0.0003395356689619433,34_P7_0
40875,165,2026-02-15 01:39:37.040000+00:00,124091.06359034523,427154.206617536,9.853213082427065,-0.020190281924442388,0.010465742379892617,0.0024775887010441977,0,0.020640429759668802,-0.009547350788932176,0.0024775887010441977,907_GSL_1
40876,98,2026-02-15 01:39:42.180000+00:00,124302.66057625746,426390.07763960765,7.978600319135336,-0.0002693760907277465,-0.00027240091003477573,-0.0004504759955343829,0,0.000328000248844416,0.00019794335250656502,-0.0004504759955343829,10_P3_0
40877,94,2026-02-15 01:39:42.560000+00:00,124268.22657693503,426351.5545165955,10.217155166919706,0.002354435942834243,-0.0014564250013791025,0.002661227628745877,0,0.0010024765273122414,-0.00258061682660171,0.002661227628745877,07_P2_0
40878,152,2026-02-15 01:39:52.760000+00:00,124370.2765987218,426819.49984183523,9.732430266668139,0.0008270599355455488,0.0006717973155900836,0.003509315440259897,0,0.00046337048458123907,0.0009594933893662829,0.003509315440259897,29_KW_1
40879,95,2026-02-15 01:39:57.860000+00:00,124268.11162402369,426351.5473915524,7.196416252613034,0.002076121454592794,-0.0017994575900956988,0.002745394367913434,0,0.0013877607567037069,-0.0023711701741812364,0.002745394367913434,08_P2_0
40880,99,2026-02-15 01:39:58.090000+00:00,124302.53784433649,426390.13476978545,11.087050454843713,-0.00023595467791892588,-4.6506524085998535e-05,-0.0007047479056545569,0,0.00010112562536739539,0.00021819962123807365,-0.0007047479056545569,09_P3_0
40881,113,2026-02-15 01:40:05.350000+00:00,124414.07875020991,426875.9130344856,7.342819175107105,0.0015155957371462137,-0.0021976525895297527,0.03946922998182867,0,0.0017760654802015045,-0.0019930626565061124,0.03946922998182867,32_P7_0
40882,117,2026-02-15 01:40:08.760000+00:00,124377.68104883764,426815.9061708024,7.621474217212249,0.0010316935513401404,0.00046476389979943633,0.004039177039789621,0,0.0004242911849443948,0.0010489871576011276,0.004039177039789621,26_KW_0
40883,96,2026-02-15 01:40:13.540000+00:00,124258.0635140911,426307.3506931177,9.309408230669776,0.0025358946732012555,-0.0017164592281915247,0.004862622493885027,0,0.0011865215595604655,-0.002822970184807581,0.004862622493885027,03_P1_0
40884,166,2026-02-15 01:40:15.840000+00:00,124091.06119184427,427154.20777484524,9.823816595517732,-0.01108899142127484,0.01874686568044126,-0.006037023545072628,0,0.021206758683435672,-0.0049683085375345805,-0.006037023545072628,907_GSL_1
40885,112,2026-02-15 01:40:20.830000+00:00,124413.95249959955,426875.8654827251,10.708236700716567,0.0017649747314862907,-0.001783340354450047,0.03897109379590269,0,0.001309117869514005,-0.0021404786909273907,0.03897109379590269,31_P7_0
40886,116,2026-02-15 01:40:24.040000+00:00,124377.68829049496,426815.9007281138,10.00936969790997,0.0009306033898610622,0.0006665501859970391,0.004309942632845676,0,0.0006300610930157599,0.0009556855333954644,0.004309942632845676,25_KW_0
40887,97,2026-02-15 01:40:28.630000+00:00,124257.9900996479,426307.3899349489,6.843160678959171,0.00222943902190309,-0.0019177557551302016,0.006098488363070587,0,0.001442498866362611,-0.0025626904825323325,0.006098488363070587,04_P1_0
40888,125,2026-02-15 01:40:31.840000+00:00,124339.6574558092,426609.590554632,6.673489899761394,-0.00040975442971102893,-0.0006792144267819822,-2.6038367719749544e-05,0,-0.000731484182016698,-0.00030685798291057954,-2.6038367719749544e-05,17_P5_1
40889,161,2026-02-15 01:40:36.250000+00:00,124402.99145448966,426879.64323806233,6.587659476284297,5.074306682217866e-05,-0.004268824646715075,0.046035155460574906,0,0.0037198821633057065,-0.0020947351656838767,0.046035155460574906,34a_P7_0
40890,115,2026-02-15 01:40:40.260000+00:00,124396.29046734044,426811.63477266,7.651335356313758,0.0003765806322917342,0.0008583235321566463,0.005063063540711177,0,0.000929803750864066,-0.00011830994611704263,0.005063063540711177,24_KW_0
40891,146,2026-02-15 01:40:47.750000+00:00,124350.92388557679,426607.51201111014,11.376991982987006,-0.0023809981503291056,0.00014571333304047585,-0.0023295302370769377,0,-0.00036045195870624907,-0.002358062542164905,-0.0023295302370769377,13_P5_1
40892,114,2026-02-15 01:40:55.440000+00:00,124396.29978596506,426811.63044269197,9.994756449172385,0.0007653200445929542,0.0009039361611939967,0.0040723715222021895,0,0.0011688511500027353,0.00019131738893049806,0.0040723715222021895,23_KW_0
40893,148,2026-02-15 01:41:02.570000+00:00,124351.03974847624,426607.39835237694,8.01465825277127,-0.001369938428979367,-0.00010351778473705053,-0.0007981624411126376,0,-0.0003915725017330838,-0.001316859220584272,-0.0007981624411126376,14_P5_1
40894,153,2026-02-15 01:41:10.510000+00:00,124370.27608974297,426819.4976481846,9.728232283635887,0.0022509380942210555,-0.0014749126276001334,0.0021518065228978145,0,0.0008313142416699658,-0.0025594933472596754,0.0021518065228978145,29_KW_1
40895,150,2026-02-15 01:41:10.740000+00:00,124401.10313709386,426812.3226583708,9.185543684536503,-4.3536070734262466e-05,0.0012267817510291934,0.003529661292693831,0,0.0009561777728654731,-0.0007698135623586119,0.003529661292693831,27_KW_1
40896,168,2026-02-15 01:41:20.310000+00:00,124669.36966127408,426931.31387495087,13.79049610781864,-0.007070697276503779,0.006134378490969539,-0.010843912116587973,0,0.0008305052682571912,-0.009323927308051297,-0.010843912116587973,908_GSL_1
40897,119,2026-02-15 01:41:27.340000+00:00,124400.81463861789,426811.34412229195,3.98821878306388,0.0004872308054473251,0.0009934106492437422,0.0046846539776970175,0,0.001085226934294172,-0.00021573381026208008,0.0046846539776970175,28_KW_1
40898,169,2026-02-15 01:41:42.840000+00:00,124669.37644522938,426931.3100382195,13.812423134079642,-0.0026322189369238913,0.007878666569013149,0.0006679212067499662,0,0.0012447550838530941,-0.008212950031432556,0.0006679212067499662,908_GSL_1
40899,72,2026-02-15 01:42:24.830000+00:00,124390.52431428854,426780.8880420686,10.990819963523577,0.00035458568891044706,0.0011111368658021092,0.0037346419568198286,0,0.00017398496749213336,-0.0011532932742418088,0.0037346419568198286,18_P6_1
40900,138,2026-02-15 01:45:19.770000+00:00,123928.08558268024,426940.43189930095,7.117304518662647,-0.0010361984313931316,0.0001781489118002355,-0.0006315449352802815,0,0.0007751984861403566,-0.0007102897514978615,-0.0006315449352802815,905_GSL_1
40901,130,2026-02-15 01:45:21.660000+00:00,124898.93983827773,426720.76701981307,4.130283069730468,0.0014652804675279185,-0.002656885713804513,0.04022033726027363,0,0.0023769492468256135,0.0018857891777058484,0.04022033726027363,901_GSL_1
40902,139,2026-02-15 01:45:21.910000+00:00,123928.08708780636,426940.4321861437,7.133427751830359,0.00021788266894873232,0.0010821311152540147,-0.0031740789088967603,0,0.0001515731892605041,0.0010933920506051432,-0.0031740789088967603,905_GSL_1
40903,134,2026-02-15 01:45:22.040000+00:00,123855.61499018352,426533.0730266252,6.05343055064519,0.000528042102814652,-0.0012714367476291955,0.007587631747409951,0,-0.0007709698491564031,-0.0011406074509920487,0.007587631747409951,904_GSL_1
40904,133,2026-02-15 01:45:24.020000+00:00,124806.2200008054,426258.50721483974,4.589027523565608,-0.0018952881218865514,-0.004268973600119352,0.0008704193810427086,0,0.0026550173092865005,0.003842803111124652,0.0008704193810427086,903_GSL_1
40905,125,2026-02-15 01:45:37.340000+00:00,124339.65848939716,426609.5904005064,6.672333525657549,0.000623833533609286,-0.0008333400473929942,-0.0011824124715653639,0,-0.0007339965047759987,0.0007381551620228794,-0.0011824124715653639,17_P5_1
40906,137,2026-02-15 01:45:38.150000+00:00,123928.08368467164,426940.4281497902,7.133559071641348,-0.0057145902392221615,-0.005678780842572451,0.0106953806758181,0,-0.0012560454289787199,-0.007957854191961721,0.0106953806758181,905_GSL_1
40907,143,2026-02-15 01:45:39.830000+00:00,124266.92028923672,427056.31613952405,7.106500153670579,0.0007218086248030886,0.0019126480328850448,0.0009584154478012863,0,0.001496356284046284,0.0013928919770514704,0.0009584154478012863,906_GSL_1
40908,153,2026-02-15 01:45:40.750000+00:00,124370.27660900881,426819.49756613193,9.728910407383232,0.0027702039369614795,-0.0015569652896374464,0.0028299302702432527,0,0.0007739770106032302,-0.003082065922810605,0.0028299302702432527,29_KW_1
40909,132,2026-02-15 01:45:41.470000+00:00,124806.22003092691,426258.50321125175,4.6255961127320555,0.0058966391370631754,-0.0019304986926726997,0.04296393852173441,0,0.004621015937674948,-0.004140457706451096,0.04296393852173441,903_GSL_1
40910,146,2026-02-15 01:45:52.640000+00:00,124350.92531995052,426607.5118404862,11.377538576003234,-0.0009466244227951393,-2.4910608772188425e-05,-0.0017829372208488792,0,-0.00022428030369259753,-0.0009200090660624969,-0.0017829372208488792,13_P5_1
40911,152,2026-02-15 01:45:55.240000+00:00,124370.27663383157,426819.4998522758,9.7323904962159,0.0008621697052149102,0.0006822379073128104,0.0034695449880199902,0,0.00046544858316344313,0.0009960636421414404,0.0034695449880199902,29_KW_1
40912,141,2026-02-15 01:45:55.340000+00:00,124266.91986491623,427056.314903929,7.093159186729408,0.0012361647823126987,0.0003856259863823652,0.009024486466310044,0,0.0003475176621882017,0.001247414223452186,0.009024486466310044,906_GSL_1
40913,136,2026-02-15 01:45:56.470000+00:00,123855.6144233971,426533.0743856999,6.02624377689807,-0.001346714692772366,0.0002771737636066973,0.003951234461331943,0,0.0009300492466713126,0.001012656979300984,0.003951234461331943,904_GSL_1
40914,135,2026-02-15 01:45:58.140000+00:00,123855.61401456008,426533.07011138066,6.063666103894069,0.0003642818483058363,-0.006523540650960058,0.042467656775711404,0,0.003361245687627539,-0.005602794955835771,0.042467656775711404,904_GSL_1
40915,5,2026-02-15 01:45:58.340000+00:00,124424.61742699487,426919.1428530683,8.781442432134027,0.00022421735047828406,-0.0034947007661685348,0.013616610127712647,11,-0.0035013395119616805,6.187477103300483e-05,0.013616610127712647,TS4
40916,148,2026-02-15 01:46:08.570000+00:00,124351.03970169133,426607.3982644331,8.013931774086986,-0.0014167233312036842,-0.00019146164413541555,-0.0015246411253961867,0,-0.00048743537155607105,-0.0013439379884905016,-0.0015246411253961867,14_P5_1
40917,122,2026-02-15 01:46:11.050000+00:00,124329.150828199,426611.3908118536,8.088510386953066,0.0012772959453286603,-0.0012270552688278258,0.004846548510668569,0,-0.000862951662051525,0.0015467591905896905,0.004846548510668569,16_P5_1
40918,150,2026-02-15 01:46:11.230000+00:00,124401.10318809426,426812.3226187198,9.185574609624554,7.464332156814635e-06,0.0011871307506226003,0.003560586380745079,0,0.0009549839327693491,-0.0007052239527134008,0.003560586380745079,27_KW_1
40919,140,2026-02-15 01:46:13.920000+00:00,123928.08715935565,426940.43268772424,7.13727577832223,-0.00036437681410461664,-0.0017509526805952191,0.0017020721198859334,0,0.00030710749634070295,-0.0017618997525489237,0.0017020721198859334,905_GSL_1
40920,120,2026-02-15 01:46:26.240000+00:00,124329.26208127894,426611.3296201286,11.360997533702427,0.0018294437759323046,-0.0015549614909105003,0.0029663670555546418,0,-0.001038539492212243,0.0021647645346844512,0.0029663670555546418,15_P5_1
40921,128,2026-02-15 01:46:26.440000+00:00,124898.9389410124,426720.7736171362,4.077612165031201,-0.0013603871047962457,0.0043531013652682304,-0.0037797659724780885,0,0.0006550218340849165,-0.00451343449803673,-0.0037797659724780885,901_GSL_1
40922,129,2026-02-15 01:46:29.020000+00:00,124898.94100650563,426720.7734221665,4.087989057751964,0.0013348068459890783,0.0009194963495247066,-0.0036956874936491246,0,0.0012166130739555603,-0.0010709974235118282,-0.0036956874936491246,901_GSL_1
40923,145,2026-02-15 01:46:30.790000+00:00,124266.91919623027,427056.3148597172,7.111118504800772,0.000872477437951602,0.00011310959234833717,0.0031515685091259016,0,-0.000539281844926361,0.0006951156388318557,0.0031515685091259016,906_GSL_1
40924,6,2026-02-15 01:46:30.990000+00:00,124399.03971162446,426925.07549161953,8.555207193126549,0.0005408800789155066,4.240463022142649e-05,0.007900497304991205,11,6.932638572758662e-05,0.0005380922455061125,0.007900497304991205,TS5
40925,124,2026-02-15 01:46:42.040000+00:00,124339.65915579867,426609.5892265704,6.678496759754923,0.0013900754420319572,-0.0010153336334042251,0.00406656392172966,0,-0.0005298109111075895,0.001637837757573537,0.00406656392172966,17_P5_1
40926,154,2026-02-15 01:46:42.240000+00:00,124285.6655270358,426445.5618636713,7.895498700911809,0.0009020357974804938,-0.001961328729521483,-0.006101299088189904,11,-0.0021330090754793246,-0.0003327931025509142,-0.006101299088189904,TS1-1
40927,131,2026-02-15 01:46:43.160000+00:00,124806.21720758386,426258.5020367624,4.614603841349934,-0.0013369122898438945,-0.004247302073054016,0.0030993685773719193,0,0.00022399506822442744,0.004447104179116532,0.0030993685773719193,903_GSL_1
40928,3,2026-02-15 01:46:43.360000+00:00,124314.90269272693,426440.79330718436,7.049283729321722,-0.00454662500123959,-0.002770099206827581,-0.02914536616936214,11,-0.005272304679383229,0.0007403052649531848,-0.02914536616936214,TS2
40929,149,2026-02-15 01:46:45.140000+00:00,124351.04091024073,426607.39730191615,8.015009670258108,-0.00040145133971236646,0.000569450668990612,0.002783826290309932,0,-0.0004992133582713496,0.000486028050110434,0.002783826290309932,14_P5_1
40930,147,2026-02-15 01:47:00.110000+00:00,124350.92705352599,426607.51070889144,11.375659897947765,0.0005461803957587108,0.0007161513203755021,0.0014402562753215165,0,-0.0007934651468746124,-0.0004261441060040216,0.0014402562753215165,13_P5_1
40931,126,2026-02-15 01:47:15.170000+00:00,124339.65762800314,426609.5889692342,6.671112358620063,0.0008073990029515699,0.00047907314728945494,0.0004551694846055554,0,-0.0006459503451258097,-0.0006812872977333867,0.0004551694846055554,17_P5_1
40932,121,2026-02-15 01:47:30.120000+00:00,124329.26075518773,426611.32801856176,11.355530597489649,0.0012124180211685598,0.00030206918017938733,0.0012310754155269166,0,-0.0006278106804246211,-0.0010803041225568417,0.0012310754155269166,15_P5_1
40933,123,2026-02-15 01:47:45.280000+00:00,124329.15136043003,426611.390691412,8.079824092810934,0.0016038179019233212,0.0004133923212066293,0.0017084477568687362,0,-0.0008447263088150008,-0.0014246271571741543,0.0017084477568687362,16_P5_1
40934,4,2026-02-15 01:47:45.480000+00:00,124378.97062117468,426782.74171212706,7.761029949038168,-0.001196798519231379,0.0005292196292430162,0.005954244065901726,11,-0.0013062900543961131,-7.750100255052652e-05,0.005954244065901726,TS3
40935,68,2026-02-15 01:51:20.130000+00:00,123928.08057242108,426940.4280205196,7.11616651668642,-0.02837794077640865,-0.019714485621079803,-0.0026467643538063967,0,0.0017819559191576367,-0.034507870104011025,-0.0026467643538063967,905_GSL_1
40936,68,2026-02-15 01:51:21.540000+00:00,123928.08669142454,426940.4313576166,7.133917831661407,-0.022258937315200455,-0.016377388616092503,0.015104550621180657,0,0.015603310177552919,-0.022808241049840146,0.015104550621180657,905_GSL_1
40937,67,2026-02-15 01:51:21.830000+00:00,123855.61504131554,426533.0759688931,6.053219876016505,-0.002953158604213968,-0.015133811568375677,0.008811727678929238,0,-0.00012453140109074833,-0.015418751254848326,0.008811727678929238,904_GSL_1
40938,66,2026-02-15 01:51:22.150000+00:00,124898.93948565627,426720.7668523731,4.129818169012281,0.0018799925892380998,-0.007352781714871526,0.0475316386085165,0,0.004571371761194082,0.006058079836309236,0.0475316386085165,901_GSL_1
40939,71,2026-02-15 01:51:30.570000+00:00,124806.22328568062,426258.5095101051,4.592715008668517,-0.004476254864130169,-0.005596026952844113,0.001211345519249285,0,0.002441981441338454,0.006737143452960262,0.001211345519249285,903_GSL_1
40940,69,2026-02-15 01:51:38.130000+00:00,124266.9196376727,427056.3158761049,7.10795039442854,-0.022959523950703442,0.0010377208818681538,0.017449023501107774,0,0.009660987873027368,-0.020853822622934347,0.017449023501107774,906_GSL_1
40941,68,2026-02-15 01:51:38.970000+00:00,123928.08842150877,426940.4321869776,7.1316489820272135,-0.020528853085124865,-0.015548027644399554,0.012835700986987497,0,-0.0005802616494276728,-0.025745645632608574,0.012835700986987497,905_GSL_1
40942,71,2026-02-15 01:51:40.660000+00:00,124806.2236658295,426258.50576251326,4.621565098621372,-0.0040961059858091176,-0.009343618818093091,0.030061435472104492,0,0.006041922677930875,0.008220490692088227,0.030061435472104492,903_GSL_1
40943,67,2026-02-15 01:51:46.850000+00:00,123855.61482546706,426533.07491553173,6.033274012219734,-0.0031690070900367573,-0.0161871729651466,-0.011134136117841642,0,0.01203984621897596,-0.01127427503494954,-0.011134136117841642,904_GSL_1
40944,69,2026-02-15 01:51:55.360000+00:00,124266.92280424456,427056.3150090927,7.090264583740162,-0.01979295209457632,0.00017070863395929337,-0.0002367871872701599,0,0.0007771061579160545,-0.019778427644158936,-0.0002367871872701599,906_GSL_1
40945,66,2026-02-15 01:51:56.020000+00:00,124898.94084757617,426720.773168616,4.0840234249193,0.003241912490921095,-0.0010365388006903231,0.001736894515535603,0,0.003341794866315664,0.0006456131624998225,0.001736894515535603,901_GSL_1
40946,67,2026-02-15 01:51:57.440000+00:00,123855.61517420517,426533.0689920712,6.0620253163555615,-0.0028202689718455076,-0.02211063349386677,0.01761716801798574,0,0.014747749970597433,-0.016713404840977227,0.01761716801798574,904_GSL_1
40947,66,2026-02-15 01:51:58.760000+00:00,124898.93981148717,426720.77165380947,4.074607277901443,0.0022058234899304807,-0.0025513453292660415,-0.0076792525023217095,0,0.0008861701741631838,0.003254185409640994,-0.0076792525023217095,901_GSL_1
40948,68,2026-02-15 01:52:03.470000+00:00,123928.08781714109,426940.4327408873,7.144173285193668,-0.021133220769115724,-0.01499411795521155,0.025360004153442084,0,0.020632789535603924,-0.015675604910511585,0.025360004153442084,905_GSL_1
40949,66,2026-02-15 01:52:11.660000+00:00,124898.94166465785,426720.76907377853,4.081734895295432,0.004058994163642637,-0.0051313762669451535,-0.0005516351083318938,0,0.0016022905083196166,0.006343431338037942,-0.0005516351083318938,901_GSL_1
40950,71,2026-02-15 01:52:15.780000+00:00,124806.21707659657,426258.5017943586,4.617089606329298,-0.010685338915209286,-0.013311773480381817,0.02558594318003049,0,-0.005387919916522032,0.01619722506786356,0.02558594318003049,903_GSL_1
40951,69,2026-02-15 01:52:20.180000+00:00,124266.91986561977,427056.3158058981,7.118452580723218,-0.022731576886144467,0.0009675140609033406,0.027951209795785914,0,0.01680782712840085,-0.015334849800716518,0.027951209795785914,906_GSL_1
40952,149,2026-02-15 01:52:31.620000+00:00,124351.04071872807,426607.39733251015,8.01507013519149,-0.0005929640028625727,0.0006000446737743914,0.002844291223691897,0,-0.0004993016135019774,0.0006799689830941871,0.002844291223691897,14_P5_1
40953,147,2026-02-15 01:52:46.700000+00:00,124350.92675783717,426607.51073610527,11.374685839590814,0.00025049157557077706,0.0007433651480823755,0.00046619791837088087,0,-0.0007736093980498076,-0.00012987021238327406,0.00046619791837088087,13_P5_1
40954,164,2026-02-15 01:52:49.460000+00:00,124091.06361409706,427154.2072505186,9.839122776595692,-0.031714354307041503,0.012519577168859541,0.02448924496629523,0,0.020469841380420822,-0.027267667217054016,0.02448924496629523,907_GSL_1
40955,110,2026-02-15 01:52:57.750000+00:00,124434.14015688284,426963.93143594946,8.78994446802255,7.104036922100931e-05,-0.0006506239878945053,0.03888410776476192,0,-0.0006216256125979851,0.00020479234713481455,0.03888410776476192,35_P9_0
40956,126,2026-02-15 01:53:02.830000+00:00,124339.65752862602,426609.5890405823,6.671508791869698,0.0007080218783812597,0.0005504212458617985,0.000851602734240231,0,-0.0006935243553032285,-0.0005685793671633038,0.000851602734240231,17_P5_1
40957,122,2026-02-15 01:53:05.910000+00:00,124329.15019609797,426611.3908684329,8.087819596314485,0.0006451949157053605,-0.0011704759672284126,0.004155757872087662,0,-0.000968547935311642,0.0009209806545823266,0.004155757872087662,16_P5_1
40958,111,2026-02-15 01:53:14.150000+00:00,124434.26161114353,426963.9747201129,6.506960279133652,-7.961578376125544e-05,-0.003343666438013315,0.04566776951888318,0,-0.0032856383932774783,0.0006253193346935322,0.04566776951888318,36_P9_0
40959,121,2026-02-15 01:53:18.120000+00:00,124329.26069423552,426611.32802387915,11.354941715304381,0.0011514658108353615,0.0003073865664191544,0.0006421932302593802,0,-0.0006159406069312097,-0.0010202828938441076,0.0006421932302593802,15_P5_1
40960,107,2026-02-15 01:53:20.570000+00:00,124409.92247977624,426969.52521863166,6.296422140894007,0.001662268943618983,0.0008075785590335727,0.00734181746397411,0,0.0011796695322595294,0.0014225684393341133,0.00734181746397411,38_P9_0
40961,120,2026-02-15 01:53:21.510000+00:00,124329.26124879037,426611.32988000265,11.361471906125514,0.0009969552047550678,-0.0012950874515809119,0.0034407394786413192,0,-0.0009989377232297297,0.0012935588941517754,0.0034407394786413192,15_P5_1
40962,123,2026-02-15 01:53:34.530000+00:00,124329.15128511439,426611.39066179976,8.080121899566956,0.001528502267319709,0.00038378010503947735,0.002006254512890493,0,-0.000795264123209751,-0.0013605738952960362,0.002006254512890493,16_P5_1
40963,106,2026-02-15 01:53:35.800000+00:00,124410.03414656859,426969.4507175795,8.931331085261673,0.0019427503721090034,0.0011562386061996222,0.007443860923142864,0,0.0015894592439412835,0.0016077269776444377,0.007443860923142864,37_P9_0
40964,102,2026-02-15 01:53:36.480000+00:00,124282.39283856262,426301.7930759582,6.9029608360647305,-0.00045038320240564644,-0.00048190640518441796,-0.00033714770200532485,0,0.000571809671463369,0.0003288046714812427,-0.00033714770200532485,02_P1_0
40965,124,2026-02-15 01:53:36.960000+00:00,124339.65883241057,426609.5891395476,6.678758530830647,0.0010666873422451317,-0.0011023564147762954,0.0043283349974538865,0,-0.0007135776153342865,0.0013578727989757595,0.0043283349974538865,17_P5_1
40966,118,2026-02-15 01:53:50.430000+00:00,124372.26137331323,426775.1128036933,6.1695973238630915,0.001345951241091825,0.0001391944824717939,0.0040652548727297955,0,-0.0009934787171700598,-0.0009186728938405372,0.0040652548727297955,22_P6_1
40967,160,2026-02-15 01:53:51.560000+00:00,124421.81291830761,426965.61812275735,5.602890150333737,0.0017121469718404114,-0.0005152812809683383,0.010708920446398373,0,0.0003891798557493437,0.0017451364105930465,0.010708920446398373,38a_P9_0
40968,103,2026-02-15 01:53:52.280000+00:00,124282.31081181303,426301.7971625658,9.297545367821055,-0.0009065941267181188,-0.0002815874177031219,-0.00040611797005851713,0,0.00048110744498056535,0.0008183764480926691,-0.00040611797005851713,01_P1_0
40969,170,2026-02-15 01:53:52.910000+00:00,124669.37397507572,426931.31073471723,13.79776630184574,-0.014071740748477168,0.012237745511811227,0.011576171174352723,0,0.000879906002017463,-0.01862799152704935,0.011576171174352723,908_GSL_1
40970,74,2026-02-15 01:54:06.630000+00:00,124369.34690331636,426785.72557866113,7.233903655213516,0.0005901070544496179,-0.0008876355714164674,0.0038498204564438865,0,-0.0008265562234727742,-0.0006729992962800691,0.0038498204564438865,21_P6_1
40971,100,2026-02-15 01:54:09.940000+00:00,124292.48357761338,426345.92967110954,7.586067098609605,-0.00014565992751158774,-0.0005638701841235161,-0.002432470359493344,0,0.000582254789590715,1.207307023258793e-05,-0.002432470359493344,06_P2_0
40972,92,2026-02-15 01:54:10.040000+00:00,124278.31631802603,426395.6370368312,11.104181049905723,0.0023422234517056495,-0.0012537940056063235,0.002392066678503113,0,0.0008991903888537372,-0.002499893347886534,0.002392066678503113,11_P3_0
40973,162,2026-02-15 01:54:10.300000+00:00,124402.9968661087,426879.64702707826,6.554999331555083,0.0014379803906194866,-0.0007065096287988126,0.010326288264516315,0,0.0008285893388121149,-0.0013712706395888848,0.010326288264516315,34a_P7_0
40974,73,2026-02-15 01:54:23.230000+00:00,124369.49052129817,426785.69644006604,11.410039884926839,0.0011817337363027036,-2.6588153559714556e-05,0.00398526886376338,0,-0.00113612477304504,0.0003262239315240679,0.00398526886376338,20_P6_1
40975,93,2026-02-15 01:54:25.340000+00:00,124278.27019584626,426395.78974596516,7.951323121422959,0.0020722665794892237,-0.0016041373601183295,0.0025976011434414303,0,0.0012820523560436647,-0.002285582464703091,0.0025976011434414303,12_P3_0
40976,101,2026-02-15 01:54:25.420000+00:00,124292.40438454568,426345.88301237393,10.215443832218781,-0.0009343251585960388,-0.0003811519709415734,-0.00017466538150223698,0,0.0005863684013025313,0.0008212261715825138,-0.00017466538150223698,05_P2_0
40977,104,2026-02-15 01:54:26.500000+00:00,124389.81746556684,426881.4458596544,10.73283845749631,0.00036935656680725515,0.0015200862544588745,0.00692658943610347,0,-0.0015636101973612471,-4.7006862758258726e-05,0.00692658943610347,33_P7_0
40978,165,2026-02-15 01:54:39.130000+00:00,124091.0627535413,427154.20609710366,9.852925509446536,-0.021027085866080597,0.009945310011971742,0.002190015720515248,0,0.020741690462294134,-0.010527573700531784,0.002190015720515248,907_GSL_1
40979,98,2026-02-15 01:54:40.460000+00:00,124302.6604368956,426390.077676217,7.978761432890678,-0.00040873794932849705,-0.0002357915509492159,-0.00028936224019204815,0,0.00032511115162519357,0.0003420045406266444,-0.00028936224019204815,10_P3_0
40980,94,2026-02-15 01:54:40.950000+00:00,124268.2263415508,426351.5544903268,10.217708667399329,0.0021190517145441845,-0.001482693711295724,0.0032147281083680923,0,0.0010712553440076645,-0.002353969583143239,0.0032147281083680923,07_P2_0
40981,105,2026-02-15 01:54:42.680000+00:00,124389.68842871531,426881.47348169115,7.069796867549311,-0.00025672205083537847,0.0015284770051948726,0.007500970826520792,0,-0.0014406649202470608,0.000571517938794697,0.007500970826520792,34_P7_0
40982,152,2026-02-15 01:54:55.440000+00:00,124370.27653567538,426819.4999266769,9.732488798163752,0.0007640135154360905,0.0007566389977000654,0.003567846935872865,0,0.0005604466879487401,0.0009176702755221291,0.003567846935872865,29_KW_1
40983,99,2026-02-15 01:54:55.610000+00:00,124302.53751747622,426390.1349212742,11.087302142415849,-0.0005628149519907311,0.00010498223127797246,-0.00045306033351799613,0,3.145570291089958e-05,0.0005716576578887157,-0.00045306033351799613,09_P3_0
40984,95,2026-02-15 01:54:56.030000+00:00,124268.11146126584,426351.547497082,7.196843800755638,0.0019133636087644845,-0.001693928032182157,0.0031729425105178066,0,0.001313912356605179,-0.0021917998988769463,0.0031729425105178066,08_P2_0
40985,113,2026-02-15 01:55:07.450000+00:00,124414.07900536845,426875.91369974235,7.342688403217982,0.0017707542720017955,-0.0015323958359658718,0.039338458092705864,0,0.0010693049298027434,-0.0020833613841572717,0.039338458092705864,32_P7_0
40986,117,2026-02-15 01:55:11.430000+00:00,124377.68103697896,426815.90627050004,7.621494599953109,0.0010198348754784092,0.000564461515750736,0.004059559780649202,0,0.0005243745523728232,0.0010410145555319974,0.004059559780649202,26_KW_0
40987,96,2026-02-15 01:55:11.530000+00:00,124258.06385609985,426307.3507926173,9.309246355780761,0.0028779034182662144,-0.0016169596347026527,0.004700747604870159,0,0.0010219716046739541,-0.0031388629445017573,0.004700747604870159,03_P1_0
40988,166,2026-02-15 01:55:13.380000+00:00,124091.05995888425,427154.2076497643,9.82387847107975,-0.012321951449848711,0.018621784751303494,-0.005975147983054541,0,0.021456517580954557,-0.006182168564063593,-0.005975147983054541,907_GSL_1
40989,112,2026-02-15 01:55:23.460000+00:00,124413.95257352055,426875.86608841224,10.707893106823468,0.0018388957396382466,-0.0011776532046496868,0.038627499902803564,0,0.0007033463624274599,-0.0020672949731814837,0.038627499902803564,31_P7_0
40990,97,2026-02-15 01:55:26.540000+00:00,124257.99034745882,426307.3899670623,6.841973840220459,0.002477249945513904,-0.001885642355773598,0.004911649624358638,0,0.001362345447468963,-0.0027993622967019895,0.004911649624358638,04_P1_0
40991,116,2026-02-15 01:55:26.740000+00:00,124377.68840384959,426815.90077808534,10.009436909244451,0.0010439580219099298,0.0007165217539295554,0.004377153967327629,0,0.0006756113656419113,0.0010708879763914856,0.004377153967327629,25_KW_0
40992,125,2026-02-15 01:55:29.460000+00:00,124339.65717573329,426609.59064419067,6.672555163112498,-0.0006898303399793804,-0.0005896557704545557,-0.0009607750166162887,0,-0.0006835147197018406,-0.0005969652029535201,-0.0009607750166162887,17_P5_1
40993,161,2026-02-15 01:55:38.760000+00:00,124402.991590615,426879.6436251929,6.58751347294297,0.0001868684048531577,-0.0038816940505057573,0.04588915211924771,0,0.0033149577900265033,-0.002028182278003325,0.04588915211924771,34a_P7_0
40994,115,2026-02-15 01:55:43.060000+00:00,124396.29050897619,426811.63463089365,7.651276013051947,0.0004182163829682395,0.0007165572023950517,0.005003720278900836,0,0.0008296173089455778,-9.710200057566689e-06,0.005003720278900836,24_KW_0
40995,146,2026-02-15 01:55:45.460000+00:00,124350.92499450139,426607.5119133176,11.377441994727914,-0.001272073553991504,4.792079562321305e-05,-0.0018795184961692968,0,-0.00022182826501005506,-0.0012534990028956411,-0.0018795184961692968,13_P5_1
40996,114,2026-02-15 01:55:58.430000+00:00,124396.29976311087,426811.63034012396,9.994748837224925,0.0007424658542731777,0.0008013681508600712,0.004064759574742283,0,0.00106913767197532,0.00022447961229849506,0.004064759574742283,23_KW_0
40997,148,2026-02-15 01:56:00.470000+00:00,124351.03965606859,426607.3983226906,8.014412493048246,-0.0014623460738221183,-0.0001332040992565453,-0.0010439221641362906,0,-0.00044017322986950703,-0.0014008736200628372,-0.0010439221641362906,14_P5_1
40998,150,2026-02-15 01:56:13.940000+00:00,124401.10313596761,426812.32259527454,9.185573668923773,-4.466231621336192e-05,0.0011636855197139084,0.0035596456799638077,0,0.0009049831438354943,-0.0007329148795426359,0.0035596456799638077,27_KW_1
40999,168,2026-02-15 01:56:17.170000+00:00,124669.3720460937,426931.31246855104,13.78987762460617,-0.004685877647716552,0.004727978666778654,-0.01146239532905824,0,0.0010874483308452054,-0.006567243541290793,-0.01146239532905824,908_GSL_1
41000,153,2026-02-15 01:56:19.210000+00:00,124370.27681274601,426819.49850612157,9.736493218413223,0.0029739411402260885,-0.0006169756525196135,0.010412741300234174,0,-0.0001865200043541965,-0.003031533464982196,0.010412741300234174,29_KW_1
41001,119,2026-02-15 01:56:30.140000+00:00,124400.81468002118,426811.34394751844,3.988092529396457,0.0005286341038299724,0.0008186371414922178,0.004558400310274102,0,0.0009714578103888015,-7.67496436295491e-05,0.004558400310274102,28_KW_1
41002,169,2026-02-15 01:56:45.920000+00:00,124669.37633973181,426931.31026444485,13.811932105138247,-0.002737716509727761,0.00810489192372188,0.00017689226535466673,0,0.0012538623027789908,-0.008462398838894197,0.00017689226535466673,908_GSL_1
41003,72,2026-02-15 01:57:27.940000+00:00,124390.52426185131,426780.88803024706,10.990812833221188,0.0003021484590135515,0.0010993153555318713,0.0037275116544304154,0,0.0001240843626775257,-0.0011333097604500461,0.0037275116544304154,18_P6_1
