,Id,Timestamp,Easting,Northing,Height,EastingDiff,NorthingDiff,HeightDiff,Type,LongitudinalDisplacement,TransverseDisplacement,HeightDisplacement,Name
20657,134,2026-02-12 18:00:21.140000+00:00,123855.61577072668,426533.07579823636,6.050967287471165,0.0013085852697258815,0.0015001744031906128,0.005124368573384608,0,-0.0009831619679650488,0.0017309856131345986,0.005124368573384608,904_GSL_1
20658,138,2026-02-12 18:00:21.190000+00:00,123928.08554634477,426940.43146857445,7.114968113365886,-0.0010725339088821784,-0.00025257759261876345,-0.0029679502320414386,0,0.0004568578504833694,-0.0010026990228612423,-0.0029679502320414386,905_GSL_1
20659,153,2026-02-12 18:00:32.820000+00:00,124370.27557783635,426819.4983385506,9.733666752928945,0.0017390314751537517,-0.0007845466025173664,0.007586275815956611,0,0.00029980189995407625,-0.0018841079225673093,0.007586275815956611,29_KW_1
20660,125,2026-02-12 18:00:37.890000+00:00,124339.65976404231,426609.591692473,6.671427339379725,0.0018984786875080317,0.00045862654224038124,-0.00208859874938927,0,0.0007292494915104497,0.0018118374130427204,-0.00208859874938927,17_P5_1
20661,137,2026-02-12 18:00:39.240000+00:00,123928.08815521274,426940.4314485805,7.133844107077618,-0.0012440491409506649,-0.0023799905320629478,0.010980416112087887,0,-0.0012004922301781383,-0.0024022555241046445,0.010980416112087887,905_GSL_1
20662,152,2026-02-12 18:00:43.320000+00:00,124370.27393993697,426819.4994751482,9.728462210751992,-0.0018317248905077577,0.00030511029763147235,-0.0004587404758868985,0,0.0007185639443559493,-0.0017123008573548173,-0.0004587404758868985,29_KW_1
20663,132,2026-02-12 18:00:44.220000+00:00,124806.22261500712,426258.50560212263,4.6245951834292764,0.008480719348881394,0.00046037218999117613,0.04196300921895535,0,0.0038431978722432364,-0.007573927207373569,0.04196300921895535,903_GSL_1
20664,136,2026-02-12 18:00:51.160000+00:00,123855.6227846456,426533.065592288,6.041125701998706,0.007014533810433932,-0.008516238129232079,0.01883315956196796,0,-0.0007066364551579435,-0.011010479615881811,0.01883315956196796,904_GSL_1
20665,146,2026-02-12 18:00:52.690000+00:00,124350.92426599408,426607.5129477488,11.374029331121507,-0.0020005808619316667,0.0010823520133271813,-0.005292182102575538,0,0.0006354120934408979,-0.002184046963183189,-0.005292182102575538,13_P5_1
20666,141,2026-02-12 18:00:55.770000+00:00,124266.92034360034,427056.31443764287,7.094608431077727,0.0017148488987004384,-8.06601601652801e-05,0.010473730814629434,0,-0.0001332332887274415,0.0017115670298258451,0.010473730814629434,906_GSL_1
20667,135,2026-02-12 18:01:00.670000+00:00,123855.6161713884,426533.06760365964,6.059485703244643,0.0025211101747117937,-0.009031261666677892,0.03828725612628592,0,0.002984422190625147,-0.008888920519002579,0.03828725612628592,904_GSL_1
20668,150,2026-02-12 18:01:03.730000+00:00,124401.10579239896,426812.32064538216,9.182712625048847,0.0026117690285900608,-0.0007862068596296012,0.0006986018050376686,0,0.0009352311509151105,0.002562186835339864,0.0006986018050376686,27_KW_1
20669,140,2026-02-12 18:01:07.560000+00:00,123928.08801302142,426940.42766709556,7.147684428550656,0.0004892889555776492,-0.006771581363864243,0.012110722348312564,0,-0.0007097522101369729,-0.0067520344822645465,0.012110722348312564,905_GSL_1
20670,148,2026-02-12 18:01:08.200000+00:00,124351.03895347746,426607.3994081408,8.011882865892007,-0.002164937206543982,0.0009522460750304163,-0.0035735493203752355,0,0.0004716771363801824,-0.002317594954841222,-0.0035735493203752355,14_P5_1
20671,122,2026-02-12 18:01:12.240000+00:00,124329.15292495138,426611.39052437333,8.08545171261158,0.003374048334080726,-0.0015145355137065053,0.0017878741691816913,0,-0.000609186115094047,0.003647864068214134,0.0017878741691816913,16_P5_1
20672,145,2026-02-12 18:01:23.300000+00:00,124266.918743222,427056.31406664004,7.119744241157225,0.0004194691719021648,-0.0006799675757065415,0.011777304865578486,0,-0.0007767983521690137,-0.00018680099104668633,0.011777304865578486,906_GSL_1
20673,6,2026-02-12 18:01:23.500000+00:00,124399.0394560869,426925.074981639,8.554690188558897,0.00028534252487588674,-0.00046757591189816594,0.007383492737339736,11,-0.00024074362121327903,0.0004920265223898653,0.007383492737339736,TS5
20674,120,2026-02-12 18:01:27.970000+00:00,124329.26142400771,426611.3303104283,11.358354557998089,0.0011721725459210575,-0.0008646618225611746,0.00032339135121617346,0,-0.0005380984780732049,0.001353542970393318,0.00032339135121617346,15_P5_1
20675,131,2026-02-12 18:01:38.360000+00:00,124806.21474939633,426258.49419474613,4.622805287335015,-0.0037950998230371624,-0.012089318362995982,0.011300814562452466,0,0.000647179201832549,0.01265446799472044,0.011300814562452466,903_GSL_1
20676,3,2026-02-12 18:01:38.560000+00:00,124314.90357803967,426440.7942292434,7.045754407994916,-0.0036613122647395357,-0.001848040148615837,-0.03267468749616853,11,-0.004057525011946459,0.0005974534862707555,-0.03267468749616853,TS2
20677,124,2026-02-12 18:01:42.380000+00:00,124339.66208713892,426609.589281146,6.675410957007664,0.004321415690355934,-0.0009607580141164362,0.0009807611744703237,0,0.00043856158346421956,0.0044051507656438695,0.0009807611744703237,17_P5_1
20678,154,2026-02-12 18:01:42.580000+00:00,124285.66495568411,426445.5624187685,7.891989689003965,0.0003306841099401936,-0.001406231545843184,-0.009610310996034599,11,-0.0014354499728040939,-0.00016224215441177736,-0.009610310996034599,TS1-1
20679,67,2026-02-12 18:06:20.090000+00:00,123855.61508689098,426533.07428591396,6.0488437954221475,-0.002907583169871941,-0.01681679073954001,0.00443564708457167,0,-0.0005048357274482137,-0.01705882855167649,0.00443564708457167,904_GSL_1
20680,68,2026-02-12 18:06:21.720000+00:00,123928.08204858795,426940.42857073754,7.116077908019311,-0.02690177390468307,-0.019164267694577575,-0.0027353730209149774,0,0.0013134839394130157,-0.03300377789631091,-0.0027353730209149774,905_GSL_1
20681,66,2026-02-12 18:06:22.220000+00:00,124898.93942394292,426720.7676174194,4.126854361387221,0.0018182792409788817,-0.006587735377252102,0.04456783098345696,0,0.0042192394187471035,0.005376096681251578,0.04456783098345696,901_GSL_1
20682,67,2026-02-12 18:06:29.210000+00:00,123855.61574908782,426533.0750307038,6.036536865826664,-0.002245386320282705,-0.016072000900749117,-0.007871282510912181,0,0.011223385874684898,-0.011721202250149795,-0.007871282510912181,904_GSL_1
20683,68,2026-02-12 18:06:30.020000+00:00,123928.0873463261,426940.4345713702,7.13368900987395,-0.02160403576272074,-0.013163635041564703,0.014875728833724011,0,0.016046246748572128,-0.01955846655615837,0.014875728833724011,905_GSL_1
20684,68,2026-02-12 18:06:37.240000+00:00,123928.08608770685,426940.4302762255,7.136976103626929,-0.02286265500879381,-0.017458779737353325,0.018162822586702987,0,-0.0007623005183916551,-0.028756371152984576,0.018162822586702987,905_GSL_1
20685,68,2026-02-12 18:06:45.140000+00:00,123928.08859791336,426940.43157856807,7.145018407963566,-0.02035244849685114,-0.016156437166500837,0.026205126923340316,0,0.019814493883895973,-0.016811854563287088,0.026205126923340316,905_GSL_1
20686,69,2026-02-12 18:06:53.840000+00:00,124266.91829461626,427056.3146331385,7.093144356090604,-0.024302580393850803,-0.00020524556748569012,0.0026429851631712964,0,0.0005394863916656235,-0.0242974585908848,0.0026429851631712964,906_GSL_1
20687,71,2026-02-12 18:06:54.010000+00:00,124806.2187229301,426258.5031870477,4.632782637574367,-0.009039005381055176,-0.011919084354303777,0.04127897442509987,0,0.00579963459020153,0.013788851610772068,0.04127897442509987,903_GSL_1
20688,71,2026-02-12 18:06:58.710000+00:00,124806.21659296681,426258.4989558544,4.61678747303276,-0.011168968674610369,-0.016150277690030634,0.02528380988349266,0,-0.0048540018006544014,0.01902671798389761,0.02528380988349266,903_GSL_1
20689,69,2026-02-12 18:07:01.240000+00:00,124266.91959354375,427056.3145511629,7.118337465883841,-0.023003652910119854,-0.00028722116257995367,0.027836094956408708,0,0.01611645468680915,-0.01641677287208198,0.027836094956408708,906_GSL_1
20690,67,2026-02-12 18:07:10.360000+00:00,123855.61424605554,426533.06996445614,6.063969654525332,-0.0037484186032088473,-0.02113824855769053,0.019561506187756095,0,0.014969826723042569,-0.015387673053248455,0.019561506187756095,904_GSL_1
20691,164,2026-02-12 18:07:44.270000+00:00,124091.06030504686,427154.207475852,9.83993496749628,-0.03502340450359043,0.012744910549372435,0.025301435866882827,0,0.021563260186049926,-0.030398970674717543,0.025301435866882827,907_GSL_1
20692,111,2026-02-12 18:07:50.630000+00:00,124434.26214380821,426963.97291418834,6.502790661018295,0.0004530488949967548,-0.005149591015651822,0.04149815140352686,0,-0.004939182203974736,0.0015257850719151166,0.04149815140352686,36_P9_0
20693,160,2026-02-12 18:07:58.910000+00:00,124421.81327185647,426965.6178814105,5.602723575148689,0.0020656958367908373,-0.0007566281128674746,0.010542345261350228,0,0.0003518859356043753,0.002171580456635265,0.010542345261350228,38a_P9_0
20694,122,2026-02-12 18:08:00.870000+00:00,124329.15217164213,426611.39077087806,8.08451058123124,0.002620739076519385,-0.0012680307845585048,0.0008467427888430024,0,-0.0005618141425116163,0.002856665932001443,0.0008467427888430024,16_P5_1
20695,102,2026-02-12 18:08:01.020000+00:00,124282.39547708695,426301.7937266634,6.899998112632192,0.002188141123042442,0.00016879878239706159,-0.003299871134544219,0,-0.0006626775651467587,-0.002092202917486574,-0.003299871134544219,02_P1_0
20696,110,2026-02-12 18:08:02.810000+00:00,124434.26220267368,426963.9728395326,6.502578059148423,0.12174978981784079,0.038411690678913146,-2.241795113326182,0,0.06288950276795421,0.11110076391771746,-2.241795113326182,35_P9_0
20697,149,2026-02-12 18:08:06.920000+00:00,124351.04103045812,426607.39786046854,8.01282989644458,-0.00028123395168222487,0.0011280030594207346,0.000604052476782968,0,-0.0010697234411265709,0.000455165021882905,0.000604052476782968,14_P5_1
20698,103,2026-02-12 18:08:14.110000+00:00,124282.31447614807,426301.7975089733,9.295506172919648,0.002757740905508399,6.48200511932373e-05,-0.0024453128714654326,0,-0.0006926504753025308,-0.002670125813517812,-0.0024453128714654326,01_P1_0
20699,120,2026-02-12 18:08:16.400000+00:00,124329.26150960619,426611.3302872526,11.357783575520873,0.001257771029486321,-0.0008878374937921762,-0.0002475911259995911,0,-0.0005387390733190977,0.0014422217544044786,-0.0002475911259995911,15_P5_1
20700,162,2026-02-12 18:08:17.730000+00:00,124402.99726382707,426879.646875502,6.554669862970468,0.0018356987566221505,-0.0008580858702771366,0.009996819679900959,0,0.0010141072649186445,-0.0017543339878918743,0.009996819679900959,34a_P7_0
20701,147,2026-02-12 18:08:21.900000+00:00,124350.92690057606,426607.51121112966,11.37283533484646,0.00039323046803474426,0.0012183895451016724,-0.001384306825983117,0,-0.0012652213625814258,-0.00019575032125512465,-0.001384306825983117,13_P5_1
20702,100,2026-02-12 18:08:27.780000+00:00,124292.48605098492,426345.9301342678,7.584456822091396,0.0023277116124518216,-0.00010071194265037775,-0.004042746877702008,0,-0.0004373437082205031,-0.002288474322996745,-0.004042746877702008,06_P2_0
20703,124,2026-02-12 18:08:30.540000+00:00,124339.66032924877,426609.58952645294,6.675077522924861,0.0025635255442466587,-0.0007154510822147131,0.0006473270916673712,0,0.00012194445983354449,0.0026586957358380138,0.0006473270916673712,17_P5_1
20704,126,2026-02-12 18:08:36.940000+00:00,124339.65929202776,426609.58925593726,6.667340952018527,0.00247142362059094,0.0007657762034796178,-0.0033162371169304095,0,-0.0012939667147489797,-0.002240535214486088,-0.0033162371169304095,17_P5_1
20705,101,2026-02-12 18:08:40.990000+00:00,124292.40692503063,426345.8832430929,10.21372578784814,0.0016061597998486832,-0.00015043298481032252,-0.0018927097521430625,0,-0.00022407749139978186,-0.0015975508328115525,-0.0018927097521430625,05_P2_0
20706,170,2026-02-12 18:08:46.440000+00:00,124669.37617733286,426931.3081836609,13.79926263066777,-0.011869483612827025,0.00968668918358162,0.013072499996381381,0,0.0002432555091523087,-0.015318531761619764,0.013072499996381381,908_GSL_1
20707,98,2026-02-12 18:08:54.080000+00:00,124302.66180709332,426390.078274969,7.976949605446816,0.000961459765676409,0.00036296044709160924,-0.002101189684054816,0,-0.0005784247489791097,-0.0008494527514440871,-0.002101189684054816,10_P3_0
20708,161,2026-02-12 18:09:00.710000+00:00,124402.99123217823,426879.64249381254,6.583305572248898,-0.00017156836111098528,-0.005013074434828013,0.04168125142517631,0,0.004479406763297401,-0.0022572695985606183,0.04168125142517631,34a_P7_0
20709,92,2026-02-12 18:09:03.750000+00:00,124278.31519853366,426395.63707346853,11.101334787168078,0.0012227310799062252,-0.0012171566486358643,-0.00045419605914176486,0,0.0010260549642495773,-0.001386994164164338,-0.00045419605914176486,11_P3_0
20710,99,2026-02-12 18:09:07.380000+00:00,124302.53900793099,426390.1350299019,11.085853686269061,0.0009276398195652291,0.00021360995015129447,-0.0019015164803057871,0,-0.00042747386625950715,-0.000850535677859429,-0.0019015164803057871,09_P3_0
20711,118,2026-02-12 18:09:09.520000+00:00,124372.26017518275,426775.1139955581,6.166423907425216,0.00014782075595576316,0.0013310593203641474,0.0008918384348541863,0,-0.0010971041276114386,0.000768070584905804,0.0008918384348541863,22_P6_1
20712,93,2026-02-12 18:09:17.860000+00:00,124278.26921376953,426395.79018192214,7.948591734200465,0.0010901898494921625,-0.0011681803734973073,-0.00013378607905245588,0,0.000995228712496205,-0.0012500716390604176,-0.00013378607905245588,12_P3_0
20713,153,2026-02-12 18:09:21.240000+00:00,124370.27632132162,426819.4974060846,9.734705546909556,0.0024825167492963374,-0.001717012608423829,0.008625069796567075,0,0.0010040159829776726,-0.002846572256934405,0.008625069796567075,29_KW_1
20714,166,2026-02-12 18:09:24.460000+00:00,124091.05622910187,427154.2077775292,9.828299893439018,-0.016051733822678216,0.01874954963568598,-0.0015537256237863062,0,0.022694997995046477,-0.009702620071918737,-0.0015537256237863062,907_GSL_1
20715,74,2026-02-12 18:09:27.720000+00:00,124369.34690840058,426785.72822597006,7.230600729049675,0.0005951912753516808,0.0017596733523532748,0.0005468942926025733,0,-4.7323471151117904e-05,0.0018570038907646858,0.0005468942926025733,21_P6_1
20716,94,2026-02-12 18:09:31.380000+00:00,124268.2244742779,426351.55506573425,10.214180606047666,0.00025177880888804793,-0.0009072862449102104,-0.0003133332432945224,0,0.0008461355709460415,-0.0004130562847702124,-0.0003133332432945224,07_P2_0
20717,125,2026-02-12 18:09:39.150000+00:00,124339.65768943187,426609.5915923661,6.671386505497718,-0.00017613175441510975,0.000358519668225199,-0.0021294326313956446,0,0.0003291678186519873,-0.00022629028830584773,-0.0021294326313956446,17_P5_1
20718,95,2026-02-12 18:09:44.970000+00:00,124268.1105562625,426351.54819947464,7.193406646696943,0.0010083602683153003,-0.000991535373032093,-0.0002642115481776841,0,0.0007895925185786479,-0.0011732333447764874,-0.0002642115481776841,08_P2_0
20719,146,2026-02-12 18:09:54.200000+00:00,124350.92404023076,426607.5129547579,11.375636500691943,-0.002226344178779982,0.0010893610888160765,-0.0036850125321397087,0,0.0005945815990581195,-0.002406197977365028,-0.0036850125321397087,13_P5_1
20720,96,2026-02-12 18:09:58.780000+00:00,124258.06179735526,426307.3517527203,9.306565176717555,0.0008191588276531547,-0.0006568566313944757,0.002019568541664185,0,0.0004836972210651887,-0.0009319435698918701,0.002019568541664185,03_P1_0
20721,148,2026-02-12 18:10:09.520000+00:00,124351.03870838195,426607.3995068675,8.012843779424704,-0.0024100327136693522,0.0010509727871976793,-0.002612635787677675,0,0.0005162042996250309,-0.0025780486033888405,-0.002612635787677675,14_P5_1
20722,152,2026-02-12 18:10:11.420000+00:00,124370.27342941677,426819.49930602725,9.728404131984538,-0.002342245090403594,0.00013598933583125472,-0.0005168192433409047,0,0.0006715020074171126,-0.0022480414179935283,-0.0005168192433409047,29_KW_1
20723,97,2026-02-12 18:10:12.160000+00:00,124257.98879004752,426307.3910184101,6.839152345280739,0.0009198386396747082,-0.0008342945366166532,0.0020901546846383567,0,0.0006373792292434885,-0.0010657852574491686,0.0020901546846383567,04_P1_0
20724,168,2026-02-12 18:10:25.660000+00:00,124669.37107297577,426931.3129547298,13.791084408409901,-0.0056589955784147605,0.0052141573978587985,-0.010255611525327168,0,0.000911525846410532,-0.00764073222652705,-0.010255611525327168,908_GSL_1
20725,117,2026-02-12 18:10:26.510000+00:00,124377.68087260083,426815.906535582,7.6181138795059375,0.0008554567466489971,0.0008295434527099133,0.0006788393334780096,0,0.0007956557967285912,0.0008870628153932285,0.0006788393334780096,26_KW_0
20726,116,2026-02-12 18:10:41.420000+00:00,124377.68783593156,426815.90085110965,10.006217590997375,0.00047603998973499984,0.0007895460585132241,0.001157835720251299,0,0.000770549085174705,0.0005062125617535497,0.001157835720251299,25_KW_0
20727,115,2026-02-12 18:10:57.930000+00:00,124396.29032640853,426811.63477529073,7.647872403286041,0.00023564872390124947,0.0008609542855992913,0.001600110512994135,0,0.0008595964650210525,-0.00024055460979034238,0.001600110512994135,24_KW_0
20728,114,2026-02-12 18:11:12.630000+00:00,124396.29962401869,426811.6301222776,9.991694821497088,0.0006033736717654392,0.0005835217889398336,0.0010107438469049157,0,0.00081077808463383,0.0002172472403156135,0.0010107438469049157,23_KW_0
20729,150,2026-02-12 18:11:31.020000+00:00,124401.10419603655,426812.3217496588,9.181994051519732,0.0010154066258110106,0.00031806976767256856,-1.9971724077194608e-05,0,0.0008630042276614955,0.0006224489504261124,-1.9971724077194608e-05,27_KW_1
20730,119,2026-02-12 18:11:47.320000+00:00,124400.81575159814,426811.3432848242,3.9848380414261335,0.0016002110642148182,0.00015594292199239135,0.0013039123399507524,0,0.0010952073580183172,0.0011770787942604283,0.0013039123399507524,28_KW_1
20731,169,2026-02-12 18:12:03.400000+00:00,124669.37728448186,426931.3079682093,13.807786858748695,-0.001792966460925527,0.00580865639494732,-0.003968354124197049,0,0.0010491705068135285,-0.005987859307983017,-0.003968354124197049,908_GSL_1
20732,62,2026-02-12 18:12:22.720000+00:00,124390.61092566208,426780.88005194115,7.445262297021854,0.0002454490604577586,0.0008067331509664655,0.0004644234395252411,0,0.0001148745164514894,-0.0008353846201708019,0.0004644234395252411,19_P6_1
20733,72,2026-02-12 18:12:37.830000+00:00,124390.52350906692,426780.8871737016,10.987657009818083,-0.0004506359400693327,0.00024276989279314876,0.000571688251325142,0,-0.0004834267710484596,-0.00016825138443005003,0.000571688251325142,18_P6_1
20734,121,2026-02-12 18:13:02.230000+00:00,124329.26177612793,426611.3277084287,11.35200709373916,0.00223335821647197,-8.06385651230812e-06,-0.0022924283349610164,0,-0.0006143076983047332,-0.002147226117731491,-0.0022924283349610164,15_P5_1
20735,73,2026-02-12 18:13:36.810000+00:00,124369.49081571228,426785.70191034884,11.40588240865561,0.0014761478523723781,0.005443694652058184,-0.0001722074074645974,0,0.00021012466156553901,0.005636370425505445,-0.0001722074074645974,20_P6_1
20736,138,2026-02-12 18:15:20.170000+00:00,123928.0850781255,426940.43154887995,7.113833835858094,-0.0015407531755045056,-0.0001722720917314291,-0.00410222773983282,0,0.0008069887361286033,-0.0013237700711144285,-0.00410222773983282,905_GSL_1
20737,139,2026-02-12 18:15:20.720000+00:00,123928.08752566483,426940.43416638096,7.131399753983415,0.00065574113978073,0.003062368370592594,-0.005202076755840501,0,0.0003919891460876171,0.0031071596336455535,-0.005202076755840501,905_GSL_1
20738,134,2026-02-12 18:15:20.850000+00:00,123855.61474539293,426533.0734407886,6.0526851134156,0.000283251516520977,-0.0008572733495384455,0.006842194517819422,0,-0.00044850792501811046,-0.0007835749221588501,0.006842194517819422,904_GSL_1
20739,130,2026-02-12 18:15:25.410000+00:00,124898.93995979881,426720.76882472297,4.130010622926668,0.0015868015470914543,-0.0008519758121110499,0.03994789045647362,0,0.0017926545986528368,0.00017375679613457486,0.03994789045647362,901_GSL_1
20740,153,2026-02-12 18:15:34.530000+00:00,124370.2786495016,426819.4969042294,9.737274782687415,0.004810696729691699,-0.0022188678267411888,0.011194305574425911,0,0.0008761859458410634,-0.005224794316135725,0.011194305574425911,29_KW_1
20741,125,2026-02-12 18:15:36.210000+00:00,124339.65781863219,426609.5917262913,6.671964472883208,-4.693144001066685e-05,0.0004924448439851403,-0.0015514652459058809,0,0.0004804230682933145,-0.00011789045712296337,-0.0015514652459058809,17_P5_1
20742,143,2026-02-12 18:15:38.040000+00:00,124266.92047796775,427056.3159162593,7.104362058043208,0.000910539660253562,0.0016893832944333553,-0.0011796801795700418,0,0.0012182166766744953,0.0014829182435580584,-0.0011796801795700418,906_GSL_1
20743,137,2026-02-12 18:15:38.180000+00:00,123928.08757968793,426940.4314061917,7.130589672071268,-0.00181957395398058,-0.0024223793298006058,0.007725981105737745,0,-0.0008977821507590894,-0.0028935718759395173,0.007725981105737745,905_GSL_1
20744,132,2026-02-12 18:15:45.010000+00:00,124806.22075747426,426258.5042926005,4.6254831212867025,0.006623186491196975,-0.0008491499465890229,0.042850947076381374,0,0.00404805300634866,-0.00531045400947582,0.042850947076381374,903_GSL_1
20745,146,2026-02-12 18:15:51.060000+00:00,124350.92486941011,426607.5127164136,11.37594497217697,-0.0013971648295409977,0.0008510167826898396,-0.003376541047112269,0,0.0005367373147237033,-0.0015453841529889192,-0.003376541047112269,13_P5_1
20746,136,2026-02-12 18:15:51.770000+00:00,123855.6162989319,426533.07443458814,6.037285747558503,0.0005288201064104214,0.0003260620287619531,0.014993205121764497,0,-0.0006196354629150777,-4.4933780636705795e-05,0.014993205121764497,904_GSL_1
20747,152,2026-02-12 18:15:53.820000+00:00,124370.27475949696,426819.4993761978,9.729124953644593,-0.0010121649102075025,0.00020615989342331886,0.00020400241671403307,0,0.0004336151784088769,-0.0009375273778216366,0.00020400241671403307,29_KW_1
20748,141,2026-02-12 18:15:54.650000+00:00,124266.92129146813,427056.31487617805,7.093900904063133,0.002662716680788435,0.00035787501838058233,0.009766203800035456,0,0.00027601603151057585,0.002672442665667317,0.009766203800035456,906_GSL_1
20749,135,2026-02-12 18:16:01.730000+00:00,123855.61561058258,426533.06806976185,6.060083803013587,0.0019603043474489823,-0.008565159456338733,0.038885355895229345,0,0.003186796714338453,-0.008188350038232236,0.038885355895229345,904_GSL_1
20750,5,2026-02-12 18:16:01.930000+00:00,124424.61846851686,426919.1405445176,8.778813768509478,0.0012657393381232396,-0.005803251464385539,0.010987946503163926,11,-0.005886172683447918,0.0007954839857577889,0.010987946503163926,TS4
20751,148,2026-02-12 18:16:06.520000+00:00,124351.03955733587,426607.39942535537,8.012792751704383,-0.0015610787959303707,0.0009694606414996088,-0.002663663507998848,0,0.0006165076076407822,-0.0017311092721839624,-0.002663663507998848,14_P5_1
20752,140,2026-02-12 18:16:07.700000+00:00,123928.08841675452,426940.4319979891,7.143258004111613,0.0008930220501497388,-0.002440687851049006,0.0076842979092690555,0,-0.0009721049143411123,-0.002410281644087619,0.0076842979092690555,905_GSL_1
20753,150,2026-02-12 18:16:10.620000+00:00,124401.10352595926,426812.3217816754,9.182655438772818,0.00034532933204900473,0.0003500863676890731,0.0006414155290084267,0,0.0004871923423920941,6.675652724374756e-05,0.0006414155290084267,27_KW_1
20754,122,2026-02-12 18:16:12.450000+00:00,124329.1519570025,426611.3908264401,8.085134383232884,0.0024060994473984465,-0.0012124687200412154,0.001470544790485917,0,-0.0005625122525521686,0.0026349525448436787,0.001470544790485917,16_P5_1
20755,145,2026-02-12 18:16:23.720000+00:00,124266.9201596243,427056.3146990665,7.118678378931442,0.0018358714587520808,-4.7541107051074505e-05,0.01071144263979562,0,-0.001335998245078204,0.001260076529052142,0.01071144263979562,906_GSL_1
20756,6,2026-02-12 18:16:23.920000+00:00,124399.037110878,426925.07662420126,8.556866394526317,-0.0020598663832060993,0.0011749863624572754,0.009559698704759256,11,0.002076001059258885,-0.00114623822592825,0.009559698704759256,TS5
20757,120,2026-02-12 18:16:27.550000+00:00,124329.26251548092,426611.3299059834,11.358419696797148,0.00226364575792104,-0.0012691066949628294,0.00038853015027484616,0,-0.0006516357981526832,0.00251199018849981,0.00038853015027484616,15_P5_1
20758,154,2026-02-12 18:16:27.750000+00:00,124285.66722103526,426445.5634767758,7.9055768377947535,0.0025960352504625916,-0.00034822424640879035,0.003976837794754218,11,-0.0009332418821521989,0.0024473901889213254,0.003976837794754218,TS1-1
20759,149,2026-02-12 18:16:36.500000+00:00,124351.04053478733,426607.39793711033,8.011254162658128,-0.0007769047369947657,0.0012046448537148535,-0.0009716813096698473,0,-0.0010674433587504095,0.0009567208944129062,-0.0009716813096698473,14_P5_1
20760,131,2026-02-12 18:16:38.620000+00:00,124806.2174417022,426258.49997498124,4.625708055406619,-0.0011027939472114667,-0.006309083255473524,0.014203582634056744,0,0.0011606931138742015,0.006298688554763416,0.014203582634056744,903_GSL_1
20761,3,2026-02-12 18:16:38.820000+00:00,124314.90354553117,426440.7961338124,7.043220687435898,-0.0036938207631465048,5.652883555740118e-05,-0.03520840805518599,11,-0.003487009044678584,-0.0012199488767286322,-0.03520840805518599,TS2
20762,147,2026-02-12 18:16:51.590000+00:00,124350.92703045638,426607.5111786645,11.372269606869374,0.0005231107934378088,0.0011859243968501687,-0.0019500348030696557,0,-0.0012536888154813261,-0.00032912904945112267,-0.0019500348030696557,13_P5_1
20763,126,2026-02-12 18:17:07.020000+00:00,124339.65759734827,426609.5896310034,6.6688844209186495,0.0007767441275063902,0.0011408423306420445,-0.0017727682168082737,0,-0.0012845061390363128,-0.0005048728966566339,-0.0017727682168082737,17_P5_1
20764,121,2026-02-12 18:17:23.020000+00:00,124329.25741114911,426611.32941310934,11.350585649950427,-0.002131620596628636,0.001696616760455072,-0.0037138721236953387,0,-0.0010357628103220347,0.0025198234463117224,-0.0037138721236953387,15_P5_1
20765,123,2026-02-12 18:17:44.410000+00:00,124329.1597075826,426611.3840470988,8.07689006033998,0.009950970474164933,-0.006230920844245702,-0.0012255847140849596,0,0.0032049533089270553,-0.011294886552442896,-0.0012255847140849596,16_P5_1
20766,4,2026-02-12 18:17:44.610000+00:00,124378.97133115328,426782.74413689424,7.757426839911786,-0.00048681991756893694,0.002953986811917275,0.0023511349395199943,11,-0.0021173150520450096,-0.002116603101081223,0.0023511349395199943,TS3
20767,67,2026-02-12 18:21:20.550000+00:00,123855.61686549424,426533.0730165309,6.065501307409571,-0.0011289799003861845,-0.018086173804476857,0.02109315907199516,0,-0.002500815194127701,-0.017947986011417574,0.02109315907199516,904_GSL_1
20768,68,2026-02-12 18:21:22.140000+00:00,123928.08121205412,426940.4282392715,7.115966089451879,-0.02773830773367081,-0.019495733722578734,-0.002847191588347009,0,0.0015634522851320182,-0.03386817040026861,-0.002847191588347009,905_GSL_1
20769,68,2026-02-12 18:21:22.690000+00:00,123928.08761481894,426940.4341232907,7.1326415595322175,-0.021335542915039696,-0.013611714530270547,0.01382827849199142,0,0.015644867673536778,-0.019892769525900682,0.01382827849199142,905_GSL_1
20770,66,2026-02-12 18:21:23.870000+00:00,124898.94104390132,426720.76943021175,4.128343923676159,0.0034382376325083897,-0.004774943052325398,0.04605739327239444,0,0.005014332367387638,0.003078640946897862,0.04605739327239444,901_GSL_1
20771,67,2026-02-12 18:21:26.650000+00:00,123855.60915697094,426533.08245456783,6.041940956184856,-0.008837503206450492,-0.008648136863484979,-0.0024671921527197327,0,0.012226705497004666,-0.0018437480367735806,-0.0024671921527197327,904_GSL_1
20772,68,2026-02-12 18:21:37.060000+00:00,123928.08584630421,426940.42951338383,7.144347018380087,-0.023104057647287846,-0.01822162140160799,0.02553373733986053,0,-0.0012391447732025725,-0.02939880076642214,0.02553373733986053,905_GSL_1
20773,69,2026-02-12 18:21:39.380000+00:00,124266.9201270655,427056.3158818043,7.104868513337799,-0.022470131152658723,0.001043420226778835,0.014367142410366185,0,0.009480799968826724,-0.02039877329003954,0.014367142410366185,906_GSL_1
20774,68,2026-02-12 18:21:42.580000+00:00,123928.0862549605,426940.4363413345,7.147008471972198,-0.02269540136330761,-0.01139367074938491,0.02819519093197176,0,0.022311629645194325,-0.01212799071415789,0.02819519093197176,905_GSL_1
20775,71,2026-02-12 18:21:45.410000+00:00,124806.22048639586,426258.50290720013,4.626915026497071,-0.007275539624970406,-0.012198931945022196,0.03541136334780326,0,0.006924041731189346,0.012401816945050673,0.03541136334780326,903_GSL_1
20776,69,2026-02-12 18:21:53.440000+00:00,124266.91712169144,427056.3156331426,7.1048365159493985,-0.025475505215581506,0.0007947585545480251,0.014335145021965978,0,0.0015750552442292361,-0.02543918646747128,0.014335145021965978,906_GSL_1
20777,69,2026-02-12 18:21:58.190000+00:00,124266.918499857,427056.3172469705,7.121079405600492,-0.02409733965760097,0.0024085864424705505,0.030578034673059307,0,0.01879229085505315,-0.01527523720417222,0.030578034673059307,906_GSL_1
20778,66,2026-02-12 18:22:00.700000+00:00,124898.93875677678,426720.76609338,4.091668222394924,0.0011511131015140563,-0.008111774805001915,0.00938169199115979,0,0.00210296629340235,0.007918553190347006,0.00938169199115979,901_GSL_1
20779,67,2026-02-12 18:22:01.570000+00:00,123855.61555094349,426533.06892058474,6.063009182824506,-0.002443530655000359,-0.022182119952049106,0.018601034486930068,0,0.014476068338701555,-0.016984131802428522,0.018601034486930068,904_GSL_1
20780,71,2026-02-12 18:22:23.290000+00:00,124806.2163392954,426258.49748519005,4.632779434453024,-0.011422640091041103,-0.017620942031499,0.04127577130375659,0,-0.004580292284737441,0.0204937850899555,0.04127577130375659,903_GSL_1
20781,149,2026-02-12 18:22:38.800000+00:00,124351.04286151209,426607.3975664732,8.01122778887359,0.001549820022773929,0.0008340077474713326,-0.0009980550942074728,0,-0.0010674082408011212,-0.0013993393703112347,-0.0009980550942074728,14_P5_1
20782,111,2026-02-12 18:22:40.850000+00:00,124434.26302164099,426963.97248079727,6.504299806243121,0.0013308816705830395,-0.005582982092164457,0.04300729662835234,0,-0.005178339899850117,0.00247502140276467,0.04300729662835234,36_P9_0
20783,164,2026-02-12 18:22:46.360000+00:00,124091.0574266222,427154.20700587606,9.85777433676382,-0.03790182917146012,0.012274934619199485,0.04314080513442242,0,0.021872293745689112,-0.0332990306277894,0.04314080513442242,907_GSL_1
20784,110,2026-02-12 18:22:53.180000+00:00,124434.26300052616,426963.97242256464,6.5040718052195015,0.12254764229874127,0.037994722719304264,-2.2403013672551033,0,0.0626453293861657,0.11196913098526692,-2.2403013672551033,35_P9_0
20785,147,2026-02-12 18:22:55.670000+00:00,124350.92807103276,426607.5109563208,11.372019167070006,0.0015636871685273945,0.000963580678217113,-0.002200474602437552,0,-0.0011985786253934573,-0.0013917667057378915,-0.002200474602437552,13_P5_1
20786,122,2026-02-12 18:23:02.460000+00:00,124329.15354672115,426611.391906638,8.098647623960089,0.00399581810052041,-0.00013227085582911968,0.014983785517690862,0,0.0008855457840961303,0.0038987006214914566,0.014983785517690862,16_P5_1
20787,102,2026-02-12 18:23:04.440000+00:00,124282.39543119335,426301.7936849236,6.901102775368095,0.002142247525625862,0.00012705900007858872,-0.0021952083986409576,0,-0.0006115830287115906,-0.0020570208189376834,-0.0021952083986409576,02_P1_0
20788,126,2026-02-12 18:23:09.880000+00:00,124339.65987645376,426609.58906462125,6.6685134860992985,0.003055849621887319,0.0005744601949118078,-0.0021437030361592946,0,-0.0012367963799976506,-0.0028528154762535356,-0.0021437030361592946,17_P5_1
20789,160,2026-02-12 18:23:10.950000+00:00,124421.81050200241,426965.6197001045,5.604832016369217,-0.0007041582284728065,0.001062065886799246,0.012650786481878562,0,0.0005811036883137992,-0.0011340816822684023,0.012650786481878562,38a_P9_0
20790,103,2026-02-12 18:23:18.020000+00:00,124282.31441407237,426301.7975701973,9.295216747429325,0.0026956652145599946,0.0001260440913029015,-0.0027347383617879473,0,-0.0007380871521840031,-0.0025957128920052123,-0.0027347383617879473,01_P1_0
20791,120,2026-02-12 18:23:18.960000+00:00,124329.26434730909,426611.3310817298,11.371828887424279,0.0040954739233711734,-9.336031507700682e-05,0.013797720777406042,0,0.0009513087940148162,0.003984549458078621,0.013797720777406042,15_P5_1
20792,121,2026-02-12 18:23:24.570000+00:00,124329.25983844855,426611.3287824573,11.351597188841321,0.0002956788375740871,0.001065964694134891,-0.002702333232800669,0,-0.0011061372931597023,1.2922569890776533e-05,-0.002702333232800669,15_P5_1
20793,162,2026-02-12 18:23:30.200000+00:00,124402.99508400538,426879.6484271858,6.556955372461788,-0.00034412293462082744,0.0006935978890396655,0.012282329171220852,0,-0.0007208508821684319,0.0002826174649403747,0.012282329171220852,34a_P7_0
20794,100,2026-02-12 18:23:31.050000+00:00,124292.48602816499,426345.9300384877,7.58473362724674,0.0023048916773404926,-0.00019649200839921832,-0.0037659417223583347,0,-0.0003388828621437994,-0.002288294814787521,-0.0037659417223583347,06_P2_0
20795,124,2026-02-12 18:23:34.550000+00:00,124339.66115642276,426609.5907438672,6.688911540245028,0.0033906995377037674,0.0005019631935283542,0.014481344411835018,0,0.001536917937837398,0.0030637711492530516,0.014481344411835018,17_P5_1
20796,123,2026-02-12 18:23:43.500000+00:00,124329.16048990976,426611.38449664786,8.076915684205265,0.010733297633123584,-0.005781371786724776,-0.0011999608488011404,0,0.00255486286424518,-0.011920596191569216,-0.0011999608488011404,16_P5_1
20797,101,2026-02-12 18:23:45.150000+00:00,124292.40716414379,426345.8832132384,10.212989802755994,0.0018452729564160109,-0.00018028751946985722,-0.0026286948442901803,0,-0.00025017841511168725,-0.0018371027826360406,-0.0026286948442901803,05_P2_0
20798,170,2026-02-12 18:23:50.260000+00:00,124669.37567195392,426931.31149956054,13.812400253275156,-0.012374862548313104,0.013002588821109384,0.02621012260376787,0,0.0025319564413098282,-0.017770586251437813,0.02621012260376787,908_GSL_1
20799,161,2026-02-12 18:23:51.290000+00:00,124402.99209632026,426879.6418490512,6.58507330176676,0.0006925736670382321,-0.005657835805322975,0.04344898094303851,0,0.004629818259394113,-0.003324988296107269,0.04344898094303851,34a_P7_0
20800,98,2026-02-12 18:23:58.560000+00:00,124302.66188237775,426390.07810075674,7.976856912136613,0.0010367442009737715,0.00018874817760661244,-0.002193882994257379,0,-0.00042674087112117633,-0.0009635126577877952,-0.002193882994257379,10_P3_0
20801,118,2026-02-12 18:23:59.810000+00:00,124372.26101471124,426775.11342189315,6.166603693089978,0.0009873492526821792,0.0007573943585157394,0.0010716240996160309,0,-0.0012207922012205075,-0.00024118698663633167,0.0010716240996160309,22_P6_1
20802,92,2026-02-12 18:24:07.860000+00:00,124278.31803305073,426395.6379817718,11.115472030739783,0.004057248152093962,-0.0003088533994741738,0.013683047512563107,0,-0.00028563800392832094,-0.004058948622580541,0.013683047512563107,11_P3_0
20803,99,2026-02-12 18:24:11.820000+00:00,124302.53911655821,426390.1349845053,11.085617094667233,0.0010362670436734334,0.00016821332974359393,-0.0021381080821338827,0,-0.0004091288131210766,-0.0009668292115887086,-0.0021381080821338827,09_P3_0
20804,74,2026-02-12 18:24:17.590000+00:00,124369.34748112362,426785.72858666175,7.230802880090329,0.001167914320831187,0.00212036503944546,0.0007490453332570368,0,-0.00048752476019559444,0.002371137146919458,0.0007490453332570368,21_P6_1
20805,93,2026-02-12 18:24:22.460000+00:00,124278.2712888053,426395.7911165486,7.9621676151002685,0.003165225629345514,-0.00023355393204838037,0.01344209482075076,0,-0.00023441075812643695,-0.0031651622897278984,0.01344209482075076,12_P3_0
20806,153,2026-02-12 18:24:31.660000+00:00,124370.27607420272,426819.49864407186,9.737912205574137,0.0022353978420142084,-0.000479025358799845,0.011831728461148217,0,-0.00012541006548061595,-0.002282704782036268,0.011831728461148217,29_KW_1
20807,166,2026-02-12 18:24:31.910000+00:00,124091.05414913574,427154.2070780676,9.826872493115253,-0.018131699951482005,0.018050088023301214,-0.0029811259475511775,0,0.022650283773502488,-0.011896590509860564,-0.0029811259475511775,907_GSL_1
20808,73,2026-02-12 18:24:35.190000+00:00,124369.49084184163,426785.69842520327,11.40746941533933,0.0015022771985968575,0.0019585490808822215,0.0014147992762545414,0,-0.0008516147472696319,0.0023167873458480167,0.0014147992762545414,20_P6_1
20809,94,2026-02-12 18:24:36.560000+00:00,124268.22727944242,426351.55616980547,10.227508852921071,0.0030569433292839676,0.0001967849675565958,0.013014913630110314,0,-0.0007511762641071744,-0.0029697409082531066,0.013014913630110314,07_P2_0
20810,125,2026-02-12 18:24:49+00:00,124339.65684363327,426609.59176859376,6.672140944355145,-0.001021930351271294,0.0005347473197616637,-0.001374993773969102,0,0.0003808015825151351,-0.0010887086357679553,-0.001374993773969102,17_P5_1
20811,95,2026-02-12 18:24:51.130000+00:00,124268.11346213189,426351.54919023043,7.2067948380943445,0.003914229659130797,0.0,0.013123979849224199,0,-0.0007178133422614148,-0.0038478485466333246,0.013123979849224199,08_P2_0
20812,152,2026-02-12 18:25:00.510000+00:00,124370.2749836214,426819.4993113157,9.729404244581051,-0.0007880404591560364,0.0001412777928635478,0.0004832933531719874,0,0.00031888394683851694,-0.0007343570034199593,0.0004832933531719874,29_KW_1
20813,146,2026-02-12 18:25:04+00:00,124350.92391645168,426607.51294610085,11.37502980053246,-0.0023501232644775882,0.0010807040380313993,-0.004291712691623317,0,0.0005599775480614665,-0.0025253565533847368,-0.004291712691623317,13_P5_1
20814,96,2026-02-12 18:25:05.410000+00:00,124258.06543324004,426307.3525884464,9.320195494618114,0.004455043614143506,0.00017886946443468332,0.015649886442222538,0,-0.0010480173490646722,-0.004333712902960628,0.015649886442222538,03_P1_0
20815,117,2026-02-12 18:25:15.180000+00:00,124377.68038864015,426815.9063173207,7.618287059329446,0.0003714960621437058,0.0006112821865826845,0.0008520191569862945,0,0.0005963761014512425,0.00039498200141196976,0.0008520191569862945,26_KW_0
20816,148,2026-02-12 18:25:19.100000+00:00,124351.03903079622,426607.3994257336,8.014764260725036,-0.0020876184426015243,0.0009698388748802245,-0.0006921544873463858,0,0.0005052603029837468,-0.0022457627281945274,-0.0006921544873463858,14_P5_1
20817,97,2026-02-12 18:25:20.070000+00:00,124257.99231511816,426307.3918182536,6.853506725499212,0.004444909282028675,-3.4451019018888474e-05,0.01644453490311193,0,-0.0008393041229778821,-0.004365085793810752,0.01644453490311193,04_P1_0
20818,116,2026-02-12 18:25:28.990000+00:00,124377.68757617903,426815.90077957686,10.006384488845637,0.00021628745889756829,0.0007180132670328021,0.0013247335685129258,0,0.0007091133681717364,0.0002438883916704948,0.0013247335685129258,25_KW_0
20819,168,2026-02-12 18:25:35.290000+00:00,124669.36994873313,426931.3138421706,13.794598646641056,-0.006783238219213672,0.0061015982064418495,-0.006741373294172348,0,0.0009723111701122906,-0.0090717381135001,-0.006741373294172348,908_GSL_1
20820,115,2026-02-12 18:25:43.090000+00:00,124396.28995917537,426811.6348204659,7.647851932090312,-0.00013158444198779762,0.0009061294258572161,0.0015796393172653467,0,0.0007095259586479387,-0.0005787554887707689,0.0015796393172653467,24_KW_0
20821,114,2026-02-12 18:25:57.500000+00:00,124396.29909891746,426811.6303590639,9.99195012813073,7.827243825886399e-05,0.0008203081088140607,0.0012660504805470651,0,0.0007437134090577287,-0.0003548553693616881,0.0012660504805470651,23_KW_0
20822,150,2026-02-12 18:26:12.400000+00:00,124401.10306454753,426812.3221358129,9.182471274718782,-0.00011608240311034024,0.0007042238721624017,0.0004572514749732193,0,0.00049430573326101,-0.0005148477721623873,0.0004572514749732193,27_KW_1
20823,119,2026-02-12 18:26:28.570000+00:00,124400.81467583423,426811.34380961966,3.9849856797104986,0.0005244471540208906,0.0006807383615523577,0.0014515506243157894,0,0.0008593232957218163,3.606616058845423e-06,0.0014515506243157894,28_KW_1
20824,169,2026-02-12 18:26:44.620000+00:00,124669.37739083204,426931.30808359344,13.807937530713104,-0.0016866162768565118,0.005924040509853512,-0.0038176821597879496,0,0.0011964000909652284,-0.006042148396893374,-0.0038176821597879496,908_GSL_1
20825,62,2026-02-12 18:27:04.690000+00:00,124390.61207403791,426780.88317220414,7.4449311388268065,0.0013938248885096982,0.003926996141672134,0.0001332652444778759,0,0.0007557161946783257,-0.004097918929119732,0.0001332652444778759,19_P6_1
20826,72,2026-02-12 18:27:19.390000+00:00,124390.52392839344,426780.8872350972,10.987695723614177,-3.130942059215158e-05,0.00030416547087952495,0.0006104020474193561,0,-7.913843753013487e-05,-0.00029535406074484286,0.0006104020474193561,18_P6_1
20827,138,2026-02-12 18:30:20.530000+00:00,123928.08206837652,426940.4290284013,7.118032166376967,-0.0045505021553253755,-0.0026927507133223116,9.610277903959741e-05,0,0.0006564758741181264,-0.005246619454126585,9.610277903959741e-05,905_GSL_1
20828,139,2026-02-12 18:30:20.570000+00:00,123928.08679697332,426940.43178141455,7.13177537035124,-7.295036630239338e-05,0.0006774019566364586,-0.004826460388016152,0,0.0002924885327466626,0.0006153418765290239,-0.004826460388016152,905_GSL_1
20829,134,2026-02-12 18:30:20.940000+00:00,123855.61678937462,426533.0733827108,6.064930332513606,0.0023272332036867738,-0.0009153511491604149,0.019087413615825888,0,-0.002463020057223944,-0.0004329137423599008,0.019087413615825888,904_GSL_1
20830,130,2026-02-12 18:30:28.430000+00:00,124898.93973095473,426720.7661962565,4.1268521366350175,0.0013579574733739719,-0.0034804422757588327,0.036789404164823125,0,0.002595691373861382,0.002686989621498966,0.036789404164823125,901_GSL_1
20831,153,2026-02-12 18:30:30.940000+00:00,124370.27683261006,426819.49828929396,9.738564267716969,0.002993805188452825,-0.0008338032639585435,0.012483790603980083,0,1.753916858291432e-05,-0.003107698467831201,0.012483790603980083,29_KW_1
20832,125,2026-02-12 18:30:36.330000+00:00,124339.65794961939,426609.5915039529,6.671514053503451,8.405576227232814e-05,0.0002701064804568887,-0.0020018846256633083,0,0.00027944461143978477,4.3972617539298986e-05,-0.0020018846256633083,17_P5_1
20833,143,2026-02-12 18:30:37.280000+00:00,124266.91854894112,427056.31524127524,7.107332807122558,-0.0010184869752265513,0.0010143992258235812,0.0017910688997799795,0,0.0013247427075811877,-0.0005580127836959245,0.0017910688997799795,906_GSL_1
20834,137,2026-02-12 18:30:37.960000+00:00,123928.08662889953,426940.43020870496,7.148556786068732,-0.0027703623491106555,-0.0036198660964146256,0.025693095103202168,0,-0.0013115354297207713,-0.004365571316326092,0.025693095103202168,905_GSL_1
20835,136,2026-02-12 18:30:47.640000+00:00,123855.61508751757,426533.07457983174,6.041180331343601,-0.0006825942255090922,0.0004713056259788573,0.018887788906862824,0,0.0002778629825779567,0.0007815727942364436,0.018887788906862824,904_GSL_1
20836,132,2026-02-12 18:30:50.960000+00:00,124806.22167675359,426258.50371276925,4.626517416514519,0.007542465813457966,-0.00142898119520396,0.04388524230419755,0,0.005009939880091051,-0.005816466298475556,0.04388524230419755,903_GSL_1
20837,146,2026-02-12 18:30:51.040000+00:00,124350.92468068482,426607.5128778633,11.37523974200952,-0.001585890116984956,0.0010124664986506104,-0.004081771214563545,0,0.0006546861587713163,-0.001763950653378275,-0.004081771214563545,13_P5_1
20838,152,2026-02-12 18:30:52.810000+00:00,124370.27486322595,426819.4991367109,9.729251070135156,-0.0009084359189728275,-3.332702908664942e-05,0.0003301189072768551,0,0.00017668206713670448,-0.0008917118126951381,0.0003301189072768551,29_KW_1
20839,141,2026-02-12 18:30:55.030000+00:00,124266.9202670982,427056.31573338463,7.107652998770866,0.0016383467591367662,0.00121508160373196,0.023518298507767987,0,0.0011642398599484864,0.0016748578911086472,0.023518298507767987,906_GSL_1
20840,140,2026-02-12 18:31:03.740000+00:00,123928.08596321658,426940.4320323812,7.147392447027635,-0.0015605158841935918,-0.002406295738182962,0.011818740825291663,0,0.0014812584217215085,-0.002455879168952964,0.011818740825291663,905_GSL_1
20841,148,2026-02-12 18:31:06.380000+00:00,124351.0392067114,426607.3994542911,8.012097704655316,-0.0019117032643407583,0.0009983963682316244,-0.003358710557066047,0,0.0005704596425527883,-0.0020798991502492983,-0.003358710557066047,14_P5_1
20842,135,2026-02-12 18:31:07.520000+00:00,123855.61529430856,426533.06939816027,6.06154738910205,0.00164403032977134,-0.007236761040985584,0.040348941983692654,0,0.0027026695429601295,-0.006911521064938636,0.040348941983692654,904_GSL_1
20843,5,2026-02-12 18:31:07.720000+00:00,124424.6179173365,426919.1406391941,8.779052012070832,0.0007145589770516381,-0.005708574957679957,0.011226190064517638,11,-0.005729724373908265,-0.0005183446519231623,0.011226190064517638,TS4
20844,150,2026-02-12 18:31:09.510000+00:00,124401.10308936021,426812.322051889,9.18253062352911,-9.126971417572349e-05,0.0006202999502420425,0.0005166002853016494,0,0.00044197573014949853,-0.0004447017460667501,0.0005166002853016494,27_KW_1
20845,122,2026-02-12 18:31:12.560000+00:00,124329.15298627224,426611.39205435594,8.0980036093406,0.0034353691880824044,1.5447090845555067e-05,0.01433977089820182,0,0.0008862821010781983,0.0033191119457393965,0.01433977089820182,16_P5_1
20846,145,2026-02-12 18:31:19.840000+00:00,124266.91772074244,427056.31597167987,7.1215999735864255,-0.0006030103977536783,0.0012250722502358258,0.013633037294779271,0,0.001291171513421312,0.00044418428723474405,0.013633037294779271,906_GSL_1
20847,120,2026-02-12 18:31:29.060000+00:00,124329.26383015387,426611.3310672449,11.371607145584555,0.003578318704967387,-0.00010784523328766227,0.013575978937682365,0,0.0008057724252508511,0.003488083449025798,0.013575978937682365,15_P5_1
20848,129,2026-02-12 18:31:30.100000+00:00,124898.93972781119,426720.77195400605,4.087468567102798,5.6112403399311006e-05,-0.0005486640729941428,-0.0042161781428156075,0,0.00012064812636044446,0.0005381680930856858,-0.0042161781428156075,901_GSL_1
20849,128,2026-02-12 18:31:30.690000+00:00,124898.93464259809,426720.7825219957,4.070755022140477,-0.005658801412209868,0.013257960905320942,-0.010636908863202343,0,0.0006283083307364059,-0.014401416230057865,-0.010636908863202343,901_GSL_1
20850,133,2026-02-12 18:31:43.090000+00:00,124806.21594211261,426258.50887915195,4.60815547794447,-0.005953980915364809,-0.002604661392979324,0.019998373759904098,0,-0.0008810636862864894,0.006438779115120554,0.019998373759904098,903_GSL_1
20851,6,2026-02-12 18:31:43.290000+00:00,124399.03964903357,426925.07680182,8.565175430051276,0.00047828919196035713,0.001352605118881911,0.017868734229718797,11,-0.0002547335444984247,-0.0014118824243112135,0.017868734229718797,TS5
20852,124,2026-02-12 18:31:45.160000+00:00,124339.66047798816,426609.5911739924,6.688404610074254,0.002712264933506958,0.0009320883546024561,0.013974414241060273,0,0.0017333633986122553,0.0022848678514672113,0.013974414241060273,17_P5_1
20853,154,2026-02-12 18:31:45.360000+00:00,124285.66753192227,426445.56170239963,7.893130253675366,0.0029069222655380145,-0.0021226003882475197,-0.008469746324633043,11,-0.003163309998886589,-0.0017172941847608146,-0.008469746324633043,TS1-1
20854,149,2026-02-12 18:31:47.700000+00:00,124351.04245455371,426607.3975820373,8.012167954858246,0.001142861641710624,0.0008495718357153237,-5.78891095521783e-05,0,-0.0010187650336019307,-0.0009949989158005474,-5.78891095521783e-05,14_P5_1
20855,131,2026-02-12 18:31:53.490000+00:00,124806.2191184752,426258.50515671883,4.60832275885387,0.000573979050386697,-0.001127345662098378,-0.003181713918692708,0,0.0009302817961090956,0.0008572840672512699,-0.003181713918692708,903_GSL_1
20856,3,2026-02-12 18:31:53.690000+00:00,124314.90334510616,426440.7954560713,7.044675943975639,-0.0038942457758821547,-0.0006212122389115393,-0.033753151515445445,11,-0.0038911755500278247,-0.0006401622041445014,-0.033753151515445445,TS2
20857,147,2026-02-12 18:32:04.370000+00:00,124350.92828281956,426607.5109584999,11.371312987282767,0.0017754739674273878,0.0009657597984187305,-0.0029066543896760777,0,-0.001234198509056412,-0.0016005479803795528,-0.0029066543896760777,13_P5_1
20858,126,2026-02-12 18:32:18.490000+00:00,124339.65902751198,426609.5892609703,6.667937671643743,0.0022069078404456377,0.0007708092452958226,-0.002719517491715173,0,-0.0012403085690143685,-0.001981470101334732,-0.002719517491715173,17_P5_1
20859,121,2026-02-12 18:32:34.070000+00:00,124329.25885537922,426611.3290106451,11.351366599117776,-0.0006873904931126162,0.0012941525201313198,-0.0029329229563455073,0,-0.0010514831226206558,0.0010206466960842847,-0.0029329229563455073,15_P5_1
20860,123,2026-02-12 18:32:48.990000+00:00,124329.15152079616,426611.3911655303,8.07691263972902,0.0017641840386204422,0.0008875106577761471,-0.0012030053250455808,0,-0.0013447607101286258,-0.0014462500206685349,-0.0012030053250455808,16_P5_1
20861,4,2026-02-12 18:32:49.190000+00:00,124378.97139754798,426782.74336108525,7.75845503227833,-0.0004204252181807533,0.0021781778195872903,0.0033793273060638285,11,-0.0016111827226084675,-0.0015248954758252586,0.0033793273060638285,TS3
20862,67,2026-02-12 18:36:20.310000+00:00,123855.61740078259,426533.0728684613,6.054102748588519,-0.0005936915549682453,-0.01823424338363111,0.00969460025094282,0,-0.0030549493489713986,-0.01798631107012093,0.00969460025094282,904_GSL_1
20863,68,2026-02-12 18:36:21.020000+00:00,123928.07988658165,426940.4271076792,7.114406538436591,-0.029063780209980905,-0.020627326040994376,-0.004406742603634939,0,0.0014800325948499424,-0.03560897924981484,-0.004406742603634939,905_GSL_1
20864,68,2026-02-12 18:36:21.770000+00:00,123928.08627319655,426940.43012773676,7.130619963038069,-0.022677165310597047,-0.017607268469873816,0.011806681997843071,0,0.01559203549830384,-0.024107222123546122,0.011806681997843071,905_GSL_1
20865,71,2026-02-12 18:36:22.850000+00:00,124806.22329459277,426258.5122159393,4.609297465253314,-0.004467342718271539,-0.0028901927871629596,0.017793802104046463,0,0.00013755458131506983,0.005318970205464754,0.017793802104046463,903_GSL_1
20866,66,2026-02-12 18:36:24.160000+00:00,124898.9395665605,426720.7680452528,4.130403087662199,0.00196089681412559,-0.006159902026411146,0.048116557258434334,0,0.0041857406590145125,0.004926366249692038,0.048116557258434334,901_GSL_1
20867,68,2026-02-12 18:36:37.910000+00:00,123928.08628474086,426940.42789820425,7.135382481325555,-0.022665620999759994,-0.019836800987832248,0.016569200285329266,0,-0.0028051652852268526,-0.02998933304457073,0.016569200285329266,905_GSL_1
20868,69,2026-02-12 18:36:38.500000+00:00,124266.91824956753,427056.3151100108,7.1036909345460355,-0.02434762912162114,0.0002716267481446266,0.013189563618603017,0,0.009478061313716844,-0.022428713263755135,0.013189563618603017,906_GSL_1
20869,67,2026-02-12 18:36:40.090000+00:00,123855.61638604893,426533.07641436596,6.045765065960458,-0.0016084252129076049,-0.01468833873514086,0.0013569176228820368,0,0.009897357510988934,-0.010971628902010274,0.0013569176228820368,904_GSL_1
20870,71,2026-02-12 18:36:46.570000+00:00,124806.22393803044,426258.50546091807,4.631346142806975,-0.00382390504819341,-0.00964521401328966,0.039842479657707486,0,0.006439223923739356,0.008135649847412375,0.039842479657707486,903_GSL_1
20871,66,2026-02-12 18:36:51.340000+00:00,124898.9379449891,426720.77629135695,4.074989833259818,0.00033932541555259377,0.002086202148348093,-0.007296697143946318,0,0.0012078125004864161,-0.001734523019472757,-0.007296697143946318,901_GSL_1
20872,69,2026-02-12 18:36:54.160000+00:00,124266.92302566135,427056.3140338694,7.095003396092874,-0.019571535303839482,-0.0008045146241784096,0.0045020251654417365,0,-0.00020437955958940972,-0.019586997394332145,0.0045020251654417365,906_GSL_1
20873,68,2026-02-12 18:36:56.110000+00:00,123928.08859147048,426940.4347798039,7.153597151000618,-0.020358891371870413,-0.01295520132407546,0.03478386996039173,0,0.019925429525505106,-0.013612455967351207,0.03478386996039173,905_GSL_1
20874,66,2026-02-12 18:36:59.590000+00:00,124898.94049180519,426720.77922453976,4.087220391046241,0.002886141504859552,0.005019384960178286,0.004933860642476695,0,0.0022718706714269458,-0.0053256588152872705,0.004933860642476695,901_GSL_1
20875,67,2026-02-12 18:37:03.110000+00:00,123855.61722122392,426533.06564740755,6.0639257698215125,-0.0007732502272119746,-0.025455297145526856,0.019517621483936765,0,0.01493160241027222,-0.020630494859370286,0.019517621483936765,904_GSL_1
20876,71,2026-02-12 18:37:11.510000+00:00,124806.21955673162,426258.50549732917,4.622724605447405,-0.00820520386332646,-0.009608802909497172,0.031220942298137544,0,-0.004350619876649317,0.011862823040120452,0.031220942298137544,903_GSL_1
20877,69,2026-02-12 18:37:12.890000+00:00,124266.92032673673,427056.3167053715,7.129097833233935,-0.022270459929131903,0.0018669874407351017,0.03859646230650249,0,0.017114724833987866,-0.014371681231359517,0.03859646230650249,906_GSL_1
20878,66,2026-02-12 18:37:15.580000+00:00,124898.94502424978,426720.7646995835,4.08818676267836,0.0074185861012665555,-0.009505571273621172,0.005900232274595574,0,0.002876476872566961,0.01170970476918119,0.005900232274595574,901_GSL_1
20879,149,2026-02-12 18:37:36.390000+00:00,124351.04212478637,426607.39753293945,8.011921958820844,0.0008130943024298176,0.0008004739647731185,-0.0003038851469536752,0,-0.0009184067861894603,-0.0006770597373973543,-0.0003038851469536752,14_P5_1
20880,110,2026-02-12 18:37:43.410000+00:00,124434.2624949057,426963.9725179192,6.504516589250273,0.12204202184511814,0.03809007728705183,-2.2398565832243316,0,0.0626348276214363,0.11145397010699455,-2.2398565832243316,35_P9_0
20881,147,2026-02-12 18:37:52.990000+00:00,124350.9269120842,426607.5110799782,11.371478164610865,0.0004047386028105393,0.0010872380807995796,-0.0027414770615781237,0,-0.0011375364570285558,-0.00022783939491822144,-0.0027414770615781237,13_P5_1
20882,111,2026-02-12 18:37:55.820000+00:00,124434.26253878226,426963.97255955875,6.5045140594521955,0.0008480229444103315,-0.005504220607690513,0.0432215498374271,0,-0.005202841999574301,0.001986459800710041,0.0432215498374271,36_P9_0
20883,164,2026-02-12 18:37:56.340000+00:00,124091.0560163329,427154.2049810915,9.839925398882759,-0.039312118460657075,0.010250150051433593,0.025291867253361744,0,0.020293174044706815,-0.03519510365282189,0.025291867253361744,907_GSL_1
20884,102,2026-02-12 18:38:03.500000+00:00,124282.39470707107,426301.793924559,6.902178749503628,0.0014181252481648698,0.00036669441033154726,-0.0011192342631076713,0,-0.0006800169818276491,-0.001297351499971033,-0.0011192342631076713,02_P1_0
20885,160,2026-02-12 18:38:04.580000+00:00,124421.81348325906,426965.61956616835,5.613069718055808,0.002277098421473056,0.0009281297097913921,0.020888488168469443,0,0.001924355247070018,0.0015308360011270403,0.020888488168469443,38a_P9_0
20886,126,2026-02-12 18:38:07.710000+00:00,124339.65830943393,426609.5893689343,6.668541761403311,0.001488829788286239,0.0008787732222117484,-0.0021154277321464576,0,-0.0011866037737283336,-0.0012573098260725332,-0.0021154277321464576,17_P5_1
20887,122,2026-02-12 18:38:13.940000+00:00,124329.1535432249,426611.39016302297,8.086192989428596,0.003992321842815727,-0.0018758858786895871,0.0025291509861986583,0,-0.0008019574359931899,0.00433756219521355,0.0025291509861986583,16_P5_1
20888,103,2026-02-12 18:38:16.970000+00:00,124282.31364120278,426301.79771751026,9.296323921132718,0.0019227956217946485,0.00027335702907294035,-0.0016275646583956416,0,-0.0007050819667040611,-0.0018096205372301083,-0.0016275646583956416,01_P1_0
20889,121,2026-02-12 18:38:22.350000+00:00,124329.25843492596,426611.3292946384,11.351645126159912,-0.0011078437528340146,0.001578145835082978,-0.002654395914209573,0,-0.0012071303571316633,0.0015035618904369337,-0.002654395914209573,15_P5_1
20890,162,2026-02-12 18:38:23.240000+00:00,124402.99750025611,426879.64854535414,6.565232416608595,0.0020721277978736907,0.0008117662509903312,0.020559373318027596,0,-0.000628953832129846,-0.0021347353779841076,0.020559373318027596,34a_P7_0
20891,120,2026-02-12 18:38:29.650000+00:00,124329.2640450564,426611.32931533916,11.359293196725371,0.0037932212435407564,-0.0018597509479150176,0.001262030078498455,0,-0.0008338886902851952,0.004141476867366776,0.001262030078498455,15_P5_1
20892,100,2026-02-12 18:38:30.340000+00:00,124292.48578241408,426345.93026842206,7.585621422147377,0.002059140766505152,3.3442338462919e-05,-0.0028781468217209394,0,-0.0005061383859675542,-0.0019962472343213033,-0.0028781468217209394,06_P2_0
20893,123,2026-02-12 18:38:37.290000+00:00,124329.14970447651,426611.3918496352,8.076807386290032,-5.213561234995723e-05,0.001571615575812757,-0.0013082587640340648,0,-0.001494566398826984,0.0004888403826503184,-0.0013082587640340648,16_P5_1
20894,101,2026-02-12 18:38:43.690000+00:00,124292.40643942682,426345.8834183526,10.214598187313339,0.0011205559858353809,2.4826673325151205e-05,-0.0010203102869450476,0,-0.0002826123786874434,-0.0010846162106996748,-0.0010203102869450476,05_P2_0
20895,124,2026-02-12 18:38:44.570000+00:00,124339.66007751477,426609.58937056235,6.675956860013082,0.002311791540705599,-0.0008713416755199432,0.0015266641798890035,0,-0.00010487695265919702,0.002468322764141025,0.0015266641798890035,17_P5_1
20896,118,2026-02-12 18:38:53.790000+00:00,124372.26099286193,426775.1134537879,6.166542797428951,0.0009654999448684976,0.0007892891298979521,0.0010107284385894033,0,-0.0012303117934026062,-0.00020371638405047567,0.0010107284385894033,22_P6_1
20897,161,2026-02-12 18:38:54.470000+00:00,124402.9916085395,426879.6419645168,6.585339814124419,0.0002047929010586813,-0.005542370199691504,0.043715493300696906,0,0.004762864717330975,-0.002841641646505801,0.043715493300696906,34a_P7_0
20898,98,2026-02-12 18:38:56.640000+00:00,124302.6617499559,426390.0782611554,7.978305493222481,0.0009043223544722423,0.0003491468378342688,-0.0007453019083891732,0,-0.0005515944929399483,-0.0007971486376618921,-0.0007453019083891732,10_P3_0
20899,170,2026-02-12 18:39:00.030000+00:00,124669.37494030071,426931.31040997274,13.795641632061669,-0.01310651576204691,0.01191300101345405,0.009451501390280725,0,0.0012234628838991531,-0.017669280889132485,0.009451501390280725,908_GSL_1
20900,99,2026-02-12 18:39:09.690000+00:00,124302.53898840761,426390.1351694433,11.087178157491202,0.0009081164462259039,0.0003531513502821326,-0.0005770452581650432,0,-0.0005584110421787164,-0.0007984788438555766,-0.0005770452581650432,09_P3_0
20901,74,2026-02-12 18:39:10.790000+00:00,124369.34724845839,426785.7286538439,7.230644949887744,0.0009352490887977183,0.0021875472157262266,0.0005911151306721152,0,-0.0002454006579771401,0.002366396457948861,0.0005911151306721152,21_P6_1
20902,92,2026-02-12 18:39:18.950000+00:00,124278.3182907836,426395.63645853475,11.102083816849843,0.004314981022616848,-0.0018320904346182942,0.0002948336226236137,0,0.0011837353196797059,-0.004535899831246958,0.0002948336226236137,11_P3_0
20903,153,2026-02-12 18:39:23.420000+00:00,124370.27673669465,426819.4989625138,9.745561759334395,0.0028978897753404453,-0.0001605834113433957,0.019481282221406104,0,-0.0006068569927658129,-0.0028381819484227244,0.019481282221406104,29_KW_1
20904,166,2026-02-12 18:39:26.500000+00:00,124091.0580995983,427154.2082821397,9.826466767741188,-0.014181237391312607,0.01925416011363268,-0.0033868513216166463,0,0.022616508094718026,-0.007766835728385172,-0.0033868513216166463,907_GSL_1
20905,73,2026-02-12 18:39:30.900000+00:00,124369.49099369094,426785.7023713889,11.406260528332217,0.0016541265067644417,0.005904734716750681,0.00020591226914135063,0,0.00017735838268529818,0.0061294837123262455,0.00020591226914135063,20_P6_1
20906,93,2026-02-12 18:39:32.970000+00:00,124278.27222211838,426395.78945134964,7.949249585935139,0.00409853870223742,-0.0018987528746947646,0.0005240656556209089,0,0.0012754009038264142,-0.0043332014155146766,0.0005240656556209089,12_P3_0
20907,125,2026-02-12 18:39:41.180000+00:00,124339.65810495788,426609.59137489717,6.673322612367174,0.00023939425591379404,0.00014105072477832437,-0.00019332576194042161,0,0.00017429459077554054,0.00021639388242599786,-0.00019332576194042161,17_P5_1
20908,94,2026-02-12 18:39:47.660000+00:00,124268.22776969848,426351.55421618547,10.215330956088275,0.003547199390595779,-0.0017568350303918123,0.0008370167973144049,0,0.001080192901263486,-0.003808185412596771,0.0008370167973144049,07_P2_0
20909,146,2026-02-12 18:39:55.530000+00:00,124350.92543280729,426607.5127748202,11.376645758950044,-0.0008337676554219797,0.0009094233973883092,-0.0026757542740387663,0,0.0007128182705599993,-0.0010070300552123613,-0.0026757542740387663,13_P5_1
20910,152,2026-02-12 18:39:58.180000+00:00,124370.27514866125,426819.4993987797,9.729460621270865,-0.0006230006110854447,0.0002287417883053422,0.0005396700429862733,0,0.00036600838073067206,-0.0005536157804514561,0.0005396700429862733,29_KW_1
20911,95,2026-02-12 18:40:02.260000+00:00,124268.11445175203,426351.5472325117,7.195122392856466,0.0049038497963920236,-0.001958498323801905,0.0014515346113457284,0,0.0010249230059291982,-0.005180057079012356,0.0014515346113457284,08_P2_0
20912,148,2026-02-12 18:40:10.770000+00:00,124351.04036486325,426607.39921106905,8.014314435947734,-0.0007535514159826562,0.0007551743183284998,-0.0011419792646485405,0,0.000578274082256773,-0.0008965082673252196,-0.0011419792646485405,14_P5_1
20913,117,2026-02-12 18:40:13.090000+00:00,124377.68059408439,426815.90642516507,7.618232889747162,0.0005769403069280088,0.0007191265467554331,0.0007978495747025249,0,0.0006961511833242208,0.0006044639261054924,0.0007978495747025249,26_KW_0
20914,96,2026-02-12 18:40:16.540000+00:00,124258.0661587825,426307.35067492654,9.307226655745323,0.005180586071219295,-0.0017346504027955234,0.0026810475694318825,0,0.0006862994939888744,-0.005420007109384697,0.0026810475694318825,03_P1_0
20915,168,2026-02-12 18:40:26.670000+00:00,124669.37448347246,426931.31078087696,13.791394860357835,-0.0022484988876385614,0.0030403045821003616,-0.00994515957739317,0,0.0011472033715894056,-0.0036032101831375593,-0.00994515957739317,908_GSL_1
20916,116,2026-02-12 18:40:27.110000+00:00,124377.68773806158,426815.9007008254,10.006159275276566,0.0003781700070248917,0.0006392617942765355,0.0010995199994425775,0,0.0006241614418131625,0.00040260488122795577,0.0010995199994425775,25_KW_0
20917,97,2026-02-12 18:40:31.330000+00:00,124257.99275183455,426307.39002844837,6.83977731407712,0.004881625674897805,-0.0018242562655359507,0.0027151234810194325,0,0.0008298290967156933,-0.005144857998274844,0.0027151234810194325,04_P1_0
20918,115,2026-02-12 18:40:41.970000+00:00,124396.29001353557,426811.63478875696,7.648088943402856,-7.722423470113426e-05,0.0008744205115363002,0.001816650629809402,0,0.0007102793153715398,-0.0005158275948181887,0.001816650629809402,24_KW_0
20919,114,2026-02-12 18:40:55.310000+00:00,124396.29927425383,426811.6302168687,9.991673550183299,0.00025360881409142166,0.0006781129050068557,0.000989472533115432,0,0.0007119703279238462,-0.00013134989409095514,0.000989472533115432,23_KW_0
20920,150,2026-02-12 18:41:10.290000+00:00,124401.10308407969,426812.32199822506,9.182429530547592,-9.655024041421711e-05,0.0005666360375471413,0.00041550730378325795,0,0.00039584502907328173,-0.0004167793912001182,0.00041550730378325795,27_KW_1
20921,119,2026-02-12 18:41:25.510000+00:00,124400.81472060177,426811.3435622069,3.9848078213856355,0.0005692146951332688,0.0004333255928941071,0.0012736922994527333,0,0.0006898700985550463,0.0001893559762255745,0.0012736922994527333,28_KW_1
20922,169,2026-02-12 18:41:41.970000+00:00,124669.37701768549,426931.30839919223,13.810008542318082,-0.002059762831777334,0.006239639304112643,-0.001746670554810592,0,0.001007928551814787,-0.006493057954695555,-0.001746670554810592,908_GSL_1
20923,62,2026-02-12 18:41:59.710000+00:00,124390.61154997417,426780.88335964404,7.445050136185014,0.0008697611483512446,0.004114436043892056,0.0002522626026850716,0,0.00020861627099500683,-0.004200184241903625,0.0002522626026850716,19_P6_1
20924,72,2026-02-12 18:42:13.970000+00:00,124390.52418891406,426780.88741779135,10.987620526804639,0.00022921120398677886,0.0004868596442975104,0.0005352052378810868,0,0.0001491209755658372,-0.0005170425745766591,0.0005352052378810868,18_P6_1
20925,130,2026-02-12 18:45:20.980000+00:00,124898.93925268542,426720.76726680325,4.12606790620143,0.0008796881593298167,-0.0024098955327644944,0.03600517373123591,0,0.0017413985238892982,0.0018838733814934379,0.03600517373123591,901_GSL_1
20926,138,2026-02-12 18:45:21.110000+00:00,123928.08823065643,426940.43344056705,7.118796690086886,0.0016117777558974922,0.0017194150132127106,0.0008606264889587933,0,0.0003728931995373214,0.0023270509628725454,0.0008606264889587933,905_GSL_1
20927,139,2026-02-12 18:45:21.390000+00:00,123928.08746834664,426940.43371081795,7.134247977096797,0.0005984229501336813,0.0026068053557537496,-0.002353853642459214,0,0.0002957007077353998,0.002658214679343622,-0.002353853642459214,905_GSL_1
20928,134,2026-02-12 18:45:21.660000+00:00,123855.61692777452,426533.0700571832,6.054804304204831,0.002465633107931353,-0.004240878741256893,0.008961385307050485,0,-0.0032617716479605642,-0.0036640476030658353,0.008961385307050485,904_GSL_1
20929,133,2026-02-12 18:45:25.010000+00:00,124806.2240669988,426258.5129258699,4.608670169206981,0.0021709052671212703,0.0014420565566979349,0.020513065022415233,0,-9.892647251342825e-05,-0.002604336833930363,0.020513065022415233,903_GSL_1
20930,125,2026-02-12 18:45:37.450000+00:00,124339.65931724371,426609.59129684046,6.672714126350028,0.0014516800874844193,6.299401866272092e-05,-0.0008018117790857815,0,0.0002729694309042955,0.0014271758870503088,-0.0008018117790857815,17_P5_1
20931,143,2026-02-12 18:45:37.690000+00:00,124266.91928854072,427056.3155373757,7.104454422209699,-0.00027888736804015934,0.0013104996760375798,-0.0010873160130788762,0,0.001318424160723691,0.00023863213816877158,-0.0010873160130788762,906_GSL_1
20932,137,2026-02-12 18:45:38.950000+00:00,123928.0839747906,426940.4262295556,7.135700786475887,-0.005424471281003207,-0.007599015429150313,0.012837095510357166,0,-0.0029823845577570704,-0.008847333299957974,0.012837095510357166,905_GSL_1
20933,132,2026-02-12 18:45:41.380000+00:00,124806.22142973845,426258.5041147645,4.633380422732043,0.00729545067588333,-0.0010269859340041876,0.050748248521721884,0,0.004538294876978182,-0.005803635092119644,0.050748248521721884,903_GSL_1
20934,153,2026-02-12 18:45:41.610000+00:00,124370.27775114893,426819.49884613545,9.74596520062796,0.0039123440510593355,-0.00027696177130565047,0.019884723514971725,0,-0.0007612498581086814,-0.003847550188126679,0.019884723514971725,29_KW_1
20935,146,2026-02-12 18:45:52.310000+00:00,124350.92642796569,426607.51255832694,11.376702275654896,0.0001613907516002655,0.0006929301307536662,-0.0026192375691866943,0,0.0007113853343605403,1.1403809237874177e-05,-0.0026192375691866943,13_P5_1
20936,141,2026-02-12 18:45:55.660000+00:00,124266.91835600918,427056.31369142677,7.095758241379642,-0.00027274226886220276,-0.0008268762612715364,0.011623541116543734,0,-0.0008181182195355493,-0.0002979853612889045,0.011623541116543734,906_GSL_1
20937,152,2026-02-12 18:45:56.900000+00:00,124370.27532103879,426819.49935241626,9.72916722115287,-0.00045062307617627084,0.00018237833864986897,0.00024626992499143796,0,0.00028121018242187275,-0.000396539844774152,0.00024626992499143796,29_KW_1
20938,136,2026-02-12 18:45:57.590000+00:00,123855.61565859904,426533.0776766019,6.0461725582512,-0.00011151275248266757,0.003568075771909207,0.023880015814461863,0,-0.001996990930275739,0.0029589908807646204,0.023880015814461863,904_GSL_1
20939,135,2026-02-12 18:45:57.620000+00:00,123855.6160026734,426533.0673687921,6.061861676007231,0.0023523951676907018,-0.009266129229217768,0.040663228888873526,0,0.003255896752513002,-0.008988551065356069,0.040663228888873526,904_GSL_1
20940,5,2026-02-12 18:45:57.820000+00:00,124424.61818869595,426919.1406249094,8.774549899631905,0.00098591843561735,-0.00572285964153707,0.0067240776255914625,11,-0.005801000769281142,0.00026748404293258665,0.0067240776255914625,TS4
20941,148,2026-02-12 18:46:07.520000+00:00,124351.04037518981,426607.3992176512,8.012799900043309,-0.0007432248530676588,0.0007617564988322556,-0.0026565151690736144,0,0.000586895704052864,-0.0008878116795215707,-0.0026565151690736144,14_P5_1
20942,122,2026-02-12 18:46:11.760000+00:00,124329.15294863029,426611.390370905,8.085961860764682,0.003397727239644155,-0.0016680038534104824,0.0022980223222841545,0,-0.0007516823478442023,0.0037096847437419174,0.0022980223222841545,16_P5_1
20943,140,2026-02-12 18:46:13.600000+00:00,123928.08895361255,426940.43393881427,7.157154670196613,0.0014298800815595314,-0.0004998626536689699,0.021580963994269453,0,-0.001445412164888412,-0.00045299381206178826,0.021580963994269453,905_GSL_1
20944,150,2026-02-12 18:46:13.870000+00:00,124401.1031091459,426812.32198280125,9.182360493522381,-7.148402801249176e-05,0.0005512122297659516,0.00034647027857204193,0,0.00039851293349907617,-0.00038746913469127304,0.00034647027857204193,27_KW_1
20945,128,2026-02-12 18:46:25.830000+00:00,124898.93878593147,426720.77387658483,4.078144022937591,-0.0015154680295381695,0.004612550023011863,-0.003247908066088101,0,0.0006273305184951258,-0.004814428053663662,-0.003247908066088101,901_GSL_1
20946,120,2026-02-12 18:46:27.260000+00:00,124329.26437513715,426611.3292174807,11.359821500623195,0.004123301987419836,-0.0019576093764044344,0.0017903339763218895,0,-0.0008445815953478945,0.004485592009851825,0.0017903339763218895,15_P5_1
20947,145,2026-02-12 18:46:30.370000+00:00,124266.92009789494,427056.31681712635,7.127944823054738,0.0017741421033861116,0.0020705187343992293,0.0199778867630922,0,0.00020044990258919236,0.0027192734082944776,0.0199778867630922,906_GSL_1
20948,6,2026-02-12 18:46:30.570000+00:00,124399.03988282806,426925.07602457993,8.554450848620986,0.0007120836817193776,0.0005753650330007076,0.007144152799428483,11,-0.0007798429784094945,-0.00047953416979016,0.007144152799428483,TS5
20949,124,2026-02-12 18:46:41.580000+00:00,124339.66046359015,426609.58929323027,6.675567621230016,0.0026978669193340465,-0.0009486737544648349,0.0011374253968226,0,-5.7625570568400704e-05,0.002859221415082094,0.0011374253968226,17_P5_1
20950,154,2026-02-12 18:46:41.780000+00:00,124285.66583496725,426445.5634626767,7.892750963958418,0.0012099672458134592,-0.0003623233060352504,-0.008849036041580938,11,-0.001190853124566881,0.0004209129954598908,-0.008849036041580938,TS1-1
20951,131,2026-02-12 18:46:46.820000+00:00,124806.21592160725,426258.4966035318,4.6196308801317665,-0.0026228889037156478,-0.009680532675702125,0.008126407359204002,0,0.0009082903214484204,0.009988356610500765,0.008126407359204002,903_GSL_1
20952,3,2026-02-12 18:46:47.020000+00:00,124314.90373287651,426440.79476295644,7.047647180665978,-0.0035064754192717373,-0.0013143271207809448,-0.030781914825106504,11,-0.0037442375965735437,5.924919225110521e-05,-0.030781914825106504,TS2
20953,149,2026-02-12 18:46:52.990000+00:00,124351.04087975665,426607.39783149643,8.011230247584253,-0.00043193541932851076,0.0010990309529006481,-0.00099559638354485,0,-0.0010174070344111947,0.0005994332058159784,-0.00099559638354485,14_P5_1
20954,147,2026-02-12 18:47:08.460000+00:00,124350.92710681082,426607.51120451745,11.371660424038103,0.0005994652310619131,0.0012117773294448853,-0.002559217634340527,0,-0.0012912830015845479,-0.0004004385960762171,-0.002559217634340527,13_P5_1
20955,126,2026-02-12 18:47:24.370000+00:00,124339.65773597559,426609.5895533534,6.668071960290097,0.0009153714490821585,0.0010631923214532435,-0.002585228845361165,0,-0.0012394767170256292,-0.0006572520598242931,-0.002585228845361165,17_P5_1
20956,121,2026-02-12 18:47:41.460000+00:00,124329.25832193648,426611.3292850762,11.352109297838334,-0.0012208332336740568,0.0015685835969634354,-0.002190224235787852,0,-0.0011664757977197253,0.001609416819360334,-0.002190224235787852,15_P5_1
20957,123,2026-02-12 18:47:56.700000+00:00,124329.14960291774,426611.3917758727,8.077259799576261,-0.00015369438915513456,0.0014978530234657228,-0.0008558454778047064,0,-0.0013953828295355582,0.0005657670935999343,-0.0008558454778047064,16_P5_1
20958,4,2026-02-12 18:47:56.900000+00:00,124378.97176962298,426782.7430221202,7.758839845188375,-4.835022264160216e-05,0.001839212782215327,0.0037641402161092685,11,-0.0011112762316402953,-0.001466324159006146,0.0037641402161092685,TS3
20959,68,2026-02-12 18:51:20.830000+00:00,123928.08451189849,426940.43056127214,7.120438615614176,-0.024438463369733654,-0.017173733096569777,0.0016253345739496439,0,0.001379621604788199,-0.029837430260892632,0.0016253345739496439,905_GSL_1
20960,67,2026-02-12 18:51:22.430000+00:00,123855.61590679383,426533.0745837442,6.0518487943035195,-0.0020876803173450753,-0.016518960474058986,0.007440645965943737,0,-0.0012488204281369704,-0.01660346083770552,0.007440645965943737,904_GSL_1
20961,68,2026-02-12 18:51:23.070000+00:00,123928.08747699321,426940.4337238714,7.1312901150376735,-0.02147336864436511,-0.014011133811436594,0.012476833997447478,0,0.015643087441455615,-0.020315295885557708,0.012476833997447478,905_GSL_1
20962,66,2026-02-12 18:51:24.870000+00:00,124898.93977422264,426720.76708813553,4.120926906125149,0.002168558959965594,-0.007117019267752767,0.03864037572138468,0,0.0047466092787999065,0.005729250524704066,0.03864037572138468,901_GSL_1
20963,71,2026-02-12 18:51:26.200000+00:00,124806.22022598621,426258.50942632643,4.5977388201023395,-0.007535949276643805,-0.005679805646650493,0.006235156953072085,0,0.0009184434681053935,0.009391868039946348,0.006235156953072085,903_GSL_1
20964,69,2026-02-12 18:51:40.600000+00:00,124266.91961526932,427056.31567236374,7.104944879282688,-0.02298192733724136,0.0008339796913787723,0.014443508355255652,0,0.009480929195408995,-0.020951765745433372,0.014443508355255652,906_GSL_1
20965,71,2026-02-12 18:51:42.010000+00:00,124806.22358967087,426258.5051307705,4.62014257399323,-0.004172264612861909,-0.009975361579563469,0.02863891084396286,0,0.006550858235310096,0.00860243494736465,0.02863891084396286,903_GSL_1
20966,67,2026-02-12 18:51:42.900000+00:00,123855.61481138798,426533.0789240717,6.033376966349326,-0.003183086169883609,-0.01217863301280886,-0.011031181988249372,0,0.009706220948698873,-0.008015011822862225,-0.011031181988249372,904_GSL_1
20967,66,2026-02-12 18:51:46.730000+00:00,124898.94229347899,426720.7665557522,4.077767799000336,0.004687815307988785,-0.007649402599781752,-0.004518731403428511,0,0.0009204736500438549,0.008924219896155447,-0.004518731403428511,901_GSL_1
20968,69,2026-02-12 18:51:55.660000+00:00,124266.91987895069,427056.3154498132,7.094857816462227,-0.02271824596391525,0.000611429160926491,0.0043564455347944175,0,0.0013072671937381529,-0.022688843024269854,0.0043564455347944175,906_GSL_1
20969,67,2026-02-12 18:51:58.450000+00:00,123855.61717656869,426533.0667142745,6.060556776233696,-0.0008179054566426203,-0.024388430174440145,0.01614862789612026,0,0.014369564387246197,-0.019722578812881805,0.01614862789612026,904_GSL_1
20970,68,2026-02-12 18:51:59.310000+00:00,123928.0891843871,426940.4344194149,7.1444284264227855,-0.019765974750043824,-0.013315590331330895,0.02561514538255949,0,0.019321049051376736,-0.013953342511581123,0.02561514538255949,905_GSL_1
20971,66,2026-02-12 18:52:00.890000+00:00,124898.94104908292,426720.77710300207,4.080713126975093,0.003443419234827161,0.0028978472691960633,-0.001573403428671405,0,0.003076293832937153,-0.0032849765715751438,-0.001573403428671405,901_GSL_1
20972,71,2026-02-12 18:52:06.910000+00:00,124806.21696078131,426258.4992518551,4.620281704302814,-0.010801154174259864,-0.01585427700774744,0.02877804115354632,0,-0.004612108696917906,0.018621264304615158,0.02877804115354632,903_GSL_1
20973,66,2026-02-12 18:52:14.830000+00:00,124898.94095944469,426720.7716208361,4.088278812799399,0.0033537810086272657,-0.0025843186886049807,0.005992282395634874,0,0.002001727581021628,0.0037309029509596183,0.005992282395634874,901_GSL_1
20974,69,2026-02-12 18:52:15.210000+00:00,124266.9211025101,427056.316259284,7.118226535126095,-0.021494686559890397,0.0014208999346010387,0.02772516419866289,0,0.016249953501940317,-0.014141411461267218,0.02772516419866289,906_GSL_1
20975,68,2026-02-12 18:52:32.530000+00:00,123928.08767150698,426940.431758114,7.131602615515273,-0.021278854881529696,-0.015976891212631017,0.012789334475047376,0,-0.0004886032230753525,-0.026604736134377405,0.012789334475047376,905_GSL_1
20976,110,2026-02-12 18:52:38.480000+00:00,124434.2626090787,426963.97257918457,6.499827792071514,0.12215619483322371,0.03815134265460074,-2.244545380403091,0,0.06271784108472563,0.11155327557787074,-2.244545380403091,35_P9_0
20977,149,2026-02-12 18:52:38.780000+00:00,124351.0414514028,426607.3976407497,8.012300157384125,0.00013971072621643543,0.0009082842152565718,7.431341632724298e-05,0,-0.0009189533715637308,4.899346468868202e-06,7.431341632724298e-05,14_P5_1
20978,111,2026-02-12 18:52:51.480000+00:00,124434.26268945176,426963.97246195853,6.499876633276927,0.0009986924414988607,-0.005601820826996118,0.03858412366215891,0,-0.005266590779775845,0.0021542527077514544,0.03858412366215891,36_P9_0
20979,147,2026-02-12 18:52:54.770000+00:00,124350.92722677617,426607.5111420264,11.372016737159827,0.0007194305799202994,0.0011492862831801176,-0.0022029045126163993,0,-0.001248535001435797,-0.0005287718508205045,-0.0022029045126163993,13_P5_1
20980,102,2026-02-12 18:52:57.030000+00:00,124282.39543034193,426301.7938582349,6.9020524472404645,0.0021413961076177657,0.00030037027318030596,-0.0012455365262713514,0,-0.0007801504956011282,-0.0020167212982820015,-0.0012455365262713514,02_P1_0
20981,160,2026-02-12 18:53:06.670000+00:00,124421.81337577042,426965.61869175575,5.602323734400953,0.002169609782868065,5.371711449697614e-05,0.010142504513614092,0,0.001109309183940552,0.0018653485660143627,0.010142504513614092,38a_P9_0
20982,126,2026-02-12 18:53:09.020000+00:00,124339.65761814523,426609.58952091535,6.669333969507328,0.0007975410844665021,0.0010307542979717255,-0.00132321962813009,0,-0.0011817550275757642,-0.0005495282149249422,-0.00132321962813009,17_P5_1
20983,103,2026-02-12 18:53:10.360000+00:00,124282.31430902114,426301.797621965,9.296920273403106,0.0025906139781000093,0.0001778117730282247,-0.0010312123880069635,0,-0.000764511707975201,-0.002481616339913049,-0.0010312123880069635,01_P1_0
20984,164,2026-02-12 18:53:12.760000+00:00,124091.0593925791,427154.2078738726,9.840073637125988,-0.03593587226350792,0.013142931158654392,0.025440105496590704,0,0.02218871908927978,-0.031173455053255125,0.025440105496590704,907_GSL_1
20985,100,2026-02-12 18:53:23.900000+00:00,124292.48621278159,426345.9301662468,7.5855380985257845,0.002489508275175467,-6.873294478282332e-05,-0.0029614704433136296,0,-0.0005056847220208778,-0.0024385771736363635,-0.0029614704433136296,06_P2_0
20986,121,2026-02-12 18:53:24.690000+00:00,124329.2593399558,426611.3287719423,11.351651145390331,-0.00020281391334719956,0.0010554497130215168,-0.0026483766837905875,0,-0.0009571942971545805,0.0004887603274194379,-0.0026483766837905875,15_P5_1
20987,162,2026-02-12 18:53:25.510000+00:00,124402.99772267496,426879.6478193504,6.554462643222915,0.0022945466480450705,8.576252730563283e-05,0.009789599932347848,0,0.00011359908513350144,-0.0022933370399924975,0.009789599932347848,34a_P7_0
20988,122,2026-02-12 18:53:28.990000+00:00,124329.15241477822,426611.3918261972,8.085564412979016,0.0028638751682592556,-0.00021271163132041693,0.0019005745366182936,0,0.0005206537810593034,0.0028241718888445196,0.0019005745366182936,16_P5_1
20989,101,2026-02-12 18:53:37.190000+00:00,124292.4071994905,426345.88323829544,10.21460107292582,0.0018806196603691205,-0.0001552304602228105,-0.0010174246744636406,0,-0.0002827180408458468,-0.0018657163000113759,-0.0010174246744636406,05_P2_0
20990,123,2026-02-12 18:53:39.780000+00:00,124329.14986533512,426611.39164888096,8.077991334236765,0.00010872299026232213,0.00137086131144315,-0.00012431081730035487,0,-0.0013467048595073574,0.00027832974185753575,-0.00012431081730035487,16_P5_1
20991,98,2026-02-12 18:53:50.380000+00:00,124302.66217619616,426390.0781566685,7.978218307719992,0.0013305626052897424,0.00024465995375066996,-0.0008324874108787128,0,-0.0005500403053045952,-0.0012360060687978578,-0.0008324874108787128,10_P3_0
20992,161,2026-02-12 18:53:50.480000+00:00,124402.99191990477,426879.6419903461,6.580748644963013,0.0005161581793799996,-0.0055165408994071186,0.03912432413929068,0,0.004590643209172733,-0.003102360018928919,0.03912432413929068,34a_P7_0
20993,118,2026-02-12 18:53:55.690000+00:00,124372.26090436615,426775.1133327339,6.166526940105048,0.000877004160429351,0.0006682351231575012,0.0009948711146865463,0,-0.001080968516681544,-0.00021721312845915668,0.0009948711146865463,22_P6_1
20994,99,2026-02-12 18:54:03.380000+00:00,124302.53931627462,426390.134916243,11.086948731070459,0.001235983450897038,9.99510521069169e-05,-0.0008064716789082382,0,-0.00039017521015206153,-0.001177033818159625,-0.0008064716789082382,09_P3_0
20995,74,2026-02-12 18:54:16.290000+00:00,124369.34714497482,426785.72848241084,7.230605659073137,0.0008317655156133696,0.002016114129219204,0.0005518243160649305,0,-0.0001973334214275206,0.0021720058876044954,0.0005518243160649305,21_P6_1
20996,166,2026-02-12 18:54:20.810000+00:00,124091.05635189399,427154.2075173745,9.828203085987596,-0.01592894170607906,0.018489394919015467,-0.0016505330752085712,0,0.02241001835625122,-0.009663332014344913,-0.0016505330752085712,907_GSL_1
20997,153,2026-02-12 18:54:26.560000+00:00,124370.27804079135,426819.49809997476,9.734745910772357,0.004201986477710307,-0.001023122458718717,0.00866543365936856,0,-0.00011749011229342485,-0.004323154634975272,0.00866543365936856,29_KW_1
20998,73,2026-02-12 18:54:35.600000+00:00,124369.48928108135,426785.69381261803,11.406859010107684,-5.848308501299471e-05,-0.0026540361577644944,0.0008043940446089692,0,-0.0007337117394367875,-0.0025512732666977483,0.0008043940446089692,20_P6_1
20999,125,2026-02-12 18:54:36.180000+00:00,124339.6576069638,426609.59144640283,6.672626098807696,-0.0002585998299764469,0.0002125563914887607,-0.0008898393214176181,0,0.00017278340835914457,-0.0002867053983139621,-0.0008898393214176181,17_P5_1
21000,146,2026-02-12 18:54:50.720000+00:00,124350.92484625339,426607.51285700366,11.376391071467502,-0.001420321554178372,0.0009916068520396948,-0.0029304417565807483,0,0.0006692680623029453,-0.001597710151140375,-0.0029304417565807483,13_P5_1
21001,152,2026-02-12 18:54:59.690000+00:00,124370.27535582306,426819.49933860055,9.7295775979719,-0.00041583880374673754,0.00016856263391673565,0.0006566467440212165,0,0.00025975845374919904,-0.0003658699467847699,0.0006566467440212165,29_KW_1
21002,148,2026-02-12 18:55:06.070000+00:00,124351.03907666594,426607.39938921906,8.014131408833565,-0.0020417487248778343,0.0009333243360742927,-0.0013250063788170507,0,0.00047930293705422455,-0.0021931942153808393,-0.0013250063788170507,14_P5_1
21003,117,2026-02-12 18:55:13.880000+00:00,124377.68067465325,426815.90627784113,7.618149919996277,0.0006575091683771461,0.0005718026077374816,0.0007148798238176823,0,0.0005458060978463788,0.0006792438680393808,0.0007148798238176823,26_KW_0
21004,168,2026-02-12 18:55:23.260000+00:00,124669.37190400247,426931.31270064606,13.791828563087284,-0.00482796887808945,0.004960073682013899,-0.009511456847944189,0,0.0011923427215771137,-0.006818352678844745,-0.009511456847944189,908_GSL_1
21005,116,2026-02-12 18:55:27.890000+00:00,124377.68768271156,426815.9007529044,10.00609936431409,0.00032281999301631004,0.0006913408287800848,0.001039609036967093,0,0.0006783416927819746,0.00034930994440907364,0.001039609036967093,25_KW_0
21006,115,2026-02-12 18:55:42.490000+00:00,124396.29013851895,426811.6347131294,7.647898103383847,4.7759138396941125e-05,0.0007987929275259376,0.001625810610800471,0,0.0007096755757445469,-0.00036974539017751345,0.001625810610800471,24_KW_0
21007,114,2026-02-12 18:55:55.500000+00:00,124396.29932012761,426811.63025999715,9.991515827914924,0.00029948259179946035,0.0007212413474917412,0.0008317502647408048,0,0.0007725528748409784,-0.00011419702140408162,0.0008317502647408048,23_KW_0
21008,150,2026-02-12 18:56:10.690000+00:00,124401.10309174136,426812.32193388656,9.182348958941693,-8.88885697349906e-05,0.0005022975383326411,0.00033493569788412003,0,0.0003489212359184323,-0.0003720994033450162,0.00033493569788412003,27_KW_1
21009,119,2026-02-12 18:56:26.010000+00:00,124400.81463574801,426811.34375238843,3.9847991432563847,0.0004843609349336475,0.0006235071341507137,0.0012650141702019724,0,0.0007895090798743716,6.4864799819409475e-06,0.0012650141702019724,28_KW_1
21010,169,2026-02-12 18:56:42.610000+00:00,124669.37679302758,426931.30857054,13.80849668318551,-0.002284420741489157,0.006410987058188766,-0.0032585296873826053,0,0.0008859572537356056,-0.006747919155485118,-0.0032585296873826053,908_GSL_1
21011,62,2026-02-12 18:57:02.290000+00:00,124390.61108933014,426780.880083913,7.44551027409793,0.0004091171140316874,0.0008387049892917275,0.0007124005156011748,0,0.0002714333026928997,-0.0008928195978167584,0.0007124005156011748,19_P6_1
21012,72,2026-02-12 18:57:16.480000+00:00,124390.52426861298,426780.8876592536,10.98766198049891,0.00030891012283973396,0.0007283219019882381,0.0005766589321520854,0,0.00018952826422863274,-0.0007680867750242194,0.0005766589321520854,18_P6_1
21013,165,2026-02-12 18:57:36.980000+00:00,124091.05950984552,427154.20684442844,9.838011797537785,-0.024270781636005268,0.010692634794395417,-0.012723696188235323,0,0.023319420998038985,-0.01263360140202248,-0.012723696188235323,907_GSL_1
21014,124,2026-02-12 18:57:45.690000+00:00,124339.6594478452,426609.5909417438,6.676157383679133,0.0016821219760458916,0.0006998397875577211,0.001727187845939504,0,0.0011906891534372922,0.0013789740426970176,0.001727187845939504,17_P5_1
21015,170,2026-02-12 18:58:01.660000+00:00,124669.37560639753,426931.3104543416,13.798587568012238,-0.012440418940968812,0.011957369861193001,0.012397437340849748,0,0.0016711163819235276,-0.017174110965702098,0.012397437340849748,908_GSL_1
21016,92,2026-02-12 18:58:18.640000+00:00,124278.31603913469,426395.638294725,11.102402970929877,0.002063332110992633,4.099798388779163e-06,0.0006139877026569707,0,-0.0003046555761894816,-0.0020407207522090813,0.0006139877026569707,11_P3_0
21017,93,2026-02-12 18:58:31.810000+00:00,124278.27022019727,426395.79120626196,7.948755497324636,0.0020966175943613052,-0.00014384055975824594,2.9977045118201318e-05,0,-0.00016596005147175252,-0.0020949827457362137,2.9977045118201318e-05,12_P3_0
21018,94,2026-02-12 18:58:46.570000+00:00,124268.22619454449,426351.55599126144,10.21440616474778,0.0019720454001799226,1.8240942154079676e-05,-8.777454318042999e-05,0,-0.0003776775831680385,-0.0019356279176313328,-8.777454318042999e-05,07_P2_0
21019,95,2026-02-12 18:59:00.360000+00:00,124268.11203139955,426351.5491400694,7.19309980644489,0.0024834973155520856,-5.094060907140374e-05,-0.0005710518002306486,0,-0.00040581416026132217,-0.002450646594133552,-0.0005710518002306486,08_P2_0
21020,96,2026-02-12 18:59:14.050000+00:00,124258.06439702214,426307.3524420609,9.306252540667783,0.0034188257122877985,3.2483949325978756e-05,0.0017069324918921325,0,-0.0007014704016949322,-0.003346246215314996,0.0017069324918921325,03_P1_0
21021,97,2026-02-12 18:59:30.050000+00:00,124257.98964698729,426307.39197058167,6.839155677145804,0.0017767784156603739,0.00011787703260779381,0.0020934865497039823,0,-0.0004645649293928139,-0.0017190159858335398,0.0020934865497039823,04_P1_0
21022,130,2026-02-12 19:00:20.180000+00:00,124898.93932539255,426720.76612063067,4.124606933218262,0.0009523952903691679,-0.003556068113539368,0.03454420074806741,0,0.0022507122614737183,0.0029132407269741147,0.03454420074806741,901_GSL_1
21023,138,2026-02-12 19:00:20.200000+00:00,123928.085404377,426940.4312209306,7.1187248231415605,-0.0012145016808062792,-0.0005002214456908405,0.0007887595436333328,0,0.0003479494385890105,-0.0012665571505446978,0.0007887595436333328,905_GSL_1
21024,139,2026-02-12 19:00:20.470000+00:00,123928.0874239863,426940.4335228059,7.130460224593987,0.0005540626152651384,0.00241879333043471,-0.006141606145268597,0,0.0002755064077338833,0.0024660986955690662,-0.006141606145268597,905_GSL_1
21025,134,2026-02-12 19:00:22.470000+00:00,123855.61593742073,426533.075110263,6.054739702443847,0.001475279321311973,0.0008122010622173548,0.008896783546066267,0,-0.001283697118701536,0.0010900648369684665,0.008896783546066267,904_GSL_1
21026,133,2026-02-12 19:00:29.860000+00:00,124806.23190226076,426258.5168158924,4.577478605405641,0.01000616722740233,0.005332079075742513,-0.01067849877892435,0,0.0006659345500107883,-0.011318612151134673,-0.01067849877892435,903_GSL_1
21027,125,2026-02-12 19:00:36.040000+00:00,124339.65819226124,426609.5914079008,6.672690363950942,0.0003266976127633825,0.00017405435210093856,-0.0008255741781724169,0,0.00021961684614317525,0.00029798437637013016,-0.0008255741781724169,17_P5_1
21028,143,2026-02-12 19:00:37.340000+00:00,124266.91996128137,427056.3156834147,7.105133220720724,0.00039385327545460314,0.0014565386809408665,-0.0004085175020538401,0,0.0011985818796106979,0.0009165297646733382,-0.0004085175020538401,906_GSL_1
21029,132,2026-02-12 19:00:37.660000+00:00,124806.22374189462,426258.5054651833,4.6239399274561475,0.009607606843928806,0.0003234328469261527,0.04130775324582636,0,0.004525414888147487,-0.008481234471709379,0.04130775324582636,903_GSL_1
21030,137,2026-02-12 19:00:39.770000+00:00,123928.08925498454,426940.4329161327,7.133215834194531,-0.00014427733549382538,-0.0009124383796006441,0.010352143229001243,0,-0.0006550747647679687,-0.0006513346287966251,0.010352143229001243,905_GSL_1
21031,153,2026-02-12 19:00:46.710000+00:00,124370.27737807087,426819.498363316,9.735068617616276,0.003539265992003493,-0.0007597812218591571,0.008988140503287667,0,-0.00019735170915557927,-0.00361451567573522,0.008988140503287667,29_KW_1
21032,146,2026-02-12 19:00:50.570000+00:00,124350.92523112895,426607.51284496783,11.375492957582125,-0.0010354459955124184,0.0009795710211619735,-0.0038285556419577205,0,0.0007387892229616245,-0.0012189742733785538,-0.0038285556419577205,13_P5_1
21033,152,2026-02-12 19:00:53.610000+00:00,124370.27564637459,426819.4995231697,9.729161989763014,-0.0001252872752957046,0.0003531317925080657,0.0002410385351350186,0,0.00037248862254760296,-4.0634841005848523e-05,0.0002410385351350186,29_KW_1
21034,135,2026-02-12 19:00:54.140000+00:00,123855.61685788025,426533.06697922427,6.05571566413596,0.003207602014299482,-0.009655697038397193,0.03451721701760224,0,0.0027669298854669385,-0.009791082421691705,0.03451721701760224,904_GSL_1
21035,5,2026-02-12 19:00:54.340000+00:00,124424.61815727132,426919.13928005716,8.779278838483062,0.0009544938075123355,-0.007067711907438934,0.011453016476748346,11,-0.007127157743750659,-0.00025929236554227315,0.011453016476748346,TS4
21036,141,2026-02-12 19:00:56.240000+00:00,124266.91782911128,427056.3153908037,7.090924913417288,-0.0007996401691343635,0.0008725006482563913,0.006790213154189928,0,0.0008966235670284833,-0.0007724946345122245,0.006790213154189928,906_GSL_1
21037,148,2026-02-12 19:01:05.800000+00:00,124351.03942877908,426607.39941326156,8.013885649121717,-0.0016896355809876695,0.0009573668357916176,-0.0015707660906656429,0,0.0005774401117659142,-0.001854179757234169,-0.0015707660906656429,14_P5_1
21038,136,2026-02-12 19:01:07.510000+00:00,123855.61554956184,426533.0776769461,6.037754105082561,-0.0002205499476986006,0.0035684200120158494,0.015461562645822546,0,-0.0019087583745328964,0.003023062210612872,0.015461562645822546,904_GSL_1
21039,150,2026-02-12 19:01:10.800000+00:00,124401.10323759743,426812.3220553583,9.182519397702883,5.69675030419603e-05,0.0006237693014554679,0.0005053744590739484,0,0.0005335631898433581,-0.00032809108534865547,0.0005053744590739484,27_KW_1
21040,122,2026-02-12 19:01:12.580000+00:00,124329.15274488562,426611.39163331426,8.084915467214033,0.0031939825712470338,-0.00040559459012001753,0.0012516287716355379,0,0.00041780889763174425,0.003192407768757648,0.0012516287716355379,16_P5_1
21041,128,2026-02-12 19:01:23.190000+00:00,124898.93772443976,426720.7756679644,4.077386564163367,-0.00257695974141825,0.006403929612133652,-0.004005366840312163,0,0.00044450824331134756,-0.006888646340732041,-0.004005366840312163,901_GSL_1
21042,140,2026-02-12 19:01:23.740000+00:00,123928.08908813608,426940.43423992774,7.145782069528264,0.001564403617521748,-0.00019874918507412076,0.010208363325920011,0,-0.0015700504510251362,-0.00014765330446192069,0.010208363325920011,905_GSL_1
21043,120,2026-02-12 19:01:28.380000+00:00,124329.2628844325,426611.3308241042,11.359073878445066,0.0026325973303755745,-0.0003509859088808298,0.0010427117981937073,0,0.00033012263800872286,0.002635294832842744,0.0010427117981937073,15_P5_1
21044,129,2026-02-12 19:01:28.690000+00:00,124898.93991951448,426720.77089361585,4.086354500809875,0.0002478156966390088,-0.001609054277651012,-0.005330244435738152,0,0.00043649304972439543,0.0015684202579251496,-0.005330244435738152,901_GSL_1
21045,145,2026-02-12 19:01:39.570000+00:00,124266.92062457565,427056.3157803136,7.117767469376542,0.002300822816323489,0.0010337060084566474,0.00980053308489559,0,-0.0009038858601184056,0.0023548511833897563,0.00980053308489559,906_GSL_1
21046,6,2026-02-12 19:01:39.770000+00:00,124399.03974855925,426925.07531643147,8.554310458039765,0.0005778148770332336,-0.00013278343249112368,0.007003762218207754,11,-0.00036598583187193347,-0.00046642881872164014,0.007003762218207754,TS5
21047,131,2026-02-12 19:01:41.290000+00:00,124806.21663265464,426258.4992116649,4.624635321895289,-0.0019118415075354278,-0.007072399603202939,0.013130849122726218,0,0.0006676919611404526,0.007295763259752118,0.013130849122726218,903_GSL_1
21048,3,2026-02-12 19:01:41.490000+00:00,124314.9042392121,426440.7947394712,7.044776485060266,-0.003000139826326631,-0.0013378123403526843,-0.03365261043081791,11,-0.003275255537247252,0.00025155914064555395,-0.03365261043081791,TS2
21049,124,2026-02-12 19:01:42.780000+00:00,124339.65940445225,426609.59073764033,6.675664455469549,0.0016387290233979002,0.0004957363125868142,0.0012342596363552616,0,0.0009832512008245014,0.0014015721101038588,0.0012342596363552616,17_P5_1
21050,154,2026-02-12 19:01:42.980000+00:00,124285.66503195284,426445.56392274366,7.891692326722561,0.00040695283678360283,9.774364298209548e-05,-0.009907673277438356,11,-0.00036181013099569135,0.00021037552190907022,-0.009907673277438356,TS1-1
21051,149,2026-02-12 19:01:45.770000+00:00,124351.0408606122,426607.39793890214,8.013917094195802,-0.0004510798753472045,0.0012064366601407528,0.0016912502280046482,0,-0.0011204643005949773,0.0006352339883594326,0.0016912502280046482,14_P5_1
21052,147,2026-02-12 19:02:01.490000+00:00,124350.9265220924,426607.5112257899,11.370653109033464,1.4746809029020369e-05,0.0012330497847869992,-0.003566532638979325,0,-0.0012198865542227286,0.00018029430098148253,-0.003566532638979325,13_P5_1
21053,126,2026-02-12 19:02:15.850000+00:00,124339.6577883992,426609.58958708076,6.668834105860073,0.0009677950583864003,0.0010969197028316557,-0.0018230832753847181,0,-0.0012839740952478298,-0.000700907006834673,-0.0018230832753847181,17_P5_1
21054,121,2026-02-12 19:02:31.670000+00:00,124329.25942268089,426611.3287528388,11.351912715765076,-0.00012008882185909897,0.0010363461915403605,-0.0023868063090457525,0,-0.0009618879788158774,0.00040398795782203926,-0.0023868063090457525,15_P5_1
21055,123,2026-02-12 19:02:46.670000+00:00,124329.15014032277,426611.39167049347,8.076952453556652,0.00038371064874809235,0.0013924738159403205,-0.0011631914974135071,0,-0.0014442315148600585,2.0310625965239133e-05,-0.0011631914974135071,16_P5_1
21056,4,2026-02-12 19:02:46.870000+00:00,124378.97105324268,426782.74290118023,7.757377014067565,-0.0007647305174032226,0.0017182728042826056,0.002301309095298798,11,-0.0016229015665875774,-0.0009505076008915432,0.002301309095298798,TS3
21057,66,2026-02-12 19:06:20.770000+00:00,124898.9398389264,426720.76635286055,4.128701377093304,0.0022332627122523263,-0.007852294249460101,0.046414846689539324,0,0.005089978893229983,0.006382640690851558,0.046414846689539324,901_GSL_1
21058,68,2026-02-12 19:06:20.920000+00:00,123928.08221981912,426940.42862924386,7.116880177037987,-0.026730542740551755,-0.01910576137015596,-0.0019331040022390056,0,0.0012549428420576376,-0.032832562361183086,-0.0019331040022390056,905_GSL_1
21059,67,2026-02-12 19:06:21.290000+00:00,123855.61535718205,426533.07563440996,6.052363186140353,-0.0026372920983703807,-0.015468294732272625,0.007955037802776843,0,-0.0005006941734686007,-0.015683518638406196,0.007955037802776843,904_GSL_1
21060,68,2026-02-12 19:06:22.910000+00:00,123928.08782351823,426940.4345151915,7.13083232200272,-0.021126843625097536,-0.01321981375804171,0.012019040962494287,0,0.01557726646740031,-0.019453939620556016,0.012019040962494287,905_GSL_1
21061,67,2026-02-12 19:06:28.510000+00:00,123855.61340080424,426533.0796935425,6.034885197063765,-0.004593669902533293,-0.011409162194468081,-0.00952295127381042,0,0.010400082201056957,-0.00656575017529438,-0.00952295127381042,904_GSL_1
21062,71,2026-02-12 19:06:37.730000+00:00,124806.2252250907,426258.5050149715,4.6255279354272725,-0.002536844782298431,-0.010091160598676652,0.034024272278005085,0,0.007469150535509304,0.007244231771254973,0.034024272278005085,903_GSL_1
21063,68,2026-02-12 19:06:38.480000+00:00,123928.08787596224,426940.4327717311,7.130073753384059,-0.021074399614008144,-0.01496327412314713,0.01126047234383254,0,0.00021325070689233217,-0.02584539447776646,0.01126047234383254,905_GSL_1
21064,69,2026-02-12 19:06:39.250000+00:00,124266.9196135398,427056.31549119926,7.106922905892428,-0.02298365686147008,0.0006528152152895927,0.01642153496499521,0,0.00931393238454931,-0.021022019740433075,0.01642153496499521,906_GSL_1
21065,66,2026-02-12 19:06:44.690000+00:00,124898.93911076362,426720.7731532371,4.080232525678623,0.0015050999354571104,-0.0010519176721572876,-0.0020540047251413895,0,0.0009024795222111511,0.001599183328045705,-0.0020540047251413895,901_GSL_1
21066,68,2026-02-12 19:06:44.830000+00:00,123928.0888862399,426940.43437735585,7.144020918499793,-0.020064121956238523,-0.013357649382669479,0.02520763745956689,0,0.019617644263930804,-0.014005135502343629,0.02520763745956689,905_GSL_1
21067,67,2026-02-12 19:06:54.330000+00:00,123855.61525972522,426533.0677500038,6.062624020646959,-0.002734748923103325,-0.023352700925897807,0.018215872309383485,0,0.015374248508119998,-0.017789321938101326,0.018215872309383485,904_GSL_1
21068,69,2026-02-12 19:06:56.130000+00:00,124266.91815946835,427056.3158883446,7.091913560474676,-0.024437728308839723,0.001049960555974394,0.0014121895472438695,0,0.0017982490102304253,-0.02439408294162693,0.0014121895472438695,906_GSL_1
21069,66,2026-02-12 19:06:57.310000+00:00,124898.93988253662,426720.7707882157,4.090032909335349,0.0022768729395465925,-0.0034169391146861017,0.0077463789315848075,0,0.002665232055149621,0.003123485455146912,0.0077463789315848075,901_GSL_1
21070,69,2026-02-12 19:07:00.800000+00:00,124266.9207847705,427056.3156639958,7.118686538964065,-0.02181242615915835,0.0008256117580458522,0.02818516803663229,0,0.016055755315021784,-0.01478770742839838,0.02818516803663229,906_GSL_1
21071,71,2026-02-12 19:07:02.590000+00:00,124806.21911059697,426258.5064205927,4.61717466716942,-0.008651338517665863,-0.008685539360158145,0.02567100402015221,0,-0.005090035678479557,0.011152389381469358,0.02567100402015221,903_GSL_1
21072,66,2026-02-12 19:07:13.360000+00:00,124898.94107887674,426720.7695078547,4.086903673352145,0.0034732130588963628,-0.004697300086263567,0.004617142948380781,0,0.0012455954563825831,0.005707567696658446,0.004617142948380781,901_GSL_1
21073,71,2026-02-12 19:07:21.470000+00:00,124806.21667582728,426258.50685588305,4.602505113322664,-0.011086108206654899,-0.008250249025877565,0.011001450173396599,0,0.0012612566075104101,0.013761454717022694,0.011001450173396599,903_GSL_1
21074,110,2026-02-12 19:07:34.440000+00:00,124434.2627285602,426963.9711517687,6.504802196790017,0.12227567634545267,0.036723926779814065,-2.239570975684588,0,0.061345859986963076,0.11196728667931076,-2.239570975684588,35_P9_0
21075,149,2026-02-12 19:07:35.490000+00:00,124351.04157331357,426607.3977215522,8.012172487386042,0.00026162150606978685,0.0009890866931527853,-5.3356581755537036e-05,0,-0.001017926223199867,-0.00010278376881682453,-5.3356581755537036e-05,14_P5_1
21076,111,2026-02-12 19:07:47.390000+00:00,124434.2627249726,426963.97109633527,6.50470367940793,0.0010342132882215083,-0.006967444089241326,0.04341116979316162,0,-0.006594228364632299,0.0024760909792082885,0.04341116979316162,36_P9_0
21077,164,2026-02-12 19:07:50.450000+00:00,124091.0572676715,427154.2077208888,9.843335505464632,-0.03806077987246681,0.012989947339519858,0.02870197383523454,0,0.022603783792780448,-0.03326305239500893,0.02870197383523454,907_GSL_1
21078,147,2026-02-12 19:07:50.890000+00:00,124350.92728830666,426607.5111366781,11.37227679679028,0.0007809610688127577,0.0011439379886724055,-0.0019428448821638966,0,-0.001252977421005872,-0.0005903743688360012,-0.0019428448821638966,13_P5_1
21079,102,2026-02-12 19:07:52.500000+00:00,124282.39498323009,426301.79390615993,6.901811717860177,0.0016942842630669475,0.0003482953179627657,-0.0014862659065588701,0,-0.0007249927261001371,-0.0015704439944464702,-0.0014862659065588701,02_P1_0
21080,126,2026-02-12 19:08:05.110000+00:00,124339.65815571712,426609.5895029126,6.66895728902976,0.0013351129746297374,0.0010127515415661037,-0.0016999001056978713,0,-0.001283222535984395,-0.0010777440619697068,-0.0016999001056978713,17_P5_1
21081,103,2026-02-12 19:08:05.680000+00:00,124282.31406714639,426301.7977683537,9.296456505052095,0.0023487392318202183,0.0003242004895582795,-0.0014949807390181036,0,-0.0008518188992956352,-0.002212710215849339,-0.0014949807390181036,01_P1_0
21082,122,2026-02-12 19:08:06.960000+00:00,124329.15194116972,426611.3921446898,8.084344846986049,0.002390266672591679,0.00010578095680102706,0.0006810085436512736,0,0.0007086140098804978,0.002285263783882578,0.0006810085436512736,16_P5_1
21083,160,2026-02-12 19:08:11.490000+00:00,124421.81338306137,426965.61801034084,5.60224163701275,0.0021769007289549336,-0.0006276977946981788,0.010060407125411786,0,0.0005187520221596046,0.0022054019236181868,0.010060407125411786,38a_P9_0
21084,100,2026-02-12 19:08:18.900000+00:00,124292.48547567351,426345.9304247894,7.58583143635164,0.0017524002032587305,0.00018980965251103044,-0.002668132617458241,0,-0.0005877648965644698,-0.0016617661095756394,-0.002668132617458241,06_P2_0
21085,121,2026-02-12 19:08:19.610000+00:00,124329.26012422385,426611.3285657345,11.35269159461291,0.0005814541364088655,0.0008492419146932662,-0.0016079274612117445,0,-0.0009775870125553355,-0.0003219074017508739,-0.0016079274612117445,15_P5_1
21086,120,2026-02-12 19:08:22.660000+00:00,124329.26206803607,426611.3312207358,11.358744156507365,0.001816200907342136,4.5645690988749266e-05,0.0007129898604922857,0,0.0005060806494722582,0.0017448643618247165,0.0007129898604922857,15_P5_1
21087,162,2026-02-12 19:08:29.630000+00:00,124402.99764546855,426879.6471730756,6.554422251134355,0.002217340239440091,-0.00056051230058074,0.009749207843787744,0,0.0007507499113274277,-0.0021603579210826185,0.009749207843787744,34a_P7_0
21088,101,2026-02-12 19:08:32.100000+00:00,124292.40691439442,426345.8833750903,10.214195511821929,0.0015955235867295414,-1.843558857217431e-05,-0.0014229857783547573,0,-0.0003500673937281879,-0.001556755666951194,-0.0014229857783547573,05_P2_0
21089,123,2026-02-12 19:08:34.600000+00:00,124329.15078237538,426611.39143368177,8.077980310296676,0.0010257632529828697,0.0011556621175259352,-0.00013533475739002654,0,-0.0013960904271731276,-0.0006623267322176282,-0.00013533475739002654,16_P5_1
21090,124,2026-02-12 19:08:36.650000+00:00,124339.6588449701,426609.59122533567,6.674944367185252,0.0010792468674480915,0.0009834316442720592,0.0005141713520586677,0,0.0012715703206374579,0.0007176493012092444,0.0005141713520586677,17_P5_1
21091,98,2026-02-12 19:08:44.900000+00:00,124302.66194169792,426390.078130277,7.978387514858299,0.0010960643703583628,0.0002182684256695211,-0.0006632802725716758,0,-0.00046936155986327104,-0.0010142474726298522,-0.0006632802725716758,10_P3_0
21092,161,2026-02-12 19:08:46.390000+00:00,124402.9919187171,426879.64064425003,6.58542548829587,0.0005149705102667212,-0.006862636946607381,0.04380116747214835,0,0.0057718230234018566,-0.0037479380296255296,0.04380116747214835,34a_P7_0
21093,118,2026-02-12 19:08:51.100000+00:00,124372.26097963542,426775.11333642976,6.166530967803917,0.0009522734326310456,0.0006719309603795409,0.0009988988135551935,0,-0.0011334535561332547,-0.0002712912495831103,0.0009988988135551935,22_P6_1
21094,170,2026-02-12 19:08:51.950000+00:00,124669.37390599308,426931.3113252089,13.801767236323322,-0.014140823390334845,0.01282823720248416,0.01557710565193382,0,0.0013003836733168413,-0.019048242915870497,0.01557710565193382,908_GSL_1
21095,99,2026-02-12 19:08:58.100000+00:00,124302.53901760088,426390.13501544605,11.087066913183213,0.0009373097127536312,0.00019915407756343484,-0.0006882895661544097,0,-0.00041572793026885756,-0.0008633551599584085,-0.0006882895661544097,09_P3_0
21096,92,2026-02-12 19:09:08.670000+00:00,124278.31510702717,426395.63890325755,11.100745934319896,0.001131224591517821,0.0006126323714852333,-0.0010430489073236515,0,-0.0007708825900169932,-0.0010299162740023938,-0.0010430489073236515,11_P3_0
21097,74,2026-02-12 19:09:09.490000+00:00,124369.34639580279,426785.72688855254,7.230516757496671,8.259348396677524e-05,0.0004222558345645666,0.00046292273959913643,0,4.617207806796859e-05,0.00042777308543721405,0.00046292273959913643,21_P6_1
21098,166,2026-02-12 19:09:15.630000+00:00,124091.0599447223,427154.2085351757,9.827519176301946,-0.012336113388300873,0.019507196149788797,-0.0023344427608584795,0,0.02230557323635941,-0.005930581569522305,-0.0023344427608584795,907_GSL_1
21099,93,2026-02-12 19:09:21.570000+00:00,124278.26936611965,426395.7916896285,7.947531959412009,0.0012425399763742462,0.00033952598460018635,-0.0011935608675086584,0,-0.0005184905388193917,-0.0011791314804811275,-0.0011935608675086584,12_P3_0
21100,73,2026-02-12 19:09:27.490000+00:00,124369.48888308683,426785.69322823326,11.407304601654241,-0.0004564776027109474,-0.003238420933485031,0.0012499855911656255,0,-0.0005275844887778259,-0.00322759919311736,0.0012499855911656255,20_P6_1
21101,153,2026-02-12 19:09:29.790000+00:00,124370.27645378857,426819.4981323955,9.735185189133357,0.0026149836921831593,-0.0009907017229124904,0.009104712020368666,0,0.00026842272637221285,-0.002783447296812453,0.009104712020368666,29_KW_1
21102,125,2026-02-12 19:09:30.640000+00:00,124339.65793530458,426609.5913448981,6.672865159778427,6.97409559506923e-05,0.00011105166049674153,-0.0006507783506872755,0,0.00011999593513021028,5.288901387080601e-05,-0.0006507783506872755,17_P5_1
21103,94,2026-02-12 19:09:35.370000+00:00,124268.22460990341,426351.5567394611,10.21379223913545,0.000387404317734763,0.0007664405857212842,-0.0007017001555098545,0,-0.0008242486145193569,-0.00024109645020871422,-0.0007017001555098545,07_P2_0
21104,146,2026-02-12 19:09:45.630000+00:00,124350.92498378422,426607.5127614287,11.37682578929973,-0.0012827907194150612,0.0008960319100879133,-0.002495723924353044,0,0.0006048954393178467,-0.0014430962272855103,-0.002495723924353044,13_P5_1
21105,95,2026-02-12 19:09:48.860000+00:00,124268.11083137241,426351.54969795357,7.1929443512121845,0.001283470177440904,0.0005069435574114323,-0.0007265070329358636,0,-0.0007339217342593414,-0.0011686087261196128,-0.0007265070329358636,08_P2_0
21106,152,2026-02-12 19:09:53.100000+00:00,124370.27538862842,426819.49934941274,9.729346059629236,-0.00038303344626910985,0.00017937482334673405,0.0004251084013571216,0,0.00026272877566498244,-0.00033145669196599795,0.0004251084013571216,29_KW_1
21107,148,2026-02-12 19:10:00.750000+00:00,124351.03970458692,426607.39925000747,8.014075143092406,-0.001413827747455798,0.0007941127405501902,-0.0013812721199766287,0,0.0004763619810361353,-0.0015500332922887168,-0.0013812721199766287,14_P5_1
21108,96,2026-02-12 19:10:02.370000+00:00,124258.06305738547,426307.3529609065,9.306041708916563,0.0020791890419786796,0.0005513295764103532,0.0014961007406721905,0,-0.000947871835158856,-0.0019309402782638361,0.0014961007406721905,03_P1_0
21109,117,2026-02-12 19:10:08+00:00,124377.68049423881,426815.9062633706,7.618286075273371,0.0004770947271026671,0.0005573320668190718,0.0008510351009114459,0,0.0005383610666170331,0.0004984032235900538,0.0008510351009114459,26_KW_0
21110,97,2026-02-12 19:10:15.540000+00:00,124257.9890256291,426307.3925893724,6.83846274032839,0.001155420221039094,0.000736667774617672,0.0014005497322902016,0,-0.0009492527361395288,-0.0009882279799104051,0.0014005497322902016,04_P1_0
21111,168,2026-02-12 19:10:17.370000+00:00,124669.37255537244,426931.31203303084,13.79111188617976,-0.004176598915364593,0.004292458470445126,-0.010228133755468605,0,0.001032755502318884,-0.005899372364307145,-0.010228133755468605,908_GSL_1
21112,116,2026-02-12 19:10:22.990000+00:00,124377.68769004177,426815.9007293618,10.006331719462203,0.0003301502001704648,0.0006677982164546847,0.001271964185079355,0,0.0006545332562922232,0.0003557243722043159,0.001271964185079355,25_KW_0
21113,115,2026-02-12 19:10:37.810000+00:00,124396.28997665946,426811.63468353625,7.647749485497529,-0.0001141003449447453,0.0007691998034715652,0.0014771927244829897,0,0.0006010719181033428,-0.0004933556279650337,0.0014771927244829897,24_KW_0
21114,114,2026-02-12 19:10:51.310000+00:00,124396.29916894795,426811.63028383104,9.991501586010813,0.0001483029336668551,0.0007450752309523523,0.0008175083606296596,0,0.0007152226321501905,-0.0002561004614854297,0.0008175083606296596,23_KW_0
21115,150,2026-02-12 19:11:06.170000+00:00,124401.1030231215,426812.3220930207,9.182474400732875,-0.00015750843158457428,0.0006614316953346133,0.00046037748906613274,0,0.00043522476055522953,-0.0005223793654166447,0.00046037748906613274,27_KW_1
21116,119,2026-02-12 19:11:21.290000+00:00,124400.81445485924,426811.3438135006,3.984778356236204,0.00030347215943038464,0.0006846192991361022,0.0012442271500212598,0,0.000728283053273407,-0.00017436378813765334,0.0012442271500212598,28_KW_1
21117,169,2026-02-12 19:11:38.010000+00:00,124669.375800226,426931.30996253795,13.809634290344817,-0.003277222320321016,0.007802985026501119,-0.002120922528074942,0,0.0006360408928953807,-0.00843932541398753,-0.002120922528074942,908_GSL_1
21118,62,2026-02-12 19:11:54.210000+00:00,124390.61104332813,426780.8801358365,7.445481026328183,0.0003631151048466563,0.0008906284929253161,0.0006831527458546205,0,0.0002178037497139603,-0.0009368208037766649,0.0006831527458546205,19_P6_1
21119,72,2026-02-12 19:12:08.290000+00:00,124390.52422029554,426780.88773622917,10.98768007670591,0.0002605926856631413,0.0008052974590100348,0.0005947551391525252,0,0.00012961761104785555,-0.0008364280125721486,0.0005947551391525252,18_P6_1
21120,130,2026-02-12 19:15:19.890000+00:00,124898.93915971645,426720.76459768665,4.128767809803855,0.0007867191889090464,-0.00507901213131845,0.038705077333660576,0,0.0026854630272978887,0.00438218890981365,0.038705077333660576,901_GSL_1
21121,138,2026-02-12 19:15:20.370000+00:00,123928.08869790325,426940.43351768266,7.119638474693875,0.0020790245762327686,0.0017965306178666651,0.001702411095947376,0,0.00014783402192458642,0.0027437220251829127,0.001702411095947376,905_GSL_1
21122,134,2026-02-12 19:15:21.260000+00:00,123855.61539892672,426533.07605506334,6.050687507958505,0.0009367853053845465,0.001757001387886703,0.004844589060724935,0,-0.0005676228562466075,0.0019085137878691527,0.004844589060724935,904_GSL_1
21123,133,2026-02-12 19:15:21.470000+00:00,124806.22459546702,426258.51173969096,4.594755639859249,0.0026993734936695546,0.00025587761774659157,0.006598535674683603,0,0.001188820244622611,-0.002436964718572036,0.006598535674683603,903_GSL_1
21124,139,2026-02-12 19:15:22.170000+00:00,123928.08745918515,426940.43347997917,7.1324801753244795,0.0005892614572076127,0.002375966578256339,-0.004121655414776271,0,0.00022814269877411932,0.0024372929973512903,-0.004121655414776271,905_GSL_1
21125,125,2026-02-12 19:15:36.980000+00:00,124339.6588289558,426609.5913119211,6.67150590929572,0.0009633921727072448,7.80746340751648e-05,-0.00201002883339374,0,0.00021703875032478274,0.0009418674576483749,-0.00201002883339374,17_P5_1
21126,132,2026-02-12 19:15:37.240000+00:00,124806.22175337478,426258.50299381535,4.628037679335519,0.007619087002240121,-0.0021479350980371237,0.04540550512519825,0,0.005670830228785121,-0.005523205269531543,0.04540550512519825,903_GSL_1
21127,153,2026-02-12 19:15:37.610000+00:00,124370.27591051893,426819.49832965044,9.734954514994442,0.002071714057819918,-0.0007934467867016792,0.008874037881453134,0,0.00022092184039202844,-0.002207430742092193,0.008874037881453134,29_KW_1
21128,137,2026-02-12 19:15:38.060000+00:00,123928.08572830421,426940.43122088304,7.130718125280888,-0.0036709576670546085,-0.0026076880167238414,0.007854434315357928,0,3.632646923191781e-05,-0.004502737764239139,0.007854434315357928,905_GSL_1
21129,143,2026-02-12 19:15:39.480000+00:00,124266.91927956103,427056.31546866323,7.109542637849266,-0.00028786706388927996,0.001241787220351398,0.004000899626488419,0,0.0012582420788410011,0.00020427877553520405,0.004000899626488419,906_GSL_1
21130,146,2026-02-12 19:15:51.770000+00:00,124350.9256207817,426607.51266428764,11.375267757709256,-0.0006457932468038052,0.000798890832811594,-0.0040537555148265625,0,0.000644479078302996,-0.0007999513722705421,-0.0040537555148265625,13_P5_1
21131,136,2026-02-12 19:15:53.710000+00:00,123855.61605562575,426533.0761702648,6.0370395207634955,0.00028551396098919213,0.002061738690827042,0.014746978326757088,0,-0.0014377301303404404,0.0015050636941618793,0.014746978326757088,904_GSL_1
21132,135,2026-02-12 19:15:53.720000+00:00,123855.6160865079,426533.0669702297,6.063549360345188,0.0024362296680919826,-0.009664691635407507,0.04235091322683093,0,0.0034102810591704774,-0.009365439792165156,0.04235091322683093,904_GSL_1
21133,5,2026-02-12 19:15:53.920000+00:00,124424.61810953928,426919.13936525444,8.777678678902364,0.0009067617647815496,-0.006982514634728432,0.009852856896049644,11,-0.0070410538056396845,-3.590025561722614e-05,0.009852856896049644,TS4
21134,141,2026-02-12 19:15:54.730000+00:00,124266.91681118209,427056.31580113334,7.095126808336111,-0.0018175693548982963,0.0012828303151763976,0.01099210807301354,0,0.0013379887343022447,-0.0017773570615611434,0.01099210807301354,906_GSL_1
21135,152,2026-02-12 19:15:55.210000+00:00,124370.27549533374,426819.4995172485,9.729564905932047,-0.00027632812270894647,0.0003472105599939823,0.0006439547041683369,0,0.00040149470253594914,-0.00018898256058894717,0.0006439547041683369,29_KW_1
21136,148,2026-02-12 19:16:07.050000+00:00,124351.04079129125,426607.39911691105,8.014025996569098,-0.00032712341635487974,0.0006610163254663348,-0.0014304186432845256,0,0.0005766502861063667,-0.0004598116566531877,-0.0014304186432845256,14_P5_1
21137,140,2026-02-12 19:16:09.530000+00:00,123928.08888608095,426940.4328930428,7.1446156420202245,0.0013623484846903011,-0.0015456341207027435,0.00904193581788082,0,-0.0014120054040250762,-0.0015004062675897094,0.00904193581788082,905_GSL_1
21138,122,2026-02-12 19:16:10.770000+00:00,124329.15108242499,426611.39231726347,8.085144557214882,0.0015315219352487475,0.00027835462242364883,0.0014807187724841242,0,0.0006577227126011297,0.0014108300986657792,0.0014807187724841242,16_P5_1
21139,150,2026-02-12 19:16:11.900000+00:00,124401.10306825784,426812.32206341234,9.182388116012353,-0.00011237208673264831,0.0006318233208730817,0.0003740927685438322,0,0.00043855961689929585,-0.0004685015017061117,0.0003740927685438322,27_KW_1
21140,128,2026-02-12 19:16:24.170000+00:00,124898.93969680014,426720.7718118765,4.079928654469492,-0.0006045993650332093,0.002547841693740338,-0.001463276534187763,0,0.0005561764588975194,-0.002558848458804939,-0.001463276534187763,901_GSL_1
21141,145,2026-02-12 19:16:25.390000+00:00,124266.92013680801,427056.31479032116,7.117907929009593,0.0018130551761714742,4.371354589238763e-05,0.00994099271794635,0,-0.0012555034350925402,0.0013087364403910715,0.00994099271794635,906_GSL_1
21142,6,2026-02-12 19:16:25.590000+00:00,124399.0394370051,426925.07404908113,8.555338467950111,0.00026626072940416634,-0.00140013376949355,0.008031772128553882,11,-0.0005730780300303058,-0.0013049333009758162,0.008031772128553882,TS5
21143,120,2026-02-12 19:16:27.170000+00:00,124329.26226099253,426611.3314104736,11.357135315532371,0.002009157367865555,0.00023538351524621248,-0.0008958511145014114,0,0.0007386557424397078,0.0018832170406671007,-0.0008958511145014114,15_P5_1
21144,129,2026-02-12 19:16:32.490000+00:00,124898.94013508888,426720.7735941456,4.085565947816786,0.0004633900971384719,0.0010914754820987582,-0.006118797428827705,0,0.00033096635791605766,-0.001138644097194773,-0.006118797428827705,901_GSL_1
21145,124,2026-02-12 19:16:41.970000+00:00,124339.65864219572,426609.5912996557,6.675965522193388,0.0008764724916545674,0.0010577516513876617,0.0015353263601944889,0,0.0012787631847877247,0.0005018040472854383,0.0015353263601944889,17_P5_1
21146,131,2026-02-12 19:16:42.060000+00:00,124806.21667507842,426258.49975669465,4.613864074134405,-0.0018694177269935608,-0.00652736984193325,0.002359601361842323,0,0.0005178774117161525,0.006770013491700859,0.002359601361842323,903_GSL_1
21147,154,2026-02-12 19:16:42.170000+00:00,124285.66359142787,426445.5630604666,7.892219015234084,-0.0010335721308365464,-0.0007645334117114544,-0.009380984765915201,11,0.001183541285050213,-0.0005020086790552983,-0.009380984765915201,TS1-1
21148,3,2026-02-12 19:16:42.260000+00:00,124314.90367992017,426440.79379010416,7.046072958926379,-0.0035594317596405745,-0.0022871794062666595,-0.03235613656470537,11,-0.0041211110663533276,0.0009576991525361408,-0.03235613656470537,TS2
21149,149,2026-02-12 19:16:49.870000+00:00,124351.04180266272,426607.39778621634,8.012127295118415,0.0004909706476610154,0.0010537508642300963,-9.854884938320652e-05,0,-0.001117861456944227,-0.00031910628920295866,-9.854884938320652e-05,14_P5_1
21150,147,2026-02-12 19:17:05.670000+00:00,124350.92735792157,426607.5111183019,11.371926287364674,0.0008505759760737419,0.001125561771914363,-0.00229335430776878,0,-0.001245833178658997,-0.0006620184925069838,-0.00229335430776878,13_P5_1
21151,126,2026-02-12 19:17:19.950000+00:00,124339.65772939619,426609.58960565884,6.668008243335265,0.0009087920479942113,0.0011154977837577462,-0.0026489458001925925,0,-0.001289027266546317,-0.0006392550337432521,-0.0026489458001925925,17_P5_1
21152,121,2026-02-12 19:17:36.680000+00:00,124329.26037352312,426611.32850819326,11.350913311996806,0.0008307534153573215,0.000791700673289597,-0.0033862100773163206,0,-0.0009917595754399028,-0.0005773682860517363,-0.0033862100773163206,15_P5_1
21153,123,2026-02-12 19:17:51.680000+00:00,124329.15059527456,426611.39159057924,8.07710771131546,0.0008386624394915998,0.0013125595869496465,-0.0010079337386059706,0,-0.0014945125481951784,-0.00043886170941947295,-0.0010079337386059706,16_P5_1
21154,4,2026-02-12 19:17:51.880000+00:00,124378.97041053626,426782.7419630042,7.75826502996474,-0.0014074369391892105,0.0007800968014635146,0.0031893249924737077,11,-0.0015983338638495238,0.00018643663030571837,0.0031893249924737077,TS3
21155,68,2026-02-12 19:21:20.780000+00:00,123928.08605111703,426940.43153162114,7.12076562693114,-0.022899244824657217,-0.016203384089749306,0.0019523458909143088,0,0.0012047084866083325,-0.028026304554147435,0.0019523458909143088,905_GSL_1
21156,66,2026-02-12 19:21:21.100000+00:00,124898.93852870225,426720.76395516936,4.126358472420438,0.0009230385621776804,-0.01024998544016853,0.044071942016673304,0,0.004806302368493656,0.009100201055666087,0.044071942016673304,901_GSL_1
21157,67,2026-02-12 19:21:21.300000+00:00,123855.61403425575,426533.0768347045,6.051948128693532,-0.00396021839696914,-0.014268000202719122,0.007539980355955933,0,0.0010350035972020333,-0.014771185703600932,0.007539980355955933,904_GSL_1
21158,68,2026-02-12 19:21:21.980000+00:00,123928.08730119788,426940.432883183,7.134101233634247,-0.021649163973052055,-0.014851822226773947,0.01528795259402127,0,0.01553145305495628,-0.02116688191939193,0.01528795259402127,905_GSL_1
21159,71,2026-02-12 19:21:24.170000+00:00,124806.22379978772,426258.5103044727,4.603856478923651,-0.003962147762649693,-0.004801659379154444,0.012352815774383963,0,0.0020320918838272932,0.005884313916012219,0.012352815774383963,903_GSL_1
21160,71,2026-02-12 19:21:37.800000+00:00,124806.22458521608,426258.50463137776,4.62571919741855,-0.0031767194013809785,-0.010474754322785884,0.0342155342692827,0,0.0074812474409179,0.007990179034639416,0.0342155342692827,903_GSL_1
21161,68,2026-02-12 19:21:38.590000+00:00,123928.08865620129,426940.4335791386,7.132779468030937,-0.02029416056757327,-0.014155866636428982,0.013966186990710838,0,0.0004107033601425461,-0.024740105822748146,0.013966186990710838,905_GSL_1
21162,69,2026-02-12 19:21:39.550000+00:00,124266.91889287953,427056.31529806857,7.104384790930148,-0.023704317121882923,0.0004596845246851444,0.013883420002715141,0,0.009408305390863401,-0.021762117308508324,0.013883420002715141,906_GSL_1
21163,67,2026-02-12 19:21:40.650000+00:00,123855.61445237252,426533.07637286495,6.034776501823826,-0.0035421016218606383,-0.014729839749634266,-0.009631646513749814,0,0.011489861173017781,-0.009874095055966996,-0.009631646513749814,904_GSL_1
21164,66,2026-02-12 19:21:44.620000+00:00,124898.94119696884,426720.76857493777,4.080696520581402,0.0035913051542593166,-0.0056302170269191265,-0.0015900098223626813,0,0.0008045685908341254,0.0066294408409656065,-0.0015900098223626813,901_GSL_1
21165,67,2026-02-12 19:21:54.260000+00:00,123855.61588517528,426533.0669186235,6.062940036934913,-0.0021092988608870655,-0.024184081179555506,0.018531888597337343,0,0.01532345371366551,-0.018828454277210888,0.018531888597337343,904_GSL_1
21166,69,2026-02-12 19:21:54.620000+00:00,124266.92273708466,427056.31516300474,7.09417204765993,-0.019860111991874874,0.00032462069066241384,0.0036706767324972134,0,0.0009329421678168285,-0.019840842871060884,0.0036706767324972134,906_GSL_1
21167,68,2026-02-12 19:21:56.780000+00:00,123928.08865951633,426940.43126127677,7.146706787942028,-0.020290845524868928,-0.01647372846491635,0.027893506901802034,0,0.01974253786562466,-0.017127006167870232,0.027893506901802034,905_GSL_1
21168,66,2026-02-12 19:21:58.660000+00:00,124898.94030025465,426720.77550755854,4.083793496987071,0.002694590963074006,0.0013024037471041083,0.0015069665833067347,0,0.002521531097380093,-0.0016121280667788357,0.0015069665833067347,901_GSL_1
21169,71,2026-02-12 19:22:03.180000+00:00,124806.21912071209,426258.5061912504,4.614855490901821,-0.008641223394079134,-0.008914881676901132,0.02335182775255351,0,-0.005000780000468211,0.01136389266257145,0.02335182775255351,903_GSL_1
21170,66,2026-02-12 19:22:11.960000+00:00,124898.94161302519,426720.76404810353,4.082017947234656,0.004007361509138718,-0.01015705126337707,-0.00026858316910871594,0,-0.0005024181948516259,0.010907438406393974,-0.00026858316910871594,901_GSL_1
21171,69,2026-02-12 19:22:12.670000+00:00,124266.91993582631,427056.31392093276,7.1191960170572175,-0.022661370341666043,-0.0009174512815661728,0.028694646129785006,0,0.015429390378098236,-0.016622675331499387,0.028694646129785006,906_GSL_1
21172,110,2026-02-12 19:22:34.670000+00:00,124434.26251682834,426963.9712079925,6.50294488297523,0.12206394448003266,0.03678015060722828,-2.2414282894993747,0,0.06135698710666565,0.11174840559894962,-2.2414282894993747,35_P9_0
21173,149,2026-02-12 19:22:35.670000+00:00,124351.04097275478,426607.39791963104,8.012961759562776,-0.00033893728686962277,0.0011871655588038266,0.0007359155949782092,0,-0.0011190728507061388,0.0005214561374199936,0.0007359155949782092,14_P5_1
21174,111,2026-02-12 19:22:47.210000+00:00,124434.26251295014,426963.9713144938,6.503008997664293,0.0008221908210543916,-0.006749285559635609,0.041716488049524436,0,-0.006425524225597864,0.002222946634084324,0.041716488049524436,36_P9_0
21175,147,2026-02-12 19:22:51.080000+00:00,124350.92694806009,426607.5112234774,11.37139024075527,0.0004407145024742931,0.001230737310834229,-0.0028294009171734302,0,-0.0012849177596977138,-0.0002406864179467578,-0.0028294009171734302,13_P5_1
21176,164,2026-02-12 19:22:51.570000+00:00,124091.06001795462,427154.2080200772,9.840009847621321,-0.03531049675075337,0.013289135764352977,0.025376315991923803,0,0.02216402889543016,-0.030531756144560485,0.025376315991923803,907_GSL_1
21177,102,2026-02-12 19:22:53.920000+00:00,124282.39605625889,426301.7936551276,6.90189766531243,0.0027673130680341274,9.726296411827207e-05,-0.0014003184543058822,0,-0.0007249241100503405,-0.002672445833944862,-0.0014003184543058822,02_P1_0
21178,160,2026-02-12 19:23:03.870000+00:00,124421.81318473436,426965.61679038,5.603215586803985,0.001978573724045418,-0.0018476586556062102,0.011034356916646004,0,-0.0006420598401431523,0.002629896509521782,0.011034356916646004,38a_P9_0
21179,126,2026-02-12 19:23:06.160000+00:00,124339.6580259533,426609.58964084747,6.668012759535159,0.0012053491518599913,0.0011506864102557302,-0.002644429600298537,0,-0.0013890030664142552,-0.0009206607812482374,-0.002644429600298537,17_P5_1
21180,103,2026-02-12 19:23:07.080000+00:00,124282.31416665035,426301.79769107513,9.296296947418353,0.002448243190883659,0.0002469219034537673,-0.0016545383727599727,0,-0.0007992960207905677,-0.0023272281837546133,-0.0016545383727599727,01_P1_0
21181,122,2026-02-12 19:23:08.360000+00:00,124329.15030573637,426611.3912823501,8.084427353747783,0.0007548333232989535,-0.0007565587293356657,0.0007635153053850985,0,-0.0005403459406527651,0.0009220524504151692,0.0007635153053850985,16_P5_1
21182,100,2026-02-12 19:23:20.180000+00:00,124292.48598121743,426345.9302513301,7.585373964699846,0.0022579441138077527,1.6350357327610254e-05,-0.0031256042692522357,0,-0.0005352284347597792,-0.0021936520867923462,-0.0031256042692522357,06_P2_0
21183,121,2026-02-12 19:23:20.550000+00:00,124329.25989556272,426611.32865255396,11.351187454126181,0.0003527930093696341,0.0009360613767057657,-0.003112067947940389,0,-0.0009972823770379464,-7.811317987330703e-05,-0.003112067947940389,15_P5_1
21184,162,2026-02-12 19:23:22.210000+00:00,124402.99713959562,426879.64589514874,6.555305956972621,0.0017114673100877553,-0.0018384391441941261,0.010632913682053768,0,0.001979989905463888,-0.0015455157115556448,0.010632913682053768,34a_P7_0
21185,120,2026-02-12 19:23:24.050000+00:00,124329.2611648561,426611.3305495543,11.358211534521374,0.0009130209364229813,-0.0006255357875488698,0.00018036787450093072,0,-0.0003727379968904096,0.0010420981899635024,0.00018036787450093072,15_P5_1
21186,101,2026-02-12 19:23:33.370000+00:00,124292.40708572984,426345.88329892105,10.214669980892264,0.001766859000781551,-9.460485307499766e-05,-0.0009485167080196533,0,-0.0003154702197515931,-0.0017410397316885114,-0.0009485167080196533,05_P2_0
21187,123,2026-02-12 19:23:35.760000+00:00,124329.15038981689,426611.3917015936,8.07668575642146,0.000633204763289541,0.0014235739363357425,-0.0014298886326056248,0,-0.0015437510032935593,-0.00021057982879927803,-0.0014298886326056248,16_P5_1
21188,124,2026-02-12 19:23:38.140000+00:00,124339.65778436966,426609.59028839826,6.675169296367031,1.8646431271918118e-05,4.6494242269545794e-05,0.0007391005338375223,0,4.999329660114479e-05,3.173997219209563e-06,0.0007391005338375223,17_P5_1
21189,161,2026-02-12 19:23:45.720000+00:00,124402.9918730079,426879.640723829,6.583906543450916,0.00046926130016800016,-0.006783057993743569,0.042282222627194166,0,0.0057239866373574155,-0.003669612907334727,0.042282222627194166,34a_P7_0
21190,98,2026-02-12 19:23:46.330000+00:00,124302.66219152624,426390.07817184035,7.978331880834963,0.0013458926841849461,0.00025983178056776524,-0.0007189142959074246,0,-0.0005683856884915598,-0.0012473481393153838,-0.0007189142959074246,10_P3_0
21191,118,2026-02-12 19:23:52.280000+00:00,124372.26088526976,426775.11328061984,6.166550238390262,0.0008579077693866566,0.000616121047642082,0.0010181693999005148,0,-0.0010292247972194294,-0.00023729138819221843,0.0010181693999005148,22_P6_1
21192,170,2026-02-12 19:23:54.260000+00:00,124669.37332453956,426931.30983588746,13.798054099550427,-0.01472227691556327,0.011338915734086186,0.011863968879039177,0,-0.00022872435329296368,-0.018581284475876397,0.011863968879039177,908_GSL_1
21193,99,2026-02-12 19:23:59.620000+00:00,124302.53932381625,426390.13494255877,11.087090054619882,0.0012435250828275457,0.00012626679381355643,-0.0006651481294852601,0,-0.0004175287068131344,-0.00117812041567412,-0.0006651481294852601,09_P3_0
21194,74,2026-02-12 19:24:09.980000+00:00,124369.34652139847,426785.72678776854,7.230524271728671,0.00020818917255382985,0.000321471830829978,0.00047043697159843134,0,-0.00010363805985962068,0.00036870858700925314,0.00047043697159843134,21_P6_1
21195,92,2026-02-12 19:24:11.680000+00:00,124278.31360767048,426395.63799758244,11.101250561020873,-0.0003681320959003642,-0.0002930427435785532,-0.0005384222063469224,0,0.00034353430363856573,0.0003215267824297167,-0.0005384222063469224,11_P3_0
21196,166,2026-02-12 19:24:16.640000+00:00,124091.05159343123,427154.205867389,9.82623772132688,-0.020687404467025772,0.01683940942166373,-0.0036158977359246336,0,0.022260222728597696,-0.014697513304159917,-0.0036158977359246336,907_GSL_1
21197,153,2026-02-12 19:24:22.750000+00:00,124370.27496386415,426819.49749380664,9.735924076970695,0.0011250592797296122,-0.0016292905784212053,0.009843599857706664,0,0.001276225848007396,-0.0015138010954929388,0.009843599857706664,29_KW_1
21198,93,2026-02-12 19:24:24.680000+00:00,124278.26784502553,426395.79088991776,7.948098987248079,-0.00027855414373334497,-0.00046018476132303476,-0.0006265330314390027,0,0.0004961275696890053,0.00020789386748876608,-0.0006265330314390027,12_P3_0
21199,73,2026-02-12 19:24:26.670000+00:00,124369.48879116983,426785.6935029113,11.40655428191155,-0.0005483946006279439,-0.0029637428815476596,0.0004996658484746064,0,-0.00035811526950340673,-0.002992701448469394,0.0004996658484746064,20_P6_1
21200,125,2026-02-12 19:24:31.710000+00:00,124339.657490354,426609.5914606212,6.672835313493388,-0.00037520962359849364,0.0002267747768200934,-0.000680624635726268,0,0.00016993096804469792,-0.0004041441910285465,-0.000680624635726268,17_P5_1
21201,94,2026-02-12 19:24:38.660000+00:00,124268.22317440169,426351.5557165491,10.214031557673927,-0.0010480974015081301,-0.00025647139409556985,-0.0004623816170337136,0,0.0004433410828627152,0.000983734935479845,-0.0004623816170337136,07_P2_0
21202,146,2026-02-12 19:24:46.550000+00:00,124350.92478866628,426607.51285558403,11.376793978869554,-0.001477908663218841,0.0009901872253976762,-0.0025275343545292372,0,0.0006557180935012783,-0.0016536984428888776,-0.0025275343545292372,13_P5_1
21203,152,2026-02-12 19:24:51.170000+00:00,124370.27547338734,426819.49937863287,9.729175334783772,-0.0002982745209010318,0.00020859495270997286,0.00025438355589280093,0,0.0002716534361639808,-0.00024224771358078467,0.00025438355589280093,29_KW_1
21204,95,2026-02-12 19:24:52.660000+00:00,124268.10926985893,426351.54881098616,7.192988930252902,-0.00027804329874925315,-0.00038002384826540947,-0.0006819279922183341,0,0.0004246012990578533,0.00020356801828430926,-0.0006819279922183341,08_P2_0
21205,148,2026-02-12 19:25:01.560000+00:00,124351.03946208839,426607.39935515885,8.013836627554916,-0.0016563262761337683,0.0008992641232907772,-0.0016197876574661763,0,0.0005277187636467176,-0.0018093108088286726,-0.0016197876574661763,14_P5_1
21206,117,2026-02-12 19:25:05.770000+00:00,124377.68056909328,426815.906365894,7.618173305611235,0.000551949196960777,0.0006598554900847375,0.0007382654387750875,0,0.0006378966049014792,0.0005771872358912505,0.0007382654387750875,26_KW_0
21207,96,2026-02-12 19:25:06.490000+00:00,124258.06117001676,426307.35234646115,9.307117659282715,0.00019182033429387957,-6.311578908935189e-05,0.002572051106824347,0,2.4326177028728638e-05,-0.00020046665705836025,0.002572051106824347,03_P1_0
21208,168,2026-02-12 19:25:18.520000+00:00,124669.3709421157,426931.3131953143,13.791367951938728,-0.0057898556551663205,0.005454741942230612,-0.0099720679965003,0,0.0010298776285142313,-0.00788771134324001,-0.0099720679965003,908_GSL_1
21209,97,2026-02-12 19:25:20.150000+00:00,124257.98729941406,426307.3916807853,6.839192154850488,-0.000570794814848341,-0.0001719193533062935,0.0021299642543874953,0,0.00028067468092051297,0.000525913213552554,0.0021299642543874953,04_P1_0
21210,116,2026-02-12 19:25:21.250000+00:00,124377.6878050274,426815.90065226366,10.00605542245368,0.00044513582543004304,0.0005907000740990043,0.0009956671765571912,0,0.000573046738634389,0.00046764293639735976,0.0009956671765571912,25_KW_0
21211,115,2026-02-12 19:25:35.550000+00:00,124396.29002042071,426811.63465759327,7.647827644403102,-7.033909787423909e-05,0.0007432568236254156,0.0015553516300554904,0,0.0006013211096249483,-0.00044248301399593275,0.0015553516300554904,24_KW_0
21212,114,2026-02-12 19:25:48.550000+00:00,124396.29922080068,426811.6302514769,9.991517727600192,0.00020015565678477287,0.0007127210847102106,0.0008336499500085637,0,0.0007141513025121269,-0.00019499115019322203,0.0008336499500085637,23_KW_0
21213,150,2026-02-12 19:26:03.950000+00:00,124401.10298365896,426812.3220622562,9.182428770566474,-0.0001969709701370448,0.0006306672003120184,0.00041474732266522096,0,0.00038695033436414005,-0.0005355446940840777,0.00041474732266522096,27_KW_1
21214,119,2026-02-12 19:26:19.470000+00:00,124400.81442744266,426811.34381874703,3.984659307836597,0.0002760555798886344,0.0006898657302372158,0.0011251787504140687,0,0.0007158115750249726,-0.00019933689574096693,0.0011251787504140687,28_KW_1
21215,169,2026-02-12 19:26:35.660000+00:00,124669.37631221679,426931.3092849863,13.809785573206288,-0.0027652315329760313,0.007125433359760791,-0.0019696396666049054,0,0.0007832798070761067,-0.007602945398934793,-0.0019696396666049054,908_GSL_1
21216,62,2026-02-12 19:26:54.070000+00:00,124390.61099015511,426780.88012221665,7.445468196110659,0.0003099420864600688,0.0008770086569711566,0.000670322528330658,0,0.00016745128891727446,-0.0009149690416628948,0.000670322528330658,19_P6_1
21217,72,2026-02-12 19:27:08.370000+00:00,124390.5240924753,426780.88768153696,10.987729994325313,0.00013277244579512626,0.0007506052497774363,0.000644672758555842,0,1.208552905812494e-05,-0.0007621618616430846,0.000644672758555842,18_P6_1
21218,130,2026-02-12 19:30:19.870000+00:00,124898.93996298354,426720.76649176754,4.125747900075294,0.001589986277394928,-0.003184931236319244,0.035685167605099544,0,0.002695728675393333,0.0023248419841030736,0.035685167605099544,901_GSL_1
21219,139,2026-02-12 19:30:20.770000+00:00,123928.08789461719,426940.43442351976,7.132843872739816,0.0010246934980386868,0.003319507173728198,-0.003757957999440009,0,0.00012860961071936875,0.0034716831954235603,-0.003757957999440009,905_GSL_1
21220,138,2026-02-12 19:30:20.900000+00:00,123928.0872892672,426940.4325536621,7.119214192994852,0.0006703885301249102,0.000832510064356029,0.001278129396924399,0,0.0002478907179535701,0.001039732648583077,0.001278129396924399,905_GSL_1
21221,134,2026-02-12 19:30:21.580000+00:00,123855.61389826771,426533.07542734954,6.052573140616284,-0.0005638737056870013,0.001129287586081773,0.006730221718503238,0,0.000777734698484044,0.0009941693753166623,0.006730221718503238,904_GSL_1
21222,133,2026-02-12 19:30:22.590000+00:00,124806.22167932142,426258.50869567815,4.597437559094812,-0.00021677211043424904,-0.0027881351998075843,0.00928045491024676,0,0.0022663180932631947,0.0016384414363705747,0.00928045491024676,903_GSL_1
21223,132,2026-02-12 19:30:35.580000+00:00,124806.22378603756,426258.5042261549,4.625931195773364,0.009651749787735753,-0.0009155955631285906,0.043299021563043105,0,0.005620406283827248,-0.007899722932166236,0.043299021563043105,903_GSL_1
21224,125,2026-02-12 19:30:36.750000+00:00,124339.65824254538,426609.59155309544,6.673129783713092,0.00037698175583500415,0.0003192489966750145,-0.00038615441602196654,0,0.0003705711905037949,0.0003266682703891613,-0.00038615441602196654,17_P5_1
21225,137,2026-02-12 19:30:38.290000+00:00,123928.08526835151,426940.43106508744,7.129909489098973,-0.0041309103689854965,-0.002763483615126461,0.007045798133443526,0,0.00017941507068247286,-0.004966796996060571,0.007045798133443526,905_GSL_1
21226,153,2026-02-12 19:30:38.870000+00:00,124370.27573187792,426819.49713136454,9.736127789513546,0.0018930730439024046,-0.00199173268629238,0.010047312400557118,0,0.0014240223296603529,-0.0023500819236409775,0.010047312400557118,29_KW_1
21227,143,2026-02-12 19:30:40.570000+00:00,124266.91985603594,427056.315638823,7.104508234395049,0.0002886078436858952,0.0014119470142759383,-0.001033503827728488,0,0.0011972078833905663,0.0008022357150533994,-0.001033503827728488,906_GSL_1
21228,146,2026-02-12 19:30:51.380000+00:00,124350.9252464126,426607.5127638394,11.376518592511296,-0.0010201623372267932,0.0008984425803646445,-0.0028029207127868716,0,0.0006627186970962388,-0.0011869010881397732,-0.0028029207127868716,13_P5_1
21229,135,2026-02-12 19:30:51.970000+00:00,123855.61669827587,426533.065730779,6.061444553628325,0.0030479976412607357,-0.010904142283834517,0.04024610650996774,0,0.0035999343437440215,-0.010734574108364576,0.04024610650996774,904_GSL_1
21230,5,2026-02-12 19:30:52.170000+00:00,124424.61786952021,426919.1393775351,8.777988512695321,0.0006667426932835951,-0.006970233982428908,0.010162690689007547,11,-0.006998057173868275,-0.00023643895644455266,0.010162690689007547,TS4
21231,141,2026-02-12 19:30:54.270000+00:00,124266.9179307271,427056.31496150565,7.091136580405635,-0.000698024348821491,0.00044320261804386973,0.007001880142537331,0,0.00046440744970081024,-0.0006840996074045037,0.007001880142537331,906_GSL_1
21232,136,2026-02-12 19:30:55.770000+00:00,123855.61576607329,426533.07478998596,6.037594275601002,-4.038505721837282e-06,0.0006814598455093801,0.015301733164263531,0,-0.00039539700083176334,0.0005550360729748834,0.015301733164263531,904_GSL_1
21233,152,2026-02-12 19:30:58.370000+00:00,124370.27565927079,426819.49952298834,9.729222160355715,-0.00011239107698202133,0.00035295041743665934,0.0003012091278353779,0,0.00036934352463740573,-2.8126716166463292e-05,0.0003012091278353779,29_KW_1
21234,148,2026-02-12 19:31:06.670000+00:00,124351.0399558925,426607.3993552474,8.013000869913826,-0.0011625221668509766,0.0008993526571430266,-0.002455545298555961,0,0.0006324820520826874,-0.0013267476942219966,-0.002455545298555961,14_P5_1
21235,122,2026-02-12 19:31:10.480000+00:00,124329.14967251217,426611.3916022293,8.08550139258072,0.00012160911865066737,-0.0004366795183159411,0.0018375541383228722,0,-0.00039155052538299015,0.00022839869861262081,0.0018375541383228722,16_P5_1
21236,140,2026-02-12 19:31:11.690000+00:00,123928.0887126268,426940.4326989736,7.144626610013895,0.0011888943408848718,-0.0017397033516317606,0.009052903811551438,0,-0.0012449738354647507,-0.00170002283939806,0.009052903811551438,905_GSL_1
21237,150,2026-02-12 19:31:14.670000+00:00,124401.10317052786,426812.32205477305,9.182276445071967,-1.0102070518769324e-05,0.000623184023424983,0.0002624218281574997,0,0.0004929128606056877,-0.0003814410711111663,0.0002624218281574997,27_KW_1
21238,128,2026-02-12 19:31:23.400000+00:00,124898.93916638277,426720.7731177917,4.076918434810539,-0.001135016733314842,0.0038537568761967123,-0.004473496193140747,0,0.0006423918170311599,-0.003965732946020135,-0.004473496193140747,901_GSL_1
21239,120,2026-02-12 19:31:25.780000+00:00,124329.26062532519,426611.3306303552,11.358660412793487,0.0003734900237759575,-0.000544734881259501,0.000629246146614193,0,-0.0004318233286663818,0.0004997594436731075,0.000629246146614193,15_P5_1
21240,145,2026-02-12 19:31:27.430000+00:00,124266.9202087214,427056.3139756819,7.118545183715399,0.0018849685729946941,-0.0007709257188253105,0.010578247423752352,0,-0.0018806237860424628,0.0007814647532008652,0.010578247423752352,906_GSL_1
21241,6,2026-02-12 19:31:27.630000+00:00,124399.03927322415,426925.073955314,8.555806896300751,0.00010247976751998067,-0.001493900897912681,0.008500200479193865,11,-0.0014867447900339928,-0.00017841503535869036,0.008500200479193865,TS5
21242,129,2026-02-12 19:31:31.170000+00:00,124898.94022034603,426720.7734695114,4.085480958975947,0.0005486472509801388,0.0009668412967585027,-0.006203786269666445,0,0.0004303738652776373,-0.0010249752363895007,-0.006203786269666445,901_GSL_1
21243,131,2026-02-12 19:31:40.590000+00:00,124806.21743810021,426258.5018019102,4.614709380848981,-0.0011063959391321987,-0.00448215426877141,0.003204908076418711,0,0.0005218188644317795,0.004587104090373045,0.003204908076418711,903_GSL_1
21244,124,2026-02-12 19:31:40.790000+00:00,124339.65748049134,426609.5904415596,6.675235439911906,-0.00028523188666440547,0.00019965559476986527,0.0008052440787125192,0,0.00010046056416557097,-0.00033335755689736525,0.0008052440787125192,17_P5_1
21245,3,2026-02-12 19:31:40.790000+00:00,124314.90369200618,426440.79372277396,7.045361820289825,-0.0035473457537591457,-0.002354509604629129,-0.03306727520125907,11,-0.004132359490668246,0.0010251743339003063,-0.03306727520125907,TS2
21246,154,2026-02-12 19:31:40.990000+00:00,124285.66384107184,426445.5628192666,7.892393333040149,-0.000783928160672076,-0.001005733443889767,-0.009206666959850729,11,-0.0012283414734661298,0.000342374569464691,-0.009206666959850729,TS1-1
21247,149,2026-02-12 19:31:48.390000+00:00,124351.04160821723,426607.3978161913,8.0114473278054,0.00029652516241185367,0.001083725830540061,-0.0007785161623985459,0,-0.0011168774810153801,-0.00012236641746762145,-0.0007785161623985459,14_P5_1
21248,147,2026-02-12 19:32:05.170000+00:00,124350.92710952248,426607.5110744996,11.370331667563153,0.0006021768931532279,0.0010817594593390822,-0.003887974109289871,0,-0.0011633273614319892,-0.0004236625882243363,-0.003887974109289871,13_P5_1
21249,126,2026-02-12 19:32:19.770000+00:00,124339.65776505617,426609.58954702865,6.667890411845951,0.0009444520255783573,0.001056867593433708,-0.0027667772895068055,0,-0.0012397476748513985,-0.0006870112381686127,-0.0027667772895068055,17_P5_1
21250,121,2026-02-12 19:32:34.880000+00:00,124329.25997670788,426611.3285850962,11.351575678619039,0.00043393817031756043,0.0008686036453582346,-0.0027238434550831414,0,-0.0009550952595273995,-0.0001748361336121785,-0.0027238434550831414,15_P5_1
21251,123,2026-02-12 19:32:50.080000+00:00,124329.15019991524,426611.3917058333,8.077269214149997,0.00044330311357043684,0.0014278136659413576,-0.0008464309040689955,0,-0.0014948036809345894,-2.7045713422726842e-05,-0.0008464309040689955,16_P5_1
21252,4,2026-02-12 19:32:50.280000+00:00,124378.97033433369,426782.7419851258,7.759181613628384,-0.0014836395130259916,0.0008022183901630342,0.004105908656118373,11,-0.0016731480537431713,0.00021287588022885374,0.004105908656118373,TS3
21253,68,2026-02-12 19:36:20.570000+00:00,123928.08784771289,426940.4342886431,7.132649922494104,-0.021102648970554583,-0.01344636210706085,0.013836641453877974,0,0.015479628835269951,-0.019659794978863065,0.013836641453877974,905_GSL_1
21254,66,2026-02-12 19:36:20.720000+00:00,124898.93910904831,426720.7651162012,4.128170521007531,0.0015033846284495667,-0.009088953607715666,0.04588399060376691,0,0.004893752466060606,0.0078051540551863415,0.04588399060376691,901_GSL_1
21255,68,2026-02-12 19:36:21.150000+00:00,123928.08203387642,426940.4285491206,7.112689395943951,-0.026916485439869575,-0.019185884622856975,-0.006123885096275039,0,0.0013054082592777248,-0.03302864312188589,-0.006123885096275039,905_GSL_1
21256,67,2026-02-12 19:36:21.970000+00:00,123855.61447947718,426533.07733408443,6.0535612178583165,-0.003514996962621808,-0.013768620265182108,0.009153069520740686,0,0.0006983186752125872,-0.014193042615375791,0.009153069520740686,904_GSL_1
21257,71,2026-02-12 19:36:23.450000+00:00,124806.22534465096,426258.5110396228,4.601033243034129,-0.002417284529656172,-0.004066509252879769,0.009529579884861583,0,0.0022100847057316517,0.004182736854568175,0.009529579884861583,903_GSL_1
21258,69,2026-02-12 19:36:36.980000+00:00,124266.91971876488,427056.3155328658,7.1063186859024645,-0.022878431773278862,0.0006944817723706365,0.015817314975032026,0,0.009312615480494509,-0.020908853106978032,0.015817314975032026,906_GSL_1
21259,68,2026-02-12 19:36:39.170000+00:00,123928.0878399488,426940.4325078161,7.134090595181702,-0.021110413057613187,-0.015227189112920314,0.015277314141475706,0,2.0351286465173335e-05,-0.026029145463668673,0.015277314141475706,905_GSL_1
21260,67,2026-02-12 19:36:40.850000+00:00,123855.61441235123,426533.0762083701,6.032855361650139,-0.0035821229103021324,-0.014894334599375725,-0.011552786687436978,0,0.01161855114029596,-0.009984091200655154,-0.011552786687436978,904_GSL_1
21261,71,2026-02-12 19:36:42.470000+00:00,124806.22155144638,426258.5030734134,4.628293006537911,-0.006210489111253992,-0.01203271868871525,0.03678934338864348,0,0.007312830475291634,0.011396447011345578,0.03678934338864348,903_GSL_1
21262,66,2026-02-12 19:36:47.430000+00:00,124898.93939524473,426720.77265336574,4.078143997675612,0.0017895810451591387,-0.0015517890569753945,-0.004142532728152126,0,0.0009429209929920114,0.002172912698549212,-0.004142532728152126,901_GSL_1
21263,66,2026-02-12 19:36:53.880000+00:00,124898.93980375638,426720.77150430117,4.088180574062797,0.0021980926976539195,-0.0027008536271750927,0.005894043659032455,0,0.002502264324127886,0.0024217545447673167,0.005894043659032455,901_GSL_1
21264,69,2026-02-12 19:36:55.960000+00:00,124266.92141925797,427056.31482056726,7.09196675920426,-0.021177938688197173,-1.781678292900324e-05,0.0014653882768271842,0,0.0006310493995299929,-0.021168542254348676,0.0014653882768271842,906_GSL_1
21265,68,2026-02-12 19:36:57.050000+00:00,123928.08855094035,426940.4327592535,7.146073294198091,-0.020399421511683613,-0.014975751750171185,0.02726001315786508,0,0.019899928678526316,-0.01563337382280809,0.02726001315786508,905_GSL_1
21266,67,2026-02-12 19:36:58.880000+00:00,123855.61580932543,426533.06667421723,6.065345597487177,-0.0021851487108506262,-0.024428487464319915,0.02093744914960105,0,0.015523444776477283,-0.01898811567677603,0.02093744914960105,904_GSL_1
21267,71,2026-02-12 19:37:05.360000+00:00,124806.22000055728,426258.5084630504,4.611546587258805,-0.007761378205032088,-0.006643081665970385,0.020042924109537452,0,-0.004966074968213087,0.008927912694039206,0.020042924109537452,903_GSL_1
21268,69,2026-02-12 19:37:12.730000+00:00,124266.91986488427,427056.31364599057,7.120502257825038,-0.022732312383595854,-0.0011923934798687696,0.030000886897605383,0,0.01528591982428238,-0.016867734988487045,0.030000886897605383,906_GSL_1
21269,66,2026-02-12 19:37:14.860000+00:00,124898.93987843567,426720.76890539593,4.086968330167057,0.0022727719915565103,-0.005299758864566684,0.004681799763292638,0,-9.628538428119593e-05,0.0057657320153585625,0.004681799763292638,901_GSL_1
21270,149,2026-02-12 19:37:31.680000+00:00,124351.04152629251,426607.3977280446,8.011491997442578,0.0002146004408132285,0.0009955791174434125,-0.0007338465252200166,0,-0.001016941528260154,-5.532681435378793e-05,-0.0007338465252200166,14_P5_1
21271,111,2026-02-12 19:37:38.960000+00:00,124434.26233901938,426963.97131500544,6.503367084792709,0.0006482600583694875,-0.00674877391429618,0.04207457517794033,0,-0.006461584894393025,0.002052830022703699,0.04207457517794033,36_P9_0
21272,147,2026-02-12 19:37:48.530000+00:00,124350.92739858857,426607.5111801314,11.37278323138863,0.0008912429766496643,0.001187391288112849,-0.001436410283814027,0,-0.001313312294502322,-0.0006924037345528193,-0.001436410283814027,13_P5_1
21273,110,2026-02-12 19:37:51.460000+00:00,124434.26244113776,426963.97129645414,6.503434434060642,0.12198825390078127,0.03686861222377047,-2.2409387384139627,0,0.06142835560165541,0.11165565720170567,-2.2409387384139627,35_P9_0
21274,164,2026-02-12 19:37:54.940000+00:00,124091.05832753726,427154.20725358615,9.837461202337352,-0.037000914104282856,0.012522644712589681,0.02282767070795444,0,0.021872472341437812,-0.032364783775321385,0.02282767070795444,907_GSL_1
21275,102,2026-02-12 19:38:00.760000+00:00,124282.39526651899,426301.793892199,6.900887815759655,0.001977573163458146,0.0003343343851156533,-0.002410168007080493,0,-0.0007759137398748932,-0.0018494682928273947,-0.002410168007080493,02_P1_0
21276,126,2026-02-12 19:38:02.770000+00:00,124339.65817830048,426609.58944202954,6.669672209394265,0.0013576963392551988,0.0009518684819340706,-0.0009849797411929373,0,-0.0012288507044134972,-0.0011132470088838738,-0.0009849797411929373,17_P5_1
21277,160,2026-02-12 19:38:03.910000+00:00,124421.81293284707,426965.61674309865,5.603642741435076,0.0017266864306293428,-0.001894939981866628,0.011461511547737224,0,-0.000806627360226873,0.002433432938531412,0.011461511547737224,38a_P9_0
21278,122,2026-02-12 19:38:11.140000+00:00,124329.1504269322,426611.3910759759,8.083614133910913,0.00087602915300522,-0.000962932943366468,-4.970453148445131e-05,0,-0.0007092302475536416,0.0010916315249618128,-4.970453148445131e-05,16_P5_1
21279,103,2026-02-12 19:38:14.160000+00:00,124282.31354888802,426301.79774114693,9.296787692073712,0.0018304808618267998,0.0002969937049783766,-0.0011637937174011626,0,-0.0007070205464565262,-0.0017143475123787715,-0.0011637937174011626,01_P1_0
21280,121,2026-02-12 19:38:18.080000+00:00,124329.26056441423,426611.32847415796,11.351929591808773,0.0010216445225523785,0.0007576653733849525,-0.0023699302653490406,0,-0.0010122396040665536,-0.0007701852585235736,-0.0023699302653490406,15_P5_1
21281,162,2026-02-12 19:38:22.080000+00:00,124402.99696419293,426879.64569588815,6.5558653641701286,0.001536064621177502,-0.0020376997417770326,0.011192320879561457,0,0.00216328676314397,-0.0013534789021175965,0.011192320879561457,34a_P7_0
21282,120,2026-02-12 19:38:27.040000+00:00,124329.26170747828,426611.3301394269,11.357833422487104,0.001455643112421967,-0.0010356631828472018,-0.00019774415976847592,0,-0.0006313651613098078,0.0016711891371508337,-0.00019774415976847592,15_P5_1
21283,100,2026-02-12 19:38:27.610000+00:00,124292.48583245477,426345.93029017653,7.586019569550798,0.002109181456035003,5.519681144505739e-05,-0.0024799994183002383,0,-0.0005388187801484825,-0.0020399429954376025,-0.0024799994183002383,06_P2_0
21284,123,2026-02-12 19:38:33.070000+00:00,124329.1510118186,426611.3914699935,8.07738571487333,0.0012552064727060497,0.0011919738608412445,-0.0007299301807357494,0,-0.001495016313767108,-0.0008725085647844112,-0.0007299301807357494,16_P5_1
21285,101,2026-02-12 19:38:40.950000+00:00,124292.40676871712,426345.88342027616,10.214514455022318,0.001449846284231171,2.6750261895358562e-05,-0.0011040425779658136,0,-0.0003604345763419158,-0.0014045841877892643,-0.0011040425779658136,05_P2_0
21286,124,2026-02-12 19:38:41.070000+00:00,124339.65816513312,426609.590056497,6.675319314843927,0.00039940989518072456,-0.0001854069996625185,0.00088911901073363,0,-5.1226744569906246e-05,0.0004373555081771625,0.00088911901073363,17_P5_1
21287,118,2026-02-12 19:38:49.370000+00:00,124372.26094333458,426775.1132961195,6.16655421877004,0.0009159725887002423,0.0006316207000054419,0.0010221497796782941,0,-0.001079210916779789,-0.00027065529558631434,0.0010221497796782941,22_P6_1
21288,161,2026-02-12 19:38:50.460000+00:00,124402.9916139441,426879.6406912208,6.584184770140021,0.00021019751147832721,-0.006815666158217937,0.042560449316298765,0,0.005877036757278864,-0.0034580235869210124,0.042560449316298765,34a_P7_0
21289,98,2026-02-12 19:38:54.410000+00:00,124302.66192597972,426390.07823648886,7.978362003151496,0.001080346162780188,0.00032448029378429055,-0.0006887919793747699,0,-0.0005689198774831453,-0.0009740459257616033,-0.0006887919793747699,10_P3_0
21290,170,2026-02-12 19:38:57.540000+00:00,124669.37467234573,426931.308912339,13.798724422061,-0.013374470741837285,0.010415367258246988,0.012534291389611596,0,-0.00011791688855389847,-0.016951178081650215,0.012534291389611596,908_GSL_1
21291,74,2026-02-12 19:39:06.770000+00:00,124369.34629855255,426785.7267523275,7.2305641800908,-1.4656747225672007e-05,0.00028603081591427326,0.0005103453337280683,0,9.871324615802327e-05,0.0002688571050293587,0.0005103453337280683,21_P6_1
21292,99,2026-02-12 19:39:07.850000+00:00,124302.5391445028,426390.13499379496,11.087183674235868,0.001064211639459245,0.00017750298138707876,-0.0005715285134986203,0,-0.000424785117978572,-0.0009917718112074803,-0.0005715285134986203,09_P3_0
21293,92,2026-02-12 19:39:15.860000+00:00,124278.3138794989,426395.6376672269,11.1016643474504,-9.630367276258767e-05,-0.0006233982858248055,-0.00012463577681920412,0,0.0006307771070218029,4.478996994253972e-06,-0.00012463577681920412,11_P3_0
21294,153,2026-02-12 19:39:22.430000+00:00,124370.27557772922,426819.4969798964,9.736305487162843,0.0017389243439538404,-0.0021432008361443877,0.010225010049854433,0,0.0016106887968727899,-0.0022411714119347902,0.010225010049854433,29_KW_1
21295,166,2026-02-12 19:39:24.890000+00:00,124091.0575921925,427154.2078529948,9.826607674098401,-0.014688643190311268,0.01882501522777602,-0.0032459449644033356,0,0.02235894416159654,-0.008379442289131454,-0.0032459449644033356,907_GSL_1
21296,73,2026-02-12 19:39:25.460000+00:00,124369.48873521872,426785.69345102384,11.406595811143024,-0.0006043457105988637,-0.0030156303546391428,0.0005411950799487641,0,-0.00032013329656191484,-0.0030588845754903286,0.0005411950799487641,20_P6_1
21297,93,2026-02-12 19:39:29.070000+00:00,124278.2680867577,426395.7906497094,7.948109244830775,-3.682197711896151e-05,-0.0007003931095823646,-0.0006162754487428757,0,0.0006981985784949755,-6.652150732657187e-05,-0.0006162754487428757,12_P3_0
21298,125,2026-02-12 19:39:39.750000+00:00,124339.6577188434,426609.59152810846,6.672801372496449,-0.00014672022371087223,0.0002942620194517076,-0.0007145656326654759,0,0.0002698583044969019,-0.00018786552539415768,-0.0007145656326654759,17_P5_1
21299,94,2026-02-12 19:39:42.820000+00:00,124268.22317097268,426351.5556139081,10.21379574417848,-0.0010515264148125425,-0.0003591123968362808,-0.000698195112480704,0,0.000544888618668599,0.0009683831410425544,-0.000698195112480704,07_P2_0
21300,152,2026-02-12 19:39:49.770000+00:00,124370.27518345891,426819.49936377053,9.729133047117069,-0.0005882029508939013,0.00019373261602595448,0.0002120958891893565,0,0.0003239292452693887,-0.0005278114076180595,0.0002120958891893565,29_KW_1
21301,146,2026-02-12 19:39:54.590000+00:00,124350.92520638995,426607.5127912212,11.375797775954492,-0.0010601849935483187,0.0009258243953809142,-0.0035237372695906544,0,0.000681030097995314,-0.0012318039767966235,-0.0035237372695906544,13_P5_1
21302,95,2026-02-12 19:39:56.160000+00:00,124268.10951105999,426351.54856979544,7.193373990672417,-3.684224793687463e-05,-0.0006212145672179759,-0.0002968675727030856,0,0.0006174228806749269,-7.780665894339737e-05,-0.0002968675727030856,08_P2_0
21303,117,2026-02-12 19:40:04+00:00,124377.6805095396,426815.90636345255,7.618142920585234,0.0004923955129925162,0.0006574140279553831,0.0007078804127740312,0,0.000637772454103456,0.0005175836571555747,0.0007078804127740312,26_KW_0
21304,148,2026-02-12 19:40:09.800000+00:00,124351.03944890466,426607.3993589318,8.013679840464135,-0.0016695100057404488,0.0009030370856635273,-0.001776574748246773,0,0.0005286112898273287,-0.0018229947179348156,-0.001776574748246773,14_P5_1
21305,96,2026-02-12 19:40:10.560000+00:00,124258.06134017288,426307.3521146496,9.306658240721788,0.0003619764465838671,-0.00029492733301594853,0.0021126325458968864,0,0.00021832324853843907,-0.00041272756000660575,0.0021126325458968864,03_P1_0
21306,116,2026-02-12 19:40:17.970000+00:00,124377.68766720203,426815.9007112043,10.006586111911812,0.00030731045990251005,0.0006496406858786941,0.0015263566346881419,0,0.0006372724246088366,0.0003321996332743414,0.0015263566346881419,25_KW_0
21307,168,2026-02-12 19:40:25.720000+00:00,124669.3707064904,426931.3135705346,13.794407326511621,-0.006025480950484052,0.005829962203279138,-0.006932693423607361,0,0.0011959866971925695,-0.008298463459969438,-0.006932693423607361,908_GSL_1
21308,97,2026-02-12 19:40:25.970000+00:00,124257.98717566764,426307.3915684101,6.838967934632905,-0.0006945412314962596,-0.00028429453959688544,0.0019057440368044354,0,0.0004151662400538012,0.0006251782950587259,0.0019057440368044354,04_P1_0
21309,115,2026-02-12 19:40:32.100000+00:00,124396.29005603143,426811.63475393935,7.648125187512355,-3.4728378523141146e-05,0.0008396029006689787,0.0018528947393088302,0,0.0007022661768813363,-0.0004614773102711348,0.0018528947393088302,24_KW_0
21310,114,2026-02-12 19:40:45.480000+00:00,124396.29920768557,426811.63039023906,9.992091235195593,0.00018704055401030928,0.0008514832588844001,0.0014071575454099872,0,0.0008263991770652663,-0.00027761899998150785,0.0014071575454099872,23_KW_0
21311,150,2026-02-12 19:41:00.470000+00:00,124401.10299079573,426812.32205564843,9.182455041045074,-0.0001898342015920207,0.0006240594084374607,0.00044101780126482026,0,0.000385935343821009,-0.0005258717331661333,0.00044101780126482026,27_KW_1
21312,119,2026-02-12 19:41:15.770000+00:00,124400.81432413416,426811.3439734584,3.985234471373991,0.00017274708079639822,0.00084457709454,0.001700342287808354,0,0.0007760600302233121,-0.00037534364525737904,0.001700342287808354,28_KW_1
21313,169,2026-02-12 19:41:33.270000+00:00,124669.37605947256,426931.30966533173,13.809881118937614,-0.0030179757595760748,0.0075057788053527474,-0.0018740939352781538,0,0.0007314865901937022,-0.008056663113761063,-0.0018740939352781538,908_GSL_1
21314,62,2026-02-12 19:41:51.370000+00:00,124390.61105243958,426780.8802005256,7.445434523740348,0.00037222655373625457,0.0009553175768814981,0.0006366501580190587,0,0.00021657771373345992,-0.0010021369037806628,0.0006366501580190587,19_P6_1
21315,72,2026-02-12 19:42:05.590000+00:00,124390.52414802561,426780.8876909418,10.987724621141272,0.00018832275236491114,0.0007600100943818688,0.0006392995745141405,0,6.544206240890151e-05,-0.0007802551756241686,0.0006392995745141405,18_P6_1
21316,130,2026-02-12 19:45:20.040000+00:00,124898.93935699295,426720.76562967186,4.126028650157861,0.000983995691058226,-0.004047026915941387,0.03596591768766633,0,0.002469287685677767,0.003353996527090532,0.03596591768766633,901_GSL_1
21317,138,2026-02-12 19:45:20.670000+00:00,123928.08696231165,426940.43242694973,7.119558681013893,0.00034343297011218965,0.00070579769089818,0.0016226174159656992,0,0.0003478499408002902,0.0007036312984244785,0.0016226174159656992,905_GSL_1
21318,133,2026-02-12 19:45:21.050000+00:00,124806.22009677121,426258.5077836403,4.59962189168258,-0.001799322315491736,-0.003700173052493483,0.011464787498014495,0,0.0022196435761713037,0.00346439371437297,0.011464787498014495,903_GSL_1
21319,134,2026-02-12 19:45:21.190000+00:00,123855.61396618298,426533.0745445079,6.052778753351031,-0.00049595843302086,0.0002464459394104779,0.006935834453250855,0,0.0005351407342797123,0.00014260000999645846,0.006935834453250855,904_GSL_1
21320,139,2026-02-12 19:45:21.280000+00:00,123928.08697398193,426940.4320922872,7.132390238567351,0.00010405824286863208,0.0009882746380753815,-0.004211592171905032,0,0.00022803073052159655,0.0009672212074338115,-0.004211592171905032,905_GSL_1
21321,125,2026-02-12 19:45:35.320000+00:00,124339.6592429808,426609.5915073506,6.673087824588648,0.0013774171675322577,0.0002735041780397296,-0.00042811354046623507,0,0.00047047597017895967,0.001323153411476516,-0.00042811354046623507,17_P5_1
21322,132,2026-02-12 19:45:36.210000+00:00,124806.22357609888,426258.5041449708,4.6255017813147505,0.009441811111173593,-0.0009967796504497528,0.04286960710442944,0,0.005585701348904341,-0.007677324219510341,0.04286960710442944,903_GSL_1
21323,137,2026-02-12 19:45:38.430000+00:00,123928.08434579348,426940.4302904867,7.13344515502163,-0.005053468397818506,-0.003538084332831204,0.010581464056100387,0,9.187923706210995e-05,-0.006168236522684003,0.010581464056100387,905_GSL_1
21324,143,2026-02-12 19:45:39.870000+00:00,124266.91914863854,427056.3155167459,7.1068533844650235,-0.0004187895538052544,0.0012898698914796114,0.0013116462422457786,0,0.0013523599166127033,0.00010134931307764587,0.0013116462422457786,906_GSL_1
21325,153,2026-02-12 19:45:41.940000+00:00,124370.2757539416,426819.4968801216,9.73631071101827,0.0019151367305312306,-0.0022429756354540586,0.010230233905280883,0,0.0016606312994410135,-0.0024374150416347313,0.010230233905280883,29_KW_1
21326,146,2026-02-12 19:45:49.850000+00:00,124350.92590925914,426607.5128367722,11.376077261439239,-0.0003573158028302714,0.0009713753825053573,-0.00324425178484411,0,0.0008739991645783003,-0.0005544097555113036,-0.00324425178484411,13_P5_1
21327,141,2026-02-12 19:45:55.040000+00:00,124266.91778945322,427056.31485987135,7.092449911940816,-0.0008392982272198424,0.0003415683167986572,0.008315211677718537,0,0.0003671551975111282,-0.0008284247039988622,0.008315211677718537,906_GSL_1
21328,152,2026-02-12 19:45:56.380000+00:00,124370.27543803162,426819.4994080586,9.72942966094412,-0.00033363024704158306,0.00023802067153155804,0.0005087097162412846,0,0.0003084275216521425,-0.0002698804285324869,0.0005087097162412846,29_KW_1
21329,148,2026-02-12 19:46:04.920000+00:00,124351.04025719984,426607.399231207,8.0142921681348,-0.00086121482308954,0.0007753122481517494,-0.0011642470775825586,0,0.0005751318296216297,-0.0010059937535588101,-0.0011642470775825586,14_P5_1
21330,122,2026-02-12 19:46:11.340000+00:00,124329.1499849785,426611.3912927541,8.085770148432513,0.00043407545308582485,-0.0007461547502316535,0.002106309990114852,0,-0.0006116458527811675,0.0006091451067196746,0.002106309990114852,16_P5_1
21331,150,2026-02-12 19:46:13.270000+00:00,124401.10310774037,426812.32214982924,9.182575193879126,-7.288955384865403e-05,0.0007182402187027037,0.0005611706353167989,0,0.0005314052587576498,-0.0004886617948920078,0.0005611706353167989,27_KW_1
21332,140,2026-02-12 19:46:14.910000+00:00,123928.08837881309,426940.4322061748,7.147413364718987,0.0008550806232960895,-0.002232502098195255,0.011839658516643148,0,-0.000927402386972908,-0.0022034412411996826,0.011839658516643148,905_GSL_1
21333,128,2026-02-12 19:46:21.680000+00:00,124898.94013786626,426720.7713265404,4.07729029388686,-0.00016353324463125318,0.002062505576759577,-0.004101637116819212,0,0.0007441053800104922,-0.001930538670864539,-0.004101637116819212,901_GSL_1
21334,120,2026-02-12 19:46:26.470000+00:00,124329.26148242783,426611.3301311485,11.358587059651082,0.001230592664796859,-0.001043941592797637,0.0005558930042095511,0,-0.0006966121912787212,0.001455645496261559,0.0005558930042095511,15_P5_1
21335,129,2026-02-12 19:46:30.460000+00:00,124898.94013948634,426720.77454489353,4.084404306747929,0.0004677875549532473,0.0020422234083525836,-0.007280438497684116,0,0.0002228194559229537,-0.0020832314168748945,-0.007280438497684116,901_GSL_1
21336,145,2026-02-12 19:46:31.250000+00:00,124266.91985478664,427056.31363087887,7.1200500451026825,0.0015310338058043271,-0.0011157287517562509,0.012083108811036247,0,-0.001872514727678789,0.0002874086926960882,0.012083108811036247,906_GSL_1
21337,131,2026-02-12 19:46:39.350000+00:00,124806.21664881102,426258.4996896332,4.613583933301097,-0.0018956851272378117,-0.006594431295525283,0.0020794605285345824,0,0.0005165777827968793,0.006842024087019466,0.0020794605285345824,903_GSL_1
21338,3,2026-02-12 19:46:39.550000+00:00,124314.90367359515,426440.79365330486,7.0449287831858864,-0.0035657567786984146,-0.002423978701699525,-0.03350031230519779,11,-0.004173049501736775,0.0010844132086898703,-0.03350031230519779,TS2
21339,124,2026-02-12 19:46:41.370000+00:00,124339.65826474878,426609.5900296743,6.676123991587147,0.0004990255547454581,-0.00021222973009571433,0.0016937957539537862,0,-4.5557616971244294e-05,0.0005403632724023843,0.0016937957539537862,17_P5_1
21340,154,2026-02-12 19:46:41.570000+00:00,124285.66349729658,426445.5631742918,7.892360720043909,-0.0011277034209342673,-0.000650708214379847,-0.009239279956090307,11,-0.0012064938564366103,-0.0004893963222470868,-0.009239279956090307,TS1-1
21341,136,2026-02-12 19:46:47.830000+00:00,123855.6145972456,426533.076086301,6.038561798234477,-0.001172866192064248,0.001977774896658957,0.016269255797738857,0,-0.00020584058353216987,0.0022901611953119747,0.016269255797738857,904_GSL_1
21342,6,2026-02-12 19:46:48.030000+00:00,124399.03935660122,426925.0740517347,8.554806211502699,0.000185856843017973,-0.001397480198647827,0.007499515681141489,11,-0.0014069232913365146,8.97804210516188e-05,0.007499515681141489,TS5
21343,149,2026-02-12 19:46:48.570000+00:00,124351.04125886632,426607.3978209331,8.011260994751634,-5.2825751481577754e-05,0.0010884676012210548,-0.0009648492161637989,0,-0.001066608191914494,0.00022338138657552575,-0.0009648492161637989,14_P5_1
21344,147,2026-02-12 19:47:03.880000+00:00,124350.92717788198,426607.51118198084,11.371161692975601,0.0006705363921355456,0.0011892407201230526,-0.003057948696842061,0,-0.001280260771420541,-0.0004741781318646316,-0.003057948696842061,13_P5_1
21345,126,2026-02-12 19:47:18.190000+00:00,124339.65811150106,426609.5894119518,6.668710543197658,0.0012908969220006838,0.0009217907208949327,-0.0019466459377994738,0,-0.0011847294278492422,-0.0010547649876379319,-0.0019466459377994738,17_P5_1
21346,121,2026-02-12 19:47:34.090000+00:00,124329.26001925247,426611.32845967356,11.351149444703706,0.00047648276085965335,0.0007431809790432453,-0.003150077370415616,0,-0.0008464856528020644,-0.0002506308612449334,-0.003150077370415616,15_P5_1
21347,123,2026-02-12 19:47:49.420000+00:00,124329.1505436358,426611.3916046692,8.07661601007749,0.0007870236731832847,0.001326649566181004,-0.001499634976575237,0,-0.001493625276747416,-0.00038534253108158284,-0.001499634976575237,16_P5_1
21348,4,2026-02-12 19:47:49.620000+00:00,124378.97047272658,426782.7419877952,7.758748526297574,-0.0013452466228045523,0.0008048877934925258,0.0036728213253081066,11,-0.0015622488026367299,0.00013004428069094006,0.0036728213253081066,TS3
21349,66,2026-02-12 19:51:20.680000+00:00,124898.9398394405,426720.7662602403,4.126225579494813,0.0022337768168654293,-0.007944914512336254,0.04393904909104851,0,0.0051261884311458936,0.006467891282657947,0.04393904909104851,901_GSL_1
21350,68,2026-02-12 19:51:21.070000+00:00,123928.0868768462,426940.4319724996,7.134037928375816,-0.022073515661759302,-0.01576250564539805,0.015224647335590369,0,0.015631325884143194,-0.022166603912075786,0.015224647335590369,905_GSL_1
21351,68,2026-02-12 19:51:21.700000+00:00,123928.08762779014,426940.4330056553,7.117813172700615,-0.021322571716154926,-0.014729349932167679,-0.0010001083396113941,0,0.0014051568930756072,-0.02587723609894728,-0.0010001083396113941,905_GSL_1
21352,67,2026-02-12 19:51:22.550000+00:00,123855.61422761732,426533.0781371516,6.053355741821959,-0.003766856825677678,-0.012965553090907633,0.008947593484383454,0,0.0011052934837803578,-0.01345634064718234,0.008947593484383454,904_GSL_1
21353,71,2026-02-12 19:51:24.510000+00:00,124806.22330568268,426258.5096848341,4.596486607170194,-0.004456252805539407,-0.0054212979739531875,0.004982944020926361,0,0.0023032912642748627,0.006628990129814787,0.004982944020926361,903_GSL_1
21354,71,2026-02-12 19:51:36.600000+00:00,124806.22094808375,426258.5024660743,4.623536170471755,-0.006813851738115773,-0.012640057771932334,0.03203250732248719,0,0.007536934263085446,0.01222269437974864,0.03203250732248719,903_GSL_1
21355,68,2026-02-12 19:51:39.660000+00:00,123928.08940300276,426940.43442393147,7.132900665460939,-0.01954735910112504,-0.013311073766089976,0.014087384420713,0,0.0006581123423814347,-0.02364002582019381,0.014087384420713,905_GSL_1
21356,69,2026-02-12 19:51:40.640000+00:00,124266.9185521321,427056.3152655039,7.1039379142003725,-0.024045064550591633,0.0004271198413334787,0.013436543272939971,0,0.009507298038533207,-0.022089790506192714,0.013436543272939971,906_GSL_1
21357,66,2026-02-12 19:51:46.510000+00:00,124898.94049878292,426720.77085923584,4.082415011714152,0.002893119235523045,-0.0033459189580753446,0.00012848131038811772,0,0.0011624512590189125,0.004267788614184961,0.00012848131038811772,901_GSL_1
21358,67,2026-02-12 19:51:47.920000+00:00,123855.6151555803,426533.0752931972,6.033623106811826,-0.0028388938517309725,-0.015809507516678423,-0.010785041525750216,0,0.011551161308122877,-0.011161116371359652,-0.010785041525750216,904_GSL_1
21359,67,2026-02-12 19:51:53.960000+00:00,123855.615984663,426533.0660805771,6.062359848682205,-0.00200981114176102,-0.025022127607371658,0.01795170034462945,0,0.015711645253192012,-0.019577804122602377,0.01795170034462945,904_GSL_1
21360,69,2026-02-12 19:51:56.170000+00:00,124266.92303464844,427056.3153347166,7.091139381930625,-0.019562548215617426,0.0004963325336575508,0.0006380110031924957,0,0.001095453747772453,-0.01953815804416616,0.0006380110031924957,906_GSL_1
21361,66,2026-02-12 19:51:57.960000+00:00,124898.94028495127,426720.77405596734,4.084731873660425,0.0026792875869432464,-0.00014918745728209615,0.0024453432566602373,0,0.002678115552962337,-0.0001689258888971627,0.0024453432566602373,901_GSL_1
21362,68,2026-02-12 19:52:03.480000+00:00,123928.08841351098,426940.4307073184,7.145295618721397,-0.020536850875942037,-0.017027686815708876,0.026482337681170698,0,0.01997033770608769,-0.017688696223841914,0.026482337681170698,905_GSL_1
21363,71,2026-02-12 19:52:05.530000+00:00,124806.22012316268,426258.50890687655,4.613824944305639,-0.007638772804057226,-0.00619925552746281,0.022321281156371775,0,-0.005005501448442094,0.008469154284604019,0.022321281156371775,903_GSL_1
21364,66,2026-02-12 19:52:13.660000+00:00,124898.94185932745,426720.7641885868,4.085955158471838,0.004253663762938231,-0.010016568005084991,0.003668628068073332,0,-0.00022018630654570062,0.01088011066115763,0.003668628068073332,901_GSL_1
21365,69,2026-02-12 19:52:19.250000+00:00,124266.91994616538,427056.31373351096,7.118880821972265,-0.022651031278655864,-0.00110487308120355,0.02837945104483275,0,0.01528995519000019,-0.01674835015158212,0.02837945104483275,906_GSL_1
21366,110,2026-02-12 19:52:33.380000+00:00,124434.26235674742,426963.9713670357,6.503458481128608,0.12190386356087402,0.036939193785656244,-2.2409146913459965,0,0.06147984676152821,0.1115584350498942,-2.2409146913459965,35_P9_0
21367,149,2026-02-12 19:52:36.460000+00:00,124351.04136610242,426607.39770419925,8.01235841602851,5.4410353186540306e-05,0.0009717337670736015,0.00013257206071237704,0,-0.0009681955196958919,9.911829420312953e-05,0.00013257206071237704,14_P5_1
21368,111,2026-02-12 19:52:45.390000+00:00,124434.26236576198,426963.97131183604,6.50341800662404,0.000675002665957436,-0.006751943321432918,0.042125497009271484,0,-0.0064590602836109,0.002079641187217763,0.042125497009271484,36_P9_0
21369,147,2026-02-12 19:52:51.450000+00:00,124350.92694621389,426607.51117903093,11.371676346915727,0.0004388683009892702,0.001186290814075619,-0.002543294756716108,0,-0.0012407379955524601,-0.0002458871846312181,-0.002543294756716108,13_P5_1
21370,164,2026-02-12 19:52:53.560000+00:00,124091.05910099279,427154.20806230203,9.840585795842692,-0.03622745857865084,0.013331360591109842,0.025952264213294995,0,0.022447528205888807,-0.03140481504043425,0.025952264213294995,907_GSL_1
21371,102,2026-02-12 19:52:58.690000+00:00,124282.39567349345,426301.7937449021,6.901642248793065,0.0023845476243877783,0.00018703751266002655,-0.001655734973670775,0,-0.0007251701557491,-0.0022792934539734616,-0.001655734973670775,02_P1_0
21372,126,2026-02-12 19:53:05.770000+00:00,124339.65804187431,426609.58948219504,6.668206644168814,0.0012212701694807038,0.0009920339798554778,-0.002450544966643875,0,-0.0012378133006419618,-0.0009713137890533512,-0.002450544966643875,17_P5_1
21373,122,2026-02-12 19:53:09.850000+00:00,124329.14950497629,426611.39168463595,8.084763418977156,-4.592676123138517e-05,-0.0003542728954926133,0.0010995805347580045,0,-0.0003543357304836447,4.543943200070462e-05,0.0010995805347580045,16_P5_1
21374,160,2026-02-12 19:53:10.030000+00:00,124421.81303456538,426965.6168369409,5.6027481368089775,0.0018284047400811687,-0.0018010977073572576,0.010566906921638974,0,-0.0006749971072607724,0.002476165533680744,0.010566906921638974,38a_P9_0
21375,103,2026-02-12 19:53:12.090000+00:00,124282.31406565494,426301.7975659259,9.296621343563622,0.0023472477769246325,0.00012177269672974944,-0.0013301422274913932,0,-0.0006543958104266378,-0.002257469122544654,-0.0013301422274913932,01_P1_0
21376,121,2026-02-12 19:53:20.550000+00:00,124329.2603133114,426611.3284923,11.351805358157767,0.0007705416937824339,0.0007758074207231402,-0.002494163916354708,0,-0.0009597246071084348,-0.0005239659668497123,-0.002494163916354708,15_P5_1
21377,120,2026-02-12 19:53:25.540000+00:00,124329.26110297658,426611.33051102824,11.357814455562883,0.0008511414198437706,-0.0006640618667006493,-0.00021671108398990668,0,-0.0004257353252313081,0.0009920530793409257,-0.00021671108398990668,15_P5_1
21378,100,2026-02-12 19:53:25.630000+00:00,124292.48605662698,426345.9302335785,7.585385890582155,0.0023333536664722487,-1.401233021169901e-06,-0.0031136783869429863,0,-0.0005352965717024178,-0.002271122822882352,-0.0031136783869429863,06_P2_0
21379,162,2026-02-12 19:53:28.850000+00:00,124402.99719617907,426879.6457596923,6.554758506529355,0.0017680507589830086,-0.001973895588889718,0.010085463238787895,0,0.0021198474313312244,-0.0015901302305336782,0.010085463238787895,34a_P7_0
21380,123,2026-02-12 19:53:35.570000+00:00,124329.15028316904,426611.39162944915,8.077212149011359,0.0005265569197945297,0.0013514294987544417,-0.0009034960427065641,0,-0.0014447003945269126,-0.00012831465208995994,-0.0009034960427065641,16_P5_1
21381,101,2026-02-12 19:53:39.020000+00:00,124292.40712896867,426345.88328221923,10.214476854822333,0.0018100978340953588,-0.00011130666825920343,-0.00114164277795048,0,-0.00030919172850223375,-0.0017869649740331998,-0.00114164277795048,05_P2_0
21382,124,2026-02-12 19:53:43.280000+00:00,124339.65752947584,426609.5904072255,6.675947757665802,-0.00023624738969374448,0.00016532145673409104,0.0015175618326086493,0,8.316386772155822e-05,-0.0002760937961986489,0.0015175618326086493,17_P5_1
21383,161,2026-02-12 19:53:43.590000+00:00,124402.99174967971,426879.6406145427,6.584227273544414,0.00034593312011566013,-0.006892344274092466,0.042602952720692144,0,0.005879095154597462,-0.0036139064015821985,0.042602952720692144,34a_P7_0
21384,118,2026-02-12 19:53:51.880000+00:00,124372.26095199205,426775.1133633301,6.166518535584304,0.0009246300614904612,0.0006988312816247344,0.0009864665939423034,0,-0.0011353963082820287,-0.00023276841265228244,0.0009864665939423034,22_P6_1
21385,98,2026-02-12 19:53:52.220000+00:00,124302.66196405148,426390.0781205256,7.9781512763867175,0.0011184179311385378,0.00020851701265200973,-0.0008995187441529495,0,-0.0004651275682762007,-0.0010382650713989148,-0.0008995187441529495,10_P3_0
21386,170,2026-02-12 19:53:59.250000+00:00,124669.37343438987,426931.31005044933,13.797621325739584,-0.014612426602980122,0.011553477612324059,0.011431195068196232,0,7.730567073553697e-06,-0.018628091593190302,0.011431195068196232,908_GSL_1
21387,99,2026-02-12 19:54:05.360000+00:00,124302.53916093898,426390.1350280623,11.087016517267976,0.0010806478094309568,0.00021177029702812433,-0.0007386854813908883,0,-0.0004619724758844861,-0.0009996138145586342,-0.0007386854813908883,09_P3_0
21388,74,2026-02-12 19:54:09.870000+00:00,124369.3463548842,426785.72677337495,7.230612190423101,4.1674895328469574e-05,0.00030707824043929577,0.0005583556660289091,0,5.114256909564005e-05,0.00030564404178427975,0.0005583556660289091,21_P6_1
21389,92,2026-02-12 19:54:16.360000+00:00,124278.31356108809,426395.6381597809,11.101465886808167,-0.00041471449367236346,-0.00013084430247545242,-0.00032309641905214903,0,0.00018984897588368067,0.00039123612960478247,-0.00032309641905214903,11_P3_0
21390,166,2026-02-12 19:54:21.950000+00:00,124091.05732572186,427154.2078657898,9.828760608766613,-0.014955113831092604,0.018837810261175036,-0.0010930102961914656,0,0.022450924487131433,-0.008629861807125936,-0.0010930102961914656,907_GSL_1
21391,153,2026-02-12 19:54:29.170000+00:00,124370.27641878702,426819.49671361153,9.735232606501256,0.0025799821451073512,-0.0024094856926240027,0.009152129388267483,0,0.0016465075662310672,-0.0031226498372978594,0.009152129388267483,29_KW_1
21392,73,2026-02-12 19:54:29.400000+00:00,124369.48860671678,426785.6933589307,11.406626323645947,-0.0007328476494876668,-0.0031077234889380634,0.0005717075828712836,0,-0.00022484596828488727,-0.003185036146043401,0.0005717075828712836,20_P6_1
21393,93,2026-02-12 19:54:29.760000+00:00,124278.26763170981,426395.79107195616,7.948199725309613,-0.0004918698687106371,-0.00027814635541290045,-0.0005257949699046804,0,0.0003474169680820024,0.0004456487552586766,-0.0005257949699046804,12_P3_0
21394,125,2026-02-12 19:54:37.460000+00:00,124339.65811286979,426609.59142061527,6.67317885797043,0.00024730616132728755,0.00018676882609724998,-0.0003370801586841665,0,0.00022067687743501015,0.0002175882524349986,-0.0003370801586841665,17_P5_1
21395,94,2026-02-12 19:54:43.630000+00:00,124268.22317731923,426351.5558114969,10.214137926544595,-0.0010451798589201644,-0.00016152358148247004,-0.00035601274636576363,0,0.0003494527210561361,0.000998185153472922,-0.00035601274636576363,07_P2_0
21396,146,2026-02-12 19:54:51.980000+00:00,124350.92503259242,426607.5127359656,11.377399623533664,-0.0012339825188973919,0.0008705687941983342,-0.00192188969041851,0,0.0005903149593711097,-0.001390011198199129,-0.00192188969041851,13_P5_1
21397,152,2026-02-12 19:54:54.400000+00:00,124370.27537090956,426819.499289618,9.729423373834196,-0.0004007523093605414,0.00011958007235080004,0.0005024226063170545,0,0.00020861851937423415,-0.0003624639575672759,0.0005024226063170545,29_KW_1
21398,95,2026-02-12 19:54:57.160000+00:00,124268.10929210775,426351.54880197265,7.193046873775131,-0.0002557944826548919,-0.0003890373627655208,-0.000623984469989125,0,0.00042937780155168277,0.00018004330178842805,-0.000623984469989125,08_P2_0
21399,148,2026-02-12 19:55:07.280000+00:00,124351.03941449338,426607.39941587194,8.013969419778418,-0.0017039212834788486,0.000959977216552943,-0.0014869954339644664,0,0.0005769628806524959,-0.0018686941512569993,-0.0014869954339644664,14_P5_1
21400,117,2026-02-12 19:55:09.300000+00:00,124377.6805500404,426815.9063654606,7.618247936633519,0.0005328963161446154,0.0006594220758415759,0.0008128964610598644,0,0.0006382043001539353,0.0005581319101545266,0.0008128964610598644,26_KW_0
21401,96,2026-02-12 19:55:10.670000+00:00,124258.06090944962,426307.3524354106,9.306563201301447,-6.874681275803596e-05,2.583366585895419e-05,0.0020175931255561608,0,-1.186961968584956e-05,7.247492452299515e-05,0.0020175931255561608,03_P1_0
21402,116,2026-02-12 19:55:23.480000+00:00,124377.68777436914,426815.9007473658,10.006114593109853,0.0004144775739405304,0.0006858021952211857,0.001054837832729305,0,0.000669263172445399,0.0004406848264668811,0.001054837832729305,25_KW_0
21403,168,2026-02-12 19:55:24.280000+00:00,124669.37209300604,426931.31257480197,13.793955456052315,-0.00463896531437058,0.004834229592233896,-0.007384563882913753,0,0.0012010484201303048,-0.00659145337773588,-0.007384563882913753,908_GSL_1
21404,97,2026-02-12 19:55:25.380000+00:00,124257.98682508705,426307.39182226534,6.839006609950641,-0.0010451218258822337,-3.0439288821071386e-05,0.001944419354540372,0,0.00023510667758794724,0.0010187890023910268,0.001944419354540372,04_P1_0
21405,115,2026-02-12 19:55:37.790000+00:00,124396.2900879121,426811.63473358395,7.647788970663915,-2.8477079467847943e-06,0.0008192475070245564,0.0015166778908684009,0,0.0007011992780027759,-0.0004236675108323585,0.0015166778908684009,24_KW_0
21406,114,2026-02-12 19:55:51.290000+00:00,124396.29929545906,426811.6302907289,9.991187026367243,0.0002748140395851806,0.0007519730716012418,0.0005029487170595814,0,0.0007862168046052835,-0.00015116015653203374,0.0005029487170595814,23_KW_0
21407,150,2026-02-12 19:56:06.160000+00:00,124401.10300129857,426812.32211488055,9.182359786970553,-0.00017933135677594692,0.0006832915241830051,0.00034576372674344213,0,0.0004396530577743102,-0.000552948669709165,0.00034576372674344213,27_KW_1
21408,119,2026-02-12 19:56:21.370000+00:00,124400.81444391432,426811.34395666356,3.9848412188769626,0.0002925272419815883,0.0008277822635136545,0.0013070897907798695,0,0.0008354153284095305,-0.0002699572042890139,0.0013070897907798695,28_KW_1
21409,169,2026-02-12 19:56:37.370000+00:00,124669.37631330827,426931.30978322757,13.808284540518791,-0.0027641400520224124,0.007623674639035016,-0.0034706723541013673,0,0.001011162679182454,-0.00804601983997608,-0.0034706723541013673,908_GSL_1
21410,62,2026-02-12 19:56:54.680000+00:00,124390.61104578075,426780.88015518605,7.445456853345255,0.00036556772829499096,0.0009099780581891537,0.0006589797629263927,0,0.00021716768954393445,-0.0009563148147836111,0.0006589797629263927,19_P6_1
21411,72,2026-02-12 19:57:08.670000+00:00,124390.52412179344,426780.8875755822,10.987752193601288,0.00016209058230742812,0.0006446504849009216,0.0006668720345306411,0,5.7831816973595975e-05,-0.000662195655000308,0.0006668720345306411,18_P6_1
21412,130,2026-02-12 20:00:19.890000+00:00,124898.93876124552,426720.76462155854,4.125222715815829,0.00038824825605843216,-0.005055140238255262,0.035159983345634416,0,0.002308635794451351,0.004513909647449522,0.035159983345634416,901_GSL_1
21413,138,2026-02-12 20:00:20.480000+00:00,123928.08801073325,426940.43301146495,7.1203105570305,0.0013918545737396926,0.0012903129099868238,0.0023744934325726774,0,0.00016822342276573426,0.0018904675189359238,0.0023744934325726774,905_GSL_1
21414,139,2026-02-12 20:00:21.070000+00:00,123928.0875523629,426940.433468033,7.132912011440743,0.0006824392039561644,0.0023640203871764243,-0.003689819298513086,0,0.00013624503920300806,0.0024567769429426566,-0.003689819298513086,905_GSL_1
21415,133,2026-02-12 20:00:21.890000+00:00,124806.21898210447,426258.5074116086,4.598062258408349,-0.0029139890539227054,-0.00407220475608483,0.009905154223782908,0,0.0019560507509273264,0.004609560634340098,0.009905154223782908,903_GSL_1
21416,134,2026-02-12 20:00:21.940000+00:00,123855.61331224698,426533.07353055995,6.052614001887705,-0.0011498944368213415,-0.0007675020024180412,0.006771082989924793,0,0.000973758173871089,-0.000981382473028541,0.006771082989924793,904_GSL_1
21417,132,2026-02-12 20:00:35.860000+00:00,124806.22362708213,426258.5042725641,4.624135586343956,0.009492794357356615,-0.0008691863622516394,0.04150341213363529,0,0.005500715868141455,-0.007785290911800448,0.04150341213363529,903_GSL_1
21418,125,2026-02-12 20:00:36.940000+00:00,124339.65901241505,426609.59139325056,6.672954013461464,0.0011468514276202768,0.00015940412413328886,-0.0005619246676502598,0,0.000324127860009915,0.0011115840059081278,-0.0005619246676502598,17_P5_1
21419,137,2026-02-12 20:00:38.950000+00:00,123928.08373971231,426940.4300716243,7.136083308426244,-0.0056595495698275045,-0.003756946767680347,0.013219617460713984,0,0.00026944387878032934,-0.006787676358276542,0.013219617460713984,905_GSL_1
21420,143,2026-02-12 20:00:39.270000+00:00,124266.91954612377,427056.31547065324,7.104512304727921,-2.1304324036464095e-05,0.0012437772238627076,-0.0010294334948568462,0,0.001159049924165422,0.0004517066859305981,-0.0010294334948568462,906_GSL_1
21421,153,2026-02-12 20:00:42.600000+00:00,124370.27637692331,426819.4967593148,9.735275078780194,0.0025381184386787936,-0.00236378243425861,0.00919460166720576,0,0.0016134170117029993,-0.0030702439889393482,0.00919460166720576,29_KW_1
21422,146,2026-02-12 20:00:51.770000+00:00,124350.9260066192,426607.5126514276,11.376647650123635,-0.0002599557483335957,0.000786030781455338,-0.0026738631004477043,0,0.0007133977715719069,-0.000420101178293047,-0.0026738631004477043,13_P5_1
21423,135,2026-02-12 20:00:52.290000+00:00,123855.61530050467,426533.067815002,6.06170345159301,0.001650226433412172,-0.008819919312372804,0.04050500447465222,0,0.0035864069964919774,-0.008225078043022596,0.04050500447465222,904_GSL_1
21424,5,2026-02-12 20:00:52.490000+00:00,124424.61784297261,426919.1399713933,8.77903107483088,0.000640195095911622,-0.006376375793479383,0.01120525282456697,11,-0.006408362564292711,3.0120841138122315e-05,0.01120525282456697,TS4
21425,141,2026-02-12 20:00:55.590000+00:00,124266.91628398851,427056.3150153675,7.093324988708916,-0.0023447629355359823,0.0004970644949935377,0.009190288445817707,0,0.0005687609482080556,-0.0023284109001290927,0.009190288445817707,906_GSL_1
21426,152,2026-02-12 20:00:55.990000+00:00,124370.2756475822,426819.49950019165,9.729379113771753,-0.00012407967005856335,0.0003301537362858653,0.0004581625438735415,0,0.00034984965297239247,-4.4749015860186335e-05,0.0004581625438735415,29_KW_1
21427,136,2026-02-12 20:00:59.580000+00:00,123855.61399586312,426533.07688887126,6.032938348134426,-0.0017742486670613289,0.002780345152132213,0.010645805697687472,0,-0.00018763630629381573,0.003292881734000542,0.010645805697687472,904_GSL_1
21428,148,2026-02-12 20:01:06.640000+00:00,124351.03995744919,426607.39914901747,8.01391161988976,-0.001160965475719422,0.0006931227399036288,-0.0015447953226228606,0,0.00043126891850812406,-0.001281509691072514,-0.0015447953226228606,14_P5_1
21429,122,2026-02-12 20:01:11.870000+00:00,124329.14938892628,426611.3917707071,8.084672292243097,-0.00016197677177842706,-0.0002682017511688173,0.0010084538006989163,0,-0.0003005166291109781,-8.864767088624298e-05,0.0010084538006989163,16_P5_1
21430,150,2026-02-12 20:01:12.100000+00:00,124401.10311736484,426812.3221313666,9.182523138713767,-6.326509173959494e-05,0.0006997775635682046,0.0005091154699581324,0,0.0005223888185277608,-0.00046989470371929307,0.0005091154699581324,27_KW_1
21431,140,2026-02-12 20:01:15.630000+00:00,123928.08859718517,426940.43201749213,7.145181419974736,0.0010734527022577822,-0.0024211847921833396,0.009607713772392223,0,-0.0011518086781510063,-0.0023849052959856597,0.009607713772392223,905_GSL_1
21432,128,2026-02-12 20:01:24.150000+00:00,124898.93860904266,426720.774129057,4.0809829908154756,-0.001692356847343035,0.004865022201556712,-0.0004089401882039212,0,0.0005769599700055498,-0.005118557405500086,-0.0004089401882039212,901_GSL_1
21433,120,2026-02-12 20:01:27.600000+00:00,124329.2610870434,426611.33046671894,11.357844657505156,0.0008352082368219271,-0.0007083711680024862,-0.00018650914171658428,0,-0.00047263999451184284,0.0009879139365856948,-0.00018650914171658428,15_P5_1
21434,129,2026-02-12 20:01:29.480000+00:00,124898.93989464857,426720.77259969886,4.083442335960091,0.00022294979135040194,9.702873649075627e-05,-0.00824240928552289,0,0.00020990051896763984,-0.00012273124013589958,-0.00824240928552289,901_GSL_1
21435,145,2026-02-12 20:01:31.350000+00:00,124266.92043628258,427056.3142105296,7.118101920085557,0.0021125297498656437,-0.0005360780050978065,0.01013498379391109,0,-0.001876564188489548,0.0011084531645927159,0.01013498379391109,906_GSL_1
21436,6,2026-02-12 20:01:31.550000+00:00,124399.03942610441,426925.0752129091,8.5549180746473,0.000255360035225749,-0.00023630581563338637,0.0076113788257430315,11,-0.0002679083088792129,0.00022197820642156746,0.0076113788257430315,TS5
21437,131,2026-02-12 20:01:41+00:00,124806.2177485249,426258.5024516423,4.616115718015455,-0.0007959712529554963,-0.003832422196865082,0.004611245242892359,0,0.000586847783910389,0.003869966383455441,0.004611245242892359,903_GSL_1
21438,3,2026-02-12 20:01:41.200000+00:00,124314.90336644491,426440.79403178574,7.0464115313026365,-0.0038729070220142603,-0.00204549782210961,-0.0320175641884477,11,-0.0043351129278779,0.0006247127691735045,-0.0320175641884477,TS2
21439,124,2026-02-12 20:01:42.570000+00:00,124339.65744677407,426609.5905451022,6.676192557177814,-0.000318949154461734,0.00030319817597046494,0.0017623613446202668,0,0.00018826880907739306,-0.0003977594154413597,0.0017623613446202668,17_P5_1
21440,154,2026-02-12 20:01:42.770000+00:00,124285.66468432675,426445.56280267617,7.893501900773964,5.93267468502745e-05,-0.0010223238496109843,-0.008098099226034883,11,-0.00045955723453905433,0.000915135435090389,-0.008098099226034883,TS1-1
21441,149,2026-02-12 20:01:45.960000+00:00,124351.04057939169,426607.3980814621,8.011233109853421,-0.0007323003810597584,0.0013489965931512415,-0.0009927341143765034,0,-0.001217014255313906,0.0009353779764334105,-0.0009927341143765034,14_P5_1
21442,147,2026-02-12 20:02:01.150000+00:00,124350.92708351553,426607.51123468287,11.372962245034358,0.0005761699430877343,0.0012419427512213588,-0.0012573966380848844,0,-0.001317388089162219,-0.0003726690531322912,-0.0012573966380848844,13_P5_1
21443,126,2026-02-12 20:02:15.840000+00:00,124339.6573318237,426609.58959572663,6.667706771893983,0.0005112195649417117,0.0011055655777454376,-0.00295041724147449,0,-0.00119131529540335,-0.00025374900435829297,-0.00295041724147449,17_P5_1
21444,121,2026-02-12 20:02:30.650000+00:00,124329.25982049502,426611.32854765374,11.352559795378598,0.0002777253102976829,0.0008311611600220203,-0.0017397266955239132,0,-0.0008756248110521405,-3.5233679611957605e-05,-0.0017397266955239132,15_P5_1
21445,123,2026-02-12 20:02:46.370000+00:00,124329.14992859733,426611.3916806538,8.076923819325074,0.00017198520072270185,0.001402634137775749,-0.001191825728991347,0,-0.0013948763933561707,0.00022645370603994935,-0.001191825728991347,16_P5_1
21446,4,2026-02-12 20:02:46.570000+00:00,124378.97062865827,426782.7422667083,7.758936114859047,-0.0011893149348907173,0.0010838008602149785,0.0038604098867809356,11,-0.0015981069225657742,-0.00018747955356301804,0.0038604098867809356,TS3
21447,66,2026-02-12 20:06:20.690000+00:00,124898.93986791422,426720.76787718665,4.1283041648195375,0.0022622505348408595,-0.00632796814898029,0.04601763441577322,0,0.0045285992647769654,0.004965153278193767,0.04601763441577322,901_GSL_1
21448,68,2026-02-12 20:06:21.030000+00:00,123928.07922859509,426940.4263388815,7.119558495094242,-0.029721766768489033,-0.02139612374594435,0.0007452140540156194,0,0.001274885490479962,-0.03659989341758233,0.0007452140540156194,905_GSL_1
21449,68,2026-02-12 20:06:21.470000+00:00,123928.0877477054,426940.4335793492,7.13472621684741,-0.021202656454988755,-0.014155656041111797,0.015912935807183892,0,0.01533983941418774,-0.020362332023849173,0.015912935807183892,905_GSL_1
21450,67,2026-02-12 20:06:21.590000+00:00,123855.61495998425,426533.0759308926,6.054061807378916,-0.0030344898987095803,-0.015171812090557069,0.009653659041339857,0,-5.238661483340644e-05,-0.015472209496356052,0.009653659041339857,904_GSL_1
21451,71,2026-02-12 20:06:23.480000+00:00,124806.22326985981,426258.51114809816,4.598421637749626,-0.004492075677262619,-0.003958033921662718,0.0069179746003582565,0,0.0010359172685603989,0.005896749259378894,0.0069179746003582565,903_GSL_1
21452,71,2026-02-12 20:06:37.340000+00:00,124806.22301882126,426258.5045042668,4.629337271824456,-0.004743114230223,-0.010601865302305669,0.03783360867518848,0,0.006807813001438657,0.009410120223813274,0.03783360867518848,903_GSL_1
21453,69,2026-02-12 20:06:38.570000+00:00,124266.91889240705,427056.315205983,7.105809841078234,-0.023704789608018473,0.00036759895738214254,0.015308470150801945,0,0.009323267127243849,-0.02179745098464367,0.015308470150801945,906_GSL_1
21454,68,2026-02-12 20:06:38.590000+00:00,123928.087068681,426940.4311213341,7.13525736639861,-0.021881680862861685,-0.016613671148661524,0.016444085358384264,0,-0.0006517772315977039,-0.02746629230275478,0.016444085358384264,905_GSL_1
21455,67,2026-02-12 20:06:40.070000+00:00,123855.61512244014,426533.077006168,6.033951586459931,-0.0028720340051222593,-0.014096536673605442,-0.010456561877644432,0,0.010575943803551332,-0.009752452931494002,-0.010456561877644432,904_GSL_1
21456,66,2026-02-12 20:06:45.610000+00:00,124898.9392703353,426720.77268999297,4.075354249117787,0.0016646716103423387,-0.0015151618281379342,-0.0069322812859775595,0,0.0008461187462326971,0.0020858883007006035,-0.0069322812859775595,901_GSL_1
21457,67,2026-02-12 20:06:53.950000+00:00,123855.61598474736,426533.0673727044,6.061122802499741,-0.002009726784308441,-0.0237300003063865,0.016714654162164777,0,0.014986133401827556,-0.01850858508777207,0.016714654162164777,904_GSL_1
21458,69,2026-02-12 20:06:55.140000+00:00,124266.92104060497,427056.31465165975,7.093241263144047,-0.02155659168784041,-0.00018672429723665118,0.0027398922166144146,0,0.0004738522083617722,-0.021552191889552194,0.0027398922166144146,906_GSL_1
21459,68,2026-02-12 20:06:56.170000+00:00,123928.08881061443,426940.43304166227,7.145857039087759,-0.020139747430221178,-0.014693342964164913,0.027043758047533117,0,0.019649648430051018,-0.015342590087435324,0.027043758047533117,905_GSL_1
21460,66,2026-02-12 20:06:58.380000+00:00,124898.93972058347,426720.7718678187,4.085407323297234,0.002114919785526581,-0.0023373360745608807,0.0031207928934700035,0,0.0023766574345500924,0.0020706339762143473,0.0031207928934700035,901_GSL_1
21461,71,2026-02-12 20:07:04.170000+00:00,124806.2191087343,426258.5064211438,4.614919312229954,-0.008653201191918924,-0.008684988308232278,0.02341564908068694,0,-0.0050919737152928845,0.011152520632786331,0.02341564908068694,903_GSL_1
21462,69,2026-02-12 20:07:11.910000+00:00,124266.9202645933,427056.31505931297,7.118338678614992,-0.022332603359245695,0.00022092892322689295,0.027837307687559765,0,0.01599856637516132,-0.015583319810941054,0.027837307687559765,906_GSL_1
21463,66,2026-02-12 20:07:12.960000+00:00,124898.94101313732,426720.76789339154,4.086287003502074,0.0034074736322509125,-0.006311763252597302,0.0040004730983094205,0,0.00052461344004693,0.007153601376219186,0.0040004730983094205,901_GSL_1
21464,110,2026-02-12 20:07:33.850000+00:00,124434.26243403058,426963.97187127196,6.504460567737211,0.12198114671627991,0.03744343004655093,-2.239912604737394,0,0.06198949560305223,0.11152897848877093,-2.239912604737394,35_P9_0
21465,149,2026-02-12 20:07:36.130000+00:00,124351.0415513431,426607.3978255809,8.011366521748702,0.0002396510390099138,0.0010931154247373343,-0.0008593222190960148,0,-0.001117204028304151,-6.47233453878234e-05,-0.0008593222190960148,14_P5_1
21466,111,2026-02-12 20:07:46.340000+00:00,124434.26238602783,426963.9718240563,6.504335700259807,0.0006952685071155429,-0.0062397230649366975,0.043043190645038365,0,-0.005954023681209439,0.0019917691200756404,0.043043190645038365,36_P9_0
21467,147,2026-02-12 20:07:51.670000+00:00,124350.92751029857,426607.5112326997,11.37126784524867,0.0010029529803432524,0.001239959558006376,-0.0029517964237726346,0,-0.0013828732846344438,-0.000794402835414832,-0.0029517964237726346,13_P5_1
21468,164,2026-02-12 20:07:52.580000+00:00,124091.05916845056,427154.2071750429,9.842608369237352,-0.03616000080364756,0.012444101448636502,0.02797483760795494,0,0.021574118081165602,-0.03157465356902072,0.02797483760795494,907_GSL_1
21469,102,2026-02-12 20:07:54.090000+00:00,124282.39496734797,426301.79389841994,6.901506789958277,0.0016784021427156404,0.0003405553288757801,-0.0017911938084589352,0,-0.0007138391901702504,-0.0015567418846023334,-0.0017911938084589352,02_P1_0
21470,160,2026-02-12 20:08:03.330000+00:00,124421.8131180447,426965.61785692076,5.602826431578854,0.0019118840573355556,-0.0007811178802512586,0.010645201691515283,0,0.0002552173726948612,0.002049465755804868,0.010645201691515283,38a_P9_0
21471,126,2026-02-12 20:08:06.070000+00:00,124339.65825312173,426609.58942991256,6.668968254615183,0.0014325175870908424,0.0009397515095770359,-0.001688934520275076,0,-0.0012336005891136017,-0.0011888940758601925,-0.001688934520275076,17_P5_1
21472,103,2026-02-12 20:08:07.450000+00:00,124282.31323017273,426301.79790810676,9.296865786603968,0.001511765571194701,0.00046395353274419904,-0.0010856991871452948,0,-0.0007968142124401257,-0.0013659337954853028,-0.0010856991871452948,01_P1_0
21473,122,2026-02-12 20:08:09.180000+00:00,124329.15097945367,426611.39124057535,8.086685949134965,0.0014285506185842678,-0.0007983334944583476,0.0030221106925676366,0,-0.00040987155503934735,0.001584329052501783,0.0030221106925676366,16_P5_1
21474,100,2026-02-12 20:08:20.990000+00:00,124292.4856959692,426345.9303447479,7.585192949749908,0.001972695885342546,0.00010976818157359958,-0.0033066192191899546,0,-0.0005605361557304123,-0.0018945652081288615,-0.0033066192191899546,06_P2_0
21475,121,2026-02-12 20:08:22.150000+00:00,124329.26014036861,426611.3285985768,11.35196296698565,0.0005975989042781293,0.0008820841903798282,-0.002336555088472636,0,-0.0010136264261843065,-0.0003282658030518686,-0.002336555088472636,15_P5_1
21476,162,2026-02-12 20:08:22.280000+00:00,124402.99716955933,426879.64696899935,6.55503866598156,0.0017414310132153332,-0.0007645885343663394,0.01036562269099317,0,0.0009127845750340915,-0.0016685328646006592,0.01036562269099317,34a_P7_0
21477,120,2026-02-12 20:08:24.980000+00:00,124329.2619271874,426611.3301756267,11.359498052412084,0.0016753522359067574,-0.00099946343107149,0.0014668857652111456,0,-0.0005404825503933262,0.0018744628236183538,0.0014668857652111456,15_P5_1
21478,101,2026-02-12 20:08:34.390000+00:00,124292.40660191704,426345.88342269516,10.214131370463619,0.0012830462073907256,2.916925586760044e-05,-0.0014871271366647676,0,-0.00032431607776333565,-0.0012417235994744565,-0.0014871271366647676,05_P2_0
21479,123,2026-02-12 20:08:37.570000+00:00,124329.15035609853,426611.39166186383,8.077649154673022,0.0005994864040985703,0.0013838441809639335,-0.00046649038104362717,0,-0.0014961872587365903,-0.00018929435459374286,-0.00046649038104362717,16_P5_1
21480,124,2026-02-12 20:08:39.380000+00:00,124339.65845267042,426609.59012192726,6.676537885842141,0.0006869471981190145,-0.00011997675755992532,0.0021076900089473938,0,0.00010082446946219942,0.0006900183343330986,0.0021076900089473938,17_P5_1
21481,161,2026-02-12 20:08:44.910000+00:00,124402.99148163061,426879.64135081135,6.585362828322396,7.788401853758842e-05,-0.006156075629405677,0.04373850749867447,0,0.005362084906547998,-0.0030251245478948837,0.04373850749867447,34a_P7_0
21482,98,2026-02-12 20:08:47.340000+00:00,124302.66183962052,426390.0782667692,7.978087557499498,0.0009939869632944465,0.00035476061748340726,-0.0009632376313728486,0,-0.0005780909720194031,-0.0008829926426568827,-0.0009632376313728486,10_P3_0
21483,118,2026-02-12 20:08:54.020000+00:00,124372.26094111573,426775.1133155924,6.1664898745650225,0.0009137537417700514,0.0006510936073027551,0.0009578055746608527,0,-0.0010923675435864178,-0.0002561287484611205,0.0009578055746608527,22_P6_1
21484,99,2026-02-12 20:09:00.390000+00:00,124302.53887618441,426390.13504714763,11.08684901337272,0.000795893240137957,0.00023085565771907568,-0.000906189376646438,0,-0.00041299292470486383,-0.0007184547505180305,-0.000906189376646438,09_P3_0
21485,170,2026-02-12 20:09:01.360000+00:00,124669.37562450071,426931.3085706869,13.801972932634257,-0.012422315761796199,0.010073715180624276,0.015782801962869186,0,0.00020424340806170035,-0.015992246591907396,0.015782801962869186,908_GSL_1
21486,74,2026-02-12 20:09:10.680000+00:00,124369.34642402247,426785.72681302414,7.230588799312766,0.00011081316915806383,0.00034672743640840054,0.0005349645556940175,0,-3.1508602348390274e-06,0.00036399113409116935,0.0005349645556940175,21_P6_1
21487,166,2026-02-12 20:09:17.680000+00:00,124091.06239983013,427154.20902681653,9.828444890994884,-0.009881005564238876,0.01999883697135374,-0.0014087280679202507,0,0.022039692346718067,-0.003440888319797951,-0.0014087280679202507,907_GSL_1
21488,92,2026-02-12 20:09:18.740000+00:00,124278.31482319241,426395.63764401746,11.102684850732558,0.000847389834234491,-0.0006466077174991369,0.0008958675053385434,0,0.0005162749873756615,-0.0009325401915754958,0.0008958675053385434,11_P3_0
21489,153,2026-02-12 20:09:21.240000+00:00,124370.27669338316,426819.4979050421,9.735387550841697,0.0028545782843139023,-0.0012180551420897245,0.009307073728708204,0,0.00042480234309965253,-0.0030743809913126845,0.009307073728708204,29_KW_1
21490,73,2026-02-12 20:09:29.640000+00:00,124369.48871621855,426785.6934127672,11.406568271701026,-0.0006233458843780681,-0.0030538869905285537,0.000513655637950805,0,-0.0003133742868508094,-0.003101061495493337,0.000513655637950805,20_P6_1
21491,93,2026-02-12 20:09:32.360000+00:00,124278.26884295228,426395.7906098917,7.949795010584505,0.0007193726050900295,-0.0007402108167298138,0.001069490304987042,0,0.0006264249430874009,-0.0008203662528625738,0.001069490304987042,12_P3_0
21492,125,2026-02-12 20:09:32.750000+00:00,124339.65890598901,426609.5914075794,6.67237092926495,0.0010404253844171762,0.0001737329876050353,-0.001145008864163799,0,0.00032286241407496137,0.001004205154885937,-0.001145008864163799,17_P5_1
21493,94,2026-02-12 20:09:46.460000+00:00,124268.22405672717,426351.55554182146,10.216031968195836,-0.00016577192582190037,-0.0004311990342102945,0.0015380289048749773,0,0.0004542031343744712,8.43353497591514e-05,0.0015380289048749773,07_P2_0
21494,146,2026-02-12 20:09:48.170000+00:00,124350.92591360224,426607.5125576429,11.37709166296927,-0.00035297269641887397,0.0006922460743226111,-0.002229850254812149,0,0.0006020834403916892,-0.0004912126653888149,-0.002229850254812149,13_P5_1
21495,152,2026-02-12 20:09:54.870000+00:00,124370.27537902012,426819.4993360405,9.729336718760935,-0.0003926417412003502,0.00016600260278210044,0.00041576753305605507,0,0.0002519274075974525,-0.00034388512960653253,0.00041576753305605507,29_KW_1
21496,95,2026-02-12 20:09:59.860000+00:00,124268.11039233605,426351.5486259136,7.194123445059782,0.0008444338163826615,-0.0005650963867083192,0.00045258681466187056,0,0.00040049311702377595,-0.0009338135037243597,0.00045258681466187056,08_P2_0
21497,148,2026-02-12 20:10:03.400000+00:00,124351.04024059999,426607.3990885288,8.013752422159921,-0.0008778146730037406,0.0006326340953819454,-0.0017039930524607172,0,0.00043217734872859933,-0.0009919713897216568,-0.0017039930524607172,14_P5_1
21498,117,2026-02-12 20:10:09.390000+00:00,124377.68056401641,426815.906355186,7.618026882718862,0.0005468723247759044,0.0006491474923677742,0.0005918425464024324,0,0.000627394094096791,0.0005716978722591494,0.0005918425464024324,26_KW_0
21499,96,2026-02-12 20:10:13.780000+00:00,124258.06186559163,426307.3520919025,9.307134980807955,0.0008873952028807253,-0.0003176744212396443,0.0025893726320642685,0,0.00013772181983550126,-0.0009324269324439659,0.0025893726320642685,03_P1_0
21500,168,2026-02-12 20:10:19.880000+00:00,124669.37544598016,426931.3099332038,13.794420676308984,-0.001285991194890812,0.0021926314220763743,-0.006919343626243801,0,0.0010239177082040367,-0.0023265851442058924,-0.006919343626243801,908_GSL_1
21501,116,2026-02-12 20:10:23.790000+00:00,124377.68775189035,426815.90073108213,10.006195070899842,0.00039199877937790006,0.0006695185438729823,0.0011353156227187355,0,0.0006538608623748169,0.000417593218668626,0.0011353156227187355,25_KW_0
21502,97,2026-02-12 20:10:28.320000+00:00,124257.98753161482,426307.3915888835,6.83973101796804,-0.0003385940508451313,-0.00026382115902379155,0.0026688273719397415,0,0.00032518480513656,0.0002801827577219368,0.0026688273719397415,04_P1_0
21503,115,2026-02-12 20:10:38.250000+00:00,124396.28999675754,426811.63471830444,7.6478126645121325,-9.400227281730622e-05,0.0008039679960347712,0.001540371739086055,0,0.0006412260224066471,-0.0004939940830936492,0.001540371739086055,24_KW_0
21504,114,2026-02-12 20:10:51.590000+00:00,124396.29923660637,426811.6302905248,9.991493669031897,0.00021596135047730058,0.0007517689955420792,0.0008095913817136591,0,0.0007557672013418059,-0.00020152385698547054,0.0008095913817136591,23_KW_0
21505,150,2026-02-12 20:11:06.450000+00:00,124401.10304196904,426812.3221298022,9.18242956923979,-0.00013866089284420013,0.0006982131744734943,0.00041554599598114805,0,0.00047596625970395265,-0.0005293246639219963,0.00041554599598114805,27_KW_1
21506,119,2026-02-12 20:11:21.770000+00:00,124400.81443353504,426811.3440123409,3.9848270900280105,0.0002821479574777186,0.0008834595791995525,0.0012929609418277366,0,0.0008733637135235385,-0.00031200019533435177,0.0012929609418277366,28_KW_1
21507,169,2026-02-12 20:11:38.940000+00:00,124669.37646839954,426931.3089157131,13.808806556891705,-0.0026090487808687612,0.0067561601754277945,-0.0029486559811875424,0,0.000754149377379482,-0.00720306147228992,-0.0029486559811875424,908_GSL_1
21508,62,2026-02-12 20:11:56.970000+00:00,124390.6109914192,426780.88016000396,7.4454221442589,0.0003112061822321266,0.0009147959644906223,0.0006242706765711148,0,0.00016272787042024048,-0.0009524812778718104,0.0006242706765711148,19_P6_1
21509,72,2026-02-12 20:12:11.070000+00:00,124390.52433464477,426780.8877698198,10.987652624796105,0.00037494191201403737,0.0008388881105929613,0.0005673032293476155,0,0.00023719469714905456,-0.0008877237042702752,0.0005673032293476155,18_P6_1
21510,130,2026-02-12 20:15:19.850000+00:00,124898.93879505017,426720.7655965501,4.127218519478394,0.00042205290810670704,-0.004080148704815656,0.037155787008199326,0,0.0019636407008919825,0.003601368810390106,0.037155787008199326,901_GSL_1
21511,139,2026-02-12 20:15:20.450000+00:00,123928.0879011571,426940.4343081701,7.1314677244679565,0.0010312334052287042,0.0032041575177572668,-0.005134106271299288,0,8.435643174486134e-05,0.003364959394566786,-0.005134106271299288,905_GSL_1
21512,138,2026-02-12 20:15:20.690000+00:00,123928.08918781973,426940.4338595998,7.119780488038784,0.0025689410540508106,0.0021384477731771767,0.0018444244408568622,0,0.00011828180622448409,0.003340423091781996,0.0018444244408568622,905_GSL_1
21513,133,2026-02-12 20:15:22.460000+00:00,124806.2202744168,426258.5092497629,4.6000944531423755,-0.0016216767253354192,-0.002234050421975553,0.011937348957809846,0,0.0010611024148752136,0.002548505121550621,0.011937348957809846,903_GSL_1
21514,134,2026-02-12 20:15:22.490000+00:00,123855.6149058841,426533.0743738739,6.052282014217793,0.0004437426832737401,7.581192767247558e-05,0.006439095320012633,0,-0.000419713848772879,0.00016277377701783647,0.006439095320012633,904_GSL_1
21515,125,2026-02-12 20:15:35.470000+00:00,124339.65947217445,426609.5913248797,6.672524927862833,0.0016066108219092712,9.10332310013473e-05,-0.0009910102662811227,0,0.00032319269846982953,0.0015763983829851888,-0.0009910102662811227,17_P5_1
21516,132,2026-02-12 20:15:35.940000+00:00,124806.22023808955,426258.5031543477,4.625304301200913,0.006103801773861051,-0.001987402734812349,0.04267212699059186,0,0.00477391223048893,-0.004291378303123266,0.04267212699059186,903_GSL_1
21517,143,2026-02-12 20:15:38.190000+00:00,124266.91889523793,427056.31520721514,7.105840450183751,-0.0006721901590935886,0.0009803391294553876,0.00029871196097364106,0,0.0011619691358500158,-0.00025046386177566345,0.00029871196097364106,906_GSL_1
21518,153,2026-02-12 20:15:39+00:00,124370.27600927124,426819.49793615245,9.735406337775338,0.0021704663668060675,-0.0011869447771459818,0.009325860662348973,0,0.0005746256200035716,-0.0024061520214371255,0.009325860662348973,29_KW_1
21519,137,2026-02-12 20:15:39.260000+00:00,123928.0859981814,426940.4304092734,7.135104733016662,-0.003401080481125973,-0.0034192976308986545,0.012241042051131856,0,-0.0007795886807829191,-0.0047593262355674236,0.012241042051131856,905_GSL_1
21520,146,2026-02-12 20:15:50.560000+00:00,124350.92680083319,426607.51232652075,11.376639444152577,0.0005342582444427535,0.00046112394193187356,-0.0026820690715059214,0,0.0005635574024003937,0.00042481786188620116,-0.0026820690715059214,13_P5_1
21521,135,2026-02-12 20:15:52.360000+00:00,123855.61571433433,426533.0675741702,6.063818428258785,0.0020640560978790745,-0.009060751122888178,0.042619981140427754,0,0.0033791822015413154,-0.008656712201228451,0.042619981140427754,904_GSL_1
21522,5,2026-02-12 20:15:52.560000+00:00,124424.61801210318,426919.1416836145,8.778470454841782,0.0008093256619758904,-0.004664154548663646,0.01064463283546857,11,-0.004721673273530906,0.0003393334333313332,0.01064463283546857,TS4
21523,152,2026-02-12 20:15:53.280000+00:00,124370.27558893598,426819.4994432597,9.72922290522661,-0.00018272588204126805,0.00027322175446897745,0.00030195399873100826,0,0.00030794640992162103,-0.00011492555720661322,0.00030195399873100826,29_KW_1
21524,136,2026-02-12 20:15:55.210000+00:00,123855.61511207621,426533.07700639457,6.036151390035018,-0.0006580355839105323,0.0028978684567846358,0.013858847598279489,0,-0.001161658606456525,0.002735178550765073,0.013858847598279489,904_GSL_1
21525,141,2026-02-12 20:15:55.620000+00:00,124266.9187350693,427056.31458013173,7.092655348816587,0.00010631784971337765,6.18287012912333e-05,0.008520648553488996,0,5.853787610265499e-05,0.00010816464548283383,0.008520648553488996,906_GSL_1
21526,148,2026-02-12 20:16:05.680000+00:00,124351.04099042436,426607.39902963955,8.01350783420384,-0.00012799030810128897,0.0005737448227591813,-0.001948581008541339,0,0.0005335744272217175,-0.00024670421809495533,-0.001948581008541339,14_P5_1
21527,150,2026-02-12 20:16:09.670000+00:00,124401.10315695012,426812.3221702006,9.1823996604053,-2.3679807782173157e-05,0.0007386115612462163,0.00038563716149120353,0,0.0005771977947944421,-0.0004614655755174019,0.00038563716149120353,27_KW_1
21528,140,2026-02-12 20:16:11.510000+00:00,123928.08867251247,426940.43179018685,7.144934441209914,0.0011487800074974075,-0.0026484900736249983,0.009360735007570398,0,-0.0012344992725320286,-0.0026096372778288144,0.009360735007570398,905_GSL_1
21529,122,2026-02-12 20:16:12.240000+00:00,124329.1503093355,426611.3915707716,8.087203838835183,0.0007584324484923854,-0.0004681372665800154,0.0035400003927854584,0,-0.00026045017685512014,0.0008523719755267063,0.0035400003927854584,16_P5_1
21530,129,2026-02-12 20:16:26.170000+00:00,124898.94005992035,426720.77487903315,4.082640519293874,0.00038822156784590334,0.0023763630306348205,-0.00904422595173937,0,0.00010426981999721011,-0.0024056070011010504,-0.00904422595173937,901_GSL_1
21531,145,2026-02-12 20:16:27.340000+00:00,124266.92035038116,427056.31522056245,7.1186983576231375,0.002026628324529156,0.0004739548312500119,0.010731421331491298,0,-0.0011038185435445866,0.001764494310213606,0.010731421331491298,906_GSL_1
21532,6,2026-02-12 20:16:27.540000+00:00,124399.03945733963,426925.07508610666,8.555274005235121,0.00028659525560215116,-0.00036310823634266853,0.007967309413563939,11,-0.0004569699871937118,-7.185306282772129e-05,0.007967309413563939,TS5
21533,120,2026-02-12 20:16:28.190000+00:00,124329.26182391241,426611.330208452,11.359227161790884,0.0015720772498752922,-0.0009666380938142538,0.0011959951440108085,0,-0.0005350038872143698,0.0017662352404631241,0.0011959951440108085,15_P5_1
21534,128,2026-02-12 20:16:29.960000+00:00,124898.9395363471,426720.77212308114,4.074221557503133,-0.0007650524057680741,0.0028590463334694505,-0.00717037350054639,0,0.0005460153257612839,-0.0029088345405901697,-0.00717037350054639,901_GSL_1
21535,149,2026-02-12 20:16:43.260000+00:00,124351.04128067936,426607.3978701317,8.012348693805537,-3.101270704064518e-05,0.0011376662296243012,0.00012284983773902525,0,-0.0011186254970894365,0.00020957870904978132,0.00012284983773902525,14_P5_1
21536,124,2026-02-12 20:16:43.290000+00:00,124339.6584508062,426609.59007268446,6.676913220563044,0.0006850829668110237,-0.00016921956557780504,0.0024830247298508468,0,5.346767826560076e-05,0.0007036441857713467,0.0024830247298508468,17_P5_1
21537,154,2026-02-12 20:16:43.490000+00:00,124285.6648067153,426445.56221358845,7.89201149415074,0.00018171529518440366,-0.0016114115715026855,-0.009588505849259299,11,-0.0016192325453953562,8.805489883694947e-05,-0.009588505849259299,TS1-1
21538,131,2026-02-12 20:16:47.080000+00:00,124806.2189157664,426258.5060190078,4.616855272818023,0.000371270245523192,-0.0002650566748343408,0.005350800045460957,0,0.00044028454148393434,0.00011935727298899896,0.005350800045460957,903_GSL_1
21539,3,2026-02-12 20:16:47.280000+00:00,124314.9030722542,426440.7933908243,7.046238797212991,-0.004167097737081349,-0.0026864592800848186,-0.03219029827809283,11,-0.00482762906868851,0.0011294974940636428,-0.03219029827809283,TS2
21540,147,2026-02-12 20:16:59.370000+00:00,124350.92713388959,426607.51125145314,11.371711750886211,0.000626544002443552,0.0012587130186147988,-0.0025078907862319255,0,-0.0013419081214078373,-0.00041975998371456745,-0.0025078907862319255,13_P5_1
21541,126,2026-02-12 20:17:13.310000+00:00,124339.6574350201,426609.5895129423,6.668994512747631,0.0006144159560790285,0.0010227812454104424,-0.0016626763878271333,0,-0.0011334342392661065,-0.00037271338627302474,-0.0016626763878271333,17_P5_1
21542,121,2026-02-12 20:17:27.690000+00:00,124329.26028062076,426611.32861111645,11.35201739576853,0.0007378510490525514,0.0008946238667704165,-0.0022821263055909924,0,-0.0010647340121974621,-0.0004594752625039752,-0.0022821263055909924,15_P5_1
21543,123,2026-02-12 20:17:43.270000+00:00,124329.15002449842,426611.3917578535,8.077424419796351,0.00026788629475049675,0.0014798338524997234,-0.0006912252577144784,0,-0.0014957808870556717,0.00015591932477493467,-0.0006912252577144784,16_P5_1
21544,4,2026-02-12 20:17:43.470000+00:00,124378.97066793486,426782.7419069517,7.758396603005707,-0.0011500383407110348,0.0007240442791953683,0.0033208980334409333,11,-0.0013565069468426385,8.195856580366548e-05,0.0033208980334409333,TS3
21545,68,2026-02-12 20:21:20.860000+00:00,123928.08474959609,426940.43048661924,7.12088243008443,-0.02420076576527208,-0.017248385993298143,0.002069149044204188,0,0.0011750857556327068,-0.029695168907859035,0.002069149044204188,905_GSL_1
21546,67,2026-02-12 20:21:20.990000+00:00,123855.61507134144,426533.0745232498,6.051995434506333,-0.002923132706200704,-0.0165794548811391,0.007587286168757146,0,-0.00044227229319692833,-0.016829361966291465,0.007587286168757146,904_GSL_1
21547,68,2026-02-12 20:21:20.990000+00:00,123928.087495883,426940.43329916033,7.1310435537208745,-0.021454478861414827,-0.014435844903346151,0.012230272680648469,0,0.015485029514944782,-0.020709952733158274,0.012230272680648469,905_GSL_1
21548,66,2026-02-12 20:21:21.980000+00:00,124898.93926497379,426720.76777195104,4.12652333643876,0.0016593101026955992,-0.0064332037582062185,0.0442368060349958,0,0.004012964242057157,0.005294859639638894,0.0442368060349958,901_GSL_1
21549,71,2026-02-12 20:21:23.240000+00:00,124806.22297769942,426258.51087521965,4.599976526989572,-0.0047842360654613,-0.004230912425555289,0.008472863840304434,0,0.0011164780400731774,0.00628832342272669,0.008472863840304434,903_GSL_1
21550,71,2026-02-12 20:21:38.070000+00:00,124806.22148237561,426258.5054721694,4.62720020541821,-0.006279559878748842,-0.00963396270526573,0.035696542268942366,0,0.0052011851953642435,0.010256402012439204,0.035696542268942366,903_GSL_1
21551,68,2026-02-12 20:21:38.380000+00:00,123928.08760451757,426940.43101235555,7.1313576250388095,-0.021345844288589433,-0.01672264968510717,0.012544343998583507,0,-0.001053930339227272,-0.027095780330589805,0.012544343998583507,905_GSL_1
21552,69,2026-02-12 20:21:39.220000+00:00,124266.91945303878,427056.31538169965,7.105861469020259,-0.023144157879869454,0.0005433156038634479,0.015360098092826568,0,0.009273422776247797,-0.02121204530041112,0.015360098092826568,906_GSL_1
21553,67,2026-02-12 20:21:40.170000+00:00,123855.61498920413,426533.0767371555,6.038719034942368,-0.0030052700167289004,-0.014365549199283123,-0.005689113395208167,0,0.01084137540781057,-0.009892685729234196,-0.005689113395208167,904_GSL_1
21554,66,2026-02-12 20:21:46.260000+00:00,124898.94088070645,426720.7695570216,4.074878923311608,0.0032750427635619417,-0.004648133181035519,-0.007407607092156709,0,0.0009439210216875894,0.005607143682537399,-0.007407607092156709,901_GSL_1
21555,69,2026-02-12 20:21:55.390000+00:00,124266.92171626734,427056.31398042967,7.092457650653415,-0.020880929310806096,-0.000857954379171133,0.001956279725982668,0,-0.00021776129382822444,-0.02089741310828999,0.001956279725982668,906_GSL_1
21556,68,2026-02-12 20:21:55.970000+00:00,123928.08866008477,426940.4319076198,7.14582487726339,-0.020290277083404362,-0.015827385417651385,0.02701159622316407,0,0.019763094857995885,-0.01648094520693715,0.02701159622316407,905_GSL_1
21557,66,2026-02-12 20:21:56.700000+00:00,124898.93980412136,426720.77351918956,4.083627911267409,0.002198457674239762,-0.0006859652348794043,0.001341380863644659,0,0.0022641862386536494,0.00042098114634541296,0.001341380863644659,901_GSL_1
21558,67,2026-02-12 20:22:00.200000+00:00,123855.61505175041,426533.0704998479,6.065013800459214,-0.002942723731393926,-0.020602856820914894,0.02060565212163823,0,0.014002517695394312,-0.015396974713644155,0.02060565212163823,904_GSL_1
21559,71,2026-02-12 20:22:04.760000+00:00,124806.21814847313,426258.5039714912,4.615313450003951,-0.009613462359993719,-0.01113464089576155,0.0238097868546836,0,-0.005140210873251942,0.013783218731598365,0.0238097868546836,903_GSL_1
21560,69,2026-02-12 20:22:12+00:00,124266.92021145564,427056.31484956876,7.1188770077653665,-0.022385741016478278,1.118471845984459e-05,0.028375636837933982,0,0.015888428741244583,-0.01576957063743836,0.028375636837933982,906_GSL_1
21561,66,2026-02-12 20:22:12.960000+00:00,124898.94153090719,426720.76633462927,4.087221599562156,0.00392524350900203,-0.00787052552914247,0.004935069158391592,0,0.00035879814903476973,0.008787717143723684,0.004935069158391592,901_GSL_1
21562,149,2026-02-12 20:22:33.200000+00:00,124351.04143557536,426607.39794515853,8.011282497632257,0.00012388329196255654,0.001212693052366376,-0.000943346335541051,0,-0.001217083086212055,6.8412502817084e-05,-0.000943346335541051,14_P5_1
21563,111,2026-02-12 20:22:40.440000+00:00,124434.26250869219,426963.97355218575,6.503891604531151,0.0008179328724509105,-0.004511593608185649,0.04259909491638236,0,-0.004238730078226363,0.0017483301728210632,0.04259909491638236,36_P9_0
21564,147,2026-02-12 20:22:49.060000+00:00,124350.92733018266,426607.5112192897,11.371675433517257,0.0008228370716096833,0.0012265495606698096,-0.0025442081551858564,0,-0.0013411685156536233,-0.0006186692846860578,-0.0025442081551858564,13_P5_1
21565,110,2026-02-12 20:22:52.540000+00:00,124434.2624987176,426963.9735498126,6.503802538929476,0.12204583373386413,0.03912197070894763,-2.240570633545129,0,0.0636452606711932,0.11124295446472839,-2.240570633545129,35_P9_0
21566,164,2026-02-12 20:22:53.240000+00:00,124091.05789397309,427154.20615966275,9.837783635652816,-0.03743447827582713,0.011428721307311207,0.02315010402341855,0,0.020932418990605214,-0.03307249113243986,0.02315010402341855,907_GSL_1
21567,102,2026-02-12 20:22:59.780000+00:00,124282.39562957885,426301.7938974479,6.9016497906854335,0.0023406330292345956,0.0003395832609385252,-0.0016481930813023737,0,-0.0008637065085175991,-0.002201792641416966,-0.0016481930813023737,02_P1_0
21568,126,2026-02-12 20:23:03.390000+00:00,124339.6583193966,426609.5894149124,6.668960817002251,0.0014987924660090357,0.0009247513371519744,-0.001696372133206836,0,-0.001233646585865849,-0.0012568452541627173,-0.001696372133206836,17_P5_1
21569,160,2026-02-12 20:23:03.690000+00:00,124421.81312704568,426965.61780295416,5.603221948586153,0.0019208850426366553,-0.0008350844727829099,0.011040718698814622,0,0.0002125684570642914,0.0020837418445598392,0.011040718698814622,38a_P9_0
21570,122,2026-02-12 20:23:10.160000+00:00,124329.15100187888,426611.3908325994,8.085345378350036,0.0014509758329950273,-0.001206309418193996,0.0016815399076381965,0,-0.0007988194627169204,0.0017095030700012798,0.0016815399076381965,16_P5_1
21571,103,2026-02-12 20:23:13.220000+00:00,124282.31380643003,426301.7976215539,9.297028935671822,0.002088022869429551,0.00017740065231919289,-0.0009225501192915431,0,-0.0006493780512756849,-0.0019923901829775924,-0.0009225501192915431,01_P1_0
21572,121,2026-02-12 20:23:18.110000+00:00,124329.26043528582,426611.3284017322,11.351620951751489,0.0008925161091610789,0.000685239618178457,-0.002678570322633078,0,-0.0009067140108641479,-0.0006663392844010013,-0.002678570322633078,15_P5_1
21573,162,2026-02-12 20:23:22+00:00,124402.99740348787,426879.646904225,6.5555279183877255,0.0019753595552174374,-0.0008293628925457597,0.010854875097158434,0,0.0009976084751545566,-0.0018959603134613607,0.010854875097158434,34a_P7_0
21574,120,2026-02-12 20:23:26.040000+00:00,124329.26198148218,426611.32964243303,11.358664045763248,0.001729647017782554,-0.0015326570719480515,0.000632879116375662,0,-0.00104233550750175,0.0020625841064348207,0.000632879116375662,15_P5_1
21575,100,2026-02-12 20:23:26.580000+00:00,124292.4855076165,426345.93023719767,7.58555579686612,0.0017843431851360947,2.217944711446762e-06,-0.002943772102978137,0,-0.0004125489273618571,-0.0017359979562640469,-0.002943772102978137,06_P2_0
21576,123,2026-02-12 20:23:33.200000+00:00,124329.1503882008,426611.39160224167,8.078594018468774,0.0006315886712400243,0.0013242220156826079,0.0004783734147082441,0,-0.0014478985021632782,-0.0002367659686073656,0.0004783734147082441,16_P5_1
21577,124,2026-02-12 20:23:39.800000+00:00,124339.65881600918,426609.589352664,6.675643520260493,0.0010502859513508156,-0.0008892400073818862,0.0012133244273000443,0,-0.0005162680821530932,0.0012756628228820467,0.0012133244273000443,17_P5_1
21578,101,2026-02-12 20:23:39.880000+00:00,124292.40688490306,426345.88335874653,10.214224937515441,0.001566032224218361,-3.477936843410134e-05,-0.0013935600848427043,0,-0.00032736213788778,-0.0015318291557600424,-0.0013935600848427043,05_P2_0
21579,118,2026-02-12 20:23:49.100000+00:00,124372.26097905771,426775.1132710603,6.166543490183174,0.0009516957215964794,0.0006065614870749414,0.0010114211928122785,0,-0.0010839867287889852,-0.0003140292278068448,0.0010114211928122785,22_P6_1
21580,161,2026-02-12 20:23:49.950000+00:00,124402.99162061638,426879.643144894,6.584653042039317,0.00021686978288926184,-0.004361992992926389,0.04302872121559531,0,0.003721773465770214,-0.002285260957212135,0.04302872121559531,34a_P7_0
21581,98,2026-02-12 20:23:52.980000+00:00,124302.66189290756,426390.07820040657,7.977975991996015,0.0010472740104887635,0.00028839800506830215,-0.0010748031348555287,0,-0.0005260847288794323,-0.0009503636779740949,-0.0010748031348555287,10_P3_0
21582,170,2026-02-12 20:23:56.670000+00:00,124669.37520967067,426931.30837286357,13.797965100138022,-0.012837145797675475,0.009875891846604645,0.011774969466634033,0,-0.00020812348304086355,-0.0161951300276477,0.011774969466634033,908_GSL_1
21583,99,2026-02-12 20:24:06.330000+00:00,124302.5390954532,426390.1350691538,11.087148408945541,0.0010151620372198522,0.0002528618206270039,-0.0006067938038256671,0,-0.0004863642021750054,-0.0009262520850102494,-0.0006067938038256671,09_P3_0
21584,74,2026-02-12 20:24:06.800000+00:00,124369.34646443141,426785.72659241955,7.230515732580112,0.0001512221060693264,0.00012612284626811743,0.0004618978230395143,0,-0.00010708356064693867,0.0001652519553711459,0.0004618978230395143,21_P6_1
21585,92,2026-02-12 20:24:13.720000+00:00,124278.3149383761,426395.63701503404,11.101345106787925,0.0009625735256122425,-0.0012755911448039114,-0.00044387643929511,0,0.0011217665508027924,-0.0011381214198896976,-0.00044387643929511,11_P3_0
21586,153,2026-02-12 20:24:20.630000+00:00,124370.27682266012,426819.49770521594,9.736236310439399,0.002983855243655853,-0.0014178812853060663,0.010155833326409791,0,0.0005836140677762361,-0.0032516417505942113,0.010155833326409791,29_KW_1
21587,73,2026-02-12 20:24:23.210000+00:00,124369.48851849893,426785.6932706611,11.407328647394671,-0.0008210655068978667,-0.0031959930784069,0.0012740313315955376,0,-0.0001668814042836038,-0.003295553204053395,0.0012740313315955376,20_P6_1
21588,166,2026-02-12 20:24:24.140000+00:00,124091.05914789304,427154.20792263467,9.823070933455805,-0.013132942651282065,0.018894655106123537,-0.006782685606999905,0,0.02195966733308476,-0.006874240676720147,-0.006782685606999905,907_GSL_1
21589,93,2026-02-12 20:24:26.770000+00:00,124278.26898773883,426395.79011819465,7.947968033720477,0.0008641591557534412,-0.0012319078668951988,-0.0007574865590402879,0,0.0010914933774019678,-0.0010358620786950475,-0.0007574865590402879,12_P3_0
21590,125,2026-02-12 20:24:38.930000+00:00,124339.65803662327,426609.5913345375,6.673099817072417,0.0001710596407065168,0.00010069104610010982,-0.0004161210566966389,0,0.0001244465434234605,0.000154638757345401,-0.0004161210566966389,17_P5_1
21591,94,2026-02-12 20:24:40.960000+00:00,124268.22418248923,426351.5549276202,10.213550182093911,-4.000986518803984e-05,-0.0010454002767801285,-0.0009437571970494218,0,0.0010351588594041932,-0.00015135608280258915,-0.0009437571970494218,07_P2_0
21592,152,2026-02-12 20:24:48.420000+00:00,124370.27553869187,426819.4996354965,9.729254157251026,-0.00023296999279409647,0.00046545860823243856,0.00033320602314645953,0,0.0005065865769836469,-0.00011956911616363018,0.00033320602314645953,29_KW_1
21593,146,2026-02-12 20:24:53.720000+00:00,124350.92559363048,426607.51263041707,11.376951712298863,-0.000672944457619451,0.0007650202605873346,-0.002369800925219323,0,0.0006056382046014969,-0.0008193366873739548,-0.002369800925219323,13_P5_1
21594,95,2026-02-12 20:24:54.660000+00:00,124268.11017811803,426351.5481007195,7.192492987954942,0.0006302157999016345,-0.0010902904905378819,-0.001177870290177907,0,0.0009560829443336525,-0.0008196405991392118,-0.001177870290177907,08_P2_0
21595,117,2026-02-12 20:25:02.440000+00:00,124377.68054487539,426815.90645486827,7.618111697657892,0.0005277313030092046,0.0007488297414965928,0.0006766574854326635,0,0.000727745179727598,0.0005564469995506247,0.0006766574854326635,26_KW_0
21596,96,2026-02-12 20:25:08.660000+00:00,124258.06227595602,426307.35154571687,9.30549153744155,0.0012977595906704664,-0.0008638600702397525,0.0009459292656597285,0,0.0005929554368347593,-0.00144181761192597,0.0009459292656597285,03_P1_0
21597,148,2026-02-12 20:25:08.720000+00:00,124351.0399628241,426607.3992481021,8.014267967569623,-0.0011555905657587573,0.0007922073709778488,-0.0011884476427592716,0,0.0005292411205036605,-0.0012972609262096463,-0.0011884476427592716,14_P5_1
21598,116,2026-02-12 20:25:18.320000+00:00,124377.68780352722,426815.9006883498,10.006115198455316,0.0004436356539372355,0.000626786204520613,0.0010554431781919504,0,0.0006091638891359881,0.000467539191720215,0.0010554431781919504,25_KW_0
21599,97,2026-02-12 20:25:22.140000+00:00,124257.98789209024,426307.3908964107,6.838856950975732,2.1881365682929754e-05,-0.0009562939521856606,0.0017947603796315548,0,0.0009333696988708166,-0.00020927953168148528,0.0017947603796315548,04_P1_0
21600,168,2026-02-12 20:25:26.040000+00:00,124669.37298018478,426931.31169921625,13.7955752385395,-0.0037517865712288767,0.00395864387974143,-0.0057647813957277805,0,0.0010110174150735742,-0.005359534273524666,-0.0057647813957277805,908_GSL_1
21601,115,2026-02-12 20:25:32.830000+00:00,124396.29002863044,426811.6346992531,7.647827461950781,-6.212937296368182e-05,0.0007849166286177933,0.0015551691777346832,0,0.0006412735832579911,-0.00045686142787615527,0.0015551691777346832,24_KW_0
21602,114,2026-02-12 20:25:46.620000+00:00,124396.29920671115,426811.6302463379,9.991541268546865,0.00018606612866278738,0.0007075821049511433,0.000857190896681459,0,0.0007024965700942309,-0.00020442995986031285,0.000857190896681459,23_KW_0
21603,150,2026-02-12 20:26:01.200000+00:00,124401.10306546904,426812.32223982614,9.182375282516364,-0.00011516088852658868,0.0008082371205091476,0.0003612592725552588,0,0.0005781381563751745,-0.0005764247959259439,0.0003612592725552588,27_KW_1
21604,119,2026-02-12 20:26:17.210000+00:00,124400.81439671917,426811.3439530225,3.9846436752076206,0.000245332092163153,0.0008241411997005343,0.0011095461214378766,0,0.0008038757782722127,-0.0003052544604034967,0.0011095461214378766,28_KW_1
21605,169,2026-02-12 20:26:34.230000+00:00,124669.37617936262,426931.30952428485,13.807736797573082,-0.00289808570232708,0.007364731922280043,-0.00401841529981084,0,0.0007739854872043713,-0.007876491826357744,-0.00401841529981084,908_GSL_1
21606,62,2026-02-12 20:26:51.700000+00:00,124390.61108640002,426780.8801058025,7.445510341975133,0.00040618699858896434,0.0008605945040471852,0.0007124683928045883,0,0.0002650807487359772,-0.000913970992356161,0.0007124683928045883,19_P6_1
21607,72,2026-02-12 20:27:05.820000+00:00,124390.5242041243,426780.88787306414,10.987615026472614,0.000244421447860077,0.0009421324357390404,0.0005297049058565761,0,9.19559108206039e-05,-0.0009689682559871332,0.0005297049058565761,18_P6_1
21608,130,2026-02-12 20:30:20.190000+00:00,124898.9395865821,426720.76796725416,4.128882405534777,0.001213584837387316,-0.0017094446229748428,0.038819673064582894,0,0.0017791826745328593,0.0011088273477850832,0.038819673064582894,901_GSL_1
21609,138,2026-02-12 20:30:20.370000+00:00,123928.08798884867,426940.43299453304,7.120239601888882,0.0013699699920834973,0.001273380999919027,0.002303538290954421,0,0.00016823213663700053,0.0018627975999465395,0.002303538290954421,905_GSL_1
21610,139,2026-02-12 20:30:20.710000+00:00,123928.08779787415,426940.4340140366,7.131766138549254,0.0009279504592996091,0.002910024020820856,-0.004835692190002128,0,8.474790140266156e-05,0.003053219554810394,-0.004835692190002128,905_GSL_1
21611,134,2026-02-12 20:30:21.300000+00:00,123855.61487652925,426533.073806917,6.0515323633611136,0.0004143878322793171,-0.0004911449505016208,0.005689444463333082,0,-0.0005040028752639603,-0.0003986498961119291,0.005689444463333082,904_GSL_1
21612,133,2026-02-12 20:30:21.630000+00:00,124806.22036846583,426258.5092338058,4.598111180542798,-0.0015276276972144842,-0.002250007528346032,0.0099540763582322,0,0.001123747332434796,0.0024765645947070164,0.0099540763582322,903_GSL_1
21613,132,2026-02-12 20:30:36.180000+00:00,124806.22333496854,426258.5063029728,4.628527837017384,0.009200680768117309,0.0011612223461270332,0.04589566280706325,0,0.003596414084330055,-0.008547910251516501,0.04589566280706325,903_GSL_1
21614,125,2026-02-12 20:30:36.240000+00:00,124339.65939227326,426609.59123463964,6.672120543471832,0.0015267096314346418,0.0,-0.001395394657282445,0,0.0002223138588617443,0.0015104368494024733,-0.001395394657282445,17_P5_1
21615,153,2026-02-12 20:30:37.460000+00:00,124370.27628501384,426819.49790625455,9.736481207359226,0.00244620896410197,-0.001216842676512897,0.010400730246237444,0,0.0005309831553969794,-0.002680056209134535,0.010400730246237444,29_KW_1
21616,143,2026-02-12 20:30:37.480000+00:00,124266.91935234821,427056.3153370392,7.104421807428582,-0.0002150798827642575,0.0011101631680503488,-0.0011199307941955894,0,0.001108850824077431,0.00022174639931298954,-0.0011199307941955894,906_GSL_1
21617,137,2026-02-12 20:30:38.640000+00:00,123928.08568439625,426940.4295689881,7.135105738161611,-0.003714865626534447,-0.004259582958184183,0.012242047196081352,0,-0.0012769075864169335,-0.005505795184767698,0.012242047196081352,905_GSL_1
21618,146,2026-02-12 20:30:51.140000+00:00,124350.92592093721,426607.51254221535,11.377624121514176,-0.0003456377307884395,0.000676818541251123,-0.0016973917099072366,0,0.000588553046897853,-0.0004807848684319562,-0.0016973917099072366,13_P5_1
21619,135,2026-02-12 20:30:52.420000+00:00,123855.61615770645,426533.068943604,6.067193312089783,0.0025074282166315243,-0.0076913172961212695,0.045994864971425464,0,0.002243428062781416,-0.007772424881483188,0.045994864971425464,904_GSL_1
21620,5,2026-02-12 20:30:52.620000+00:00,124424.61778780812,426919.14137056546,8.774207306822618,0.0005850306042702869,-0.004977203614544123,0.00638148481630374,11,-0.0050039443474150895,-0.00027451338134328246,0.00638148481630374,TS4
21621,152,2026-02-12 20:30:54.020000+00:00,124370.27567711046,426819.4995130277,9.729270181274527,-9.455140389036387e-05,0.00034298980608582497,0.00034923004664833,0,0.0003555438628692844,-1.3058967509645523e-05,0.00034923004664833,29_KW_1
21622,136,2026-02-12 20:30:54.340000+00:00,123855.61443724213,426533.0777927989,6.033419371717377,-0.0013328696659300476,0.0036842728150077164,0.011126829280638795,0,-0.0010744271772767002,0.003767759806899928,0.011126829280638795,904_GSL_1
21623,141,2026-02-12 20:30:55+00:00,124266.91761169104,427056.314002295,7.090757141537207,-0.0010170604073209688,-0.0005160080036148429,0.006622441274108937,0,-0.00048456257470286897,-0.0010324123416212137,0.006622441274108937,906_GSL_1
21624,148,2026-02-12 20:31:07.170000+00:00,124351.04067717354,426607.3990451099,8.01373312184084,-0.0004412411217344925,0.0005892151966691017,-0.0017232933715423115,0,0.00048229020403330454,-0.0005561154867370939,-0.0017232933715423115,14_P5_1
21625,140,2026-02-12 20:31:10.300000+00:00,123928.08877653455,426940.43392670696,7.145631145666983,0.001252802088856697,-0.0005119699635542929,0.01005743946463955,0,-0.0012688245757831508,-0.0004708614587266572,0.01005743946463955,905_GSL_1
21626,122,2026-02-12 20:31:11.760000+00:00,124329.15046845267,426611.39092121046,8.084985386922673,0.0009175496234092861,-0.0011176983825862408,0.0013215484802753252,0,-0.0008484095590139036,0.0011710457745230352,0.0013215484802753252,16_P5_1
21627,150,2026-02-12 20:31:11.820000+00:00,124401.10317619712,426812.322086964,9.182531057073057,-4.43280441686511e-06,0.0006553749553859234,0.000517033829247282,0,0.0005220836755266328,-0.0003961876041103519,0.000517033829247282,27_KW_1
21628,128,2026-02-12 20:31:25.570000+00:00,124898.93961997579,426720.772234177,4.07933830699191,-0.0006814237131038681,0.0029701421735808253,-0.0020536240117694504,0,0.0006694507884429448,-0.0029728636783271467,-0.0020536240117694504,901_GSL_1
21629,145,2026-02-12 20:31:26.200000+00:00,124266.92046726041,427056.31503427203,7.118706617563926,0.0021435075759654865,0.0002876644139178097,0.010739681272279533,0,-0.0013180257532186656,0.0017146963746122758,0.010739681272279533,906_GSL_1
21630,6,2026-02-12 20:31:26.400000+00:00,124399.03889173438,426925.074486763,8.554747388010242,-0.0002790099970297888,-0.0009624519152566791,0.007440692188684039,11,-0.0005826206204931223,-0.0008152996260271568,0.007440692188684039,TS5
21631,120,2026-02-12 20:31:26.970000+00:00,124329.26224204863,426611.3294511635,11.357114719322706,0.0019902134663425386,-0.0017239266308024526,-0.00091644732416718,0,-0.0011610424508317963,0.002363229378915127,-0.00091644732416718,15_P5_1
21632,129,2026-02-12 20:31:28.190000+00:00,124898.93983183712,426720.7732355116,4.085210089573911,0.0001601383410161361,0.0007328414940275252,-0.006474655671702578,0,7.228706665381264e-05,-0.0007466428353814713,-0.006474655671702578,901_GSL_1
21633,124,2026-02-12 20:31:41.540000+00:00,124339.65822310523,426609.5896476316,6.674904347356447,0.0004573820042423904,-0.0005942723946645856,0.00047415152325402943,0,-0.0004214698752579142,0.0006202589145794241,0.00047415152325402943,17_P5_1
21634,154,2026-02-12 20:31:41.740000+00:00,124285.66478868182,426445.561626511,7.894442930368921,0.0001636818196857348,-0.0021984890336170793,-0.007157069631078095,11,-0.0022029841162876963,-8.370634632039364e-05,-0.007157069631078095,TS1-1
21635,131,2026-02-12 20:31:43.110000+00:00,124806.21777884428,426258.50241179677,4.614450596903776,-0.0007656518719159067,-0.0038722677272744477,0.0029461241312134234,0,0.0006291340123344206,0.003896776941933364,0.0029461241312134234,903_GSL_1
21636,3,2026-02-12 20:31:43.310000+00:00,124314.90256591473,426440.7928972308,7.046819732719376,-0.004673437200835906,-0.0031800527940504253,-0.03160936277170823,11,-0.005470416937870418,0.001424180314765409,-0.03160936277170823,TS2
21637,149,2026-02-12 20:31:44.460000+00:00,124351.04124038975,426607.3978248665,8.011631122156249,-7.130231824703515e-05,0.0010924010421149433,-0.0005947218115487374,0,-0.0010675863483835743,0.00024224666384955792,-0.0005947218115487374,14_P5_1
21638,147,2026-02-12 20:31:59.690000+00:00,124350.92699925632,426607.51127328776,11.371725723374203,0.0004919107304885983,0.001280547643546015,-0.0024939182982404162,0,-0.001342192624428119,-0.0002833679464791965,-0.0024939182982404162,13_P5_1
21639,126,2026-02-12 20:32:13.900000+00:00,124339.65810137376,426609.5895182395,6.668553634533558,0.0012807696184609085,0.0010280784335918725,-0.002103554601899482,0,-0.001286136900899299,-0.0010213559386102213,-0.002103554601899482,17_P5_1
21640,121,2026-02-12 20:32:28.200000+00:00,124329.26024608333,426611.32857703604,11.352397385223512,0.0007033136207610369,0.0008605434559285641,-0.0019021368506102476,0,-0.0010223825906192968,-0.00043579688742354634,-0.0019021368506102476,15_P5_1
21641,123,2026-02-12 20:32:45.190000+00:00,124329.15017728883,426611.3917118988,8.07661014396919,0.0004206767043797299,0.0014338791370391846,-0.001505501084874794,0,-0.0014943109195340273,-3.6256041423239347e-06,-0.001505501084874794,16_P5_1
21642,4,2026-02-12 20:32:45.390000+00:00,124378.97035624074,426782.7411804999,7.759222905896646,-0.0014617324632126838,-2.4075270630419254e-06,0.0041472009243799235,11,-0.001186369454408437,0.0008539292171152167,0.0041472009243799235,TS3
21643,67,2026-02-12 20:36:20.480000+00:00,123855.61514410676,426533.0740903713,6.052465846222655,-0.0028503673820523545,-0.01701233338098973,0.008057697885079484,0,-0.0005999335664096561,-0.017239030163976755,0.008057697885079484,904_GSL_1
21644,68,2026-02-12 20:36:21.110000+00:00,123928.08270267636,426940.4288896073,7.114806465572613,-0.0262476854986744,-0.01884539792081341,-0.004006815467612945,0,0.0011652164994088929,-0.032291365523009805,-0.004006815467612945,905_GSL_1
21645,66,2026-02-12 20:36:21.560000+00:00,124898.93846542916,426720.766178117,4.123750125451552,0.0008597654814366251,-0.008027037780266255,0.041463595047787294,0,0.0038902761882923854,0.007073774338194358,0.041463595047787294,901_GSL_1
21646,68,2026-02-12 20:36:22.010000+00:00,123928.08767907752,426940.4325338224,7.13236707251019,-0.02127128433494363,-0.015201182861346751,0.01355379146996416,0,0.015059387549568157,-0.02137190549001263,0.01355379146996416,905_GSL_1
21647,71,2026-02-12 20:36:23.410000+00:00,124806.22089238507,426258.50858173484,4.590576028041923,-0.006869550416013226,-0.0065243972348980606,-0.0009276351073443934,0,0.0019865621345790114,0.009263479534297564,-0.0009276351073443934,903_GSL_1
21648,71,2026-02-12 20:36:37.600000+00:00,124806.22327724847,426258.5062775645,4.621369702791547,-0.004484687015064992,-0.008828567573800683,0.02986603964227985,0,0.005401562408836818,0.008299346153264029,0.02986603964227985,903_GSL_1
21649,68,2026-02-12 20:36:37.670000+00:00,123928.08645580782,426940.42948925187,7.136619518125209,-0.022494554039440118,-0.01824575336650014,0.017806237084982968,0,-0.0016158017785957678,-0.0289188807175646,0.017806237084982968,905_GSL_1
21650,67,2026-02-12 20:36:39.860000+00:00,123855.61320514725,426533.07672146615,6.027244247758583,-0.004789326892932877,-0.0143812385504134,-0.017163900578992752,0,0.0122974577290511,-0.008861727130388745,-0.017163900578992752,904_GSL_1
21651,69,2026-02-12 20:36:40.510000+00:00,124266.9193864487,427056.31466602924,7.1066422889058165,-0.023210747953271493,-0.00017235480481758714,0.016140917978384017,0,0.008636353190340245,-0.021544881765763774,0.016140917978384017,906_GSL_1
21652,71,2026-02-12 20:36:52.530000+00:00,124806.21683778182,426258.5007140556,4.609843982987231,-0.01092415367020294,-0.014392076467629522,0.01834031983796347,0,-0.005236043320718992,0.017293144560890532,0.01834031983796347,903_GSL_1
21653,69,2026-02-12 20:36:54.080000+00:00,124266.9203795084,427056.31360079965,7.093210312953288,-0.022217688252567314,-0.001237584394402802,0.0027089420258556984,0,-0.0005562561751736898,-0.022245176229670965,0.0027089420258556984,906_GSL_1
21654,67,2026-02-12 20:36:54.730000+00:00,123855.6142856985,426533.07100791205,6.057529219822682,-0.0037087756500113755,-0.020094792649615556,0.013121071485106661,0,0.014351183437557704,-0.014546451195901016,0.013121071485106661,904_GSL_1
21655,68,2026-02-12 20:36:56.140000+00:00,123928.08769958591,426940.4305346485,7.138922986432926,-0.021250775942462496,-0.01720035675680265,0.020109705392700405,0,0.020678230712870768,-0.01788458904485416,0.020109705392700405,905_GSL_1
21656,66,2026-02-12 20:36:58.230000+00:00,124898.93997011994,426720.7740770506,4.087408351892071,0.0023644562606932595,-0.00012810417683795094,0.005121821488306644,0,0.002363001696651752,-0.00015260101728304892,0.005121821488306644,901_GSL_1
21657,66,2026-02-12 20:37:11.870000+00:00,124898.94022535939,426720.7686595291,4.083922546370255,0.002619695704197511,-0.0055456256959587336,0.001636015966490767,0,0.00011955202003461376,0.006132085881392589,0.001636015966490767,901_GSL_1
21658,69,2026-02-12 20:37:12.200000+00:00,124266.91902063994,427056.3132397852,7.109628380576154,-0.023576556719490327,-0.0015985988429747522,0.019127009648721938,0,0.015598462713653461,-0.017750986056522818,0.019127009648721938,906_GSL_1
21659,66,2026-02-12 20:37:17.390000+00:00,124898.93925291194,426720.7714502062,4.078188944702801,0.0016472482529934496,-0.002754948625806719,-0.00409758570096308,0,0.0002944678721481081,0.003196319353584192,-0.00409758570096308,901_GSL_1
21660,110,2026-02-12 20:37:34.690000+00:00,124434.2624555184,426963.97320317227,6.499645181255345,0.1220026345399674,0.038775330351199955,-2.2447279912192597,0,0.06329758945875308,0.1112725673616309,-2.2447279912192597,35_P9_0
21661,149,2026-02-12 20:37:35.900000+00:00,124351.04124910857,426607.3971905942,8.013411727926659,-6.258349458221346e-05,0.00045812869211658835,0.0011858839588612113,0,-0.00044258118160563797,0.0001338674345131596,0.0011858839588612113,14_P5_1
21662,111,2026-02-12 20:37:47.090000+00:00,124434.26242505932,426963.97320957837,6.499642293193604,0.0007343000033870339,-0.004854200989939272,0.03834978357883578,0,-0.004591257644480877,0.0017386250279164614,0.03834978357883578,36_P9_0
21663,164,2026-02-12 20:37:51.560000+00:00,124091.05854962787,427154.2057594683,9.839531730826886,-0.03677882350166328,0.011028526874724776,0.024898199197489035,0,0.020372900795021465,-0.03254620064445679,0.024898199197489035,907_GSL_1
21664,102,2026-02-12 20:37:59.720000+00:00,124282.39505681735,426301.793411295,6.900113042259664,0.0017678715230431408,-0.00014656962594017386,-0.0031849415070714926,0,-0.0002598850024033612,-0.0017547969007155563,-0.0031849415070714926,02_P1_0
21665,160,2026-02-12 20:38:03.680000+00:00,124421.81229327875,426965.6163613718,5.594052086947571,0.001087118114810437,-0.0022766668116673827,0.0018708570602328223,0,-0.0014526291315980822,0.0020627423913153397,0.0018708570602328223,38a_P9_0
21666,122,2026-02-12 20:38:07.730000+00:00,124329.15091043372,426611.39011043217,8.087148404033034,0.0013595306663773954,-0.0019284766749478877,0.003484565590635924,0,-0.0015205655211702304,0.0018042246020013501,0.003484565590635924,16_P5_1
21667,103,2026-02-12 20:38:13.180000+00:00,124282.31358006381,426301.7973034339,9.29453236776984,0.0018616566521814093,-0.000140719348564744,-0.003419118021273704,0,-0.00028797728101350654,-0.0018446236774182006,-0.003419118021273704,01_P1_0
21668,121,2026-02-12 20:38:18+00:00,124329.2601351602,426611.3278721858,11.353132751873728,0.0005923904973315075,0.00015569321112707257,-0.0011667702003936853,0,-0.00031453024948709265,-0.000525583104254044,-0.0011667702003936853,15_P5_1
21669,162,2026-02-12 20:38:20.920000+00:00,124402.99634464,426879.6453074479,6.546186696246604,0.0009165116935037076,-0.002426140010356903,0.0015136529560368928,0,0.0024965198830010377,-0.0007025222473090179,0.0015136529560368928,34a_P7_0
21670,120,2026-02-12 20:38:23.540000+00:00,124329.26213001252,426611.3290371855,11.359869378331803,0.0018781773542286828,-0.0021379045792855322,0.0018382116849302577,0,-0.0015899037619536902,0.002360167831276625,0.0018382116849302577,15_P5_1
21671,100,2026-02-12 20:38:26.770000+00:00,124292.48537854894,426345.929854202,7.58388855312237,0.0016552756278542802,-0.0003807776956818998,-0.004611015846728073,0,-1.0128928911509138e-05,-0.001698477689725804,-0.004611015846728073,06_P2_0
21672,123,2026-02-12 20:38:33.210000+00:00,124329.15026473638,426611.3909128114,8.078757337294665,0.0005081242561573163,0.0006347917369566858,0.0006416922405989567,0,-0.0007514132176603594,-0.0003106911413755104,0.0006416922405989567,16_P5_1
21673,124,2026-02-12 20:38:37.170000+00:00,124339.65905956135,426609.58868244436,6.678474994490049,0.001293838126002811,-0.0015594596625305712,0.004044798656855697,0,-0.001076736363267385,0.001716557700567084,0.004044798656855697,17_P5_1
21674,101,2026-02-12 20:38:40.530000+00:00,124292.40627836414,426345.88293203746,10.212208515164821,0.0009594933071639389,-0.0004614884383045137,-0.003409982435462311,0,0.00022774337669081562,-0.0010400634305438284,-0.003409982435462311,05_P2_0
21675,161,2026-02-12 20:38:45.840000+00:00,124402.99135334161,426879.6427417767,6.5803801178546015,-5.0404982175678015e-05,-0.004765110264997929,0.03875579703087961,0,0.004203723492024943,-0.0022444432054330057,0.03875579703087961,34a_P7_0
21676,118,2026-02-12 20:38:49.400000+00:00,124372.26112527252,426775.1126631429,6.167953397216079,0.00109791052818764,-1.3558892533183098e-06,0.0024213282257177227,0,-0.0007241154609405508,-0.0008252673297591415,0.0024213282257177227,22_P6_1
21677,170,2026-02-12 20:38:53.370000+00:00,124669.3751313523,426931.30768310075,13.802276740394817,-0.012915464176330715,0.009186129027511925,0.01608660972342868,0,-0.0007979122844399854,-0.015829008730382295,0.01608660972342868,908_GSL_1
21678,98,2026-02-12 20:38:53.380000+00:00,124302.66146593777,426390.0777890401,7.976315556835601,0.0006203042139532045,-0.0001229684567078948,-0.0027352382952692267,0,-2.6011788076523885e-05,-0.0006318401269896414,-0.0027352382952692267,10_P3_0
21679,99,2026-02-12 20:39:06.530000+00:00,124302.5384764701,426390.1346687014,11.08477895212455,0.00039617893344257027,-0.00014759058831259608,-0.0029762506248172116,0,4.9443153731735005e-05,-0.00041987629560527796,-0.0029762506248172116,09_P3_0
21680,74,2026-02-12 20:39:10.010000+00:00,124369.346645276,426785.72598547355,7.231923662922342,0.00033206670195795596,-0.00048082316061481833,0.0018698281652698157,0,-0.000459597324637988,-0.0003608732540913238,0.0018698281652698157,21_P6_1
21681,92,2026-02-12 20:39:10.900000+00:00,124278.31488149325,426395.636472989,11.103600315461804,0.0009056906710611656,-0.0018176361918449402,0.0018113322345847394,0,0.0016663142980450163,-0.0011608072956707954,0.0018113322345847394,11_P3_0
21682,153,2026-02-12 20:39:19.760000+00:00,124370.27588931736,426819.4962909094,9.726996948938563,0.002050512484856881,-0.002832187805324793,0.0009164718255743054,0,0.0021935457539630017,-0.002722911353763705,0.0009164718255743054,29_KW_1
21683,93,2026-02-12 20:39:23.970000+00:00,124278.26891958909,426395.789386793,7.950289410378987,0.0007960094080772251,-0.0019633095362223685,0.001563890099469667,0,0.0018249659980342347,-0.0010759713838146697,0.001563890099469667,12_P3_0
21684,166,2026-02-12 20:39:24.110000+00:00,124091.05964130048,427154.2079791923,9.824238375607843,-0.012639535212656483,0.01895121275447309,-0.005615243454961671,0,0.021865916950080597,-0.006386547673780003,-0.005615243454961671,907_GSL_1
21685,73,2026-02-12 20:39:27.400000+00:00,124369.48881698413,426785.69265710004,11.408594689788925,-0.0005225803033681586,-0.003809554153122008,0.0025400737258500783,0,-0.0006346243805541606,-0.003792498505555901,0.0025400737258500783,20_P6_1
21686,125,2026-02-12 20:39:38.840000+00:00,124339.65756202355,426609.5909813775,6.671113517539946,-0.0003035400732187554,-0.000252468918915838,-0.002402420589167953,0,-0.0002938419879264161,-0.0002636930359331306,-0.002402420589167953,17_P5_1
21687,94,2026-02-12 20:39:41.370000+00:00,124268.2244816022,426351.5543487709,10.21663742163679,0.00025910310796462,-0.0016242496203631163,0.002143482345829284,0,0.0015497336339507582,-0.0005510416623164077,0.002143482345829284,07_P2_0
21688,152,2026-02-12 20:39:53.010000+00:00,124370.27556720757,426819.49880885537,9.730781335299003,-0.00020445429254323244,-0.0003611825522966683,0.0018603840711239883,0,-0.00030441999462734603,-0.0002821043436283387,0.0018603840711239883,29_KW_1
21689,146,2026-02-12 20:39:54.010000+00:00,124350.92462722317,426607.512328282,11.37506366396371,-0.0016393517726100981,0.00046288518933579326,-0.004257849260373092,0,0.00010620969209026548,-0.0017001342400447075,-0.004257849260373092,13_P5_1
21690,95,2026-02-12 20:39:54.770000+00:00,124268.11029068146,426351.5474392446,7.194809712404495,0.0007427792297676206,-0.0017517654341645539,0.001138854159374425,0,0.0015856554579159392,-0.0010517128359439668,0.001138854159374425,08_P2_0
21691,117,2026-02-12 20:40:07.210000+00:00,124377.68067815092,426815.90570592013,7.619462263946094,0.0006610068376176059,0.0,0.00202722377363429,0,-2.5819898003855702e-05,0.0006605023741528325,0.00202722377363429,26_KW_0
21692,96,2026-02-12 20:40:08.670000+00:00,124258.06184556783,426307.35088698304,9.307821336152898,0.0008673714037286118,-0.0015225938986986876,0.003275727977007037,0,0.0013232246563728573,-0.0011487827649854195,0.003275727977007037,03_P1_0
21693,148,2026-02-12 20:40:09.230000+00:00,124351.03932198523,426607.39888106287,8.011853987229422,-0.0017964294384000823,0.0004251681384630501,-0.003602427982960066,0,3.469362849069249e-05,-0.0018457310273321842,-0.003602427982960066,14_P5_1
21694,116,2026-02-12 20:40:20.720000+00:00,124377.68786454777,426815.8999328195,10.007572198538716,0.0005046562000643462,-0.0001287441118620336,0.0025124432615921677,0,-0.00014816195012553403,0.0004993004738006244,0.0025124432615921677,25_KW_0
21695,97,2026-02-12 20:40:22.720000+00:00,124257.9875311208,426307.39043291303,6.840777955419174,-0.0003390880738152191,-0.0014197916025295854,0.003715764823073897,0,0.0014587369484013839,5.362305274657195e-05,0.003715764823073897,04_P1_0
21696,168,2026-02-12 20:40:26.510000+00:00,124669.37318053382,426931.3106407989,13.7911945524626,-0.003551437534042634,0.0029002265073359013,-0.010145467472629122,0,0.0002705059931548337,-0.004577209724245542,-0.010145467472629122,908_GSL_1
21697,115,2026-02-12 20:40:35.880000+00:00,124396.2901147331,426811.6338913066,7.649312371981454,2.397329080849886e-05,-2.302986104041338e-05,0.0030400792084073203,0,-7.426867160046881e-06,3.2402697664185665e-05,0.0030400792084073203,24_KW_0
21698,114,2026-02-12 20:40:50.020000+00:00,124396.29934734636,426811.62951691856,9.993006412992914,0.00032670133805368096,-2.1837244275957346e-05,0.0023223353427308524,0,0.00014932925575362964,0.0002913956123549228,0.0023223353427308524,23_KW_0
21699,150,2026-02-12 20:41:04.810000+00:00,124401.10309554407,426812.3212879373,9.183604109930142,-8.508586324751377e-05,-0.00014365173410624266,0.001590086686332981,0,-0.00016599331063526807,1.7934482447192413e-05,0.001590086686332981,27_KW_1
21700,119,2026-02-12 20:41:20+00:00,124400.81446960948,426811.3431562222,3.986112047820176,0.0003182224027113989,2.7340895030647516e-05,0.0025779187339933785,0,0.0002148757325282995,0.00023630793829010338,0.0025779187339933785,28_KW_1
21701,169,2026-02-12 20:41:36.700000+00:00,124669.37639828301,426931.3085830963,13.809351160017554,-0.0026791653071995825,0.006423543381970376,-0.002404052855338179,0,0.0005402588946565784,-0.006938872865970502,-0.002404052855338179,908_GSL_1
21702,62,2026-02-12 20:41:54.380000+00:00,124390.61117959826,426780.8793704627,7.446867129701164,0.0004993852344341576,0.00012525467900559306,0.0020692561188351277,0,0.00047332717524710877,-0.00020257278236783313,0.0020692561188351277,19_P6_1
21703,72,2026-02-12 20:42:08.820000+00:00,124390.52427556657,426780.88727892895,10.988990047996165,0.0003158637118758634,0.0003479972365312278,0.0019047264294069777,0,0.0002567166046049745,-0.0003936604450963583,0.0019047264294069777,18_P6_1
21704,147,2026-02-12 20:42:26.380000+00:00,124350.92675369255,426607.5104892538,11.373736300923323,0.0002463469572830945,0.0004965136758983135,-0.00048334074912048663,0,-0.0005292046314916036,-0.0001647880812575059,-0.00048334074912048663,13_P5_1
21705,126,2026-02-12 20:42:41.180000+00:00,124339.65761655942,426609.58879818436,6.6697959464527825,0.0007959552749525756,0.0003080233000218868,-0.0008612426826752895,0,-0.00047661141806958746,-0.0007080005008804022,-0.0008612426826752895,17_P5_1
21706,130,2026-02-12 20:45:20.210000+00:00,124898.9391237398,426720.7672449059,4.123276110699715,0.0007507425325457007,-0.0024317929055541754,0.03321337822952053,0,0.0016308887546306254,0.001953825211142521,0.03321337822952053,901_GSL_1
21707,138,2026-02-12 20:45:20.690000+00:00,123928.08618877803,426940.4314628315,7.109521835343085,-0.0004301006410969421,-0.0002583205350674689,-0.008414228254841838,0,5.903580909716866e-05,-0.0004982276924798407,-0.008414228254841838,905_GSL_1
21708,139,2026-02-12 20:45:21.210000+00:00,123928.0882260538,426940.43395260145,7.133957289241463,0.0013561301166191697,0.0028485888615250587,-0.002644541497792474,0,-0.0003397038884763043,0.003136582322107971,-0.002644541497792474,905_GSL_1
21709,134,2026-02-12 20:45:21.490000+00:00,123855.61521110278,426533.073216604,6.054878094014832,0.0007489613635698333,-0.0010814579436555505,0.00903517511705143,0,-0.0009495702558006072,-0.0009103904312518039,0.00903517511705143,904_GSL_1
21710,133,2026-02-12 20:45:21.570000+00:00,124806.21839396264,426258.50691634,4.594287650874785,-0.0035021308867726475,-0.004567473370116204,0.006130546690219063,0,0.0020720957356627928,0.005369651105710287,0.006130546690219063,903_GSL_1
21711,125,2026-02-12 20:45:35.940000+00:00,124339.65813980743,426609.5908951971,6.670455190422662,0.0002742438082350418,-0.0003386493190191686,-0.0030607477064519273,0,-0.0002952710542353676,0.00032048093883745975,-0.0030607477064519273,17_P5_1
21712,132,2026-02-12 20:45:36.150000+00:00,124806.22152675687,426258.50525519194,4.623156824570376,0.00739246909506619,0.00011344149243086576,0.04052465036005515,0,0.003599295127171238,-0.0064580603033136084,0.04052465036005515,903_GSL_1
21713,153,2026-02-12 20:45:37.260000+00:00,124370.27578005019,426819.4962189557,9.727169420531334,0.001941245311172679,-0.00290414149640128,0.0010889434183454227,0,0.0022916926015911793,-0.0026364021334163022,0.0010889434183454227,29_KW_1
21714,137,2026-02-12 20:45:38.390000+00:00,123928.08601670324,426940.42929127923,7.133971905602583,-0.0033825586433522403,-0.0045372918248176575,0.011108214637053138,0,-0.0016966299973084488,-0.005399089435405495,0.011108214637053138,905_GSL_1
21715,143,2026-02-12 20:45:39.610000+00:00,124266.91953680453,427056.314672955,7.106378862930726,-3.0623559723608196e-05,0.00044607900781556964,0.000837124707948611,0,0.0004244027896545928,0.00014073576573589216,0.000837124707948611,906_GSL_1
21716,146,2026-02-12 20:45:50.670000+00:00,124350.92566422003,426607.5121687422,11.374550003099571,-0.0006023549067322165,0.0003033453831449151,-0.00477151012451138,0,0.00016928425743914754,-0.0006528343551950901,-0.00477151012451138,13_P5_1
21717,135,2026-02-12 20:45:52.590000+00:00,123855.61534243601,426533.0694200615,6.061852826169826,0.001692157777142711,-0.007214859826490283,0.0406543790514684,0,0.002650557911267662,-0.006920414945482993,0.0406543790514684,904_GSL_1
21718,5,2026-02-12 20:45:52.790000+00:00,124424.61803542812,426919.1416138422,8.775296749078569,0.0008326506067533046,-0.00473392684943974,0.007470927072255051,11,-0.004798761852890859,0.000274326681189782,0.007470927072255051,TS4
21719,136,2026-02-12 20:45:53.210000+00:00,123855.61441595471,426533.0750442137,6.027044300339389,-0.0013541570806410164,0.0009356875671073794,0.0047517579026505885,0,0.0005508376675817229,0.0015510739783332883,0.0047517579026505885,904_GSL_1
21720,141,2026-02-12 20:45:54.990000+00:00,124266.91874102272,427056.31355316535,7.095236030536782,0.00011227127106394619,-0.0009651376749388874,0.011101330273683985,0,-0.000968127750529659,8.260888903222146e-05,0.011101330273683985,906_GSL_1
21721,152,2026-02-12 20:45:56.410000+00:00,124370.27613471818,426819.4988031942,9.730512332516817,0.0003630563151091337,-0.0003668437129817903,0.0015913812889376544,0,-0.000440564242096261,0.00026886306232176243,0.0015913812889376544,29_KW_1
21722,148,2026-02-12 20:46:06.380000+00:00,124351.03996461669,426607.3986907395,8.01181468792642,-0.0011537979735294357,0.00023484474513679743,-0.0036417272859630145,0,-1.5077637447514303e-05,-0.0011773591138170211,-0.0036417272859630145,14_P5_1
21723,140,2026-02-12 20:46:09.130000+00:00,123928.08781521721,426940.4307371313,7.135922556040898,0.0002914847427746281,-0.0037015456473454833,0.00034884983855398843,0,-0.0004119976082421951,-0.0036900760839656674,0.00034884983855398843,905_GSL_1
21724,122,2026-02-12 20:46:10.860000+00:00,124329.15060268459,426611.390293742,8.087813437203728,0.0010517815389903262,-0.0017451668391004205,0.004149598761330253,0,-0.0014213107131272142,0.0014600436838692263,0.004149598761330253,16_P5_1
21725,150,2026-02-12 20:46:13.910000+00:00,124401.10336681736,426812.32131663186,9.183983404079237,0.00018618743342813104,-0.00011495716171339154,0.0019693808354279696,0,1.9500061299409806e-05,0.00021794645444483113,0.0019693808354279696,27_KW_1
21726,128,2026-02-12 20:46:23.670000+00:00,124898.93904039156,426720.77213405166,4.0790575112710465,-0.0012610079429578036,0.0028700168477371335,-0.002334419732632931,0,0.00010353451515448048,-0.0031331163946890627,-0.002334419732632931,901_GSL_1
21727,145,2026-02-12 20:46:24.870000+00:00,124266.91946047824,427056.31347250997,7.109883275177306,0.0011367254046490416,-0.0012740976526401937,0.0019163388856595631,0,-0.0017043755825885889,-0.00010282678402822451,0.0019163388856595631,906_GSL_1
21728,6,2026-02-12 20:46:25.070000+00:00,124399.03919647986,426925.07482312416,8.555335926949743,2.57354840869084e-05,-0.0006260907393880188,0.008029231128185543,11,-0.000590654796597713,0.00020923393688581694,0.008029231128185543,TS5
21729,120,2026-02-12 20:46:26.390000+00:00,124329.26227829872,426611.3289429244,11.36003919771531,0.0020264635531930253,-0.002232165716122836,0.002008031068436722,0,-0.0016433500031679963,0.002527551994270666,0.002008031068436722,15_P5_1
21730,129,2026-02-12 20:46:32.920000+00:00,124898.93980440148,426720.7723885061,4.0853059959944735,0.0001327026984654367,-0.00011416402412578464,-0.0063787492511400146,0,0.00014528045913906324,9.76576611277596e-05,-0.0063787492511400146,901_GSL_1
21731,131,2026-02-12 20:46:41.390000+00:00,124806.21756294281,426258.5023859669,4.609473854049463,-0.0009815533412620425,-0.0038980976096354425,-0.002030618723099842,0,0.00043569635522103516,0.0039960956722825515,-0.002030618723099842,903_GSL_1
21732,3,2026-02-12 20:46:41.590000+00:00,124314.90290747085,426440.7935011675,7.053283030544564,-0.00433188107854221,-0.002576116065029055,-0.025146064946520497,11,-0.004981885828963059,0.0007631390740290108,-0.025146064946520497,TS2
21733,124,2026-02-12 20:46:41.760000+00:00,124339.65830117906,426609.58897815086,6.677588274404604,0.0005354558379622176,-0.001263753161765635,0.003158078571410705,0,-0.0010329749210274497,0.0009037410142340526,0.003158078571410705,17_P5_1
21734,154,2026-02-12 20:46:41.960000+00:00,124285.6644259923,426445.562266839,7.893086656560123,-0.0001990076998481527,-0.0015581609914079309,-0.008513343439876309,11,-0.0015390847267685616,-0.00031414637284543113,-0.008513343439876309,TS1-1
21735,149,2026-02-12 20:46:51.410000+00:00,124351.04062033222,426607.39723917237,8.012766166704067,-0.0006913598481332883,0.0005067068850621581,0.0005403227362688057,0,-0.0003916489397678676,0.0007624574840336896,0.0005403227362688057,14_P5_1
21736,147,2026-02-12 20:47:06.610000+00:00,124350.92710827032,426607.51056471217,11.372780120022592,0.0006009247299516574,0.0005719720502384007,-0.0014395216498517271,0,-0.0006597482978663286,-0.0005029858256291861,-0.0014395216498517271,13_P5_1
21737,126,2026-02-12 20:47:21+00:00,124339.65730762086,426609.5887635958,6.670143978657362,0.0004870167176704854,0.00027343473630025983,-0.0005132104780960489,0,-0.0003744790006494617,-0.00041438788155387265,-0.0005132104780960489,17_P5_1
21738,121,2026-02-12 20:47:36+00:00,124329.26036653439,426611.32769939967,11.353059092770309,0.0008237646834459156,-1.7092912457883358e-05,-0.0012404293038130731,0,-0.0002130261862274563,-0.0007959272990232383,-0.0012404293038130731,15_P5_1
21739,123,2026-02-12 20:47:51.030000+00:00,124329.15027257732,426611.3909626171,8.07876514618501,0.000515965191880241,0.0006845974712632596,0.0006495011309439747,0,-0.0008014275773765378,-0.0003043149932429176,0.0006495011309439747,16_P5_1
21740,4,2026-02-12 20:47:51.230000+00:00,124378.97039794436,426782.7417975394,7.759319511437943,-0.0014200288424035534,0.0006146319792605937,0.004243806465677125,11,-0.0015244050446027563,-0.0002654122136930385,0.004243806465677125,TS3
21741,67,2026-02-12 20:51:20.570000+00:00,123855.61503981167,426533.0750244159,6.052388658287972,-0.0029546624718932435,-0.016078288783319294,0.007980509950396453,0,-0.000311422177276944,-0.016344553121762778,0.007980509950396453,904_GSL_1
21742,66,2026-02-12 20:51:20.650000+00:00,124898.93839098648,426720.76515485166,4.1239062519345175,0.0007853228016756475,-0.009050303138792515,0.04161972153075322,0,0.004216410531517367,0.008046527265633218,0.04161972153075322,901_GSL_1
21743,68,2026-02-12 20:51:20.910000+00:00,123928.08586500207,426940.4313368166,7.12169993579918,-0.02308535978954751,-0.016398188658058643,0.0028866547589538882,0,0.0011645664580163032,-0.028292723673110788,0.0028866547589538882,905_GSL_1
21744,68,2026-02-12 20:51:21.800000+00:00,123928.08781345755,426940.43338493886,7.135539620382071,-0.021136904309969395,-0.014350066368933767,0.016726339341844643,0,0.015213558877650952,-0.020524150527557884,0.016726339341844643,905_GSL_1
21745,71,2026-02-12 20:51:23.270000+00:00,124806.22277543838,426258.5104478895,4.594275081933262,-0.0049864971078932285,-0.004658242571167648,0.0027714187839942284,0,0.001375705467506414,0.006683697459156801,0.0027714187839942284,903_GSL_1
21746,71,2026-02-12 20:51:36.540000+00:00,124806.22107307741,426258.50497480604,4.624737265525164,-0.006688858076813631,-0.010131326038390398,0.03323360237589679,0,0.0054271304111575625,0.010859596915549441,0.03323360237589679,903_GSL_1
21747,68,2026-02-12 20:51:37.470000+00:00,123928.0877441341,426940.4315033631,7.132490529655976,-0.02120622775692027,-0.016231642104685307,0.013677248615749704,0,-0.0007377106899651108,-0.026695057295890563,0.013677248615749704,905_GSL_1
21748,69,2026-02-12 20:51:38.450000+00:00,124266.91974170052,427056.3148668354,7.107177043190719,-0.022855496135889553,2.8451380785554647e-05,0.016675672263286145,0,0.008687557364452777,-0.02114002980456918,0.016675672263286145,906_GSL_1
21749,67,2026-02-12 20:51:39.700000+00:00,123855.61336494707,426533.07855910086,6.035058141524327,-0.004629527073120698,-0.012543603836093098,-0.009350006813249045,0,0.01109282517879828,-0.007464834068499169,-0.009350006813249045,904_GSL_1
21750,66,2026-02-12 20:51:45.630000+00:00,124898.93985225164,426720.7704045391,4.075660570283821,0.0022465879592346027,-0.003800615726504475,-0.006625960119943208,0,0.0003828907668753361,0.004398321500274014,-0.006625960119943208,901_GSL_1
21751,67,2026-02-12 20:51:53.020000+00:00,123855.61497062951,426533.0707651787,6.061404792872029,-0.0030238446342991665,-0.02033752598799765,0.016996644534453154,0,0.013920676128642308,-0.015131866236730612,0.016996644534453154,904_GSL_1
21752,69,2026-02-12 20:51:54.070000+00:00,124266.92130208018,427056.31417774555,7.08973857919217,-0.021295116472174414,-0.0006606384995393455,-0.0007627917352621694,0,-7.860601591242323e-06,-0.02130536005331734,-0.0007627917352621694,906_GSL_1
21753,66,2026-02-12 20:51:55.990000+00:00,124898.93986095299,426720.7724093091,4.085832519128996,0.002255289306049235,-0.0017958456883206964,0.003545988725231375,0,0.002451959032874927,0.0015163404932082806,0.003545988725231375,901_GSL_1
21754,68,2026-02-12 20:51:56.240000+00:00,123928.08843025952,426940.43258299376,7.145741276047086,-0.020520102334558032,-0.015152011474128813,0.026927995006859717,0,0.02001482323933076,-0.015813440556413087,0.026927995006859717,905_GSL_1
21755,71,2026-02-12 20:52:02.500000+00:00,124806.21880528037,426258.50608309935,4.604886461107633,-0.008956655117799528,-0.009023032733239233,0.013382797958365167,0,-0.0052589093307988674,0.011575001652472787,0.013382797958365167,903_GSL_1
21756,69,2026-02-12 20:52:12.160000+00:00,124266.92013084127,427056.3149178487,7.119661727963543,-0.022466355381766334,7.94646330177784e-05,0.029160357036110085,0,0.015993709339612208,-0.015777981503593,0.029160357036110085,906_GSL_1
21757,66,2026-02-12 20:52:12.470000+00:00,124898.94065782546,426720.76780208776,4.084727586256528,0.0030521617736667395,-0.006403067032806575,0.0024410558527634407,0,0.0001630606132180577,0.007091429345037843,0.0024410558527634407,901_GSL_1
21758,111,2026-02-12 20:52:33.110000+00:00,124434.26254271792,426963.9735246833,6.500587124721947,0.0008519585971953347,-0.004539096087682992,0.039294615107178466,0,-0.004258464282631603,0.0017873748062745547,0.039294615107178466,36_P9_0
21759,149,2026-02-12 20:52:34.110000+00:00,124351.04120624346,426607.39724674396,8.012517856217864,-0.00010544860560912639,0.000514278479386121,0.00029201225006580955,0,-0.0004912893391466249,0.00018503120824737258,0.00029201225006580955,14_P5_1
21760,110,2026-02-12 20:52:45.100000+00:00,124434.26253346121,426963.9735262004,6.500577778781766,0.12208057734824251,0.039098358480259776,-2.2437953936928388,0,0.06362929853489,0.11128190045775174,-2.2437953936928388,35_P9_0
21761,147,2026-02-12 20:52:49.310000+00:00,124350.92744093701,426607.5105212708,11.373254797904718,0.0009335914219263941,0.0005285306833684444,-0.0009648437677256538,0,-0.0006694236758466835,-0.0008383373834992543,-0.0009648437677256538,13_P5_1
21762,164,2026-02-12 20:52:51.770000+00:00,124091.05794047244,427154.2065813393,9.841826349485178,-0.03738797892583534,0.011850397859234363,0.02719281785578076,0,0.021326718924693466,-0.032916013693762736,0.02719281785578076,907_GSL_1
21763,102,2026-02-12 20:52:54.190000+00:00,124282.39538596837,426301.7933353797,6.899070359688152,0.0020970225450582802,-0.00022248493041843176,-0.0042276240785836805,0,-0.00026092314723202755,-0.002092587443808391,-0.0042276240785836805,02_P1_0
21764,126,2026-02-12 20:53:03.380000+00:00,124339.65791876763,426609.5888295328,6.6702080184927075,0.0010981634841300547,0.00033937173429876566,-0.00044917064275029617,0,-0.0005740939525229554,-0.0009957672145608047,-0.00044917064275029617,17_P5_1
21765,160,2026-02-12 20:53:04.550000+00:00,124421.81289948706,426965.6176865171,5.603185808432552,0.001693326426902786,-0.0009515215642750263,0.011004578545213306,0,-3.842564806318755e-07,0.0019423561794054936,0.011004578545213306,38a_P9_0
21766,103,2026-02-12 20:53:07.970000+00:00,124282.31362230923,426301.7971920417,9.294608696958269,0.0019039020698983222,-0.0002521115238778293,-0.0033427888328443345,0,-0.00018917021501491804,-0.0019111823413757063,-0.0033427888328443345,01_P1_0
21767,122,2026-02-12 20:53:07.970000+00:00,124329.15117210381,426611.39063861244,8.08588509999732,0.0016212007612921298,-0.0014002964016981423,0.0022212615549221937,0,-0.0009432806135245071,0.001923367776888179,0.0022212615549221937,16_P5_1
21768,121,2026-02-12 20:53:19.150000+00:00,124329.26041650737,426611.32760311133,11.354123872319041,0.0008737376629142091,-0.00011338124750182033,-0.00017564975508044256,0,-0.00013446714665759035,-0.0008707418660829507,-0.00017564975508044256,15_P5_1
21769,100,2026-02-12 20:53:21.490000+00:00,124292.4853356618,426345.92976027075,7.583659587717647,0.0016123884852277115,-0.0004747089697048068,-0.004839981251451242,0,9.114796957641926e-05,-0.001678343612272293,-0.004839981251451242,06_P2_0
21770,120,2026-02-12 20:53:23.970000+00:00,124329.26215275224,426611.32957063103,11.358776803959636,0.001900917079183273,-0.0016044590738601983,0.0007456373127627813,0,-0.0010682103257464858,0.0022464864481210605,0.0007456373127627813,15_P5_1
21771,162,2026-02-12 20:53:26.850000+00:00,124402.99708545196,426879.6466971221,6.55534852680634,0.0016573236498516053,-0.0010364658082835376,0.010675483515773188,0,0.0011763489788346908,-0.0015611489781865385,0.010675483515773188,34a_P7_0
21772,123,2026-02-12 20:53:33.940000+00:00,124329.15064271165,426611.39075061533,8.078635450086775,0.0008860995294526219,0.00047259568236768246,0.0005198050327095416,0,-0.0007011939323044765,-0.0007189201098787812,0.0005198050327095416,16_P5_1
21773,124,2026-02-12 20:53:38.160000+00:00,124339.65867708657,426609.5894753813,6.675524464352045,0.0009113633423112333,-0.000766522716730833,0.0010942685188517487,0,-0.0004431373416907352,0.0011053368325412791,0.0010942685188517487,17_P5_1
21774,101,2026-02-12 20:53:38.730000+00:00,124292.40664737036,426345.8829452131,10.212143066885787,0.0013284995220601559,-0.00044831278501078486,-0.003475430714496852,0,0.00012981350649457816,-0.0013960815831640253,-0.003475430714496852,05_P2_0
21775,161,2026-02-12 20:53:42.950000+00:00,124402.99180823169,426879.64304007625,6.581518309913231,0.0004044850938953459,-0.00446681072935462,0.03989398908950914,0,0.00372359617247104,-0.0025001675598687574,0.03989398908950914,34a_P7_0
21776,118,2026-02-12 20:53:50.250000+00:00,124372.2611442868,426775.1126397037,6.167985657917835,0.0011169248027727008,-2.4795124772936106e-05,0.0024535889274730494,0,-0.0007190742880282133,-0.0008550251350446141,0.0024535889274730494,22_P6_1
21777,98,2026-02-12 20:53:52.080000+00:00,124302.66156059767,426390.0778155251,7.97620103248427,0.000714964116923511,-9.648344712331891e-05,-0.0028497626466004178,0,-7.396827172404827e-05,-0.0007176429744902207,-0.0028497626466004178,10_P3_0
21778,170,2026-02-12 20:53:54.180000+00:00,124669.37371654567,426931.3093195093,13.803073511377727,-0.014330270802020095,0.010822537587955594,0.016883380706339324,0,-0.00039088479209449067,-0.017953584326848234,0.016883380706339324,908_GSL_1
21779,99,2026-02-12 20:54:05.340000+00:00,124302.53857326764,426390.13464278687,11.084750263570971,0.0004929764691041782,-0.00017350510461255908,-0.003004939178396171,0,5.166685907035656e-05,-0.0005200580314646066,-0.003004939178396171,09_P3_0
21780,74,2026-02-12 20:54:06.810000+00:00,124369.34653082688,426785.725944624,7.231867528204448,0.00021761757670901716,-0.0005216727149672806,0.001813693447375364,0,-0.0003623860557746995,-0.00043379278211387405,0.001813693447375364,21_P6_1
21781,92,2026-02-12 20:54:12.360000+00:00,124278.31445848511,426395.63711535186,11.102137547789534,0.0004826825315831229,-0.0011752733262255788,0.00034856456231402433,0,0.0010924294955561842,-0.0006487276893055276,0.00034856456231402433,11_P3_0
21782,166,2026-02-12 20:54:23+00:00,124091.05949754092,427154.2080862442,9.825533471716847,-0.012783294776454568,0.019058264617342502,-0.004320147345957537,0,0.02201109581429073,-0.00649166670590018,-0.004320147345957537,907_GSL_1
21783,93,2026-02-12 20:54:25.760000+00:00,124278.26857007705,426395.7901263631,7.949023792411414,0.0004464973753783852,-0.0012237394112162292,0.00029827213189648205,0,0.0011448147909916301,-0.0006215280742737373,0.00029827213189648205,12_P3_0
21784,73,2026-02-12 20:54:26.330000+00:00,124369.48927001815,426785.6938870272,11.40848705467032,-6.95462804287672e-05,-0.0025796269765123725,0.002432438607245402,0,-0.0007011731909110379,-0.0024834790475096575,0.002432438607245402,20_P6_1
21785,153,2026-02-12 20:54:26.570000+00:00,124370.27647118071,426819.49736249296,9.736228743718197,0.0026323758356738836,-0.001760604267474264,0.010148266605208178,0,0.0010066850804112185,-0.0030026180369413995,0.010148266605208178,29_KW_1
21786,125,2026-02-12 20:54:37.920000+00:00,124339.65687641072,426609.5910295835,6.670290312761374,-0.0009891529043670744,-0.00020426296396180987,-0.0032256253677402924,0,-0.00034563195637038875,-0.0009490444549123396,-0.0032256253677402924,17_P5_1
21787,94,2026-02-12 20:54:39.590000+00:00,124268.2238089873,426351.55493317574,10.214808082735358,-0.00041351179243065417,-0.0010398447629995644,0.0003141434443971747,0,0.0010978273138245813,0.0002168970323391657,0.0003141434443971747,07_P2_0
21788,146,2026-02-12 20:54:52.310000+00:00,124350.9241484207,426607.5124252023,11.375314913933689,-0.00211815423972439,0.0005598054849542677,-0.004006599290393709,0,9.981978916390556e-05,-0.0021886058516641512,-0.004006599290393709,13_P5_1
21789,95,2026-02-12 20:54:52.560000+00:00,124268.10964730133,426351.5480770623,7.193998690405735,9.939909796230495e-05,-0.0011139477137476206,0.00032783216061460507,0,0.0010767757896410952,-0.00030218138341411225,0.00032783216061460507,08_P2_0
21790,152,2026-02-12 20:54:54.910000+00:00,124370.27596379684,426819.49885502615,9.730710406973607,0.00019213497580494732,-0.00031501176999881864,0.0017894557457278637,0,-0.00035077986930660685,0.00011446286495888569,0.0017894557457278637,29_KW_1
21791,96,2026-02-12 20:55:05.870000+00:00,124258.06121263643,426307.35153165995,9.306598738535484,0.00023443999816663563,-0.0008779169875197113,0.0020531303595934247,0,0.0008149987003648157,-0.00040184259122163536,0.0020531303595934247,03_P1_0
21792,148,2026-02-12 20:55:07.710000+00:00,124351.03890061523,426607.3989278768,8.010723613785483,-0.0022177994396770373,0.0004719820572063327,-0.004732801426898803,0,-8.879507442881206e-06,-0.0022674484715874085,-0.004732801426898803,14_P5_1
21793,117,2026-02-12 20:55:09.710000+00:00,124377.68074389352,426815.90575918084,7.619623654942289,0.000726749436580576,5.3142313845455647e-05,0.0021886147698291225,0,2.48442978565911e-05,0.0007282661669712843,0.0021886147698291225,26_KW_0
21794,97,2026-02-12 20:55:19.260000+00:00,124257.98709216913,426307.391189633,6.839536295350319,-0.0007780397427268326,-0.0006630716379731894,0.002474104754218942,0,0.0008029684014033609,0.0006326543959340008,0.002474104754218942,04_P1_0
21795,168,2026-02-12 20:55:23.910000+00:00,124669.37319657173,426931.31096218055,13.78941354545017,-0.003535399620886892,0.0032216081744991243,-0.011926474485058236,0,0.000540383174859673,-0.00475245154985249,-0.011926474485058236,908_GSL_1
21796,116,2026-02-12 20:55:24.180000+00:00,124377.68790474258,426815.8999804926,10.007631617571967,0.0005448510055430233,-8.107098983600736e-05,0.0025718622948431857,0,-0.00010207874152639216,0.0005413086496284922,0.0025718622948431857,25_KW_0
21797,115,2026-02-12 20:55:38.590000+00:00,124396.29018683053,426811.6339650505,7.649412630879364,9.607072570361197e-05,5.071406485512853e-05,0.0031403381063173086,0,9.289220317720397e-05,5.632529893603662e-05,0.0031403381063173086,24_KW_0
21798,114,2026-02-12 20:55:51.620000+00:00,124396.29936019065,426811.6295112741,9.99297980249507,0.00033954562968574464,-2.7481699362397194e-05,0.002295724844886493,0,0.00015109598463560687,0.000305313743328941,0.002295724844886493,23_KW_0
21799,150,2026-02-12 20:56:06.530000+00:00,124401.10319860025,426812.3214464526,9.183901472419468,1.7970320186577737e-05,1.4863559044897556e-05,0.0018874491756584177,0,2.2666847071442757e-05,5.483779620763973e-06,0.0018874491756584177,27_KW_1
21800,119,2026-02-12 20:56:21.610000+00:00,124400.81458145013,426811.3431985522,3.9861213684109496,0.00043006305349990726,6.967090303078294e-05,0.002587239324766788,0,0.0003163992326484314,0.0002994992325437122,0.002587239324766788,28_KW_1
21801,169,2026-02-12 20:56:37.890000+00:00,124669.37620103429,426931.3091539587,13.81019308746512,-0.002876414029742591,0.006994405761361122,-0.0015621254077728963,0,0.000624639167609512,-0.0075369287866709845,-0.0015621254077728963,908_GSL_1
21802,62,2026-02-12 20:56:54.490000+00:00,124390.61118219847,426780.8793934222,7.44682678371579,0.0005019854434067383,0.00014821422519162297,0.0020289101334611814,0,0.00047226767353565207,-0.0002256547949294134,0.0020289101334611814,19_P6_1
21803,72,2026-02-12 20:57:08.800000+00:00,124390.52437358595,426780.8872355419,10.98899037403578,0.0004138830990996212,0.00030461017740890384,0.0019050524690218396,0,0.00036037354686292575,-0.0003663570480048464,0.0019050524690218396,18_P6_1
21804,139,2026-02-12 21:00:20.600000+00:00,123928.08840242481,426940.4349012153,7.132849896893601,0.001532501119072549,0.0037972027203068137,-0.0037519338456544205,0,-0.00019302363925768404,0.004090238385932023,-0.0037519338456544205,905_GSL_1
21805,130,2026-02-12 21:00:20.640000+00:00,124898.93949328808,426720.7675595186,4.12376977096656,0.0011202908208360896,-0.0021171802072785795,0.033707038496365804,0,0.0018504329019016798,0.0015209870574404954,0.033707038496365804,901_GSL_1
21806,133,2026-02-12 21:00:21.140000+00:00,124806.22108854474,426258.5094391768,4.600438872325913,-0.0008075487858150154,-0.0020446365233510733,0.012281768141347627,0,0.001323864651207696,0.001755008814614672,0.012281768141347627,903_GSL_1
21807,134,2026-02-12 21:00:21.170000+00:00,123855.61471186491,426533.0738012885,6.051436386767594,0.0002497234963811934,-0.0004967734566889703,0.005593467869813296,0,-0.0003437678776805662,-0.00043700038694554434,0.005593467869813296,904_GSL_1
21808,138,2026-02-12 21:00:27.350000+00:00,123928.0879656255,426940.43305281404,7.107341828013984,0.0013467468234011903,0.0013316620024852455,-0.01059423558394279,0,0.00022853479938897463,0.001880112374479901,-0.01059423558394279,905_GSL_1
21809,132,2026-02-12 21:00:36.790000+00:00,124806.2205227831,426258.5046015235,4.626704121099622,0.006388495326973498,-0.0005402269307523966,0.04407194688930094,0,0.00366315788072381,-0.005261748000461769,0.04407194688930094,903_GSL_1
21810,143,2026-02-12 21:00:37.110000+00:00,124266.92029984453,427056.31507973146,7.106498447411383,0.0007324164325837046,0.0008528554462827742,0.0009567091886051315,0,0.0005116183798400835,0.001001020917055502,0.0009567091886051315,906_GSL_1
21811,137,2026-02-12 21:00:37.770000+00:00,123928.08556360441,426940.4299617351,7.135164590801793,-0.0038356574659701437,-0.0038668359629809856,0.012300899836263035,0,-0.0008878251998423342,-0.005373681696507573,0.012300899836263035,905_GSL_1
21812,153,2026-02-12 21:00:38.020000+00:00,124370.27590114527,426819.49749436154,9.736605092372967,0.0020623403979698196,-0.0016287356847897172,0.010524615259978276,0,0.0010293048792532342,-0.0024179659454903885,0.010524615259978276,29_KW_1
21813,125,2026-02-12 21:00:43.070000+00:00,124339.65821310636,426609.5909784379,6.670549013896202,0.00034754273656290025,-0.00025540852220728993,-0.002966924232912227,0,-0.00020227522631934109,0.00038092545172408804,-0.002966924232912227,17_P5_1
21814,152,2026-02-12 21:00:53+00:00,124370.27584032893,426819.4988242945,9.73058438212644,6.866706826258451e-05,-0.00034574343590065837,0.0016634308985601365,0,-0.0003522652158097816,-1.2763520778339595e-05,0.0016634308985601365,29_KW_1
21815,135,2026-02-12 21:00:53.180000+00:00,123855.61690660306,426533.0676686308,6.0571596883306835,0.0032563248241785914,-0.008966290508396924,0.03596124121232602,0,0.002339552577120763,-0.009247946289875287,0.03596124121232602,904_GSL_1
21816,5,2026-02-12 21:00:53.380000+00:00,124424.6180034214,426919.14218943316,8.777409551620538,0.0008006438874872401,-0.004158335912507027,0.009583729614224268,11,-0.004234163281292861,6.818726543575858e-05,0.009583729614224268,TS4
21817,141,2026-02-12 21:00:54.390000+00:00,124266.91870526843,427056.3143267517,7.093104555453034,7.651698251720518e-05,-0.0001915513421408832,0.008969855189936204,0,-0.00019380860718551125,7.060445503170588e-05,0.008969855189936204,906_GSL_1
21818,136,2026-02-12 21:00:55.030000+00:00,123855.61367996807,426533.0779120304,6.037364778886859,-0.002090143723762594,0.0038035042816773057,0.01507223645012079,0,-0.0005300212383412223,0.0043074845436320485,0.01507223645012079,904_GSL_1
21819,146,2026-02-12 21:00:57.730000+00:00,124350.92509471175,426607.51224272867,11.374185224080703,-0.0011718631867552176,0.00037733186036348343,-0.005136289143379713,0,0.00012132063970189302,-0.001225122019922826,-0.005136289143379713,13_P5_1
21820,150,2026-02-12 21:01:09.800000+00:00,124401.10333627669,426812.32127219107,9.183878755677446,0.00015564676141366363,-0.00015939795412123203,0.0018647324336367177,0,-3.437946753571208e-05,0.00022011741032584687,0.0018647324336367177,27_KW_1
21821,122,2026-02-12 21:01:10.280000+00:00,124329.15043777107,426611.39108148566,8.086453271483826,0.000886868016095832,-0.0009574231808073819,0.002789433041428424,0,-0.0007011558790131408,0.0011007154302754148,0.002789433041428424,16_P5_1
21822,140,2026-02-12 21:01:11.160000+00:00,123928.08841427496,426940.4336782545,7.14646546540806,0.0008905424911063164,-0.0007604224374517798,0.010891759205716056,0,-0.0009148564801581263,-0.000730989625479482,0.010891759205716056,905_GSL_1
21823,148,2026-02-12 21:01:13.150000+00:00,124351.03976565474,426607.3987778634,8.011784576755339,-0.0013527599221561104,0.00032196869142353535,-0.0036718384570431084,0,2.788979651415484e-05,-0.0013902681052585463,-0.0036718384570431084,14_P5_1
21824,120,2026-02-12 21:01:25.880000+00:00,124329.26236196475,426611.32961587794,11.358569189944255,0.0021101295860717073,-0.0015592121635563672,0.0005380232973823951,0,-0.0009712396925336734,0.002437310587644582,0.0005380232973823951,15_P5_1
21825,129,2026-02-12 21:01:27.010000+00:00,124898.93995772376,426720.77298619505,4.084334877335741,0.0002860249805962667,0.00048352492740377784,-0.007349867909872465,0,0.00022679439106164332,-0.0005139756308706686,-0.007349867909872465,901_GSL_1
21826,145,2026-02-12 21:01:27.220000+00:00,124266.92031508648,427056.31510116457,7.118130469312693,0.001991333643672988,0.00035455694887787104,0.010163533021047222,0,-0.0011629181103750502,0.001654914432526119,0.010163533021047222,906_GSL_1
21827,6,2026-02-12 21:01:27.420000+00:00,124399.03938831865,426925.0752534418,8.554820071393843,0.00021757427020929754,-0.00019577308557927608,0.007513375572285597,11,-0.0002045437562709098,0.00020935022298752302,0.007513375572285597,TS5
21828,128,2026-02-12 21:01:30.350000+00:00,124898.93913084042,426720.77232096216,4.077988028600305,-0.001170559087768197,0.003056927351281047,-0.0034039024033747367,0,0.00026589283478156657,-0.0032625625525618193,-0.0034039024033747367,901_GSL_1
21829,124,2026-02-12 21:01:40.390000+00:00,124339.65861079504,426609.5895008677,6.677054008862436,0.0008450718160020187,-0.0007410363177768886,0.0026238130292428608,0,-0.0004396559854535903,0.0010344002189288787,0.0026238130292428608,17_P5_1
21830,154,2026-02-12 21:01:40.590000+00:00,124285.66475133927,426445.56226866686,7.894148477677058,0.0001263392623513937,-0.0015563331544399261,-0.0074515223229409955,11,-0.0015277867054705884,0.0003224938439842704,-0.0074515223229409955,TS1-1
21831,149,2026-02-12 21:01:44.810000+00:00,124351.04102175718,426607.3970980776,8.013543029484257,-0.0002899348910432309,0.00036561209708452225,0.0013171855164593183,0,-0.0003154542448357872,0.0003438358125528455,0.0013171855164593183,14_P5_1
21832,131,2026-02-12 21:01:46.920000+00:00,124806.21676308238,426258.50105798227,4.606069351913204,-0.0017814137681853026,-0.005226082226727158,-0.005435120859358378,0,0.00014772598000196245,0.005519379266622842,-0.005435120859358378,903_GSL_1
21833,3,2026-02-12 21:01:47.120000+00:00,124314.90315166675,426440.7938148189,7.046746650763801,-0.004087685185368173,-0.002262464666273445,-0.03168244472728343,11,-0.004637869752487701,0.0005639864358066749,-0.03168244472728343,TS2
21834,147,2026-02-12 21:02:00+00:00,124350.92715854531,426607.5104854474,11.373124399014097,0.0006511997198686004,0.0004927073023281991,-0.0010952426583461516,0,-0.0005894244406026048,-0.0005651551908500722,-0.0010952426583461516,13_P5_1
21835,126,2026-02-12 21:02:14.450000+00:00,124339.65741030057,426609.58886905975,6.669671019603282,0.0005896964285057038,0.00037889869417995214,-0.0009861695321760067,0,-0.000500059802869375,-0.0004911682927448567,-0.0009861695321760067,17_P5_1
21836,121,2026-02-12 21:02:28.980000+00:00,124329.26023191944,426611.3277622092,11.353060096002787,0.0006891497323522344,4.571664612740278e-05,-0.0012394260713346483,0,-0.00023585600294933774,-0.0006491450617597399,-0.0012394260713346483,15_P5_1
21837,123,2026-02-12 21:02:45.570000+00:00,124329.15060851313,426611.3906268441,8.07797377593108,0.0008519010007148609,0.0003488244256004691,-0.00014186912298619347,0,-0.0005727964446241945,-0.0007206372374089204,-0.00014186912298619347,16_P5_1
21838,4,2026-02-12 21:02:45.770000+00:00,124378.97068960026,426782.74210188095,7.759623513477445,-0.0011283729400020093,0.0009189735283143818,0.004547808505178885,11,-0.001312031071870125,-0.0006295334017498143,0.004547808505178885,TS3
21839,67,2026-02-12 21:06:20.760000+00:00,123855.61489949307,426533.0739394111,6.055390829355439,-0.0030949810752645135,-0.017163293610792607,0.010982681017862816,0,-0.0003903180683972229,-0.017435745101142153,0.010982681017862816,904_GSL_1
21840,68,2026-02-12 21:06:20.830000+00:00,123928.0870252159,426940.4326398703,7.114869785911359,-0.02192514596390538,-0.015095134906005114,-0.003943495128867269,0,0.0014847450408224294,-0.02657763449844255,-0.003943495128867269,905_GSL_1
21841,68,2026-02-12 21:06:21.390000+00:00,123928.08743876091,426940.43261006864,7.135346591713951,-0.02151160094945226,-0.01512493658810854,0.016533310673724877,0,0.015311401776620132,-0.02137928104117848,0.016533310673724877,905_GSL_1
21842,66,2026-02-12 21:06:22.410000+00:00,124898.93903795128,426720.76649371034,4.125082663957991,0.001432287594070658,-0.00771144445752725,0.0427961335542264,0,0.004296712428866685,0.006561713623534557,0.0427961335542264,901_GSL_1
21843,71,2026-02-12 21:06:23.160000+00:00,124806.22285153321,426258.5104610655,4.59285892327029,-0.004910402276436798,-0.0046450665686279535,0.0013552601210227166,0,0.0014041335199852355,0.00661189103067153,0.0013552601210227166,903_GSL_1
21844,69,2026-02-12 21:06:37.510000+00:00,124266.91900705447,427056.3146597125,7.107097277073214,-0.023590142183820717,-0.00017867155838757753,0.016595906145781214,0,0.008774281304605773,-0.021898372527799866,0.016595906145781214,906_GSL_1
21845,68,2026-02-12 21:06:37.590000+00:00,123928.08536304267,426940.4298258728,7.133339143702397,-0.02358731918502599,-0.017909132409840822,0.01452586266217093,0,-0.0007029634386825529,-0.02960750736575745,0.01452586266217093,905_GSL_1
21846,71,2026-02-12 21:06:38.320000+00:00,124806.21866349847,426258.50367268425,4.626747785654262,-0.009098437018110417,-0.011433447827585042,0.0352441225049942,0,0.005349404405003605,0.013597395261974225,0.0352441225049942,903_GSL_1
21847,67,2026-02-12 21:06:39.800000+00:00,123855.61639361313,426533.07435699506,6.033207711451601,-0.001600861010956578,-0.016745709639508277,-0.011200436885975051,0,0.011094793273374582,-0.012644647465556463,-0.011200436885975051,904_GSL_1
21848,66,2026-02-12 21:06:45.620000+00:00,124898.94013509263,426720.7706773314,4.076909587324321,0.0025294289516750723,-0.003527823369950056,-0.005376943079443031,0,0.0007558627728719644,0.00427460173814171,-0.005376943079443031,901_GSL_1
21849,69,2026-02-12 21:06:54.190000+00:00,124266.91797321363,427056.31459449144,7.092812396754975,-0.02462398303032387,-0.00024389260215684772,0.002311025827542501,0,0.0005106969243853953,-0.024619894649053398,0.002311025827542501,906_GSL_1
21850,66,2026-02-12 21:06:54.910000+00:00,124898.94021162961,426720.7732094431,4.088001302307205,0.0026059659285238013,-0.0009957117144949734,0.0057147719034409405,0,0.002705485316849164,0.0006803303898276296,0.0057147719034409405,901_GSL_1
21851,67,2026-02-12 21:06:54.960000+00:00,123855.61453486094,426533.0712572406,6.057862121163097,-0.003459613202721812,-0.01984546409221366,0.013453972825521632,0,0.014005025465460048,-0.014480007950951009,0.013453972825521632,904_GSL_1
21852,68,2026-02-12 21:06:55.690000+00:00,123928.0884570895,426940.4309276991,7.14437004465633,-0.020493272357271053,-0.016807306150440127,0.025556763616103595,0,0.019934017523991335,-0.017466960161891903,0.025556763616103595,905_GSL_1
21853,71,2026-02-12 21:07:02.650000+00:00,124806.21931771823,426258.50720343087,4.607657254630881,-0.008444217251962982,-0.00790270121069625,0.016153591481613994,0,-0.0051681530985344505,0.010346385116261524,0.016153591481613994,903_GSL_1
21854,66,2026-02-12 21:07:11.190000+00:00,124898.94126968678,426720.76831217937,4.085416518483118,0.0036640230973716825,-0.00589297543046996,0.0031299880793538293,0,0.0009301309230681513,0.006876560270087668,0.0031299880793538293,901_GSL_1
21855,69,2026-02-12 21:07:11.410000+00:00,124266.91929460882,427056.31445655297,7.1179445734458096,-0.023302587840589695,-0.0003818310797214508,0.027443202518377063,0,0.01626185215214806,-0.0166945667695666,0.027443202518377063,906_GSL_1
21856,149,2026-02-12 21:07:32.520000+00:00,124351.0410472919,426607.3970942655,8.013716883283562,-0.00026440016517881304,0.00036180001916363835,0.001491039315764553,0,-0.0003157062017809908,0.00031801933175581163,0.001491039315764553,14_P5_1
21857,110,2026-02-12 21:07:35.130000+00:00,124434.26260204475,426963.97413976345,6.503053912560564,0.12214916088851169,0.039711921534035355,-2.2413192599140404,0,0.06424407799561817,0.11122118800024491,-2.2413192599140404,35_P9_0
21858,111,2026-02-12 21:07:47.780000+00:00,124434.26251244279,426963.97403930407,6.502712501900404,0.0008216834685299546,-0.004024475289043039,0.04141999228563531,0,-0.003761710038623757,0.0016495765092564576,0.04141999228563531,36_P9_0
21859,147,2026-02-12 21:07:47.880000+00:00,124350.92670514729,426607.5105576144,11.373105317805294,0.00019780169532168657,0.0005648742662742734,-0.0011143238671493805,0,-0.0005890346938448076,-0.00010604987891641284,-0.0011143238671493805,13_P5_1
21860,164,2026-02-12 21:07:50.660000+00:00,124091.05780178719,427154.2066934049,9.839023966596018,-0.037526664178585634,0.011962463438976556,0.0243904349666213,0,0.021471518963453683,-0.03302006858416926,0.0243904349666213,907_GSL_1
21861,102,2026-02-12 21:07:55.410000+00:00,124282.39504760173,426301.79326595325,6.899762709362037,0.0017586559115443379,-0.00029191136127337813,-0.0035352744046992512,0,-0.00011626363200485608,-0.0017789226025668914,-0.0035352744046992512,02_P1_0
21862,126,2026-02-12 21:08:02.430000+00:00,124339.6583413241,426609.5886552885,6.670052169917933,0.0015207199612632394,0.00016512745060026646,-0.0006050192175246494,0,-0.0004977328501811763,-0.001446415668256098,-0.0006050192175246494,17_P5_1
21863,160,2026-02-12 21:08:06.640000+00:00,124421.81286937506,426965.61790621997,5.602957205741373,0.0016632144252071157,-0.0007318186690099537,0.01077597585403467,0,0.00017642740019333704,0.0018085115871869764,0.01077597585403467,38a_P9_0
21864,122,2026-02-12 21:08:06.880000+00:00,124329.15117204827,426611.39097652945,8.087126996583692,0.001621145216631703,-0.001062379393260926,0.0034631581412938317,0,-0.0006164324125096764,0.0018375997576841386,0.0034631581412938317,16_P5_1
21865,103,2026-02-12 21:08:09+00:00,124282.31374782929,426301.79705934896,9.29419312424856,0.002029422132181935,-0.0003848042688332498,-0.003758361542553601,0,-8.86350401345775e-05,-0.0020636793223663664,-0.003758361542553601,01_P1_0
21866,121,2026-02-12 21:08:16.910000+00:00,124329.26040332623,426611.3277156638,11.35321082252248,0.0008605565235484391,0.0,-0.0010886995516425912,0,-0.00023889433770028749,-0.0008267331567566251,-0.0010886995516425912,15_P5_1
21867,120,2026-02-12 21:08:22.460000+00:00,124329.26238741522,426611.32963869255,11.359926448725803,0.002135580056346953,-0.0015363975544460118,0.0018952820789301938,0,-0.0009427067186440613,0.00245611963572581,0.0018952820789301938,15_P5_1
21868,100,2026-02-12 21:08:22.520000+00:00,124292.48589118672,426345.929631009,7.583271109289211,0.0021679134079022333,-0.0006039707222953439,-0.005228459679886832,0,8.917866134021391e-05,-0.0022487054818081005,-0.005228459679886832,06_P2_0
21869,162,2026-02-12 21:08:24.640000+00:00,124402.9974235883,426879.64710244007,6.5547710992539105,0.0019954599847551435,-0.0006311478209681809,0.010098055963343455,0,0.0008018868552855314,-0.0019331801762878084,0.010098055963343455,34a_P7_0
21870,123,2026-02-12 21:08:31.610000+00:00,124329.15036371206,426611.3906999205,8.078984752072381,0.0006070999370422214,0.0004219008260406554,0.0008691070183157734,0,-0.0005746208488314464,-0.000465168271337034,0.0008691070183157734,16_P5_1
21871,101,2026-02-12 21:08:35.620000+00:00,124292.40682720748,426345.8827985728,10.211980515809786,0.00150833664520178,-0.0005949530750513077,-0.0036379817904972356,0,0.00023102153059123594,-0.0016048917873722356,-0.0036379817904972356,05_P2_0
21872,124,2026-02-12 21:08:36.660000+00:00,124339.65898262194,426609.5895858265,6.677192152997366,0.0012168987159384415,-0.0006560775218531489,0.0027619571641723795,0,-0.0002427009688394058,0.0013610203669519464,0.0027619571641723795,17_P5_1
21873,161,2026-02-12 21:08:46.420000+00:00,124402.99160956219,426879.64360138855,6.583673641720287,0.0002058155951090157,-0.0039054984226822853,0.04204932089656488,0,0.0033266995607195236,-0.002056294731178491,0.04204932089656488,34a_P7_0
21874,98,2026-02-12 21:08:48.830000+00:00,124302.66159691176,426390.0776492803,7.975907232777829,0.0007512782030971721,-0.0002627282519824803,-0.0031435623530411405,0,7.911473868369757e-05,-0.0007919507124573446,-0.0031435623530411405,10_P3_0
21875,118,2026-02-12 21:08:49.510000+00:00,124372.26107016136,426775.1127078102,6.167985824552816,0.0010427993693156168,4.331138916313648e-05,0.0024537555624544183,0,-0.0007212550234501389,-0.0007543855726511666,0.0024537555624544183,22_P6_1
21876,170,2026-02-12 21:08:52.070000+00:00,124669.37417336366,426931.309928212,13.800589163984762,-0.013873452815460041,0.011431240302044898,0.014399033313374332,0,0.0003699416254933562,-0.017972453673876003,0.014399033313374332,908_GSL_1
21877,99,2026-02-12 21:09:01.970000+00:00,124302.53868931455,426390.1345723095,11.084840282245693,0.0006090233800932765,-0.0002439824747852981,-0.0029149205036738124,0,9.261835114187456e-05,-0.000649506556190435,-0.0029149205036738124,09_P3_0
21878,74,2026-02-12 21:09:06.120000+00:00,124369.34663517028,426785.7259403635,7.231893702125047,0.0003219609789084643,-0.0005259332247078419,0.0018398673679751454,0,-0.00046330821755668155,-0.0004069522383962725,0.0018398673679751454,21_P6_1
21879,92,2026-02-12 21:09:08.560000+00:00,124278.3146013195,426395.6370584794,11.102622237921455,0.0006255169137148187,-0.0012321457616053522,0.0008332546942355634,0,0.0011278846429680954,-0.0007983300190660983,0.0008332546942355634,11_P3_0
21880,166,2026-02-12 21:09:18.670000+00:00,124091.05363482464,427154.2068367604,9.823247104377167,-0.01864601105626207,0.01780878083081916,-0.0066065146856377766,0,0.02257400484169962,-0.012459562929626437,-0.0066065146856377766,907_GSL_1
21881,93,2026-02-12 21:09:21.870000+00:00,124278.26885572638,426395.78998464136,7.9501295555717775,0.0007321466982830316,-0.001365461153909564,0.001404035292259742,0,0.0012430028212141537,-0.0009249145566464163,0.001404035292259742,12_P3_0
21882,73,2026-02-12 21:09:24.010000+00:00,124369.48912868471,426785.69311982894,11.40873372683325,-0.00021087971981614828,-0.0033468252513557673,0.0026791107701740202,0,-0.000794521574343814,-0.00325798173525337,0.0026791107701740202,20_P6_1
21883,153,2026-02-12 21:09:24.920000+00:00,124370.27694734951,426819.4975283608,9.735366488350303,0.003108544638962485,-0.0015947364154271781,0.00928601123731454,0,0.0007214739278951831,-0.0034184366863347676,0.00928601123731454,29_KW_1
21884,125,2026-02-12 21:09:33.790000+00:00,124339.65681226029,426609.59128361754,6.669942891682446,-0.0010533033346291631,4.9771100748330355e-05,-0.0035730464466681155,0,-0.00010359505149754093,-0.0010493775023869328,-0.0035730464466681155,17_P5_1
21885,94,2026-02-12 21:09:35.260000+00:00,124268.22400143716,426351.55501797225,10.216004848603163,-0.00022106192773208022,-0.0009550482500344515,0.0015109093122021022,0,0.0009793489915189643,4.3140336082131035e-05,0.0015109093122021022,07_P2_0
21886,165,2026-02-12 21:09:39.820000+00:00,124091.05932089464,427154.2059757263,9.851228368368902,-0.02445973252179101,0.009823932661674917,0.0004928746428820574,0,0.02274853304591539,-0.013315119685439535,0.0004928746428820574,907_GSL_1
21887,95,2026-02-12 21:09:48.490000+00:00,124268.10963460011,426351.5481464468,7.1950171484119805,8.669788076076657e-05,-0.001044563192408532,0.0013462901668601646,0,0.0010109006075462205,-0.0002769634400526435,0.0013462901668601646,08_P2_0
21888,146,2026-02-12 21:09:48.600000+00:00,124350.92417979297,426607.51258823444,11.374404065260286,-0.0020867819694103673,0.0007228376343846321,-0.004917447963796562,0,0.0002658002176140838,-0.002192373936593684,-0.004917447963796562,13_P5_1
21889,152,2026-02-12 21:09:55.910000+00:00,124370.27595470668,426819.49888527655,9.730910598879019,0.00018304481636732817,-0.00028476136503741145,0.0019896476511398475,0,-0.000319249354356031,0.00011258014727373627,0.0019896476511398475,29_KW_1
21890,96,2026-02-12 21:10:01.750000+00:00,124258.06127171998,426307.35148991056,9.307577550799792,0.00029352355340961367,-0.0009196663741022348,0.0030319426239007186,0,0.0008443667673653565,-0.0004679605520014865,0.0030319426239007186,03_P1_0
21891,148,2026-02-12 21:10:03.580000+00:00,124351.03888816484,426607.399123258,8.011514149370832,-0.0022302498255157843,0.0006673632888123393,-0.003942265841549997,0,0.00017942211237406878,-0.002321033336481584,-0.003942265841549997,14_P5_1
21892,117,2026-02-12 21:10:10.420000+00:00,124377.68078373864,426815.905803566,7.619594833320254,0.0007665945595363155,9.752745972946286e-05,0.0021597931477943533,0,6.764660156918606e-05,0.0007698069637305832,0.0021597931477943533,26_KW_0
21893,97,2026-02-12 21:10:15.860000+00:00,124257.98741211147,426307.39094664616,6.840204292145013,-0.00045809740549884737,-0.0009060584707185626,0.0031421015489128123,0,0.000978384536486985,0.00027121741103547066,0.0031421015489128123,04_P1_0
21894,168,2026-02-12 21:10:20.580000+00:00,124669.37305237686,426931.31152730744,13.789333779358206,-0.0036795944906771183,0.003786735062021762,-0.012006240577022709,0,0.0009139664833918414,-0.005200331077249093,-0.012006240577022709,908_GSL_1
21895,116,2026-02-12 21:10:24.100000+00:00,124377.68808262551,426815.89998458844,10.007567831296951,0.0007227339374367148,-7.697514956817031e-05,0.0025080760198274987,0,-0.00010486436960702468,0.0007192169227435771,0.0025080760198274987,25_KW_0
21896,115,2026-02-12 21:10:38.310000+00:00,124396.29028076313,426811.63390000025,7.64931391586629,0.00019000332395080477,-1.4336197637021542e-05,0.0030416230932432953,0,8.539396269243299e-05,0.0001703369038427245,0.0030416230932432953,24_KW_0
21897,114,2026-02-12 21:10:51.710000+00:00,124396.29945045317,426811.62949778076,9.993100786529714,0.00042980814760085195,-4.097505006939173e-05,0.0024167088795312708,0,0.00018595597667312954,0.00038965930402315224,0.0024167088795312708,23_KW_0
21898,150,2026-02-12 21:11:06.770000+00:00,124401.1033837492,426812.32122940564,9.18402926775335,0.0002031192707363516,-0.00020218337886035442,0.0020152445095416027,0,-4.019633923249946e-05,0.0002837601295886417,0.0020152445095416027,27_KW_1
21899,119,2026-02-12 21:11:22.130000+00:00,124400.81462186822,426811.34303285927,3.9861323818435586,0.00047048114356584847,-9.602203499525785e-05,0.0025982527573757963,0,0.00020924916175158646,0.00043218922471750435,0.0025982527573757963,28_KW_1
21900,169,2026-02-12 21:11:38.700000+00:00,124669.37656620705,426931.3088359085,13.81020431304046,-0.0025112412695307285,0.0066763555514626205,-0.0015508998324325063,0,0.000804894484787092,-0.007087467885761414,-0.0015508998324325063,908_GSL_1
21901,62,2026-02-12 21:11:54.310000+00:00,124390.61101817476,426780.8793307337,7.44684587178488,0.0003379617410246283,8.552568033337593e-05,0.0020479982025518595,0,0.00032020691960737074,-0.00013784160848032622,0.0020479982025518595,19_P6_1
21902,72,2026-02-12 21:12:08.610000+00:00,124390.52443351554,426780.88719853765,10.989120789891157,0.00047381268814206123,0.00026760593755170703,0.002035468324399048,0,0.000425410510309207,-0.000339318875065615,0.002035468324399048,18_P6_1
21903,130,2026-02-12 21:15:19.360000+00:00,124898.94085638068,426720.7705585255,4.126104428804053,0.002483383417711593,0.000881826737895608,0.03604169633385901,0,0.0019508406840819126,-0.0017717314188000779,0.03604169633385901,901_GSL_1
21904,138,2026-02-12 21:15:20.370000+00:00,123928.08502604922,426940.4313452252,7.1137504840188726,-0.0015928294596960768,-0.00037592684384435415,-0.004185579579054632,0,0.0006778329222292228,-0.0014896204916490191,-0.004185579579054632,905_GSL_1
21905,133,2026-02-12 21:15:20.740000+00:00,124806.22249663089,426258.5099133466,4.599250687679917,0.0006005373579682782,-0.001570466731209308,0.011093583495351389,0,0.0016532551638947582,0.00030619966558780633,0.011093583495351389,903_GSL_1
21906,134,2026-02-12 21:15:21.840000+00:00,123855.6146076329,426533.0742011768,6.052574742920783,0.0001454914890928194,-9.688513819128275e-05,0.006731824023002098,0,-0.00016188904251293634,-6.592754595034333e-05,0.006731824023002098,904_GSL_1
21907,139,2026-02-12 21:15:22.700000+00:00,123928.08772690341,426940.4340268236,7.13206855747477,0.0008569797209929675,0.0029228110215626657,-0.0045332732644860485,0,0.00015596511746849892,0.0030418601861516275,-0.0045332732644860485,905_GSL_1
21908,132,2026-02-12 21:15:35.710000+00:00,124806.22351905383,426258.50614578207,4.624385254484312,0.00938476606097538,0.0010040316265076399,0.04175308027399094,0,0.0038246013860038894,-0.00862869270309472,0.04175308027399094,903_GSL_1
21909,125,2026-02-12 21:15:36.900000+00:00,124339.65800047893,426609.5911607978,6.670353564837711,0.00013491530262399465,-7.304863538593054e-05,-0.003162373291402787,0,-5.269864918266749e-05,0.000144087106946433,-0.003162373291402787,17_P5_1
21910,153,2026-02-12 21:15:37.410000+00:00,124370.27612302628,426819.497707528,9.735940464161976,0.002284221409354359,-0.0014155692188069224,0.009859987048987051,0,0.0007653061626297019,-0.0025760066260837634,0.009859987048987051,29_KW_1
21911,137,2026-02-12 21:15:38.400000+00:00,123928.08515420069,426940.4299215317,7.133218163121711,-0.004245061194524169,-0.0039070393540896475,0.010354472156181238,0,-0.0006806335715705557,-0.005729069645318629,0.010354472156181238,905_GSL_1
21912,143,2026-02-12 21:15:40+00:00,124266.91952497809,427056.3150860123,7.1062717225134,-4.2450003093108535e-05,0.000859136285725981,0.0007299842906220988,0,0.0008111231495396398,0.0002863501292029297,0.0007299842906220988,906_GSL_1
21913,146,2026-02-12 21:15:51.670000+00:00,124350.92534368773,426607.5123333505,11.374535096394183,-0.0009228872077073902,0.00046795367961749434,-0.0047864168298996645,0,0.00026248241837607795,-0.0010009018056037974,-0.0047864168298996645,13_P5_1
21914,135,2026-02-12 21:15:52.270000+00:00,123855.61664503373,426533.0679552075,6.059836949511459,0.0029947555012768134,-0.008679713821038604,0.03863850239310107,0,0.002395108869959445,-0.008863940773075929,0.03863850239310107,904_GSL_1
21915,5,2026-02-12 21:15:52.470000+00:00,124424.61766320225,426919.14132566424,8.77949449447407,0.00046042473695706576,-0.005022104829549789,0.01166867246775638,11,-0.005018578277596649,-0.0004973931332702094,0.01166867246775638,TS4
21916,136,2026-02-12 21:15:54.020000+00:00,123855.61353131855,426533.07806224574,6.034190133759536,-0.0022387932403944433,0.003953719628043473,0.011897591322797219,0,-0.0004973462486172511,0.004516275100057393,0.011897591322797219,904_GSL_1
21917,141,2026-02-12 21:15:54.730000+00:00,124266.91836882204,427056.31480704,7.093049206484882,-0.00025992940936703235,0.0002887369482778013,0.008914506221784357,0,0.0002965754233298432,-0.00025094888210828173,0.008914506221784357,906_GSL_1
21918,152,2026-02-12 21:15:55.900000+00:00,124370.2760247783,426819.49892156525,9.730543586758008,0.00025311643548775464,-0.0002484726719558239,0.0016226355301292017,0,-0.00030006493320810124,0.00018912333140496152,0.0016226355301292017,29_KW_1
21919,148,2026-02-12 21:16:07.470000+00:00,124351.0394807828,426607.39894554706,8.011172190310102,-0.0016376318671973422,0.0004896523314528167,-0.004284224902280087,0,0.00013137464867891488,-0.0017042119116594404,-0.004284224902280087,14_P5_1
21920,140,2026-02-12 21:16:10.040000+00:00,123928.08834645117,426940.43362764653,7.143893262661122,0.0008227187063312158,-0.0008110303897410631,0.00831955645877791,0,-0.0008487176623866568,-0.0007837822991008271,0.00831955645877791,905_GSL_1
21921,122,2026-02-12 21:16:10.680000+00:00,124329.15030762441,426611.3911510397,8.08753946133292,0.0007567213615402579,-0.0008878691587597132,0.0038756228905221235,0,-0.0006668902254428356,0.0009571814296656755,0.0038756228905221235,16_P5_1
21922,150,2026-02-12 21:16:12.280000+00:00,124401.10346538413,426812.3212960759,9.183971985328503,0.0002847542054951191,-0.00013551313895732164,0.0019579620846936763,0,6.20921057279226e-05,0.0003091817245302435,0.0019579620846936763,27_KW_1
21923,128,2026-02-12 21:16:25.500000+00:00,124898.9394141607,426720.772662135,4.078634628213502,-0.0008872387988958508,0.003398100205231458,-0.002757302790177718,0,0.0006688551793907965,-0.003447739903191993,-0.002757302790177718,901_GSL_1
21924,120,2026-02-12 21:16:25.540000+00:00,124329.26223242347,426611.3298150602,11.360860401270639,0.0019805883057415485,-0.0013600299134850502,0.0028292346237659416,0,-0.0008115597722577438,0.002261367316131391,0.0028292346237659416,15_P5_1
21925,145,2026-02-12 21:16:26.370000+00:00,124266.91953640999,427056.3146974835,7.117716870564588,0.0012126571527915075,-4.9124122597277164e-05,0.009749934272941907,0,-0.000894963123649574,0.0008197509115241992,0.009749934272941907,906_GSL_1
21926,6,2026-02-12 21:16:26.570000+00:00,124399.03923689041,426925.07445487677,8.555882539224614,6.614603626076132e-05,-0.0009943381301127374,0.008575843403056282,11,-0.0007142658839580536,-0.0006949157230360566,0.008575843403056282,TS5
21927,129,2026-02-12 21:16:29.110000+00:00,124898.94017632127,426720.77162525686,4.088345271432338,0.0005046224832767621,-0.0008774132584221661,-0.003339473813275262,0,0.0006049102699295059,0.0008115303087483679,-0.003339473813275262,901_GSL_1
21928,124,2026-02-12 21:16:40.070000+00:00,124339.65869131316,426609.5897375545,6.677622870886056,0.0009255899349227548,-0.0005043495330028236,0.0031926750528628034,0,-0.00018966250389681867,0.0010368767109382219,0.0031926750528628034,17_P5_1
21929,154,2026-02-12 21:16:40.270000+00:00,124285.66458523845,426445.5617402463,7.894253333442882,-3.976155130658299e-05,-0.0020847537089139223,-0.007346666557117132,11,-0.0020747012675354413,-0.00020831144538765493,-0.007346666557117132,TS1-1
21930,131,2026-02-12 21:16:43.170000+00:00,124806.21755481702,426258.50173709524,4.607370862908952,-0.0009896791307255626,-0.004546969255898148,-0.0041336098636106655,0,0.00065378781278012,0.004607272044468055,-0.0041336098636106655,903_GSL_1
21931,3,2026-02-12 21:16:43.370000+00:00,124314.90282680748,426440.7932280464,7.048770101757937,-0.004412544454680756,-0.002849237178452313,-0.029658993733146843,11,-0.005159106870972653,0.0009860615383897465,-0.029658993733146843,TS2
21932,149,2026-02-12 21:16:46.510000+00:00,124351.04050679086,426607.3970278644,8.013305728769497,-0.0008049012103583664,0.00029539893148466945,0.0010798848016992935,0,-0.00016511163694569528,0.0008413469168563943,0.0010798848016992935,14_P5_1
21933,147,2026-02-12 21:17:01.800000+00:00,124350.92704724325,426607.5102594833,11.373582603405158,0.0005398976645665243,0.0002667431836016476,-0.0006370382672855612,0,-0.00034871075090369444,-0.0004909605141011964,-0.0006370382672855612,13_P5_1
21934,126,2026-02-12 21:17:16.420000+00:00,124339.65767581046,426609.58875557466,6.669978528985937,0.0008552063227398321,0.0002654136042110622,-0.0006786601495205602,0,-0.00044817808705675073,-0.0007752152204624493,-0.0006786601495205602,17_P5_1
21935,121,2026-02-12 21:17:31.010000+00:00,124329.2602320084,426611.32763955544,11.352178967563212,0.0006892386882100254,-7.693713996559381e-05,-0.0021205545109097557,0,-0.00011808068611257402,-0.0006833931843373518,-0.0021205545109097557,15_P5_1
21936,123,2026-02-12 21:17:46.110000+00:00,124329.15052031893,426611.39065330627,8.078410239137039,0.0007637068047188222,0.0003752866177819669,0.00029459408297327627,0,-0.0005735833927063683,-0.000628562026113186,0.00029459408297327627,16_P5_1
21937,4,2026-02-12 21:17:46.310000+00:00,124378.9702283886,426782.74143949134,7.760721073460046,-0.0015895846008788794,0.0002565839095041156,0.005645368487780189,11,-0.0016055034994427936,0.00012236428909051273,0.005645368487780189,TS3
21938,67,2026-02-12 21:21:20.570000+00:00,123855.61475651346,426533.07422785525,6.05316511987667,-0.0032379606855101883,-0.0168748494470492,0.008756971539094494,0,-0.00019270410194381835,-0.01718161221744282,0.008756971539094494,904_GSL_1
21939,68,2026-02-12 21:21:21.010000+00:00,123928.0882998969,426940.4356589669,7.130509227309801,-0.02065046495408751,-0.012076038343366235,0.011695946269575153,0,0.015505220651784349,-0.01821703975485392,0.011695946269575153,905_GSL_1
21940,68,2026-02-12 21:21:21.100000+00:00,123928.08406927691,426940.43066773907,7.1136682101880595,-0.02488108494435437,-0.017067266162484884,-0.005145070852166533,0,0.0017347259271563466,-0.030122262335802914,-0.005145070852166533,905_GSL_1
21941,66,2026-02-12 21:21:21.200000+00:00,124898.9387570186,426720.7658842032,4.127896182666666,0.001151354910689406,-0.008320951601490378,0.04560965226290126,0,0.004272687562420566,0.007232426610664673,0.04560965226290126,901_GSL_1
21942,71,2026-02-12 21:21:22.040000+00:00,124806.22264442785,426258.5091974474,4.597438933353428,-0.005117507636896335,-0.005908684688620269,0.005935270204160403,0,0.0023744961242018626,0.007447362440446836,0.005935270204160403,903_GSL_1
21943,68,2026-02-12 21:21:36.970000+00:00,123928.08739634084,426940.4311915777,7.131147943835542,-0.021554021019255742,-0.016543427540455014,0.012334662795315587,0,-0.0007867617401948717,-0.027159562272779162,0.012334662795315587,905_GSL_1
21944,71,2026-02-12 21:21:37.120000+00:00,124806.2188472462,426258.5028285385,4.627928510823348,-0.008914689286029898,-0.012277593603357673,0.036424847674080496,0,0.006172258074534262,0.013860527407606541,0.036424847674080496,903_GSL_1
21945,67,2026-02-12 21:21:38.500000+00:00,123855.61352718934,426533.0767237969,6.034290577354269,-0.00446728480164893,-0.014378907799255103,-0.010117570983307012,0,0.012034914441588829,-0.009048229516439082,-0.010117570983307012,904_GSL_1
21946,69,2026-02-12 21:21:38.880000+00:00,124266.9194627412,427056.3150079793,7.106899054518351,-0.0231344554485986,0.00016959523782134056,0.016397683590918533,0,0.008923887274830417,-0.02134469553200525,0.016397683590918533,906_GSL_1
21947,66,2026-02-12 21:21:45.940000+00:00,124898.93880881755,426720.774007532,4.075515972505902,0.001203153864480555,-0.00019762280862778425,-0.006770557897862517,0,0.0009995003509016458,0.0006983072709430387,-0.006770557897862517,901_GSL_1
21948,69,2026-02-12 21:21:53.250000+00:00,124266.92028689764,427056.3144436221,7.093907016255084,-0.022310299013042822,-0.0003947619698010385,0.0034056453276516407,0,0.00028900081896795425,-0.022311919630341463,0.0034056453276516407,906_GSL_1
21949,67,2026-02-12 21:21:53.580000+00:00,123855.61410003556,426533.0700555077,6.064511768501578,-0.0038944385887589306,-0.021047196991275996,0.020103620164002578,0,0.015039545445291642,-0.015230338995248909,0.020103620164002578,904_GSL_1
21950,68,2026-02-12 21:21:56.350000+00:00,123928.08795215414,426940.43319381494,7.1465015538822625,-0.02099820772127714,-0.014541190292220563,0.027688272842036454,0,0.02051259110310907,-0.015218559355508098,0.027688272842036454,905_GSL_1
21951,66,2026-02-12 21:21:56.420000+00:00,124898.94018183798,426720.7704857754,4.086964135371316,0.002576174301793799,-0.0037193793687038124,0.004677604967551652,0,0.00299821644062145,0.003388385322945072,0.004677604967551652,901_GSL_1
21952,71,2026-02-12 21:22:03.920000+00:00,124806.21690106124,426258.49981843063,4.608339794667833,-0.010860874244826846,-0.01528770144795999,0.016836131518565445,0,-0.0048651907216072,0.018110834441468684,0.016836131518565445,903_GSL_1
21953,66,2026-02-12 21:22:10.470000+00:00,124898.94236368232,426720.76518550375,4.083031952520233,0.004758018636493944,-0.009019651042763144,0.0007454221164691077,0,0.0006480920962330519,0.010177073396278626,0.0007454221164691077,901_GSL_1
21954,69,2026-02-12 21:22:12.160000+00:00,124266.91972472887,427056.3145262359,7.118915472818608,-0.022872467787237838,-0.0003121481277048588,0.028414101891175214,0,0.016005776480792745,-0.01634204205045269,0.028414101891175214,906_GSL_1
21955,149,2026-02-12 21:22:33.850000+00:00,124351.04193363083,426607.3969029191,8.01403063100516,0.0006219387578312308,0.00017045362619683146,0.0018047870373614217,0,-0.00026616180558556673,-0.0005873841591528787,0.0018047870373614217,14_P5_1
21956,111,2026-02-12 21:22:33.940000+00:00,124434.26224515434,426963.9732634924,6.504821740610007,0.0005543950246647,-0.004800286958925426,0.04352923099523842,0,-0.004576375753319708,0.0015514166738274915,0.04352923099523842,36_P9_0
21957,110,2026-02-12 21:22:46.430000+00:00,124434.26228652906,426963.9731999767,6.50475457596011,0.12183364520024043,0.038772134808823466,-2.239618596514495,0,0.06325959629873984,0.11110778108004905,-2.239618596514495,35_P9_0
21958,147,2026-02-12 21:22:48.760000+00:00,124350.92729514839,426607.5103829707,11.374126109240578,0.0007878027972765267,0.000390230561606586,-9.353243186538407e-05,0,-0.000509822575370922,-0.000716236050649974,-9.353243186538407e-05,13_P5_1
21959,164,2026-02-12 21:22:49.170000+00:00,124091.06034811487,427154.2072622975,9.842959792961805,-0.034980336495209485,0.01253135607112199,0.02832626133240801,0,0.021345901814341553,-0.030413998455182122,0.02832626133240801,907_GSL_1
21960,102,2026-02-12 21:22:53.920000+00:00,124282.39474911925,426301.79333629,6.899240822072632,0.0014601734292227775,-0.00022157462080940604,-0.004057161694103861,0,-0.00011677775725491471,-0.0014722651634150518,-0.004057161694103861,02_P1_0
21961,126,2026-02-12 21:23:03.130000+00:00,124339.65872787115,426609.588412677,6.670216488367325,0.001907267011119984,-7.748405914753675e-05,-0.00044070076813262915,0,-0.00034672847817499144,-0.0018770856649473915,-0.00044070076813262915,17_P5_1
21962,122,2026-02-12 21:23:05.170000+00:00,124329.15087590489,426611.39053416287,8.087007240922464,0.0013250018382677808,-0.0015047459746710956,0.00334340248006626,0,-0.0011194483290614887,0.0016633477562624434,0.00334340248006626,16_P5_1
21963,160,2026-02-12 21:23:06.210000+00:00,124421.81296671405,426965.61702063354,5.6039544662739535,0.0017605534085305408,-0.0016174050979316235,0.011773236386614983,0,-0.0005480485062201422,0.00232705616389755,0.011773236386614983,38a_P9_0
21964,103,2026-02-12 21:23:07.280000+00:00,124282.31398257375,426301.7969585873,9.29454091503511,0.0022641665855189785,-0.00048556592082604766,-0.0034105707560030396,0,-4.4121687289965134e-05,-0.0023152273899466128,-0.0034105707560030396,01_P1_0
21965,121,2026-02-12 21:23:18.030000+00:00,124329.2608818818,426611.32737426506,11.353480780968834,0.0013391120883170515,-0.0003422275185585022,-0.0008187411052880122,0,-4.4297313939790715e-05,-0.0013814407723508396,-0.0008187411052880122,15_P5_1
21966,120,2026-02-12 21:23:20.570000+00:00,124329.26183140586,426611.32931690617,11.35999951489481,0.0015795707004144788,-0.0018581839394755661,0.001968348247936902,0,-0.0013953267419592557,0.0020002385941947504,0.001968348247936902,15_P5_1
21967,100,2026-02-12 21:23:20.970000+00:00,124292.48605750997,426345.92964416253,7.583459689355359,0.002334236662136391,-0.0005908171879127622,-0.0050398796137391955,0,3.812483611818184e-05,-0.0024075448575812137,-0.0050398796137391955,06_P2_0
21968,162,2026-02-12 21:23:23.500000+00:00,124402.996703565,426879.6462532948,6.555857272604335,0.0012754366907756776,-0.0014802931109443307,0.011184229313768057,0,0.0015853694499488764,-0.001142195322024588,0.011184229313768057,34a_P7_0
21969,123,2026-02-12 21:23:33.720000+00:00,124329.15110582384,426611.390482888,8.078311932887903,0.0013492117141140625,0.00020486832363530993,0.00019628783383751625,0,-0.00057340914994108,-0.0012383639312801376,0.00019628783383751625,16_P5_1
21970,101,2026-02-12 21:23:34.390000+00:00,124292.40693618628,426345.88260909024,10.211698691491932,0.0016173154435819015,-0.0007844356587156653,-0.003919806108351409,0,0.0003902598547277421,-0.001754635515570423,-0.003919806108351409,05_P2_0
21971,124,2026-02-12 21:23:34.880000+00:00,124339.65860780611,426609.589182671,6.677825478360139,0.0008420828817179427,-0.0010592330363579094,0.0033952825269460973,0,-0.0007428357502697341,0.0011310496245150307,0.0033952825269460973,17_P5_1
21972,161,2026-02-12 21:23:45.430000+00:00,124402.99125810273,426879.642695245,6.58560477588751,-0.00014564386219717562,-0.004811641993001103,0.04398045506378789,0,0.00429028373770508,-0.002183249013143179,0.04398045506378789,34a_P7_0
21973,98,2026-02-12 21:23:47.670000+00:00,124302.6616523457,426390.07769077644,7.976093386605286,0.0008067121525527909,-0.0002212321269325912,-0.0029574085255843485,0,2.5770131393507835e-05,-0.0008361005031642051,-0.0029574085255843485,10_P3_0
21974,118,2026-02-12 21:23:49.640000+00:00,124372.26096898191,426775.11267341924,6.167931004449459,0.0009416199172846973,8.920440450310707e-06,0.0023989354590971956,0,-0.0006286067247181926,-0.000701128539230956,0.0023989354590971956,22_P6_1
21975,170,2026-02-12 21:23:50.480000+00:00,124669.37633790968,426931.3076707858,13.801958597145154,-0.011708906793501228,0.009173814090900123,0.01576846647376584,0,-5.964852962729392e-05,-0.014874602694734746,0.01576846647376584,908_GSL_1
21976,99,2026-02-12 21:24:00.720000+00:00,124302.5387949042,426390.13459616376,11.084815250699137,0.0007146130374167114,-0.0002201282186433673,-0.0029399520502302323,0,4.440785415999991e-05,-0.000746428943957792,-0.0029399520502302323,09_P3_0
21977,92,2026-02-12 21:24:06.570000+00:00,124278.31434234526,426395.6366197667,11.103122201104236,0.0003665426775114611,-0.0016708584735170007,0.0013332178770166792,0,0.001599643309712255,-0.00060602215689994,0.0013332178770166792,11_P3_0
21978,74,2026-02-12 21:24:07.040000+00:00,124369.346616583,426785.726070888,7.232015660659394,0.0003033737011719495,-0.00039540871512144804,0.0019618259023221896,0,-0.0004068897097145548,-0.0002877923186695001,0.0019618259023221896,21_P6_1
21979,166,2026-02-12 21:24:17.780000+00:00,124091.05502302365,427154.207372806,9.824359539034226,-0.017257812040043063,0.018344826414249837,-0.005494080028578097,0,0.02266988901842697,-0.010974555319948875,-0.005494080028578097,907_GSL_1
21980,93,2026-02-12 21:24:19.770000+00:00,124278.26865056621,426395.7896139088,7.950444175152804,0.0005269865359878168,-0.001736193720716983,0.0017186548732865958,0,0.0016398676631460822,-0.0007764776186969761,0.0017186548732865958,12_P3_0
21981,153,2026-02-12 21:24:22.820000+00:00,124370.27610216435,426819.49697110226,9.736471793265126,0.0022633594780927524,-0.002151994965970516,0.01039131615213762,0,0.001481313367293896,-0.002749470706974555,0.01039131615213762,29_KW_1
21982,73,2026-02-12 21:24:23.630000+00:00,124369.48907554425,426785.6924585986,11.408840388260163,-0.0002640201855683699,-0.004008055606391281,0.0027857721970878657,0,-0.0009405375106833604,-0.003905074339024762,0.0027857721970878657,20_P6_1
21983,125,2026-02-12 21:24:33.140000+00:00,124339.65662337161,426609.59131151874,6.670034151498475,-0.0012421920109773055,7.767230272293091e-05,-0.0034817866306386946,0,-0.0001033978049103503,-0.0012403156342987239,-0.0034817866306386946,17_P5_1
21984,94,2026-02-12 21:24:33.560000+00:00,124268.22388046685,426351.55442951946,10.216077676798921,-0.00034203224640805274,-0.0015435010427609086,0.001583737507960592,0,0.0015799952354273472,5.474105053644001e-05,0.001583737507960592,07_P2_0
21985,95,2026-02-12 21:24:46.870000+00:00,124268.10964162502,426351.5475349895,7.195100991310326,9.37227887334302e-05,-0.001656020525842905,0.0014301330652060074,0,0.0016106793081019056,-0.000396106184745138,0.0014301330652060074,08_P2_0
21986,152,2026-02-12 21:24:48.040000+00:00,124370.27567735512,426819.4987180294,9.730887169139201,-9.430674253962934e-05,-0.00045200850581750274,0.0019662179113222322,0,-0.00041816172172787235,-0.00019582192293353875,0.0019662179113222322,29_KW_1
21987,146,2026-02-12 21:24:48.370000+00:00,124350.9240908006,426607.5127519475,11.374751319344842,-0.002175774337956682,0.0008865506970323622,-0.004570193879240847,0,0.00040702497744432586,-0.0023139353439229566,-0.004570193879240847,13_P5_1
21988,96,2026-02-12 21:25:00.170000+00:00,124258.06090183154,426307.3510036733,9.307827373290413,-7.636488589923829e-05,-0.0014059036620892584,0.0032817651145222726,0,0.0013936317604534274,-0.00020046750143070985,0.0032817651145222726,03_P1_0
21989,117,2026-02-12 21:25:02.360000+00:00,124377.68075573813,426815.9056025692,7.619654446765718,0.0007385940407402813,-0.00010346929775550961,0.0022194065932588103,0,-0.00013210943020176372,0.0007340123643691842,0.0022194065932588103,26_KW_0
21990,148,2026-02-12 21:25:03.660000+00:00,124351.03856816243,426607.39909141755,8.011328875154348,-0.0025502522330498323,0.0006355228251777589,-0.004127540058034285,0,8.047031104004656e-05,-0.0026270135596411933,-0.004127540058034285,14_P5_1
21991,97,2026-02-12 21:25:13.470000+00:00,124257.98767765326,426307.39017634094,6.840628799214098,-0.0001925556134665385,-0.0016763636958785355,0.0035666086179979573,0,0.0016815314145244818,-0.00014044574434390468,0.0035666086179979573,04_P1_0
21992,116,2026-02-12 21:25:16.040000+00:00,124377.68797755777,426815.89997477666,10.007652491773596,0.0006176661991048604,-8.678692393004894e-05,0.002592736496472625,0,-0.00011060603003478232,0.0006138483605922802,0.002592736496472625,25_KW_0
21993,168,2026-02-12 21:25:19.610000+00:00,124669.37117098474,426931.31302006124,13.79310527619037,-0.005560986610362306,0.0052794888615608215,-0.008234743744857553,0,0.0010218847696023593,-0.007599560924002674,-0.008234743744857553,908_GSL_1
21994,115,2026-02-12 21:25:29.650000+00:00,124396.29026931142,426811.63390685664,7.649311644084727,0.0001785516069503501,-7.479800842702389e-06,0.003039351311680427,0,8.538680257762003e-05,0.00015698954650157233,0.003039351311680427,24_KW_0
21995,114,2026-02-12 21:25:42.750000+00:00,124396.29940769724,426811.6297078372,9.99298319412482,0.00038705221959389746,0.00016908138059079647,0.0022991164746368753,0,0.00034409598739286944,0.00024494057527322546,0.0022991164746368753,23_KW_0
21996,150,2026-02-12 21:25:58.140000+00:00,124401.10338951783,426812.3211637344,9.184005662496258,0.0002088878973154351,-0.00026785460067912936,0.001991639252448607,0,-8.932193049954839e-05,0.0003277221894862682,0.001991639252448607,27_KW_1
21997,119,2026-02-12 21:26:13.340000+00:00,124400.8145273104,426811.3431799248,3.9862203035267623,0.0003759233222808689,5.104352021589875e-05,0.002686174440579503,0,0.00026873496240929865,0.00026777846285612613,0.002686174440579503,28_KW_1
21998,169,2026-02-12 21:26:29.540000+00:00,124669.37639579401,426931.3092800876,13.812867184253324,-0.002681654310435988,0.0071205346612259746,0.001111971380431953,0,0.0008554709943210569,-0.007560519365776121,0.001111971380431953,908_GSL_1
21999,62,2026-02-12 21:26:45.390000+00:00,124390.61107152779,426780.8793347066,7.44692352702514,0.0003913147666025907,8.949858602136374e-05,0.0021256534428113483,0,0.0003722623636123779,-0.00015019312933283333,0.0021256534428113483,19_P6_1
22000,72,2026-02-12 21:26:59.450000+00:00,124390.52433815063,426780.8872380995,10.989108782262893,0.00037844777398277074,0.0003071677638217807,0.0020234606961349044,0,0.00032498075717629323,-0.0003632661011282373,0.0020234606961349044,18_P6_1
22001,138,2026-02-12 21:30:20.280000+00:00,123928.08451524664,426940.4310129244,7.11424498544301,-0.0021036320395069197,-0.0007082276279106736,-0.0036910781549170935,0,0.0007277743356209571,-0.0020969498436985796,-0.0036910781549170935,905_GSL_1
22002,139,2026-02-12 21:30:20.420000+00:00,123928.08750124437,426940.4333827268,7.132351774218064,0.0006313206831691787,0.002278714207932353,-0.004250056521192036,0,0.0001563390099416264,0.0023593775366397896,-0.004250056521192036,905_GSL_1
22003,130,2026-02-12 21:30:20.890000+00:00,124898.93995404932,426720.7681005296,4.127805092242397,0.001581052056280896,-0.0015761691611260176,0.03774235977220286,0,0.0020667718502163594,0.0008440906043239613,0.03774235977220286,901_GSL_1
22004,134,2026-02-12 21:30:20.960000+00:00,123855.614283808,426533.0726960361,6.055015246329132,-0.00017833341553341597,-0.0016020258772186935,0.009172327431351768,0,-0.0001447033337415406,-0.0016054129261900887,0.009172327431351768,904_GSL_1
22005,133,2026-02-12 21:30:22.100000+00:00,124806.22016419152,426258.5075720027,4.596289055440723,-0.0017319020116701722,-0.0039118106360547245,0.008131951256157066,0,0.0024353967273646336,0.0035171849270005254,0.008131951256157066,903_GSL_1
22006,125,2026-02-12 21:30:35.800000+00:00,124339.65769675892,426609.59120364906,6.6695842999825405,-0.00016880470502655953,-3.0197377782315016e-05,-0.003931638146573491,0,-5.437215353891099e-05,-0.00016263633967712355,-0.003931638146573491,17_P5_1
22007,132,2026-02-12 21:30:36.790000+00:00,124806.2213719635,426258.50433695735,4.629149204959466,0.007237675730721094,-0.0008047930896282196,0.04651703074914515,0,0.004316994160528389,-0.005864742391456444,0.04651703074914515,903_GSL_1
22008,143,2026-02-12 21:30:37.030000+00:00,124266.91902272768,427056.31487748085,7.105086859976935,-0.000544700407772325,0.0006506048375740647,-0.00045487824584267145,0,0.0008085155348480351,-0.00025746420879708336,-0.00045487824584267145,906_GSL_1
22009,137,2026-02-12 21:30:37.770000+00:00,123928.08700917219,426940.43091285677,7.131819587613044,-0.0023900896921986714,-0.002915714285336435,0.008955896647513839,0,-0.0009635231088985852,-0.0036449337098344737,0.008955896647513839,905_GSL_1
22010,153,2026-02-12 21:30:38.810000+00:00,124370.27588638607,426819.4971869402,9.73661265674103,0.0020475811907090247,-0.001936157001182437,0.01053217962804176,0,0.001329790617373053,-0.0024845421267750216,0.01053217962804176,29_KW_1
22011,146,2026-02-12 21:30:50.700000+00:00,124350.92530806936,426607.512406859,11.37397174554279,-0.0009585055813658983,0.0005414622137323022,-0.005349767681293471,0,0.00032681012023178565,-0.0010512418483505828,-0.005349767681293471,13_P5_1
22012,152,2026-02-12 21:30:52.710000+00:00,124370.27558651185,426819.4987013263,9.730798080190155,-0.00018515001283958554,-0.0004687116015702486,0.0018771289622758758,0,-0.0004135050809388873,-0.0002880705481974345,0.0018771289622758758,29_KW_1
22013,135,2026-02-12 21:30:53.550000+00:00,123855.61467836433,426533.0693069146,6.062420774280394,0.0010280861024511978,-0.007328006729949266,0.04122232716203644,0,0.0032636087917435074,-0.006641197280813867,0.04122232716203644,904_GSL_1
22014,5,2026-02-12 21:30:53.750000+00:00,124424.61767234388,426919.14070552523,8.777748317515787,0.00046956636651884764,-0.005642243835609406,0.009922495509472995,11,-0.005661550191088649,-4.751322786481748e-05,0.009922495509472995,TS4
22015,141,2026-02-12 21:30:54.350000+00:00,124266.91949436722,427056.3143200018,7.0944802485551826,0.0008656157733639702,-0.00019830121891573071,0.010345548292084672,0,-0.0002247638889947088,0.0008591246910221723,0.010345548292084672,906_GSL_1
22016,136,2026-02-12 21:30:55.450000+00:00,123855.61502972995,426533.074926683,6.029717219069069,-0.0007403818453894928,0.0008181568700820208,0.007424676632330929,0,0.00012181556156168796,0.0010966799487572344,0.007424676632330929,904_GSL_1
22017,148,2026-02-12 21:31:06.100000+00:00,124351.03969656589,426607.39905367483,8.010924721331417,-0.0014218487776815891,0.000597780104726553,-0.004531693880965193,0,0.00028278732202206765,-0.001516254045569246,-0.004531693880965193,14_P5_1
22018,150,2026-02-12 21:31:09.690000+00:00,124401.10325416156,426812.3213998744,9.183801103158899,7.353162800427526e-05,-3.171461867168546e-05,0.001787079915089862,0,1.8659151015563795e-05,7.787524277861303e-05,0.001787079915089862,27_KW_1
22019,122,2026-02-12 21:31:09.890000+00:00,124329.15052801713,426611.39057338703,8.08727665573868,0.000977114075794816,-0.001465521811041981,0.0036128172962826,0,-0.0011697486423222386,0.0013168880778340294,0.0036128172962826,16_P5_1
22020,140,2026-02-12 21:31:11.680000+00:00,123928.08805516106,426940.4317335549,7.146319110601488,0.0005314285954227671,-0.0027051219949498773,0.010745404399144398,0,-0.0006193262301836171,-0.002686361178285818,0.010745404399144398,905_GSL_1
22021,120,2026-02-12 21:31:25.570000+00:00,124329.26181474133,426611.32927039795,11.35996029253117,0.001562906167237088,-0.0019046921515837312,0.001929125884297278,0,-0.0014445439881405119,0.0019959510380316175,0.001929125884297278,15_P5_1
22022,129,2026-02-12 21:31:26.330000+00:00,124898.94046471476,426720.7729505174,4.085424087735622,0.0007930159772513434,0.00044784729834645987,-0.006260657509991496,0,0.0007344449017681847,-0.0005385464038305779,-0.006260657509991496,901_GSL_1
22023,145,2026-02-12 21:31:27.480000+00:00,124266.91964265349,427056.31423721183,7.119504912199782,0.0013189006567699835,-0.0005093957879580557,0.011537975908136211,0,-0.0012947075760161712,0.0005680803673988676,0.011537975908136211,906_GSL_1
22024,6,2026-02-12 21:31:27.680000+00:00,124399.03937068503,426925.0749640977,8.555002861970987,0.00019994065223727375,-0.00048511719796806574,0.007696166149429473,11,-0.0004973186166979547,0.00016729959254907574,0.007696166149429473,TS5
22025,131,2026-02-12 21:31:33.310000+00:00,124806.21940696357,426258.5064670841,4.605462547213644,0.0008624674228485674,0.00018301961245015264,-0.0060419255589181375,0,0.0007449432938987146,-0.000471599112479855,-0.0060419255589181375,903_GSL_1
22026,124,2026-02-12 21:31:39.970000+00:00,124339.6587436608,426609.5891375807,6.677775587196388,0.0009779375686775893,-0.0011043233098462224,0.003345391363194672,0,-0.0007431882004125766,0.001274191178618133,0.003345391363194672,17_P5_1
22027,154,2026-02-12 21:31:40.170000+00:00,124285.66429421223,426445.5622549149,7.893732617221111,-0.0003307877777842805,-0.0015700851217843592,-0.007867382778888654,11,-0.0015761074475497113,-0.0003007875618412474,-0.007867382778888654,TS1-1
22028,149,2026-02-12 21:31:44.370000+00:00,124351.04142967954,426607.3969309693,8.012947651466398,0.00011798746709246188,0.0001985038397833705,0.0007218074985999579,0,-0.00021459195289041212,-8.529425862457531e-05,0.0007218074985999579,14_P5_1
22029,128,2026-02-12 21:31:49.930000+00:00,124898.93923693761,426720.77322878124,4.0753875617620245,-0.0010644618887454271,0.003964746429119259,-0.006004369241654928,0,0.0007539930009845685,-0.0040353175729143905,-0.006004369241654928,901_GSL_1
22030,3,2026-02-12 21:31:50.130000+00:00,124314.9031796265,426440.7934159289,7.048039034343215,-0.004059725426486693,-0.0026613546651788056,-0.030390061147869574,11,-0.004761574492182068,0.0009442391369418237,-0.030390061147869574,TS2
22031,147,2026-02-12 21:31:59.630000+00:00,124350.92764082064,426607.5102574533,11.373179026480761,0.0011334750452078879,0.00026471319142729044,-0.0010406151916821926,0,-0.00044050852544646915,-0.0010774001071253067,-0.0010406151916821926,13_P5_1
22032,126,2026-02-12 21:32:14.070000+00:00,124339.65781148846,426609.5886764034,6.669515306437728,0.000990884320344776,0.00018624233780428767,-0.0011418826977296348,0,-0.00040101236910472374,-0.0009250551467458313,-0.0011418826977296348,17_P5_1
22033,121,2026-02-12 21:32:29.040000+00:00,124329.26102758272,426611.327363755,11.352511970009052,0.0014848130085738376,-0.0003527376102283597,-0.0017875520650694199,0,-7.478512240405591e-05,-0.0015243033417160494,-0.0017875520650694199,15_P5_1
22034,123,2026-02-12 21:32:44.320000+00:00,124329.15145509088,426611.3901735253,8.078560383342548,0.0016984787507681176,-0.00010449433466419578,0.00044473828848268226,0,-0.00037386016779516535,-0.0016601137634884872,0.00044473828848268226,16_P5_1
22035,4,2026-02-12 21:32:44.520000+00:00,124378.97069409126,426782.7420107762,7.760488324372785,-0.001123881942476146,0.0008278687600977719,0.00541261940051907,11,-0.0012863537803021504,-0.0005420066941211555,0.00541261940051907,TS3
22036,67,2026-02-12 21:36:20.180000+00:00,123855.61408710256,426533.07461712393,6.051637725650645,-0.003907371588866226,-0.01648558076703921,0.007229577313069058,0,0.0005409126896501905,-0.01693367471703137,0.007229577313069058,904_GSL_1
22037,68,2026-02-12 21:36:20.380000+00:00,123928.08565863903,426940.43189823814,7.1135369461437445,-0.023291722827707417,-0.015836767095606774,-0.005276334896481494,0,0.0017348335990063693,-0.02811223749022832,-0.005276334896481494,905_GSL_1
22038,66,2026-02-12 21:36:20.570000+00:00,124898.93916178543,426720.7657292767,4.1245455791596335,0.0015561217442154884,-0.008475878101307899,0.042259048755869166,0,0.004705880547714381,0.007219190587710955,0.042259048755869166,901_GSL_1
22039,68,2026-02-12 21:36:22.050000+00:00,123928.08742035889,426940.43315902585,7.134268493215958,-0.021530002966756,-0.014575979381334037,0.015455212175732314,0,0.015510022479955326,-0.020867184892670063,0.015455212175732314,905_GSL_1
22040,71,2026-02-12 21:36:22.210000+00:00,124806.22176245804,426258.50878061546,4.598681003172809,-0.005999477449222468,-0.006325516616925597,0.007177340023541312,0,0.0022704345929160704,0.008417304609791714,0.007177340023541312,903_GSL_1
22041,71,2026-02-12 21:36:36.590000+00:00,124806.22088269691,426258.5031554956,4.624970302884095,-0.00687923857185524,-0.011950636457186192,0.03346663973482755,0,0.006907257054350841,0.011934464170856151,0.03346663973482755,903_GSL_1
22042,68,2026-02-12 21:36:37.080000+00:00,123928.08905220304,426940.4333040012,7.134488676382026,-0.019898158818250522,-0.014431004005018622,0.01567539534180007,0,-4.422541679518475e-05,-0.024580249084614536,0.01567539534180007,905_GSL_1
22043,69,2026-02-12 21:36:38.250000+00:00,124266.91893578229,427056.3148988142,7.1063117820838295,-0.023661414365051314,6.043014582246542e-05,0.01581041115639703,0,0.009022558554250213,-0.02187371981836439,0.01581041115639703,906_GSL_1
22044,67,2026-02-12 21:36:38.790000+00:00,123855.6139031103,426533.07701110904,6.0290179915447535,-0.004091363851330243,-0.014091595658101141,-0.015390156792822296,0,0.011561956748877007,-0.009035124929544926,-0.015390156792822296,904_GSL_1
22045,66,2026-02-12 21:36:45.300000+00:00,124898.93957118272,426720.7724150367,4.075308229404607,0.001965519040822983,-0.001790118112694472,-0.006978300999157305,0,0.0009985447924752485,0.002463878295422702,-0.006978300999157305,901_GSL_1
22046,67,2026-02-12 21:36:53.230000+00:00,123855.61473557191,426533.0681770134,6.059772819921907,-0.0032589022303000093,-0.022925691271666437,0.015364671584331191,0,0.015568288383140508,-0.017141649887037987,0.015364671584331191,904_GSL_1
22047,69,2026-02-12 21:36:53.800000+00:00,124266.92082714262,427056.3148306542,7.091041813696061,-0.021770054037915543,-7.729860953986645e-06,0.0005404427686288571,0,0.0006592885572152476,-0.021760070109327272,0.0005404427686288571,906_GSL_1
22048,68,2026-02-12 21:36:54.740000+00:00,123928.08809672731,426940.4323678303,7.144187866519005,-0.020853634545346722,-0.015367174928542227,0.025374585478778577,0,0.020341162879030036,-0.016039365067360537,0.025374585478778577,905_GSL_1
22049,66,2026-02-12 21:36:56.840000+00:00,124898.9403601418,426720.77262486034,4.090377791194023,0.0027544781187316403,-0.0015802944544702768,0.008091260790259014,0,0.0029221323262971165,0.0012432308462270018,0.008091260790259014,901_GSL_1
22050,71,2026-02-12 21:37:01.990000+00:00,124806.21904812785,426258.5061944139,4.6072759137619785,-0.008713807634194382,-0.008911718206945807,0.015772250612711147,0,-0.005069944181585448,0.011386168402116734,0.015772250612711147,903_GSL_1
22051,69,2026-02-12 21:37:10.410000+00:00,124266.92008455632,427056.3148422223,7.118485208419771,-0.022512640338391066,3.838271368294954e-06,0.02798383749233846,0,0.015973261328379996,-0.015864233743656194,0.02798383749233846,906_GSL_1
22052,66,2026-02-12 21:37:10.870000+00:00,124898.94249864167,426720.76524332375,4.082794542558576,0.0048929779877653345,-0.00896183104487136,0.0005080121548113326,0,0.0007949032920162497,0.010179576514861408,0.0005080121548113326,901_GSL_1
22053,111,2026-02-12 21:37:33.510000+00:00,124434.2621233724,426963.9726738643,6.503121798748371,0.0004326130874687806,-0.005389915080741048,0.04182928913360229,0,-0.005178433519954742,0.001556330601272811,0.04182928913360229,36_P9_0
22054,149,2026-02-12 21:37:35.130000+00:00,124351.04164120575,426607.3968473717,8.013442437624771,0.0003295136848464608,0.00011490623001009226,0.0012165936569736857,0,-0.0001653078376647004,-0.00030733699582517884,0.0012165936569736857,14_P5_1
22055,110,2026-02-12 21:37:45.700000+00:00,124434.26216364893,426963.9726142942,6.503127738170597,0.12171076507365797,0.038186452293302864,-2.241245434304008,0,0.06266082961947704,0.11110956711716022,-2.241245434304008,35_P9_0
22056,147,2026-02-12 21:37:50.120000+00:00,124350.92748953686,426607.5102367378,11.373456178643623,0.0009821912681218237,0.00024399766698479652,-0.0007634630288197997,0,-0.0003961461236299171,-0.0009312909305913862,-0.0007634630288197997,13_P5_1
22057,164,2026-02-12 21:37:50.560000+00:00,124091.05611567057,427154.20670953067,9.836996248237499,-0.039212780800880864,0.011978589231148362,0.022362716608101962,0,0.021933483456851997,-0.03464175344226262,0.022362716608101962,907_GSL_1
22058,102,2026-02-12 21:37:52.390000+00:00,124282.39472005318,426301.79339346424,6.900197177930765,0.0014311073609860614,-0.00016440037870779634,-0.0031008058359711654,0,-0.000165830349437201,-0.001430942367250789,-0.0031008058359711654,02_P1_0
22059,160,2026-02-12 21:38:04.610000+00:00,124421.81281768258,426965.6175616385,5.602907822093191,0.0016115219477796927,-0.0010764001635834575,0.01072659220585237,0,-0.00014932796728641952,0.0019321856687503545,0.01072659220585237,38a_P9_0
22060,126,2026-02-12 21:38:04.730000+00:00,124339.65850557666,426609.58856499026,6.670328500952891,0.001684972521616146,7.48292077332735e-05,-0.0003286881825665944,0,-0.0004460430357896295,-0.0016265845871503374,-0.0003286881825665944,17_P5_1
22061,103,2026-02-12 21:38:05.610000+00:00,124282.31399105386,426301.79695070715,9.294177457129097,0.002272646699566394,-0.0004934460739605129,-0.003774028662016704,0,-3.838545697123107e-05,-0.002325282478678704,-0.003774028662016704,01_P1_0
22062,122,2026-02-12 21:38:07.210000+00:00,124329.15042267552,426611.3910904678,8.087258463892576,0.0008717724704183638,-0.0009484410402365029,0.0035946254501784125,0,-0.0006962957146285708,0.0010838357462153222,0.0035946254501784125,16_P5_1
22063,100,2026-02-12 21:38:18.940000+00:00,124292.48559529174,426345.9296532008,7.583909138573571,0.0018720184307312593,-0.0005817789351567626,-0.004590430395527534,0,0.00013563504748371759,-0.0019556387366494237,-0.004590430395527534,06_P2_0
22064,121,2026-02-12 21:38:19.560000+00:00,124329.26116148918,426611.32740302355,11.353752490045377,0.0016187194705707952,-0.0003134690341539681,-0.0005470320287450647,0,-0.00014979663871050235,-0.0016419733636114358,-0.0005470320287450647,15_P5_1
22065,120,2026-02-12 21:38:22.350000+00:00,124329.26118356218,426611.3300109466,11.360334551674402,0.0009317270159954205,-0.0011641434975899756,0.002303385027529359,0,-0.0008888806225020275,0.001197178580771123,0.002303385027529359,15_P5_1
22066,162,2026-02-12 21:38:22.940000+00:00,124402.99727428984,426879.6466879017,6.555254803812385,0.0018461615254636854,-0.0010456861928105354,0.01058176052181814,0,0.0012019112898838153,-0.0017484796948168478,0.01058176052181814,34a_P7_0
22067,101,2026-02-12 21:38:32.140000+00:00,124292.4072783677,426345.8825872512,10.211933691058123,0.0019594968616729602,-0.000806274707429111,-0.0036848065421608567,0,0.00033258762528126857,-0.0020926280907643015,-0.0036848065421608567,05_P2_0
22068,123,2026-02-12 21:38:34.440000+00:00,124329.1516523803,426611.3902735774,8.079198035231503,0.00189576817501802,-4.442234057933092e-06,0.0010823901774372757,0,-0.0005250151254551393,-0.0018216245016187895,0.0010823901774372757,16_P5_1
22069,124,2026-02-12 21:38:36.570000+00:00,124339.65792078795,426609.58992996067,6.676898797474419,0.00015506472846027464,-0.0003119433531537652,0.002468601641226087,0,-0.00024781940798737965,0.0002448249713858005,0.002468601641226087,17_P5_1
22070,161,2026-02-12 21:38:44.960000+00:00,124402.99128091786,426879.6419541591,6.583846299546794,-0.00012282872921787202,-0.00555272790370509,0.042221978723071985,0,0.004929321176151192,-0.002559231683856276,0.042221978723071985,34a_P7_0
22071,98,2026-02-12 21:38:45.300000+00:00,124302.66159781901,426390.07765434636,7.976193919640991,0.0007521854568039998,-0.00025766220642253757,-0.0028568754898792292,0,7.397724681488635e-05,-0.0007916439483755697,-0.0028568754898792292,10_P3_0
22072,118,2026-02-12 21:38:50.740000+00:00,124372.26098947511,426775.11271940405,6.167947273384532,0.0009621131175663322,5.4905249271541834e-05,0.0024152043941700896,0,-0.000676669736712784,-0.0006861445218085099,0.0024152043941700896,22_P6_1
22073,170,2026-02-12 21:38:52.150000+00:00,124669.37580785586,426931.30852299585,13.799687887049553,-0.01223896061128471,0.010026024130638689,0.013497756378164638,0,0.00028048185238160954,-0.015818806738917206,0.013497756378164638,908_GSL_1
22074,99,2026-02-12 21:38:58.540000+00:00,124302.53883377522,426390.1344934857,11.08494119324854,0.0007534840551670641,-0.00032280629966408014,-0.0028140095008275523,0,0.00013494105210382093,-0.0008085375940245036,-0.0028140095008275523,09_P3_0
22075,74,2026-02-12 21:39:08.640000+00:00,124369.34657637127,426785.7260988224,7.2319505844818535,0.00026316197181586176,-0.0003674743347801268,0.001896749724781266,0,-0.000360207790035031,-0.000273023731807673,0.001896749724781266,21_P6_1
22076,166,2026-02-12 21:39:16.110000+00:00,124091.05638538748,427154.2078090756,9.822102399876677,-0.01589544821763411,0.018781096034217626,-0.007751219186127756,0,0.02267830722269217,-0.009544067466189701,-0.007751219186127756,907_GSL_1
22077,153,2026-02-12 21:39:22.900000+00:00,124370.27633459054,426819.4975071864,9.735762774371196,0.002495785665814765,-0.0016159108490683138,0.009682297258207129,0,0.0009029840148426692,-0.002832796115282874,0.009682297258207129,29_KW_1
22078,73,2026-02-12 21:39:25.440000+00:00,124369.48896155677,426785.69244363956,11.408846255368069,-0.000378007665858604,-0.0040230146260000765,0.0027916393049931543,0,-0.0008361640368562366,-0.003953272844103565,0.0027916393049931543,20_P6_1
22079,125,2026-02-12 21:39:30.580000+00:00,124339.65721429088,426609.5912756106,6.6701323832159956,-0.0006512727413792163,4.1764171328395605e-05,-0.0033835549131184806,0,-5.318066159363327e-05,-0.0006504400409744242,-0.0033835549131184806,17_P5_1
22080,146,2026-02-12 21:39:45.780000+00:00,124350.92370305408,426607.5127168569,11.37538705780949,-0.002563520858529955,0.0008514600922353566,-0.003934455414592364,0,0.00029083318636400653,-0.00268552407147971,-0.003934455414592364,13_P5_1
22081,152,2026-02-12 21:39:49.840000+00:00,124370.27589771955,426819.49880087434,9.730315247372104,0.0001260576827917248,-0.00036916357930749655,0.001394296144225038,0,-0.0003882671592849035,3.769483650014652e-05,0.001394296144225038,29_KW_1
22082,148,2026-02-12 21:40:01.080000+00:00,124351.03865392781,426607.3991268197,8.010840943066395,-0.0024644868535688147,0.0006709249573759735,-0.004615472145987454,0,0.00013324864757600032,-0.0025507019715683434,-0.004615472145987454,14_P5_1
22083,117,2026-02-12 21:40:04.230000+00:00,124377.68075679181,426815.90565275494,7.619680259733518,0.0007396477303700522,-5.328358383849263e-05,0.002245219561058498,0,-8.200263730336476e-05,0.0007370166028140315,0.002245219561058498,26_KW_0
22084,168,2026-02-12 21:40:17.190000+00:00,124669.37081016523,426931.31317292503,13.791978618805787,-0.005921806121477857,0.005432352656498551,-0.00936140112944095,0,0.0009344421729827697,-0.007981545022756604,-0.00936140112944095,908_GSL_1
22085,116,2026-02-12 21:40:17.940000+00:00,124377.68783843589,426815.9000172882,10.007685773112815,0.00047854431613814086,-4.4275366235524416e-05,0.0026260178356913855,0,-6.274667964814478e-05,0.00047647436946444857,0.0026260178356913855,25_KW_0
22086,115,2026-02-12 21:40:32.170000+00:00,124396.29024104323,426811.6339822146,7.649343083956814,0.00015028342022560537,6.787816528230906e-05,0.0030707911837675184,0,0.0001354872949634518,9.39986415874451e-05,0.0030707911837675184,24_KW_0
22087,114,2026-02-12 21:40:45.050000+00:00,124396.29947043763,426811.6296609635,9.99310250648305,0.0004497926129261032,0.00012220768257975578,0.0024184288328665815,0,0.0003361732555271764,0.00032285547012969346,0.0024184288328665815,23_KW_0
22088,150,2026-02-12 21:40:59.740000+00:00,124401.10333325694,426812.3212106148,9.183906553667262,0.00015262700617313385,-0.00022097420878708363,0.0018925304234524987,0,-8.549137429146021e-05,0.00025458953019362153,0.0018925304234524987,27_KW_1
22089,93,2026-02-12 21:41:01.310000+00:00,124278.26843698321,426395.7899146139,7.94969350797063,0.0003134035359835252,-0.0014354886370711029,0.000967987691112171,0,0.0013738290599370983,-0.0005210020322413127,0.000967987691112171,12_P3_0
22090,94,2026-02-12 21:41:14.570000+00:00,124268.22368649169,426351.55487378273,10.215494947463883,-0.0005360073992051184,-0.0010992377647198737,0.0010010081729223685,0,0.0011785677419849498,0.00032650524182848345,0.0010010081729223685,07_P2_0
22091,119,2026-02-12 21:41:14.860000+00:00,124400.8145820383,426811.3432720822,3.986276726458163,0.0004306512273615226,0.00014320091577246785,0.0027425973719803487,0,0.0003751931429777454,0.00025533720325980787,0.0027425973719803487,28_KW_1
22092,95,2026-02-12 21:41:28.050000+00:00,124268.1093707508,426351.5479935061,7.194785144566748,-0.00017715143621899188,-0.0011975039378739893,0.0011142863216280219,0,0.0012096747503166662,-4.5665205840704945e-05,0.0011142863216280219,08_P2_0
22093,169,2026-02-12 21:41:32.030000+00:00,124669.37658740614,426931.30904828175,13.812059168451114,-0.002490042184945196,0.0068887288216501474,0.00030395557822160413,0,0.0009204877924828002,-0.007266883588233007,0.00030395557822160413,908_GSL_1
22094,96,2026-02-12 21:41:41.700000+00:00,124258.06047103697,426307.35148338735,9.30614470548229,-0.0005071594641776755,-0.0009261895902454853,0.0015990973063981784,0,0.0010075808395182636,0.00031594102459123327,0.0015990973063981784,03_P1_0
22095,62,2026-02-12 21:41:48.140000+00:00,124390.6110717437,426780.8793497404,7.446841172147006,0.00039153067336883396,0.00010453240247443318,0.0020432985646774426,0,0.0003701005754488279,-0.00016507227328711464,0.0020432985646774426,19_P6_1
22096,97,2026-02-12 21:41:56.770000+00:00,124257.98765646225,426307.3907910799,6.839959125891141,-0.0002137466217391193,-0.001061624730937183,0.002896935295041203,0,0.0010829282211048282,1.0749777042697553e-06,0.002896935295041203,04_P1_0
22097,72,2026-02-12 21:42:02.460000+00:00,124390.52435045122,426780.8871852805,10.98903452378227,0.00039074836240615696,0.00025434879353269935,0.0019492022155116473,0,0.00034549724016724373,-0.0003130642881764878,0.0019492022155116473,18_P6_1
22098,130,2026-02-12 21:45:19.970000+00:00,124898.93987369821,426720.76702472026,4.12531276137108,0.001500700949691236,-0.0026519785169512033,0.03525002890088569,0,0.0024077288582694434,0.0018676014403055607,0.03525002890088569,901_GSL_1
22099,138,2026-02-12 21:45:20.220000+00:00,123928.08322368469,426940.4300131659,7.113077546236075,-0.00339519398403354,-0.001707986113615334,-0.004858517361852499,0,0.0007279008628281381,-0.003730243837527837,-0.004858517361852499,905_GSL_1
22100,133,2026-02-12 21:45:21.010000+00:00,124806.22500848505,426258.51086001034,4.592299789382758,0.003112391525064595,-0.0006238030036911368,0.004142685198192275,0,0.002154824348401844,-0.0023308460310030284,0.004142685198192275,903_GSL_1
22101,134,2026-02-12 21:45:21.270000+00:00,123855.61417535126,426533.0740665163,6.052526944388328,-0.00028679014940280467,-0.00023154565133154392,0.006684025490547363,0,0.00023485892709894192,-0.0002840831969810355,0.006684025490547363,904_GSL_1
22102,139,2026-02-12 21:45:21.950000+00:00,123928.08721859465,426940.4327318099,7.1338193801747165,0.00034867096110247076,0.0016277973190881312,-0.002782450564539296,0,0.00020825699373370037,0.0016516429928128018,-0.002782450564539296,905_GSL_1
22103,132,2026-02-12 21:45:36.100000+00:00,124806.22193003279,426258.5038153962,4.625418116147503,0.00779574501211755,-0.0013263542205095291,0.04278594193718188,0,0.005047761346484159,-0.006087114357489889,0.04278594193718188,903_GSL_1
22104,125,2026-02-12 21:45:36.310000+00:00,124339.65799402806,426609.59121333936,6.6708366603007185,0.00012846443860325962,-2.050708280876279e-05,-0.0026792778283954988,0,-1.6492327015645574e-06,0.0001300804845565706,-0.0026792778283954988,17_P5_1
22105,153,2026-02-12 21:45:37.450000+00:00,124370.27609507451,426819.49757303915,9.735816406916044,0.00225626963947434,-0.0015500580775551498,0.009735929803055043,0,0.0009024114203873306,-0.002584392841299897,0.009735929803055043,29_KW_1
22106,137,2026-02-12 21:45:37.880000+00:00,123928.08572465456,426940.4309567812,7.131542708465523,-0.0036746073164977133,-0.0028717898530885577,0.008679017499993336,0,-0.00017561509754603026,-0.0046603728636531675,0.008679017499993336,905_GSL_1
22107,143,2026-02-12 21:45:38.330000+00:00,124266.91852783141,427056.31462556415,7.107113866578087,-0.0010395966819487512,0.0003986881347373128,0.001572128355308955,0,0.0007629723788108845,-0.0008109171591912646,0.001572128355308955,906_GSL_1
22108,146,2026-02-12 21:45:51.240000+00:00,124350.92489144826,426607.5125960399,11.374094047205215,-0.0013751266815233976,0.0007306431070901453,-0.005227466018867588,0,0.00042373245910324095,-0.001498420349327322,-0.005227466018867588,13_P5_1
22109,135,2026-02-12 21:45:52.630000+00:00,123855.61534688543,426533.06717878935,6.060938345804875,0.0016966071998467669,-0.009456131956540048,0.03973989868651717,0,0.003905246354575393,-0.008777582724198355,0.03973989868651717,904_GSL_1
22110,5,2026-02-12 21:45:52.830000+00:00,124424.61829432684,426919.1418005938,8.778423068289905,0.001091549318516627,-0.004547175252810121,0.010597246283591488,11,-0.004622038843746145,0.0007106613971679447,0.010597246283591488,TS4
22111,141,2026-02-12 21:45:54.080000+00:00,124266.91845303308,427056.314962789,7.094781733414083,-0.0001757183636073023,0.00044448598055168986,0.010647033150984697,0,0.0004496675064397403,-0.0001619995798392435,0.010647033150984697,906_GSL_1
22112,152,2026-02-12 21:45:54.140000+00:00,124370.27563087044,426819.49882225436,9.730657808104244,-0.0001407914242008701,-0.0003477835562080145,0.0017368568763647119,0,-0.00030603535666972795,-0.00021706678134904693,0.0017368568763647119,29_KW_1
22113,136,2026-02-12 21:45:54.170000+00:00,123855.61596883748,426533.07380326756,6.029371709404179,0.00019872568373102695,-0.00030525855254381895,0.00707916696744082,0,1.7415562726576262e-05,-0.00036382877765568286,0.00707916696744082,904_GSL_1
22114,148,2026-02-12 21:46:06.440000+00:00,124351.039279376,426607.3991928919,8.011343063343483,-0.0018390386685496196,0.0007369971717707813,-0.004113351868898718,0,0.0003304034384145079,-0.0019534742443919647,-0.004113351868898718,14_P5_1
22115,122,2026-02-12 21:46:10.080000+00:00,124329.15003582383,426611.39119234774,8.086885947100042,0.00048492077621631324,-0.0008465611026622355,0.0032221086576438296,0,-0.0006958735011342704,0.000683793777513414,0.0032221086576438296,16_P5_1
22116,150,2026-02-12 21:46:11.140000+00:00,124401.10325760668,426812.32139108435,9.183929825195877,7.697675027884543e-05,-4.050467396155e-05,0.0019158019520677527,0,1.3685094455010948e-05,8.589974904492228e-05,0.0019158019520677527,27_KW_1
22117,140,2026-02-12 21:46:11.330000+00:00,123928.08801021818,426940.43271698727,7.143467378771254,0.00048648571828380227,-0.001721689652185887,0.007893672568910048,0,-0.0005423480018376303,-0.0017049170822772577,0.007893672568910048,905_GSL_1
22118,128,2026-02-12 21:46:24.840000+00:00,124898.93852767842,426720.77471185883,4.075724304827068,-0.0017737210873747244,0.005447824019938707,-0.005667626176611762,0,0.0007555225144816918,-0.005679265690045692,-0.005667626176611762,901_GSL_1
22119,120,2026-02-12 21:46:25.780000+00:00,124329.26178978762,426611.3298240024,11.35917689888578,0.0015379524556919932,-0.0013510877033695579,0.0011457322389070157,0,-0.0009154874292768327,0.001831015703100756,0.0011457322389070157,15_P5_1
22120,145,2026-02-12 21:46:27.410000+00:00,124266.91976548846,427056.3145954608,7.11880451267559,0.0014417356287594885,-0.0001511468435637653,0.01083757638394367,0,-0.001129385385926316,0.0009088100140347668,0.01083757638394367,906_GSL_1
22121,6,2026-02-12 21:46:27.610000+00:00,124399.03910959906,426925.0754172287,8.555881899531755,-6.114531424827874e-05,-3.1986215617507696e-05,0.008575203710197599,11,-6.2732993485079025e-06,-6.872054393945425e-05,0.008575203710197599,TS5
22122,129,2026-02-12 21:46:28.020000+00:00,124898.94071548223,426720.7750195643,4.086017423384749,0.001043783442582935,0.002516894193831831,-0.005667321860864938,0,0.0007385976651759784,-0.002622730208571072,-0.005667321860864938,901_GSL_1
22123,124,2026-02-12 21:46:40.080000+00:00,124339.6584931591,426609.5897408587,6.676805623738002,0.0007274358795257285,-0.0005010453169234097,0.0023754279048082694,0,-0.000248477880441632,0.0008476249827391146,0.0023754279048082694,17_P5_1
22124,154,2026-02-12 21:46:40.280000+00:00,124285.66481081172,426445.5619299065,7.8947269531979885,0.00018581171752884984,-0.0018950935336761177,-0.00687304680201084,11,-0.0018160791968105674,0.0005725048878952388,-0.00687304680201084,TS1-1
22125,131,2026-02-12 21:46:41.220000+00:00,124806.21890782965,426258.5051117286,4.606215172709803,0.00036333349999040365,-0.0011723358766175807,-0.00528930006275985,0,0.0007484400975288399,0.0009727384336146119,-0.00528930006275985,903_GSL_1
22126,3,2026-02-12 21:46:41.420000+00:00,124314.9026010559,426440.7934493948,7.047934834306882,-0.004638296028133482,-0.0026278887526132166,-0.030494261184202287,11,-0.005285347740411499,0.000696195808402303,-0.030494261184202287,TS2
22127,149,2026-02-12 21:46:46.510000+00:00,124351.0412926485,426607.39680074307,8.012837470958306,-1.9043567590415478e-05,6.827758625149727e-05,0.0006116269905085403,0,-6.443207573165845e-05,2.9546469633633097e-05,0.0006116269905085403,14_P5_1
22128,147,2026-02-12 21:47:01.330000+00:00,124350.9277909209,426607.51020476205,11.374243596112493,0.001283575315028429,0.00021202192874625325,2.395444004932301e-05,0,-0.0004121995035371012,-0.0012339410265095247,2.395444004932301e-05,13_P5_1
22129,126,2026-02-12 21:47:15.340000+00:00,124339.65809245002,426609.58850633184,6.670110547102059,0.001271845874725841,1.6170786693692207e-05,-0.0005466420333988253,0,-0.00029736979578033775,-0.0012366990854516683,-0.0005466420333988253,17_P5_1
22130,121,2026-02-12 21:47:32.020000+00:00,124329.26098908007,426611.32738235616,11.352866370004584,0.0014463103580055758,-0.0003341364208608866,-0.0014331520695378686,0,-8.192609930404136e-05,-0.0014821433512561342,-0.0014331520695378686,15_P5_1
22131,123,2026-02-12 21:47:47.190000+00:00,124329.15116277448,426611.39036175865,8.078083102592643,0.0014061623514862731,8.373899618163705e-05,-3.2542461422480073e-05,0,-0.00047299653049280745,-0.0013268681397790361,-3.2542461422480073e-05,16_P5_1
22132,4,2026-02-12 21:47:47.390000+00:00,124378.97040760581,426782.74221539503,7.760401635703677,-0.0014103673893259838,0.0010324876056984067,0.005325930731411077,11,-0.0016127548676097398,-0.000673935134709647,0.005325930731411077,TS3
22133,67,2026-02-12 21:51:21.150000+00:00,123855.614732714,426533.07370409044,6.054139861539611,-0.003261760139139369,-0.017398614261765033,0.009731713202035586,0,-0.00027383596650633584,-0.017699600879636228,0.009731713202035586,904_GSL_1
22134,68,2026-02-12 21:51:21.440000+00:00,123928.0873109787,426940.433590707,7.131019854431098,-0.021639383150613867,-0.014144298213068396,0.012206573390871611,0,0.015755798003256122,-0.020495826510777054,0.012206573390871611,905_GSL_1
22135,68,2026-02-12 21:51:21.490000+00:00,123928.08476742845,426940.43133446045,7.115395115613565,-0.024182933411793783,-0.0164005447877571,-0.0034181654266607353,0,0.0018345705991384994,-0.029162072773574504,-0.0034181654266607353,905_GSL_1
22136,66,2026-02-12 21:51:21.890000+00:00,124898.94013285724,426720.7675956995,4.127921044609209,0.0025271935592172667,-0.006609455274883658,0.045634514205445065,0,0.004881652294047772,0.005122604532506367,0.045634514205445065,901_GSL_1
22137,71,2026-02-12 21:51:22.660000+00:00,124806.22336529335,426258.5103268684,4.597352755218644,-0.004396642136271112,-0.004779263690579683,0.00584909206937656,0,0.0017864785389417968,0.006243421972638748,0.00584909206937656,903_GSL_1
22138,71,2026-02-12 21:51:37.700000+00:00,124806.22278767031,426258.504860394,4.6281557918634775,-0.00497426517540589,-0.010245738085359335,0.036652128714210086,0,0.006383833495564107,0.009432132995773135,0.036652128714210086,903_GSL_1
22139,69,2026-02-12 21:51:38.240000+00:00,124266.91971902612,427056.31516520085,7.106149650645672,-0.022878170537296683,0.00032681680750101805,0.015648279718239344,0,0.00897226171123066,-0.021047945651404543,0.015648279718239344,906_GSL_1
22140,68,2026-02-12 21:51:38.320000+00:00,123928.08686177483,426940.43132714595,7.13270196405792,-0.02208858702215366,-0.016407859278842807,0.013888683017693637,0,-0.0003637979327144485,-0.027513472587329207,0.013888683017693637,905_GSL_1
22141,67,2026-02-12 21:51:39.140000+00:00,123855.61566410174,426533.0745327197,6.036558605796382,-0.002330372401047498,-0.016569985018577427,-0.007849542541193522,0,0.011583648651981669,-0.012075351876897313,-0.007849542541193522,904_GSL_1
22142,66,2026-02-12 21:51:45.190000+00:00,124898.94038618263,426720.7711673713,4.074342254065476,0.0027805189456557855,-0.0030377834918908775,-0.007944276338288425,0,0.0011941161734655063,0.003941256235646649,-0.007944276338288425,901_GSL_1
22143,67,2026-02-12 21:51:54.290000+00:00,123855.61540694418,426533.06910000555,6.061901301913711,-0.002587529961601831,-0.02200269914465025,0.0174931535761349,0,0.014494522961830621,-0.016754786929744733,0.0174931535761349,904_GSL_1
22144,69,2026-02-12 21:51:54.770000+00:00,124266.9198250722,427056.3148133677,7.095210912786574,-0.02277212445915211,-2.5016372092068195e-05,0.0047095418591416305,0,0.0006727315584956114,-0.02276219915676406,0.0047095418591416305,906_GSL_1
22145,68,2026-02-12 21:51:55.040000+00:00,123928.08755667634,426940.4319028236,7.144696841099157,-0.021393685514340177,-0.015832181612495333,0.02588356005893111,0,0.020865770603604138,-0.016521724232515606,0.02588356005893111,905_GSL_1
22146,66,2026-02-12 21:51:55.640000+00:00,124898.9404356874,426720.77289608726,4.089366082054557,0.0028300237172516063,-0.0013090675347484648,0.007079551650792659,0,0.0029650506393957715,0.0009649698215787625,0.007079551650792659,901_GSL_1
22147,71,2026-02-12 21:52:02.940000+00:00,124806.21962541433,426258.5071577981,4.608594179475986,-0.008136521151755005,-0.007948333979584277,0.017090516326718763,0,-0.00486379777054024,0.010282142809320362,0.017090516326718763,903_GSL_1
22148,69,2026-02-12 21:52:10.960000+00:00,124266.91908931712,427056.3149072855,7.1190222070168385,-0.02350787953764666,6.890145596116781e-05,0.028520836089406032,0,0.01672515681646832,-0.016519512015543417,0.028520836089406032,906_GSL_1
22149,66,2026-02-12 21:52:12.170000+00:00,124898.94094740493,426720.7695850956,4.088033242799612,0.0033417412487324327,-0.004620059218723327,0.005746712395847453,0,0.0011572574552595465,0.005583272959495747,0.005746712395847453,901_GSL_1
22150,149,2026-02-12 21:52:33.240000+00:00,124351.04224214729,426607.3967522379,8.013839661141914,0.0009304552222602069,1.9772443920373917e-05,0.0016138171741157947,0,-0.0001658856736823367,-0.0009157618759463798,0.0016138171741157947,14_P5_1
22151,111,2026-02-12 21:52:34.830000+00:00,124434.26292196434,426963.97373365355,6.503850040268083,0.001231205023941584,-0.004330125811975449,0.04255753065331458,0,-0.003974429489458423,0.0021141820148318125,0.04255753065331458,36_P9_0
22152,110,2026-02-12 21:52:47.190000+00:00,124434.26286757256,426963.97368870303,6.503742727170819,0.12241468869615346,0.03926086111459881,-2.240630445303786,0,0.06385720218667651,0.11157521657127041,-2.240630445303786,35_P9_0
22153,147,2026-02-12 21:52:48.190000+00:00,124350.92759164513,426607.51026485575,11.373156384949699,0.0010842995397979394,0.00027211563428863883,-0.0010632567227446543,0,-0.0004400468121112095,-0.0010276727171532254,-0.0010632567227446543,13_P5_1
22154,164,2026-02-12 21:52:52.170000+00:00,124091.06192481106,427154.20777916565,9.840513679572352,-0.03340364030736964,0.013048224209342152,0.02588014794295468,0,0.021426870952032218,-0.028756712990297598,0.02588014794295468,907_GSL_1
22155,102,2026-02-12 21:52:53+00:00,124282.39421390992,426301.793409691,6.899651995144503,0.0009249641007045284,-0.00014817359624430537,-0.003645988622232643,0,-6.636505134712125e-05,-0.0009344033830074682,-0.003645988622232643,02_P1_0
22156,126,2026-02-12 21:53:02.610000+00:00,124339.6588644705,426609.588378208,6.670767650140182,0.002043866363237612,-0.00011195306433364749,0.0001104610047244492,0,-0.0003433595376408135,-0.002017926516823376,0.0001104610047244492,17_P5_1
22157,160,2026-02-12 21:53:05.260000+00:00,124421.81267902987,426965.6181190958,5.60379657916082,0.001472869233111851,-0.0005189428338780999,0.01161534927348118,0,0.0002688279757680662,0.0015383032737810087,0.01161534927348118,38a_P9_0
22158,103,2026-02-12 21:53:06.370000+00:00,124282.31374252583,426301.7969552658,9.294032612816855,0.0020241186721250415,-0.0004888874245807528,-0.003918872974258747,0,1.3910507692582746e-05,-0.0020822761129432803,-0.003918872974258747,01_P1_0
22159,122,2026-02-12 21:53:08.490000+00:00,124329.15062203264,426611.39084981574,8.087252291240471,0.00107112959085498,-0.001189093105494976,0.003588452798073405,0,-0.0008785145372918237,0.0013377119352490565,0.003588452798073405,16_P5_1
22160,121,2026-02-12 21:53:17.440000+00:00,124329.26164800866,426611.32725654164,11.353495455991755,0.0021052389492979273,-0.00045995094114914536,-0.0008040660823667167,0,-0.00014462134198780466,-0.0021500396669240016,-0.0008040660823667167,15_P5_1
22161,100,2026-02-12 21:53:20.010000+00:00,124292.48558184091,426345.92965717864,7.584048826622273,0.001858567600720562,-0.0005778010818175972,-0.004450742346825187,0,0.00013485740362083223,-0.0019416336156150623,-0.004450742346825187,06_P2_0
22162,120,2026-02-12 21:53:23.790000+00:00,124329.26168475191,426611.32959148375,11.361093856651117,0.0014329167461255565,-0.0015836063539609313,0.003062690004243862,0,-0.0011670806875497457,0.0017885698628739384,0.003062690004243862,15_P5_1
22163,162,2026-02-12 21:53:24.030000+00:00,124402.99704776162,426879.6470957442,6.556089805145421,0.0016196333017433062,-0.0006378436810337007,0.011416761854853519,0,0.0007759611369983617,-0.0015581851325881513,0.011416761854853519,34a_P7_0
22164,123,2026-02-12 21:53:32.650000+00:00,124329.1515845971,426611.3902397795,8.078435802573642,0.0018279849755344912,-3.824016312137246e-05,0.0003201575195763695,0,-0.00047363671316111116,-0.0017659727191554583,0.0003201575195763695,16_P5_1
22165,101,2026-02-12 21:53:33.470000+00:00,124292.40669382144,426345.8827358212,10.212233686766485,0.0013749506033491343,-0.0006577047170139849,-0.0033848108337988236,0,0.00032284609105692996,-0.0014895754623119484,-0.0033848108337988236,05_P2_0
22166,124,2026-02-12 21:53:38.070000+00:00,124339.65838159947,426609.58946937707,6.678430149396658,0.0006158762407721952,-0.000772526953369379,0.003999953563464942,0,-0.0005412320723227345,0.0008265405504384548,0.003999953563464942,17_P5_1
22167,161,2026-02-12 21:53:45.440000+00:00,124402.9919645761,426879.6430658678,6.584641015354883,0.0005608295032288879,-0.004441019205842167,0.04301669453116119,0,0.0036258746657064967,-0.0026249217563460345,0.04301669453116119,34a_P7_0
22168,98,2026-02-12 21:53:46.160000+00:00,124302.66162867937,426390.07769849495,7.976202213196968,0.0007830458198441193,-0.00021351361647248268,-0.002848581933902139,0,2.3820135567867163e-05,-0.0008112838107197972,-0.002848581933902139,10_P3_0
22169,118,2026-02-12 21:53:50.440000+00:00,124372.26103075304,426775.1127001464,6.167865403816572,0.0010033910511992872,3.564759390428662e-05,0.0023333348262104536,0,-0.0006894727342827202,-0.0007298573156848434,0.0023333348262104536,22_P6_1
22170,170,2026-02-12 21:53:53.960000+00:00,124669.37559565455,426931.3088356718,13.800825876204737,-0.012451161921489984,0.010338700085412711,0.01463574553334901,0,0.0003943091529053229,-0.01617914314613756,0.01463574553334901,908_GSL_1
22171,99,2026-02-12 21:53:59.120000+00:00,124302.5387336957,426390.1345611588,11.084836283464782,0.0006534045387525111,-0.00025513319997116923,-0.0029189192845855416,0,9.292780937291025e-05,-0.0006952660377402758,-0.0029189192845855416,09_P3_0
22172,74,2026-02-12 21:54:08.910000+00:00,124369.34667509582,426785.7260764404,7.231935437808435,0.00036188651574775577,-0.0003898562863469124,0.0018816030513626458,0,-0.00046113143563030883,-0.0002651557530165748,0.0018816030513626458,21_P6_1
22173,92,2026-02-12 21:54:10.590000+00:00,124278.31467743835,426395.6367855936,11.103475873260017,0.000701635770383291,-0.001505031599663198,0.0016868900327970948,0,0.0013867696153181711,-0.0009133908825340938,0.0016868900327970948,11_P3_0
22174,166,2026-02-12 21:54:16.080000+00:00,124091.0563995305,427154.2078583306,9.8240479144423,-0.015881305196671747,0.018830351065844297,-0.00580570462050467,0,0.02272106943804795,-0.009515827846497642,-0.00580570462050467,907_GSL_1
22175,93,2026-02-12 21:54:24.110000+00:00,124278.26891660005,426395.7896458175,7.950836528245424,0.0007930203719297424,-0.0017042850377038121,0.002111007965906353,0,0.0015691953354674175,-0.001034937099143697,0.002111007965906353,12_P3_0
22176,73,2026-02-12 21:54:25.500000+00:00,124369.48905289422,426785.69257489475,11.408832470589063,-0.0002866702125174925,-0.003891759435646236,0.0027778545259877774,0,-0.0008843094021383139,-0.0038007852079506035,0.0027778545259877774,20_P6_1
22177,153,2026-02-12 21:54:26.820000+00:00,124370.27645609864,426819.4978576273,9.736779621251088,0.002617293765069917,-0.0012654699385166168,0.01069914413809947,0,0.0005329362582566687,-0.0028579047854325884,0.01069914413809947,29_KW_1
22178,125,2026-02-12 21:54:31.260000+00:00,124339.65692608693,426609.59126749233,6.670201110885782,-0.0009394766966579482,3.364589065313339e-05,-0.003314827243332097,0,-0.00010303280336779937,-0.0009344157270462358,-0.003314827243332097,17_P5_1
22179,94,2026-02-12 21:54:37.650000+00:00,124268.22434048339,426351.55463055376,10.216713268439468,0.0001179842947749421,-0.001342466741334647,0.0022193291485077538,0,0.0012984207305153331,-0.0003608889745769955,0.0022193291485077538,07_P2_0
22180,146,2026-02-12 21:54:46.890000+00:00,124350.92424864607,426607.51261517906,11.374763749056479,-0.0020179288694635034,0.0007497822516597807,-0.004557764167604006,0,0.0003066789264880525,-0.002130764741393662,-0.004557764167604006,13_P5_1
22181,95,2026-02-12 21:54:50.850000+00:00,124268.10972830775,426351.5476973462,7.195893692738074,0.00018040552095044404,-0.0014936638181097806,0.0022228344929535737,0,0.001435169029790609,-0.00045151700903683684,0.0022228344929535737,08_P2_0
22182,152,2026-02-12 21:54:51.240000+00:00,124370.27587630447,426819.4988812192,9.730640888024693,0.0001046426041284576,-0.0002888187300413847,0.0017199367968139256,0,-0.00030515037796816644,3.534940236253652e-05,0.0017199367968139256,29_KW_1
22183,148,2026-02-12 21:55:01.820000+00:00,124351.03852220842,426607.3992571233,8.010942809000332,-0.00259620625001844,0.0008012285688892007,-0.004513606212050547,0,0.0002326686761814861,-0.0027070499440097155,-0.004513606212050547,14_P5_1
22184,96,2026-02-12 21:55:04.410000+00:00,124258.06142247653,426307.3511300023,9.307870793016091,0.00044428010005503893,-0.0012795746442861855,0.0033251848402002793,0,0.0011677774990080888,-0.0006862884163494578,0.0033251848402002793,03_P1_0
22185,117,2026-02-12 21:55:05.640000+00:00,124377.68075160781,426815.9058023938,7.619613602266788,0.0007344637269852683,9.635527385398746e-05,0.002178562094328207,0,6.772462895577996e-05,0.0007376548513291088,0.002178562094328207,26_KW_0
22186,97,2026-02-12 21:55:17.760000+00:00,124257.98756964279,426307.39048661565,6.840735336481375,-0.00030056608375161886,-0.0013660889817401767,0.0036731458852745646,0,0.0013985142634395256,2.639946381839555e-05,0.0036731458852745646,04_P1_0
22187,168,2026-02-12 21:55:19.010000+00:00,124669.37195818622,426931.3124525324,13.793008254485922,-0.004773785127326846,0.0047119600349105895,-0.008331765449305806,0,0.0010229786207725975,-0.006629110540179866,-0.008331765449305806,908_GSL_1
22188,116,2026-02-12 21:55:19.960000+00:00,124377.6878516115,426815.9001271171,10.007553009240226,0.000491719925776124,6.555352592840791e-05,0.002493253963102404,0,4.649059573388573e-05,0.0004938870059793351,0.002493253963102404,25_KW_0
22189,115,2026-02-12 21:55:34.320000+00:00,124396.29026553633,426811.63396793,7.649450620247138,0.00017477651999797672,5.3593539632856846e-05,0.0031783274740915246,0,0.0001358284804961613,0.00012235082067189282,0.0031783274740915246,24_KW_0
22190,114,2026-02-12 21:55:48.060000+00:00,124396.29939539041,426811.6295399828,9.992982330445017,0.0003747453883988783,1.227017492055893e-06,0.002298252794833644,0,0.00019382194436441902,0.0003207314539937547,0.002298252794833644,23_KW_0
22191,150,2026-02-12 21:56:03.440000+00:00,124401.10334164585,426812.3212645808,9.183953197512182,0.00016101592336781323,-0.0001670081983320415,0.0019391742683723123,0,-3.725619372412704e-05,0.00022897563607793367,0.0019391742683723123,27_KW_1
22192,119,2026-02-12 21:56:19.240000+00:00,124400.81452018363,426811.3431795731,3.986176342495742,0.0003687965509016067,5.069177132099867e-05,0.0026422134095591687,0,0.00026412977942364796,0.0002623280603713542,0.0026422134095591687,28_KW_1
22193,169,2026-02-12 21:56:36.640000+00:00,124669.37669867834,426931.30892620113,13.809717651686444,-0.0023787699756212533,0.006766648206394166,-0.0020375611864480447,0,0.0009639518102036735,-0.007107522173980154,-0.0020375611864480447,908_GSL_1
22194,62,2026-02-12 21:56:52.920000+00:00,124390.61107423568,426780.8793532191,7.4469139858985995,0.0003940226597478613,0.00010801112512126565,0.002116112316270957,0,0.00037201171473719944,-0.0001689009876911001,0.002116112316270957,19_P6_1
22195,72,2026-02-12 21:57:07.240000+00:00,124390.52433766967,426780.88722072484,10.989100535422544,0.000377966818632558,0.00028979312628507614,0.002015213855786513,0,0.0003272596174118118,-0.0003460348462810785,0.002015213855786513,18_P6_1
