,Id,Timestamp,Easting,Northing,Height,EastingDiff,NorthingDiff,HeightDiff,Type,LongitudinalDisplacement,TransverseDisplacement,HeightDisplacement,Name
72355,139,2026-02-27 22:00:20.480000+00:00,123928.08626841601,426940.431461203,7.129172314877578,-0.0006015076796757057,0.00035719043808057904,-0.007429515861677949,0,0.0006857037835677413,0.0001385886682450323,-0.007429515861677949,905_GSL_1
72356,138,2026-02-27 22:00:23.180000+00:00,123928.08580889046,426940.4314476179,7.117688963787965,-0.0008099882106762379,-0.00027353415498510003,-0.00024709980996195924,0,0.0002795610116049182,-0.0008079278904508379,-0.00024709980996195924,905_GSL_1
72357,134,2026-02-27 22:00:26.650000+00:00,123855.61789241794,426533.0739631703,6.054227976368421,0.003430276527069509,-0.0003348916652612388,0.008385057470640334,0,-0.0034281627174221263,0.0003558789998053298,0.008385057470640334,904_GSL_1
72358,143,2026-02-27 22:00:38.160000+00:00,124266.91881366484,427056.3140620313,7.102221819338317,-0.0007537632482126355,-0.00016484473599120975,-0.003319918884460371,0,0.00013314518866537945,-0.0007600034079366587,-0.003319918884460371,906_GSL_1
72359,125,2026-02-27 22:00:39.790000+00:00,124339.66263379306,426609.590317471,6.667803889322883,0.004768229438923299,-0.0009163754293695092,-0.005712048806230996,0,-0.00021476052750856505,0.004850735390184791,-0.005712048806230996,17_P5_1
72360,132,2026-02-27 22:00:47.120000+00:00,124806.21863587473,426258.5088203234,4.590787799176588,0.004501586954575032,0.003678572946228087,0.00815562496626665,0,-0.0009337906547364575,-0.005737962969856825,0.00815562496626665,903_GSL_1
72361,153,2026-02-27 22:00:49.450000+00:00,124370.27640139092,426819.4956995402,9.74147817864345,0.002562586043495685,-0.0034235570346936584,0.015397701530460495,0,0.0026295611599046454,-0.003372387597302576,0.015397701530460495,29_KW_1
72362,146,2026-02-27 22:00:55.420000+00:00,124350.92386400732,426607.51099569513,11.373494080917869,-0.0024025676248129457,-0.0008697016746737063,-0.005827432306213964,0,-0.0013575190411796885,-0.002164683405850414,-0.005827432306213964,13_P5_1
72363,152,2026-02-27 22:00:55.470000+00:00,124370.2743089924,426819.49721532426,9.727477264117507,-0.0014626694610342383,-0.0019547136616893113,-0.0014436871103722382,0,-0.0015655908709457111,-0.001873294604766819,-0.0014436871103722382,29_KW_1
72364,135,2026-02-27 22:01:04.940000+00:00,123855.61276453313,426533.07536822476,6.024149437113799,-0.0008857451030053198,-0.0012666965485550463,0.002950989995441411,0,0.0014441563966532988,-0.0005508873166306621,0.002950989995441411,904_GSL_1
72365,136,2026-02-27 22:01:09.270000+00:00,123855.617370176,426533.0722779043,6.04315787198795,0.0016000642062863335,-0.0018306217971257865,0.020865329551211786,0,-0.00022670344708392977,-0.002420741038490285,0.020865329551211786,904_GSL_1
72366,148,2026-02-27 22:01:10.600000+00:00,124351.03842418856,426607.39744847646,8.01050784486771,-0.0026942261029034853,-0.0010074182646349072,-0.0049485703446716656,0,-0.0015556625814215157,-0.0024194337738924487,-0.0049485703446716656,14_P5_1
72367,150,2026-02-27 22:01:14.050000+00:00,124401.1045687537,426812.3177030681,9.180567745779708,-1.9321231239009649,-0.5173406842513941,2.5667461831081475,0,-1.6107507977895323,-1.1858427454409417,2.5667461831081475,27_KW_1
72368,140,2026-02-27 22:01:27.270000+00:00,123928.08764486754,426940.4352109843,7.152242589781387,0.00012113507546018809,0.0007723073940724134,0.016668883579042948,0,-9.589642755558796e-05,0.0007758455339999989,0.016668883579042948,905_GSL_1
72369,129,2026-02-27 22:01:31.150000+00:00,124898.93874036513,426720.77467469673,4.084273436442149,-0.0009313336486229673,0.002172026608604938,-0.0074113088034648555,0,-0.0011818226100580476,-0.002046552533384086,-0.0074113088034648555,901_GSL_1
72370,141,2026-02-27 22:01:35.790000+00:00,124266.91096687743,427056.3102152496,7.104648314106425,-0.007661874013138004,-0.004303053428884596,0.020513613843327505,0,-0.004065959275550403,-0.007790286090677324,0.020513613843327505,906_GSL_1
72371,145,2026-02-27 22:01:43.620000+00:00,124266.91906905224,427056.3138455088,7.125229931136603,0.0007452994032064453,-0.0009010988287627697,0.01726299484495719,0,-0.001163805115470822,-0.00011405241260694729,0.01726299484495719,906_GSL_1
72372,128,2026-02-27 22:01:45.350000+00:00,124898.93379575016,426720.78080150037,4.078479345948109,-0.00650564934767317,0.011537465557921678,-0.00291258505557046,0,-0.0008790382449305798,-0.01321604618254108,-0.00291258505557046,901_GSL_1
72373,149,2026-02-27 22:01:49.430000+00:00,124351.04156259459,426607.3958039072,8.011259918044365,0.00025090252165682614,-0.000928558292798698,-0.0009659259234329198,0,0.0008775336617992212,-0.00039383657893628476,-0.0009659259234329198,14_P5_1
72374,122,2026-02-27 22:01:54.360000+00:00,124329.15362178572,426611.387690565,8.076581070952122,0.004070882670930587,-0.004348343820311129,-0.007082767490276254,0,-0.003173611259737439,0.005040671708432189,-0.007082767490276254,16_P5_1
72375,131,2026-02-27 22:02:03.410000+00:00,124806.21852968527,426258.5081802527,4.611628470888226,-1.4810881111770868e-05,0.0018961881869472563,0.0001239981156633263,0,-0.0006734694167935887,-0.001772621772167242,0.0001239981156633263,903_GSL_1
72376,3,2026-02-27 22:02:03.610000+00:00,124314.90147097294,426440.79177396034,7.062826281183502,-0.005768378992797807,-0.0043033232213929296,-0.015602814307582591,11,-0.007124866507124679,0.0010144280201096732,-0.015602814307582591,TS2
72377,133,2026-02-27 22:02:04.320000+00:00,124806.22744954866,426258.5138906385,4.6050652614254854,0.005553455135668628,0.00240682513685897,0.016908157240919763,0,0.0008411038367439425,-0.005993848139477265,0.016908157240919763,903_GSL_1
72378,147,2026-02-27 22:02:04.340000+00:00,124350.92758237787,426607.50927825377,11.372221408604712,0.001075032283551991,-0.0007144863484427333,-0.001998233067730837,0,0.0005356271707009092,-0.0011744312184189323,-0.001998233067730837,13_P5_1
72379,6,2026-02-27 22:02:04.520000+00:00,124399.03701443053,426925.07503679185,8.571156479375428,-0.0021563138434430584,-0.0004124230472370982,0.023849783553870907,11,-0.0021943766193837913,6.70329293576841e-05,0.023849783553870907,TS5
72380,120,2026-02-27 22:02:12.820000+00:00,124329.26263927366,426611.32631609956,11.353215343038393,0.0023874384933151305,-0.004858990549109876,-0.0048158236084798745,0,-0.0040920145349969675,0.0035447240740395397,-0.0048158236084798745,15_P5_1
72381,126,2026-02-27 22:02:19.720000+00:00,124339.65762611816,426609.58772909315,6.667735902551654,0.0008055140206124634,-0.0007610679022036493,-0.0029212865838035285,0,0.0005638324383698674,-0.0009540283908824775,-0.0029212865838035285,17_P5_1
72382,124,2026-02-27 22:02:33.910000+00:00,124339.66230911977,426609.58706298453,6.673679028376447,0.004543396542430855,-0.00317891949089244,-0.0007511674567464155,0,-0.0015990350630627774,0.005309526168919815,-0.0007511674567464155,17_P5_1
72383,154,2026-02-27 22:02:34.110000+00:00,124285.664987095,426445.5599927724,7.906619063715665,0.00218701854464598,-0.0032503250404261053,-0.008580581251837138,11,-0.003910342325873842,0.00023850760475492615,-0.008580581251837138,TS1-1
72384,121,2026-02-27 22:02:35.410000+00:00,124329.25931218466,426611.3267250458,11.351713919599533,-0.00023058505030348897,-0.0009914467809721828,-0.002585602474589166,0,0.0010164378250422425,-5.4683934998881465e-05,-0.002585602474589166,15_P5_1
72385,123,2026-02-27 22:02:50.540000+00:00,124329.1514284965,426611.38838677376,8.07549371088687,0.0016718843689886853,-0.0018912458908744156,-0.0026219341671964713,0,0.0013492733990137392,-0.002133417366042558,-0.0026219341671964713,16_P5_1
72386,4,2026-02-27 22:02:50.740000+00:00,124378.96969729326,426782.7410592784,7.77451791014659,-0.002160125339287333,-0.0010827620280906558,-0.014207351876575736,11,-0.0023329568176179262,-0.0006291482957429383,-0.014207351876575736,TS3
72387,68,2026-02-27 22:06:21.840000+00:00,123928.08602735001,426940.4301786433,7.132264124710223,-0.022923011842067353,-0.017556361912284046,0.013450843669996715,0,0.015840789001647045,-0.024140416717860446,0.013450843669996715,905_GSL_1
72388,68,2026-02-27 22:06:25.360000+00:00,123928.08324102891,426940.42933278426,7.120384496117999,-0.02570933294191491,-0.018402220972348005,0.0015712150777726919,0,0.001186036182527795,-0.03159438012063365,0.0015712150777726919,905_GSL_1
72389,67,2026-02-27 22:06:27.480000+00:00,123855.61709871603,426533.07574800344,6.0566473711779105,-0.0008957581158028916,-0.015354701259639114,0.01223922284033474,0,-0.002184719444209621,-0.015224855806374067,0.01223922284033474,904_GSL_1
72390,69,2026-02-27 22:06:39.650000+00:00,124266.92133588085,427056.31499009446,7.103487072820428,-0.02126131580735091,0.00015171041013672948,0.012985701892995749,0,0.008197406308629885,-0.019618080836811956,0.012985701892995749,906_GSL_1
72391,71,2026-02-27 22:06:42.780000+00:00,124806.22167587161,426258.51013966755,4.586779117919436,-0.0060860638768645,-0.004966464533936232,-0.004724545229831456,0,0.0012563231195589187,0.00775419858524291,-0.004724545229831456,903_GSL_1
72392,67,2026-02-27 22:06:45.810000+00:00,123855.60943597637,426533.08329500863,6.0321000547254595,-0.008558497778722085,-0.007807696063537151,-0.012308093612116267,0,0.011508752349355339,-0.001325375950503227,-0.012308093612116267,904_GSL_1
72393,69,2026-02-27 22:06:46.400000+00:00,124266.93614230744,427056.3161149745,7.074122690528837,-0.006454889211454429,0.0012765904539264739,-0.01637868039859569,0,0.0017741524300860009,-0.006336218199685591,-0.01637868039859569,906_GSL_1
72394,66,2026-02-27 22:06:59.250000+00:00,124898.93855666768,426720.7725893176,4.086315052653292,0.000951003996306099,-0.0016158372163772583,0.004028522249527988,0,0.0011355323323383,0.0014919466589105384,0.004028522249527988,901_GSL_1
72395,67,2026-02-27 22:07:04.920000+00:00,123855.61583129747,426533.07094687596,6.022808887077696,-0.0021631766721839085,-0.02015582873718813,-0.021599261259879654,0,0.013106498694946496,-0.01546468419843436,-0.021599261259879654,904_GSL_1
72396,66,2026-02-27 22:07:09.070000+00:00,124898.93504905263,426720.77561955305,4.076315296209316,-0.002556611056206748,0.0014143982552923262,-0.005971234194448449,0,-0.0016939698649591818,-0.002380598373078233,-0.005971234194448449,901_GSL_1
72397,68,2026-02-27 22:07:31.300000+00:00,123928.08767708973,426940.43367439497,7.144658251202827,-0.021273272126563825,-0.01406061026500538,0.025844970162601122,0,0.020803204934791115,-0.01474718727202902,0.025844970162601122,905_GSL_1
72398,149,2026-02-27 22:07:36.880000+00:00,124351.04133108773,426607.3959423428,8.01147930665371,1.9395665731281042e-05,-0.0007901226636022329,-0.0007465373140878029,0,0.0007772361401703215,-0.0001434363893863313,-0.0007465373140878029,14_P5_1
72399,69,2026-02-27 22:07:48.830000+00:00,124266.91959012863,427056.3146645613,7.119869693930934,-0.023007068026345223,-0.00017382274381816387,0.029368323003501118,0,0.01619865323220102,-0.01633888083615425,0.029368323003501118,906_GSL_1
72400,147,2026-02-27 22:07:51.740000+00:00,124350.92691173097,426607.5093586892,11.370913029631337,0.00040438538417220116,-0.0006340509280562401,-0.0033066120411060496,0,0.0005621812506470873,-0.0004995001098317746,-0.0033066120411060496,13_P5_1
72401,159,2026-02-27 22:08:03.370000+00:00,124421.80601343956,426965.6171557843,5.594008039340187,-0.0019372128444956616,-0.0010181243997067213,0.004782142790571875,0,-0.0008993851381045598,-0.001995113348036593,0.004782142790571875,38a_P9_0
72402,126,2026-02-27 22:08:07.190000+00:00,124339.65688672455,426609.587693017,6.667555848363539,6.612041033804417e-05,-0.0007971440791152418,-0.0031013407719191477,0,0.000762720516122684,-0.00024097303960672568,-0.0031013407719191477,17_P5_1
72403,71,2026-02-27 22:08:16.260000+00:00,124806.21928429884,426258.5098415987,4.6072594226705865,-0.008477636642055586,-0.005264533392619342,0.015755759521319135,0,-0.006117139531289312,0.00788455698384286,0.015755759521319135,903_GSL_1
72404,110,2026-02-27 22:08:19.720000+00:00,124434.14023433665,426963.93309194024,8.748745826407818,0.0001484941749367863,0.001005366793833673,-0.0023145338499706014,0,0.0010142668927180544,-6.384027310106693e-05,-0.0023145338499706014,35_P9_0
72405,121,2026-02-27 22:08:23.940000+00:00,124329.25880158647,426611.3269180543,11.351372282345906,-0.0007411832339130342,-0.0007984382682479918,-0.002927239728215625,0,0.0009732821707690653,0.0004894671291309473,-0.002927239728215625,15_P5_1
72406,111,2026-02-27 22:08:35.480000+00:00,124434.26166954671,426963.9765982104,6.46530046244219,-2.12126033147797e-05,-0.0014655689592473209,0.004007952827421946,0,-0.0014372541590135064,0.0002874766620911063,0.004007952827421946,36_P9_0
72407,123,2026-02-27 22:08:40.490000+00:00,124329.1506108949,426611.38857329823,8.075991142981739,0.0008542827708879486,-0.0017047214205376804,-0.0021245020723270613,0,0.0013984302816044622,-0.0012962511028993043,-0.0021245020723270613,16_P5_1
72408,176,2026-02-27 22:08:48.960000+00:00,124446.5644303801,427019.00073250884,7.868267746578358,-0.002815693849697709,-0.0022086332319304347,-0.05014517706882771,0,-0.0027616225848624415,-0.0022758807761371572,-0.05014517706882771,41_LHN_0
72409,156,2026-02-27 22:08:51.580000+00:00,124272.34714121916,426258.482599929,9.070983621812845,0.0007547611312475055,-0.0005841313395649195,0.0016602097990805476,0,0.00039727370704059444,-0.0008677830309461838,0.0016602097990805476,00a_LHZ_0
72410,118,2026-02-27 22:08:57.460000+00:00,124372.25874160769,426775.1129467493,6.164819711928704,-0.0012857543042628095,0.0002822505193762481,-0.0007123570616576202,0,0.0006372942461797871,0.0011518183582512652,-0.0007123570616576202,22_P6_1
72411,179,2026-02-27 22:09:05.250000+00:00,124272.3490373872,426258.5060708819,6.49837934484003,0.0008403610117966309,-0.00041859177872538567,0.0024962887314528004,0,0.0002165925163936597,-0.0009135170437417147,0.0024962887314528004,00c_LHZ_0
72412,109,2026-02-27 22:09:05.480000+00:00,124446.57086281672,427018.96671929106,10.34870302488855,0.0018080027512041852,0.001528822467662394,-0.03712221657941761,0,0.0018814653853416858,0.0014374491607539713,-0.03712221657941761,40_LHN_0
72413,162,2026-02-27 22:09:09.480000+00:00,124402.9974764145,426879.64586547494,6.554212259104634,0.0020482861873460934,-0.0018681129440665245,0.009539215814067248,0,0.002038869282589854,-0.0018783860959805966,0.009539215814067248,34a_P7_0
72414,74,2026-02-27 22:09:14.720000+00:00,124369.34606567898,426785.72659544076,7.228730707670852,-0.0002475303190294653,0.00012914405670017004,-0.0013231270862199551,0,0.0002746847665531037,4.997724725785253e-05,-0.0013231270862199551,21_P6_1
72415,167,2026-02-27 22:09:22.710000+00:00,124669.37561648879,426931.30302234465,13.813524587369454,-0.0006164991646073759,-0.003398272499907762,0.004152622552670238,0,-0.0007843999051790667,0.003363486880061525,0.004152622552670238,908_GSL_1
72416,102,2026-02-27 22:09:27.260000+00:00,124282.39510654479,426301.7926169935,6.898409499713392,0.001817598968045786,-0.0009408711339347064,-0.0048884840533443,0,0.0005022302082118507,-0.0019841041598848,-0.0048884840533443,02_P1_0
72417,104,2026-02-27 22:09:27.620000+00:00,124389.81652652072,426881.4443965326,10.732111928138316,-0.0005696895532310009,5.696446169167757e-05,0.0062000600781093596,0,6.205045832236463e-05,0.0005691580427072472,0.0062000600781093596,33_P7_0
72418,73,2026-02-27 22:09:32.540000+00:00,124369.49032053129,426785.70401505026,11.405051312246501,0.0009809668554225937,0.007548396068159491,-0.0010033038165744301,0,0.0013107133795153098,0.007498173751654659,-0.0010033038165744301,20_P6_1
72419,151,2026-02-27 22:09:39.460000+00:00,124403.03728057361,426812.83906533086,6.571414165531916,0.00029522816475946456,0.0013814051053486764,-0.03733113694381274,0,-0.0014125258581689647,-1.4506355664295043e-05,-0.03733113694381274,27_KW_1
72420,103,2026-02-27 22:09:44.700000+00:00,124282.31341501653,426301.79669690254,9.293666038625581,0.001696609368082136,-0.0007472506840713322,-0.004285447165532474,0,0.0003402248611200014,-0.0018223923772297266,-0.004285447165532474,01_P1_0
72421,105,2026-02-27 22:09:45.140000+00:00,124389.68755320447,426881.47194396646,7.068274751342691,-0.0011322328937239945,-9.247683919966221e-06,0.005978854619900886,0,0.0002463947181522735,0.0011051364115597475,0.005978854619900886,34_P7_0
72422,113,2026-02-27 22:09:54.560000+00:00,124414.07852778563,426875.9154676008,7.30036670955386,0.0012931714591104537,0.00023546261945739388,-0.002983235571416998,0,-0.0005350871971515471,-0.0012005901712341723,-0.002983235571416998,32_P7_0
72423,100,2026-02-27 22:10:00.540000+00:00,124292.48435070695,426345.9291178927,7.5824701370164025,0.0006274336337810382,-0.0011170870275236666,-0.006029431952695674,0,0.0009428428498219784,-0.0008675273784733883,-0.006029431952695674,06_P2_0
72424,153,2026-02-27 22:10:00.630000+00:00,124370.27623921358,426819.495641866,9.73430743390152,0.0024004087026696652,-0.003481231222394854,0.00822695678853158,0,0.0027278386254861327,-0.0032310724530618244,0.00822695678853158,29_KW_1
72425,112,2026-02-27 22:10:09.880000+00:00,124413.95205684361,426875.8679134156,10.666058506370867,0.001322218799032271,0.0006473501562140882,-0.003207100549797559,0,-0.0009449606350506696,-0.0011288818252896892,-0.003207100549797559,31_P7_0
72426,65,2026-02-27 22:10:16.340000+00:00,124370.27550381402,426819.4958452061,9.734580424250236,-0.0029706771310884506,-0.0026122177951037884,-0.0007988435002168615,0,0.003301136214207065,0.0021797027598916903,-0.0007988435002168615,30_KW_1
72427,152,2026-02-27 22:10:16.340000+00:00,124370.27475213328,426819.49766543944,9.727756198924828,-0.0010195285867666826,-0.0015045984764583409,-0.0011647523030511309,0,-0.0012295522366368263,-0.0013384529920683085,-0.0011647523030511309,29_KW_1
72428,101,2026-02-27 22:10:16.440000+00:00,124292.40573920793,426345.88234331313,10.210660340751994,0.0004203370917821303,-0.0010502127697691321,-0.0049581568482892635,0,0.0009249528596685022,-0.0006512237249249072,-0.0049581568482892635,05_P2_0
72429,161,2026-02-27 22:10:26.110000+00:00,124402.99037666379,426879.64572047064,6.545838945320521,-0.0010270828061038628,-0.0017864163382910192,0.004214624496799324,0,0.002060179385894553,4.293392880252817e-05,0.004214624496799324,34a_P7_0
72430,122,2026-02-27 22:10:30.600000+00:00,124329.14975550721,426611.3897274801,8.08361561736597,0.0002046041627181694,-0.00231142871780321,-4.8221076427878984e-05,0,-0.002183941950408428,0.0007841958544478703,-4.8221076427878984e-05,16_P5_1
72431,98,2026-02-27 22:10:31.430000+00:00,124302.66087971171,426390.0767473519,7.9742793345090295,3.407815529499203e-05,-0.0011646566563285887,-0.004771460621840973,0,0.0011241505714549886,-0.00030638528113507757,-0.004771460621840973,10_P3_0
72432,117,2026-02-27 22:10:33.050000+00:00,124377.67920608463,426815.9035570938,7.616350567439844,-0.0008110594499157742,-0.0021489447099156678,-0.0010844727326153603,0,-0.0021158102296774486,-0.0008939395223193095,-0.0010844727326153603,26_KW_0
72433,163,2026-02-27 22:10:37.810000+00:00,124091.05428766726,427154.20383138245,9.87369153994984,-0.029027002165094018,0.0008476806688122451,0.016921466954332942,0,0.023794131799784523,-0.016647063077405988,0.016921466954332942,907_GSL_1
72434,120,2026-02-27 22:10:46.870000+00:00,124329.26079795622,426611.3277629922,11.359218184148935,0.0005461210530484095,-0.0034120979253202677,0.001187017502061849,0,-0.0031609951994689975,0.0013959834545908953,0.001187017502061849,15_P5_1
72435,116,2026-02-27 22:10:48.620000+00:00,124377.68635988244,426815.89781725494,10.004422890034236,-0.0010000091278925538,-0.002244308649096638,-0.0006368652428871968,0,-0.002203993930267165,-0.0010859789701572937,-0.0006368652428871968,25_KW_0
72436,99,2026-02-27 22:10:48.740000+00:00,124302.53776076976,426390.13385764975,11.082749175638792,-0.0003195214085280895,-0.0009586422238498926,-0.005006027110574962,0,0.001007065181130306,8.311777674255845e-05,-0.005006027110574962,09_P3_0
72437,108,2026-02-27 22:10:55.210000+00:00,124422.71081032742,427023.83566674386,10.326324138138279,8.548743790015578e-05,-0.003152750839944929,-0.0019983462043775546,0,-0.0030459763605765176,0.0008180305444304746,-0.0019983462043775546,39_LHN_0
72438,124,2026-02-27 22:11:05.410000+00:00,124339.66318023861,426609.5879700711,6.670305251403274,0.005414515384472907,-0.002271832898259163,-0.004124944429919175,0,-0.00046502703843931295,0.005853370945004833,-0.004124944429919175,17_P5_1
72439,115,2026-02-27 22:11:06.840000+00:00,124396.28948314472,426811.6316551734,7.6463385386865195,-0.0006076150893932208,-0.002259163069538772,6.624591347303976e-05,0,-0.0022500888922299318,0.000640401318463396,6.624591347303976e-05,24_KW_0
72440,177,2026-02-27 22:11:09.100000+00:00,124422.72637975587,427023.8963805329,7.79094505694717,-0.0001260811841348186,-0.003039004630409181,-0.0021875627859841984,0,-0.00298467253092923,0.0005858118228217872,-0.0021875627859841984,42_LHN_0
72441,166,2026-02-27 22:11:10.540000+00:00,124091.04482634336,427154.202912757,9.829090337943299,-0.027454492330434732,0.013884777436032891,-0.0007632811195055211,0,0.02146687016492973,-0.02203882208495086,-0.0007632811195055211,907_GSL_1
72442,114,2026-02-27 22:11:22.550000+00:00,124396.29859102465,426811.6270840275,9.990243045214587,-0.0004296203696867451,-0.002454728295560926,-0.00044103243559590055,0,-0.0023260458346984576,0.0008943016504285228,-0.00044103243559590055,23_KW_0
72443,107,2026-02-27 22:11:26.350000+00:00,124409.9205965571,426969.52485705714,6.296291663100517,-0.00022095019812695682,0.0004460040363483131,0.007211339670483596,0,0.00038065734437737456,-0.00032068454384783456,0.007211339670483596,38_P9_0
72444,125,2026-02-27 22:11:27.350000+00:00,124339.66238034097,426609.5900530751,6.66851608179328,0.004514777348958887,-0.0011807713308371603,-0.0049998563358339965,0,-0.0005131362735655043,0.004638332309262728,-0.0049998563358339965,17_P5_1
72445,150,2026-02-27 22:11:39.730000+00:00,124401.10494643038,426812.31733604346,9.181026610921487,-1.9317454472184181,-0.517707708873786,2.5672050482499262,0,-1.6108015569078646,-1.1853185601093195,2.5672050482499262,27_KW_1
72446,170,2026-02-27 22:11:40.540000+00:00,124669.37838734094,426931.3041691149,13.790647252030961,-0.00965947553049773,0.005672143190167844,0.004457121359573435,0,-0.0015369224777490086,-0.011095789525375908,0.004457121359573435,908_GSL_1
72447,146,2026-02-27 22:11:43.750000+00:00,124350.9232920323,426607.51120366267,11.37418742210093,-0.002974542643642053,-0.0006617341423407197,-0.005134091123153439,0,-0.0012750474218404674,-0.0027676795490161857,-0.005134091123153439,13_P5_1
72448,106,2026-02-27 22:11:44.330000+00:00,124410.03178338389,426969.450086184,8.930993302651734,-0.00042043432767968625,0.0005248431116342545,0.007106078313203312,0,0.00040831940717500197,-0.0005343225406490459,0.007106078313203312,37_P9_0
72449,119,2026-02-27 22:11:55.050000+00:00,124401.10511707641,426812.3174550139,9.181095980156995,0.001763121603289619,-0.002757341891992837,0.007791977891702828,0,-0.00115140431708477,0.00306362533543574,0.007791977891702828,28_KW_1
72450,148,2026-02-27 22:11:59.750000+00:00,124351.03792308667,426607.39745919826,8.00974659266734,-0.003195327997673303,-0.0009966964717023075,-0.005709822545041376,0,-0.0016514114580812598,-0.00291141976800609,-0.005709822545041376,14_P5_1
72451,92,2026-02-27 22:12:00.310000+00:00,124278.31675805339,426395.6353782893,11.09884945358902,0.002782250812742859,-0.0029123358544893563,-0.002939529638199545,0,0.002475948357412746,-0.00317683796341231,-0.002939529638199545,11_P3_0
72452,160,2026-02-27 22:12:01.360000+00:00,124421.81168957998,426965.6176596708,5.60262318282152,0.0004834193387068808,-0.0009783678106032312,0.010441952934181487,0,-0.0006162529374263962,0.0009006276405783336,0.010441952934181487,38a_P9_0
72453,169,2026-02-27 22:12:11.440000+00:00,124669.37789327512,426931.30222937587,13.806752239118534,0.0011534459481481463,-0.008621108427178115,-0.017696071468895624,0,-0.002899636889080603,0.00820036913680987,-0.017696071468895624,908_GSL_1
72454,168,2026-02-27 22:12:15.970000+00:00,124669.36865502145,426931.31022181077,13.794300708256845,-0.008076949903625064,0.002481238392647356,-0.007039311678383342,0,-0.0027197879964114685,-0.00799977605695261,-0.007039311678383342,908_GSL_1
72455,93,2026-02-27 22:12:17.650000+00:00,124278.27096645825,426395.78816707135,7.945846031210581,0.0028428785735741258,-0.0031830311636440456,-0.002879489068936536,0,0.0027305154170764326,-0.003279928586101218,-0.002879489068936536,12_P3_0
72456,62,2026-02-27 22:12:29.040000+00:00,124390.61091132493,426780.8796250343,7.443566570709766,0.000231111902394332,0.00037982629146426916,-0.0012313028725623454,0,0.00016825974519319933,-0.0004115451144933527,-0.0012313028725623454,19_P6_1
72457,94,2026-02-27 22:12:32.970000+00:00,124268.22653383277,426351.5532684011,10.212396876753182,0.0023113336792448536,-0.0027046193717978895,-0.002097062537778527,0,0.00223760693699597,-0.0027659256169722778,-0.002097062537778527,07_P2_0
72458,72,2026-02-27 22:12:44.650000+00:00,124390.52408415316,426780.88622434984,10.98633954693953,0.00012445030733942986,-0.0007065818645060062,-0.0007457746272283572,0,0.00023477602758088624,0.0006779572457898815,-0.0007457746272283572,18_P6_1
72459,95,2026-02-27 22:12:48.200000+00:00,124268.11232394353,426351.5462209135,7.191313654887651,0.0027760412922361866,-0.002970096538774669,-0.002357203357469473,0,0.002410042111502912,-0.003274076316554672,-0.002357203357469473,08_P2_0
72460,96,2026-02-27 22:13:03.780000+00:00,124258.0634404035,426307.35036789655,9.305469549947462,0.0024622070632176474,-0.002041680389083922,0.0009239417715711795,0,0.0015198883080179977,-0.002814402594597819,0.0009239417715711795,03_P1_0
72461,97,2026-02-27 22:13:20.170000+00:00,124257.99030073748,426307.3893811048,6.837787339923605,0.0024305286060553044,-0.0024715998442843556,0.0007251493275051146,0,0.0019460691244306647,-0.0028686390602613737,0.0007251493275051146,04_P1_0
72462,155,2026-02-27 22:13:34.570000+00:00,124248.39447050514,426263.9335877955,9.0696550597235,0.002755774636170827,-0.0026939199888147414,0.0039666275162648645,0,0.0020849212533864962,-0.003241080393738383,0.0039666275162648645,00b_LHZ_0
72463,178,2026-02-27 22:13:50.300000+00:00,124248.397350662,426263.9907298107,6.808632700208225,0.005334291243343614,0.054507073771674186,-2.257510972477025,0,-0.05446666227927736,0.0057322294419090165,-2.257510972477025,00d_LHZ_0
72464,139,2026-02-27 22:15:21.240000+00:00,123928.08695381905,426940.43267681287,7.132410909688483,8.389535651076585e-05,0.0015728002763353288,-0.0041909210507729,0,0.00044003747468146937,0.0015123181414505714,-0.0041909210507729,905_GSL_1
72465,138,2026-02-27 22:15:24.780000+00:00,123928.08193933757,426940.4284517981,7.117860910295373,-0.004679541103541851,-0.0032693539396859705,-7.515330255447594e-05,0,0.00027951901457627426,-0.0057016356638396465,-7.515330255447594e-05,905_GSL_1
72466,143,2026-02-27 22:15:38.350000+00:00,124266.92067404596,427056.314718455,7.103253118591351,0.0011066178703913465,0.0004915790050290525,-0.0022886196314271245,0,3.5472418435728634e-05,0.0012103696694750546,-0.0022886196314271245,906_GSL_1
72467,125,2026-02-27 22:15:42.780000+00:00,124339.66231185613,426609.59016023565,6.666796762590336,0.004446292499778792,-0.0010736107942648232,-0.006719175538777655,0,-0.0004170477729533072,0.004555022314569466,-0.006719175538777655,17_P5_1
72468,132,2026-02-27 22:15:49.200000+00:00,124806.22617170236,426258.5128555624,4.586233734966991,0.012037414591759443,0.0077138119377195835,0.0036015607566701746,0,-0.0006587787431260714,-0.014281745524690375,0.0036015607566701746,903_GSL_1
72469,152,2026-02-27 22:15:55.700000+00:00,124370.2750059013,426819.49772930355,9.727684133207847,-0.0007657605601707473,-0.0014407343696802855,-0.001236818020032615,0,-0.0012258094206384885,-0.0010767989709156481,-0.001236818020032615,29_KW_1
72470,146,2026-02-27 22:15:59.410000+00:00,124350.92374532753,426607.51123296464,11.373225855137266,-0.0025212474138243124,-0.0006324321730062366,-0.006095658086817224,0,-0.0011506678326263203,-0.002330798685886068,-0.006095658086817224,13_P5_1
72471,150,2026-02-27 22:16:12.570000+00:00,124401.10499173128,426812.31731700554,9.180714902879021,-1.9317001463205088,-0.5177267467952333,2.5668933402074607,0,-1.6107881322378805,-1.185271290753071,2.5668933402074607,27_KW_1
72472,135,2026-02-27 22:16:14.110000+00:00,123855.61545766097,426533.07188070024,6.019007445912154,0.0018073827377520502,-0.004754221066832542,-0.0021910012062038575,0,0.0011736837466694886,-0.004948910665575033,-0.0021910012062038575,904_GSL_1
72473,148,2026-02-27 22:16:14.610000+00:00,124351.038403161,426607.3975016144,8.010959204401606,-0.002715253664064221,-0.0009542803163640201,-0.004497210810775698,0,-0.001508189889920228,-0.0024512479756965432,-0.004497210810775698,14_P5_1
72474,153,2026-02-27 22:16:19.210000+00:00,124370.2763036663,426819.4955263145,9.734820692348189,0.002464861419866793,-0.003596782742533833,0.008740215235199855,0,0.0028223846140126205,-0.003323632501754936,0.008740215235199855,29_KW_1
72475,129,2026-02-27 22:16:31.040000+00:00,124898.9385636748,426720.7729967238,4.087558648311498,-0.001108023978304118,0.0004940537037327886,-0.004126096934115253,0,-0.0011587036002369453,-0.00035946093733104284,-0.004126096934115253,901_GSL_1
72476,128,2026-02-27 22:16:36.290000+00:00,124898.93504552661,426720.77856500295,4.080686073563799,-0.005255872893030755,0.009300968144088984,-0.0007058574398808304,0,-0.0007188483226632848,-0.010659055557321096,-0.0007058574398808304,901_GSL_1
72477,122,2026-02-27 22:16:38.190000+00:00,124329.14991621401,426611.389428585,8.082016545262402,0.0003653109597507864,-0.002610323834232986,-0.0016472931799960122,0,-0.002432299889357951,0.0010154604202568093,-0.0016472931799960122,16_P5_1
72478,149,2026-02-27 22:16:49.940000+00:00,124351.04127558843,426607.39589866204,8.010100766673965,-3.610363637562841e-05,-0.0008338034385815263,-0.0021250772938330442,0,0.0008291029138658493,-9.549871710697928e-05,-0.0021250772938330442,14_P5_1
72479,120,2026-02-27 22:16:54.370000+00:00,124329.25972772138,426611.32797498925,11.360070452047248,-0.0005241137841949239,-0.0032001008512452245,0.0020392854003752348,0,-0.0032281693060145656,0.00030702385677495997,0.0020392854003752348,15_P5_1
72480,131,2026-02-27 22:17:00.960000+00:00,124806.22014391885,426258.511093515,4.611644121570501,0.0015994226996554062,0.004809450474567711,0.00013964879793881835,0,-0.0001734123056479695,-0.005065460987091148,0.00013964879793881835,903_GSL_1
72481,3,2026-02-27 22:17:01.160000+00:00,124314.90117934416,426440.79202221084,7.062867833471839,-0.006060007770429365,-0.004055072728078812,-0.015561262019245348,11,-0.007261948615273787,0.000656819089853486,-0.015561262019245348,TS2
72482,147,2026-02-27 22:17:04.940000+00:00,124350.92745835727,426607.50923875504,11.371798174345496,0.0009510116797173396,-0.0007539850776083767,-0.0024214673269469245,0,0.0005942279348900645,-0.0010582106943379445,-0.0024214673269469245,13_P5_1
72483,124,2026-02-27 22:17:13.370000+00:00,124339.66126201417,426609.5881771443,6.66987155310564,0.0034962909412570298,-0.0020647597266361117,-0.0045586427275532415,0,-0.000868089247689775,0.0039665733489625266,-0.0045586427275532415,17_P5_1
72484,154,2026-02-27 22:17:13.570000+00:00,124285.6821929749,426445.5866475098,7.902742880243902,0.01939289843721781,0.023404412320815027,-0.012456764723600244,11,0.00859180074854162,0.029155308020604457,-0.012456764723600244,TS1-1
72485,126,2026-02-27 22:17:22.030000+00:00,124339.6574708826,426609.58766218147,6.667674501154384,0.0006502784526674077,-0.0008279795874841511,-0.0029826879810741502,0,0.0006634537812629995,-0.0008174603008230865,-0.0029826879810741502,17_P5_1
72486,140,2026-02-27 22:17:30.170000+00:00,123928.08765774785,426940.4270733042,7.1460521691659915,0.00013401538308244199,-0.00736537273041904,0.01047846296364785,0,-0.00037402851925410764,-0.0073570903384210075,0.01047846296364785,905_GSL_1
72487,121,2026-02-27 22:17:38.220000+00:00,124329.25852238975,426611.32700418815,11.351619507598453,-0.0010203799611190334,-0.000712304434273392,-0.0026800144756684574,0,0.0009683205219528436,0.0007816061917000079,-0.0026800144756684574,15_P5_1
72488,145,2026-02-27 22:17:47.620000+00:00,124266.9183525023,427056.3133393821,7.119118163482219,2.8749462217092514e-05,-0.0014072254998609424,0.011151227190572932,0,-0.0010121287533063988,-0.0009781132479253548,0.011151227190572932,906_GSL_1
72489,123,2026-02-27 22:17:53.940000+00:00,124329.15103547786,426611.38844952424,8.07580564785182,0.0012788657331839204,-0.0018284954130649567,-0.00230999720224645,0,0.0013987441537406098,-0.0017385073573292977,-0.00230999720224645,16_P5_1
72490,4,2026-02-27 22:17:54.140000+00:00,124378.96971929164,426782.74043429585,7.774332024115235,-0.002138126961654052,-0.001707744610030204,-0.01439323790793079,11,-0.0027324128883433464,-0.0001479809611212602,-0.01439323790793079,TS3
72491,136,2026-02-27 22:18:37.120000+00:00,123855.61892627768,426533.07001377357,6.038201514297442,0.003156165883410722,-0.004094752541277558,0.015908971860703502,0,-0.00016413739079603718,-0.005167343647837588,0.015908971860703502,904_GSL_1
72492,6,2026-02-27 22:18:37.320000+00:00,124399.03747074,426925.0750114837,8.56967556808774,-0.0017000043735606596,-0.0004377312143333256,0.022368872266183004,11,-0.001751969120148661,0.00011057887760610153,0.022368872266183004,TS5
72493,68,2026-02-27 22:21:22.050000+00:00,123928.08682648277,426940.4323051401,7.1305385185660874,-0.022123879083665088,-0.01542986516142264,0.01172523752586141,0,0.015788590000855567,-0.021869320757472128,0.01172523752586141,905_GSL_1
72494,68,2026-02-27 22:21:25.210000+00:00,123928.08067386864,426940.42778863176,7.114549700873643,-0.028276493219891563,-0.019946373475249857,-0.004263580166583125,0,0.0015364477977256356,-0.03456959953186598,-0.004263580166583125,905_GSL_1
72495,69,2026-02-27 22:21:38.630000+00:00,124266.91743300528,427056.3136093198,7.104157837902465,-0.02516419137828052,-0.0012290642480365932,0.013656466975032089,0,0.008398615894017653,-0.023753113010998864,0.013656466975032089,906_GSL_1
72496,71,2026-02-27 22:21:44.770000+00:00,124806.22461007413,426258.51213229337,4.585352576185848,-0.003151861354126595,-0.002973838709294796,-0.006151086963419594,0,0.0009985487543546399,0.004216734168727461,-0.006151086963419594,903_GSL_1
72497,67,2026-02-27 22:21:45.330000+00:00,123855.61118742272,426533.0816053263,6.036776855911267,-0.006807051424402744,-0.009497378370724618,-0.007631292426308889,0,0.011076776113591529,-0.0037203730915782345,-0.007631292426308889,904_GSL_1
72498,69,2026-02-27 22:21:46.740000+00:00,124266.93150389729,427056.3155529096,7.073657251794537,-0.011093299370259047,0.000714525580406189,-0.016844119132895408,0,0.0015741002767900869,-0.011004273989766609,-0.016844119132895408,906_GSL_1
72499,66,2026-02-27 22:21:57.030000+00:00,124898.93855015765,426720.7730317545,4.085061605750645,0.0009444939641980454,-0.0011734003201127052,0.0027750753468804845,0,0.0010767121978058813,0.0010533888184061791,0.0027750753468804845,901_GSL_1
72500,68,2026-02-27 22:22:05.050000+00:00,123928.0880723661,426940.4289273666,7.1455316553540005,-0.02087799576111138,-0.018807638611178845,0.02671837431377444,0,0.020253261872407197,-0.019478792587257224,0.02671837431377444,905_GSL_1
72501,66,2026-02-27 22:22:08.190000+00:00,124898.9344117581,426720.78069246036,4.080292180170903,-0.0031939055770635605,0.006487305567134172,-0.0019943502328612084,0,-7.570456551685332e-05,-0.00723052108601639,-0.0019943502328612084,901_GSL_1
72502,69,2026-02-27 22:22:22.560000+00:00,124266.9201287623,427056.3143627299,7.1179683977444625,-0.02246843435568735,-0.0004756541457027197,0.02746702681703006,0,0.015603840768846427,-0.01617334048743926,0.02746702681703006,906_GSL_1
72503,71,2026-02-27 22:22:28.870000+00:00,124806.22091440904,426258.51420646,4.609413333331249,-0.006847526441561058,-0.0008996721007861197,0.01790967018198142,0,-0.006107029652162099,0.003225246825348972,0.01790967018198142,903_GSL_1
72504,149,2026-02-27 22:22:36.350000+00:00,124351.04038772505,426607.3959400297,8.010984038272985,-0.0009239670180249959,-0.0007924357778392732,-0.00124180569481247,0,0.0009279064813724505,0.0007878191887893663,-0.00124180569481247,14_P5_1
72505,147,2026-02-27 22:22:51.330000+00:00,124350.92628811924,426607.50937078305,11.371574255503695,-0.00021922634914517403,-0.000621957064140588,-0.0026453861687478764,0,0.000648785462615586,0.00011818716213100963,-0.0026453861687478764,13_P5_1
72506,156,2026-02-27 22:23:04.940000+00:00,124272.34613286654,426258.4827332034,9.07103775926649,-0.0002535914827603847,-0.0004508569254539907,0.0017143472527259007,0,0.0004966987673729196,0.00014446778827357338,0.0017143472527259007,00a_LHZ_0
72507,126,2026-02-27 22:23:06.590000+00:00,124339.65655448753,426609.58792289393,6.667457773578828,-0.0002661166072357446,-0.0005672671250067651,-0.0031994155566295035,0,0.0006121085436390502,0.00013391478844468723,-0.0031994155566295035,17_P5_1
72508,179,2026-02-27 22:23:17.920000+00:00,124272.34807196973,426258.50614176586,6.498526293484899,-0.00012505646736826748,-0.00034770782804116607,0.002643237376321217,0,0.0003670331678894653,4.273765764240273e-05,0.002643237376321217,00c_LHZ_0
72509,121,2026-02-27 22:23:24.240000+00:00,124329.25855752536,426611.32682324265,11.35092330815872,-0.0009852443472482264,-0.000893249933142215,-0.0033762139154021042,0,0.0011323195281421167,0.0006974627968796399,-0.0033762139154021042,15_P5_1
72510,162,2026-02-27 22:23:28.050000+00:00,124402.99802046933,426879.6457650507,6.552332450972529,0.002592341013951227,-0.001968537166249007,0.007659407681962271,0,0.0021861190002938433,-0.002411691154371055,0.007659407681962271,34a_P7_0
72511,67,2026-02-27 22:23:35.170000+00:00,123855.61322796933,426533.0746768938,6.025322275074594,-0.004766504818690009,-0.016425810870714486,-0.0190858732629815,0,0.01316657464404088,-0.010916416220077772,-0.0190858732629815,904_GSL_1
72512,102,2026-02-27 22:23:38.140000+00:00,124282.39365590985,426301.7930080031,6.898049787164355,0.00036696402821689844,-0.0005498615209944546,-0.005248196602380517,0,0.00045184552598422946,-0.00048254109765235827,-0.005248196602380517,02_P1_0
72513,123,2026-02-27 22:23:40.570000+00:00,124329.14996974992,426611.38876017864,8.07625556977162,0.00021313779870979488,-0.0015178410103544593,-0.0018600752824458056,0,0.0013979808204959401,-0.0006284255560352402,-0.0018600752824458056,16_P5_1
72514,104,2026-02-27 22:23:46.220000+00:00,124389.81657786647,426881.4444366402,10.73022378982405,-0.0005183438042877242,9.707204299047589e-05,0.004311921763843429,0,1.219899525207672e-05,0.0005272138707286209,0.004311921763843429,33_P7_0
72515,103,2026-02-27 22:23:54.460000+00:00,124282.31246828909,426301.7968669998,9.293634512836642,0.000749881932279095,-0.000577153405174613,-0.004316972954471865,0,0.0003907341996830215,-0.000861832785789302,-0.004316972954471865,01_P1_0
72516,118,2026-02-27 22:23:59.040000+00:00,124372.2561776848,426775.1154149067,6.165096518424665,-0.0038496771885547787,0.0027504079043865204,-0.00043555056569655193,0,0.00047752996700149453,0.004707092863669298,-0.00043555056569655193,22_P6_1
72517,105,2026-02-27 22:24:02.670000+00:00,124389.68789336758,426881.4722106122,7.066468307406547,-0.0007920697826193646,0.00025739806005731225,0.004172410683756844,0,-8.562700572175387e-05,0.0008284300318983384,0.004172410683756844,34_P7_0
72518,100,2026-02-27 22:24:10.220000+00:00,124292.48395317949,426345.92916121514,7.582607052068507,0.0002299061743542552,-0.0010737645789049566,-0.005892516900591005,0,0.0009921067793156406,-0.0004706924243633995,-0.005892516900591005,06_P2_0
72519,159,2026-02-27 22:24:11.890000+00:00,124421.80631776503,426965.61707696674,5.594054894751854,-0.0016328873753082007,-0.0010969419381581247,0.004828998202238921,0,-0.0009964209658323846,-0.0016960978907423552,0.004828998202238921,38a_P9_0
72520,74,2026-02-27 22:24:17.140000+00:00,124369.34608331884,426785.7268314743,7.2287872841609,-0.00022989045828580856,0.0003651775768958032,-0.0012665505961724222,0,0.00032779420621049975,0.00028063364704393115,-0.0012665505961724222,21_P6_1
72521,153,2026-02-27 22:24:18.590000+00:00,124370.2765950188,426819.49559490813,9.733080368319566,0.002756213929387741,-0.0035281890886835754,0.006999891206577402,0,0.0026796035445258077,-0.0035867197150351144,0.006999891206577402,29_KW_1
72522,101,2026-02-27 22:24:26.060000+00:00,124292.40538056585,426345.88238481915,10.21089836375928,6.16950128460303e-05,-0.0010087067494168878,-0.004720133841003005,0,0.0009672823899497776,-0.00029267791003473824,-0.004720133841003005,05_P2_0
72523,110,2026-02-27 22:24:28.610000+00:00,124434.14025523754,426963.9331896906,8.748516656890745,0.00016939506167545915,0.0011031171306967735,-0.0025437033670439035,0,0.00111422669608349,-6.372566744715334e-05,-0.0025437033670439035,35_P9_0
72524,65,2026-02-27 22:24:34.370000+00:00,124370.27629489267,426819.4956769749,9.733108405488268,-0.00217959847941529,-0.0027804489945992827,-0.0022708622621845365,0,0.00325554832534055,0.0013722067061525194,-0.0022708622621845365,30_KW_1
72525,73,2026-02-27 22:24:35.840000+00:00,124369.49007248491,426785.7030657907,11.405469304193897,0.0007329204818233848,0.006599136511795223,-0.0005853118691785397,0,0.0012649127257334646,0.00651811099401219,-0.0005853118691785397,20_P6_1
72526,98,2026-02-27 22:24:41.360000+00:00,124302.66055807426,426390.0769795429,7.9742919901457086,-0.0002875592908822,-0.0009324656566604972,-0.004758804985161902,0,0.0009739054137530101,6.075188627971999e-05,-0.004758804985161902,10_P3_0
72527,111,2026-02-27 22:24:44.880000+00:00,124434.26135294927,426963.9766701498,6.46537547381986,-0.0003378100518602878,-0.0013936295872554183,0.004082964205091244,0,-0.0014335053128863005,-3.716955122552827e-05,0.004082964205091244,36_P9_0
72528,163,2026-02-27 22:24:54.140000+00:00,124091.05277214115,427154.20109460776,9.868200497866791,-0.030542528271325864,-0.0018890940118581057,0.011430424871283762,0,0.023376370096392134,-0.019747405665223,0.011430424871283762,907_GSL_1
72529,99,2026-02-27 22:24:58.260000+00:00,124302.53773688625,426390.1338221991,11.082879273104055,-0.00034340491401962936,-0.000994092901237309,-0.004875929645312027,0,0.0010471677482219975,9.791495466429347e-05,-0.004875929645312027,09_P3_0
72530,176,2026-02-27 22:24:59.010000+00:00,124446.56319073711,427019.0008526634,7.868412864747678,-0.004055336830788292,-0.0020884786499664187,-0.050000058899507316,0,-0.002910402394488361,-0.0035124148081725763,-0.050000058899507316,41_LHN_0
72531,108,2026-02-27 22:25:11.650000+00:00,124422.71161067556,427023.8356749055,10.324106450055242,0.0008858355722622946,-0.003144589194562286,-0.004216034287415127,0,-0.0028514875377533755,0.0015944167227172274,-0.004216034287415127,39_LHN_0
72532,109,2026-02-27 22:25:12.220000+00:00,124446.56827809279,427018.9673464566,10.348229483561896,-0.0007767211791360751,0.00215598801150918,-0.037595757906071725,0,0.0019388491779256795,-0.0012216562368959447,-0.037595757906071725,40_LHN_0
72533,152,2026-02-27 22:25:17.830000+00:00,124370.2746144039,426819.49768890656,9.727669856448806,-0.0011572579678613693,-0.0014811313594691455,-0.0012510947790733695,0,-0.0011750156124945505,-0.0014670836440283837,-0.0012510947790733695,29_KW_1
72534,177,2026-02-27 22:25:25.190000+00:00,124422.72720330297,427023.89616194885,7.7891595926294315,0.0006974659190746024,-0.003257588658016175,-0.003973027103723048,0,-0.003005264759610271,0.001437611316646757,-0.003973027103723048,42_LHN_0
72535,167,2026-02-27 22:25:29.910000+00:00,124669.37597088121,426931.30751460424,13.819494265687872,-0.00026210673968307674,0.0010939870844595134,0.010122300871088896,0,-0.00020748777685405056,-0.0011056475507175343,0.010122300871088896,908_GSL_1
72536,117,2026-02-27 22:25:33.950000+00:00,124377.67936559932,426815.903664079,7.616501845345972,-0.0006515447603305802,-0.002041959553025663,-0.0009331948264872381,0,-0.002015103440781993,-0.0007303886046862798,-0.0009331948264872381,26_KW_0
72537,166,2026-02-27 22:25:36.810000+00:00,124091.05104290262,427154.20484442974,9.820471857807057,-0.021237933076918125,0.015816450177226216,-0.009381761255747634,0,0.02144894743386973,-0.015529087274126106,-0.009381761255747634,907_GSL_1
72538,122,2026-02-27 22:25:37.420000+00:00,124329.15728629322,426611.4184519679,8.081413952678448,0.007735390172456391,0.026413059036713094,-0.0022498857639501324,0,0.027511280722392017,0.000784462752950946,-0.0022498857639501324,16_P5_1
72539,107,2026-02-27 22:25:42.400000+00:00,124409.92117020428,426969.5247969364,6.2936851083809735,0.0003526969812810421,0.00038588332245126367,0.004604784950940299,0,0.0004586911967556322,0.0002508056721241998,0.004604784950940299,38_P9_0
72540,151,2026-02-27 22:25:47.360000+00:00,124403.0366943113,426812.83906895487,6.572062652427649,-0.0002910341427195817,0.001385029114317149,-0.036682650048080134,0,-0.0012994447930922014,0.0005607581915944108,-0.036682650048080134,27_KW_1
72541,116,2026-02-27 22:25:49.450000+00:00,124377.68646588227,426815.8978195864,10.004449168724529,-0.0008940092957345769,-0.00224197719944641,-0.0006105865525949383,0,-0.002205759890119175,-0.0009799682090960136,-0.0006105865525949383,25_KW_0
72542,120,2026-02-27 22:25:53.670000+00:00,124329.26986358578,426611.35647615604,11.354322573605033,0.009611750618205406,0.025301065936218947,-0.0037085930418392365,0,0.02691351476010017,0.0028622387589684216,-0.0037085930418392365,15_P5_1
72543,125,2026-02-27 22:25:53.840000+00:00,124339.66391877855,426609.5905846146,6.6681634810819395,0.0060532149218488485,-0.0006492318352684379,-0.005352457047174575,0,0.00023601917168737655,0.006083354980322584,-0.005352457047174575,17_P5_1
72544,106,2026-02-27 22:25:58.700000+00:00,124410.03252068024,426969.4499450319,8.928859383984504,0.000316862016916275,0.00038369098911061883,0.004972159645973306,0,0.0004486344026804474,0.00021528466183286945,0.004972159645973306,37_P9_0
72545,113,2026-02-27 22:26:02.450000+00:00,124414.07860818581,426875.9153998246,7.300268266975008,0.0013735716347582638,0.00016768643399700522,-0.0030816781502682744,0,-0.000488285161058935,-0.0012947568796684461,-0.0030816781502682744,32_P7_0
72546,115,2026-02-27 22:26:07.250000+00:00,124396.28969706847,426811.6314680569,7.646204536648982,-0.00039369134174194187,-0.0024462795699946582,-6.775612406428877e-05,0,-0.002300589343332226,0.0009200898219641483,-6.775612406428877e-05,24_KW_0
72547,146,2026-02-27 22:26:10.140000+00:00,124350.92408926348,426607.51100767887,11.373127836663295,-0.0021773114567622542,-0.0008577179396525025,-0.006193676560787509,0,-0.0012982302090991946,-0.001947039693465997,-0.006193676560787509,13_P5_1
72548,124,2026-02-27 22:26:11.990000+00:00,124339.67090624239,426609.6175338544,6.666312821697913,0.013140519164153375,0.027291950362268835,-0.008117374135280464,0,0.030032006543801754,0.003949984991500207,-0.008117374135280464,17_P5_1
72549,160,2026-02-27 22:26:16.830000+00:00,124421.81222573797,426965.6175502764,5.600606517598955,0.0010195773356826976,-0.0010877622407861054,0.008425287711616214,0,-0.0004490619103334406,0.0014216567928320527,0.008425287711616214,38a_P9_0
72550,112,2026-02-27 22:26:18.600000+00:00,124413.9520520896,426875.86791423155,10.666050445373182,0.00131746479019057,0.0006481661112047732,-0.003215161547482026,0,-0.0009446151982464557,-0.001124070686544227,-0.003215161547482026,31_P7_0
72551,114,2026-02-27 22:26:23.550000+00:00,124396.29854137347,426811.627001572,9.9901828522375,-0.0004792715481016785,-0.0025371838128194213,-0.0005012254126839366,0,-0.002422296161086335,0.0008941388174322164,-0.0005012254126839366,23_KW_0
72552,148,2026-02-27 22:26:25.460000+00:00,124351.03915401589,426607.3971919446,8.009792308044894,-0.001964398776181042,-0.0012639501364901662,-0.005664107167488552,0,-0.0016516503681329238,-0.0016518122050770368,-0.005664107167488552,14_P5_1
72553,170,2026-02-27 22:26:32.640000+00:00,124669.37620706983,426931.34617745766,13.788716359282319,-0.01183974664309062,0.04768048593541607,0.0025262286109306586,0,0.03007488993084419,-0.038847256470149756,0.0025262286109306586,908_GSL_1
72554,161,2026-02-27 22:26:36.450000+00:00,124402.98983811497,426879.64600677154,6.545992264460586,-0.0015656316245440394,-0.0015001154388301075,0.004367943636863991,0,0.0020677017089534818,0.0006528080547754491,0.004367943636863991,34a_P7_0
72555,150,2026-02-27 22:26:40.040000+00:00,124401.10442093064,426812.31786313356,9.180841573096272,-1.9322709469561232,-0.5171806187718175,2.567020010424711,0,-1.6107181134352113,-1.1860581621217516,2.567020010424711,27_KW_1
72556,168,2026-02-27 22:26:41.940000+00:00,124669.37271025512,426931.3078032561,13.792961315118019,-0.0040217162313638255,6.268371362239122e-05,-0.008378704817209481,0,-0.00230480766050088,-0.0032963604690120296,-0.008378704817209481,908_GSL_1
72557,92,2026-02-27 22:26:52.600000+00:00,124278.33694574513,426395.6614082747,11.095232824360327,0.02296994255448226,0.023117649543564767,-0.006556158866892758,0,-0.026222321068451803,-0.019350293516076804,-0.006556158866892758,11_P3_0
72558,119,2026-02-27 22:26:55.950000+00:00,124401.10455749885,426812.3177514028,9.181041359254715,0.0012035440449835733,-0.0024609530228190124,0.007737356989423461,0,-0.0012493448996851778,0.0024380207895684748,0.007737356989423461,28_KW_1
72559,93,2026-02-27 22:27:10.250000+00:00,124278.29065424862,426395.81440244155,7.9417490982820125,0.022530668938998133,0.023052339034620672,-0.0069764219975052555,0,-0.026119028753766663,-0.01889014861682517,-0.0069764219975052555,12_P3_0
72560,169,2026-02-27 22:27:12.970000+00:00,124669.37802164025,426931.3022192852,13.806229812352647,0.0012818110844818875,-0.00863119907444343,-0.018218498234782388,0,-0.0027899543290999477,0.008267816638055673,-0.018218498234782388,908_GSL_1
72561,94,2026-02-27 22:27:26.930000+00:00,124268.24914073906,426351.5790306734,10.208828168094183,0.024918239971157163,0.023057652928400785,-0.005665771196778024,0,-0.02721888511689861,-0.02029054791817705,-0.005665771196778024,07_P2_0
72562,62,2026-02-27 22:27:30.840000+00:00,124390.6109166588,426780.87965244,7.443600557036932,0.0002364457759540528,0.0004072320298291743,-0.001197316545396454,0,0.00016920081030702443,-0.0004394492199068625,-0.001197316545396454,19_P6_1
72563,95,2026-02-27 22:27:43.260000+00:00,124268.13486200862,426351.5719354188,7.1868748827534965,0.02531410638766829,0.022744408808648586,-0.006795975491623807,0,-0.02700731996774989,-0.02070547711164121,-0.006795975491623807,08_P2_0
72564,72,2026-02-27 22:27:47.040000+00:00,124390.52407917018,426780.88850516535,10.986539331394473,0.00011946732411161065,0.001574233639985323,-0.0005459901722844052,0,-0.00013133999700926718,-0.0015732875770110924,-0.0005459901722844052,18_P6_1
72565,96,2026-02-27 22:28:00.230000+00:00,124258.08988325045,426307.3749060176,9.299883356349397,0.02890505401592236,0.02249644068069756,-0.004662251826493602,0,-0.027724054886543902,-0.02393676610595998,-0.004662251826493602,03_P1_0
72566,97,2026-02-27 22:28:17.850000+00:00,124258.01760444701,426307.41387187917,6.832468761251969,0.02973423813818954,0.022019174532033503,-0.00459342934413165,0,-0.027432506247554556,-0.024827939215903497,-0.00459342934413165,04_P1_0
72567,155,2026-02-27 22:28:34.010000+00:00,124248.4219503549,426263.9581378917,9.066297037119304,0.030235624391934834,0.02185617625946179,0.0006086049120685999,0,-0.027489887284605642,-0.025222837273679237,0.0006086049120685999,00b_LHZ_0
72568,178,2026-02-27 22:28:50.770000+00:00,124248.42923512813,426264.0143601041,6.806782221865021,0.037218757381197065,0.07813736714888364,-2.2593614508202293,0,-0.08402559712191425,-0.020745676037806225,-2.2593614508202293,00d_LHZ_0
72569,139,2026-02-27 22:30:20.440000+00:00,123928.08750028833,426940.43408074166,7.130657666483185,0.0006303646368905902,0.002976729068905115,-0.005944164256070472,0,0.0003876854661547897,0.0030179422632713275,-0.005944164256070472,905_GSL_1
72570,138,2026-02-27 22:30:24.460000+00:00,123928.08836225257,426940.43336198333,7.110661473736395,0.0017433738976251334,0.0016408312949351966,-0.007274589861531844,0,0.00023020368204342207,0.0023829994020421017,-0.007274589861531844,905_GSL_1
72571,133,2026-02-27 22:30:33.330000+00:00,124806.21799733152,426258.50770571234,4.598829269296837,-0.003898762006429024,-0.0037781010032631457,0.010672165112270982,0,0.0011917009937006064,0.005296625446002902,0.010672165112270982,903_GSL_1
72572,143,2026-02-27 22:30:38.040000+00:00,124266.9225234856,427056.31531450537,7.1035279553213275,0.002956057505798526,0.00108762935269624,-0.0020137829014501563,0,-0.0001139221856118327,0.00314773495104967,-0.0020137829014501563,906_GSL_1
72573,125,2026-02-27 22:30:40.850000+00:00,124339.66310833996,426609.5905000959,6.667613056528129,0.005242776329396293,-0.0007337505230680108,-0.005902881600984955,0,3.479268703039029e-05,0.005293758866732583,-0.005902881600984955,17_P5_1
72574,153,2026-02-27 22:30:55.540000+00:00,124370.2766188499,426819.49553392315,9.732838201528818,0.002780045018880628,-0.003589174069929868,0.006757724415829003,0,0.0027321795258159146,-0.0036257434892684078,0.006757724415829003,29_KW_1
72575,152,2026-02-27 22:30:56.170000+00:00,124370.27477095879,426819.4975730667,9.727642177439108,-0.0010007030796259642,-0.0015969712403602898,-0.0012787737887709483,0,-0.0013237779352646823,-0.0013413932213251812,-0.0012787737887709483,29_KW_1
72576,146,2026-02-27 22:30:57.150000+00:00,124350.924253678,426607.510773907,11.374855120474876,-0.002012896948144771,-0.001091489801183343,-0.004466392749206349,0,-0.001492003236225803,-0.0017369601184337874,-0.004466392749206349,13_P5_1
72577,148,2026-02-27 22:31:12.430000+00:00,124351.03900683002,426607.3971593862,8.01211631447335,-0.002111584646627307,-0.0012965085334144533,-0.003340100739032792,0,-0.0017146702576219014,-0.0017887509621843697,-0.003340100739032792,14_P5_1
72578,150,2026-02-27 22:31:17.540000+00:00,124401.1041001301,426812.31803281547,9.181007106584724,-1.9325917474925518,-0.5170109368627891,2.5671855439131637,0,-1.6107859528423605,-1.1864146768469206,2.5671855439131637,27_KW_1
72579,136,2026-02-27 22:31:21.740000+00:00,123855.61845648743,426533.0716479023,6.031500908911756,0.002686375635676086,-0.002460623800288886,0.009208366475017549,0,-0.0007391469140750523,-0.003567204140768445,0.009208366475017549,904_GSL_1
72580,135,2026-02-27 22:31:22.190000+00:00,123855.61566301444,426533.0710904015,6.024990172331027,0.0020127362076891586,-0.005544519808609039,0.003791725212669128,0,0.0014474733100031082,-0.005718183974535061,0.003791725212669128,904_GSL_1
72581,129,2026-02-27 22:31:33.950000+00:00,124898.93843441126,426720.77201878733,4.085763539070751,-0.001237287520780228,-0.00048388278810307384,-0.005921206174862803,0,-0.0011713318981339765,0.0006269007466216191,-0.005921206174862803,901_GSL_1
72582,128,2026-02-27 22:31:34.100000+00:00,124898.93669848732,426720.7752251241,4.079976711818094,-0.0036029121838510036,0.005961089278571308,-0.0014152191855858476,0,-0.0006720562771614876,-0.006932813422555639,-0.0014152191855858476,901_GSL_1
72583,140,2026-02-27 22:31:42.090000+00:00,123928.088033418,426940.430429953,7.141530732570276,0.0005096855311421677,-0.004008723946753889,0.005957026367932272,0,-0.0006400845861971704,-0.003989979792485991,0.005957026367932272,905_GSL_1
72584,122,2026-02-27 22:31:48.640000+00:00,124329.1596156275,426611.4178424633,8.080315366969225,0.010064724454423413,0.025803554453887045,-0.0033484714731724097,0,0.02751239420956895,0.0031922195500089633,-0.0033484714731724097,16_P5_1
72585,149,2026-02-27 22:31:50.590000+00:00,124351.04089766886,426607.3959603288,8.011175327236174,-0.0004140232049394399,-0.0007721366710029542,-0.0010505167316239294,0,0.0008276485665093966,0.00028741625439559045,-0.0010505167316239294,14_P5_1
72586,131,2026-02-27 22:31:55.300000+00:00,124806.21877650898,426258.5087640323,4.606990559997702,0.0002320128260180354,0.0024799677776172757,-0.004513912774860351,0,-0.0006451255351837353,-0.002405801981317403,-0.004513912774860351,903_GSL_1
72587,3,2026-02-27 22:31:55.500000+00:00,124314.90163417131,426440.79168071813,7.059177907811013,-0.005605180616839789,-0.004396565433125943,-0.01925118768007117,11,-0.007026272451745533,0.0011744499942510141,-0.01925118768007117,TS2
72588,145,2026-02-27 22:31:59.890000+00:00,124266.91922743153,427056.3140011404,7.115996773082668,0.0009036786941578612,-0.0007454672013409436,0.008029836791021872,0,-0.0011664893085391638,0.00010797788483656895,0.008029836791021872,906_GSL_1
72589,6,2026-02-27 22:32:00.090000+00:00,124399.03779241489,426925.07479477965,8.573410688329748,-0.001378329485305585,-0.0006544352509081364,0.026103992508190288,11,-0.001497977655876415,0.00029007000911668735,0.026103992508190288,TS5
72590,120,2026-02-27 22:32:04.640000+00:00,124329.27011806033,426611.3563991606,11.354806822033382,0.009866225169389509,0.025224070472177118,-0.0032243446134909703,0,0.0269037581206729,0.003127927310980836,-0.0032243446134909703,15_P5_1
72591,147,2026-02-27 22:32:06.650000+00:00,124350.92694668737,426607.5093730137,11.371882296745845,0.0004393417766550556,-0.0006197264301590621,-0.002337344926598206,0,0.0005425127611433292,-0.0005317536543821364,-0.002337344926598206,13_P5_1
72592,132,2026-02-27 22:32:16.100000+00:00,124806.22712392507,426258.5134987025,4.589782382610952,0.012989637296414003,0.008356952050235122,0.007150208400631186,0,-0.000739412639318552,-0.015427980866306992,0.007150208400631186,903_GSL_1
72593,126,2026-02-27 22:32:23.740000+00:00,124339.65718245441,426609.58772496425,6.668098791871979,0.0003618502669269219,-0.0007651968044228852,-0.002558397263478618,0,0.0006660893319643441,-0.0005222899262070577,-0.002558397263478618,17_P5_1
72594,124,2026-02-27 22:32:25.390000+00:00,124339.67173130764,426609.6172099924,6.666357970124618,0.01396558441047091,0.026968088350258768,-0.008072225708575687,0,0.02998230598035043,0.004834942118991051,-0.008072225708575687,17_P5_1
72595,121,2026-02-27 22:32:39.240000+00:00,124329.25829423072,426611.3270293269,11.352147958410193,-0.0012485389888752252,-0.0006871657096780837,-0.0021515636639293234,0,0.001007724952637229,0.0010077384279321931,-0.0021515636639293234,15_P5_1
72596,123,2026-02-27 22:32:55.150000+00:00,124329.15008770188,426611.388778747,8.076698780345337,0.00033108975912909955,-0.0014992726501077414,-0.0014168647087284825,0,0.0013472200417434701,-0.0007365032702479857,-0.0014168647087284825,16_P5_1
72597,4,2026-02-27 22:32:55.350000+00:00,124378.9703112779,426782.7398623549,7.772820605201212,-0.0015461407019756734,-0.002279685577377677,-0.015904656821954077,11,-0.0026710965237914715,0.0006728749977512449,-0.015904656821954077,TS3
72598,141,2026-02-27 22:34:07.290000+00:00,124266.90463653034,427056.33770041476,7.0866208774273485,-0.013992221109219827,0.023182111734058708,0.0024861771642505914,0,0.023600862644289063,-0.013273727376478703,0.0024861771642505914,906_GSL_1
72599,154,2026-02-27 22:34:07.490000+00:00,124285.66417097965,426445.55974137917,7.9020196599315415,0.0013709031918551773,-0.0035017182817682624,-0.013179985035960406,11,0.0018216819193554942,-0.0032898148080100294,-0.013179985035960406,TS1-1
72600,68,2026-02-27 22:36:22.350000+00:00,123928.08780028304,426940.434636918,7.130985987971714,-0.02115007881366182,-0.013098087219987065,0.012172706931488086,0,0.015639297840022326,-0.01934678489355707,0.012172706931488086,905_GSL_1
72601,68,2026-02-27 22:36:25.550000+00:00,123928.08400071313,426940.43011108047,7.11679277519119,-0.024949648723122664,-0.017623924766667187,-0.002020505849036347,0,0.0013364447647328294,-0.030517234654850033,-0.002020505849036347,905_GSL_1
72602,67,2026-02-27 22:36:28.720000+00:00,123855.6164463773,426533.0768042341,6.052112902249763,-0.0015480968431802467,-0.014298470574431121,0.007704753912187279,0,-0.001334836544542493,-0.01431995377098303,0.007704753912187279,904_GSL_1
72603,71,2026-02-27 22:36:31.400000+00:00,124806.215261094,426258.50617787894,4.587804244302413,-0.012500841490691528,-0.008928253140766174,-0.0036994188468542077,0,0.0011022975777440485,0.015322195735960805,-0.0036994188468542077,903_GSL_1
72604,69,2026-02-27 22:36:38.930000+00:00,124266.9190431366,427056.31442893913,7.1033541094499775,-0.023554060055175796,-0.00040944491047412157,0.012852738522544982,0,0.008546943181707123,-0.021952474859710268,0.012852738522544982,906_GSL_1
72605,71,2026-02-27 22:36:48.290000+00:00,124806.22391980572,426258.51181727083,4.5812430684311005,-0.00384212976496201,-0.0032888612477108836,-0.010260594718166871,0,0.000926063616178346,0.004972019269501286,-0.010260594718166871,903_GSL_1
72606,69,2026-02-27 22:36:53.150000+00:00,124266.93409325184,427056.31565418304,7.080057107176473,-0.008503944816766307,0.000815798994153738,-0.010444263750959415,0,0.0014739251441925273,-0.008414876714176258,-0.010444263750959415,906_GSL_1
72607,67,2026-02-27 22:36:54.570000+00:00,123855.62190778546,426533.0662496416,6.046680703052754,0.003913311316864565,-0.024853063107002527,0.0022725547151782877,0,0.011365592764554124,-0.02244575800398965,0.0022725547151782877,904_GSL_1
72608,66,2026-02-27 22:36:56.830000+00:00,124898.93844928012,426720.7720986376,4.086518970756284,0.0008436164353042841,-0.0021065172040835023,0.004232440352519795,0,0.0010869640055624094,0.0019918867115443603,0.004232440352519795,901_GSL_1
72609,67,2026-02-27 22:37:07.870000+00:00,123855.61533412938,426533.0716106513,6.032564925939152,-0.002660344762261957,-0.019492053368594497,-0.011843222398423947,0,0.013145236219560538,-0.014636268086851393,-0.011843222398423947,904_GSL_1
72610,66,2026-02-27 22:37:14.950000+00:00,124898.93524482849,426720.77823076554,4.077472428265672,-0.002360835191211663,0.004025610745884478,-0.004814102138092302,0,-0.00038864556944409275,-0.00465059558538425,-0.004814102138092302,901_GSL_1
72611,68,2026-02-27 22:37:15.110000+00:00,123928.08862867467,426940.4384892258,7.14405652792244,-0.02032168718869798,-0.009245779423508793,0.02524324688221391,0,0.020009210868821476,-0.00990388245843552,0.02524324688221391,905_GSL_1
72612,69,2026-02-27 22:37:16.800000+00:00,124266.91595096249,427056.31154832366,7.08804555476553,-0.026646234167856164,-0.003290060383733362,-0.002455816161902824,0,-0.0024721079574929884,-0.026734527766604312,-0.002455816161902824,906_GSL_1
72613,69,2026-02-27 22:37:32.710000+00:00,124266.91896360242,427056.31440836604,7.120382443193397,-0.02363359423179645,-0.00043001800077036023,0.02988107226596437,0,0.01646257536390394,-0.01696217274354828,0.02988107226596437,906_GSL_1
72614,149,2026-02-27 22:37:35.820000+00:00,124351.04047816937,426607.3959761212,8.010887298558941,-0.0008335227030329406,-0.0007563442923128605,-0.001338545408856362,0,0.0008780378554053852,0.0007041777541648795,-0.001338545408856362,14_P5_1
72615,147,2026-02-27 22:37:51.020000+00:00,124350.92671049612,426607.5093661577,11.369708990705202,0.00020315052825026214,-0.0006265824194997549,-0.004510650967240792,0,0.0005866066802956599,-0.0002996135313817334,-0.004510650967240792,13_P5_1
72616,159,2026-02-27 22:38:05.280000+00:00,124421.80625864105,426965.6170317962,5.5941814509384145,-0.0016920113557716832,-0.0011421124800108373,0.004955554388799577,0,-0.0010379418866886237,-0.0017578395788336585,0.004955554388799577,38a_P9_0
72617,126,2026-02-27 22:38:07.030000+00:00,124339.65637480222,426609.58791687695,6.6667577754598195,-0.0004458019247977063,-0.0005732841091230512,-0.0038994136756382858,0,0.000657759864395964,0.0003078083603740374,-0.0038994136756382858,17_P5_1
72618,71,2026-02-27 22:38:11.190000+00:00,124806.21993092755,426258.51133394206,4.604511656406636,-0.00783100794069469,-0.003772190015297383,0.013007993257368788,0,-0.006029963616994884,0.006260482541821399,0.013007993257368788,903_GSL_1
72619,162,2026-02-27 22:38:11.870000+00:00,124402.99786682412,426879.64564931823,6.556254678412653,0.0024386958102695644,-0.002084269654005766,0.011581635122086098,0,0.0022880636523216176,-0.002248595554687481,0.011581635122086098,34a_P7_0
72620,110,2026-02-27 22:38:22.170000+00:00,124434.14054491572,426963.93307706213,8.748976862243797,0.0004590732423821464,0.000990488682873547,-0.002083498013991658,0,0.0010643056775305453,0.00024304217236536995,-0.002083498013991658,35_P9_0
72621,121,2026-02-27 22:38:22.940000+00:00,124329.25814190444,426611.32700430957,11.351328427439764,-0.0014008652651682496,-0.0007121830130927265,-0.0029710946343577405,0,0.0010741792165880912,0.001147068936874737,-0.0029710946343577405,15_P5_1
72622,104,2026-02-27 22:38:29.940000+00:00,124389.81661164491,426881.44422723673,10.733910845557034,-0.0004845653602387756,-0.00011233141412958503,0.007998977496827209,0,0.00021009709893361056,0.00045086710232990755,0.007998977496827209,33_P7_0
72623,123,2026-02-27 22:38:37.430000+00:00,124329.15002068471,426611.3886408887,8.076065126378062,0.0002640725870151073,-0.0016371309757232666,-0.0020505186760040317,0,0.0014983070203518202,-0.0007106393147370309,-0.0020505186760040317,16_P5_1
72624,111,2026-02-27 22:38:38.070000+00:00,124434.26170029817,426963.97654635314,6.4654171900485675,9.538853191770613e-06,-0.00151742622256279,0.004124680433799099,0,-0.0014814845384652443,0.0003284461796547701,0.004124680433799099,36_P9_0
72625,156,2026-02-27 22:38:45.860000+00:00,124272.34671577229,426258.48264807847,9.071000738245571,0.0003293142654001713,-0.0005359818460419774,0.0016773262318068305,0,0.0004470938351149468,-0.0004425285609820333,0.0016773262318068305,00a_LHZ_0
72626,105,2026-02-27 22:38:47.190000+00:00,124389.68794548581,426881.47215139016,7.070280302574043,-0.00073995154525619,0.00019817601423710585,0.007984405851252596,0,-3.864098458918076e-05,0.0007650548321891103,0.007984405851252596,34_P7_0
72627,176,2026-02-27 22:38:51.750000+00:00,124446.564492293,427019.0005688111,7.868660788765491,-0.0027537809510249645,-0.0023723309859633446,-0.049752134881694055,0,-0.0029082116810176363,-0.002180268022877542,-0.049752134881694055,41_LHN_0
72628,118,2026-02-27 22:38:56.760000+00:00,124372.25626296016,426775.1154311946,6.164982883175622,-0.003764401830267161,0.0027666958048939705,-0.0005491858147399498,0,0.00040897738905869486,0.004653822548376268,-0.0005491858147399498,22_P6_1
72629,179,2026-02-27 22:38:59.130000+00:00,124272.34808070083,426258.506190263,6.498790928471206,-0.00011632536188699305,-0.00029921066015958786,0.002907872362628794,0,0.00031782092217325265,4.526003093480558e-05,0.002907872362628794,00c_LHZ_0
72630,109,2026-02-27 22:39:05.200000+00:00,124446.56849585369,427018.96734544385,10.34850091405951,-0.0005589602806139737,0.0021549752564169466,-0.03732432740845759,0,0.0019846306030515907,-0.0010087597932632011,-0.03732432740845759,40_LHN_0
72631,153,2026-02-27 22:39:07.950000+00:00,124370.27602784144,426819.4955138587,9.736558500536894,0.0021890365605941042,-0.0036092385416850448,0.01047802342390547,0,0.0029068829503289804,-0.0030608030690472614,0.01047802342390547,29_KW_1
72632,74,2026-02-27 22:39:14.620000+00:00,124369.3461882882,426785.72683800384,7.228821291799886,-0.0001249211054528132,0.00037170713767409325,-0.0012325429571857782,0,0.00022947652986811515,0.00031798113312759337,-0.0012325429571857782,21_P6_1
72633,102,2026-02-27 22:39:19.170000+00:00,124282.39409990929,426301.79295491806,6.898575734951078,0.0008109634654829279,-0.0006029465585015714,-0.00472224881565797,0,0.00040242437971178374,-0.000926963275092684,-0.00472224881565797,02_P1_0
72634,167,2026-02-27 22:39:26.500000+00:00,124669.37428636286,426931.3117196544,13.820625524241521,-0.0019466250960249454,0.0052990372641943395,0.011253559424737603,0,-0.0016812282583176786,-0.005389120219036542,0.011253559424737603,908_GSL_1
72635,65,2026-02-27 22:39:28.250000+00:00,124370.27621141271,426819.4954655357,9.736711452020524,-0.002263078436953947,-0.0029918881482444704,0.0013321842700708686,0,0.003481499281015258,0.0013971690877277122,0.0013321842700708686,30_KW_1
72636,73,2026-02-27 22:39:32.440000+00:00,124369.48939246523,426785.7001295609,11.40579708164065,5.290079570841044e-05,0.0036629067035391927,-0.00025753442242582025,0,0.0010399662408120832,0.0035125708862584,-0.00025753442242582025,20_P6_1
72637,103,2026-02-27 22:39:36.090000+00:00,124282.31255301693,426301.79694954195,9.293614817704393,0.0008346097747562453,-0.0004946112749166787,-0.004336668086720508,0,0.00029103012130204844,-0.000925481095370558,-0.004336668086720508,01_P1_0
72638,151,2026-02-27 22:39:43.540000+00:00,124403.03665363077,426812.83913668914,6.571651719006217,-0.00033171467657666653,0.0014527633902616799,-0.037093583469511415,0,-0.0013577320391351714,0.0006141008098405518,-0.037093583469511415,27_KW_1
72639,163,2026-02-27 22:39:46.300000+00:00,124091.05589325003,427154.20497251843,9.872521718221918,-0.027421419392339885,0.001988816657103598,0.015751645226410815,0,0.02318717714760517,-0.014773098832396105,0.015751645226410815,907_GSL_1
72640,100,2026-02-27 22:39:51.880000+00:00,124292.48381674191,426345.92924487137,7.582613556946322,9.34685958782211e-05,-0.0009901083540171385,-0.005886012022775944,0,0.0009420715222202785,-0.00031867252490847236,-0.005886012022775944,06_P2_0
72641,113,2026-02-27 22:39:58.580000+00:00,124414.07874441722,426875.9154642006,7.3004284527787,0.0015098030416993424,0.00023206241894513369,-0.0029214923465765708,0,-0.0005830993966359134,-0.0014118616379284786,-0.0029214923465765708,32_P7_0
72642,108,2026-02-27 22:40:03.830000+00:00,124422.71213404796,427023.83540052496,10.328366526321199,0.001409207980032079,-0.003418969747144729,4.404197854235292e-05,0,-0.002996323384821302,0.002167318028451292,4.404197854235292e-05,39_LHN_0
72643,101,2026-02-27 22:40:12.770000+00:00,124292.40537139775,426345.8823632537,10.21173078532643,5.252691335044801e-05,-0.0010302722221240401,-0.0038877122738529835,0,0.0009903809620209053,-0.00028873080606869607,-0.0038877122738529835,05_P2_0
72644,112,2026-02-27 22:40:14.980000+00:00,124413.9521197842,426875.8677887835,10.665921735002842,0.0013851593830622733,0.0005227180663496256,-0.003343871917822483,0,-0.0008390122815554237,-0.001219819283653489,-0.003343871917822483,31_P7_0
72645,152,2026-02-27 22:40:15.020000+00:00,124370.27483370616,426819.4976843095,9.727764189798219,-0.0009379557013744488,-0.0014857284259051085,-0.001156761429660591,0,-0.0012299634396010265,-0.001254726978481023,-0.001156761429660591,29_KW_1
72646,177,2026-02-27 22:40:17.420000+00:00,124422.7278717431,427023.8960198904,7.793340426585608,0.0013659060496138409,-0.0033996471320278943,0.0002078068524538068,0,-0.002987600754292985,0.002120740835563168,0.0002078068524538068,42_LHN_0
72647,98,2026-02-27 22:40:27.710000+00:00,124302.66040590925,426390.07686543185,7.974484889211409,-0.00043972430285066366,-0.0010465767118148506,-0.004565905919461599,0,0.001120532972067455,0.00018189594481560795,-0.004565905919461599,10_P3_0
72648,161,2026-02-27 22:40:31.900000+00:00,124402.99068560454,426879.6456301154,6.5454507897311185,-0.0007181420514825732,-0.0018767715664580464,0.003826468907396574,0,0.0019910599807718586,-0.00027143999657706225,0.003826468907396574,34a_P7_0
72649,117,2026-02-27 22:40:32.190000+00:00,124377.67924780544,426815.90355913655,7.616440910566922,-0.0007693386432947591,-0.0021469019702635705,-0.0009941296055373527,0,-0.002115390001534125,-0.0008521708510607934,-0.0009941296055373527,26_KW_0
72650,107,2026-02-27 22:40:33.350000+00:00,124409.92214789403,426969.52432708564,6.297626624859874,0.0013303867308422923,-8.396746125072241e-05,0.00854630142984103,0,0.00023482775323164457,0.0013121872253845147,0.00854630142984103,38_P9_0
72651,122,2026-02-27 22:40:36.070000+00:00,124329.14987647953,426611.3887148926,8.07765927736061,0.0003255764750065282,-0.0033240162301808596,-0.00600456108178804,0,-0.003132726193737895,0.001158063268846711,-0.00600456108178804,16_P5_1
72652,99,2026-02-27 22:40:43.670000+00:00,124302.53773657484,426390.13390152785,11.083226877547109,-0.0003437163250055164,-0.0009147641249001026,-0.004528325202258543,0,0.0009701748189866169,0.00011702622306061772,-0.004528325202258543,09_P3_0
72653,106,2026-02-27 22:40:50.460000+00:00,124410.03330721632,426969.4496160061,8.932240705662654,0.0011033980990760028,5.4665200877934694e-05,0.00835348132412328,0,0.0003184183606891117,0.0010578683267815614,0.00835348132412328,37_P9_0
72654,120,2026-02-27 22:40:51.950000+00:00,124329.26254283109,426611.3267447006,11.351651363610681,0.002290995922521688,-0.0044303894974291325,-0.006379803036191234,0,-0.0037020014696843542,0.003342483886931431,-0.006379803036191234,15_P5_1
72655,116,2026-02-27 22:40:52.550000+00:00,124377.68635326177,426815.89776217943,10.004492179519387,-0.0010066297982120886,-0.0022993841557763517,-0.0005675757577368046,0,-0.0022587724972773014,-0.0010947227283780578,-0.0005675757577368046,25_KW_0
72656,166,2026-02-27 22:41:05.840000+00:00,124091.04861399184,427154.2043761582,9.82577276158671,-0.023666843859246,0.015348178625572473,-0.004080857476093769,0,0.021729277077662288,-0.017986789681946863,-0.004080857476093769,907_GSL_1
72657,160,2026-02-27 22:41:07.240000+00:00,124421.81281780702,426965.61718275916,5.604356410035954,0.0016116463812068105,-0.0014552794746123254,0.012175180148615183,0,-0.0004795483156513695,0.002117846977531868,0.012175180148615183,38a_P9_0
72658,115,2026-02-27 22:41:09.250000+00:00,124396.28950161226,426811.63164417224,7.646354799201538,-0.000589147544815205,-0.0022701642010360956,8.250642849194634e-05,0,-0.002250029437089011,0.0006618971683430488,8.250642849194634e-05,24_KW_0
72659,124,2026-02-27 22:41:10.140000+00:00,124339.66032052833,426609.58815692196,6.669520641745831,0.0025548051053192466,-0.002084982057567686,-0.004909554087362267,0,-0.001181651093814253,0.0030786165722661934,-0.004909554087362267,17_P5_1
72660,125,2026-02-27 22:41:23.170000+00:00,124339.66362298773,426609.5903746256,6.667857044228809,0.005757424107287079,-0.0008592208614572883,-0.005658893900305273,0,-1.4669316639205113e-05,0.0058211663479996135,-0.005658893900305273,17_P5_1
72661,114,2026-02-27 22:41:25.450000+00:00,124396.29848168744,426811.6269684711,9.990319132159726,-0.0005389575817389414,-0.002570284705143422,-0.0003649454904568472,0,-0.0024813844938275844,0.0008599824034246976,-0.0003649454904568472,23_KW_0
72662,170,2026-02-27 22:41:29.930000+00:00,124669.38046754325,426931.301463243,13.789272810496715,-0.007579273224109784,0.002966271305922419,0.0030826798253276166,0,-0.002370705979844825,-0.007786135191683624,0.0030826798253276166,908_GSL_1
72663,146,2026-02-27 22:41:39.090000+00:00,124350.92413449219,426607.5109707934,11.374174764186414,-0.002132082750904374,-0.0008946034358814359,-0.005146749037669096,0,-0.0013247310579275046,-0.001895040840815075,-0.005146749037669096,13_P5_1
72664,150,2026-02-27 22:41:44.040000+00:00,124401.10413795967,426812.31799784844,9.18114668893067,-1.9325539179262705,-0.517045903892722,2.56732512625911,0,-1.6107896347565371,-1.1863632938460802,2.56732512625911,27_KW_1
72665,92,2026-02-27 22:41:50.120000+00:00,124278.316185903,426395.63490172586,11.094457990072536,0.0022101004142314196,-0.003388899320270866,-0.007330993154683441,0,0.003030819496741409,-0.0026801708195729585,-0.007330993154683441,11_P3_0
72666,148,2026-02-27 22:41:54.270000+00:00,124351.03975128276,426607.3972143456,8.010060828612911,-0.0013671319029526785,-0.001241549151018262,-0.005395586599471258,0,-0.0015031458034194404,-0.0010728684113756467,-0.005395586599471258,14_P5_1
72667,119,2026-02-27 22:41:59.930000+00:00,124401.10424955422,426812.31797507056,9.181183632877257,0.000895599412615411,-0.002237285254523158,0.007879630611965283,0,-0.0012547547413301742,0.0020574581786984808,0.007879630611965283,28_KW_1
72668,93,2026-02-27 22:42:08.800000+00:00,124278.27008954702,426395.7878737398,7.940708352268613,0.001965967341675423,-0.0034763627336360514,-0.008017168010904463,0,0.0031496123947687376,-0.002455619515940323,-0.008017168010904463,12_P3_0
72669,168,2026-02-27 22:42:11.270000+00:00,124669.37215350353,426931.30803361785,13.79200713663666,-0.004578467822284438,0.00029304547933861613,-0.009332883298569072,0,-0.0024441993825055634,-0.0038825420321246004,-0.009332883298569072,908_GSL_1
72670,169,2026-02-27 22:42:16.540000+00:00,124669.37754301034,426931.3031221104,13.807036940721126,0.0008031811739783734,-0.007728373922873288,-0.017411369866303872,0,-0.002804865662284995,0.007246074254830382,-0.017411369866303872,908_GSL_1
72671,94,2026-02-27 22:42:24.860000+00:00,124268.22611428206,426351.5529819272,10.207292449896414,0.0018917829729616642,-0.002991093322634697,-0.007201489394546456,0,0.002595827182959783,-0.002405652368424129,-0.007201489394546456,07_P2_0
72672,62,2026-02-27 22:42:34.280000+00:00,124390.61096488498,426780.8796339362,7.443619418688018,0.00028467195807024837,0.0003887282218784094,-0.0011784548943110096,0,0.0002197431897771848,-0.0004287897908566006,-0.0011784548943110096,19_P6_1
72673,95,2026-02-27 22:42:41.030000+00:00,124268.11157359452,426351.54595773155,7.186649843875332,0.0020256922871340066,-0.003233278461266309,-0.00702101436978797,0,0.002806510450946412,-0.0025847665153687287,-0.00702101436978797,08_P2_0
72674,72,2026-02-27 22:42:51.340000+00:00,124390.52434102882,426780.89003240684,10.986666118468904,0.00038132596819195896,0.0031014751293696463,-0.0004192030978540373,0,-0.00011464370701441215,-0.0031227254590434285,-0.0004192030978540373,18_P6_1
72675,96,2026-02-27 22:42:58.250000+00:00,124258.06423522117,426307.34959330707,9.301114060764213,0.0032570247421972454,-0.0028162698727101088,-0.0034315474116777267,0,0.0021238221882932634,-0.0037455260618146635,-0.0034315474116777267,03_P1_0
72676,97,2026-02-27 22:43:14.360000+00:00,124257.9902393112,426307.38892494,6.8335266582343195,0.0023691023234277964,-0.0029277646099217236,-0.0035355323617807244,0,0.0024054287392284435,-0.0028979931004878092,-0.0035355323617807244,04_P1_0
72677,155,2026-02-27 22:43:35.930000+00:00,124248.39229936711,426263.9336483268,9.062369603422471,0.0005846366111654788,-0.0026333886780776083,-0.003318828784763639,0,0.002462100093375884,-0.0011020884842610657,-0.003318828784763639,00b_LHZ_0
72678,139,2026-02-27 22:45:21.150000+00:00,123928.08703398066,426940.43259483424,7.1303693124708385,0.0001640569680603221,0.0014908216544426978,-0.006232518268417309,0,0.0003373064589360894,0.0014613994138784935,-0.006232518268417309,905_GSL_1
72679,138,2026-02-27 22:45:25.690000+00:00,123928.09000542265,426940.4346966519,7.11651873885262,0.003386543976375833,0.0029754998395219445,-0.0014173247453070914,0,0.00027965861221970084,0.004499341113933673,-0.0014173247453070914,905_GSL_1
72680,143,2026-02-27 22:45:39.150000+00:00,124266.92043539012,427056.3149422012,7.102148799012753,0.0008679620223119855,0.0007153251790441573,-0.0033929392100242595,0,0.00033297975783989984,0.001074324282895695,-0.0033929392100242595,906_GSL_1
72681,125,2026-02-27 22:45:43.760000+00:00,124339.6629328841,426609.590322675,6.667170900232799,0.005067320467787795,-0.0009111714316532016,-0.00634503789631502,0,-0.00016621064735139075,0.005145905568685563,-0.00634503789631502,17_P5_1
72682,152,2026-02-27 22:45:57.540000+00:00,124370.27489287309,426819.4976010797,9.727657669822284,-0.0008787887782091275,-0.0015689582214690745,-0.0012632814055955066,0,-0.0013245765294147257,-0.001216304499352581,-0.0012632814055955066,29_KW_1
72683,146,2026-02-27 22:45:59.170000+00:00,124350.92369427725,426607.5111873758,11.373436269057352,-0.002572297686128877,-0.0006780209951102734,-0.00588524416673053,0,-0.0012060103621113472,-0.0023710687173412663,-0.00588524416673053,13_P5_1
72684,153,2026-02-27 22:46:05.370000+00:00,124370.27618067987,426819.4956258912,9.736394503332702,0.002341874991543591,-0.0034972060238942504,0.010314026219713668,0,0.0027586141764293394,-0.0031788168042815247,0.010314026219713668,29_KW_1
72685,148,2026-02-27 22:46:14.260000+00:00,124351.03780500876,426607.39748139866,8.010342190372146,-0.003313405904918909,-0.000974496069829911,-0.005114224840236048,0,-0.001654746573682577,-0.0030315202552104463,-0.005114224840236048,14_P5_1
72686,150,2026-02-27 22:46:15.230000+00:00,124401.10396402194,426812.31800693896,9.18106456650296,-1.9327278556593228,-0.5170368133694865,2.5672430038313987,0,-1.6108911689709036,-1.1865048133708997,2.5672430038313987,27_KW_1
72687,136,2026-02-27 22:46:27.780000+00:00,123855.61239760545,426533.0792844059,6.043266826603107,-0.003372506340383552,0.005175879807211459,0.020974284166368484,0,-0.00029289324878352646,0.0061707166795635345,0.020974284166368484,904_GSL_1
72688,129,2026-02-27 22:46:33.260000+00:00,124898.93816957704,426720.7714049287,4.087138868531037,-0.0015021217404864728,-0.0010977414203807712,-0.004545876714576735,0,-0.0013616624825025841,0.0012677859570947312,-0.004545876714576735,901_GSL_1
72689,122,2026-02-27 22:46:44.980000+00:00,124329.1505911079,426611.38878926204,8.07449972425535,0.0010402048501418903,-0.0032496468047611415,-0.009164114187047545,0,-0.002879523945563961,0.0018304568645222882,-0.009164114187047545,16_P5_1
72690,140,2026-02-27 22:46:47.850000+00:00,123928.08857832575,426940.4306889966,7.142757404189825,0.0010545932891545817,-0.0037496802979148924,0.00718369798748153,0,-0.0011762605164749359,-0.003713311263479418,0.00718369798748153,905_GSL_1
72691,149,2026-02-27 22:46:51.870000+00:00,124351.04097195769,426607.39594924805,8.011722169446918,-0.0003397343825781718,-0.0007832174305804074,-0.0005036745208801818,0,0.0008269061458147146,0.00021230925623863124,-0.0005036745208801818,14_P5_1
72692,135,2026-02-27 22:46:58.910000+00:00,123855.61591428581,426533.0704340109,6.015093574224747,0.002264007576741278,-0.006200910429470241,-0.006104872893610391,0,0.0016080816658838027,-0.006402428743664633,-0.006104872893610391,904_GSL_1
72693,120,2026-02-27 22:47:03.010000+00:00,124329.2618500607,426611.32698509103,11.351340173985163,0.001598225542693399,-0.004189999075606465,-0.006690992661710027,0,-0.003645716012850121,0.0026113544172610623,-0.006690992661710027,15_P5_1
72694,147,2026-02-27 22:47:07.270000+00:00,124350.92723135611,426607.50928447396,11.369790329167362,0.0007240105187520385,-0.0007082661613821983,-0.004429312505081384,0,0.0005849552828922755,-0.0008268370478147963,-0.004429312505081384,13_P5_1
72695,145,2026-02-27 22:47:07.480000+00:00,124266.91990378541,427056.3153681876,7.1151889167875675,0.0015800325782038271,0.0006215799949131906,0.007221980495921265,0,-0.000682923529307334,0.0015545031654455163,0.007221980495921265,906_GSL_1
72696,6,2026-02-27 22:47:07.680000+00:00,124399.03709963326,426925.07433428505,8.577615507239592,-0.0020711111137643456,-0.0011149298516102135,0.030308811418034765,11,-0.0023491372746498075,0.00011884394986971827,0.030308811418034765,TS5
72697,131,2026-02-27 22:47:14.060000+00:00,124806.21827958211,426258.5069493067,4.610276382626198,-0.00026491403696127236,0.0006652422016486526,-0.00122809014636438,0,-0.00047977303235105024,-0.000531549124034781,-0.00122809014636438,903_GSL_1
72698,3,2026-02-27 22:47:14.260000+00:00,124314.90180836798,426440.7908257738,7.060317440487383,-0.005430983947007917,-0.005251509777735919,-0.018111655003701266,11,-0.007282883005715839,0.002008371654691701,-0.018111655003701266,TS2
72699,124,2026-02-27 22:47:22.540000+00:00,124339.663406595,426609.58772784215,6.6705585466476505,0.005640871779178269,-0.002514061867259443,-0.003871649185542836,0,-0.0006243142421690163,0.006144116960846593,-0.003871649185542836,17_P5_1
72700,154,2026-02-27 22:47:22.740000+00:00,124285.67537324909,426445.5930552522,7.902696844968821,0.012573172629345208,0.029812154767569155,-0.012502799998681091,11,0.0231769771030112,0.022576026537442458,-0.012502799998681091,TS1-1
72701,126,2026-02-27 22:47:22.920000+00:00,124339.65730297945,426609.58780027187,6.668079225452455,0.00048237531154882163,-0.0006898891879245639,-0.002577963683003226,0,0.0005659656020461903,-0.0006231500381990924,-0.002577963683003226,17_P5_1
72702,121,2026-02-27 22:47:39.560000+00:00,124329.25883230873,426611.32686635293,11.351816409994093,-0.0007104609831003472,-0.0008501396514475346,-0.0024831120800286044,0,0.0010143806854594655,0.00044556038921568405,-0.0024831120800286044,15_P5_1
72703,123,2026-02-27 22:47:55.750000+00:00,124329.15096394326,426611.3884695682,8.075382395717915,0.00120733113726601,-0.0018084514304064214,-0.0027332493361509336,0,0.001399468784870583,-0.0016642211906245886,-0.0027332493361509336,16_P5_1
72704,4,2026-02-27 22:47:55.950000+00:00,124378.97032556849,426782.73921807576,7.773978956993712,-0.0015318501100409776,-0.0029239646974019706,-0.014746305029453843,11,-0.0030891465458072667,0.0011633176392596236,-0.014746305029453843,TS3
72705,68,2026-02-27 22:51:38.560000+00:00,123928.08753249599,426940.4344649645,7.128007996213055,-0.02141786586435046,-0.013270040741190314,0.009194715172829326,0,0.01583529233478259,-0.019597511988212565,0.009194715172829326,905_GSL_1
72706,69,2026-02-27 22:51:50.020000+00:00,124266.9422281084,427056.31663954986,7.0643290913353844,-0.0003690882585942745,0.0018011658103205264,-0.026172279592048042,0,0.001824394211614738,-0.00022805740401572508,-0.026172279592048042,906_GSL_1
72707,67,2026-02-27 22:52:06.650000+00:00,123855.6128501234,426533.0753690933,6.018791323211353,-0.00514435074001085,-0.015733611420728266,-0.025616825126222764,0,0.013090612979979493,-0.010131471989948621,-0.025616825126222764,904_GSL_1
72708,66,2026-02-27 22:52:30.220000+00:00,124898.93814213997,426720.7701411943,4.083203432116351,0.0005364762910176069,-0.004063960514031351,0.0009169017125865153,0,0.001013616297118953,0.003971921936877011,0.0009169017125865153,901_GSL_1
72709,71,2026-02-27 22:52:33.040000+00:00,124806.21735433288,426258.50449562125,4.607287595362296,-0.01040760260366369,-0.010610510827973485,0.01578393221302843,0,-0.006067123647920924,0.013568019112131605,0.01578393221302843,903_GSL_1
72710,68,2026-02-27 22:52:54.540000+00:00,123928.08019112497,426940.42735123617,7.118015054096701,-0.02875923688407056,-0.020383769064210355,-0.0007982269435249378,0,0.0014860815384882256,-0.035219075925953934,-0.0007982269435249378,905_GSL_1
72711,159,2026-02-27 22:53:24.310000+00:00,124421.80589020191,426965.61708725063,5.5938482853969855,-0.002060450497083366,-0.001086658041458577,0.004622388847370651,0,-0.0009603582090147513,-0.0021222615438196255,0.004622388847370651,38a_P9_0
72712,110,2026-02-27 22:53:42.320000+00:00,124434.13974410415,426963.9332473164,8.748909436964691,-0.0003417383268242702,0.00116074294783175,-0.0021509232930974065,0,0.001064291357908008,-0.0005756675954438644,-0.0021509232930974065,35_P9_0
72713,156,2026-02-27 22:53:52.080000+00:00,124272.34883942943,426258.48215118377,9.07089183240064,0.00245297139917966,-0.0010328765492886305,0.0015684203868762125,0,0.00044824814503409015,-0.002623542691045317,0.0015684203868762125,00a_LHZ_0
72714,149,2026-02-27 22:53:52.330000+00:00,124351.0403840197,426607.3960435221,8.01217729812586,-0.000927672372199595,-0.000688943371642381,-4.854584193836331e-05,0,0.0008262852128878298,0.0008077572323633565,-4.854584193836331e-05,14_P5_1
72715,111,2026-02-27 22:53:58.550000+00:00,124434.26127243949,426963.9765852109,6.465378556145149,-0.00041831983253359795,-0.0014785684761591256,0.004086046530380472,0,-0.001533476154614061,-9.801583653945605e-05,0.004086046530380472,36_P9_0
72716,179,2026-02-27 22:54:05.410000+00:00,124272.35046061104,426258.5055853475,6.498141951569811,0.002263584843603894,-0.0009041262092068791,0.002258895461233479,0,0.00036587256069997896,-0.0024098543142055096,0.002258895461233479,00c_LHZ_0
72717,147,2026-02-27 22:54:07.340000+00:00,124350.926137664,426607.5093424938,11.371490516645146,-0.0003696815838338807,-0.0006502463365904987,-0.0027291250272973855,0,0.0007004949425031974,0.000262281541864335,-0.0027291250272973855,13_P5_1
72718,176,2026-02-27 22:54:12.280000+00:00,124446.56346248611,427019.00089993415,7.8689306034641575,-0.003783587832003832,-0.0020412079175002873,-0.049482320183027895,0,-0.0028058934165073124,-0.003257150407972318,-0.049482320183027895,41_LHN_0
72719,126,2026-02-27 22:54:23.920000+00:00,124339.65707197422,426609.5875999163,6.667519424065018,0.00025137007469311357,-0.0008902447298169136,-0.003137765070439613,0,0.0008124948800151558,-0.0004422382427687238,-0.003137765070439613,17_P5_1
72720,109,2026-02-27 22:54:25.080000+00:00,124446.56885492032,427018.9672123677,10.34868372867054,-0.00019989364955108613,0.002021899097599089,-0.03714151279742772,0,0.0019317801952557123,-0.0006294908333094809,-0.03714151279742772,40_LHN_0
72721,102,2026-02-27 22:54:26.130000+00:00,124282.39590828987,426301.79248075315,6.898494597492828,0.0026193440426141024,-0.00107711146119982,-0.0048033862739078614,0,0.0004523105159374754,-0.002795808918828033,-0.0048033862739078614,02_P1_0
72722,121,2026-02-27 22:54:39.850000+00:00,124329.2583743991,426611.32704538637,11.351537172077613,-0.0011683706106850877,-0.000671106216032058,-0.002762349996508817,0,0.0009699719246614784,0.0009352154310521291,-0.002762349996508817,15_P5_1
72723,103,2026-02-27 22:54:42.910000+00:00,124282.3145338447,426301.7963828327,9.293641237543284,0.002815437546814792,-0.0010613205377012491,-0.004310248247829662,0,0.00039060018095566176,-0.002983374157292103,-0.004310248247829662,01_P1_0
72724,167,2026-02-27 22:54:45.490000+00:00,124669.37609941686,426931.3066251934,13.817837534843019,-0.00013357109855860472,0.00020457623759284616,0.00846557002623527,0,-0.0001232531127539716,-0.00021095342034262892,0.00846557002623527,908_GSL_1
72725,162,2026-02-27 22:54:45.930000+00:00,124402.99721825385,426879.645255766,6.560170124789846,0.0017901255341712385,-0.00247782189399004,0.015497081499279197,0,0.00262386526659644,-0.001568273518611164,0.015497081499279197,34a_P7_0
72726,123,2026-02-27 22:54:56.140000+00:00,124329.1506786064,426611.38870828337,8.075126628539557,0.0009219942730851471,-0.0015697362832725048,-0.002989016514508336,0,0.0012499083947134259,-0.0013235839389509427,-0.002989016514508336,16_P5_1
72727,100,2026-02-27 22:54:59.320000+00:00,124292.48509699566,426345.92889032385,7.58249915324237,0.001373722348944284,-0.0013446558732539415,-0.006000415726727937,0,0.0009926768416135218,-0.0016461485952335908,-0.006000415726727937,06_P2_0
72728,151,2026-02-27 22:55:02.470000+00:00,124403.03690764544,426812.83927925,6.572137985299843,-7.770000956952572e-05,0.0015953242545947433,-0.03660731717588561,0,-0.0015479776463133267,0.00039352506311495725,-0.03660731717588561,27_KW_1
72729,104,2026-02-27 22:55:04.200000+00:00,124389.81600032613,426881.4437908394,10.737916732109476,-0.0010958841448882595,-0.0005487287417054176,0.012004864049268704,0,0.0007634531440591959,0.0009587515777390988,0.012004864049268704,33_P7_0
72730,118,2026-02-27 22:55:14.850000+00:00,124372.25649289876,426775.11487894075,6.165042683965829,-0.003534463234245777,0.0022144419490359724,-0.0004893850245322184,0,0.000671761390113666,0.004116420791736179,-0.0004893850245322184,22_P6_1
72731,101,2026-02-27 22:55:16.180000+00:00,124292.40672803234,426345.88197217643,10.211185801279,0.0014091615012148395,-0.0014213494723662734,-0.004432696321282847,0,0.0010580229738994089,-0.0016989873000711317,-0.004432696321282847,05_P2_0
72732,113,2026-02-27 22:55:17.360000+00:00,124414.07874877802,426875.9155229468,7.300181572162107,0.0015141638432396576,0.0002908086171373725,-0.003168372963169297,0,-0.0006412066038961329,-0.001402182544141678,-0.003168372963169297,32_P7_0
72733,105,2026-02-27 22:55:20.580000+00:00,124389.68741565486,426881.4714581547,7.074286043765769,-0.00126978250045795,-0.0004950594739057124,0.011990147042978627,0,0.0007502526333328084,0.0011377840161253061,0.011990147042978627,34_P7_0
72734,98,2026-02-27 22:55:31.430000+00:00,124302.6611445202,426390.0767889213,7.974422636034165,0.00029888664721511304,-0.0011230872478336096,-0.004628159096705886,0,0.0010216106607902333,-0.0005540486006567524,-0.004628159096705886,10_P3_0
72735,74,2026-02-27 22:55:33.740000+00:00,124369.34634897158,426785.7276898945,7.22880163065615,3.576227754820138e-05,0.0012235977919772267,-0.001252204100921972,0,0.0003285002010153654,0.0011792192819657604,-0.001252204100921972,21_P6_1
72736,112,2026-02-27 22:55:34.060000+00:00,124413.95233468314,426875.8676822606,10.665875947590457,0.0016000583273125812,0.00041619513649493456,-0.00338965933020674,0,-0.0007870120763178917,-0.0014539659673369846,-0.00338965933020674,31_P7_0
72737,65,2026-02-27 22:55:36.600000+00:00,124370.27561630234,426819.4951259896,9.740197305149001,-0.002858188803656958,-0.0033314342726953328,0.004818037398548469,0,0.0039655092493325415,0.001882135474427157,0.004818037398548469,30_KW_1
72738,99,2026-02-27 22:55:49.420000+00:00,124302.53844488502,426390.1336560328,11.082962585447316,0.00036459385592024773,-0.001160259183961898,-0.004792617302051383,0,0.001040730424854593,-0.0006292934423023191,-0.004792617302051383,09_P3_0
72739,161,2026-02-27 22:55:50.540000+00:00,124402.99056486001,426879.64552632027,6.54542735407259,-0.0008388865826418623,-0.0019805667106993496,0.003803033248868104,0,0.0021400902684907304,-0.0002153806787487145,0.003803033248868104,34a_P7_0
72740,73,2026-02-27 22:55:52.150000+00:00,124369.4899674888,426785.70201640023,11.405468820211134,0.0006279243680182844,0.005549746041651815,-0.0005857958519417394,0,0.0010527384939299435,0.005485044375588885,-0.0005857958519417394,20_P6_1
72741,153,2026-02-27 22:55:52.280000+00:00,124370.2753518632,426819.49529947905,9.73999763667083,0.0015130583196878433,-0.003823618171736598,0.013917159557841785,0,0.003291428133610858,-0.0024649345312372636,0.013917159557841785,29_KW_1
72742,163,2026-02-27 22:56:13.310000+00:00,124091.0570663478,427154.2077786414,9.87588754379846,-0.026248321621096693,0.0047949395957402885,0.019117470802951786,0,0.02392104925409889,-0.01182155811364581,0.019117470802951786,907_GSL_1
72743,108,2026-02-27 22:56:31.010000+00:00,124422.71096019719,427023.8349177265,10.331634077622358,0.0002353572053834796,-0.0039017681847326458,0.003311593279700986,0,-0.003739429333093795,0.0011383568176610993,0.003311593279700986,39_LHN_0
72744,125,2026-02-27 22:56:31.920000+00:00,124339.66208321677,426609.59099962836,6.665623533256907,0.0042176531424047425,-0.00023421808145940304,-0.007892404872206882,0,0.0003802827137987493,0.004206999072605672,-0.007892404872206882,17_P5_1
72745,152,2026-02-27 22:56:35.540000+00:00,124370.27411129809,426819.49783227773,9.727573344619481,-0.0016603637777734548,-0.0013377601862885058,-0.0013476066083981664,0,-0.0009196996464172849,-0.0019236846807470078,-0.0013476066083981664,29_KW_1
72746,177,2026-02-27 22:56:44.950000+00:00,124422.72758663558,427023.89535139385,7.79660402783487,0.001080798523616977,-0.004068143665790558,0.003471408101715312,0,-0.0037041296436374164,0.0019993353688891272,0.003471408101715312,42_LHN_0
72747,146,2026-02-27 22:56:47.860000+00:00,124350.92244457017,426607.51140527613,11.373472705684632,-0.0038220047717913985,-0.00046012067468836904,-0.005848807539450718,0,-0.0012569710316389694,-0.0036386062354275663,-0.005848807539450718,13_P5_1
72748,117,2026-02-27 22:56:52.930000+00:00,124377.67933966627,426815.90351247165,7.616397712967689,-0.0006774778157705441,-0.0021935668773949146,-0.001037327204770122,0,-0.0021655887222357057,-0.0007621924445904899,-0.001037327204770122,26_KW_0
72749,107,2026-02-27 22:57:03+00:00,124409.92130966434,426969.5239327248,6.30142087515917,0.0004921570362057537,-0.0004783283220604062,0.012340551729137061,0,-0.0003475555568832234,0.0005917952913394528,0.012340551729137061,38_P9_0
72750,148,2026-02-27 22:57:04.120000+00:00,124351.03737455863,426607.3977351117,8.009143872742934,-0.003743856039363891,-0.0007207830203697085,-0.006312542469448346,0,-0.0014980495297650975,-0.0035059711653556607,-0.006312542469448346,14_P5_1
72751,116,2026-02-27 22:57:08.540000+00:00,124377.68651321466,426815.8978633694,10.004570857823978,-0.0008466769068036228,-0.0021981942118145525,-0.0004888974531453982,0,-0.002163838446974391,-0.0009309794588308642,-0.0004888974531453982,25_KW_0
72752,170,2026-02-27 22:57:15.940000+00:00,124669.38199683471,426931.34268223355,13.794452488786007,-0.006049981762771495,0.044185261824168265,0.008262358114619062,0,0.030920779105362135,-0.03213790692185117,0.008262358114619062,908_GSL_1
72753,106,2026-02-27 22:57:19.390000+00:00,124410.03353801867,426969.44888576964,8.935127977956466,0.001334200453129597,-0.0006755712674930692,0.011240753617935084,0,-0.00033486279564506807,0.0014575164817888626,0.011240753617935084,37_P9_0
72754,168,2026-02-27 22:57:23.240000+00:00,124669.36690565236,426931.31202547805,13.790953548810862,-0.009826318986597471,0.004284905677195638,-0.010386471124366636,0,-0.002282542356441548,-0.010474109121060352,-0.010386471124366636,908_GSL_1
72755,115,2026-02-27 22:57:26.030000+00:00,124396.28964537405,426811.63143937,7.645883754754368,-0.00044538575457409024,-0.0024749664589762688,-0.00038853801867855253,0,-0.002351772834555967,0.0008905009702856333,-0.00038853801867855253,24_KW_0
72756,160,2026-02-27 22:57:35.450000+00:00,124421.81197498713,426965.616665329,5.608202280051308,0.0007688264886382967,-0.001972709607798606,0.016021050163969264,0,-0.0013434232861189144,0.0016364263627326103,0.016021050163969264,38a_P9_0
72757,92,2026-02-27 22:57:35.670000+00:00,124278.32781197813,426395.66828079504,11.095546300740164,0.01383617555256933,0.02999016985995695,-0.0062426824870556175,0,-0.031686888163939754,-0.009316177361802545,-0.0062426824870556175,11_P3_0
72758,114,2026-02-27 22:57:42.130000+00:00,124396.2988600732,426811.62696724763,9.98966231762489,-0.0001605718134669587,-0.002571508171968162,-0.0010217600252921955,0,-0.0022877905682628934,0.001185095735181953,-0.0010217600252921955,23_KW_0
72759,93,2026-02-27 22:57:53.270000+00:00,124278.28187116767,426395.8212029131,7.941728276394541,0.013747587989200838,0.029852810606826097,-0.006997243884976356,0,-0.0315504843411326,-0.009206161767413963,-0.006997243884976356,12_P3_0
72760,150,2026-02-27 22:57:59.250000+00:00,124401.10434456058,426812.3177790349,9.181182468423705,-1.9323473170225043,-0.517264717433136,2.5673609057521443,0,-1.610831490186987,-1.1860652813935764,2.5673609057521443,27_KW_1
72761,94,2026-02-27 22:58:08.670000+00:00,124268.23817258279,426351.58614045044,10.20810983655593,0.013950083695817739,0.030167429940775037,-0.006384102735029984,0,-0.03220636684882617,-0.00821149187119615,-0.006384102735029984,07_P2_0
72762,119,2026-02-27 22:58:15.240000+00:00,124401.10456779835,426812.3176828609,9.181006499008234,0.0012138435413362458,-0.0025294949300587177,0.007702496742941989,0,-0.001298053531683463,0.0024873314561836275,0.007702496742941989,28_KW_1
72763,95,2026-02-27 22:58:25.170000+00:00,124268.12442095226,426351.5790138552,7.1875225650164225,0.014873050022288226,0.029822845186572522,-0.00614829322869781,0,-0.03204665345018556,-0.009144490944359344,-0.00614829322869781,08_P2_0
72764,169,2026-02-27 22:58:31.640000+00:00,124669.37819642128,426931.30186576024,13.806521802810664,0.001456592115573585,-0.008984724059700966,-0.017926507776765632,0,-0.0027953675143919552,0.00866215028036357,-0.017926507776765632,908_GSL_1
72765,96,2026-02-27 22:58:41.490000+00:00,124258.07673057838,426307.3826012627,9.30211618063209,0.015752381950733252,0.03019168577156961,-0.0024294275438005997,0,-0.03269244386720829,-0.009533076147834992,-0.0024294275438005997,03_P1_0
72766,62,2026-02-27 22:58:49.140000+00:00,124390.61127994864,426780.8797254113,7.443495515274205,0.0005997356201987714,0.0004802033072337508,-0.0013023583081235302,0,0.0005164178776749682,-0.0005688502492142537,-0.0013023583081235302,19_P6_1
72767,97,2026-02-27 22:58:58.870000+00:00,124258.00580514841,426307.4214076964,6.835266438093976,0.0179349395330064,0.02955499175004661,-0.0017957525021241594,0,-0.03250225984869798,-0.011779757982472926,-0.0017957525021241594,04_P1_0
72768,72,2026-02-27 22:59:05.650000+00:00,124390.52405280294,426780.89029308845,10.986719552491422,9.310008317697793e-05,0.003362156741786748,-0.00036576907533536485,0,-0.0004405146989955705,-0.003334473328997922,-0.00036576907533536485,18_P6_1
72769,155,2026-02-27 22:59:36.150000+00:00,124248.3994018921,426263.967734183,9.060172692559416,0.007687161589274183,0.031452467548660934,-0.005515739647819373,0,-0.03235574458705279,-0.0012066318479908612,-0.005515739647819373,00b_LHZ_0
72770,139,2026-02-27 23:00:21.940000+00:00,123928.0880229552,426940.43555266946,7.1305859148735,0.0011530315096024424,0.004448656865861267,-0.006015915865756227,0,0.0003802499328812667,0.004579895147364672,-0.006015915865756227,905_GSL_1
72771,138,2026-02-27 23:00:42.930000+00:00,123928.07637710664,426940.42447752785,7.120213168874049,-0.01024177203362342,-0.007243624189868569,0.0022771052761214605,0,0.0005420000813047275,-0.01253276592395412,0.0022771052761214605,905_GSL_1
72772,143,2026-02-27 23:00:44.750000+00:00,124266.92427479396,427056.3164515014,7.100408264497556,0.004707365864305757,0.0022246253793127835,-0.005133473725221549,0,0.0002744619376194708,0.005199319388488439,-0.005133473725221549,906_GSL_1
72773,153,2026-02-27 23:00:46.180000+00:00,124370.27575564795,426819.4950375852,9.740164691011369,0.0019168430735589936,-0.004085512016899884,0.014084213898380327,0,0.0034379722179452518,-0.0029233615646240296,0.014084213898380327,29_KW_1
72774,132,2026-02-27 23:00:56.410000+00:00,124806.22844345478,426258.5142589526,4.583088388615467,0.014309167003375478,0.009117202134802938,0.00045621440514587164,0,-0.0007377375281199814,-0.016950851849890855,0.00045621440514587164,903_GSL_1
72775,152,2026-02-27 23:01:01.840000+00:00,124370.275286887,426819.4983539349,9.727818754399403,-0.0004847748641623184,-0.0008161030127666891,-0.0011021968284765649,0,-0.0006826184877281623,-0.0006595929021617634,-0.0011021968284765649,29_KW_1
72776,125,2026-02-27 23:01:04.010000+00:00,124339.66631540922,426609.5904030119,6.6719930170598944,0.008449845598079264,-0.0008308345568366349,-0.001522921069219585,0,0.00040411259825089976,0.00848097103521456,-0.001522921069219585,17_P5_1
72777,135,2026-02-27 23:01:16.840000+00:00,123855.61733829274,426533.068761976,6.020360862348046,0.0036880145053146407,-0.007872945279814303,-0.0008375847703119277,0,0.0013684888963322954,-0.00858556675537362,-0.0008375847703119277,904_GSL_1
72778,150,2026-02-27 23:01:19.320000+00:00,124401.10393942411,426812.3180236786,9.181084684481402,-1.932752453489229,-0.5170200737193227,2.567263121809841,0,-1.610893458334861,-1.186534478635711,2.567263121809841,27_KW_1
72779,146,2026-02-27 23:01:20.340000+00:00,124350.92161983704,426607.5115622406,11.372692966957617,-0.004646737899747677,-0.00030315620824694633,-0.006628546266465918,0,-0.001277735933464704,-0.004477886519317255,-0.006628546266465918,13_P5_1
72780,148,2026-02-27 23:01:36.440000+00:00,124351.0363231591,426607.3978619031,8.010657936048505,-0.004795255561475642,-0.000593991600908339,-0.004798479163877545,0,-0.001597022585665617,-0.004560353142322054,-0.004798479163877545,14_P5_1
72781,129,2026-02-27 23:01:36.860000+00:00,124898.93826730669,426720.7700612564,4.08203568852859,-0.001404392096446827,-0.002441413700580597,-0.00964905671702354,0,-0.00110561217977084,0.002590451645155209,-0.00964905671702354,901_GSL_1
72782,140,2026-02-27 23:01:37.160000+00:00,123928.08805213004,426940.43879319617,7.153538906342028,0.0005283975769998506,0.004354519245680422,0.01796520013968461,0,-0.00038616881643962684,0.004369429654496124,0.01796520013968461,905_GSL_1
72783,149,2026-02-27 23:01:53.270000+00:00,124351.0409700326,426607.3959449811,8.011047156222283,-0.00034165946999564767,-0.00078748440137133,-0.0011786877455151057,0,0.0008314228062517694,0.00021353920737256126,-0.0011786877455151057,14_P5_1
72784,147,2026-02-27 23:02:09.020000+00:00,124350.92689667782,426607.5092770037,11.37192734773438,0.0003893322282237932,-0.0007157364161685109,-0.0022922939380638496,0,0.0006452191442759592,-0.000497544427386386,-0.0022922939380638496,13_P5_1
72785,131,2026-02-27 23:02:23.800000+00:00,124806.2194690019,426258.5095662709,4.615760455672827,0.0009245057444786653,0.003282206424046308,0.004255982900264854,0,-0.0002749342434252896,-0.0033988234792964853,0.004255982900264854,903_GSL_1
72786,3,2026-02-27 23:02:24+00:00,124314.90153085793,426440.79072552285,7.059439445489888,-0.005708494005375542,-0.005351760715711862,-0.018989650001196345,11,-0.007574505419091603,0.00196344447942823,-0.018989650001196345,TS2
72787,126,2026-02-27 23:02:25.920000+00:00,124339.65697205212,426609.5877135114,6.668767683816464,0.0001514479808975011,-0.0007766496273688972,-0.0018895053189940114,0,0.0007238425475492327,-0.00031964527365129864,-0.0018895053189940114,17_P5_1
72788,121,2026-02-27 23:02:42.920000+00:00,124329.25866659274,426611.3270289945,11.35249652237609,-0.0008761769713601097,-0.0006874980754218996,-0.001802999698032437,0,0.0009043314072520814,0.0006500187648891841,-0.001802999698032437,15_P5_1
72789,123,2026-02-27 23:02:57.860000+00:00,124329.15110802444,426611.38821600686,8.07559505410142,0.001351412312942557,-0.0020620127907022834,-0.0025205909526455628,0,0.0016027219315720722,-0.0018733644596421852,-0.0025205909526455628,16_P5_1
72790,4,2026-02-27 23:02:58.060000+00:00,124378.97015059476,426782.7390995917,7.773437883425495,-0.0017068238375941291,-0.003042448777705431,-0.015287378597671264,11,-0.003298600641945649,0.0011353307810927056,-0.015287378597671264,TS3
72791,145,2026-02-27 23:03:15.500000+00:00,124266.92248828535,427056.31696793844,7.116813618524857,0.004164532510912977,0.0022213308257050812,0.008846682233210501,0,-0.0013891035530086645,0.004510879403253591,0.008846682233210501,906_GSL_1
72792,6,2026-02-27 23:03:15.700000+00:00,124399.03546872105,426925.07414362376,8.571808657502396,-0.0037020233285147697,-0.001305591140408069,0.024501961680838846,11,-0.0038785693990816615,-0.0006051812681229753,0.024501961680838846,TS5
72793,68,2026-02-27 23:06:23.450000+00:00,123928.08829908271,426940.43678252504,7.127145656745159,-0.020651279148296453,-0.010952480195555836,0.00833237570493317,0,0.01587689883228095,-0.017156813117954705,0.00833237570493317,905_GSL_1
72794,68,2026-02-27 23:06:25.970000+00:00,123928.08135048125,426940.42858095997,7.119854866135362,-0.027599880602792837,-0.01915404526516795,0.0010415850951357442,0,0.0017488033950679308,-0.033549553588593725,0.0010415850951357442,905_GSL_1
72795,71,2026-02-27 23:06:45.060000+00:00,124806.22515308452,426258.51231666456,4.58053755892945,-0.002608850962133147,-0.0027894675149582326,-0.010966104219817474,0,0.0011105092525275008,0.003654312734247182,-0.010966104219817474,903_GSL_1
72796,68,2026-02-27 23:07:08.290000+00:00,123928.08592392888,426940.4226636908,7.140331174942952,-0.023026432972983457,-0.02507131441961974,0.021517893902726293,0,0.022196145199534223,-0.025809272761314412,0.021517893902726293,905_GSL_1
72797,66,2026-02-27 23:07:14.250000+00:00,124898.93826501559,426720.7717756716,4.081303749373619,0.0006593519065063447,-0.002429483225569129,-0.0009827810301450413,0,0.0009422124107531434,0.0023343884537407396,-0.0009827810301450413,901_GSL_1
72798,67,2026-02-27 23:07:15.370000+00:00,123855.6157284083,426533.0712176109,6.021219878026256,-0.002266065843286924,-0.01988509378861636,-0.023188270311320203,0,0.01303963722987537,-0.015182880830113524,-0.023188270311320203,904_GSL_1
72799,71,2026-02-27 23:07:27.960000+00:00,124806.22082174147,426258.5135310017,4.613439684860861,-0.006940194012713619,-0.0015751303872093558,0.02193602171159359,0,-0.005958968660935385,0.0038907610012446406,0.02193602171159359,903_GSL_1
72800,69,2026-02-27 23:07:32.280000+00:00,124266.91554462198,427056.31132208067,7.114151950253644,-0.027052574674598873,-0.00351630337536335,0.02365057932621184,0,0.01671251956984007,-0.021561490569532816,0.02365057932621184,906_GSL_1
72801,69,2026-02-27 23:07:50.720000+00:00,124266.93051360417,427056.3156388652,7.06876445406282,-0.01208359248994384,0.0008004811825230718,-0.021736916864612432,0,0.0017367226772916004,-0.011984897660338271,-0.021736916864612432,906_GSL_1
72802,159,2026-02-27 23:08:14.010000+00:00,124421.80597519586,426965.6170985505,5.593949339367954,-0.0019754565437324345,-0.0010753581882454455,0.004723442818338697,0,-0.000954207167520476,-0.0020367406488442197,0.004723442818338697,38a_P9_0
72803,67,2026-02-27 23:08:19.540000+00:00,123855.61706570421,426533.0693857199,6.035328958573934,-0.0009287699358537793,-0.021716984803788364,-0.00907918976364197,0,0.013458007028830021,-0.01706962475784639,-0.00907918976364197,904_GSL_1
72804,149,2026-02-27 23:08:23.240000+00:00,124351.04041528933,426607.39588178194,8.011289097534126,-0.0008964027365436777,-0.00085068354383111,-0.0009367464336715869,0,0.0009810934440471633,0.0007514359665837972,-0.0009367464336715869,14_P5_1
72805,110,2026-02-27 23:08:30.760000+00:00,124434.13994739525,426963.93320335454,8.74878282820876,-0.00013844722707290202,0.0011167810880579054,-0.0022775320490282525,0,0.0010635694771509055,-0.00036767866487046036,-0.0022775320490282525,35_P9_0
72806,147,2026-02-27 23:08:38.230000+00:00,124350.92638199194,426607.5092782206,11.370442905792789,-0.00012535364658106118,-0.000714519526809454,-0.003776735879654325,0,0.0007253506763852314,1.0866792105445047e-05,-0.003776735879654325,13_P5_1
72807,156,2026-02-27 23:08:47.190000+00:00,124272.34833697809,426258.4822121057,9.071410735933865,0.00195052006165497,-0.0009719546069391072,0.002087323920100914,0,0.0005031342194500198,-0.0021203962427072637,0.002087323920100914,00a_LHZ_0
72808,111,2026-02-27 23:08:47.800000+00:00,124434.26131547338,426963.9765718283,6.465311950887145,-0.0003752859338419512,-0.0014919510576874018,0.004019441272376412,0,-0.0015375092521845751,-5.312993620370981e-05,0.004019441272376412,36_P9_0
72809,126,2026-02-27 23:08:53.130000+00:00,124339.65725638883,426609.5875994908,6.668483446972996,0.00043578469194471836,-0.000890670227818191,-0.0021737421624621334,0,0.0007720790456676724,-0.0006221701533310301,-0.0021737421624621334,17_P5_1
72810,162,2026-02-27 23:08:59.410000+00:00,124402.99572752121,426879.64498172735,6.554269226139858,0.0002993928937939927,-0.002751860534772277,0.009596182849290535,0,0.0027674642533569863,-5.927996358603402e-05,0.009596182849290535,34a_P7_0
72811,179,2026-02-27 23:09:00.510000+00:00,124272.35040669968,426258.50569210766,6.497414472908054,0.0022096734901424497,-0.0007973660249263048,0.0015314167994766592,0,0.00027416329080027694,-0.0023330846535697444,0.0015314167994766592,00c_LHZ_0
72812,176,2026-02-27 23:09:01.750000+00:00,124446.56416101399,427019.00074022816,7.868415880548865,-0.003085059957811609,-0.0022009139065630734,-0.04999704309832076,0,-0.0028119121187593073,-0.0025406233888102814,-0.04999704309832076,41_LHN_0
72813,121,2026-02-27 23:09:10.330000+00:00,124329.25821318154,426611.3269402428,11.351924076222456,-0.0013295881653903052,-0.0007762497989460826,-0.002375445851665603,0,0.0011158582085772418,0.0010607680699665594,-0.002375445851665603,15_P5_1
72814,109,2026-02-27 23:09:15.080000+00:00,124446.56980237267,427018.9670548455,10.3486061768417,0.0007475587044609711,0.0018643768853507936,-0.03721906462626734,0,0.0019814273469908775,0.0003296829626207321,-0.03721906462626734,40_LHN_0
72815,104,2026-02-27 23:09:18.300000+00:00,124389.81454584324,426881.44350644154,10.73198898297918,-0.002550367033109069,-0.0008331265999004245,0.0060771149189733364,0,0.001342348470776667,0.0023230524139663186,0.0060771149189733364,33_P7_0
72816,102,2026-02-27 23:09:20.820000+00:00,124282.39571814696,426301.7924148311,6.898052000514797,0.002429201136692427,-0.0011430334998294711,-0.005245983251938924,0,0.0005598014017676249,-0.0026256744152349113,-0.005245983251938924,02_P1_0
72817,123,2026-02-27 23:09:26.520000+00:00,124329.15037771658,426611.38848132396,8.076109334217513,0.0006211044528754428,-0.0017966956947930157,-0.0020063108365526716,0,0.001551847903659879,-0.001098022879987434,-0.0020063108365526716,16_P5_1
72818,167,2026-02-27 23:09:33.960000+00:00,124669.37547144275,426931.3059594873,13.815722596766062,-0.0007615452050231397,-0.00046112987911328673,0.006350631949278096,0,-0.0007834931362152475,0.0004227651478165695,0.006350631949278096,908_GSL_1
72819,105,2026-02-27 23:09:35.580000+00:00,124389.68557288795,426881.4713149268,7.068441347957799,-0.003112549413344823,-0.0006382873398251832,0.006145451235009425,0,0.0012765090907657156,0.002909621817330698,0.006145451235009425,34_P7_0
72820,103,2026-02-27 23:09:38.300000+00:00,124282.31489795876,426301.79638755706,9.293365437091825,0.00317955159698613,-0.0010565961711108685,-0.004586048699287915,0,0.0003028819468729532,-0.0033367958212874886,-0.004586048699287915,01_P1_0
72821,118,2026-02-27 23:09:46.030000+00:00,124372.25965503661,426775.111351527,6.165058533582515,-0.0003723253757925704,-0.0013129718136042356,-0.0004735354078464482,0,0.0012317473195046483,-0.0005876390981473138,-0.0004735354078464482,22_P6_1
72822,151,2026-02-27 23:09:50.900000+00:00,124403.03712772999,426812.8389867747,6.571862802562155,0.00014238453877624124,0.0013028489192947745,-0.03688249991357395,0,-0.0013051327919003245,0.00011965391300140962,-0.03688249991357395,27_KW_1
72823,153,2026-02-27 23:09:51.100000+00:00,124370.273707463,426819.49501422077,9.734521276270842,-0.00013134187611285597,-0.004108876455575228,0.008440799157853007,0,0.0039989190803548765,-0.000953290409253654,0.008440799157853007,29_KW_1
72824,100,2026-02-27 23:09:54.700000+00:00,124292.48494365321,426345.92897160037,7.582365905008276,0.0012203798978589475,-0.0012633793521672487,-0.0061336639608224885,0,0.0009488453547516371,-0.0014782242642261668,-0.0061336639608224885,06_P2_0
72825,74,2026-02-27 23:10:05.340000+00:00,124369.34630808754,426785.7270196302,7.228628755838163,-5.121764843352139e-06,0.0005533334915526211,-0.001425078918908973,0,0.00016889120284563296,0.0005269534580494567,-0.001425078918908973,21_P6_1
72826,113,2026-02-27 23:10:05.910000+00:00,124414.078677695,426875.91543385875,7.300304349159713,0.001443080822355114,0.00020172056974843144,-0.003045595965563308,0,-0.0005378159671341109,-0.0013542257690667182,-0.003045595965563308,32_P7_0
72827,65,2026-02-27 23:10:07.020000+00:00,124370.2739317762,426819.4949016244,9.734551744354372,-0.004542714945273474,-0.0035557994851842523,-0.0008275233960812756,0,0.004624668319231773,0.0034485376596380003,-0.0008275233960812756,30_KW_1
72828,101,2026-02-27 23:10:11.070000+00:00,124292.40655426336,426345.88202238566,10.210079196527397,0.0012353925267234445,-0.0013711402425542474,-0.00553930107288636,0,0.001049245153111365,-0.0015183230448452545,-0.00553930107288636,05_P2_0
72829,112,2026-02-27 23:10:21.620000+00:00,124413.95211508134,426875.867895291,10.665957018649694,0.0013804565242026001,0.0006292255711741745,-0.0033085882709702474,0,-0.0009412995737223676,-0.001189764744452902,-0.0033085882709702474,31_P7_0
72830,73,2026-02-27 23:10:23.440000+00:00,124369.48937173566,426785.6996608506,11.405833241890106,3.217122866772115e-05,0.003194196382537484,-0.00022137417296974604,0,0.0009202181229845963,0.003058941667358213,-0.00022137417296974604,20_P6_1
72831,98,2026-02-27 23:10:26.200000+00:00,124302.66095648742,426390.0768278765,7.974233352358314,0.00011085387086495757,-0.001084132061805576,-0.004817442772556468,0,0.0010278602010895261,-0.00036212472317801407,-0.004817442772556468,10_P3_0
72832,163,2026-02-27 23:10:33.110000+00:00,124091.049316946,427154.19907114614,9.875632533314349,-0.03399772342527285,-0.003912555635906756,0.0188624603188412,0,0.02494046231080893,-0.02343345107807494,0.0188624603188412,907_GSL_1
72833,161,2026-02-27 23:10:37.780000+00:00,124402.99042687574,426879.6457099024,6.545550693647553,-0.000976870855083689,-0.0017969845794141293,0.003926372823831237,0,0.0020453342042692285,-6.183769924098934e-06,0.003926372823831237,34a_P7_0
72834,99,2026-02-27 23:10:42.200000+00:00,124302.53832681857,426390.13383202866,11.082903927839002,0.0002465274010319263,-0.0009842633153311908,-0.004851274910365078,0,0.000897746355986557,-0.0004728652172439431,-0.004851274910365078,09_P3_0
72835,108,2026-02-27 23:10:52.510000+00:00,124422.70980982135,427023.8347081332,10.326108026848152,-0.0009150186378974468,-0.004111361515242606,-0.0022144574945048845,0,-0.004211395048437674,6.85883569734884e-05,-0.0022144574945048845,39_LHN_0
72836,152,2026-02-27 23:11:06.340000+00:00,124370.27533865438,426819.49816736556,9.727687667450724,-0.000433007488027215,-0.0010026723612099886,-0.0012332837771555916,0,-0.0008760937359860326,-0.000652155743966185,-0.0012332837771555916,29_KW_1
72837,177,2026-02-27 23:11:06.780000+00:00,124422.72598435695,427023.89520237816,7.790632056938843,-0.000521480105817318,-0.004217159352265298,-0.002500562794311101,0,-0.004222534802391245,0.0004759982623462458,-0.002500562794311101,42_LHN_0
72838,117,2026-02-27 23:11:23.930000+00:00,124377.67943975693,426815.9036157764,7.616364035325118,-0.0005773871525889263,-0.0020902621326968074,-0.0010710048473416833,0,-0.0020662507782696305,-0.0006581636792326806,-0.0010710048473416833,26_KW_0
72839,107,2026-02-27 23:11:24+00:00,124409.91925615653,426969.5239480902,6.295617786405365,-0.0015613507712259889,-0.00046296289656311274,0.006537462975331643,0,-0.0008210582757567194,-0.0014064189213081216,0.006537462975331643,38_P9_0
72840,125,2026-02-27 23:11:26.200000+00:00,124339.66316075086,426609.59105869604,6.667946443757717,0.00529518723487854,-0.00017515040235593915,-0.005569494371396644,0,0.000595085680515738,0.005264556823580804,-0.005569494371396644,17_P5_1
72841,116,2026-02-27 23:11:39.340000+00:00,124377.68631589996,426815.8978696534,10.004356669252047,-0.0010439916077302769,-0.0021919101709499955,-0.0007030860250765159,0,-0.0021499351657870485,-0.0011279040107373952,-0.0007030860250765159,25_KW_0
72842,106,2026-02-27 23:11:41.590000+00:00,124410.03005708261,426969.44930207747,8.929973570901124,-0.00214673561276868,-0.00025926344096660614,0.0060863465625935476,0,-0.0007680181841289678,-0.002021345935706802,0.0060863465625935476,37_P9_0
72843,146,2026-02-27 23:11:42.340000+00:00,124350.92203132834,426607.5111966609,11.37349719001265,-0.004235246597090736,-0.0006687358836643398,-0.005824323211433224,0,-0.0015481593243502686,-0.003998465221393867,-0.005824323211433224,13_P5_1
72844,115,2026-02-27 23:11:56.540000+00:00,124396.28985449513,426811.6314897644,7.6462260629782115,-0.00023626467736903578,-0.002424572070594877,-4.622979483492884e-05,0,-0.0022010296608731897,0.0010439536173784138,-4.622979483492884e-05,24_KW_0
72845,160,2026-02-27 23:12:03.970000+00:00,124421.81042990962,426965.6164316733,5.602477970111389,-0.0007762510213069618,-0.002206365345045924,0.01029674022405036,0,-0.0023038113683183357,0.00040381538245455503,0.01029674022405036,38a_P9_0
72846,148,2026-02-27 23:12:06.700000+00:00,124351.03725666774,426607.3976097356,8.010402029202208,-0.003861746925394982,-0.0008461591205559671,-0.005054386010174383,0,-0.0016455674605719433,-0.0035946046104967447,-0.005054386010174383,14_P5_1
72847,114,2026-02-27 23:12:13.440000+00:00,124396.29892544354,426811.6268765688,9.990324194117685,-9.52014815993607e-05,-0.002662187034729868,-0.000359883532498273,0,-0.00233192529739127,0.001287799494241693,-0.000359883532498273,23_KW_0
72848,168,2026-02-27 23:12:30.110000+00:00,124669.36391389524,426931.31394835084,13.791494736834746,-0.012818076109397225,0.006207778467796743,-0.00984528310048205,0,-0.0024763751520049267,-0.014025232788017223,-0.00984528310048205,908_GSL_1
72849,150,2026-02-27 23:12:30.140000+00:00,124401.10391586795,426812.3182239993,9.181185204739402,-1.9327760096493876,-0.5168197530438192,2.567363642067841,0,-1.6107517239043354,-1.186677986882581,2.567363642067841,27_KW_1
72850,119,2026-02-27 23:12:46.450000+00:00,124401.10379495396,426812.318313213,9.181211831960331,0.0004409991524880752,-0.001899142807815224,0.007907829695039226,0,-0.001256371601180808,0.0014908903570410082,0.007907829695039226,28_KW_1
72851,169,2026-02-27 23:13:03.720000+00:00,124669.37808479612,426931.3020318418,13.807534080529237,0.0013449669495457783,-0.008818642469123006,-0.016914230058192814,0,-0.002819100707602789,0.008463454513021492,-0.016914230058192814,908_GSL_1
72852,62,2026-02-27 23:13:22.240000+00:00,124390.61103780703,426780.8797856306,7.443555619588427,0.00035759400634560734,0.0005404226249083877,-0.0012422539939018762,0,0.0002678063931169139,-0.0005900930627391607,-0.0012422539939018762,19_P6_1
72853,72,2026-02-27 23:13:39.250000+00:00,124390.5239760883,426780.89020185807,10.986564659707163,1.6385441995225847e-05,0.003270926361437887,-0.00052066185959454,0,-0.0005018137975605861,-0.0032322454512670436,-0.00052066185959454,18_P6_1
72854,139,2026-02-27 23:15:21.440000+00:00,123928.0871998267,426940.43349741335,7.129438099085621,0.00032990300678648055,0.002393400762230158,-0.0071637316536348195,0,0.0004787273735920695,0.00236812653891305,-0.0071637316536348195,905_GSL_1
72855,138,2026-02-27 23:15:23.530000+00:00,123928.08050785687,426940.42736022716,7.113813555790673,-0.006111021808465011,-0.004360924882348627,-0.004122507807253761,0,0.00029269738992915544,-0.007501771898088546,-0.004122507807253761,905_GSL_1
72856,143,2026-02-27 23:15:38.740000+00:00,124266.92080527055,427056.31471000274,7.1019148241414545,0.0012378424580674618,0.0004831267287954688,-0.003626914081323207,0,-2.208584904741182e-05,0.0013285998654007764,-0.003626914081323207,906_GSL_1
72857,125,2026-02-27 23:15:41.840000+00:00,124339.66296419555,426609.59118841606,6.667866528830343,0.005098631925648078,-4.543038085103035e-05,-0.005649409298770891,0,0.0006949106409121452,0.005051258321833202,-0.005649409298770891,17_P5_1
72858,153,2026-02-27 23:15:45.780000+00:00,124370.27395284014,426819.4947936273,9.734678050572,0.00011403526877984405,-0.004329469928052276,0.008597573459011798,0,0.004147258695288083,-0.0012480221211148695,0.008597573459011798,29_KW_1
72859,132,2026-02-27 23:15:48.020000+00:00,124806.22383906256,426258.5115690442,4.587873355248172,0.009704774784040637,0.006427293759770691,0.005241181037851206,0,-0.0007114766440072637,-0.01161837164444185,0.005241181037851206,903_GSL_1
72860,137,2026-02-27 23:15:51.330000+00:00,123928.08626749353,426940.45230025036,7.123003581118697,-0.0031317683460656554,0.01847167930100113,0.000139890153167066,0,0.016806018344495324,0.008280619335348002,0.000139890153167066,905_GSL_1
72861,152,2026-02-27 23:15:56.830000+00:00,124370.27466589565,426819.4976421361,9.727799530389325,-0.0011057662195526063,-0.0015279017970897257,-0.0011214208385545987,0,-0.0012323816558819191,-0.0014277388725181563,-0.0011214208385545987,29_KW_1
72862,146,2026-02-27 23:15:57.650000+00:00,124350.92180715839,426607.51145595004,11.373258708356685,-0.004459416551981121,-0.0004094467731192708,-0.006062804867397631,0,-0.0013420653793099137,-0.004272341648529378,-0.006062804867397631,13_P5_1
72863,135,2026-02-27 23:16:12.030000+00:00,123855.61695614626,426533.06929698895,6.024342260013938,0.0033058680273825303,-0.007337932358495891,0.0031438128955807443,0,0.0013843288966160134,-0.007928281542574345,0.0031438128955807443,904_GSL_1
72864,148,2026-02-27 23:16:13.460000+00:00,124351.03711551498,426607.3977946981,8.010252388428922,-0.004002899688202888,-0.0006611966527998447,-0.005204026783459881,0,-0.0014947312455281356,-0.003771758930675501,-0.005204026783459881,14_P5_1
72865,150,2026-02-27 23:16:16.040000+00:00,124401.10348883427,426812.3185399102,9.181261696494825,-1.933203043328831,-0.5165038421400823,2.567440133823265,0,-1.610771709782169,-1.1872087957249766,2.567440133823265,27_KW_1
72866,129,2026-02-27 23:16:34.450000+00:00,124898.93858294252,426720.77295344404,4.0850407337080155,-0.00108875626756344,0.0004507739213295281,-0.006644011537598082,0,-0.0011344496373858815,-0.0003187653659739619,-0.006644011537598082,901_GSL_1
72867,136,2026-02-27 23:16:36.570000+00:00,123855.61169118923,426533.0769827116,6.03911757490469,-0.004078922560438514,0.0028741855057887733,0.01682503246795175,0,0.001626570598052466,0.0047172894404829335,0.01682503246795175,904_GSL_1
72868,149,2026-02-27 23:16:51.430000+00:00,124351.04124483479,426607.39590165135,8.011367658662689,-6.685727566946298e-05,-0.0008308141259476542,-0.0008581853051090604,0,0.0008309881998828432,-6.465770518336632e-05,-0.0008581853051090604,14_P5_1
72869,140,2026-02-27 23:16:56.760000+00:00,123928.08596715861,426940.4272745759,7.142639520500172,-0.0015565738576697186,-0.007164100999943912,0.007065814297828155,0,0.0013222086316008724,-0.007211035268690502,0.007065814297828155,905_GSL_1
72870,131,2026-02-27 23:17:00.130000+00:00,124806.2212412434,426258.5143024515,4.608075476779227,0.0026967472513206303,0.008018387015908957,-0.0034289959933353487,0,-0.00026083334018332327,-0.008455704704106662,-0.0034289959933353487,903_GSL_1
72871,3,2026-02-27 23:17:00.330000+00:00,124314.90149200756,426440.79053445795,7.060059640500375,-0.005747344373958185,-0.005542825616430491,-0.018369454990708967,11,-0.007700129769590954,0.0021125540699556103,-0.018369454990708967,TS2
72872,147,2026-02-27 23:17:07.340000+00:00,124350.92710636131,426607.5092420602,11.371859841583905,0.0005990157224005088,-0.0007506799302063882,-0.0023598000885378667,0,0.0006465884062615801,-0.0007101152203591903,-0.0023598000885378667,13_P5_1
72873,145,2026-02-27 23:17:14.090000+00:00,124266.91862276068,427056.31373109185,7.115929915971986,0.0002990078501170501,-0.0010155157651752234,0.007962979680339544,0,-0.0009278171319645334,-0.0005097384950973856,0.007962979680339544,906_GSL_1
72874,6,2026-02-27 23:17:14.290000+00:00,124399.03732614963,426925.0751975507,8.573886410705011,-0.0018445947498548776,-0.0002516641980037093,0.026579714883453676,11,-0.001823284823222522,-0.00037616102024990003,0.026579714883453676,TS5
72875,126,2026-02-27 23:17:24.540000+00:00,124339.65667257593,426609.5878924998,6.66744062435939,-0.00014802820805925876,-0.0005976612446829677,-0.0032165647760677984,0,0.0006156026708323413,1.2027694763225341e-05,-0.0032165647760677984,17_P5_1
72876,121,2026-02-27 23:17:40.930000+00:00,124329.25826371174,426611.32702203264,11.351555665497827,-0.0012790579639840871,-0.0006944599444977939,-0.002743856576294945,0,0.001023230892585017,0.0010350180820655583,-0.002743856576294945,15_P5_1
72877,123,2026-02-27 23:17:55.760000+00:00,124329.1509194493,426611.38842824625,8.076269104693512,0.001162837172159925,-0.0018497733981348574,-0.001846540360553206,0,0.00145156982324666,-0.0016330330558944387,-0.001846540360553206,16_P5_1
72878,4,2026-02-27 23:17:55.960000+00:00,124378.97045060608,426782.73935194913,7.773926927467435,-0.0014068125165067613,-0.0027900913264602423,-0.01479833455573143,11,-0.002906727774279013,0.0011465882926420174,-0.01479833455573143,TS3
72879,68,2026-02-27 23:21:22.340000+00:00,123928.0875804244,426940.43443629786,7.129960670209515,-0.021369937458075583,-0.013298707373905927,0.011147389169289035,0,0.015780586750219202,-0.019608746176072757,0.011147389169289035,905_GSL_1
72880,68,2026-02-27 23:21:25.320000+00:00,123928.08031594602,426940.42740127054,7.114489500043715,-0.028634415837586857,-0.020333734690211713,-0.004323780996511317,0,0.0014492387650925538,-0.0350897455649584,-0.004323780996511317,905_GSL_1
72881,69,2026-02-27 23:21:39.940000+00:00,124266.92146811633,427056.3150917735,7.1028262137602285,-0.02112908032722771,0.0002533894730731845,0.012324842832796001,0,0.008241390932588528,-0.019457176495980937,0.012324842832796001,906_GSL_1
72882,69,2026-02-27 23:21:47.710000+00:00,124266.93373240352,427056.31604007905,7.072605887865071,-0.00886479314067401,0.0012016950058750808,-0.017895483062361883,0,0.001886685995925937,-0.008744658041733995,-0.017895483062361883,906_GSL_1
72883,66,2026-02-27 23:21:58.540000+00:00,124898.93831005087,426720.77113593434,4.084203848576607,0.0007043871883070096,-0.0030692204600200057,0.0019173181728424638,0,0.0010626346737699582,0.0029643014511615186,0.0019173181728424638,901_GSL_1
72884,68,2026-02-27 23:22:04.080000+00:00,123928.08785093152,426940.43076960987,7.145777488562619,-0.021099430334288627,-0.01696539536351338,0.02696420752239259,0,0.020534690476038796,-0.01764474673451285,0.02696420752239259,905_GSL_1
72885,71,2026-02-27 23:22:22.450000+00:00,124806.22976859269,426258.51495871536,4.584348364948527,0.0020066572033101693,-0.00014741672202944756,-0.0071552982007405674,0,0.001131366347356592,-0.001663855465357343,-0.0071552982007405674,903_GSL_1
72886,69,2026-02-27 23:22:23.520000+00:00,124266.9201782564,427056.3149915386,7.119254343210146,-0.02241894025064539,0.0001531545422039926,0.028752972282713785,0,0.016011921058563097,-0.01569237784053613,0.028752972282713785,906_GSL_1
72887,149,2026-02-27 23:22:35.970000+00:00,124351.04121250699,426607.3958050159,8.010986208848069,-9.918508294504136e-05,-0.0009274495532736182,-0.0012396351197292432,0,0.0009315056752806961,-4.7932572078943693e-05,-0.0012396351197292432,14_P5_1
72888,67,2026-02-27 23:22:45.530000+00:00,123855.61440488961,426533.07298626227,6.021767084957563,-0.0035895845358027145,-0.01811644242843613,-0.022641063380012483,0,0.013141859906210921,-0.012976213685356782,-0.022641063380012483,904_GSL_1
72889,147,2026-02-27 23:22:51.440000+00:00,124350.92746360721,426607.50910273916,11.37032667808172,0.0009562616178300232,-0.000890000956133008,-0.003892963590724108,0,0.000727705173049219,-0.0010848885494694688,-0.003892963590724108,13_P5_1
72890,126,2026-02-27 23:23:07.780000+00:00,124339.65759155102,426609.587630702,6.667735900809002,0.0007709468773100525,-0.0008594590472057462,-0.002921288326455773,0,0.0006674350749801134,-0.0009421036896988679,-0.002921288326455773,17_P5_1
72891,121,2026-02-27 23:23:23.440000+00:00,124329.25906225608,426611.3268278759,11.350854642251548,-0.00048051362682599574,-0.0008886166615411639,-0.0034448798225739097,0,0.0009872886269624167,0.00021399552286134897,-0.0034448798225739097,15_P5_1
72892,71,2026-02-27 23:23:28.880000+00:00,124806.22157206474,426258.514868118,4.610947084760661,-0.006189870749949478,-0.00023801409406587481,0.019443421611393674,0,-0.005720580891177634,0.0023761533783717348,0.019443421611393674,903_GSL_1
72893,123,2026-02-27 23:23:39.730000+00:00,124329.15112295962,426611.38831737085,8.076472555145848,0.0013663474965142086,-0.001960648805834353,-0.0016430899082173767,0,0.0015012188122059012,-0.0018594061683584419,-0.0016430899082173767,16_P5_1
72894,159,2026-02-27 23:23:43.690000+00:00,124421.80604670216,426965.61699364457,5.593819774957497,-0.0019039502512896433,-0.0011802641092799604,0.004593878407882279,0,-0.0010632363891559936,-0.0019716942734143237,0.004593878407882279,38a_P9_0
72895,162,2026-02-27 23:23:47.350000+00:00,124402.99751059052,426879.6460261883,6.556414168893121,0.002082462204270996,-0.00170739961322397,0.011741125602553915,0,0.0018817156963779214,-0.0019263977547379805,0.011741125602553915,34a_P7_0
72896,118,2026-02-27 23:23:57.650000+00:00,124372.25988995573,426775.1106638095,6.165102331379831,-0.0001374062558170408,-0.002000689273700118,-0.0004297376105304451,0,0.0015929533447234384,-0.0012182518994734936,-0.0004297376105304451,22_P6_1
72897,110,2026-02-27 23:24:00.500000+00:00,124434.13991396998,426963.9332104431,8.74868146353099,-0.00017187249613925815,0.0011238696752116084,-0.002378896726797919,0,0.0010635515693445045,-0.00040184731072165575,-0.002378896726797919,35_P9_0
72898,104,2026-02-27 23:24:05.390000+00:00,124389.81607043726,426881.44459357165,10.73434998711576,-0.001025773017317988,0.00025400350568816066,0.008438119055552917,0,-3.642892844725717e-05,0.0010561254646734492,0.008438119055552917,33_P7_0
72899,156,2026-02-27 23:24:06.950000+00:00,124272.34849984248,426258.4821690942,9.070958627768274,0.002113384456606582,-0.0010149661102332175,0.0016352157545096446,0,0.0005079987413290264,-0.0022887742014354256,0.0016352157545096446,00a_LHZ_0
72900,74,2026-02-27 23:24:15.530000+00:00,124369.3459383462,426785.7267130782,7.228850085623494,-0.00037486309884116054,0.000246781506575644,-0.0012037491335785688,0,0.0004311622497223873,0.00012458960339800459,-0.0012037491335785688,21_P6_1
72901,111,2026-02-27 23:24:16.850000+00:00,124434.26128515566,426963.9765858504,6.465458708532565,-0.0004056036559632048,-0.0014779289485886693,0.004166198917796571,0,-0.0015301766678709168,-8.571853889669744e-05,0.004166198917796571,36_P9_0
72902,179,2026-02-27 23:24:20.240000+00:00,124272.35027001075,426258.5056218493,6.49724375689998,0.002072984556434676,-0.0008676243596710265,0.0013607007914027136,0,0.0003736556443287891,-0.0022159464028203542,0.0013607007914027136,00c_LHZ_0
72903,105,2026-02-27 23:24:23.060000+00:00,124389.6877576992,426881.4724457957,7.070703412368591,-0.0009277381614083424,0.0004925815737806261,0.008407515645800778,0,-0.0002871465925974767,0.0010103868255876996,0.008407515645800778,34_P7_0
72904,176,2026-02-27 23:24:30.410000+00:00,124446.56358764747,427019.0007672708,7.8688002145459315,-0.0036584264744305983,-0.0021738712675869465,-0.04961270910125393,0,-0.002908593230340435,-0.0031064265607402605,-0.04961270910125393,41_LHN_0
72905,73,2026-02-27 23:24:33.240000+00:00,124369.48936676374,426785.6997810279,11.405722438981003,2.7199304895475507e-05,0.0033143737236969173,-0.0003321770820718939,0,0.0009607420938229794,0.003172189718739408,-0.0003321770820718939,20_P6_1
72906,153,2026-02-27 23:24:39.210000+00:00,124370.27564538649,426819.4961515209,9.736748981782249,0.0018065816111629829,-0.0029715762939304113,0.01066850466926006,0,0.002392193686128838,-0.002524165635707522,0.01066850466926006,29_KW_1
72907,102,2026-02-27 23:24:40.270000+00:00,124282.3958977692,426301.79242426844,6.8979696911958674,0.002608823371701874,-0.0011335961753502488,-0.00532829257086842,0,0.0005097069319292288,-0.0027984278652575514,-0.00532829257086842,02_P1_0
72908,109,2026-02-27 23:24:43.400000+00:00,124446.56859221168,427018.9672724067,10.348440791894333,-0.0004626022855518386,0.002081938087940216,-0.037384449573634626,0,0.0019339936403323748,-0.0008989636676573062,-0.037384449573634626,40_LHN_0
72909,65,2026-02-27 23:24:54.750000+00:00,124370.27571757312,426819.4959306879,9.737305582853628,-0.0027569180238060653,-0.002526736003346741,0.0019263151031747583,0,0.0031624842704627938,0.0019959170973942813,0.0019263151031747583,30_KW_1
72910,103,2026-02-27 23:24:57.440000+00:00,124282.3141693429,426301.7965024644,9.293082680300168,0.0024509357463102788,-0.0009416888351552188,-0.0048688054909451495,0,0.00035733430922222904,-0.0026011874377388083,-0.0048688054909451495,01_P1_0
72911,100,2026-02-27 23:25:13.260000+00:00,124292.48481622104,426345.92894943175,7.582203030640552,0.0010929477284662426,-0.0012855479726567864,-0.006296538328546042,0,0.0009997271340166161,-0.0013593064351618497,-0.006296538328546042,06_P2_0
72912,152,2026-02-27 23:25:16.320000+00:00,124370.27444836602,426819.4976997236,9.727684105464625,-0.0013232958444859833,-0.0014703143388032913,-0.001236845763253669,0,-0.0011262740434614584,-0.0016261743221282913,-0.001236845763253669,29_KW_1
72913,163,2026-02-27 23:25:16.590000+00:00,124091.06450043741,427154.21842708724,9.867942873562644,-0.018814232011209242,0.015443385462276638,0.01117280056713632,0,0.02431315492036117,0.0011593008783682948,0.01117280056713632,907_GSL_1
72914,167,2026-02-27 23:25:22.180000+00:00,124669.37469401232,426931.31075009034,13.815168039316248,-0.0015389756299555302,0.0043294731876812875,0.00579607449946451,0,-0.0013222018511902856,-0.0044005188713556465,0.00579607449946451,908_GSL_1
72915,101,2026-02-27 23:25:33.010000+00:00,124292.40467557375,426345.8824738237,10.213356610888802,-0.0006432970840251073,-0.0009197022300213575,-0.002261886711481864,0,0.0010432755137161612,0.0004138351516023552,-0.002261886711481864,05_P2_0
72916,108,2026-02-27 23:25:34.420000+00:00,124422.7117146249,427023.8358529867,10.328217605500045,0.0009897849085973576,-0.002966507978271693,-0.00010487884261145553,0,-0.0026540788027533155,0.0016539980227352796,-0.00010487884261145553,39_LHN_0
72917,117,2026-02-27 23:25:34.530000+00:00,124377.67923338094,426815.9037083989,7.616487876776263,-0.0007837631419533864,-0.0019976395997218788,-0.0009471633961961601,0,-0.0019656799003552237,-0.0008607852010816117,-0.0009471633961961601,26_KW_0
72918,151,2026-02-27 23:25:39.950000+00:00,124403.03729229166,426812.83910603955,6.571883213297872,0.0003069462109124288,0.0014221137971617281,-0.03686208917785638,0,-0.0014547520488715935,-1.7891472134707868e-05,-0.03686208917785638,27_KW_1
72919,98,2026-02-27 23:25:47.820000+00:00,124302.6611481517,426390.0767306953,7.97426214902271,0.00030251815041992813,-0.0011813132441602647,-0.0047886461081603215,0,0.001077359280266642,-0.0005712400488282369,-0.0047886461081603215,10_P3_0
72920,177,2026-02-27 23:25:48.650000+00:00,124422.72746094089,427023.8964543731,7.793207367030785,0.0009551038383506238,-0.0029651644290424883,7.474729763057297e-05,0,-0.0026608367820685156,0.0016199910655562972,7.474729763057297e-05,42_LHN_0
72921,116,2026-02-27 23:25:50.460000+00:00,124377.68618080037,426815.897761333,10.004398081976365,-0.0011790911958087236,-0.0023002306115813553,-0.0006616733007582809,0,-0.0022529546810599274,-0.0012670880472878527,-0.0006616733007582809,25_KW_0
72922,113,2026-02-27 23:25:54.690000+00:00,124414.07867962064,426875.9154850713,7.300298708827882,0.0014450064627453685,0.0002529331250116229,-0.003051236297394233,0,-0.0005880271063075856,-0.0013439653884499982,-0.003051236297394233,32_P7_0
72923,107,2026-02-27 23:26:04.620000+00:00,124409.92159813928,426969.5247453409,6.2980196279610485,0.0007806319772498682,0.0003342878189869225,0.008939304531015324,0,0.0005103515482228114,0.0006787311154313256,0.008939304531015324,38_P9_0
72924,99,2026-02-27 23:26:05.370000+00:00,124302.53842000368,426390.13385297725,11.083453524584817,0.00033971251104958355,-0.0009633147274143994,-0.004301678164550182,0,0.0008553010507652702,-0.0005584263306622608,-0.004301678164550182,09_P3_0
72925,115,2026-02-27 23:26:09.840000+00:00,124396.28969740892,426811.63152484223,7.646040632178296,-0.000393350885133259,-0.0023894942132756114,-0.00023166059475077105,0,-0.0022517095357085324,0.0008911855479708005,-0.00023166059475077105,24_KW_0
72926,112,2026-02-27 23:26:10.990000+00:00,124413.95238778091,426875.8678321691,10.66604954365183,0.0016531560977455229,0.0005661036702804267,-0.0032160632688338353,0,-0.0009452715802522271,-0.0014696462460693158,-0.0032160632688338353,31_P7_0
72927,106,2026-02-27 23:26:22.400000+00:00,124410.03208793984,426969.4503613652,8.93244545198503,-0.00011587838525883853,0.000800024310592562,0.008558227646499716,0,0.0007486732622175185,-0.00030488529670989165,0.008558227646499716,37_P9_0
72928,114,2026-02-27 23:26:26.240000+00:00,124396.29885741265,426811.6269254105,9.990219706236678,-0.00016323236923199147,-0.0026133452774956822,-0.00046437141350530453,0,-0.00232503649650581,0.0012043353501787043,-0.00046437141350530453,23_KW_0
72929,161,2026-02-27 23:26:28.160000+00:00,124402.9903278712,426879.64569461695,6.545772593325507,-0.001075875392416492,-0.0018122700275853276,0.004148272501785399,0,0.0021062895049786855,7.331462410808636e-05,0.004148272501785399,34a_P7_0
72930,160,2026-02-27 23:26:38.360000+00:00,124421.81211803018,426965.6177861847,5.60500738700031,0.0009118695452343673,-0.0008518539252690971,0.012826157112971082,0,-0.0002961234292419454,0.0012122178402318169,0.012826157112971082,38a_P9_0
72931,119,2026-02-27 23:26:43.040000+00:00,124401.10355775252,426812.31861658057,9.181193500650188,0.00020379771012812853,-0.0015957752475515008,0.007889498384896498,0,-0.0011555855076222639,0.001119220390238186,0.007889498384896498,28_KW_1
72932,125,2026-02-27 23:26:57.180000+00:00,124339.66249124594,426609.59085178724,6.667117438768032,0.0046256823115982115,-0.0003820591955445707,-0.006398499361082166,0,0.0002932153377935659,0.004632162652845358,-0.006398499361082166,17_P5_1
72933,150,2026-02-27 23:26:59.440000+00:00,124401.10357416497,426812.3185993366,9.18129753345473,-1.9331177126296097,-0.5164444157271646,2.5674759707831694,0,-1.6106720051661467,-1.187179269189018,2.5674759707831694,27_KW_1
72934,170,2026-02-27 23:27:01.190000+00:00,124669.3799305507,426931.34420493187,13.796607906817371,-0.008116265773423947,0.04570796014741063,0.010417776145983382,0,0.030834708670101824,-0.034703200604152905,0.010417776145983382,908_GSL_1
72935,146,2026-02-27 23:27:12.740000+00:00,124350.92247147477,426607.5113966423,11.373958325287285,-0.003795100172283128,-0.00046875450061634183,-0.0053631879367976865,0,-0.001259727682141699,-0.003610485045857053,-0.0053631879367976865,13_P5_1
72936,169,2026-02-27 23:27:17.040000+00:00,124669.37782611363,426931.3024707757,13.806474170279802,0.0010862844646908343,-0.008379708568099886,-0.01797414030762745,0,-0.002849481955928488,0.007954871602191532,-0.01797414030762745,908_GSL_1
72937,92,2026-02-27 23:27:20.480000+00:00,124278.32773827147,426395.66827919567,11.09539641423909,0.013762468894128688,0.02998857048805803,-0.0063925689881294545,0,-0.03167456041716751,-0.009243491351123208,-0.0063925689881294545,11_P3_0
72938,148,2026-02-27 23:27:27.850000+00:00,124351.03665719414,426607.3977934779,8.009955471510295,-0.0044612205238081515,-0.0006624168017879128,-0.005500943702086758,0,-0.0015930816338516804,-0.004219404636820515,-0.005500943702086758,14_P5_1
72939,62,2026-02-27 23:27:35.550000+00:00,124390.61109199122,426780.8798077295,7.443555582818437,0.00041177819366566837,0.000562521512620151,-0.0012422907638915959,0,0.0003178230320566801,-0.0006204677696974453,-0.0012422907638915959,19_P6_1
72940,93,2026-02-27 23:27:37.480000+00:00,124278.2816105594,426395.82118856424,7.942145345058266,0.013486979718436487,0.029838461719918996,-0.0065801752212513165,0,-0.03149795180482717,-0.008950500088675092,-0.0065801752212513165,12_P3_0
72941,168,2026-02-27 23:27:44.750000+00:00,124669.36588716513,426931.3128137505,13.788248190636779,-0.010844806223758496,0.005073178152088076,-0.013091829298449653,0,-0.0022401907198341337,-0.011761313877814154,-0.013091829298449653,908_GSL_1
72942,72,2026-02-27 23:27:51.940000+00:00,124390.52399456517,426780.8900179944,10.986581182604858,3.4862314350903034e-05,0.003087062679696828,-0.0005041389618991587,0,-0.00045445294990822493,-0.003053627987437005,-0.0005041389618991587,18_P6_1
72943,94,2026-02-27 23:27:52.580000+00:00,124268.23796954086,426351.5861423611,10.208947766863409,0.013747041768510826,0.03016934060724452,-0.005546172427552065,0,-0.03217119799929833,-0.008011509804715804,-0.005546172427552065,07_P2_0
72944,166,2026-02-27 23:28:05.720000+00:00,124091.04313735387,427154.20293387165,9.826217454703245,-0.029143481820938177,0.013905892090406269,-0.0036361643595590465,0,0.021992637390663317,-0.02364403239889879,-0.0036361643595590465,907_GSL_1
72945,95,2026-02-27 23:28:08.180000+00:00,124268.12349335304,426351.5792326691,7.1874946601183645,0.013945450802566484,0.030041659076232463,-0.00617619812675585,0,-0.032091432841210486,-0.008192485357781226,-0.00617619812675585,08_P2_0
72946,96,2026-02-27 23:28:24.580000+00:00,124258.0768117291,426307.38257324003,9.301742180963082,0.015833532670512795,0.030163663090206683,-0.0028034272128092397,0,-0.03268086037144618,-0.009618143959711365,-0.0028034272128092397,03_P1_0
72947,97,2026-02-27 23:28:41.280000+00:00,124258.00505844431,426307.42140234937,6.8344728272828,0.01718823543342296,0.02954964473610744,-0.0025893633132998417,0,-0.03235033554617793,-0.011048652922172712,-0.0025893633132998417,04_P1_0
72948,139,2026-02-27 23:30:22.530000+00:00,123928.08711249514,426940.43249463855,7.130471340450356,0.00024257144832517952,0.0013906259555369616,-0.0061304902888998924,0,0.00023011621673200286,0.0013927411757223998,-0.0061304902888998924,905_GSL_1
72949,138,2026-02-27 23:30:25.360000+00:00,123928.08197455153,426940.4294440383,7.115647322445797,-0.0046443271421594545,-0.0022771137300878763,-0.0022887411521299583,0,0.0010425514928995706,-0.005066370291224932,-0.0022887411521299583,905_GSL_1
72950,133,2026-02-27 23:30:37.640000+00:00,124806.22972786384,426258.51493242185,4.596436911698963,0.007831770315533504,0.0034486085060052574,0.008279807514397497,0,0.0011397600551087158,-0.00848118352116862,0.008279807514397497,903_GSL_1
72951,143,2026-02-27 23:30:40.350000+00:00,124266.92211388904,427056.31524342444,7.100872256786432,0.0025464609498158097,0.0010165484272874892,-0.004669481436345713,0,-2.445476269990117e-05,0.0027417578373260454,-0.004669481436345713,906_GSL_1
72952,125,2026-02-27 23:30:43.270000+00:00,124339.66314141527,426609.5907079202,6.6680049864470785,0.005275851639453322,-0.0005259262397885323,-0.005510951682035525,0,0.00024521681715835534,0.005296326806740983,-0.005510951682035525,17_P5_1
72953,132,2026-02-27 23:30:48.060000+00:00,124806.2225654267,426258.5110648422,4.587790074971559,0.0084311389218783,0.0059230917831882834,0.005157900761237677,0,-0.0009119152680815703,-0.010263309911326046,0.005157900761237677,903_GSL_1
72954,153,2026-02-27 23:30:54.970000+00:00,124370.27608095187,426819.49582993326,9.737145433004109,0.0022421469911932945,-0.003293163958005607,0.01106495589112022,0,0.0025879784638685624,-0.003028946921782687,0.01106495589112022,29_KW_1
72955,152,2026-02-27 23:30:57.830000+00:00,124370.27459209936,426819.49772855674,9.727781138482376,-0.00117956250323914,-0.0014414811739698052,-0.0011398127455031215,0,-0.0011312963370570302,-0.001479663567071414,-0.0011398127455031215,29_KW_1
72956,146,2026-02-27 23:30:59.060000+00:00,124350.92265709209,426607.5113664063,11.37357728921977,-0.003609482853789814,-0.0004989905282855034,-0.00574422400431196,0,-0.0012500781609665727,-0.0034226689309069516,-0.00574422400431196,13_P5_1
72957,136,2026-02-27 23:31:14.490000+00:00,123855.61578620489,426533.0748579977,6.039839347137329,1.6093094018287957e-05,0.0007494715973734856,0.01754680470059089,0,-0.00045151464252147106,0.0005984155667538686,0.01754680470059089,904_GSL_1
72958,148,2026-02-27 23:31:14.990000+00:00,124351.03722908175,426607.39771689253,8.010603302549612,-0.003889332918333821,-0.0007390021928586066,-0.004853112662770442,0,-0.001546693805495804,-0.0036442794984366685,-0.004853112662770442,14_P5_1
72959,150,2026-02-27 23:31:16.340000+00:00,124401.103454979,426812.31850357767,9.1812443359155,-1.9332368985924404,-0.5165401746635325,2.5674227732439387,0,-1.610821229262072,-1.1872125443573187,2.5674227732439387,27_KW_1
72960,135,2026-02-27 23:31:21.530000+00:00,123855.61628289917,426533.07021051174,6.022882192247948,0.002632620933582075,-0.006424409570172429,0.0016837451295907968,0,0.001428538116031644,-0.006794336623711134,0.0016837451295907968,904_GSL_1
72961,140,2026-02-27 23:31:32.850000+00:00,123928.08804397349,426940.43220303184,7.147023971009924,0.0005202410247875378,-0.0022356450790539384,0.011450264807580268,0,-0.0005928376586438106,-0.0022174993018857533,0.011450264807580268,905_GSL_1
72962,129,2026-02-27 23:31:33.440000+00:00,124898.93884526165,426720.7750712449,4.086442782328092,-0.0008264371281256899,0.002568574796896428,-0.005241962917521548,0,-0.0011245898404898507,-0.0024527275642971798,-0.005241962917521548,901_GSL_1
72963,149,2026-02-27 23:31:50.590000+00:00,124351.04157475005,426607.3958488032,8.011148948015158,0.00026305798382963985,-0.0008836622582748532,-0.0010768959526394895,0,0.000831284516039061,-0.0003987788145697217,-0.0010768959526394895,14_P5_1
72964,145,2026-02-27 23:31:50.610000+00:00,124266.91937469422,427056.3145559813,7.120936312308804,0.0010509413841646165,-0.00019062630599364638,0.012969376017157863,0,-0.0008799474850000386,0.0006053995417315166,0.012969376017157863,906_GSL_1
72965,6,2026-02-27 23:31:50.810000+00:00,124399.03756247136,426925.07485296583,8.571386243470556,-0.0016082730144262314,-0.000596249068621546,0.024079547648998556,11,-0.0016741120924153412,0.00037336810628711497,0.024079547648998556,TS5
72966,131,2026-02-27 23:32:00.830000+00:00,124806.22050730554,426258.51232713315,4.607855953397278,0.0019628093868959695,0.006043068657163531,-0.0036485193752842093,0,-0.00026182908427586877,-0.006348444298811042,-0.0036485193752842093,903_GSL_1
72967,3,2026-02-27 23:32:01.030000+00:00,124314.90196431732,426440.791193773,7.060789535992137,-0.00527503460762091,-0.004883510584477335,-0.017639559498947577,11,-0.006969715354925561,0.0017600379574359494,-0.017639559498947577,TS2
72968,147,2026-02-27 23:32:06.330000+00:00,124350.92748694308,426607.50922963483,11.371754388730821,0.0009795974910957739,-0.0007631052867509425,-0.0024652529416222535,0,0.0005987162828458289,-0.0010878785483148597,-0.0024652529416222535,13_P5_1
72969,126,2026-02-27 23:32:23.540000+00:00,124339.65759333283,426609.58767933265,6.668087447347196,0.0007727286865701899,-0.0008108284091576934,-0.002569741788262192,0,0.0006196168760818453,-0.0009330740908525225,-0.002569741788262192,17_P5_1
72970,121,2026-02-27 23:32:39.840000+00:00,124329.25879110226,426611.3269243857,11.35171023685189,-0.0007516674522776157,-0.0007921069045551121,-0.0025892852222320073,0,0.0009701214832977672,0.0005012999248968058,-0.0025892852222320073,15_P5_1
72971,123,2026-02-27 23:32:55.030000+00:00,124329.15183835456,426611.38800563,8.076691170636828,0.0020817424374399707,-0.0022723896545358002,-0.0014244744172380308,0,0.0016008341281437393,-0.0026333887696369704,-0.0014244744172380308,16_P5_1
72972,4,2026-02-27 23:32:55.230000+00:00,124378.97022793892,426782.7398999889,7.77467755101262,-0.001629479680559598,-0.0022420515306293964,-0.014047711010546138,11,-0.0027082638338536053,0.0005893268206986668,-0.014047711010546138,TS3
72973,68,2026-02-27 23:36:22.760000+00:00,123928.08672279057,426940.43152725114,7.129345097167676,-0.022227571287658066,-0.016207754088100046,0.010531816127450355,0,0.015629626925886497,-0.02263782189358881,0.010531816127450355,905_GSL_1
72974,68,2026-02-27 23:36:25.920000+00:00,123928.0800463422,426940.4273818867,7.117451245732472,-0.028904019651236013,-0.02035311853978783,-0.0013620353077543612,0,0.0015989453528081625,-0.03531480086383648,-0.0013620353077543612,905_GSL_1
72975,69,2026-02-27 23:36:41.360000+00:00,124266.91888654059,427056.314248692,7.102065374014932,-0.023710656067123637,-0.0005896920338273048,0.011564003087499941,0,0.008439481844954891,-0.02216569633503227,0.011564003087499941,906_GSL_1
72976,71,2026-02-27 23:36:44.600000+00:00,124806.22727082123,426258.51348520943,4.58006435591067,-0.0004911142605124041,-0.0016209226450882852,-0.01143930723859743,0,0.0011579274121877171,0.0012360370327554532,-0.01143930723859743,903_GSL_1
72977,69,2026-02-27 23:36:47.230000+00:00,124266.92884201463,427056.3155082482,7.080092216737287,-0.013755182022578083,0.0006698641809634864,-0.010409154190145209,0,0.0017363503829377017,-0.013661582552649794,-0.010409154190145209,906_GSL_1
72978,67,2026-02-27 23:36:48.600000+00:00,123855.60872621412,426533.08445383015,6.037890386812393,-0.009268260022508912,-0.006648874550592154,-0.006517761525183019,0,0.011406458540910661,2.966797659248411e-05,-0.006517761525183019,904_GSL_1
72979,66,2026-02-27 23:36:59.640000+00:00,124898.93844826068,426720.77208718075,4.087709834842831,0.0008425970008829609,-0.0021179740433581173,0.0054233044390663565,0,0.0010873074809666522,0.0020033836866835183,0.0054233044390663565,901_GSL_1
72980,67,2026-02-27 23:37:04.770000+00:00,123855.62366245087,426533.059545874,6.030791117766146,0.005667976729455404,-0.03155683068325743,-0.013617030571429822,0,0.013027189735235601,-0.02929593573483526,-0.013617030571429822,904_GSL_1
72981,68,2026-02-27 23:37:11.980000+00:00,123928.08858915184,426940.44641378656,7.149787218169889,-0.02036121001583524,-0.0013212186750024557,0.03097393712966312,0,0.02030726348234885,-0.001984827940801253,0.03097393712966312,905_GSL_1
72982,71,2026-02-27 23:37:29.200000+00:00,124806.22027603284,426258.51110390027,4.609708702749536,-0.007485902649932541,-0.004002231813501567,0.01820503960026887,0,-0.0056263924391937396,0.006356123511500907,0.01820503960026887,903_GSL_1
72983,69,2026-02-27 23:37:29.920000+00:00,124266.920262463,427056.3154710471,7.115305191988224,-0.02233473365777172,0.0006326630827970803,0.024803821060791265,0,0.01629013954392096,-0.015292872319466931,0.024803821060791265,906_GSL_1
72984,149,2026-02-27 23:37:38.120000+00:00,124351.04042505931,426607.3960828032,8.01132985821515,-0.000886632755282335,-0.000649662280920893,-0.0008959857526473769,0,0.0007810377877780699,0.0007734071993805209,-0.0008959857526473769,14_P5_1
72985,147,2026-02-27 23:37:53.040000+00:00,124350.92685355205,426607.5092225989,11.371408671850048,0.0003462064632913098,-0.0007701411959715188,-0.0028109698223950375,0,0.0007057552761382995,-0.00046355783583073093,-0.0028109698223950375,13_P5_1
72986,159,2026-02-27 23:38:03.520000+00:00,124421.80606764364,426965.61711081554,5.594047393622045,-0.0018830087647074834,-0.001063093135599047,0.00482149707243007,0,-0.0009475424216893995,-0.0019437212716904666,0.00482149707243007,38a_P9_0
72987,126,2026-02-27 23:38:08.590000+00:00,124339.65695748109,426609.5876228015,6.667427911977762,0.00013687694445252419,-0.0008673595730215311,-0.0032292771576960533,0,0.0008155273342898908,-0.0003255197288349462,-0.0032292771576960533,17_P5_1
72988,110,2026-02-27 23:38:20.440000+00:00,124434.13972320691,426963.93325099663,8.748656438405318,-0.0003626355610322207,0.0011644231854006648,-0.0024039218524709582,0,0.001063545098233655,-0.0005968732937960531,-0.0024039218524709582,35_P9_0
72989,121,2026-02-27 23:38:24.430000+00:00,124329.2582547676,426611.3270215165,11.351406800629336,-0.0012880021095043048,-0.0006949760718271136,-0.0028927214447858063,0,0.001026217779191966,0.0010434645390093973,-0.0028927214447858063,15_P5_1
72990,156,2026-02-27 23:38:27.150000+00:00,124272.34828284789,426258.4822183609,9.070833576159856,0.0018963898619404063,-0.0009656994370743632,0.0015101641460919524,0,0.0005093472396231627,-0.0020662611888927207,0.0015101641460919524,00a_LHZ_0
72991,162,2026-02-27 23:38:34.810000+00:00,124402.99869068144,426879.64586070454,6.553996357788394,0.0032625531312078238,-0.0018728833529166877,0.009323314497827084,0,0.0021489943457876286,-0.003087680082093874,0.009323314497827084,34a_P7_0
72992,111,2026-02-27 23:38:37.600000+00:00,124434.26124105311,426963.97669005196,6.465308033735752,-0.00044970620365347713,-0.0013737273984588683,0.004015524120983827,0,-0.0014375804125406324,-0.0001507487723349601,0.004015524120983827,36_P9_0
72993,179,2026-02-27 23:38:40.270000+00:00,124272.3502696804,426258.50567051116,6.498144745813112,0.002072654213407077,-0.0008189625223167241,0.00226168970453422,0,0.0003263429828621857,-0.002204562396225176,0.00226168970453422,00c_LHZ_0
72994,123,2026-02-27 23:38:41.720000+00:00,124329.15097679879,426611.3884108495,8.075863849932263,0.00122018666297663,-0.001867170154582709,-0.0022517951218024024,0,0.001452263538823457,-0.001692959093562048,-0.0022517951218024024,16_P5_1
72995,176,2026-02-27 23:38:51.300000+00:00,124446.56282269169,427019.00098539825,7.868666901512794,-0.004423382255481556,-0.001955743820872158,-0.049746022134391055,0,-0.0028597763409473477,-0.00390037482182758,-0.049746022134391055,41_LHN_0
72996,104,2026-02-27 23:38:51.770000+00:00,124389.81744165346,426881.4440114627,10.731896642033735,0.0003454431862337515,-0.0003281054669059813,0.00598477397352859,0,0.0002495901676273792,-0.0004058188518941118,0.00598477397352859,33_P7_0
72997,102,2026-02-27 23:39:00.420000+00:00,124282.39531547175,426301.7926114751,6.898247573872845,0.002026525922701694,-0.0009463895112276077,-0.00505040989389105,0,0.0004600249520511282,-0.0021887981784152557,-0.00505040989389105,02_P1_0
72998,118,2026-02-27 23:39:00.450000+00:00,124372.25948564282,426775.1110518842,6.1649479563347604,-0.0005417191714514047,-0.001612614607438445,-0.00058411265560121,0,0.0015686130968981795,-0.0006583604522458419,-0.00058411265560121,22_P6_1
72999,109,2026-02-27 23:39:04.100000+00:00,124446.56871378528,427018.96725709166,10.347724498840295,-0.00034102868812624365,0.0020666230702772737,-0.038100742627673156,0,0.001945147534140838,-0.0007769379326260171,-0.038100742627673156,40_LHN_0
73000,105,2026-02-27 23:39:10.090000+00:00,124389.68853911127,426881.471834962,7.068083577544343,-0.00014632608508691192,-0.00011825212277472019,0.0057876808215526765,0,0.00014630078489397081,0.00011828342257898089,0.0057876808215526765,34_P7_0
73001,103,2026-02-27 23:39:17.040000+00:00,124282.31424139622,426301.7964939778,9.293604921105901,0.0025229890597984195,-0.0009501754539087415,-0.0043465646852123285,0,0.000349148786865768,-0.002673275577583306,-0.0043465646852123285,01_P1_0
73002,74,2026-02-27 23:39:18.020000+00:00,124369.34627917419,426785.72726033826,7.228606919452281,-3.403511072974652e-05,0.000794041552580893,-0.001446915304791574,0,0.0002678476129562935,0.0007482767083245855,-0.001446915304791574,21_P6_1
73003,153,2026-02-27 23:39:25.290000+00:00,124370.27793741517,426819.4949889382,9.73435021844794,0.004098610297660343,-0.004134159011300653,0.008269741334951064,0,0.00291138961069435,-0.005041199027765796,0.008269741334951064,29_KW_1
73004,100,2026-02-27 23:39:32.930000+00:00,124292.48458993371,426345.9290549702,7.582326997125505,0.0008666603971505538,-0.0011800095089711249,-0.006172571843593211,0,0.0009490602424129301,-0.001114812693470316,-0.006172571843593211,06_P2_0
73005,73,2026-02-27 23:39:36.550000+00:00,124369.48957487875,426785.7006133021,11.405441999974752,0.0002353143208893016,0.004146647930610925,-0.0006126160883237475,0,0.0010098363134739394,0.004028683719286589,-0.0006126160883237475,20_P6_1
73006,65,2026-02-27 23:39:41.840000+00:00,124370.27813682548,426819.4946294364,9.734873483358992,-0.00033766566775739193,-0.0038279874715954065,-0.0005057843914606508,0,0.0037821564879977035,-0.0006802929414379618,-0.0005057843914606508,30_KW_1
73007,101,2026-02-27 23:39:54.810000+00:00,124292.4059619489,426345.8822763267,10.210402037998977,0.0006430780631490052,-0.0011171991936862469,-0.005216459601307122,0,0.000938760745822551,-0.0008834091327235438,-0.005216459601307122,05_P2_0
73008,151,2026-02-27 23:39:57.470000+00:00,124403.03749512466,426812.838860497,6.571895229436489,0.000509779216372408,0.0011765712406486273,-0.03685007303923982,0,-0.001254469769934898,-0.0002655189825345841,-0.03685007303923982,27_KW_1
73009,163,2026-02-27 23:40:00.720000+00:00,124091.05336083935,427154.2020150205,9.869567065832118,-0.029953830075100996,-0.0009686812991276383,0.012796992836610954,0,0.02345348208486133,-0.01865755765694945,0.012796992836610954,907_GSL_1
73010,98,2026-02-27 23:40:10.450000+00:00,124302.66099843993,426390.07681799756,7.974246968529309,0.0001528063730802387,-0.0010940110078081489,-0.004803826601561312,0,0.0010276202486243545,-0.00040522400900805275,-0.004803826601561312,10_P3_0
73011,113,2026-02-27 23:40:12.520000+00:00,124414.07863011089,426875.91539794183,7.300186378528743,0.0013954967143945396,0.0001658036489970982,-0.00316356659653394,0,-0.0004916495685732127,-0.0013165039428837582,-0.00316356659653394,32_P7_0
73012,152,2026-02-27 23:40:19.640000+00:00,124370.27460017406,426819.49784190516,9.727620747966158,-0.0011714878055499867,-0.0013281327555887401,-0.001300203261720867,0,-0.0010228494097853375,-0.0014457176003361963,-0.001300203261720867,29_KW_1
73013,108,2026-02-27 23:40:23.870000+00:00,124422.7104938422,427023.8358648225,10.325315298302458,-0.00023099778627511114,-0.0029546722071245313,-0.0030071860401985617,0,-0.002927128632639035,0.00046407520597731126,-0.0030071860401985617,39_LHN_0
73014,112,2026-02-27 23:40:27.900000+00:00,124413.95237201353,426875.86772488634,10.665866353882029,0.0016373887192457914,0.0004588208976201713,-0.003399253038635308,0,-0.0008373328108186775,-0.0014800108776400415,-0.003399253038635308,31_P7_0
73015,99,2026-02-27 23:40:28.320000+00:00,124302.53880684529,426390.1335892773,11.083271981145469,0.0007265541207743809,-0.001227014698088169,-0.0044832216038983574,0,0.001019762195333286,-0.0009967602644104909,-0.0044832216038983574,09_P3_0
73016,117,2026-02-27 23:40:36.240000+00:00,124377.67945714462,426815.9036171484,7.616513896320158,-0.0005599994619842619,-0.002088890119921416,-0.0009211438523015758,0,-0.0020655553614761946,-0.000640735810771426,-0.0009211438523015758,26_KW_0
73017,177,2026-02-27 23:40:41.340000+00:00,124422.72633709305,427023.89638122264,7.790301326773535,-0.000168744008988142,-0.0030383148696273565,-0.0028312929596197023,0,-0.0029939499472429972,0.00054414658040986,-0.0028312929596197023,42_LHN_0
73018,161,2026-02-27 23:40:44.380000+00:00,124402.9905125423,426879.6456573821,6.54565099177073,-0.0008912042976589873,-0.0018495048861950636,0.0040266709470078155,0,0.002050258774338161,-0.00010654755968414748,0.0040266709470078155,34a_P7_0
73019,116,2026-02-27 23:40:52.250000+00:00,124377.68630188068,426815.8978670197,10.004387706732011,-0.001058010893757455,-0.002194543892983347,-0.0006720485451126024,0,-0.0021520252377170467,-0.0011420145908738832,-0.0006720485451126024,25_KW_0
73020,107,2026-02-27 23:40:58.450000+00:00,124409.92125157789,426969.5244719169,6.2951284117893795,0.00043407059274613857,6.086379289627075e-05,0.0060480883593463375,0,0.00016234834262324636,0.00040714210838500755,0.0060480883593463375,38_P9_0
73021,167,2026-02-27 23:41:04.210000+00:00,124669.37512560925,426931.30555387895,13.816471543409644,-0.0011073787027271464,-0.0008667382062412798,0.007099578592860922,0,-0.0011490312800282996,0.000810709459010154,0.007099578592860922,908_GSL_1
73022,115,2026-02-27 23:41:10.040000+00:00,124396.28972885711,426811.6316812936,7.646136835037972,-0.0003619026974774897,-0.002233042847365141,-0.00013545773507406267,0,-0.0021013521702742213,0.0008377189129379367,-0.00013545773507406267,24_KW_0
73023,166,2026-02-27 23:41:13.300000+00:00,124091.05182318679,427154.2052749752,9.830722803311877,-0.02045764890499413,0.016246995655819774,0.0008691842490726742,0,0.021626159613481938,-0.014655698104574785,0.0008691842490726742,907_GSL_1
73024,106,2026-02-27 23:41:14.640000+00:00,124410.03245535423,426969.4499394047,8.929125225378671,0.00025153601018246263,0.00037806376349180937,0.005238001040140716,0,0.0004274610794425212,0.00015323054279724156,0.005238001040140716,37_P9_0
73025,114,2026-02-27 23:41:27.740000+00:00,124396.2988546005,426811.6268705313,9.990195407684292,-0.00016604451229795814,-0.0026682245079427958,-0.000488669965891475,0,-0.0023735446505662935,0.0012301538914375602,-0.000488669965891475,23_KW_0
73026,125,2026-02-27 23:41:30.800000+00:00,124339.66267341808,426609.59092716017,6.667562691983547,0.0048078544496092945,-0.0003066862700507045,-0.005953246145566915,0,0.0003942254021026127,0.004801469276086492,-0.005953246145566915,17_P5_1
73027,160,2026-02-27 23:41:34.900000+00:00,124421.81197498142,426965.61762168526,5.602841015040839,0.0007688207842875272,-0.0010163533734157681,0.010659785153500856,0,-0.0005096115161763306,0.0011680563687539063,0.010659785153500856,38a_P9_0
73028,119,2026-02-27 23:41:44.830000+00:00,124401.10355917473,426812.31836277596,9.181251366172697,0.00020521992701105773,-0.0018495798576623201,0.007947363907405247,0,-0.0013579461593826215,0.0012724162434245253,0.007947363907405247,28_KW_1
73029,146,2026-02-27 23:41:47+00:00,124350.92256070736,426607.5112791362,11.373799493521092,-0.0037058675807202235,-0.000586260634008795,-0.005522019702990377,0,-0.0013557366148928434,-0.0034984474110468563,-0.005522019702990377,13_P5_1
73030,150,2026-02-27 23:42:00.890000+00:00,124401.10345505152,426812.31844496855,9.18116173043875,-1.9332368260802468,-0.5165987837826833,2.56734016776719,0,-1.6108669565575704,-1.1871758830895807,2.56734016776719,27_KW_1
73031,148,2026-02-27 23:42:03.210000+00:00,124351.03688709108,426607.39774193807,8.010248338127704,-0.004231323589920066,-0.0007139566587284207,-0.0052080770846778535,0,-0.0015947150033234895,-0.003983806909393533,-0.0052080770846778535,14_P5_1
73032,169,2026-02-27 23:42:16.930000+00:00,124669.37776151818,426931.30245349254,13.807304746093802,0.0010216890077572316,-0.008396991761401296,-0.01714356449362775,0,-0.002914860389305184,0.007940837989813971,-0.01714356449362775,908_GSL_1
73033,168,2026-02-27 23:42:20.110000+00:00,124669.36767552013,426931.31159422337,13.79193313962189,-0.009056451221113093,0.0038536509964615107,-0.009406880313338917,0,-0.002181149406455443,-0.009597526868399417,-0.009406880313338917,908_GSL_1
73034,62,2026-02-27 23:42:36.040000+00:00,124390.61112943149,426780.87973005645,7.443527039085589,0.00044921846711076796,0.00048484845319762826,-0.0012708344967391483,0,0.0003670544669511747,-0.0005496783350766791,-0.0012708344967391483,19_P6_1
73035,72,2026-02-27 23:42:53.140000+00:00,124390.52393380342,426780.8899656285,10.98658068710273,-2.589944051578641e-05,0.0030346967978402972,-0.0005046344640273759,0,-0.0005061551551475012,-0.0029923005187913183,-0.0005046344640273759,18_P6_1
73036,139,2026-02-27 23:45:21.090000+00:00,123928.0882069039,426940.4356188841,7.1292621792932405,0.0013369802181841806,0.00451487151440233,-0.007339651446015338,0,0.00022847372187744785,0.004703124562861255,-0.007339651446015338,905_GSL_1
73037,133,2026-02-27 23:45:30.610000+00:00,124806.23411809075,426258.51731752616,4.591200833221739,0.012221997225424275,0.005833712813910097,0.003043729037173648,0,0.0013930056282421117,-0.013471041410861423,0.003043729037173648,903_GSL_1
73038,143,2026-02-27 23:45:39.040000+00:00,124266.9223766788,427056.3151958207,7.10368140678352,0.0028092507127439603,0.0009689446887932718,-0.0018603314392580117,0,-0.0001681090712670732,0.0029668978272179955,-0.0018603314392580117,906_GSL_1
73039,138,2026-02-27 23:45:43+00:00,123928.08103729472,426940.42808571877,7.118558352901426,-0.005581583958701231,-0.003635433269664645,0.0006222893034983912,0,0.0005422554088454921,-0.0066390069752782525,0.0006222893034983912,905_GSL_1
73040,132,2026-02-27 23:45:49.120000+00:00,124806.22403549295,426258.51182614686,4.583414691059055,0.009901205179630779,0.006684396415948868,0.0007825168487336498,0,-0.0008358588344216243,-0.011917061695888662,0.0007825168487336498,903_GSL_1
73041,153,2026-02-27 23:45:50.300000+00:00,124370.27792789698,426819.49535875005,9.734753763515384,0.004089092108188197,-0.0037643471732735634,0.008673286402395064,0,0.002557085097940011,-0.00493480493151176,0.008673286402395064,29_KW_1
73042,152,2026-02-27 23:45:57.130000+00:00,124370.27456868008,426819.49777923437,9.727691588346831,-0.0012029817880829796,-0.0013908035471104085,-0.001229362881048246,0,-0.0010765891024863044,-0.0014907902580584404,-0.001229362881048246,29_KW_1
73043,125,2026-02-27 23:46:02.380000+00:00,124339.66296187525,426609.59078237665,6.666955374520403,0.005096311622764915,-0.0004514697939157486,-0.006560563608711156,0,0.0002928322153848308,0.005107882773202603,-0.006560563608711156,17_P5_1
73044,136,2026-02-27 23:46:10.300000+00:00,123855.62262567703,426533.0653144346,6.031139167357948,0.006855565239675343,-0.008794091525487602,0.008846624921210022,0,-0.00041515055684313067,-0.011142821479735308,0.008846624921210022,904_GSL_1
73045,150,2026-02-27 23:46:15.660000+00:00,124401.10346245875,426812.3185038005,9.181122316758232,-1.9332294188498054,-0.5165399518446065,2.5673007540866717,0,-1.61081638373177,-1.1872068419863857,2.5673007540866717,27_KW_1
73046,146,2026-02-27 23:46:18.310000+00:00,124350.92278582952,426607.51132891537,11.373950900341157,-0.00348074542125687,-0.0005364814423955977,-0.00537061288292584,0,-0.0012595332348905998,-0.003288917307540819,-0.00537061288292584,13_P5_1
73047,135,2026-02-27 23:46:22.380000+00:00,123855.61598883868,426533.0709754395,6.026369261812654,0.002338560443604365,-0.005659481801558286,0.005170814694296588,0,0.0012423987714372921,-0.005996252538318543,0.005170814694296588,904_GSL_1
73048,140,2026-02-27 23:46:28.430000+00:00,123928.088124894,426940.4221623677,7.1410313458301475,0.0006011615332681686,-0.012276309251319617,0.005457639627803879,0,-0.0010010094011422266,-0.012250189557796312,0.005457639627803879,905_GSL_1
73049,129,2026-02-27 23:46:34.290000+00:00,124898.93868464077,426720.77375994466,4.085828735715044,-0.0009870580106507987,0.0012572745326906443,-0.00585600953056975,0,-0.0011289055707962544,-0.0011316337654769643,-0.00585600953056975,901_GSL_1
73050,148,2026-02-27 23:46:34.310000+00:00,124351.0367418772,426607.3977726734,8.010381095506835,-0.004376537472126074,-0.0006832213257439435,-0.005075319705547088,0,-0.00159546163389074,-0.004132235932235439,-0.005075319705547088,14_P5_1
73051,145,2026-02-27 23:46:45.010000+00:00,124266.917838735,427056.31205610256,7.1169583338243605,-0.00048501783749088645,-0.00269050506176427,0.008991397532714274,0,-0.001552008911707773,-0.0022506283851500557,0.008991397532714274,906_GSL_1
73052,6,2026-02-27 23:46:45.210000+00:00,124399.03736034388,426925.0744395668,8.57833913181524,-0.0018104004993801937,-0.0010096480837091804,0.031032435993681773,11,-0.002048468988318562,0.000317354730531628,0.031032435993681773,TS5
73053,149,2026-02-27 23:46:52.340000+00:00,124351.04093653495,426607.3958513557,8.012716875337802,-0.0003751571202883497,-0.0008811097941361368,0.000491031370003725,0,0.0009291517271060314,0.00023189308364319878,0.000491031370003725,14_P5_1
73054,147,2026-02-27 23:47:07.540000+00:00,124350.9271619672,426607.5092966742,11.372485787658881,0.0006546216172864661,-0.0006960658938623965,-0.001733854013561853,0,0.0005838734771209882,-0.000756392063107389,-0.001733854013561853,13_P5_1
73055,126,2026-02-27 23:47:26.340000+00:00,124339.65749854116,426609.5876490223,6.668175123917516,0.0006779370160074905,-0.0008411387680098414,-0.002482065217941809,0,0.0006701625569031618,-0.0008473459577098783,-0.002482065217941809,17_P5_1
73056,131,2026-02-27 23:47:40.380000+00:00,124806.22229887321,426258.5165518185,4.610043625088983,0.003754377059522085,0.010267754027154297,-0.001460847683579125,0,-5.1686808212908626e-05,-0.010932495064762926,-0.001460847683579125,903_GSL_1
73057,3,2026-02-27 23:47:40.580000+00:00,124314.9018115868,426440.7909703487,7.061643729579167,-0.005427765136118978,-0.0051069348701275885,-0.01678536591191726,11,-0.007210805406451119,0.0018830038584371198,-0.01678536591191726,TS2
73058,121,2026-02-27 23:47:41.550000+00:00,124329.25857970721,426611.32680007874,11.347808653966542,-0.0009630624990677461,-0.0009164138464257121,-0.006490868107579928,0,0.0011483885737315692,0.0006697069499073106,-0.006490868107579928,15_P5_1
73059,123,2026-02-27 23:47:56.940000+00:00,124329.15054853405,426611.38843089,8.07567740136338,0.0007919219206087291,-0.0018471296643838286,-0.002438243690685127,0,0.001552586268926383,-0.0012761285996828794,-0.002438243690685127,16_P5_1
73060,4,2026-02-27 23:47:57.140000+00:00,124378.9702354705,426782.73965358286,7.774667399797377,-0.001621948104002513,-0.0024884575977921486,-0.014057862225788753,11,-0.00286660576875628,0.0007782725966009816,-0.014057862225788753,TS3
73061,68,2026-02-27 23:51:21.940000+00:00,123928.08667973398,426940.4317161263,7.1315815663910165,-0.022270627872785553,-0.01601887895958498,0.012768285350790443,0,0.015732630884905976,-0.022473755236035425,0.012768285350790443,905_GSL_1
73062,68,2026-02-27 23:51:25.390000+00:00,123928.0781131031,426940.42556940374,7.1138977778899415,-0.03083725876058452,-0.022165601490996778,-0.00491550315028455,0,0.0013491277042722229,-0.037953000826844906,-0.00491550315028455,905_GSL_1
73063,71,2026-02-27 23:51:26.360000+00:00,124806.22748767145,426258.51305508654,4.594917009188192,-0.0002742640353972092,-0.0020510455360636115,0.003413346038924736,0,0.0016073205051769957,0.001303276388858632,0.003413346038924736,903_GSL_1
73064,69,2026-02-27 23:51:39.670000+00:00,124266.921206195,427056.3148223669,7.102810941441188,-0.021391001660958864,-1.6017118468880653e-05,0.012309570513755475,0,0.008091333161739442,-0.01980165488723012,0.012309570513755475,906_GSL_1
73065,69,2026-02-27 23:51:44.020000+00:00,124266.93063111951,427056.31589876214,7.069691809930164,-0.011966077145189047,0.0010603780974633992,-0.02080956099726805,0,0.0019867056030389006,-0.011847548472196667,-0.02080956099726805,906_GSL_1
73066,67,2026-02-27 23:51:46+00:00,123855.60659414806,426533.0871386761,6.032369638161068,-0.011400326082366519,-0.003964028612244874,-0.0120385101765077,0,0.011564942949508302,0.0034544250169312647,-0.0120385101765077,904_GSL_1
73067,71,2026-02-27 23:51:51.710000+00:00,124806.2249572516,426258.5123254493,4.588664459546324,-0.002804683885187842,-0.0027806827565655112,-0.0028392036029432077,0,0.0010049481240984454,0.00381949310201814,-0.0028392036029432077,903_GSL_1
73068,66,2026-02-27 23:51:56.720000+00:00,124898.93880199372,426720.77437133674,4.085001395379187,0.001196330034872517,0.00016618194058537483,0.002714864975422948,0,0.0011682591052636433,-0.0003065822119487532,0.002714864975422948,901_GSL_1
73069,68,2026-02-27 23:52:03.700000+00:00,123928.08799813692,426940.4305792916,7.152062235198688,-0.020952224935172126,-0.017155713634565473,0.03324895415846196,0,0.020381325556093566,-0.017830193734836186,0.03324895415846196,905_GSL_1
73070,67,2026-02-27 23:52:11.360000+00:00,123855.6140392657,426533.07359798776,6.0240544164793555,-0.003955208449042402,-0.01750471693230793,-0.020353731858220314,0,0.013100966296755931,-0.012264724654343835,-0.020353731858220314,904_GSL_1
73071,69,2026-02-27 23:52:20.540000+00:00,124266.92102792971,427056.3145760266,7.125349221111902,-0.02156926694442518,-0.0002623574691824615,0.034847850184469564,0,0.01511626534523262,-0.01538832771856734,0.034847850184469564,906_GSL_1
73072,149,2026-02-27 23:52:34.840000+00:00,124351.04054382326,426607.3958100371,8.010821814418337,-0.0007678688125452027,-0.0009224283858202398,-0.001404029549460617,0,0.001031727469797725,0.0006132169830584417,-0.001404029549460617,14_P5_1
73073,71,2026-02-27 23:52:40.500000+00:00,124806.22163648627,426258.51562299114,4.610482797763483,-0.006125449217506684,0.0005168590578250587,0.01897913461421563,0,-0.00592274680333151,0.0016460078084673344,0.01897913461421563,903_GSL_1
73074,147,2026-02-27 23:52:50.130000+00:00,124350.92685873121,426607.5092364574,11.372123302638977,0.0003513856208883226,-0.000756282708607614,-0.002096339033466066,0,0.0006912524833419864,-0.0004664819333902204,-0.002096339033466066,13_P5_1
73075,162,2026-02-27 23:53:00.360000+00:00,124402.99707765019,426879.64531344426,6.561193842330249,0.00164952187333256,-0.0024201436317525804,0.016520799039682288,0,0.0025541907816961436,-0.001433222613418296,0.016520799039682288,34a_P7_0
73076,126,2026-02-27 23:53:05.500000+00:00,124339.65706187768,426609.5876505549,6.667399317297522,0.00024127353390213102,-0.0008396061602979898,-0.0032578718379356886,0,0.0007653485390405883,-0.00042118052704320693,-0.0032578718379356886,17_P5_1
73077,159,2026-02-27 23:53:09.850000+00:00,124421.80602149315,426965.61704611493,5.59387544013032,-0.0019291592616355047,-0.0011277937446720898,0.004649543580705462,0,-0.0010093406005832316,-0.0019936914854836044,0.004649543580705462,38a_P9_0
73078,104,2026-02-27 23:53:18.410000+00:00,124389.81632239555,426881.44389947644,10.738955848652049,-0.0007738147251075134,-0.00044009170960634947,0.013043980591842086,0,0.0005905770556240252,0.0006660996044345867,0.013043980591842086,33_P7_0
73079,121,2026-02-27 23:53:20.940000+00:00,124329.25830979146,426611.3269141611,11.352016734197825,-0.0012329782475717366,-0.0008023314876481891,-0.0022827878762967657,0,0.00111399936518848,0.0009607167061191817,-0.0022827878762967657,15_P5_1
73080,110,2026-02-27 23:53:26.560000+00:00,124434.13946450345,426963.93340821884,8.748577935381775,-0.0006213390297489241,0.0013216453953646123,-0.002482424876014022,0,0.0011635266878398441,-0.0008826179171432327,-0.002482424876014022,35_P9_0
73081,105,2026-02-27 23:53:35.690000+00:00,124389.68704785069,426881.47178692167,7.075425143887042,-0.001637586668948643,-0.0001662924769334495,0.0131292471642519,0,0.0005059047441552208,0.0015663344713196523,0.0131292471642519,34_P7_0
73082,123,2026-02-27 23:53:37.340000+00:00,124329.1502305557,426611.38847121474,8.075646808720798,0.00047394356806762516,-0.0018068049103021622,-0.0024688363332678875,0,0.0016026406816612672,-0.0009595359998921275,-0.0024688363332678875,16_P5_1
73083,111,2026-02-27 23:53:44.390000+00:00,124434.26124904165,426963.97663789033,6.465322989256056,-0.00044171766785439104,-0.0014258890296332538,0.004030479641287776,0,-0.0014868954839907774,-0.00013196909718193853,0.004030479641287776,36_P9_0
73084,156,2026-02-27 23:53:48.650000+00:00,124272.34652134764,426258.4827379652,9.071353608677718,0.00013488961849361658,-0.00044609513133764267,0.002030196663953987,0,0.00040375522447337045,-0.00023276123837735597,0.002030196663953987,00a_LHZ_0
73085,65,2026-02-27 23:53:53.210000+00:00,124370.27580762416,426819.4953635547,9.741646405638276,-0.002666866988874972,-0.0030938691925257444,0.006267137887823182,0,0.003686016019899748,0.001759969322986449,0.006267137887823182,30_KW_1
73086,118,2026-02-27 23:53:54.940000+00:00,124372.25949584249,426775.1113269814,6.164879488639073,-0.0005315195012371987,-0.0013375174021348357,-0.0006525803512884565,0,0.0013553222254279133,-0.0004843216353520548,-0.0006525803512884565,22_P6_1
73087,176,2026-02-27 23:53:57.870000+00:00,124446.56332612272,427019.0008758897,7.868794197444698,-0.003919951224816032,-0.0020652523962780833,-0.049618726202487196,0,-0.0028586524370001975,-0.003385172271790892,-0.049618726202487196,41_LHN_0
73088,179,2026-02-27 23:54:01.880000+00:00,124272.35034579346,426258.505652307,6.498287591955635,0.002148767263861373,-0.0008371666772291064,0.002404535847057687,0,0.00032676770440674967,-0.0022828209888341787,0.002404535847057687,00c_LHZ_0
73089,153,2026-02-27 23:54:08.920000+00:00,124370.27469417674,426819.4956027379,9.740527722371974,0.00085537186532747,-0.0035203593433834612,0.01444724525898522,0,0.00317171136199241,-0.0017506678642019112,0.01444724525898522,29_KW_1
73090,109,2026-02-27 23:54:11.320000+00:00,124446.56890800194,427018.9671540126,10.348299662937054,-0.000146812031744048,0.001963543996680528,-0.037525578530914316,0,0.0018861877864150636,-0.0005651145317045025,-0.037525578530914316,40_LHN_0
73091,74,2026-02-27 23:54:12.510000+00:00,124369.34618325374,426785.7271454739,7.228746153165777,-0.00012995555880479515,0.0006791771738789976,-0.001307681591295129,0,0.00032541418449256077,0.0006101439906395623,-0.001307681591295129,21_P6_1
73092,102,2026-02-27 23:54:21.960000+00:00,124282.39426109336,426301.7929082406,6.899274782572275,0.0009721475362312049,-0.0006496240384876728,-0.004023201194461201,0,0.00041116917510696644,-0.0010945419740801593,-0.004023201194461201,02_P1_0
73093,163,2026-02-27 23:54:26.550000+00:00,124091.05771961344,427154.2079712373,9.878662171722642,-0.025595055980375037,0.004987535532563925,0.021892098727134268,0,0.023511914113047948,-0.011277069480489002,0.021892098727134268,907_GSL_1
73094,167,2026-02-27 23:54:28.190000+00:00,124669.37385077064,426931.3056420303,13.812527841686986,-0.002382217309786938,-0.0007785868365317583,0.0031558768702026896,0,-0.0024179237264061247,0.0006593948940895484,0.0031558768702026896,908_GSL_1
73095,73,2026-02-27 23:54:30.240000+00:00,124369.48958023275,426785.70059707045,11.405469182222896,0.00024066831974778324,0.004130416258703917,-0.0005854338401789505,0,0.000999892815267645,0.004014781945295663,-0.0005854338401789505,20_P6_1
73096,103,2026-02-27 23:54:40.350000+00:00,124282.313303698,426301.7966598624,9.293443568081132,0.0015852908400120214,-0.0007842908380553126,-0.004507917709981157,0,0.00040169840294536287,-0.0017224684493930998,-0.004507917709981157,01_P1_0
73097,108,2026-02-27 23:54:42.720000+00:00,124422.71247715871,427023.834823659,10.33232681803483,0.0017523187270853668,-0.003995835722889751,0.004004333692172679,0,-0.0034773154343252484,0.002635450894215134,0.004004333692172679,39_LHN_0
73098,151,2026-02-27 23:54:46.370000+00:00,124403.03720062727,426812.8389682116,6.572045992890708,0.00021528181969188154,0.0012842858559451997,-0.03669930958502121,0,-0.00130144316885353,4.4520780712208105e-05,-0.03669930958502121,27_KW_1
73099,100,2026-02-27 23:54:56.460000+00:00,124292.48414357976,426345.9291080705,7.582146813077633,0.00042030644544865936,-0.0011269092210568488,-0.006352755891465556,0,0.0010000377628042777,-0.000668211324024111,-0.006352755891465556,06_P2_0
73100,177,2026-02-27 23:54:56.720000+00:00,124422.72783834854,427023.8955133503,7.797922895466872,0.0013325114850886166,-0.0039061871939338744,0.004790275733717486,0,-0.003487963875438822,0.0022063529308748095,0.004790275733717486,42_LHN_0
73101,113,2026-02-27 23:55:01.540000+00:00,124414.07869138522,426875.91538022895,7.300268743506143,0.001456771045923233,0.0001480907667428255,-0.003081201619133722,0,-0.0004889554588925046,-0.0013802301672742733,-0.003081201619133722,32_P7_0
73102,152,2026-02-27 23:55:13.430000+00:00,124370.27438766656,426819.49754070025,9.727502274629604,-0.00138399530260358,-0.0016293376684188843,-0.0014186765982753258,0,-0.0012670576488513449,-0.001721844693880596,-0.0014186765982753258,29_KW_1
73103,107,2026-02-27 23:55:13.680000+00:00,124409.9215657346,426969.52414821106,6.302275559789597,0.0007482273067580536,-0.0002628420479595661,0.013195236359563545,0,-7.735558994522523e-05,0.0007892693820605328,0.013195236359563545,38_P9_0
73104,112,2026-02-27 23:55:17.940000+00:00,124413.95240734484,426875.8678238184,10.665969548042842,0.0016727200272725895,0.000557752966415137,-0.003296058877822361,0,-0.0009418453689479088,-0.0014906401182629813,-0.003296058877822361,31_P7_0
73105,101,2026-02-27 23:55:18.160000+00:00,124292.40630321504,426345.8822085847,10.21079749529751,0.0009843442094279453,-0.0011849412112496793,-0.004821002302774602,0,0.0009259674320415642,-0.0012310984979076755,-0.004821002302774602,05_P2_0
73106,117,2026-02-27 23:55:30.240000+00:00,124377.6793208265,426815.90366187465,7.61651199198419,-0.0006963175837881863,-0.002044163877144456,-0.000923048188269604,0,-0.00201556655206228,-0.0007752132663484577,-0.000923048188269604,26_KW_0
73107,106,2026-02-27 23:55:31.100000+00:00,124410.03287868811,426969.4494164667,8.936831041031352,0.0006748698942828923,-0.0001448742114007473,0.012943816692821741,0,2.168295208882007e-05,0.0006899041679299413,0.012943816692821741,37_P9_0
73108,98,2026-02-27 23:55:34.670000+00:00,124302.66073567985,426390.0769321763,7.97420917931149,-0.00010995370394084603,-0.0009798322571441531,-0.004841615819380252,0,0.000978278976578111,-0.0001230094026316718,-0.004841615819380252,10_P3_0
73109,161,2026-02-27 23:55:34.730000+00:00,124402.9905535212,426879.64557199704,6.545755939801718,-0.0008502253913320601,-0.0019348899368196726,0.004131618977996077,0,0.002105471596718433,-0.00018349833537044331,0.004131618977996077,34a_P7_0
73110,116,2026-02-27 23:55:46.150000+00:00,124377.68634625424,426815.897865315,10.004438495742495,-0.0010136373311979696,-0.002196248562540859,-0.0006212595346291039,0,-0.002155443159705855,-0.0010977400297603127,-0.0006212595346291039,25_KW_0
73111,160,2026-02-27 23:55:47.550000+00:00,124421.81254671104,426965.61660842225,5.60989290553375,0.0013405503996182233,-0.0020296163856983185,0.017711675646411074,0,-0.0011130522112457878,0.002162760463401471,0.017711675646411074,38a_P9_0
73112,99,2026-02-27 23:55:52.660000+00:00,124302.53827916118,426390.13383546023,11.083450146480985,0.0001988700096262619,-0.0009808317408896983,-0.004305056268382401,0,0.0009057121287683859,-0.00042575312619792317,-0.004305056268382401,09_P3_0
73113,115,2026-02-27 23:56:03.640000+00:00,124396.28977012433,426811.6315402398,7.646201764403983,-0.00032063547405414283,-0.0023740966571494937,-7.052836906318305e-05,0,-0.002201116315719704,0.0009456368274252237,-7.052836906318305e-05,24_KW_0
73114,166,2026-02-27 23:56:15.300000+00:00,124091.05315910678,427154.2056696259,9.837021151703574,-0.019121728910249658,0.016641646332573146,0.007167532640769636,0,0.021602786363643916,-0.013262900531267028,0.007167532640769636,907_GSL_1
73115,114,2026-02-27 23:56:19.750000+00:00,124396.29897414609,426811.6268596515,9.990164140539244,-4.649892798624933e-05,-0.0026791043346747756,-0.000519937110938784,0,-0.002321379912358203,0.0013382665985807402,-0.000519937110938784,23_KW_0
73116,125,2026-02-27 23:56:31.560000+00:00,124339.65769961271,426609.59009235445,6.668539140455583,-0.00016595091437920928,-0.0011414919863454998,-0.004976797673530875,0,-0.0011534910347179724,1.4469621805791593e-06,-0.004976797673530875,17_P5_1
73117,150,2026-02-27 23:56:36.840000+00:00,124401.1056048118,426812.31711835746,9.18048622524265,-1.9310870657936903,-0.5179253948736005,2.566664662571089,0,-1.6105603698235065,-1.1846684200588067,2.566664662571089,27_KW_1
73118,170,2026-02-27 23:56:43.050000+00:00,124669.38052414851,426931.34492950357,13.792774560147375,-0.007522667961893603,0.046432531846221536,0.006584429475987363,0,0.03177123755375212,-0.034686582582006104,0.006584429475987363,908_GSL_1
73119,146,2026-02-27 23:56:46.680000+00:00,124350.92324531659,426607.5111279959,11.373923934781372,-0.0030212583515094593,-0.0007374009001068771,-0.0053975784427109375,0,-0.0013588738911241218,-0.0027973601595191987,-0.0053975784427109375,13_P5_1
73120,119,2026-02-27 23:56:52.440000+00:00,124401.10574898939,426812.31688655954,9.180463051025415,0.0023950345785124227,-0.0033257962786592543,0.007159048760122744,0,-0.0012279603957624625,0.00391014383186256,0.007159048760122744,28_KW_1
73121,148,2026-02-27 23:57:02.860000+00:00,124351.03794352547,426607.3974604821,8.010450255780393,-0.0031748891924507916,-0.0009954126435332,-0.005006159431989232,0,-0.0016458240510356127,-0.002891717639791153,-0.005006159431989232,14_P5_1
73122,169,2026-02-27 23:57:08.120000+00:00,124669.37756276528,426931.3030812014,13.806822882524479,0.0008229361119447276,-0.007769282907247543,-0.017625428062951087,0,-0.0028059107198165015,0.007291491326855595,-0.017625428062951087,908_GSL_1
73123,92,2026-02-27 23:57:10.420000+00:00,124278.32753460204,426395.66789984517,11.09533060907593,0.013558799459133297,0.029609219986014068,-0.006458374151289803,0,-0.03126957055965598,-0.009097302235710557,-0.006458374151289803,11_P3_0
73124,168,2026-02-27 23:57:18.870000+00:00,124669.36891633566,426931.31058366474,13.791242292225931,-0.007815635690349154,0.002843092370312661,-0.010097727709297288,0,-0.002273443513738096,-0.007999924378407068,-0.010097727709297288,908_GSL_1
73125,62,2026-02-27 23:57:27.150000+00:00,124390.6111778989,426780.87971634226,7.443527221429477,0.0004976858763257042,0.00047113426262512803,-0.0012706521528516035,0,0.00041707901801615616,-0.0005437865552255647,-0.0012706521528516035,19_P6_1
73126,93,2026-02-27 23:57:28.050000+00:00,124278.28222393736,426395.82059251907,7.942841218496925,0.014100357686402276,0.02924241655273363,-0.0058843017825926935,0,-0.030998630124094043,-0.009644892075999755,-0.0058843017825926935,12_P3_0
73127,72,2026-02-27 23:57:44.740000+00:00,124390.52386962663,426780.88977484225,10.986512826336185,-9.007622429635376e-05,0.0028439105371944606,-0.0005724952305730113,0,-0.000539308681123872,-0.0027937585823069253,-0.0005724952305730113,18_P6_1
73128,94,2026-02-27 23:57:44.850000+00:00,124268.23843183352,426351.5856966968,10.208791199401023,0.01420933443296235,0.02972367632901296,-0.005702739889937192,0,-0.03181736598758541,-0.008547358723707467,-0.005702739889937192,07_P2_0
73129,95,2026-02-27 23:58:01.350000+00:00,124268.12426883864,426351.57878849993,7.186732892875947,0.014720936407684349,0.029597489919979125,-0.006937965369173682,0,-0.03179720005798258,-0.009036340340811947,-0.006937965369173682,08_P2_0
73130,139,2026-02-28 00:01:40.340000+00:00,123928.08722113227,426940.4333725007,7.132901257897133,0.0003512085822876543,0.0022684881114400923,-0.0037005728421224404,0,0.0004173788186433884,0.0022572506953737748,-0.0037005728421224404,905_GSL_1
73131,143,2026-02-28 00:01:56.520000+00:00,124266.91870067197,427056.31419883156,7.103506848080541,-0.000866756119648926,-2.8044451028108597e-05,-0.0020348901422364563,0,0.0003025651034314179,-0.0008127158300217036,-0.0020348901422364563,906_GSL_1
73132,152,2026-02-28 00:02:14.320000+00:00,124370.27453149571,426819.49762845517,9.727511425494916,-0.0012401661515468732,-0.0015415827510878444,-0.0014095257329636013,0,-0.001214762097851167,-0.001561679386916015,-0.0014095257329636013,29_KW_1
73133,132,2026-02-28 00:02:29.800000+00:00,124806.22441847582,426258.51212938636,4.587923698162459,0.010284188043442555,0.006987635919358581,0.005291523952138277,0,-0.0009068833577000144,-0.01240036862475966,0.005291523952138277,903_GSL_1
73134,150,2026-02-28 00:02:38.840000+00:00,124401.10587006826,426812.3168568043,9.18056631550823,-1.9308218093356118,-0.5181869480293244,2.5667447528366694,0,-1.610598970424699,-1.1842979055038856,2.5667447528366694,27_KW_1
73135,135,2026-02-28 00:02:47.570000+00:00,123855.61715733544,426533.0691857813,6.023584222216952,0.0035070572048425674,-0.007449140015523881,0.0023857750985945003,0,0.0012802825165039416,-0.008133265880742596,0.0023857750985945003,904_GSL_1
73136,129,2026-02-28 00:02:56.910000+00:00,124898.93835527862,426720.7716246725,4.084172634932262,-0.0013164201664039865,-0.0008779976051300764,-0.007512110313351528,0,-0.001203269785775512,0.0010276106615683795,-0.007512110313351528,901_GSL_1
73137,149,2026-02-28 00:03:13.730000+00:00,124351.04075436546,426607.3958737413,8.010724723458024,-0.0005573266098508611,-0.0008587241754867136,-0.0015011205097739122,0,0.0009356990803434032,0.0004153160130041936,-0.0015011205097739122,14_P5_1
73138,147,2026-02-28 00:03:29.730000+00:00,124350.92702660624,426607.5092933296,11.371458296284235,0.0005192606477066875,-0.0006994105060584843,-0.0027613453882082695,0,0.0006085664546283286,-0.0006232604163131652,-0.0027613453882082695,13_P5_1
73139,133,2026-02-28 00:03:39.030000+00:00,124806.22297033136,426258.5103635711,4.599833562126804,0.0010742378362920135,-0.001120242231991142,0.011676457942238372,0,0.0015159857241231526,-0.00033274144844404763,0.011676457942238372,903_GSL_1
73140,126,2026-02-28 00:03:47.020000+00:00,124339.65681405657,426609.5878542081,6.667791085005825,-6.5475760493427515e-06,-0.0006359529797919095,-0.0028661041296329515,0,0.0006216191907266117,-0.00013441965994125707,-0.0028661041296329515,17_P5_1
73141,153,2026-02-28 00:03:56.990000+00:00,124370.27404756537,426819.4957145379,9.740122873509234,0.00020876049529761076,-0.0034085593069903553,0.014042396396245493,0,0.0032338141098171634,-0.001097407762326704,0.014042396396245493,29_KW_1
73142,121,2026-02-28 00:04:03.220000+00:00,124329.25851245713,426611.3269927412,11.351306583450906,-0.0010303125745849684,-0.0007237513782456517,-0.0029929386232154798,0,0.0009820809909871495,0.0007879574772803956,-0.0029929386232154798,15_P5_1
73143,136,2026-02-28 00:04:15.140000+00:00,123855.61169641941,426533.0797971601,6.04353866033866,-0.00407369238382671,0.005688634002581239,0.021246117901921657,0,-2.4198106903038702e-05,0.006996780752960142,0.021246117901921657,904_GSL_1
73144,123,2026-02-28 00:04:18.340000+00:00,124329.15094801039,426611.3882591471,8.075952399346727,0.0011913982598343864,-0.0020188725320622325,-0.0021632457073383904,0,0.0016059710708864272,-0.0017076688887860186,-0.0021632457073383904,16_P5_1
73145,4,2026-02-28 00:04:18.540000+00:00,124378.96955661132,426782.74012924905,7.7748247350122455,-0.002300807274878025,-0.00201279140310362,-0.013900527010920705,11,-0.003056833279713985,-2.8524525807181256e-05,-0.013900527010920705,TS3
73146,140,2026-02-28 00:04:34.390000+00:00,123928.08802866426,426940.4293069259,7.150236037763938,0.0005049317987868562,-0.005131751007866114,0.014662331561594577,0,-0.0006719462419965002,-0.005112564207521289,0.014662331561594577,905_GSL_1
73147,145,2026-02-28 00:04:51.020000+00:00,124266.92045510632,427056.31380972755,7.1257451342729095,0.0021313534816727042,-0.0009368800674565136,0.017778197981263233,0,-0.0021723748315499443,0.000837376567551321,0.017778197981263233,906_GSL_1
73148,6,2026-02-28 00:04:51.220000+00:00,124399.03768908026,426925.0748566903,8.572490906936926,-0.0014816641196375713,-0.0005925245932303369,0.02518421111536817,11,-0.0015826317288600092,-0.00020418317220019362,0.02518421111536817,TS5
73149,68,2026-02-28 00:06:21.410000+00:00,123928.08771002862,426940.43430521653,7.130237468807373,-0.02124033324071206,-0.013429788697976619,0.011424187767146599,0,0.015614970919851192,-0.01968968419810231,0.011424187767146599,905_GSL_1
73150,71,2026-02-28 00:06:26.930000+00:00,124806.22629771288,426258.5127501373,4.590558962422248,-0.0014642226014984772,-0.0023559947730973363,-0.0009447007270191321,0,0.0012472200800847703,0.002477720982966863,-0.0009447007270191321,903_GSL_1
73151,69,2026-02-28 00:06:39.040000+00:00,124266.91876825196,427056.3140603686,7.10184833324293,-0.023828944700653665,-0.0007780154701322317,0.011346962315497144,0,0.008310029910425792,-0.02234652806380455,0.011346962315497144,906_GSL_1
73152,67,2026-02-28 00:06:45.310000+00:00,123855.61093162344,426533.08190729236,6.0367481407975845,-0.007062850709189661,-0.00919541233452037,-0.007660007539991298,0,0.011107579627012358,-0.003325829666674203,-0.007660007539991298,904_GSL_1
73153,138,2026-02-28 00:06:53.990000+00:00,123928.08411362466,426940.4302960483,7.109530643961046,-0.002505254014977254,-0.0014251037500798702,-0.008405419636881462,0,0.00040677855399602863,-0.002853375121861873,-0.008405419636881462,905_GSL_1
73154,66,2026-02-28 00:06:57.020000+00:00,124898.938516874,426720.7738231518,4.084215151659442,0.0009112103143706918,-0.0003820030251517892,0.0019286212556774984,0,0.0009500122778692258,0.0002714907367450651,0.0019286212556774984,901_GSL_1
73155,68,2026-02-28 00:07:02.840000+00:00,123928.08838047965,426940.4305140779,7.145271812673155,-0.020569882210111246,-0.017220927344169468,0.02645853163292866,0,0.01999707487891974,-0.017882879774183236,0.02645853163292866,905_GSL_1
73156,67,2026-02-28 00:07:11.080000+00:00,123855.6130321738,426533.07507096074,6.0259132663723465,-0.004962300343322568,-0.016031743958592415,-0.018494881965229304,0,0.013107349876179047,-0.01048039208592087,-0.018494881965229304,904_GSL_1
73157,125,2026-02-28 00:07:12.780000+00:00,124339.65637671763,426609.5900287796,6.668497252716891,-0.0014888459991198033,-0.0012050668592564762,-0.005018685412222723,0,-0.0014083577116760834,-0.0012982207440708298,-0.005018685412222723,17_P5_1
73158,69,2026-02-28 00:07:18.990000+00:00,124266.92008605416,427056.31381656835,7.1206538015968635,-0.022511142495204695,-0.0010218156967312098,0.030152430669430963,0,0.015249203273031503,-0.016590884343375495,0.030152430669430963,906_GSL_1
73159,146,2026-02-28 00:07:29.040000+00:00,124350.92261856497,426607.5112188806,11.373479268134824,-0.0036480099661275744,-0.000646516215056181,-0.005842245089258569,0,-0.0014024130566736709,-0.003429168637989081,-0.005842245089258569,13_P5_1
73160,149,2026-02-28 00:07:34.370000+00:00,124351.04009482477,426607.3959789972,8.010872835984546,-0.0012168672983534634,-0.0007534682517871261,-0.0013530079832513309,0,0.0009354957186653593,0.0010832027458476958,-0.0013530079832513309,14_P5_1
73161,148,2026-02-28 00:07:44.140000+00:00,124351.0374546712,426607.39761318546,8.010383573725571,-0.0036637434677686542,-0.0008427092689089477,-0.005072841486811086,0,-0.0016002218946972982,-0.003401832593949021,-0.005072841486811086,14_P5_1
73162,147,2026-02-28 00:07:49.310000+00:00,124350.92600515178,426607.5094559017,11.371414677195117,-0.0005021938122808933,-0.00053683842997998,-0.002804964477325811,0,0.0006094522080722185,0.00041105003475548353,-0.002804964477325811,13_P5_1
73163,162,2026-02-28 00:07:58.820000+00:00,124402.99747840606,426879.6457296951,6.555433086486037,0.0020502777479123324,-0.0020038927905261517,0.010760043195469748,0,0.0021742825466771606,-0.0018686146116099578,0.010760043195469748,34a_P7_0
73164,126,2026-02-28 00:08:06.710000+00:00,124339.6567689387,426609.5878657275,6.667590751828145,-5.1665439968928695e-05,-0.0006244335672818124,-0.0030664373073125972,0,0.0006203751057361305,-8.78710749812338e-05,-0.0030664373073125972,17_P5_1
73165,71,2026-02-28 00:08:06.780000+00:00,124806.2248731427,426258.51233825495,4.587293387426184,-0.002888792791054584,-0.0027678771293722093,-0.004210275723083079,0,0.0009517888563739841,0.003885918883074244,-0.004210275723083079,903_GSL_1
73166,104,2026-02-28 00:08:16.760000+00:00,124389.81632799249,426881.44432632567,10.733023803069496,-0.0007682177820242941,-1.3242475688457489e-05,0.007111935009289638,0,0.0001717981710969333,0.0007488787032546954,0.007111935009289638,33_P7_0
73167,121,2026-02-28 00:08:22.140000+00:00,124329.25796159726,426611.32704781403,11.351280730442316,-0.0015811724442755803,-0.00066867854911834,-0.0030187916318062946,0,0.0010826166510812692,0.0013323582428870244,-0.0030187916318062946,15_P5_1
73168,105,2026-02-28 00:08:35+00:00,124389.68767562187,426881.47214108804,7.069448698478392,-0.0010098154889419675,0.00018787389853969216,0.007152801755601956,0,2.800654040111514e-05,0.0010267616846933703,0.007152801755601956,34_P7_0
73169,123,2026-02-28 00:08:36.940000+00:00,124329.15025271628,426611.3884623405,8.076536631699206,0.0004961041558999568,-0.0018156791338697076,-0.0015790133548598817,0,0.0016049750666284526,-0.0009832929808414452,-0.0015790133548598817,16_P5_1
73170,159,2026-02-28 00:08:42.700000+00:00,124421.80600200627,426965.617001097,5.593919969503137,-0.0019486461387714371,-0.0011728116660378873,0.004694072953522088,0,-0.0010531007369797393,-0.0020158590764029426,0.004694072953522088,38a_P9_0
73171,65,2026-02-28 00:08:51.060000+00:00,124370.27449275853,426819.4961089595,9.735094511686283,-0.003981732617830858,-0.0023484643897973,-0.0002847560641701108,0,0.0033124002537105826,0.0032245130158308015,-0.0002847560641701108,30_KW_1
73172,118,2026-02-28 00:08:53.140000+00:00,124372.25959753442,426775.111229846,6.164911351878802,-0.0004298275744076818,-0.0014346527750603855,-0.0006207171115599763,0,0.001361089577957754,-0.0006248323691074588,-0.0006207171115599763,22_P6_1
73173,110,2026-02-28 00:08:59.280000+00:00,124434.13947612142,426963.9333579882,8.748705190817164,-0.0006097210571169853,0.0012714147451333702,-0.002355169440624749,0,0.0011168105429627709,-0.0008608074307077093,-0.002355169440624749,35_P9_0
73174,153,2026-02-28 00:09:06.590000+00:00,124370.27492103624,426819.4959952742,9.73536610076665,0.001082231363398023,-0.00312782300170511,0.00928562365366048,0,0.0027333426076311088,-0.0018663707143079264,0.00928562365366048,29_KW_1
73175,74,2026-02-28 00:09:11.040000+00:00,124369.34575437939,426785.72662709665,7.228836725323193,-0.0005588299100054428,0.0001607999438419938,-0.0012171094338793154,0,0.0005813795663296126,-1.205363474936928e-05,-0.0012171094338793154,21_P6_1
73176,111,2026-02-28 00:09:15.590000+00:00,124434.2612681821,426963.9766867979,6.465293021200804,-0.0004225772136123851,-0.0013769814395345747,0.004000511586035316,0,-0.001435056348030645,-0.00012354215581762226,0.004000511586035316,36_P9_0
73177,163,2026-02-28 00:09:23.820000+00:00,124091.05839638556,427154.2085877792,9.869128370678501,-0.024918283859733492,0.005604077421594411,0.01235829768299368,0,0.023336994089746807,-0.010378403591911507,0.01235829768299368,907_GSL_1
73178,176,2026-02-28 00:09:29.210000+00:00,124446.56288393111,427019.0010826298,7.868761824790232,-0.0043621428339974955,-0.001858512288890779,-0.049651098856953624,0,-0.0027516647370315916,-0.0038614374534790287,-0.049651098856953624,41_LHN_0
73179,73,2026-02-28 00:09:30.740000+00:00,124369.48943031547,426785.69999996753,11.405566637939984,9.075104026123881e-05,0.0035333133419044316,-0.000487978123091537,0,0.0009652515250909103,0.0034001218238024987,-0.000487978123091537,20_P6_1
73180,108,2026-02-28 00:09:41.130000+00:00,124422.71272715948,427023.83530746715,10.327100903942268,0.0020023194956593215,-0.0035120275570079684,-0.0012215804003883335,0,-0.002948566682113879,0.002765786587032468,-0.0012215804003883335,39_LHN_0
73181,109,2026-02-28 00:09:42.710000+00:00,124446.56881180451,427018.9670728135,10.348764110192638,-0.00024300946097355336,0.00188234489178285,-0.03706113127532973,0,0.0017862224360033305,-0.0006416270714846542,-0.03706113127532973,40_LHN_0
73182,131,2026-02-28 00:09:44.100000+00:00,124806.22055840639,426258.5125240807,4.617302413686342,0.002013910241657868,0.006240016198717058,0.005797940913779165,0,-0.00028242703181759334,-0.006550868003051537,0.005797940913779165,903_GSL_1
73183,3,2026-02-28 00:09:44.300000+00:00,124314.90216143601,426440.791324328,7.062650801450084,-0.005077915920992382,-0.004752955574076623,-0.015778294041000507,11,-0.0067341456721756255,0.0017398559870668152,-0.015778294041000507,TS2
73184,177,2026-02-28 00:09:54.460000+00:00,124422.72843980238,427023.89597575413,7.79212281866858,0.0019339653226779774,-0.0034437833819538355,-0.0010098010645744893,0,-0.002898102774471847,0.0026834429674842935,-0.0010098010645744893,42_LHN_0
73185,167,2026-02-28 00:09:58.650000+00:00,124669.37397191081,426931.3082694104,13.813308817844753,-0.00226107714115642,0.0018487932393327355,0.0039368530279695335,0,-0.0021665326955005444,-0.0019587348874693746,0.0039368530279695335,908_GSL_1
73186,107,2026-02-28 00:10:11.440000+00:00,124409.92169672206,426969.5245836921,6.2967810969384495,0.0008792147564236075,0.00017263897461816669,0.007700773508416248,0,0.0003767787352767084,0.0008129333232888903,0.007700773508416248,38_P9_0
73187,152,2026-02-28 00:10:15.340000+00:00,124370.27459110161,426819.49749288964,9.727423506777892,-0.0011805602553067729,-0.0016771482769399881,-0.0014974444499866735,0,-0.0013604069077985809,-0.0015348752081086811,-0.0014974444499866735,29_KW_1
73188,151,2026-02-28 00:10:15.400000+00:00,124403.03651556846,426812.8392052642,6.571860772789075,-0.000469776990939863,0.001521338417660445,-0.036884529686653345,0,-0.0013974698319874142,0.0007630459166728873,-0.036884529686653345,27_KW_1
73189,106,2026-02-28 00:10:28.630000+00:00,124410.0330408017,426969.44977435557,8.93108782283637,0.0008369834831682965,0.00021301466040313244,0.007200598497838939,0,0.00040805202573798244,0.0007611899506262053,0.007200598497838939,37_P9_0
73190,113,2026-02-28 00:10:30.360000+00:00,124414.0786417143,426875.915443081,7.300194062857716,0.0014071001205593348,0.00021094281692057848,-0.0031558822675608056,0,-0.0005382526415337119,-0.0013170845512610284,-0.0031558822675608056,32_P7_0
73191,117,2026-02-28 00:10:32.100000+00:00,124377.6794362374,426815.9036684316,7.616447681853969,-0.0005809066788060591,-0.0020376069005578756,-0.0009873583184907275,0,-0.0020134985603196213,-0.0006596347461083076,-0.0009873583184907275,26_KW_0
73192,112,2026-02-28 00:10:46.740000+00:00,124413.95237816486,426875.867824858,10.665904354902645,0.0016435400466434658,0.0005587925552390516,-0.0033612520180188454,0,-0.0009358716840966774,-0.0014620592312274638,-0.0033612520180188454,31_P7_0
73193,116,2026-02-28 00:10:47.810000+00:00,124377.6864493062,426815.8978700534,10.004462618021343,-0.0009105853678192943,-0.002191510167904198,-0.0005971372557809218,0,-0.0021546900708811064,-0.000994581935569141,-0.0005971372557809218,25_KW_0
73194,160,2026-02-28 00:10:50.020000+00:00,124421.8128492422,426965.61691986845,5.60391793707481,0.0016430815594503656,-0.0017181701841764152,0.011736707187471218,0,-0.0006933552423418636,0.0022740018251346493,0.011736707187471218,38a_P9_0
73195,161,2026-02-28 00:11:02.920000+00:00,124402.99069935645,426879.6456088629,6.5456445572476945,-0.000704390142345801,-0.001898024056572467,0.004020236423972534,0,0.002003096572141844,-0.0002937088943755971,0.004020236423972534,34a_P7_0
73196,115,2026-02-28 00:11:05.340000+00:00,124396.28981053169,426811.6315189604,7.64623608442085,-0.00028022812330164015,-0.0023953760392032564,-3.6208352196531735e-05,0,-0.0021985921220135625,0.0009912350131518464,-3.6208352196531735e-05,24_KW_0
73197,114,2026-02-28 00:11:21.540000+00:00,124396.2989124082,426811.6268449981,9.990112952965085,-0.00010823682532645762,-0.0026937577058561146,-0.0005711246850985674,0,-0.002365704096065337,0.0012928611364240305,-0.0005711246850985674,23_KW_0
73198,119,2026-02-28 00:11:37.340000+00:00,124401.10603342962,426812.3167258994,9.180747486029423,0.0026794748118845746,-0.003486456407699734,0.007443483764131287,0,-0.0011861842245946082,0.004234138700566775,0.007443483764131287,28_KW_1
73199,68,2026-02-28 00:11:38.610000+00:00,123928.08410364023,426940.4304756769,7.128156183045515,-0.024846721629728563,-0.017259328335057944,0.00934290200528931,0,0.0015617446343689785,-0.030212661981685342,0.00934290200528931,905_GSL_1
73200,150,2026-02-28 00:11:52.040000+00:00,124401.10607313641,426812.3166330661,9.180760403244989,-1.9306187411857536,-0.51841068622889,2.566938840573428,0,-1.6106468783185124,-1.1839995763414797,2.566938840573428,27_KW_1
73201,69,2026-02-28 00:12:00.320000+00:00,124266.92749362178,427056.3156173594,7.074122393770561,-0.015103574871318415,0.0007789753726683557,-0.01637897715687142,0,0.0019498757935629306,-0.014997425142817756,-0.01637897715687142,906_GSL_1
73202,169,2026-02-28 00:12:08.130000+00:00,124669.37789585664,426931.3023151357,13.805502541044977,0.0011560274724615738,-0.008535348577424884,-0.018945769542453306,0,-0.0028582791377963442,0.008125196319208113,-0.018945769542453306,908_GSL_1
73203,62,2026-02-28 00:12:25.430000+00:00,124390.6111706891,426780.8796610026,7.4435551692558,0.0004904760717181489,0.000415794609580189,-0.0012427043265281768,0,0.0004186948511087302,-0.0004880026187829803,-0.0012427043265281768,19_P6_1
73204,72,2026-02-28 00:12:42.040000+00:00,124390.5239615432,426780.8896183232,10.986473138731705,1.8403370631858706e-06,0.0026873914757743478,-0.0006121828350522662,0,-0.0004237652441223484,-0.0026537707792458373,-0.0006121828350522662,18_P6_1
73205,71,2026-02-28 00:12:51.810000+00:00,124806.21968457504,426258.5101464298,4.60824493396821,-0.008077360442257486,-0.00495970225892961,0.016741270818942944,0,-0.0058478853612807125,0.007459533163187646,0.016741270818942944,903_GSL_1
73206,156,2026-02-28 00:13:54.420000+00:00,124272.34781877257,426258.48238502804,9.070980845760692,0.001432314544217661,-0.0007990322774276137,0.0016574337469279499,0,0.00045253296747901564,-0.0015764489992680516,0.0016574337469279499,00a_LHZ_0
73207,179,2026-02-28 00:14:07.520000+00:00,124272.35014422139,426258.5056049638,6.497333361901674,0.001947195196407847,-0.0008845098782330751,0.0014503057930967955,0,0.0004186948008898354,-0.0020972890886364485,0.0014503057930967955,00c_LHZ_0
73208,102,2026-02-28 00:14:27.740000+00:00,124282.39536114158,426301.7926038893,6.899132337083134,0.002072195755317807,-0.0009539753082208335,-0.004165646683602198,0,0.00045701110401749514,-0.0022349955230060044,-0.004165646683602198,02_P1_0
73209,103,2026-02-28 00:14:44.320000+00:00,124282.31393453064,426301.79651339416,9.29327792835432,0.002216123481048271,-0.0009307590662501752,-0.004673557436793985,0,0.00040029520056658727,-0.0023700800566782043,-0.004673557436793985,01_P1_0
73210,100,2026-02-28 00:15:00.320000+00:00,124292.48528629645,426345.928840751,7.582130970020894,0.0015630231355316937,-0.0013942287187092006,-0.006368598948204074,0,0.0009973846370309898,-0.0018417760254969622,-0.006368598948204074,06_P2_0
73211,101,2026-02-28 00:15:19.700000+00:00,124292.40584289005,426345.8823149942,10.210632044431035,0.0005240192112978548,-0.0010785317281261086,-0.004986453169248506,0,0.0009285952793460702,-0.0007586419640120827,-0.004986453169248506,05_P2_0
73212,139,2026-02-28 00:15:20.690000+00:00,123928.08756402842,426940.43389106804,7.131050501475336,0.0006941047322470695,0.0027870554476976395,-0.005551329263919769,0,0.00026490190081857295,0.002859945179686417,-0.005551329263919769,905_GSL_1
73213,143,2026-02-28 00:15:37.630000+00:00,124266.92122828383,427056.31490854523,7.102954332000221,0.0016608557343715802,0.0006816692184656858,-0.0025874062225570427,0,1.3130449247420065e-06,0.001795303030051363,-0.0025874062225570427,906_GSL_1
73214,133,2026-02-28 00:15:40.640000+00:00,124806.2242860567,426258.5116074249,4.595755413955963,0.002389963177847676,0.0001236115349456668,0.007598309771397638,0,0.0011404029392054977,-0.0021039688541636846,0.007598309771397638,903_GSL_1
73215,138,2026-02-28 00:15:44.420000+00:00,123928.0761821493,426940.42453246634,7.128317043230304,-0.010436729367938824,-0.007188685704022646,0.010380979632376608,0,0.0007047885826430943,-0.012653291868308113,0.010380979632376608,905_GSL_1
73216,132,2026-02-28 00:15:51.510000+00:00,124806.22619136372,426258.5132207843,4.586408896649676,0.012057075946358964,0.008079033868853003,0.003776722439354785,0,-0.0009651993965646351,-0.014481445326873043,0.003776722439354785,903_GSL_1
73217,152,2026-02-28 00:15:55.840000+00:00,124370.27483885299,426819.4975373838,9.72768851545366,-0.0009328088781330734,-0.00163265410810709,-0.0012324357742183878,0,-0.0013741292300525922,-0.0012835344556956431,-0.0012324357742183878,29_KW_1
73218,153,2026-02-28 00:15:59.150000+00:00,124370.27473698196,426819.4960408927,9.734955343429949,0.000898177080671303,-0.0030822044936940074,0.008874866316959995,0,0.002737710047359559,-0.0016767976341160787,0.008874866316959995,29_KW_1
73219,125,2026-02-28 00:16:02.520000+00:00,124339.65609922065,426609.5900200622,6.66898614684637,-0.0017663429753156379,-0.0012137842131778598,-0.004529791282744,0,-0.0014572502580558987,-0.001571515608577501,-0.004529791282744,17_P5_1
73220,150,2026-02-28 00:16:12.940000+00:00,124401.10588859087,426812.3168447956,9.18052742351359,-1.9308032867265865,-0.5181989567354321,2.5667058608420295,0,-1.610596780596866,-1.1842759396048246,2.5667058608420295,27_KW_1
73221,135,2026-02-28 00:16:14.580000+00:00,123855.61631301332,426533.0702726855,6.020670427462015,0.002662735088961199,-0.006362235813867301,-0.0005280196563424155,0,0.0013687104932709618,-0.006759795432618569,-0.0005280196563424155,904_GSL_1
73222,136,2026-02-28 00:16:17.500000+00:00,123855.60867175009,426533.08515037136,6.032934482359208,-0.007098361704265699,0.011041845253203064,0.010641939922469312,0,-0.0007029380741711717,0.013107820701556357,0.010641939922469312,904_GSL_1
73223,146,2026-02-28 00:16:18.350000+00:00,124350.9229248274,426607.51119981025,11.373636404395487,-0.0033417475351598114,-0.0006655865581706166,-0.005685108828595631,0,-0.0013563687717965192,-0.0031257872304524,-0.005685108828595631,13_P5_1
73224,129,2026-02-28 00:16:29.970000+00:00,124898.93811555336,426720.7707160169,4.086942932478479,-0.001556145420181565,-0.001786653243470937,-0.00474181276713459,0,-0.0013337821741458676,0.001958250109942037,-0.00474181276713459,901_GSL_1
73225,148,2026-02-28 00:16:33.750000+00:00,124351.0379110786,426607.3975143079,8.010363334357718,-0.0032073360634967685,-0.0009415868553332984,-0.005093080854663867,0,-0.0016000998955016993,-0.0029348374324242982,-0.005093080854663867,14_P5_1
73226,140,2026-02-28 00:16:36.960000+00:00,123928.08848489649,426940.43061399495,7.144907128065279,0.0009611640271032229,-0.0038246819749474525,0.00933342186293551,0,-0.0010853252498290108,-0.003791318714981481,0.00933342186293551,905_GSL_1
73227,149,2026-02-28 00:16:49.330000+00:00,124351.04035728588,426607.3960389403,8.01122829670701,-0.0009544061904307455,-0.0006935251876711845,-0.0009975472607877123,0,0.0008350150830111197,0.000833437564194711,-0.0009975472607877123,14_P5_1
73228,145,2026-02-28 00:16:53.390000+00:00,124266.92073907425,427056.31433535373,7.120951760176515,0.002415321418084204,-0.0004112538881599903,0.012984823884869101,0,-0.0020034116978431197,0.0014104073461693074,0.012984823884869101,906_GSL_1
73229,6,2026-02-28 00:16:53.590000+00:00,124399.03738553301,426925.0743147723,8.571276224424185,-0.0017852113669505343,-0.0011344425729475915,0.023969528602627577,11,-0.00207881649795827,0.000390463242600198,0.023969528602627577,TS5
73230,128,2026-02-28 00:17:03.320000+00:00,124898.93037880033,426720.79148170375,4.080384962469204,-0.00992259917256888,0.022217668942175806,-0.0010069685344751278,0,0.0006565568728832603,-0.02432389197139836,-0.0010069685344751278,901_GSL_1
73231,147,2026-02-28 00:17:04.940000+00:00,124350.92646242818,426607.50943918544,11.371697778019263,-4.491741128731519e-05,-0.0005535546806640923,-0.002521863653180745,0,0.0005536974105472161,-4.312233615177428e-05,-0.002521863653180745,13_P5_1
73232,126,2026-02-28 00:17:22.740000+00:00,124339.65706272265,426609.5878408727,6.669071975849163,0.00024211850541178137,-0.0006492883549071848,-0.0015852132862947954,0,0.0005795670747200855,-0.00037986674555864463,-0.0015852132862947954,17_P5_1
73233,131,2026-02-28 00:17:38.100000+00:00,124806.21929319529,426258.5089730113,4.606366598612622,0.0007486991380574182,0.0026889467844739556,-0.005137874159940381,0,-0.00023339834319163673,-0.0027814583265718985,-0.005137874159940381,903_GSL_1
73234,3,2026-02-28 00:17:38.300000+00:00,124314.90172659284,426440.7913869918,7.06286218409622,-0.00551275908946991,-0.004690291767474264,-0.015566911394864213,11,-0.0070858400549019245,0.0014765569270832242,-0.015566911394864213,TS2
73235,121,2026-02-28 00:17:38.530000+00:00,124329.25862979951,426611.3269660984,11.35166018487114,-0.00091297019389458,-0.000750394188798964,-0.0026393372029822615,0,0.0009749865208242467,0.0006678377780076481,-0.0026393372029822615,15_P5_1
73236,123,2026-02-28 00:17:53.540000+00:00,124329.15050822354,426611.3884921866,8.07653208021803,0.0007516114128520712,-0.0017858330393210053,-0.0015835648360358334,0,0.001504981219646859,-0.0012203077024956612,-0.0015835648360358334,16_P5_1
73237,4,2026-02-28 00:17:53.740000+00:00,124378.96920163308,426782.73986042116,7.774786871491328,-0.0026557855162536725,-0.0022816192940808833,-0.01393839053183843,11,-0.003500696954641692,-6.40635873747277e-05,-0.01393839053183843,TS3
73238,98,2026-02-28 00:17:55.700000+00:00,124302.66122372684,426390.07676702517,7.974351974041478,0.0003780932893278077,-0.0011449833982624114,-0.0046988210893923466,0,0.0010243116830609199,-0.0006361816514771285,-0.0046988210893923466,10_P3_0
73239,99,2026-02-28 00:18:31.530000+00:00,124302.53811493842,426390.13383169466,11.082879631803904,3.4647251595743e-05,-0.0009845973108895123,-0.0048755709454635365,0,0.000948307302101171,-0.0002671058918024764,-0.0048755709454635365,09_P3_0
73240,166,2026-02-28 00:19:06.310000+00:00,124091.05223157471,427154.20497822296,9.836530249377756,-0.020049260987434536,0.015950243396218866,0.0066766303149510264,0,0.021220760400154883,-0.014354875777243994,0.0066766303149510264,907_GSL_1
73241,125,2026-02-28 00:19:22.530000+00:00,124339.65691218142,426609.5901537912,6.66910771828463,-0.0009533822012599558,-0.0010800552554428577,-0.004408219844483696,0,-0.0012069683722664402,-0.0007865648891461625,-0.004408219844483696,17_P5_1
73242,146,2026-02-28 00:19:38.510000+00:00,124350.92288213603,426607.5112654848,11.373432502849585,-0.003384438910870813,-0.0005999120185151696,-0.005889010374497516,0,-0.0013011924153908908,-0.0031813864068208656,-0.005889010374497516,13_P5_1
73243,148,2026-02-28 00:19:54.260000+00:00,124351.03769553798,426607.3975105217,8.010253880853467,-0.0034228766890009865,-0.0009453730308450758,-0.005202534358915045,0,-0.001649491789661258,-0.003144676745135446,-0.005202534358915045,14_P5_1
73244,168,2026-02-28 00:20:10.160000+00:00,124669.36672828176,426931.3121146662,13.79157897505735,-0.010003689589211717,0.004374093841761351,-0.009761044877878433,0,-0.0023141444910853106,-0.010670109540591275,-0.009761044877878433,908_GSL_1
73245,68,2026-02-28 00:21:21.340000+00:00,123928.08821978912,426940.4357571788,7.128872725208047,-0.020730572738102637,-0.011977826419752091,0.010059444167820786,0,0.015613201000361263,-0.018150838171109164,0.010059444167820786,905_GSL_1
73246,71,2026-02-28 00:21:26.340000+00:00,124806.22497588424,426258.5116613423,4.596383773058269,-0.0027860512491315603,-0.0034447897924110293,0.004880109909001895,0,0.0014872801857335738,0.004173326721670741,0.004880109909001895,903_GSL_1
73247,69,2026-02-28 00:21:38.140000+00:00,124266.92322328394,427056.3156701009,7.102340143432522,-0.019373912713490427,0.0008317168685607612,0.011838772505089246,0,0.008111460940203269,-0.017613757355968974,0.011838772505089246,906_GSL_1
73248,67,2026-02-28 00:21:44.230000+00:00,123855.60690517462,426533.0866085092,6.036076171164494,-0.011089299528975971,-0.004494195512961596,-0.008331977173082095,0,0.011622848423942638,0.002842490433778979,-0.008331977173082095,904_GSL_1
73249,66,2026-02-28 00:21:55.520000+00:00,124898.93804154929,426720.77064417733,4.084813771083734,0.0004358856094768271,-0.0035609774640761316,0.0025272406799699,0,0.0008542118119187226,0.0034843764068460794,0.0025272406799699,901_GSL_1
73250,71,2026-02-28 00:22:02.070000+00:00,124806.22554116992,426258.51272647706,4.58692233712718,-0.0022207655711099505,-0.0023796550231054425,-0.004581326022087495,0,0.0009497645826423525,0.0031132788163568755,-0.004581326022087495,903_GSL_1
73251,68,2026-02-28 00:22:03.630000+00:00,123928.0879967954,426940.43045583443,7.142689764736155,-0.020953566461685114,-0.017279170802794397,0.023876483695929096,0,0.020378633576167406,-0.01795363430241075,0.023876483695929096,905_GSL_1
73252,67,2026-02-28 00:22:19.870000+00:00,123855.6176224342,426533.0685936719,6.022976366389586,-0.000372039939975366,-0.02250903280219063,-0.02143178194798967,0,0.012945512140221571,-0.01841761892412824,-0.02143178194798967,904_GSL_1
73253,69,2026-02-28 00:22:19.980000+00:00,124266.92081291959,427056.31402563455,7.119211231243268,-0.021784277065307833,-0.0008127494947984815,0.028709860315835556,0,0.014880865647069242,-0.015930320982116667,0.028709860315835556,906_GSL_1
73254,66,2026-02-28 00:22:34.960000+00:00,124898.93161396137,426720.7888541411,4.075569818719545,-0.005991702317260206,0.014648986281827092,-0.006716711684219057,0,0.0009295829321384546,-0.015799657316413432,-0.006716711684219057,901_GSL_1
73255,149,2026-02-28 00:22:35.210000+00:00,124351.04173908326,426607.39586711914,8.009503260586635,0.00042739119089674205,-0.000865346344653517,-0.00272258338116238,0,0.0007873478495951201,-0.0005581853545188004,-0.00272258338116238,14_P5_1
73256,147,2026-02-28 00:22:50.110000+00:00,124350.92724252657,426607.50915583124,11.371377953136083,0.0007351809763349593,-0.0008369088754989207,-0.002841688536360465,0,0.0007102164105004177,-0.0008581958891241523,-0.002841688536360465,13_P5_1
73257,162,2026-02-28 00:22:58.540000+00:00,124402.99742494826,426879.64516705147,6.554044684004136,0.0019968199485447258,-0.002566536422818899,0.009371640713569107,0,0.0027301766364060116,-0.001766503509927152,0.009371640713569107,34a_P7_0
73258,71,2026-02-28 00:22:59.500000+00:00,124806.21988701771,426258.51084410475,4.607629041736871,-0.007874917777371593,-0.004262027330696583,0.016125378587603656,0,-0.00590075327175017,0.006735006888927246,0.016125378587603656,903_GSL_1
73259,126,2026-02-28 00:23:06.090000+00:00,124339.65716200358,426609.58767747896,6.66703503705898,0.000341399441822432,-0.0008126820903271437,-0.003622152076477647,0,0.0007169240641585478,-0.0005128602587894234,-0.003622152076477647,17_P5_1
73260,104,2026-02-28 00:23:15.800000+00:00,124389.81627485188,426881.44363331824,10.731893175643432,-0.0008213583932956681,-0.0007062499062158167,0.005981307583224904,0,0.0008608148831758298,0.0006575836655286336,0.005981307583224904,33_P7_0
73261,159,2026-02-28 00:23:17.720000+00:00,124421.80604563812,426965.61710533785,5.593937424481842,-0.0019050142873311415,-0.0010685708257369697,0.0047115279322271775,0,-0.0009516823992202816,-0.001966017206325086,0.0047115279322271775,38a_P9_0
73262,121,2026-02-28 00:23:23.840000+00:00,124329.258912537,426611.3268170577,11.350943375304384,-0.0006302327092271298,-0.0008994349045678973,-0.0033561467697378333,0,0.0010393795357059967,0.00035477682575165104,-0.0033561467697378333,15_P5_1
73263,68,2026-02-28 00:23:27.580000+00:00,123928.07751019957,426940.4256876563,7.124628925215278,-0.03144016228907276,-0.02204734896076843,0.005815644175052093,0,0.0018116955291906094,-0.03835736122663602,0.005815644175052093,905_GSL_1
73264,105,2026-02-28 00:23:33.060000+00:00,124389.68765824394,426881.47163997614,7.068238689067299,-0.0010271934152115136,-0.00031323800794780254,0.005942792344509229,0,0.0005216216333785009,0.0009386986915238273,0.005942792344509229,34_P7_0
73265,110,2026-02-28 00:23:33.980000+00:00,124434.14008000122,426963.93312736374,8.748707775930674,-5.841255187988281e-06,0.0010407902882434428,-0.002352584327114826,0,0.0010168184828149133,-0.00022216821863177823,-0.002352584327114826,35_P9_0
73266,123,2026-02-28 00:23:38.970000+00:00,124329.15052500273,426611.3884854254,8.075476525571741,0.0007683906005695462,-0.001792594266589731,-0.002639119482324759,0,0.0015067890503449562,-0.0012383073436811024,-0.002639119482324759,16_P5_1
73267,153,2026-02-28 00:23:49.270000+00:00,124370.27643167504,426819.4949116806,9.734548095869329,0.002592870165244676,-0.004211416642647237,0.008467618756339945,0,0.003381737831167022,-0.0036087193120324336,0.008467618756339945,29_KW_1
73268,111,2026-02-28 00:23:50.230000+00:00,124434.26118126295,426963.97676534805,6.465462181029794,-0.0005094963707961142,-0.0012984313070774078,0.0041696714150258885,0,-0.0013765423436241325,-0.00022503685756546175,0.0041696714150258885,36_P9_0
73269,69,2026-02-28 00:23:55.440000+00:00,124266.92885479539,427056.31587376836,7.078246145891627,-0.013742401264607906,0.0010353843099437654,-0.012255225035805672,0,0.00209977320302904,-0.013620446603640275,-0.012255225035805672,906_GSL_1
73270,118,2026-02-28 00:23:56.140000+00:00,124372.25986863974,426775.1109760118,6.164984497227538,-0.00015872225048951805,-0.0016884870128706098,-0.0005475717628238286,0,0.0013726180642689091,-0.0009960425668995502,-0.0005475717628238286,22_P6_1
73271,176,2026-02-28 00:24:03.690000+00:00,124446.5627765235,427019.0009558829,7.8691255660660655,-0.004469550447538495,-0.0019852591794915497,-0.049287357581119906,0,-0.002898515119453629,-0.003939130020086382,-0.049287357581119906,41_LHN_0
73272,65,2026-02-28 00:24:05.250000+00:00,124370.27484744857,426819.49543975666,9.73389923721108,-0.003627042577136308,-0.0030176672153174877,-0.0014800305393727342,0,0.0038648510158828583,0.0027064145846102047,-0.0014800305393727342,30_KW_1
73273,74,2026-02-28 00:24:14.320000+00:00,124369.34599578394,426785.7267166634,7.228767473986249,-0.0003174253652105108,0.0002503666910342872,-0.001286360770823336,0,0.0003773678647407545,0.00014503736456337028,-0.001286360770823336,21_P6_1
73274,109,2026-02-28 00:24:16.800000+00:00,124446.56900505086,427018.9670852205,10.348531972507502,-4.976311174686998e-05,0.0018947519129142165,-0.037293268960466364,0,0.001839845235566341,-0.0004555553621094239,-0.037293268960466364,40_LHN_0
73275,163,2026-02-28 00:24:22.470000+00:00,124091.0573752246,427154.2070705796,9.86980876786317,-0.025939444822142832,0.004086877801455557,0.01303869486766196,0,0.023250579530937995,-0.012205241469161918,0.01303869486766196,907_GSL_1
73276,156,2026-02-28 00:24:31.410000+00:00,124272.34610732835,426258.482829604,9.070414909801563,-0.0002791296719806269,-0.00035445630783215165,0.001091497787799156,0,0.0004086268620124935,0.00019125045250622543,0.001091497787799156,00a_LHZ_0
73277,73,2026-02-28 00:24:33.670000+00:00,124369.48832999988,426785.69727661327,11.405495277196698,-0.0010095645557157695,0.0008099590777419508,-0.0005593388663776011,0,0.0012049180320955863,0.0004726804795049932,-0.0005593388663776011,20_P6_1
73278,167,2026-02-28 00:24:33.830000+00:00,124669.37420183995,426931.30732122046,13.814155028623546,-0.0020311480038799345,0.0009006033069454134,0.0047830638067623,0,-0.0019839467709774883,-0.001000301824488217,0.0047830638067623,908_GSL_1
73279,108,2026-02-28 00:24:40.870000+00:00,124422.71220680088,427023.834772626,10.325518807559845,0.0014819608913967386,-0.004046868707519025,-0.0028036767828112374,0,-0.0035899624222020276,0.002384433732923493,-0.0028036767828112374,39_LHN_0
73280,179,2026-02-28 00:24:44.620000+00:00,124272.34845425966,426258.5060982331,6.498612772335769,0.0002572334633441642,-0.00039124058093875647,0.0027297162271917585,0,0.00032252002788176327,-0.0003394393590208356,0.0027297162271917585,00c_LHZ_0
73281,151,2026-02-28 00:24:51.240000+00:00,124403.0358579114,426812.8394865842,6.572117821802346,-0.001127434050431475,0.0018026584293693304,-0.03662748067338306,0,-0.0015423304677518314,0.0014635237200992133,-0.03662748067338306,27_KW_1
73282,177,2026-02-28 00:24:54.640000+00:00,124422.72791205042,427023.8953813855,7.790482345845421,0.0014062133705010638,-0.004038151993881911,-0.002650273887733867,0,-0.0035991142425208494,0.0023087841471978255,-0.002650273887733867,42_LHN_0
73283,102,2026-02-28 00:25:05.360000+00:00,124282.39377772149,426301.79292334086,6.898692507030764,0.000488775665871799,-0.0006345237488858402,-0.004605476735972225,0,0.0005065432346453594,-0.0006204321001395541,-0.004605476735972225,02_P1_0
73284,113,2026-02-28 00:25:06.280000+00:00,124414.07875447616,426875.9154715485,7.300061535186845,0.0015198619803413749,0.00023941032122820616,-0.0032884099384311583,0,-0.0005926209286586179,-0.0014198937200063941,-0.0032884099384311583,32_P7_0
73285,107,2026-02-28 00:25:10.670000+00:00,124409.92142975329,426969.5238580625,6.29517321276091,0.0006122459890320897,-0.0005529905902221799,0.006092889330877149,0,-0.00039151963945754367,0.0007261928916473857,0.006092889330877149,38_P9_0
73286,152,2026-02-28 00:25:17.020000+00:00,124370.27457543688,426819.4974809088,9.727578928160556,-0.0011962249845964834,-0.0016891291015781462,-0.001342023067323339,0,-0.0013684607232667563,-0.0015528768735631549,-0.001342023067323339,29_KW_1
73287,103,2026-02-28 00:25:22.140000+00:00,124282.31229280464,426301.79705518356,9.29345128823273,0.0005743974761571735,-0.00038896966725587845,-0.004500197558384045,0,0.00024757813391925105,-0.0006480238655064649,-0.004500197558384045,01_P1_0
73288,112,2026-02-28 00:25:22.620000+00:00,124413.9524247505,426875.8677665739,10.666011779733392,0.001690125689492561,0.0005005084676668048,-0.0032538271872724067,0,-0.0008904295661838035,-0.0015212392185828636,-0.0032538271872724067,31_P7_0
73289,106,2026-02-28 00:25:27.210000+00:00,124410.03292731819,426969.44918609865,8.92977956502094,0.0007234999648062512,-0.00037524226354435086,0.005892340682409625,0,-0.00019022919419321436,0.000792509816406797,0.005892340682409625,37_P9_0
73290,117,2026-02-28 00:25:33.640000+00:00,124377.67925050965,426815.90366249013,7.616724622657787,-0.0007666344317840412,-0.002043548389337957,-0.000710417514672379,0,-0.002012219524279353,-0.0008454531079081629,-0.000710417514672379,26_KW_0
73291,100,2026-02-28 00:25:37.790000+00:00,124292.48342250322,426345.9292819492,7.582269117561903,-0.00030077008705120534,-0.000953030539676547,-0.006230451407195581,0,0.0009966563272870302,7.35256424636213e-05,-0.006230451407195581,06_P2_0
73292,161,2026-02-28 00:25:38.550000+00:00,124402.9906282589,426879.6455860793,6.545727429820262,-0.0007754876860417426,-0.0019208076992072165,0.004103108996540428,0,0.002057226082166265,-0.00024228952802574292,0.004103108996540428,34a_P7_0
73293,160,2026-02-28 00:25:45.680000+00:00,124421.81235499174,426965.61648985953,5.602768523018413,0.0011488310992717743,-0.002148179104551673,0.010587293131074205,0,-0.0013103188516299783,0.0020536676622446765,0.010587293131074205,38a_P9_0
73294,116,2026-02-28 00:25:49.540000+00:00,124377.68619389377,426815.8978613045,10.00444576039875,-0.0011659978044917807,-0.002200259070377797,-0.000613994878372992,0,-0.002153563701209724,-0.0012501416886462496,-0.000613994878372992,25_KW_0
73295,101,2026-02-28 00:25:57.810000+00:00,124292.40480654,426345.882514858,10.21080155018625,-0.0005123308365000412,-0.0008786679245531559,-0.004816947414033379,0,0.0009731417016062171,0.00029586388130750066,-0.004816947414033379,05_P2_0
73296,115,2026-02-28 00:26:06.640000+00:00,124396.28938393056,426811.6317151548,7.645945509169687,-0.0007068292470648885,-0.0021991816465742886,-0.00032678360335935963,0,-0.0022496539874270263,0.0005244658577917129,-0.00032678360335935963,24_KW_0
73297,98,2026-02-28 00:26:13.250000+00:00,124302.66061715726,426390.07696437236,7.974324571008961,-0.00022847628861200064,-0.0009476362029090524,-0.0047262241219092616,0,0.0009747900950025651,-2.4126062898276043e-07,-0.0047262241219092616,10_P3_0
73298,114,2026-02-28 00:26:25.230000+00:00,124396.29879719047,426811.6268972374,9.990332614610839,-0.0002234545536339283,-0.0026415184256620705,-0.00035146303934396883,0,-0.002380174849913886,0.0011671843104194687,-0.00035146303934396883,23_KW_0
73299,119,2026-02-28 00:26:42.740000+00:00,124401.10388218415,426812.31827530096,9.18070698919626,0.0005282293423078954,-0.0019370548543520272,0.00740298693096797,0,-0.00123446592135182,0.0015834461266063923,0.00740298693096797,28_KW_1
73300,166,2026-02-28 00:26:51.850000+00:00,124091.05701678565,427154.2065225396,9.825510295485133,-0.015264050045516342,0.017494560044724494,-0.004343323577671754,0,0.021261738672318155,-0.00932680671937339,-0.004343323577671754,907_GSL_1
73301,150,2026-02-28 00:26:58.440000+00:00,124401.10396769956,426812.31827445317,9.180693341919586,-1.9327241780410986,-0.5167692991672084,2.566871779248025,0,-1.6106799487002796,-1.1866690186405275,2.566871779248025,27_KW_1
73302,125,2026-02-28 00:27:08.750000+00:00,124339.65869839097,426609.58989019983,6.668401076583655,0.0008328273397637531,-0.001343646610621363,-0.005114861545458815,0,-0.0012085737127091323,0.0010189883085888229,-0.005114861545458815,17_P5_1
73303,169,2026-02-28 00:27:15.430000+00:00,124669.37672274631,426931.3046629476,13.806860158403381,-1.7082857084460557e-05,-0.006187536695506424,-0.01758815218404841,0,-0.002833336163879027,0.005500737074674629,-0.01758815218404841,908_GSL_1
73304,146,2026-02-28 00:27:24.270000+00:00,124350.92487755416,426607.51087810955,11.373718299859151,-0.001389020777423866,-0.0009872872615233064,-0.005603213364931747,0,-0.001258385013553309,-0.0011491657907133457,-0.005603213364931747,13_P5_1
73305,62,2026-02-28 00:27:33.010000+00:00,124390.61096956967,426780.87967205053,7.443545576693157,0.0002893566415878013,0.00042684254003688693,-0.0012522968891719444,0,0.00021835287596822664,-0.0004671657538524383,-0.0012522968891719444,19_P6_1
73306,148,2026-02-28 00:27:39.260000+00:00,124351.03937288481,426607.39719570446,8.010630876102702,-0.0017455298511777073,-0.0012601902708411217,-0.004825539109679866,0,-0.0016015786302979325,-0.001438714659356777,-0.004825539109679866,14_P5_1
73307,72,2026-02-28 00:27:50.940000+00:00,124390.52355581314,426780.8895305062,10.986370911759415,-0.0004038897168356925,0.002599574509076774,-0.0007144098073421645,0,-0.0008104684738883069,-0.0025028094982320424,-0.0007144098073421645,18_P6_1
73308,168,2026-02-28 00:27:55.450000+00:00,124669.37156049383,426931.3088349681,13.789599781038007,-0.0051714775181608275,0.001094395702239126,-0.011740238897221644,0,-0.0021420359150147146,-0.004832552515256241,-0.011740238897221644,908_GSL_1
73309,139,2026-02-28 00:30:21.570000+00:00,123928.08715572355,426940.432576147,7.132031303112153,0.00028579986246768385,0.0014721344341523945,-0.004570527627103083,0,0.00021621982068110605,0.001483950923295096,-0.004570527627103083,905_GSL_1
73310,133,2026-02-28 00:30:26.440000+00:00,124806.22443013862,426258.51135917404,4.5911527151477145,0.0025340450956718996,-0.00012463930761441588,0.0029956109631488204,0,0.00142736497865111,-0.0020975101243192423,0.0029956109631488204,903_GSL_1
73311,143,2026-02-28 00:30:38.410000+00:00,124266.92142050866,427056.31493345654,7.103041624083394,0.0018530805682530627,0.0007065805257298052,-0.002500114139383669,0,-4.849119295433676e-05,0.0019826276090036594,-0.002500114139383669,906_GSL_1
73312,153,2026-02-28 00:30:44.980000+00:00,124370.27490664546,426819.4954761691,9.73396408621099,0.0010678405815269798,-0.0036469281185418367,0.007883609098001898,0,0.0032379775742412153,-0.001988936760703556,0.007883609098001898,29_KW_1
73313,152,2026-02-28 00:30:55.290000+00:00,124370.27474937635,426819.49752266647,9.727567423864793,-0.0010222855198662728,-0.001647371449507773,-0.0013535273630864708,0,-0.0013678576916439167,-0.0013739962562511487,-0.0013535273630864708,29_KW_1
73314,125,2026-02-28 00:30:57.020000+00:00,124339.65870777442,426609.58953680634,6.669154402019544,0.0008422107930528,-0.0016970401047728956,-0.004361536109570352,0,-0.0015568651183018572,0.00107955321339764,-0.004361536109570352,17_P5_1
73315,136,2026-02-28 00:31:04+00:00,123855.61450903545,426533.075911775,6.033670744874086,-0.001261076336959377,0.0018032488878816366,0.01137820243734744,0,-3.220311105727194e-05,0.002200223406593856,0.01137820243734744,904_GSL_1
73316,146,2026-02-28 00:31:12.670000+00:00,124350.92461468851,426607.5108853489,11.373656072666382,-0.0016518864285899326,-0.0009800479165278375,-0.005665440557701018,0,-0.0013068277522828723,-0.0014076306040696376,-0.005665440557701018,13_P5_1
73317,150,2026-02-28 00:31:13.840000+00:00,124401.10364073313,426812.31851831474,9.180710459907583,-1.933051144471392,-0.5165254375897348,2.566888897236023,0,-1.6106937061693782,-1.18707667811552,2.566888897236023,27_KW_1
73318,132,2026-02-28 00:31:16.320000+00:00,124806.22455896052,426258.5121984843,4.5898339969729385,0.010424672742374241,0.007056733884382993,0.0072018227626173825,0,-0.0008964501980033987,-0.01255657883115856,0.0072018227626173825,903_GSL_1
73319,140,2026-02-28 00:31:21.010000+00:00,123928.08808711595,426940.4289388489,7.1460887644305675,0.0005633834807667881,-0.005499828024767339,0.01051505822822385,0,-0.0007423667296073985,-0.00547854003245291,0.01051505822822385,905_GSL_1
73320,148,2026-02-28 00:31:27.570000+00:00,124351.03890497777,426607.3973543093,8.00959199488366,-0.0022134368919068947,-0.0011015854543074965,-0.00586442032872192,0,-0.0015457686195432404,-0.0019296094844376396,-0.00586442032872192,14_P5_1
73321,129,2026-02-28 00:31:30.610000+00:00,124898.93838113532,426720.77260792017,4.085496990089283,-0.0012905634648632258,0.00010525004472583532,-0.006187755156330965,0,-0.0012939502398819822,4.821208835888862e-05,-0.006187755156330965,901_GSL_1
73322,135,2026-02-28 00:31:36.750000+00:00,123855.61286477726,426533.07533000776,6.02417050911226,-0.0007855009753257036,-0.0013049135450273752,0.0029720619939022086,0,0.0013826612184591322,-0.0006387950353616185,0.0029720619939022086,904_GSL_1
73323,145,2026-02-28 00:31:37.550000+00:00,124266.92065040994,427056.3137938324,7.1194591704521635,0.002326657107914798,-0.0009527752408757806,0.011492234160517256,0,-0.002322137021478947,0.0009637393895204448,0.011492234160517256,906_GSL_1
73324,6,2026-02-28 00:31:37.750000+00:00,124399.03732902098,426925.07427901035,8.570961796235398,-0.0018417233950458467,-0.0011702045449055731,0.023655100413840557,11,-0.002182045765983371,-1.2621767839733288e-07,0.023655100413840557,TS5
73325,149,2026-02-28 00:31:47.340000+00:00,124351.0411747372,426607.3958578496,8.011041300258455,-0.0001369548699585721,-0.0008746158564463258,-0.0011845437093427336,0,0.0008852706584944684,-2.3224903615978425e-06,-0.0011845437093427336,14_P5_1
73326,128,2026-02-28 00:31:53.600000+00:00,124898.93412063675,426720.77881547,4.069200528152328,-0.0061807627498637885,0.009551435185130686,-0.012191402851351896,0,-0.0014445886074791324,-0.011284720024041258,-0.012191402851351896,901_GSL_1
73327,147,2026-02-28 00:32:04.570000+00:00,124350.9276003114,426607.50920118915,11.37144222846268,0.0010929658164968714,-0.0007915509631857276,-0.002777413209763324,0,0.0006088895367190254,-0.0012043175392831478,-0.002777413209763324,13_P5_1
73328,131,2026-02-28 00:32:13.310000+00:00,124806.21805911785,426258.5059384901,4.616771037990477,-0.0004853783029830083,-0.00034557440085336566,0.005266565217914909,0,-0.0003348600234577062,0.0004928311356050184,0.005266565217914909,903_GSL_1
73329,126,2026-02-28 00:32:22.820000+00:00,124339.65757318848,426609.58768554684,6.667211517970294,0.0007525843393523246,-0.0008046142174862325,-0.0034456711651635885,0,0.0006180170207923255,-0.0009120538300069439,-0.0034456711651635885,17_P5_1
73330,138,2026-02-28 00:32:34.470000+00:00,123928.08230288255,426940.4290820698,7.124327131037154,-0.0043159961205674335,-0.002639082260429859,0.006391067439226461,0,0.0005553390443301612,-0.005028337323202489,0.006391067439226461,905_GSL_1
73331,3,2026-02-28 00:32:34.670000+00:00,124314.90221494247,426440.7913368237,7.06357643736737,-0.005024409460020252,-0.004740459844470024,-0.014852658123714058,11,-0.006681191530633327,0.0017545169392078448,-0.014852658123714058,TS2
73332,121,2026-02-28 00:32:39.930000+00:00,124329.25940899864,426611.3265719758,11.351088649868533,-0.00013377107097767293,-0.001144516805652529,-0.0032108722055887995,0,0.0011364853608827371,-0.00019030092577498734,-0.0032108722055887995,15_P5_1
73333,123,2026-02-28 00:32:54.810000+00:00,124329.15146059662,426611.3882153743,8.076576551040745,0.0017039844969986007,-0.00206264533335343,-0.001539094013320863,0,0.001504895429565326,-0.002212093732934852,-0.001539094013320863,16_P5_1
73334,4,2026-02-28 00:32:55.010000+00:00,124378.96984762799,426782.73940738663,7.775155596144765,-0.0020097906090086326,-0.0027346538263373077,-0.013569665878400805,11,-0.003319941940051197,0.0007039711333923171,-0.013569665878400805,TS3
73335,68,2026-02-28 00:36:20.600000+00:00,123928.08483468762,426940.43060021097,7.119350435859472,-0.024115674241329543,-0.01713479426689446,0.0005371548192458775,0,0.001212719210485838,-0.029558352978460135,0.0005371548192458775,905_GSL_1
73336,68,2026-02-28 00:36:21.460000+00:00,123928.08603839939,426940.430284429,7.1306218166146245,-0.022911962470971048,-0.017450576240662485,0.011808535574398427,0,0.015865287162815964,-0.024036915331292964,0.011808535574398427,905_GSL_1
73337,71,2026-02-28 00:36:27.080000+00:00,124806.22425426914,426258.51130008366,4.592347136171038,-0.003507666348014027,-0.0038060484221205115,0.0008434730217707909,0,0.0014193819485756854,0.004977457451809466,0.0008434730217707909,903_GSL_1
73338,69,2026-02-28 00:36:38.110000+00:00,124266.92114618623,427056.31481439254,7.100296679952721,-0.02145101042697206,-2.3991509806364775e-05,0.009795309025288468,0,0.008106693950400133,-0.01986020989630152,0.009795309025288468,906_GSL_1
73339,69,2026-02-28 00:36:38.720000+00:00,124266.94231528018,427056.31727398577,7.071010067528831,-0.00028191648016218096,0.002435601723846048,-0.019491303398601723,0,0.0024501414966733464,-9.186569146405226e-05,-0.019491303398601723,906_GSL_1
73340,67,2026-02-28 00:36:45.930000+00:00,123855.61860879716,426533.0704564123,6.033315155728662,0.000614323012996465,-0.02064629242522642,-0.011092992608913832,0,0.011580127875020794,-0.017104017717203913,-0.011092992608913832,904_GSL_1
73341,71,2026-02-28 00:36:48.140000+00:00,124806.22641545035,426258.51340604934,4.586713138759471,-0.0013464851363096386,-0.0017000827356241643,-0.0047905243897963246,0,0.0007986225896942205,0.0020163098694149727,-0.0047905243897963246,903_GSL_1
73342,66,2026-02-28 00:36:55.920000+00:00,124898.9384963819,426720.773267985,4.083554210038546,0.0008907182200346142,-0.0009371698251925409,0.0012676796347816932,0,0.0009953599226702533,0.0008251817091373974,0.0012676796347816932,901_GSL_1
73343,66,2026-02-28 00:36:57.760000+00:00,124898.93693443233,426720.77354364767,4.081880842347638,-0.0006712313479511067,-0.0006615071324631572,-0.0004056880561265075,0,-0.000891233499870923,0.0003063430388954744,-0.0004056880561265075,901_GSL_1
73344,68,2026-02-28 00:37:03.810000+00:00,123928.08801882931,426940.42844462144,7.1447262887491885,-0.020931532548274845,-0.019290383788757026,0.025913007708962432,0,0.02029098887469531,-0.019963059185005193,0.025913007708962432,905_GSL_1
73345,67,2026-02-28 00:37:05.810000+00:00,123855.61832520677,426533.067563501,6.022188856107462,0.00033073262602556497,-0.02353920368477702,-0.022219292230113652,0,0.0129423463136859,-0.019664667962616577,-0.022219292230113652,904_GSL_1
73346,69,2026-02-28 00:37:20.240000+00:00,124266.9207124403,427056.31386658223,7.118166719735205,-0.02188475635193754,-0.0009718018118292093,0.027665348807772716,0,0.014840038163812642,-0.01611397612762689,0.027665348807772716,906_GSL_1
73347,71,2026-02-28 00:37:22.820000+00:00,124806.21802602183,426258.50571278663,4.616229872537973,-0.009735913656186312,-0.009393345448188484,0.024726209388705733,0,-0.005860738073857749,0.012193223636895725,0.024726209388705733,903_GSL_1
73348,149,2026-02-28 00:37:35.770000+00:00,124351.04115234147,426607.3959124794,8.011356036416883,-0.00015935060218907893,-0.0008199861040338874,-0.000869807550914814,0,0.000834843685476092,2.8387427628992957e-05,-0.000869807550914814,14_P5_1
73349,147,2026-02-28 00:37:50.760000+00:00,124350.92667740707,426607.5092581459,11.371955872379642,0.00017006148118525743,-0.0007345942431129515,-0.0022637692928011433,0,0.0006984902408569215,-0.000284008790049276,-0.0022637692928011433,13_P5_1
73350,156,2026-02-28 00:37:57.250000+00:00,124272.34840617496,426258.4822584652,9.071934622268593,0.002019716936047189,-0.0009255951154045761,0.0026112102548285776,0,0.0004422590495149335,-0.002177243613502817,0.0026112102548285776,00a_LHZ_0
73351,162,2026-02-28 00:37:59.710000+00:00,124402.9968831195,426879.6451359068,6.5538050054350805,0.0014549911866197363,-0.00259768107207492,0.009131962144513395,0,0.002714173683306666,-0.0012240128766491556,0.009131962144513395,34a_P7_0
73352,159,2026-02-28 00:38:04.720000+00:00,124421.8059341609,426965.6171027571,5.593998589274379,-0.0020164915040368214,-0.0010711515787988901,0.004772692724763772,0,-0.0009475323225327252,-0.002077447036237453,0.004772692724763772,38a_P9_0
73353,126,2026-02-28 00:38:05.840000+00:00,124339.65678124495,426609.58781511424,6.667048509886587,-3.9359190850518644e-05,-0.0006750468164682388,-0.003608679248871205,0,0.0006670075088846041,-0.0001110780510265935,-0.003608679248871205,17_P5_1
73354,179,2026-02-28 00:38:14.180000+00:00,124272.34995566112,426258.5056462486,6.498225138424573,0.0017586349276825786,-0.0008432251051999629,0.0023420823159954196,0,0.0004213564308508991,-0.0019042804796261471,0.0023420823159954196,00c_LHZ_0
73355,104,2026-02-28 00:38:17.310000+00:00,124389.8159960259,426881.4437421894,10.7314842137368,-0.001100184366805479,-0.0005973787629045546,0.005572345676593926,0,0.0008119460958394154,0.0009528958834960299,0.005572345676593926,33_P7_0
73356,110,2026-02-28 00:38:20.960000+00:00,124434.13997611278,426963.93320053554,8.748518757420646,-0.00010972969175782055,0.0011139620910398662,-0.0025416028371427757,0,0.0010667845457531793,-0.0003390027705924547,-0.0025416028371427757,35_P9_0
73357,121,2026-02-28 00:38:21.440000+00:00,124329.25893818578,426611.3269774767,11.351500834896177,-0.000604583925451152,-0.0007390158716589212,-0.0027986871779450695,0,0.0008781646553619026,0.00037482398475928696,-0.0027986871779450695,15_P5_1
73358,102,2026-02-28 00:38:34.490000+00:00,124282.3957224918,426301.7925711301,6.898782234842042,0.0024335459747817367,-0.000986734521575272,-0.004515748924694307,0,0.00040661978968606577,-0.002594311348716733,-0.004515748924694307,02_P1_0
73359,105,2026-02-28 00:38:34.710000+00:00,124389.6871131426,426881.47165936633,7.067879388538806,-0.0015722947573522106,-0.00029384781373664737,0.0055834918160160285,0,0.0006169377097825,0.0014757524195756473,0.0055834918160160285,34_P7_0
73360,111,2026-02-28 00:38:37.510000+00:00,124434.261052601,426963.97672794835,6.465190827534891,-0.0006381583225447685,-0.0013358310097828507,0.0038983179201226292,0,-0.0014401637519472273,-0.0003429561180499754,0.0038983179201226292,36_P9_0
73361,123,2026-02-28 00:38:38.260000+00:00,124329.150389744,426611.3885258529,8.076094846984295,0.0006331318727461621,-0.0017521667759865522,-0.00202079806977018,0,0.0015057317008836748,-0.0010971401114315924,-0.00202079806977018,16_P5_1
73362,153,2026-02-28 00:38:50.280000+00:00,124370.27429123712,426819.4955892313,9.733337645236315,0.00045243224303703755,-0.003533865907229483,0.007257168123325997,0,0.003290661257605419,-0.0013654492566599111,0.007257168123325997,29_KW_1
73363,176,2026-02-28 00:38:51.130000+00:00,124446.56307913602,427019.0009858763,7.86846296951928,-0.004166937927948311,-0.0019552657613530755,-0.04994995412790537,0,-0.0028042546706529415,-0.003650012552720188,-0.04994995412790537,41_LHN_0
73364,103,2026-02-28 00:38:51.900000+00:00,124282.31414846642,426301.79646166106,9.293180004360547,0.002430059263133444,-0.0009824921726249158,-0.004771481430566382,0,0.0004018258976141001,-0.002590176603943543,-0.004771481430566382,01_P1_0
73365,118,2026-02-28 00:38:57.340000+00:00,124372.25994036606,426775.11078635405,6.164945304816149,-8.699593308847398e-05,-0.001878144743386656,-0.0005867641742129948,0,0.0014676467501447995,-0.0011751633870548683,-0.0005867641742129948,22_P6_1
73366,109,2026-02-28 00:39:04.270000+00:00,124446.56877134723,427018.9672432929,10.348263690256436,-0.00028346673934720457,0.002052824303973466,-0.03756155121153171,0,0.0019440339133852294,-0.0007177556401090772,-0.03756155121153171,40_LHN_0
73367,65,2026-02-28 00:39:06.720000+00:00,124370.2743482494,426819.49568574876,9.734100272992393,-0.004126241750782356,-0.002771675121039152,-0.001278994758060037,0,0.003758707191263816,0.0032527179731462294,-0.001278994758060037,30_KW_1
73368,100,2026-02-28 00:39:07.900000+00:00,124292.48460306616,426345.9290560421,7.58257508065916,0.0008797928458079696,-0.0011789376148954034,-0.005924488309938525,0,0.000944996823625134,-0.0011273465991825918,-0.005924488309938525,06_P2_0
73369,74,2026-02-28 00:39:15.740000+00:00,124369.34579016778,426785.72654075595,7.228656301848115,-0.0005230415263213217,7.445923984050751e-05,-0.0013975329089568334,0,0.0005216091417471862,-8.390780595348653e-05,-0.0013975329089568334,21_P6_1
73370,167,2026-02-28 00:39:20.680000+00:00,124669.37430734042,426931.3068919365,13.812504754909742,-0.0019256475352449343,0.00047131936298683286,0.0031327900929589703,0,-0.0018998822182660525,-0.0005663108056868316,0.0031327900929589703,908_GSL_1
73371,163,2026-02-28 00:39:23.320000+00:00,124091.05912206932,427154.20945599134,9.869974068816695,-0.024192600103560835,0.006472289562225342,0.01320399582118803,0,0.02327303062657353,-0.0092487013900695,0.01320399582118803,907_GSL_1
73372,101,2026-02-28 00:39:28.160000+00:00,124292.40627350668,426345.88204909733,10.210343300980208,0.0009546358487568796,-0.0013444285723380744,-0.005275196620075917,0,0.0010880068301485002,-0.0012389749502717854,-0.005275196620075917,05_P2_0
73373,73,2026-02-28 00:39:33.940000+00:00,124369.48881937344,426785.69807528454,11.40568542190959,-0.0005201909953029826,0.0016086303512565792,-0.00036919415348535267,0,0.0009755028357618108,0.0013808274678607888,-0.00036919415348535267,20_P6_1
73374,151,2026-02-28 00:39:37.110000+00:00,124403.03606204342,426812.8397037298,6.571950644605973,-0.00092330202460289,0.0020198040292598307,-0.036794657869755554,0,-0.0017957461550162173,0.0013066716083218897,-0.036794657869755554,27_KW_1
73375,177,2026-02-28 00:39:38.780000+00:00,124422.72898381592,427023.89512665686,7.790181264239816,0.0024779788654996082,-0.004292880650609732,-0.002951355493338248,0,-0.0035969911898472355,0.00341040436288771,-0.002951355493338248,42_LHN_0
73376,98,2026-02-28 00:39:44.530000+00:00,124302.6610613532,426390.076805981,7.974339084526415,0.0002157196431653574,-0.0011060275719501078,-0.004711710604455632,0,0.001024540309402843,-0.0004692004995414722,-0.004711710604455632,10_P3_0
73377,113,2026-02-28 00:39:51.980000+00:00,124414.07856898048,426875.91550993634,7.300264355656548,0.0013343663013074547,0.0002777981571853161,-0.0030855894687285,0,-0.0005859760449116686,-0.0012305841364937925,-0.0030855894687285,32_P7_0
73378,108,2026-02-28 00:39:54.720000+00:00,124422.71290822086,427023.8345463139,10.325702876144753,0.002183380871429108,-0.004273180791642517,-0.0026196081979037444,0,-0.0036465436065677096,0.0031192861095425757,-0.0026196081979037444,39_LHN_0
73379,99,2026-02-28 00:40:05.660000+00:00,124302.53744889505,426390.1339008259,11.081704171319718,-0.0006313961202977225,-0.0009154660510830581,-0.006051031429649356,0,0.0010390651898259603,0.00039633657755065385,-0.006051031429649356,09_P3_0
73380,112,2026-02-28 00:40:07.260000+00:00,124413.95238677382,426875.86788339226,10.666110896427847,0.0016521490033483133,0.0006173268193379045,-0.0031547104928169034,0,-0.0009947653389440936,-0.0014564101934462423,-0.0031547104928169034,31_P7_0
73381,107,2026-02-28 00:40:14.170000+00:00,124409.92173863882,426969.5238017037,6.295197364952699,0.0009211315191350877,-0.0006093494012020528,0.0061170415226659,0,-0.000372800878201396,0.0010396198697128114,0.0061170415226659,38_P9_0
73382,152,2026-02-28 00:40:17.140000+00:00,124370.27455587732,426819.4975307324,9.727522555333543,-0.0012157845485489815,-0.001639305497519672,-0.0013983958943359909,0,-0.0013154729295191416,-0.0015604440247541714,-0.0013983958943359909,29_KW_1
73383,161,2026-02-28 00:40:23.620000+00:00,124402.99067552379,426879.64556398435,6.545659828069727,-0.0007282228034455329,-0.0019429026287980378,0.00403550724600521,0,0.0020539066155607056,-0.00029435809994692665,0.00403550724600521,34a_P7_0
73384,106,2026-02-28 00:40:30.610000+00:00,124410.03317620768,426969.4490699152,8.93005206623619,0.0009723894618218765,-0.0004914256860502064,0.006164841897659201,0,-0.00024314433586493698,0.001062036394060464,0.006164841897659201,37_P9_0
73385,117,2026-02-28 00:40:33.710000+00:00,124377.67924985557,426815.9037121641,7.616651471126829,-0.0007672885112697259,-0.001993874437175691,-0.0007835690456303723,0,-0.0019625576658365636,-0.0008441767226211175,-0.0007835690456303723,26_KW_0
73386,166,2026-02-28 00:40:38.230000+00:00,124091.04701737918,427154.2034309419,9.827172733640841,-0.025263456511311233,0.014402962347958237,-0.0026808854219630973,0,0.02130537577465736,-0.019793143317731517,-0.0026808854219630973,907_GSL_1
73387,116,2026-02-28 00:40:49.640000+00:00,124377.68632808428,426815.89786513336,10.00446601527598,-0.0010318072891095653,-0.00219643022865057,-0.0005937400011433169,0,-0.002154922631268575,-0.0011159034386702764,-0.0005937400011433169,25_KW_0
73388,160,2026-02-28 00:40:50.780000+00:00,124421.81278085533,426965.616176296,5.60236097444159,0.0015746946883155033,-0.0024617426097393036,0.01017974455425108,0,-0.0013751453163987743,0.0025785296967073407,0.01017974455425108,38a_P9_0
73389,125,2026-02-28 00:40:57.460000+00:00,124339.65654428593,426609.5898047555,6.669670908883811,-0.001321277697570622,-0.0014290909166447818,-0.0038450292453031665,0,-0.0016056948473855965,-0.0010999180238606388,-0.0038450292453031665,17_P5_1
73390,115,2026-02-28 00:41:07.750000+00:00,124396.2894494239,426811.6316773284,7.646279252108588,-0.0006413359078578651,-0.002237008069641888,6.959335541623091e-06,0,-0.0022484241776792144,0.0006000879665335306,6.959335541623091e-06,24_KW_0
73391,146,2026-02-28 00:41:13.060000+00:00,124350.92284565738,426607.5113097787,11.374002344809245,-0.0034209175646537915,-0.0005556180840358138,-0.005319168414837705,0,-0.0012656021882752248,-0.0032263973004726834,-0.005319168414837705,13_P5_1
73392,114,2026-02-28 00:41:25.140000+00:00,124396.29869740403,426811.6269645344,9.99023586362114,-0.0003232409944757819,-0.0025742214056663215,-0.00044821402904382524,0,-0.0023737949543017433,0.0010469947950357585,-0.00044821402904382524,23_KW_0
73393,148,2026-02-28 00:41:28.890000+00:00,124351.0377542505,426607.39749374636,8.010959119827913,-0.003364164163940586,-0.0009621483623050153,-0.004497295384469524,0,-0.0016534395795625388,-0.003083742458404129,-0.004497295384469524,14_P5_1
73394,119,2026-02-28 00:41:40.840000+00:00,124401.10373348449,426812.318381123,9.180821372442725,0.00037952967977616936,-0.0018312328029423952,0.007517370177433591,0,-0.0012388254073645568,0.001400988210682482,0.007517370177433591,28_KW_1
73395,168,2026-02-28 00:41:45.170000+00:00,124669.36593247455,426931.3128287035,13.790444469775146,-0.010799496798426844,0.0050881311181001365,-0.010895550160082479,0,-0.0022015323839188823,-0.01173334839407605,-0.010895550160082479,908_GSL_1
73396,150,2026-02-28 00:41:56.040000+00:00,124401.10374842012,426812.318310974,9.180747489089658,-1.9329434574756306,-0.5167327783419751,2.5669259264180972,0,-1.6107883787825554,-1.186863080894308,2.5669259264180972,27_KW_1
73397,169,2026-02-28 00:42:11.920000+00:00,124669.37731822071,426931.3032815238,13.806806098671517,0.0005783915403299034,-0.007568960485514253,-0.017642211915912753,0,-0.0029323817001387937,0.007001773858808386,-0.017642211915912753,908_GSL_1
73398,62,2026-02-28 00:42:29.340000+00:00,124390.6111226593,426780.8796665776,7.443616914086368,0.00044244628224987537,0.00042136962292715907,-0.0011809594959606429,0,0.0003703871860778916,-0.0004859263361784519,-0.0011809594959606429,19_P6_1
73399,72,2026-02-28 00:42:46.440000+00:00,124390.52382851369,426780.88913376734,10.986672220371526,-0.0001311891683144495,0.0022028356324881315,-0.0004131011952317465,0,-0.0004783805195294906,-0.0021542626349117973,-0.0004131011952317465,18_P6_1
73400,139,2026-02-28 00:45:20.490000+00:00,123928.08576414759,426940.4295099538,7.133016044068338,-0.0011057761003030464,-0.0015940587618388236,-0.003585786670917912,0,0.0005175337771268126,-0.001869738727664748,-0.003585786670917912,905_GSL_1
73401,138,2026-02-28 00:45:24.150000+00:00,123928.0823028682,426940.4287033205,7.119292120027023,-0.004316010468755849,-0.0030178315355442464,0.0013560564290955313,0,0.0002558611894297564,-0.005260208037243301,0.0013560564290955313,905_GSL_1
73402,133,2026-02-28 00:45:30.140000+00:00,124806.21173725711,426258.50356653647,4.607012633968199,-0.01015883641957771,-0.00791727687465027,0.01885552978363325,0,0.0014605709814948943,0.012796560589378126,0.01885552978363325,903_GSL_1
73403,143,2026-02-28 00:45:37.210000+00:00,124266.92257719685,427056.31519156497,7.103242997958949,0.003009768755873665,0.0009646889520809054,-0.0022987402638285914,0,-0.0002480474510999609,0.003150841982725106,-0.0022987402638285914,906_GSL_1
73404,125,2026-02-28 00:45:40.770000+00:00,124339.65540158721,426609.5898695535,6.668924118003009,-0.0024639764160383493,-0.0013642929261550307,-0.004591820126105262,0,-0.0017073991982828336,-0.002239924763212591,-0.004591820126105262,17_P5_1
73405,153,2026-02-28 00:45:48.130000+00:00,124370.27444625407,426819.4955045437,9.734188324589189,0.0006074491975596175,-0.003618553513661027,0.008107847476200192,0,0.0033316221849956345,-0.0015372760569557125,0.008107847476200192,29_KW_1
73406,132,2026-02-28 00:45:48.790000+00:00,124806.22671857305,426258.5135206119,4.587155383618721,0.012584285272168927,0.008378861472010612,0.0045232094083997865,0,-0.0009611311314947075,-0.015087934992123452,0.0045232094083997865,903_GSL_1
73407,152,2026-02-28 00:45:54.960000+00:00,124370.27133781601,426819.4965257169,9.727266772922682,-0.004433845853782259,-0.002644321008119732,-0.0016541783051966519,0,-0.00155284441847249,-0.004923423286810136,-0.0016541783051966519,29_KW_1
73408,146,2026-02-28 00:45:56.550000+00:00,124350.92283502131,426607.5112689412,11.373692114878155,-0.003431553632253781,-0.000596455589402467,-0.005629398345927683,0,-0.0013077648648010423,-0.003228168313386939,-0.005629398345927683,13_P5_1
73409,136,2026-02-28 00:46:06.250000+00:00,123855.61182160137,426533.0796112656,6.032963659967325,-0.003948510420741513,0.00550273951375857,0.010671117530586471,0,-1.6967520523897573e-05,0.0067727829436821235,0.010671117530586471,904_GSL_1
73410,135,2026-02-28 00:46:06.880000+00:00,123855.61291559285,426533.0752446104,6.025654888300815,-0.0007346853817580268,-0.0013903109356760979,0.004456441182457915,0,0.0013885582366689815,-0.000737992636418693,0.004456441182457915,904_GSL_1
73411,148,2026-02-28 00:46:11.850000+00:00,124351.03792185379,426607.39760887314,8.01130985243795,-0.003196560879587196,-0.0008470215834677219,-0.004146562774431928,0,-0.0015053996563825073,-0.0029443537311829335,-0.004146562774431928,14_P5_1
73412,150,2026-02-28 00:46:13.640000+00:00,124401.10333427583,426812.3186215331,9.1807338953378,-1.9333576017670566,-0.5164222192252055,2.5669123326662397,0,-1.610804494166185,-1.1873804808880648,2.5669123326662397,27_KW_1
73413,140,2026-02-28 00:46:23.440000+00:00,123928.08816585671,426940.4342595298,7.142272589964472,0.0006421242433134466,-0.00017914711497724056,0.00669888376212846,0,-0.0006476228116678886,-0.00015811997490169788,0.00669888376212846,905_GSL_1
73414,128,2026-02-28 00:46:30.820000+00:00,124898.93394726838,426720.77999352757,4.080700358519653,-0.006354131124680862,0.010729492758400738,-0.0006915724840261817,0,-0.0010916755671237335,-0.012421966094719347,-0.0006915724840261817,901_GSL_1
73415,129,2026-02-28 00:46:30.860000+00:00,124898.93848881731,426720.7723399108,4.083882623089881,-0.0011828814749605954,-0.00016275933012366295,-0.007802122155732505,0,-0.001155309221175806,0.00030159540250708364,-0.007802122155732505,901_GSL_1
73416,145,2026-02-28 00:46:39.460000+00:00,124266.92149501682,427056.3147979839,7.118320485623049,0.0031712639902252704,5.1376293413341045e-05,0.010353549331402867,0,-0.002213683087038663,0.0022713788784311994,0.010353549331402867,906_GSL_1
73417,6,2026-02-28 00:46:39.660000+00:00,124399.03729167081,426925.07430087216,8.585464380303259,-0.0018790735630318522,-0.0011483427369967103,0.03815768448170154,11,-0.002201846404347899,-3.8482574739050184e-05,0.03815768448170154,TS5
73418,149,2026-02-28 00:46:47.820000+00:00,124351.04124246699,426607.395898832,8.01187035616641,-6.922507600393146e-05,-0.000833633472211659,-0.0003554878013876106,0,0.0008341448926909109,-6.276284838250744e-05,-0.0003554878013876106,14_P5_1
73419,131,2026-02-28 00:46:49.400000+00:00,124806.21992121339,426258.5110650012,4.619477793645666,0.0013767172349616885,0.0047809366951696575,0.007973320873103873,0,-0.00037229166896331504,-0.004961260418631624,0.007973320873103873,903_GSL_1
73420,3,2026-02-28 00:46:49.600000+00:00,124314.90179027712,426440.789761709,7.062304852733863,-0.005449074815260246,-0.006315574573818594,-0.01612424275722102,11,-0.007808455631592687,0.002933755134501829,-0.01612424275722102,TS2
73421,147,2026-02-28 00:47:05.240000+00:00,124350.9271738793,426607.50929033646,11.372459354941952,0.0006665337132290006,-0.0007024036603979766,-0.0017602867304908898,0,0.0005882492039756334,-0.0007691560095542056,-0.0017602867304908898,13_P5_1
73422,126,2026-02-28 00:47:21.030000+00:00,124339.65725357953,426609.5878102074,6.6670822294025225,0.0004329753865022212,-0.0006799536640755832,-0.0035749597329353122,0,0.0005672141760759044,-0.000572776351698542,-0.0035749597329353122,17_P5_1
73423,121,2026-02-28 00:47:35.790000+00:00,124329.25882852935,426611.32680303446,11.351598446168413,-0.000714240362867713,-0.0009134581196121871,-0.00270107590570845,0,0.0010762462043682757,0.0004315543300880147,-0.00270107590570845,15_P5_1
73424,123,2026-02-28 00:47:51.430000+00:00,124329.1508563565,426611.3883379476,8.075998726058193,0.001099744375096634,-0.0019400720484554768,-0.0021169189958722967,0,0.0015558926282977792,-0.001597659341963594,-0.0021169189958722967,16_P5_1
73425,4,2026-02-28 00:47:51.630000+00:00,124378.97103183669,426782.738382893,7.77469864156576,-0.0008255819120677188,-0.0037591474829241633,-0.01402662045740577,11,-0.0031176893285073076,0.002256720749853671,-0.01402662045740577,TS3
73426,68,2026-02-28 00:51:21.120000+00:00,123928.08634880403,426940.43116477947,7.128852809466073,-0.022601557822781615,-0.016570225765462965,0.010039528425846989,0,0.015862960677468566,-0.02310344728563336,0.010039528425846989,905_GSL_1
73427,68,2026-02-28 00:51:22.350000+00:00,123928.07715983632,426940.42459520226,7.118166997372457,-0.03179052553605288,-0.023139802971854806,-0.0006462836677689765,0,0.0011623056487230783,-0.03930314288976948,-0.0006462836677689765,905_GSL_1
73428,69,2026-02-28 00:51:37.620000+00:00,124266.92282967703,427056.3153530136,7.104889568182841,-0.019767519625020213,0.0005146295297890902,0.014388197255408741,0,0.00796718108951712,-0.018098168447810706,0.014388197255408741,906_GSL_1
73429,71,2026-02-28 00:51:38.080000+00:00,124806.22480121734,426258.5115736842,4.6146651104957845,-0.0029607181495521218,-0.0035324478521943092,0.02316144734651715,0,0.0014710288726725888,0.004368078965097029,0.02316144734651715,903_GSL_1
73430,69,2026-02-28 00:51:42.180000+00:00,124266.9375718723,427056.31690434716,7.0722767072030495,-0.005025324353482574,0.0020659631118178368,-0.018224663724383028,0,0.0024500904322696123,-0.004849654143420744,-0.018224663724383028,906_GSL_1
73431,71,2026-02-28 00:51:46.790000+00:00,124806.22948952475,426258.5149504179,4.586774687827221,0.0017275892605539411,-0.00015571416588500142,-0.004728975322046303,0,0.0009989633490267965,-0.0014180563394801146,-0.004728975322046303,903_GSL_1
73432,66,2026-02-28 00:51:54.640000+00:00,124898.93849381202,426720.7731642845,4.084934994755711,0.0008881483372533694,-0.0010408703237771988,0.0026484643519468776,0,0.0010050795124006131,0.0009284576854324171,0.0026484643519468776,901_GSL_1
73433,67,2026-02-28 00:51:56.060000+00:00,123855.61648958258,426533.07308908465,6.050724951442378,-0.0015048915665829554,-0.018013620050624013,0.006316803104802204,0,0.011758713038519133,-0.013729088594410634,0.006316803104802204,904_GSL_1
73434,66,2026-02-28 00:52:01.310000+00:00,124898.93269860603,426720.7823587064,4.079938243772602,-0.004907057649688795,0.008153551607392728,-0.0023482866311619333,0,-0.0009002260846482639,-0.009473606049879037,-0.0023482866311619333,901_GSL_1
73435,67,2026-02-28 00:52:04.800000+00:00,123855.61784081567,426533.0682938784,6.019862910615146,-0.00015365847502835095,-0.022808826295658946,-0.024545237722430002,0,0.012933117172863476,-0.01878831147563492,-0.024545237722430002,904_GSL_1
73436,68,2026-02-28 00:52:12.190000+00:00,123928.08810635784,426940.4306124091,7.157616980777142,-0.020844004015089013,-0.01712259615305811,0.03880369973691611,0,0.020274237467730202,-0.01779356899286515,0.03880369973691611,905_GSL_1
73437,69,2026-02-28 00:52:29.310000+00:00,124266.92126762545,427056.31470641936,7.133449612985235,-0.021329571201931685,-0.00013196468353271484,0.04294824205780223,0,0.015038115936030105,-0.01512689959742216,0.04294824205780223,906_GSL_1
73438,149,2026-02-28 00:52:32.560000+00:00,124351.04109760019,426607.39586960315,8.010652933541879,-0.00021409188047982752,-0.0008628623327240348,-0.0015729104259190052,0,0.0008857966949328983,7.570306313026888e-05,-0.0015729104259190052,14_P5_1
73439,71,2026-02-28 00:52:36.320000+00:00,124806.22108896567,426258.5143767536,4.617949077249967,-0.006672969815554097,-0.0007293784874491394,0.026445414100699338,0,-0.0060026051645821876,0.0030048711079480473,0.026445414100699338,903_GSL_1
73440,147,2026-02-28 00:52:47.330000+00:00,124350.92697024763,426607.50910347246,11.37163883644778,0.0004629020404536277,-0.0008892676560208201,-0.0025808052246638624,0,0.0008049441343315878,-0.0005976120846385775,-0.0025808052246638624,13_P5_1
73441,159,2026-02-28 00:53:02.200000+00:00,124421.80604505021,426965.6171551479,5.593932116332772,-0.0019056021992582828,-0.0010187607840634882,0.00470621978315755,0,-0.0009019276338530167,-0.0019635986912442055,0.00470621978315755,38a_P9_0
73442,126,2026-02-28 00:53:02.240000+00:00,124339.6573336759,426609.587738614,6.667417343700881,0.0005130717618158087,-0.0007515470497310162,-0.0032398454345772265,0,0.0006192967781083586,-0.00066673615572937,-0.0032398454345772265,17_P5_1
73443,162,2026-02-28 00:53:09.890000+00:00,124402.99698257598,426879.6451187703,6.568322988774607,0.0015544476627837867,-0.0026148175820708275,0.023649945484040202,0,0.002739879652913101,-0.0013216043323905577,0.023649945484040202,34a_P7_0
73444,156,2026-02-28 00:53:12.390000+00:00,124272.34770602534,426258.4824176484,9.071551111634786,0.0013195673091104254,-0.0007664118893444538,0.0022276996210219835,0,0.0004463953119425316,-0.0014592382577486083,0.0022276996210219835,00a_LHZ_0
73445,121,2026-02-28 00:53:18.050000+00:00,124329.25873450036,426611.32676111243,11.350778900644961,-0.0008082693530013785,-0.0009553801501169801,-0.003520621429160542,0,0.0011426988998910973,0.0005101860468755356,-0.003520621429160542,15_P5_1
73446,110,2026-02-28 00:53:18.100000+00:00,124434.14025980087,426963.9331402276,8.74856647207435,0.0001739583967719227,0.0010536541230976582,-0.002493888183439097,0,0.0010667942459326567,-4.8975215906896234e-05,-0.002493888183439097,35_P9_0
73447,179,2026-02-28 00:53:25.970000+00:00,124272.34968688323,426258.5057591173,6.498623048590452,0.0014898570370860398,-0.0007303563761524856,0.002739992481874509,0,0.0003725442378773016,-0.001616881324638826,0.002739992481874509,00c_LHZ_0
73448,104,2026-02-28 00:53:27.310000+00:00,124389.81583377784,426881.44374445075,10.74609113304272,-0.0012624324299395084,-0.0005951173952780664,0.02017926498251299,0,0.0008432792382757223,0.0011121063261301232,0.02017926498251299,33_P7_0
73449,123,2026-02-28 00:53:34.400000+00:00,124329.1506419155,426611.3886075238,8.075408174185739,0.0008853033796185628,-0.0016704958397895098,-0.002707470868326567,0,0.0013569050511832931,-0.0013164828547274638,-0.002707470868326567,16_P5_1
73450,111,2026-02-28 00:53:34.520000+00:00,124434.26118163603,426963.9767084836,6.465353062663263,-0.0005091232887934893,-0.001355295768007636,0.004060553048494953,0,-0.0014320566306714616,-0.00021271330123245175,0.004060553048494953,36_P9_0
73451,105,2026-02-28 00:53:44.610000+00:00,124389.68699448336,426881.4716935938,7.0825290690783165,-0.0016909539990592748,-0.0002596203703433275,0.020233172355526463,0,0.0006083454069495852,0.0015989509152801108,0.020233172355526463,34_P7_0
73452,102,2026-02-28 00:53:45.700000+00:00,124282.39486208267,426301.792772619,6.898538891008256,0.0015731368475826457,-0.0007852456183172762,-0.004759092758479966,0,0.0004063648156505757,-0.001710624990730002,-0.004759092758479966,02_P1_0
73453,176,2026-02-28 00:53:48.080000+00:00,124446.56403268698,427019.0007837792,7.869303445876046,-0.003213386968127452,-0.002157362876459956,-0.04910947777113961,0,-0.0027969264411379625,-0.002675307995450663,-0.04910947777113961,41_LHN_0
73454,118,2026-02-28 00:53:53.430000+00:00,124372.25996640229,426775.11068462004,6.16499960229989,-6.095970456954092e-05,-0.0019798787543550134,-0.0005324666904718001,0,0.0015268362815031298,-0.0012619060729758221,-0.0005324666904718001,22_P6_1
73455,109,2026-02-28 00:54:01.420000+00:00,124446.56873971615,427018.96719660686,10.348416779315473,-0.00031509781547356397,0.0020061382674612105,-0.03740846215249505,0,0.0018916437056043542,-0.0007386213323049277,-0.03740846215249505,40_LHN_0
73456,153,2026-02-28 00:54:01.440000+00:00,124370.27517350765,426819.495267637,9.748813891236525,0.001334702770691365,-0.003855460206978023,0.022733414123536022,0,0.0033690292759997174,-0.0023012272011122777,0.022733414123536022,29_KW_1
73457,103,2026-02-28 00:54:02.470000+00:00,124282.31421117218,426301.7963927202,9.293001211271235,0.002492765022907406,-0.001051433035172522,-0.004950274519877951,0,0.00045463223376337,-0.0026669642702717247,-0.004950274519877951,01_P1_0
73458,74,2026-02-28 00:54:11.940000+00:00,124369.34583198378,426785.72652729135,7.228770606207162,-0.0004812255210708827,6.099464371800423e-05,-0.0012832285499104756,0,0.00047768128615871774,-8.437379656020011e-05,-0.0012832285499104756,21_P6_1
73459,167,2026-02-28 00:54:17.070000+00:00,124669.37404044592,426931.3077580955,13.81364517589463,-0.0021925420296611264,0.0013374783447943628,0.004273211077846284,0,-0.002123459242714893,-0.0014446486490330762,0.004273211077846284,908_GSL_1
73460,100,2026-02-28 00:54:18.040000+00:00,124292.4842282372,426345.9291443424,7.582525511409113,0.0005049638857599348,-0.0010906373499892652,-0.0059740575599853685,0,0.0009452682979337828,-0.0007422575025115939,-0.0059740575599853685,06_P2_0
73461,65,2026-02-28 00:54:18.390000+00:00,124370.27511496226,426819.4953361358,9.748879646646348,-0.0033595288841752335,-0.003121288085822016,0.013500378895894727,0,0.0038945180599643074,0.0024210747032906692,0.013500378895894727,30_KW_1
73462,73,2026-02-28 00:54:29.830000+00:00,124369.48877329778,426785.6965778031,11.405765208568164,-0.0005662666517309844,0.00011114892549812794,-0.0002894074949111314,0,0.0005736804822809996,-6.247166359116919e-05,-0.0002894074949111314,20_P6_1
73463,151,2026-02-28 00:54:34.520000+00:00,124403.03554438672,426812.839811537,6.571818550193452,-0.0014409587311092764,0.0021276112529449165,-0.03692675228227671,0,-0.0017984143849818605,0.0018354283991232699,-0.03692675228227671,27_KW_1
73464,163,2026-02-28 00:54:35.150000+00:00,124091.05862658432,427154.20844372973,9.884392506712826,-0.024688085104571655,0.005460027954541147,0.027622433717318984,0,0.023066301328243402,-0.010356601490335538,0.027622433717318984,907_GSL_1
73465,101,2026-02-28 00:54:35.350000+00:00,124292.40676375174,426345.881997839,10.210750194956763,0.0014448809088207781,-0.001395686878822744,-0.004868302643521005,0,0.0010248139974586808,-0.0017278249260285286,-0.004868302643521005,05_P2_0
73466,113,2026-02-28 00:54:50.510000+00:00,124414.07866521591,426875.91548796376,7.300220174401565,0.0014306017401395366,0.00025582558009773493,-0.0031297707237119,0,-0.0005874250526512588,-0.0013292854749226287,-0.0031297707237119,32_P7_0
73467,98,2026-02-28 00:54:52.420000+00:00,124302.66073170473,426390.07688462955,7.974288580304194,-0.00011392882151994854,-0.0010273790103383362,-0.004762214826676825,0,0.0010254311643610168,-0.0001303009378857754,-0.004762214826676825,10_P3_0
73468,108,2026-02-28 00:54:53.530000+00:00,124422.71194569989,427023.8348845024,10.340672897013965,0.0012208599073346704,-0.0039349923026748,0.01235041267130832,0,-0.003542026507567597,0.0021044504164117617,0.01235041267130832,39_LHN_0
73469,112,2026-02-28 00:55:05.810000+00:00,124413.95246058768,426875.86775793834,10.666016220590524,0.0017259628657484427,0.0004918728955090046,-0.003249386330139714,0,-0.0008906211176171383,-0.0015581016603974814,-0.003249386330139714,31_P7_0
73470,177,2026-02-28 00:55:07.250000+00:00,124422.72786591195,427023.8954114947,7.805180977428938,0.001360074893455021,-0.00400804280070588,0.012048357695783274,0,-0.003580587611880177,0.0022569012299494032,0.012048357695783274,42_LHN_0
73471,99,2026-02-28 00:55:10+00:00,124302.5378264554,426390.1338570136,11.082961830879025,-0.0002538357657613233,-0.0009592783753760159,-0.0047933718703419,0,0.0009921092231351596,1.91542896980355e-05,-0.0047933718703419,09_P3_0
73472,152,2026-02-28 00:55:17.830000+00:00,124370.27137513767,426819.49653677846,9.727224894497338,-0.004396524192998186,-0.0026332594570703804,-0.0016960567305410734,0,-0.0015506697137161072,-0.004884557685894656,-0.0016960567305410734,29_KW_1
73473,161,2026-02-28 00:55:22.740000+00:00,124402.99060875157,426879.64554500807,6.5456323770893885,-0.0007949950231704861,-0.0019618789083324373,0.004008056265666582,0,0.0021026193048098987,-0.00024490405645120525,0.004008056265666582,34a_P7_0
73474,107,2026-02-28 00:55:23.250000+00:00,124409.92156390019,426969.5239096475,6.309717506464063,0.0007463928923243657,-0.0005014056223444641,0.020637183034029505,0,-0.00030951010097295855,0.0008442235753795796,0.020637183034029505,38_P9_0
73475,166,2026-02-28 00:55:30.150000+00:00,124091.05105154891,427154.2045335809,9.828712348769852,-0.0212292867799988,0.015505601360928267,-0.0011412702929529672,0,0.02114976597906854,-0.015613894126132897,-0.0011412702929529672,907_GSL_1
73476,117,2026-02-28 00:55:34.540000+00:00,124377.67930584427,426815.9037131773,7.616400305129439,-0.0007112998137017712,-0.0019928612164221704,-0.0010347350430208735,0,-0.001963720526411918,-0.0007881909331122294,-0.0010347350430208735,26_KW_0
73477,106,2026-02-28 00:55:39.220000+00:00,124410.03276862264,426969.44923221855,8.944902081378402,0.0005648044170811772,-0.0003291223547421396,0.02101485703987116,0,-0.00018362752839360132,0.0006273806537991719,0.02101485703987116,37_P9_0
73478,125,2026-02-28 00:55:46.300000+00:00,124339.6551676939,426609.5898038189,6.6693758125643745,-0.0026978697278536856,-0.0014300275361165404,-0.004140125564739527,0,-0.0018063781989881638,-0.002461803734000974,-0.004140125564739527,17_P5_1
73479,116,2026-02-28 00:55:50.440000+00:00,124377.68631180386,426815.89781404735,10.004470544754355,-0.001048087709932588,-0.0022475162404589355,-0.0005892105227687239,0,-0.0022053414448142067,-0.0011341455861674863,-0.0005892105227687239,25_KW_0
73480,160,2026-02-28 00:55:58.770000+00:00,124421.81254687396,426965.61625012266,5.6168494792982715,0.00134071332286112,-0.0023879159707576036,0.02466824941093293,0,-0.001425364152751944,0.002338373778835682,0.02466824941093293,38a_P9_0
73481,146,2026-02-28 00:56:02.130000+00:00,124350.92334147426,426607.5110514773,11.373912136914937,-0.002925100678112358,-0.0008139195269905031,-0.005409376309145841,0,-0.0014133573120713263,-0.0026872104647616153,-0.005409376309145841,13_P5_1
73482,115,2026-02-28 00:56:06.740000+00:00,124396.28951053465,426811.6315241225,7.646284385738811,-0.0005802251544082537,-0.0023902139510028064,1.209296576476504e-05,0,-0.002348408563342997,0.0007312736703818959,1.209296576476504e-05,24_KW_0
73483,148,2026-02-28 00:56:17.220000+00:00,124351.03815716621,426607.39751444367,8.009953224855362,-0.002961248450446874,-0.0009414510568603873,-0.00550319035701996,0,-0.0015477998562046036,-0.002694371556202032,-0.00550319035701996,14_P5_1
73484,114,2026-02-28 00:56:22.540000+00:00,124396.29863508667,426811.6270678338,9.990138495276538,-0.0003855583490803838,-0.0024709220160730183,-0.0005455823736451038,0,-0.0023172670537193202,0.000940417062694484,-0.0005455823736451038,23_KW_0
73485,168,2026-02-28 00:56:33.460000+00:00,124669.36769986637,426931.31137119594,13.79459108666557,-0.009032104979269207,0.0036306235706433654,-0.006748933269658863,0,-0.002347655418322278,-0.009447161579282574,-0.006748933269658863,908_GSL_1
73486,119,2026-02-28 00:56:39.930000+00:00,124401.10308975891,426812.3188610015,9.180859674712545,-0.00026419589994475245,-0.0013513542944565415,0.007555672447253414,0,-0.0012402660824561247,0.0005980785461815966,0.007555672447253414,28_KW_1
73487,150,2026-02-28 00:56:54.330000+00:00,124401.10300945785,426812.3187946263,9.180890611120606,-1.9336824197525857,-0.5162491260562092,2.5670690484490457,0,-1.610872178564781,-1.187742263683486,2.5670690484490457,27_KW_1
73488,169,2026-02-28 00:57:10.360000+00:00,124669.3769846446,426931.3038719318,13.805621026488291,0.00024481542641296983,-0.006978552497457713,-0.018827284099138808,0,-0.0029604485386041757,0.006324229123225963,-0.018827284099138808,908_GSL_1
73489,62,2026-02-28 00:57:28.740000+00:00,124390.61121992665,426780.87964667607,7.44358627449097,0.0005397136264946312,0.0004014680744148791,-0.001211599091358373,0,0.00046957655009580434,-0.0004816277369488802,-0.001211599091358373,19_P6_1
73490,72,2026-02-28 00:57:45.940000+00:00,124390.52356892785,426780.8881656385,10.986481475415758,-0.0003907750069629401,0.001234706782270223,-0.0006038461509998427,0,-0.0005813752276023626,-0.0011572418887083524,-0.0006038461509998427,18_P6_1
73491,139,2026-02-28 01:00:20.330000+00:00,123928.08647366213,426940.431555843,7.1312968305429845,-0.00039626155921723694,0.0004518303903751075,-0.005305000196271337,0,0.0005232082516549913,0.00029568065608004385,-0.005305000196271337,905_GSL_1
73492,138,2026-02-28 01:00:22.860000+00:00,123928.08249566006,426940.42900610506,7.119692054364233,-0.004123218619497493,-0.0027150469832122326,0.0017559907663056151,0,0.00037725899620885965,-0.004922406683219109,0.0017559907663056151,905_GSL_1
73493,133,2026-02-28 01:00:35.210000+00:00,124806.21841745013,426258.5077530489,4.61353689149357,-0.0034786433971021324,-0.003730764437932521,0.025379787309004698,0,0.0013703101687542955,0.004913431918420443,0.025379787309004698,903_GSL_1
73494,143,2026-02-28 01:00:37.010000+00:00,124266.92206377377,427056.31516235834,7.10357261604559,0.0024963456817204133,0.0009354823268949986,-0.0019691221771873657,0,-8.047778410111353e-05,0.002664656126565529,-0.0019691221771873657,906_GSL_1
73495,125,2026-02-28 01:00:39.370000+00:00,124339.65632154871,426609.58973687567,6.669900187159256,-0.001544014914543368,-0.0014969707699492574,-0.0036157509698577783,0,-0.0017051775294422446,-0.0013104476851443095,-0.0036157509698577783,17_P5_1
73496,153,2026-02-28 01:00:53.110000+00:00,124370.27428954553,426819.49558328366,9.748524823719867,0.00045074065565131605,-0.0035398135660216212,0.02244434660687844,0,0.0032968449332948175,-0.0013653793270208747,0.02244434660687844,29_KW_1
73497,146,2026-02-28 01:00:54.850000+00:00,124350.92310307731,426607.5113431452,11.372542053281684,-0.003163497633067891,-0.0005222515901550651,-0.006779459942398702,0,-0.0011786197817698573,-0.0029818315525640304,-0.006779459942398702,13_P5_1
73498,152,2026-02-28 01:00:54.940000+00:00,124370.27159909789,426819.49655709445,9.727037509778064,-0.004172563974861987,-0.0026129434700123966,-0.0018834414498147822,0,-0.0015824453863615075,-0.004661934180249618,-0.0018834414498147822,29_KW_1
73499,132,2026-02-28 01:01:09.400000+00:00,124806.22466783067,426258.5123028003,4.588309878835399,0.010533542896155268,0.00716104987077415,0.005677704625077773,0,-0.0009323259751907744,-0.012703028358342043,0.005677704625077773,903_GSL_1
73500,148,2026-02-28 01:01:10.250000+00:00,124351.03753115494,426607.3976024056,8.009368909669083,-0.0035872597218258306,-0.0008534891530871391,-0.006087505543298732,0,-0.0015945432343169052,-0.003324801936982942,-0.006087505543298732,14_P5_1
73501,136,2026-02-28 01:01:11.650000+00:00,123855.61477868528,426533.0756114775,6.0470629872129305,-0.0009914265101542696,0.0015029513742774725,0.024770444776192058,0,-7.521005168141528e-05,0.0017989254588796323,0.024770444776192058,904_GSL_1
73502,150,2026-02-28 01:01:13.540000+00:00,124401.102935849,426812.318863439,9.180821542856638,-1.9337560285930522,-0.5161803133087233,2.566999980185077,0,-1.6108644099387759,-1.1878427281252617,2.566999980185077,27_KW_1
73503,135,2026-02-28 01:01:28.540000+00:00,123855.62047308078,426533.06403394265,6.021930249850139,0.006822802548413165,-0.012600978661794215,0.0007318027317815279,0,0.0014290355379479819,-0.014258090870832183,0.0007318027317815279,904_GSL_1
73504,140,2026-02-28 01:01:28.580000+00:00,123928.08807590257,426940.43316989084,7.160023477802545,0.0005521701095858589,-0.001268786087166518,0.02444977160020123,0,-0.0005932364223682986,-0.0012501121997976997,0.02444977160020123,905_GSL_1
73505,129,2026-02-28 01:01:30.550000+00:00,124898.93857205195,426720.7736059906,4.0859374477331425,-0.0010996468336088583,0.0011033204500563443,-0.00574729751247105,0,-0.0012224846710617038,-0.0009654379333741137,-0.00574729751247105,901_GSL_1
73506,128,2026-02-28 01:01:44.020000+00:00,124898.9352159097,426720.7789856837,4.088342705383704,-0.005085489799967036,0.009721648879349232,0.006950774380024782,0,-0.00038335653420240655,-0.010964748114143125,0.006950774380024782,901_GSL_1
73507,145,2026-02-28 01:01:44.600000+00:00,124266.92206149064,427056.3157765715,7.133307160768664,0.003737737803021446,0.0010299638961441815,0.025340224477017337,0,-0.001925920572888839,0.0033648684162117855,0.025340224477017337,906_GSL_1
73508,6,2026-02-28 01:01:44.800000+00:00,124399.03695413984,426925.07323399436,8.571069766510934,-0.0022166045382618904,-0.002215220534708351,0.023763070689376775,11,-0.0030465208455672686,0.0007343353688614324,0.023763070689376775,TS5
73509,149,2026-02-28 01:01:47.750000+00:00,124351.04162368827,426607.39566594164,8.011902446527719,0.00031199620570987463,-0.0010665238369256258,-0.0003233974400789208,0,0.0010041720516879727,-0.0004758710095358661,-0.0003233974400789208,14_P5_1
73510,147,2026-02-28 01:02:03.540000+00:00,124350.9280398565,426607.5090549497,11.371202346560105,0.0015325109125114977,-0.0009377904352732003,-0.0030172951123379477,0,0.0006838325058336717,-0.0016614492774147404,-0.0030172951123379477,13_P5_1
73511,131,2026-02-28 01:02:03.550000+00:00,124806.21936675624,426258.50940571557,4.6210550985121746,0.0008222600881708786,0.0031216510687954724,0.009550625739612073,0,-0.00031494608532626784,-0.003212728748470427,0.009550625739612073,903_GSL_1
73512,3,2026-02-28 01:02:03.750000+00:00,124314.90188353357,426440.79007472907,7.062331494714345,-0.005355818357202224,-0.006002554495353252,-0.01609760077673883,11,-0.007576655823748052,0.002703652580028467,-0.01609760077673883,TS2
73513,126,2026-02-28 01:02:19.550000+00:00,124339.65725291011,426609.587680548,6.668131275380097,0.0004323059692978859,-0.0008096130331978202,-0.002525913755360598,0,0.000693803793384096,-0.0006008311001439571,-0.002525913755360598,17_P5_1
73514,121,2026-02-28 01:02:35.860000+00:00,124329.25913163902,426611.32685044437,11.351604010962697,-0.00041113069164566696,-0.0008660482126288116,-0.002695511111424409,0,0.0009462882466109238,0.00015364409047089028,-0.002695511111424409,15_P5_1
73515,123,2026-02-28 01:02:50.800000+00:00,124329.15070635264,426611.38851670024,8.075963133473834,0.0009497405117144808,-0.0017613194067962468,-0.00215251158023122,0,0.0014261270855162825,-0.0014037145822087909,-0.00215251158023122,16_P5_1
73516,4,2026-02-28 01:02:51+00:00,124378.97106153281,426782.73854960856,7.774212562638633,-0.0007958857895573601,-0.003592431894503534,-0.014512699384533256,11,-0.0029845859250025616,0.0021520334483790425,-0.014512699384533256,TS3
73517,68,2026-02-28 01:06:21.120000+00:00,123928.08695612609,426940.432478002,7.130564727984479,-0.021994235765305348,-0.015257003251463175,0.011751446944252564,0,0.015723291987077,-0.021663347945414968,0.011751446944252564,905_GSL_1
73518,68,2026-02-28 01:06:22.560000+00:00,123928.08186824796,426940.42858371476,7.118740205082549,-0.02708211389835924,-0.0191512904711999,-7.307595767702679e-05,0,0.0014340377228467427,-0.033138442264618095,-7.307595767702679e-05,905_GSL_1
73519,71,2026-02-28 01:06:26.830000+00:00,124806.22294879156,426258.50933576754,4.604463133645906,-0.004813143925275654,-0.005770364543423057,0.012959470496638481,0,0.002415101401310706,0.007115528555968205,0.012959470496638481,903_GSL_1
73520,69,2026-02-28 01:06:37.950000+00:00,124266.92286375213,427056.31548690906,7.102304738387946,-0.01973344452562742,0.0006485250196419656,0.011803367460513137,0,0.008078177365022301,-0.01801589487109529,0.011803367460513137,906_GSL_1
73521,67,2026-02-28 01:06:44.550000+00:00,123855.61360981784,426533.0755866472,6.036525567727033,-0.004384656305774115,-0.015516057494096458,-0.007882580610543144,0,0.01263315237645481,-0.010018817899989289,-0.007882580610543144,904_GSL_1
73522,71,2026-02-28 01:06:49.330000+00:00,124806.22850970337,426258.51402882894,4.584114844835925,0.0007477678882423788,-0.001077303139027208,-0.007388818313342149,0,0.001306880093343898,-0.00010864294577094026,-0.007388818313342149,903_GSL_1
73523,69,2026-02-28 01:06:50.990000+00:00,124266.93458606875,427056.31674165424,7.073355300153774,-0.008011127909412608,0.001903270196635276,-0.017146070773658373,0,0.002519828037844602,-0.007839073572946099,-0.017146070773658373,906_GSL_1
73524,66,2026-02-28 01:06:56.020000+00:00,124898.93860379045,426720.77342745254,4.086312924272033,0.0009981267648981884,-0.0007777022547088563,0.004026393868268308,0,0.0010831431624185295,0.0006541243960374426,0.004026393868268308,901_GSL_1
73525,68,2026-02-28 01:07:01.240000+00:00,123928.08769861177,426940.430772587,7.144431080737669,-0.02125175009132363,-0.01696241821628064,0.025617799697442933,0,0.020686952320398966,-0.017646827402726613,0.025617799697442933,905_GSL_1
73526,67,2026-02-28 01:07:07.360000+00:00,123855.61771344543,426533.0682180175,6.0179950883995,-0.000281028711469844,-0.02288468717597425,-0.026413059938075634,0,0.013081109517284292,-0.018779575556324084,-0.026413059938075634,904_GSL_1
73527,69,2026-02-28 01:07:17.780000+00:00,124266.9214033272,427056.31445898593,7.119012987692533,-0.02119386945560109,-0.0003793981159105897,0.02851161676510028,0,0.014767374906366463,-0.015206863049499572,0.02851161676510028,906_GSL_1
73528,149,2026-02-28 01:07:35.930000+00:00,124351.04130682613,426607.3958171912,8.011554062682915,-4.86594217363745e-06,-0.0009152742568403482,-0.0006717812848826554,0,0.0009046460325814223,-0.00013916248906433462,-0.0006717812848826554,14_P5_1
73529,147,2026-02-28 01:07:51.950000+00:00,124350.92729362081,426607.50922669173,11.371283939904911,0.0007862752245273441,-0.0007660483825020492,-0.002935701767531995,0,0.000632172111156302,-0.000897450430339033,-0.002935701767531995,13_P5_1
73530,162,2026-02-28 01:07:57.320000+00:00,124402.99678660263,426879.6439991178,6.554029891388653,0.0013584743137471378,-0.003734470112249255,0.009356848098086346,0,0.003838304436507627,-0.0010291445637419412,0.009356848098086346,34a_P7_0
73531,71,2026-02-28 01:08:02.130000+00:00,124806.22123476189,426258.514480111,4.607383922828763,-0.006527173594804481,-0.0006260210648179054,0.0158802596794958,0,-0.005901863069712831,0.0028572556442622403,0.0158802596794958,903_GSL_1
73532,159,2026-02-28 01:08:05.840000+00:00,124421.80603626663,426965.61707765464,5.594121081638085,-0.0019143857789458707,-0.0010962540400214493,0.0048951850884702,0,-0.000978749735983159,-0.0019770419280345152,0.0048951850884702,38a_P9_0
73533,126,2026-02-28 01:08:07.170000+00:00,124339.65765453005,426609.58759295556,6.667567403903105,0.0008339259075000882,-0.0008972054929472506,-0.0030897852323530373,0,0.0006903006791344084,-0.001011877012369161,-0.0030897852323530373,17_P5_1
73534,104,2026-02-28 01:08:14.650000+00:00,124389.81554094648,426881.442661294,10.731767106440694,-0.0015552637923974544,-0.0016782741295173764,0.005855238380487293,0,0.0019635737566420677,0.0011746606403452778,0.005855238380487293,33_P7_0
73535,110,2026-02-28 01:08:22.200000+00:00,124434.14008438672,426963.93318810436,8.74855867795323,-1.4557590475305915e-06,0.0011015309137292206,-0.0025016823045582726,0,0.0010771430660911235,-0.00023051092882410114,-0.0025016823045582726,35_P9_0
73536,121,2026-02-28 01:08:22.310000+00:00,124329.25921014353,426611.3267695132,11.351312314239424,-0.000332626179442741,-0.0009469793876633048,-0.002987207834697969,0,0.0010021512512058829,5.57046283205051e-05,-0.002987207834697969,15_P5_1
73537,66,2026-02-28 01:08:29.490000+00:00,124898.93370710863,426720.7837567908,4.077881831250437,-0.003898555049090646,0.009551636001560837,-0.004404699153327307,0,0.0006135482291134521,-0.010298351341241714,-0.004404699153327307,901_GSL_1
73538,105,2026-02-28 01:08:32.910000+00:00,124389.686834081,426881.47057871916,7.0681255212629726,-0.0018513563554733992,-0.0013744949828833342,0.005829624540182543,0,0.0017320689865859915,0.0015220689335999798,0.005829624540182543,34_P7_0
73539,123,2026-02-28 01:08:37.810000+00:00,124329.15077645276,426611.3884440978,8.07587844919084,0.0010198406380368397,-0.0018339218222536147,-0.0022371958632252387,0,0.0014762714657731257,-0.0014912969980770004,-0.0022371958632252387,16_P5_1
73540,111,2026-02-28 01:08:38.550000+00:00,124434.26111941226,426963.97677973215,6.465275316828031,-0.0005713470600312576,-0.0012840472045354545,0.003982807213262163,0,-0.0013754873674333488,-0.0002885293546815507,0.003982807213262163,36_P9_0
73541,65,2026-02-28 01:08:49.400000+00:00,124370.27448388175,426819.4941626892,9.733992221224733,-0.003990609402535483,-0.0042947346810251474,-0.0013870465257195264,0,0.005192572431683958,0.0027215622215412466,-0.0013870465257195264,30_KW_1
73542,176,2026-02-28 01:08:52.020000+00:00,124446.56368677027,427019.0007259839,7.868864720336251,-0.0035593036736827344,-0.0022151581943035126,-0.049548203310934014,0,-0.0029276373024494933,-0.003000751288025661,-0.049548203310934014,41_LHN_0
73543,118,2026-02-28 01:08:55.030000+00:00,124372.2600621572,426775.1106100715,6.1649388254058435,3.4795215469785035e-05,-0.002054427284747362,-0.0005932435845181772,0,0.0015195658095660933,-0.001383040825764645,-0.0005932435845181772,22_P6_1
73544,109,2026-02-28 01:09:04.820000+00:00,124446.5692447128,427018.9671140728,10.34811217921871,0.00018989882664754987,0.0019236042280681431,-0.0377130622492583,0,0.0019194986489674904,-0.0002276833924899494,-0.0377130622492583,40_LHN_0
73545,156,2026-02-28 01:09:04.950000+00:00,124272.34745901702,426258.4825218492,9.071116734608626,0.001072558996384032,-0.0006622110959142447,0.0017933225948620901,0,0.0004010702331419088,-0.001195010043624639,0.0017933225948620901,00a_LHZ_0
73546,153,2026-02-28 01:09:06.600000+00:00,124370.27458506972,426819.4943463628,9.734349798125054,0.0007462648500222713,-0.004776734451297671,0.008269321012065234,0,0.00441258497099681,-0.0019756510618846395,0.008269321012065234,29_KW_1
73547,74,2026-02-28 01:09:14.120000+00:00,124369.34575294505,426785.7264410125,7.228725320365361,-0.0005602642486337572,-2.528418553993106e-05,-0.001328514391711444,0,0.000527596974396892,-0.00019020186892565338,-0.001328514391711444,21_P6_1
73548,179,2026-02-28 01:09:18.500000+00:00,124272.34852542114,426258.50608180295,6.498553314623497,0.0003283949481556192,-0.0004076707409694791,0.0026702585149198654,0,0.00032234284298332766,-0.00041247274648655474,0.0026702585149198654,00c_LHZ_0
73549,167,2026-02-28 01:09:22.110000+00:00,124669.3744995068,426931.3038023274,13.813319567674577,-0.0017334811564069241,-0.0026182897272519767,0.0039476028577940525,0,-0.0018612938207086646,0.002529028139116459,0.0039476028577940525,908_GSL_1
73550,163,2026-02-28 01:09:24.220000+00:00,124091.05673531679,427154.2049355309,9.86923881272993,-0.026579352634144016,0.0019518291228450835,0.012468739734423195,0,0.022489449271883906,-0.014300220096988897,0.012468739734423195,907_GSL_1
73551,73,2026-02-28 01:09:31.180000+00:00,124369.48836866196,426785.69583562046,11.405465813988767,-0.0009709024743642658,-0.0006310337339527905,-0.0005888020743078926,0,0.0007390171317532145,-0.0008914644508270126,-0.0005888020743078926,20_P6_1
73552,151,2026-02-28 01:09:39.010000+00:00,124403.03567605346,426812.8398607826,6.571870117419243,-0.0013092919834889472,0.00217685685493052,-0.036875185056485904,0,-0.0018728697667475657,0.001716190578487522,-0.036875185056485904,27_KW_1
73553,102,2026-02-28 01:09:39.850000+00:00,124282.39456758625,426301.792789627,6.898993561807459,0.0012786404258804396,-0.0007682376308366656,-0.004304421959276716,0,0.0004568689673051995,-0.0014199933601403653,-0.004304421959276716,02_P1_0
73554,108,2026-02-28 01:09:42.850000+00:00,124422.71137572567,427023.83379273576,10.326355649488704,0.0006508856895379722,-0.0050267589394934475,-0.001966834853952548,0,-0.00473657546797447,0.0018046635289729357,-0.001966834853952548,39_LHN_0
73555,113,2026-02-28 01:09:53.900000+00:00,124414.07880267547,426875.91544647195,7.300149470959873,0.0015680612996220589,0.00021433376241475344,-0.0032004741654034774,0,-0.000579675514984526,-0.0014726613658308243,-0.0032004741654034774,32_P7_0
73556,103,2026-02-28 01:09:56.460000+00:00,124282.31347960337,426301.7966759256,9.293558175001742,0.0017611962102819234,-0.0007682276191189885,-0.004393310789371441,0,0.00034590428405467037,-0.0018900624307575833,-0.004393310789371441,01_P1_0
73557,177,2026-02-28 01:09:56.930000+00:00,124422.72754404356,427023.8943622752,7.790506515591151,0.0010382065083831549,-0.005057262314949185,-0.0026261041420037046,0,-0.004675930183862539,0.0021884816179025975,-0.0026261041420037046,42_LHN_0
73558,100,2026-02-28 01:10:11.950000+00:00,124292.48416565648,426345.92910656147,7.582310770081516,0.00044238317059352994,-0.0011284182546660304,-0.006188798887581726,0,0.0009964290446695032,-0.0006900433218479372,-0.006188798887581726,06_P2_0
73559,112,2026-02-28 01:10:13.700000+00:00,124413.95248818239,426875.86758228356,10.665929416965275,0.0017535575752845034,0.00031621812377125025,-0.0033361899553892016,0,-0.0007266740120183877,-0.001626930530752981,-0.0033361899553892016,31_P7_0
73560,152,2026-02-28 01:10:13.750000+00:00,124370.27148934342,426819.49668093474,9.727122734921585,-0.004282318448531441,-0.00248910317895934,-0.00179821630629462,0,-0.001436668929358044,-0.004740239267964797,-0.00179821630629462,29_KW_1
73561,107,2026-02-28 01:10:13.770000+00:00,124409.92104683924,426969.52290217124,6.295415953225135,0.00022933194122742862,-0.0015088818618096411,0.006335629795101383,0,-0.001411048405659286,0.0005816012457445883,0.006335629795101383,38_P9_0
73562,101,2026-02-28 01:10:28.200000+00:00,124292.40558921343,426345.88233430445,10.210950813038574,0.00027034259983338416,-0.0010592214530333877,-0.004667684561709962,0,0.0009683131115380324,-0.0005073508902863658,-0.004667684561709962,05_P2_0
73563,161,2026-02-28 01:10:29.980000+00:00,124402.99057699772,426879.64561197115,6.545558478135157,-0.0008267488738056272,-0.0018949158256873488,0.003934157311435094,0,0.002059134423074537,-0.0001848921698956788,0.003934157311435094,34a_P7_0
73564,117,2026-02-28 01:10:31.170000+00:00,124377.67935517951,426815.90357276314,7.616459254652763,-0.0006619645719183609,-0.002133275382220745,-0.0009757855196967924,0,-0.002105945482983436,-0.0007443484221557722,-0.0009757855196967924,26_KW_0
73565,106,2026-02-28 01:10:32.140000+00:00,124410.03281435769,426969.4480330609,8.93006814549211,0.0006105394713813439,-0.0015282800304703414,0.006180921153578822,0,-0.001336588471081211,0.000960171628731983,0.006180921153578822,37_P9_0
73566,98,2026-02-28 01:10:45.030000+00:00,124302.66071608089,426390.07699267304,7.9743650712745735,-0.00012955265992786735,-0.0009193355217576027,-0.004685723856296953,0,0.0009240693788234637,-8.976344679504656e-05,-0.004685723856296953,10_P3_0
73567,160,2026-02-28 01:10:51.150000+00:00,124421.81210777776,426965.61543338903,5.6025720996582296,0.0009016171243274584,-0.003204649605322629,0.010390869770890987,0,-0.0023525031563947003,0.0023555087414246566,0.010390869770890987,38a_P9_0
73568,116,2026-02-28 01:10:51.530000+00:00,124377.68627602942,426815.8979114327,10.004605183823497,-0.0010838621528819203,-0.0021501308656297624,-0.00045457145362703955,0,-0.0021066465230907675,-0.0011661304954991968,-0.00045457145362703955,25_KW_0
73569,99,2026-02-28 01:11:01.150000+00:00,124302.53765796656,426390.1339012669,11.083001230165927,-0.0004223246069159359,-0.0009150250698439777,-0.004753972583440458,0,0.0009890662321723693,0.00019333116775633748,-0.004753972583440458,09_P3_0
73570,115,2026-02-28 01:11:07.440000+00:00,124396.28944090231,426811.6316325819,7.6461776937758295,-0.0006498574948636815,-0.002281754568684846,-9.459899721697695e-05,0,-0.002291184606856778,0.0006157854923974917,-9.459899721697695e-05,24_KW_0
73571,166,2026-02-28 01:11:23.160000+00:00,124091.05338079775,427154.2052943017,9.830339623184098,-0.018900037946878,0.01626632211264223,0.0004860041212939592,0,0.021178308708674584,-0.0131637346412688,0.0004860041212939592,907_GSL_1
73572,114,2026-02-28 01:11:23.330000+00:00,124396.29863087593,426811.62714065576,9.990100175094055,-0.000389769091270864,-0.002398100041318685,-0.0005839025561282796,0,-0.0022569847337851143,0.0008993462426361318,-0.0005839025561282796,23_KW_0
73573,125,2026-02-28 01:11:39.950000+00:00,124339.65606194951,426609.58967246895,6.669285247527053,-0.0018036141118500382,-0.0015613774885423481,-0.004230690602060605,0,-0.0018065728631139722,-0.0015579531496330682,-0.004230690602060605,17_P5_1
73574,150,2026-02-28 01:11:42.140000+00:00,124401.10299875049,426812.3188114006,9.180925765733287,-1.9336931271100184,-0.5162323517142795,2.567104203061726,0,-1.610865765466673,-1.1877611024260932,2.567104203061726,27_KW_1
73575,146,2026-02-28 01:11:55.920000+00:00,124350.92356037073,426607.51096494513,11.37345133553567,-0.0027062042063334957,-0.0009004516759887338,-0.005870177688413136,0,-0.0014517052080264953,-0.0024549758483856363,-0.005870177688413136,13_P5_1
73576,119,2026-02-28 01:11:56.630000+00:00,124401.10308001847,426812.318750657,9.180924327775413,-0.00027393634081818163,-0.0014616987900808454,0.007620325510121262,0,-0.0013344507716888509,0.0006563883070894032,0.007620325510121262,28_KW_1
73577,169,2026-02-28 01:12:14.410000+00:00,124669.3769646521,426931.3039887196,13.80769430658733,0.00022482292843051255,-0.006861764704808593,-0.01675400400010041,0,-0.0029250557916159063,0.006211151972801766,-0.01675400400010041,908_GSL_1
73578,148,2026-02-28 01:12:17.460000+00:00,124351.0387456166,426607.39728086547,8.010584399551492,-0.0023727980587864295,-0.0011750292615033686,-0.004872015660890128,0,-0.0016513256994929535,-0.0020697796567180544,-0.004872015660890128,14_P5_1
73579,62,2026-02-28 01:12:32.530000+00:00,124390.61105221,426780.8795217152,7.443640449387573,0.00037199698272161186,0.0002765072276815772,-0.0011574241947558406,0,0.00032368731318496035,-0.0003317597404707753,-0.0011574241947558406,19_P6_1
73580,168,2026-02-28 01:12:37.630000+00:00,124669.36949047248,426931.3102148079,13.79072109921303,-0.007241498868097551,0.0024742355453781784,-0.010618920722198055,0,-0.002236120619718572,-0.00731853209084584,-0.010618920722198055,908_GSL_1
73581,72,2026-02-28 01:12:48.460000+00:00,124390.5236237809,426780.88793045876,10.98653664498567,-0.0003359219554113224,0.0009995270520448685,-0.0005486765810882588,0,-0.0004899706870604535,-0.0009337165596252318,-0.0005486765810882588,18_P6_1
73582,139,2026-02-28 01:15:21.070000+00:00,123928.08631070878,426940.4310787034,7.128536585331879,-0.0005592149100266397,-2.530921483412385e-05,-0.008065245407376409,0,0.0005195073616171454,-0.0002085041322785117,-0.008065245407376409,905_GSL_1
73583,138,2026-02-28 01:15:21.980000+00:00,123928.0839471029,426940.4303832898,7.115259826789941,-0.0026717757718870416,-0.001337862224318087,-0.002676236807985788,0,0.000577702447311151,-0.002931641347244005,-0.002676236807985788,905_GSL_1
73584,133,2026-02-28 01:15:24.120000+00:00,124806.22844761658,426258.51280511124,4.595795576375997,0.006551523052621633,0.001321297895628959,0.007638472191430878,0,0.0022877660108153427,-0.006279682246561863,0.007638472191430878,903_GSL_1
73585,143,2026-02-28 01:15:37.660000+00:00,124266.92209663498,427056.31517591735,7.103613684329218,0.0025292068894486874,0.0009490413358435035,-0.0019280538935593228,0,-8.038545385175861e-05,0.002700204645130323,-0.0019280538935593228,906_GSL_1
73586,125,2026-02-28 01:15:38.610000+00:00,124339.65563557264,426609.5897351739,6.669362172964491,-0.0022299909905996174,-0.0014986725291237235,-0.004153765164622847,0,-0.0018064029540442305,-0.0019889161710152188,-0.004153765164622847,17_P5_1
73587,153,2026-02-28 01:15:42+00:00,124370.27439873305,426819.4942892333,9.733964715118269,0.0005599281721515581,-0.004833863931708038,0.007884238005280153,0,0.004516686527512929,-0.0018108845574525386,0.007884238005280153,29_KW_1
73588,132,2026-02-28 01:15:49.960000+00:00,124806.21636437763,426258.5074751704,4.584119259611749,0.002230089856311679,0.0023334199795499444,0.0014870854014281676,0,-0.0009051332348352213,-0.003098206480430869,0.0014870854014281676,903_GSL_1
73589,146,2026-02-28 01:15:55.030000+00:00,124350.92392194938,426607.5110903389,11.373496208054492,-0.0023446255654562265,-0.0007750578806735575,-0.005825305169590678,0,-0.0012527725557198136,-0.0021280377544161105,-0.005825305169590678,13_P5_1
73590,152,2026-02-28 01:15:55.030000+00:00,124370.27188920883,426819.49672277557,9.72714774368021,-0.0038824530347483233,-0.002447262348141521,-0.0017732075476697418,0,-0.0014879836226551005,-0.004341478930775529,-0.0017732075476697418,29_KW_1
73591,136,2026-02-28 01:15:59.020000+00:00,123855.61595044774,426533.07232511695,6.0391180177210515,0.00018033594824373722,-0.0017834091559052467,0.016825475284313107,0,0.0008970890484352165,-0.001551870004469843,0.016825475284313107,904_GSL_1
73592,135,2026-02-28 01:16:07.590000+00:00,123855.6161608534,426533.070384775,6.0225684636340375,0.002510575170163065,-0.006250146310776472,0.0013700165156800281,0,0.0014316898233921373,-0.0065816092895846865,0.0013700165156800281,904_GSL_1
73593,150,2026-02-28 01:16:11.130000+00:00,124401.10282361986,426812.3189435299,9.180903081950403,-1.9338682577363215,-0.5161002224194817,2.567081519278842,0,-1.610871953818723,-1.1879803980966201,2.567081519278842,27_KW_1
73594,148,2026-02-28 01:16:11.530000+00:00,124351.0382576723,426607.3975448553,8.009770161995537,-0.0028607423591893166,-0.0009110394166782498,-0.0056862532168455715,0,-0.0014967734304167073,-0.0026025965808015856,-0.0056862532168455715,14_P5_1
73595,140,2026-02-28 01:16:15.250000+00:00,123928.0876914169,426940.4291630597,7.145996055520065,0.00016768444038461894,-0.005275617237202823,0.010422349317721569,0,-0.0003395814231563611,-0.005267346557999175,0.010422349317721569,905_GSL_1
73596,129,2026-02-28 01:16:28.570000+00:00,124898.93840897495,426720.7722415799,4.085870600151261,-0.0012627238320419565,-0.0002610902301967144,-0.005814145094352519,0,-0.00122295428353102,0.00040868374656208924,-0.005814145094352519,901_GSL_1
73597,145,2026-02-28 01:16:32.610000+00:00,124266.92136939491,427056.3143600612,7.119571882962486,0.0030456420790869743,-0.0003865464241243899,0.011604946670839666,0,-0.0024331724688389247,0.001872171346002516,0.011604946670839666,906_GSL_1
73598,6,2026-02-28 01:16:32.810000+00:00,124399.03706235268,426925.0734535637,8.570828777656558,-0.002108391694491729,-0.0019956512260250747,0.02352208183500082,11,-0.002902021333289026,-7.881328867946261e-05,0.02352208183500082,TS5
73599,149,2026-02-28 01:16:45.310000+00:00,124351.04149860605,426607.39583712444,8.01144416529447,0.00018691398145165294,-0.0008953410433605313,-0.0007816786733272352,0,0.0008547949738060075,-0.00032541968770192863,-0.0007816786733272352,14_P5_1
73600,128,2026-02-28 01:16:52.910000+00:00,124898.93565232262,426720.7779646543,4.077917378290927,-0.0046490768872899935,0.008700619509909302,-0.0034745527127526543,0,-0.00043119190319389087,-0.009855392904535487,-0.0034745527127526543,901_GSL_1
73601,147,2026-02-28 01:17:01.100000+00:00,124350.92791720686,426607.5091834562,11.371571497704473,0.0014098612737143412,-0.0008092839270830154,-0.0026481439679706398,0,0.0005763223478430572,-0.001520033498687117,-0.0026481439679706398,13_P5_1
73602,126,2026-02-28 01:17:18.320000+00:00,124339.65776181247,426609.5876178033,6.667892268327908,0.0009412083309143782,-0.0008723577484488487,-0.0027649208075501974,0,0.0006423164922839751,-0.0011109953587668062,-0.0027649208075501974,17_P5_1
73603,131,2026-02-28 01:17:25.510000+00:00,124806.21943437595,426258.50977197604,4.618043375376368,0.0008898797968868166,0.0034879115410149097,0.006538902603805852,0,-0.0003789517623944188,-0.003579638044918856,0.006538902603805852,903_GSL_1
73604,3,2026-02-28 01:17:25.710000+00:00,124314.9020185177,426440.7900862456,7.062412884393632,-0.0052208342240192,-0.0059910379932262,-0.016016211097451993,11,-0.007452648639615106,0.0027582013134311058,-0.016016211097451993,TS2
73605,121,2026-02-28 01:17:35.970000+00:00,124329.25922187774,426611.3267608577,11.351060876203054,-0.000320891966111958,-0.0009556348668411374,-0.0032386458710682575,0,0.0010071959284475233,4.202397359136674e-05,-0.0032386458710682575,15_P5_1
73606,123,2026-02-28 01:17:51.110000+00:00,124329.15075172654,426611.38845235354,8.076476199322773,0.0009951144165825099,-0.0018256661132909358,-0.0016394457312927102,0,0.001475247294995134,-0.0014652490839166972,-0.0016394457312927102,16_P5_1
73607,4,2026-02-28 01:17:51.310000+00:00,124378.97098603344,426782.7384676671,7.774166927433097,-0.0008713851566426456,-0.003674373379908502,-0.0145583345900695,11,-0.0030954694070807875,0.0021629611591575735,-0.0145583345900695,TS3
73608,68,2026-02-28 01:21:20.720000+00:00,123928.08655594478,426940.43118378136,7.13092457986914,-0.022394417072064243,-0.016551223874557763,0.012111298828913597,0,0.015673710464403627,-0.02301711815196111,0.012111298828913597,905_GSL_1
73609,71,2026-02-28 01:21:23.960000+00:00,124806.22316354192,426258.50978558126,4.59616762542128,-0.0045983935706317425,-0.005320550815667957,0.004663962272013045,0,0.0021431982852232905,0.0066977746694516565,0.004663962272013045,903_GSL_1
73610,68,2026-02-28 01:21:23.990000+00:00,123928.08075175987,426940.4276559643,7.119732854784096,-0.02819860198360402,-0.02007904095808044,0.0009195737438698615,0,0.0013838606428441798,-0.03458921753013756,0.0009195737438698615,905_GSL_1
73611,69,2026-02-28 01:21:37.720000+00:00,124266.92230450087,427056.3152061792,7.1032683550029745,-0.0202926957863383,0.00036779517540708184,0.012766984075541998,0,0.008030314540162998,-0.018639818238222486,0.012766984075541998,906_GSL_1
73612,71,2026-02-28 01:21:42.030000+00:00,124806.22805970204,426258.5140180688,4.581232927501769,0.0002977665571961552,-0.0010880632908083498,-0.010270735647498697,0,0.0010911098800663566,0.00028640160092207576,-0.010270735647498697,903_GSL_1
73613,67,2026-02-28 01:21:42.110000+00:00,123855.61355601506,426533.07594205765,6.03679390027278,-0.0044384590873960406,-0.015160647046286613,-0.0076142480647956035,0,0.012468869778477464,-0.009699093997891704,-0.0076142480647956035,904_GSL_1
73614,69,2026-02-28 01:21:47.230000+00:00,124266.94475317118,427056.31773470575,7.061446864294264,0.0021559745218837634,0.002896321704611182,-0.029054506633168664,0,0.0027200925656791055,0.0023744477231034183,-0.029054506633168664,906_GSL_1
73615,66,2026-02-28 01:21:54.680000+00:00,124898.9385397644,426720.77325823536,4.087229789362263,0.0009341007098555565,-0.0009469194337725639,0.004943258958499008,0,0.0010395913160832235,0.0008297291399807283,0.004943258958499008,901_GSL_1
73616,68,2026-02-28 01:21:58.370000+00:00,123928.08789562563,426940.4307737992,7.1455548019643,-0.02105473622214049,-0.016961206041742116,0.026741520924074003,0,0.02049009126098446,-0.017639177642137183,0.026741520924074003,905_GSL_1
73617,67,2026-02-28 01:21:59.930000+00:00,123855.61180986841,426533.07662787056,6.02135768153817,-0.006184605736052617,-0.014474834140855819,-0.02305046679940581,0,0.013244699109815558,-0.0085057696304421,-0.02305046679940581,904_GSL_1
73618,66,2026-02-28 01:22:09.440000+00:00,124898.93371126188,426720.7810174237,4.082134076079161,-0.0038944018015172333,0.006812268926296383,-0.00015245432460364583,0,-0.0005668917041626681,-0.007826366149854956,-0.00015245432460364583,901_GSL_1
73619,69,2026-02-28 01:22:15.350000+00:00,124266.92176251067,427056.3150058145,7.1191036025328795,-0.020834685987210833,0.0001674304367043078,0.02860223160544706,0,0.014898002895491418,-0.014565770932660713,0.02860223160544706,906_GSL_1
73620,149,2026-02-28 01:22:32.680000+00:00,124351.04106379772,426607.3958549878,8.010889845672908,-0.00024789434974081814,-0.0008774776943027973,-0.0013359982948895066,0,0.0009055470718631016,0.00010678582898746181,-0.0013359982948895066,14_P5_1
73621,71,2026-02-28 01:22:38.130000+00:00,124806.22048796361,426258.5128607241,4.6101918210642445,-0.007273971874383278,-0.0022454079589806497,0.018688157914977133,0,-0.006038764761926266,0.004635282502899929,0.018688157914977133,903_GSL_1
73622,147,2026-02-28 01:22:47.350000+00:00,124350.92734404415,426607.5092129497,11.371007876142611,0.0008366985566681251,-0.0007797903963364661,-0.0032117655298318226,0,0.0006377733216840297,-0.0009494117795231035,-0.0032117655298318226,13_P5_1
73623,162,2026-02-28 01:22:54.140000+00:00,124402.99689794204,426879.6443119186,6.553958244900016,0.001469813723815605,-0.0034216693020425737,0.009285201609449345,0,0.0035363470434352025,-0.001167228676671504,0.009285201609449345,34a_P7_0
73624,159,2026-02-28 01:22:58.530000+00:00,124421.80596630396,426965.6170152236,5.594003639686488,-0.0019843484478769824,-0.0011586850741878152,0.004777743136872736,0,-0.0010368457354604122,-0.0020506439926508374,0.004777743136872736,38a_P9_0
73625,126,2026-02-28 01:23:03.710000+00:00,124339.65768510543,426609.5876361655,6.667743554635289,0.0008645012858323753,-0.0008539955597370863,-0.0029136345001692376,0,0.0006413935396894238,-0.0010321265506231109,-0.0029136345001692376,17_P5_1
73626,104,2026-02-28 01:23:11.380000+00:00,124389.81563527392,426881.4429439721,10.731708037985577,-0.0014609363570343703,-0.001395596016664058,0.0057961699253699095,0,0.0016675023053005355,0.001140815209773626,0.0057961699253699095,33_P7_0
73627,110,2026-02-28 01:23:14.050000+00:00,124434.14049138034,426963.933101573,8.748578919382282,0.00040553786675445735,0.0010149995796382427,-0.00248144087550628,0,0.0010771468103076614,0.00018557978629580435,-0.00248144087550628,35_P9_0
73628,156,2026-02-28 01:23:14.250000+00:00,124272.34838495003,426258.4822548236,9.071157104887162,0.001998492007260211,-0.0009292367030866444,0.0018336928733972968,0,0.0004506299879827185,-0.0021574020875527533,0.0018336928733972968,00a_LHZ_0
73629,121,2026-02-28 01:23:18.920000+00:00,124329.25901394227,426611.3267712821,11.351165858895568,-0.0005288274405756965,-0.0009452104568481445,-0.0031336631785539026,0,0.0010550996068029981,0.000244634603776896,-0.0031336631785539026,15_P5_1
73630,179,2026-02-28 01:23:27.850000+00:00,124272.3494895161,426258.50595927844,6.4986048954369355,0.001292489905608818,-0.0005301952478475869,0.002721839328358122,0,0.00022249132840555883,-0.0013791790187373011,0.002721839328358122,00c_LHZ_0
73631,105,2026-02-28 01:23:28.450000+00:00,124389.68718994598,426881.47068157716,7.068245479383065,-0.001495491378591396,-0.0012716369819827378,0.005949582660274899,0,0.0015568949558194653,0.0011956726867881798,0.005949582660274899,34_P7_0
73632,111,2026-02-28 01:23:30.140000+00:00,124434.26170870061,426963.9765535005,6.465333006450244,1.7941289115697145e-05,-0.0015102788456715643,0.004040496835475693,0,-0.0014727299400226748,0.0003351575827860298,0.004040496835475693,36_P9_0
73633,123,2026-02-28 01:23:34.930000+00:00,124329.15055725537,426611.3885081601,8.076064959233786,0.0008006432472029701,-0.0017698595765978098,-0.002050685820279341,0,0.0014759538223911156,-0.0012629302610737258,-0.002050685820279341,16_P5_1
73634,176,2026-02-28 01:23:43.600000+00:00,124446.56424188301,427019.000759226,7.869051462892081,-0.003004190934007056,-0.002181916090194136,-0.0493614607551045,0,-0.0027759958994846502,-0.0024657185075881347,-0.0493614607551045,41_LHN_0
73635,65,2026-02-28 01:23:43.650000+00:00,124370.27439170396,426819.494695654,9.733721986049572,-0.004082787185325287,-0.003761769854463637,-0.0016572817008810858,0,0.004702572117317605,0.0029505726766230938,-0.0016572817008810858,30_KW_1
73636,102,2026-02-28 01:23:48.050000+00:00,124282.39431454684,426301.79290066747,6.898538875666774,0.0010256010136799887,-0.0006571971462108195,-0.0047591080999618285,0,0.0004063704129276502,-0.0011483155558234316,-0.0047591080999618285,02_P1_0
73637,118,2026-02-28 01:23:52.830000+00:00,124372.25994950168,426775.1108450154,6.164933842936913,-7.786031346768141e-05,-0.001819483411964029,-0.000598226053448947,0,0.0014175675139088796,-0.0011432779444805836,-0.000598226053448947,22_P6_1
73638,109,2026-02-28 01:23:56.550000+00:00,124446.56851178492,427018.9672690601,10.34850024207591,-0.0005430290475487709,0.002078591496683657,-0.0373249993920588,0,0.001913451141825067,-0.000976794699215592,-0.0373249993920588,40_LHN_0
73639,153,2026-02-28 01:23:59.770000+00:00,124370.2749446258,426819.4943400032,9.733928942626275,0.0011058209202019498,-0.004783094045706093,0.007848465513285774,0,0.004324205684120437,-0.0023242361667967126,0.007848465513285774,29_KW_1
73640,103,2026-02-28 01:24:05.100000+00:00,124282.31369199613,426301.79661595426,9.292925982780401,0.001973588965483941,-0.000828198972158134,-0.005025503010712029,0,0.0003558079447836176,-0.0021105372890789257,-0.005025503010712029,01_P1_0
73641,74,2026-02-28 01:24:09.930000+00:00,124369.34591277648,426785.7264548681,7.228756431003953,-0.0004004328220617026,-1.1428608559072018e-05,-0.0012974037531190419,0,0.00037905357028000244,-0.00012959725666802878,-0.0012974037531190419,21_P6_1
73642,167,2026-02-28 01:24:13.040000+00:00,124669.37413888286,426931.3062938351,13.81266443456622,-0.002094105089781806,-0.00012678204802796245,0.003292469749435867,0,-0.0020978166873535328,2.2692752439509017e-05,0.003292469749435867,908_GSL_1
73643,163,2026-02-28 01:24:16.520000+00:00,124091.05787928998,427154.2067107478,9.86971450153031,-0.025435379444388673,0.003727046016138047,0.012944428534803265,0,0.022631348824163195,-0.012193090251674813,0.012944428534803265,907_GSL_1
73644,100,2026-02-28 01:24:20.550000+00:00,124292.48464053078,426345.9290961256,7.58213508346519,0.0009172574646072462,-0.0011388541315682232,-0.00636448550390778,0,0.0008973715292778265,-0.001154588380250425,-0.00636448550390778,06_P2_0
73645,73,2026-02-28 01:24:28.930000+00:00,124369.48857490392,426785.6958380028,11.405419943088395,-0.000764660508139059,-0.0006286514108069241,-0.0006346729746802282,0,0.0005428358860892095,-0.0008277907282585151,-0.0006346729746802282,20_P6_1
73646,151,2026-02-28 01:24:29.940000+00:00,124403.0346475138,426812.84032612335,6.571803353821185,-0.0023378316400339827,0.002642197592649609,-0.03694194865454392,0,-0.0021242883563619584,0.00281674703776757,-0.03694194865454392,27_KW_1
73647,177,2026-02-28 01:24:31.240000+00:00,124422.7279780333,427023.8945087336,7.790897378407474,0.0014721962506882846,-0.004910803923849016,-0.002235241325680093,0,-0.0044323424391195096,0.002576372931353623,-0.002235241325680093,42_LHN_0
73648,101,2026-02-28 01:24:35.680000+00:00,124292.40614125543,426345.8821903223,10.21055557588093,0.0008223845943575725,-0.0012032035738229752,-0.005062921719353852,0,0.0009810914937145795,-0.0010777173757799137,-0.005062921719353852,05_P2_0
73649,113,2026-02-28 01:24:44.940000+00:00,124414.07864248967,426875.91547954024,7.300327045432177,0.0014078754902584478,0.0002474020584486425,-0.0030228996930992125,0,-0.0005738578854447121,-0.001309201398528131,-0.0030228996930992125,32_P7_0
73650,108,2026-02-28 01:24:46.500000+00:00,124422.7120050608,427023.8338331574,10.326272248288475,0.0012802208220819011,-0.004986337327864021,-0.002050236054181198,0,-0.004550574383551948,0.002407238683700264,-0.002050236054181198,39_LHN_0
73651,98,2026-02-28 01:24:50.780000+00:00,124302.66094254382,426390.0768878842,7.974437620003801,9.691026934888214e-05,-0.0010241243871860206,-0.004613175127069269,0,0.0009727991208178669,-0.0003344910032727342,-0.004613175127069269,10_P3_0
73652,112,2026-02-28 01:24:59.610000+00:00,124413.95237260664,426875.86776473996,10.665914572656972,0.0016379818262066692,0.0004986745188944042,-0.0033510342636926538,0,-0.0008761703486630347,-0.0014710493733731702,-0.0033510342636926538,31_P7_0
73653,107,2026-02-28 01:25:07.030000+00:00,124409.92127029815,426969.523199974,6.295240821240791,0.0004527908458840102,-0.0012110791285522282,0.006160497810757448,0,-0.0010686470052816623,0.0007278226321252427,0.006160497810757448,38_P9_0
73654,99,2026-02-28 01:25:08.450000+00:00,124302.53814685128,426390.1337525727,11.082631629350544,6.65601110085845e-05,-0.0010637192754074931,-0.005123573398822856,0,0.0010176066593246495,-0.0003168684776828453,-0.005123573398822856,09_P3_0
73655,152,2026-02-28 01:25:11.130000+00:00,124370.27182208146,426819.49656479555,9.72691755795856,-0.00394958040851634,-0.002605242363642901,-0.002003393269319531,0,-0.0016262724871241123,-0.004443164522531087,-0.002003393269319531,29_KW_1
73656,161,2026-02-28 01:25:16.790000+00:00,124402.99052542982,426879.6455797086,6.545619657101685,-0.0008783167722867802,-0.0019271783530712128,0.003995336277963446,0,0.002112198772310598,-0.00015515509426423065,0.003995336277963446,34a_P7_0
73657,106,2026-02-28 01:25:26.880000+00:00,124410.03263135673,426969.44842223317,8.930516823841732,0.00042753851448651403,-0.0011391077423468232,0.006629599503201078,0,-0.0010028513779735547,0.0006889446594178332,0.006629599503201078,37_P9_0
73658,117,2026-02-28 01:25:27.830000+00:00,124377.67937688518,426815.9036739963,7.616526488139299,-0.0006402589060598984,-0.002032042248174548,-0.0009085520331604258,0,-0.0020056321107942247,-0.0007187259570284015,-0.0009085520331604258,26_KW_0
73659,166,2026-02-28 01:25:28.150000+00:00,124091.05398623519,427154.2054926724,9.828178168847067,-0.01829460050794296,0.01646469283150509,-0.0016754502157372286,0,0.021186336460926526,-0.012526678136898759,-0.0016754502157372286,907_GSL_1
73660,116,2026-02-28 01:25:43.230000+00:00,124377.68632243041,426815.89787635196,10.004408175855204,-0.001037461159285158,-0.0021852116333320737,-0.0006515794219197346,0,-0.002143493956620456,-0.0011211196177958519,-0.0006515794219197346,25_KW_0
73661,125,2026-02-28 01:25:44.250000+00:00,124339.65538959755,426609.58982089453,6.668975437593205,-0.002475966073689051,-0.0014129519113339484,-0.004540500535909153,0,-0.0017572829708389173,-0.002244726634180871,-0.004540500535909153,17_P5_1
73662,160,2026-02-28 01:25:45.600000+00:00,124421.81233469608,426965.6154815579,5.602470648737464,0.0011285354412393644,-0.003156480728648603,0.010289418850125465,0,-0.0021993766056306323,0.0025297638978900817,0.010289418850125465,38a_P9_0
73663,115,2026-02-28 01:25:59.930000+00:00,124396.28938185867,426811.6315517477,7.646262280497165,-0.0007089011342031881,-0.0023625887697562575,-1.0012275881265964e-05,0,-0.0023908734284511057,0.0006067048394230993,-1.0012275881265964e-05,24_KW_0
73664,146,2026-02-28 01:25:59.990000+00:00,124350.9228963263,426607.5111357433,11.374372114352166,-0.0033702486398397014,-0.0007296535186469555,-0.004949398871916699,0,-0.0014250100851263788,-0.003140114075778673,-0.004949398871916699,13_P5_1
73665,148,2026-02-28 01:26:16.050000+00:00,124351.03786255975,426607.39752342936,8.010608086554349,-0.003255854913732037,-0.0009324653656221926,-0.004848328658033196,0,-0.0016014710703035093,-0.002984187207321101,-0.004848328658033196,14_P5_1
73666,114,2026-02-28 01:26:17.430000+00:00,124396.29858957052,426811.62701266236,9.990567392714508,-0.0004310744989197701,-0.0025260934489779174,-0.0001166849356746269,0,-0.002387992892180669,0.0009297651765272152,-0.0001166849356746269,23_KW_0
73667,168,2026-02-28 01:26:32.250000+00:00,124669.36763239707,426931.3115854469,13.788687053454986,-0.009099574279389344,0.003844874503556639,-0.012652966480242611,0,-0.0022135210366734125,-0.009627337982767006,-0.012652966480242611,908_GSL_1
73668,150,2026-02-28 01:26:33.030000+00:00,124401.1028986278,426812.3187606441,9.180940206395285,-1.9337932498019654,-0.5162831082125194,2.567118643723724,0,-1.6109679374655135,-1.1878075960623153,2.567118643723724,27_KW_1
73669,119,2026-02-28 01:26:47.630000+00:00,124401.10314972587,426812.3186966158,9.180963739896256,-0.00020422894158400595,-0.0015157400048337877,0.007659737630964614,0,-0.0013359572646810707,0.0007445773363324495,0.007659737630964614,28_KW_1
73670,169,2026-02-28 01:27:04.730000+00:00,124669.37713487694,426931.3036792831,13.807120592680505,0.00039504776941612363,-0.007171201170422137,-0.01732771790692489,0,-0.0029144449527134814,0.006564160234514951,-0.01732771790692489,908_GSL_1
73671,62,2026-02-28 01:27:22.630000+00:00,124390.61111656172,426780.8796172962,7.443584232962094,0.0004363486950751394,0.0003720882232300937,-0.0012136406202349903,0,0.00037214501026338297,-0.00043630026460726745,-0.0012136406202349903,19_P6_1
73672,72,2026-02-28 01:27:40.530000+00:00,124390.52351585083,426780.88689872925,10.986330042960656,-0.00044385202636476606,-3.220245707780123e-05,-0.0007552786061015837,0,-0.000433151401368582,0.00010208566521500578,-0.0007552786061015837,18_P6_1
73673,139,2026-02-28 01:30:20.780000+00:00,123928.08695678967,426940.4323267174,7.130139080143438,8.686598448548466e-05,0.0012227048282511532,-0.006462750595817468,0,0.00032165622580953017,0.0011828313779602244,-0.006462750595817468,905_GSL_1
73674,138,2026-02-28 01:30:22.800000+00:00,123928.08426923577,426940.43075852486,7.120321004130057,-0.0023496429057559,-0.0009626271785236895,0.0023849405321296757,0,0.0006772098577104685,-0.002447214677551047,0.0023849405321296757,905_GSL_1
73675,133,2026-02-28 01:30:24.140000+00:00,124806.22128367372,426258.5086042668,4.591870799538006,-0.0006124198116594926,-0.0028795465477742255,0.0037136953534400163,0,0.002138069085368793,0.0020237358851148933,0.0037136953534400163,903_GSL_1
73676,143,2026-02-28 01:30:36.920000+00:00,124266.92301670062,427056.31549825426,7.103425363227418,0.003449272524449043,0.0012713782489299774,-0.002116374995360104,0,-0.00013082091933980312,0.003673794970712767,-0.002116374995360104,906_GSL_1
73677,125,2026-02-28 01:30:39.460000+00:00,124339.65600108741,426609.58983204036,6.668866906332375,-0.0018644762167241424,-0.001401806075591594,-0.004649031796739145,0,-0.0016575220910990819,-0.0016413264007545862,-0.004649031796739145,17_P5_1
73678,153,2026-02-28 01:30:41.510000+00:00,124370.27393434815,426819.49461343576,9.733766004771207,9.554327698424459e-05,-0.004509661463089287,0.00768552765821795,0,0.004325954684822883,-0.0012776114801881077,0.00768552765821795,29_KW_1
73679,132,2026-02-28 01:30:47.080000+00:00,124806.22524411965,426258.5125148415,4.58001615547324,0.01110983187390957,0.0073730910662561655,-0.0026160187370809496,0,-0.0008276929062543361,-0.013308108828484225,-0.0026160187370809496,903_GSL_1
73680,152,2026-02-28 01:30:53.660000+00:00,124370.2722425417,426819.4967042022,9.727134240230976,-0.003529120163875632,-0.0024658357142470777,-0.0017867109969031958,0,-0.0015873807508662537,-0.004001906702124532,-0.0017867109969031958,29_KW_1
73681,146,2026-02-28 01:30:55.260000+00:00,124350.92357619818,426607.51101938175,11.373193138730521,-0.0026903767575277016,-0.0008460150565952063,-0.00612837449356185,0,-0.0013951537414893084,-0.0024510027766282603,-0.00612837449356185,13_P5_1
73682,136,2026-02-28 01:30:57.810000+00:00,123855.61375155498,426533.0755348217,6.031420336532493,-0.002018556813709438,0.0014262956101447344,0.009127794095754815,0,0.0008026533834563173,0.002337656588063581,0.009127794095754815,904_GSL_1
73683,135,2026-02-28 01:31:04.940000+00:00,123855.61781463932,426533.0677954627,6.0188773170799035,0.004164361089351587,-0.00883945863461122,-0.0023211300384540223,0,0.0015169677630511036,-0.00965281000752486,-0.0023211300384540223,904_GSL_1
73684,150,2026-02-28 01:31:10.050000+00:00,124401.1029022071,426812.3188254887,9.18083475308041,-1.9337896704964805,-0.516218263655901,2.567013190408849,0,-1.610915059652342,-1.187845299707033,2.567013190408849,27_KW_1
73685,148,2026-02-28 01:31:10.690000+00:00,124351.03807773013,426607.3975813471,8.010213362503718,-0.0030406845326069742,-0.0008745476370677352,-0.005243052708664209,0,-0.001499256383382618,-0.0027861848993242576,-0.005243052708664209,14_P5_1
73686,140,2026-02-28 01:31:14.970000+00:00,123928.08780541833,426940.4325252523,7.144644335441699,0.0002816858614096418,-0.0019134246394969523,0.009070629239355199,0,-0.00034391323922982583,-0.0019032247527379898,0.009070629239355199,905_GSL_1
73687,129,2026-02-28 01:31:26.720000+00:00,124898.93868460748,426720.77378431824,4.0846101825680705,-0.0009870913054328412,0.001281648117583245,-0.007074562677543028,0,-0.0011318229506896275,-0.0011558321464892776,-0.007074562677543028,901_GSL_1
73688,145,2026-02-28 01:31:31.470000+00:00,124266.92208017375,427056.3151136233,7.119182900246617,0.0037564209196716547,0.0003670156584121287,0.011215963954970931,0,-0.0024063724584070345,0.0029077087561663758,0.011215963954970931,906_GSL_1
73689,6,2026-02-28 01:31:31.670000+00:00,124399.03715055903,426925.0735605411,8.570901435906723,-0.002020185347646475,-0.0018886738107539713,0.02359474008516571,11,-0.0027654921124247714,-1.705808869160412e-05,0.02359474008516571,TS5
73690,128,2026-02-28 01:31:33.560000+00:00,124898.93261251443,426720.7849335923,4.0826065306978405,-0.007688885074458085,0.015669557498767972,0.0012145996941610449,0,-0.00015980494653176322,-0.017453608459985684,0.0012145996941610449,901_GSL_1
73691,149,2026-02-28 01:31:45.640000+00:00,124351.04148439383,426607.39588858635,8.010400321345312,0.0001727017661323771,-0.0008438791264779866,-0.00182552262248592,0,0.0008062091776868498,-0.00030328969969978416,-0.00182552262248592,14_P5_1
73692,131,2026-02-28 01:31:51.170000+00:00,124806.220355993,426258.5125196682,4.609099654079598,0.001811496855225414,0.006235603708773851,-0.0024048186929643833,0,-0.00047066509314450697,-0.006476322169214642,-0.0024048186929643833,903_GSL_1
73693,3,2026-02-28 01:31:51.370000+00:00,124314.90191746308,426440.7900262375,7.06196712829736,-0.00532188884972129,-0.006051046075299382,-0.016461967193723837,11,-0.0075700997909490825,0.0027624714820711745,-0.016461967193723837,TS2
73694,147,2026-02-28 01:32:00.780000+00:00,124350.92729536645,426607.50923487503,11.37169573214073,0.0007880208577262238,-0.0007578650838695467,-0.002523909531713997,0,0.0006238157811606751,-0.0008978809657939437,-0.002523909531713997,13_P5_1
73695,126,2026-02-28 01:32:16.820000+00:00,124339.6575365406,426609.5877203085,6.667878631267879,0.0007159364613471553,-0.0007698525441810489,-0.002778557867578968,0,0.0005922321976243092,-0.000868619007715927,-0.002778557867578968,17_P5_1
73696,121,2026-02-28 01:32:31.920000+00:00,124329.25917160872,426611.3267858775,11.351560699040405,-0.0003711609897436574,-0.0009306150604970753,-0.002738823033716642,0,0.000997167458199224,9.727245982273521e-05,-0.002738823033716642,15_P5_1
73697,123,2026-02-28 01:32:46.820000+00:00,124329.15070016819,426611.38841482985,8.07622795226954,0.0009435560641577467,-0.0018631897983141243,-0.0018876927845248304,0,0.0015256733752919784,-0.001426217032108321,-0.0018876927845248304,16_P5_1
73698,4,2026-02-28 01:32:47.020000+00:00,124378.97082464315,426782.7384834471,7.774306360085191,-0.0010327754425816238,-0.003658593341242522,-0.014418901937975015,11,-0.0032054416117593162,0.0020437892320358353,-0.014418901937975015,TS3
73699,68,2026-02-28 01:36:20.710000+00:00,123928.08676448307,426940.43147498183,7.130392739452079,-0.02218587878451217,-0.01626002340344712,0.011579458411852706,0,0.015573014494933975,-0.022673394056962264,0.011579458411852706,905_GSL_1
73700,68,2026-02-28 01:36:23.180000+00:00,123928.07851350578,426940.4261759984,7.119893377268595,-0.030436856075539254,-0.021559006825555116,0.0010800962283692428,0,0.001583692397198942,-0.03726506274593506,0.0010800962283692428,905_GSL_1
73701,71,2026-02-28 01:36:24.240000+00:00,124806.22231237628,426258.5092659852,4.5952585100111225,-0.005449559204862453,-0.005840146855916828,0.003754846861855121,0,0.002142885077730176,0.007695001908356985,0.003754846861855121,903_GSL_1
73702,69,2026-02-28 01:36:37.120000+00:00,124266.92204196697,427056.3152069314,7.103356463618083,-0.02055522968294099,0.00036854733480140567,0.012855092690650771,0,0.008130498257738481,-0.01888248639711834,0.012855092690650771,906_GSL_1
73703,71,2026-02-28 01:36:40.940000+00:00,124806.22596930874,426258.5127176569,4.586800112123338,-0.0017926267464645207,-0.0023884751717559993,-0.004703551025929009,0,0.0011715541738960124,0.002746959249035496,-0.004703551025929009,903_GSL_1
73704,69,2026-02-28 01:36:46.640000+00:00,124266.93745289155,427056.3172661342,7.065617639016524,-0.005144305105204694,0.0024277501506730914,-0.024883731910908757,0,0.002820026751223589,-0.004940171548834273,-0.024883731910908757,906_GSL_1
73705,67,2026-02-28 01:36:52.810000+00:00,123855.61397742762,426533.075564201,6.040413521334011,-0.004017046521767043,-0.015538503706920892,-0.003994627003565121,0,0.012348145575606163,-0.010252075938641542,-0.003994627003565121,904_GSL_1
73706,66,2026-02-28 01:36:54.710000+00:00,124898.9384537397,426720.77217813605,4.086148716501281,0.0008480760152451694,-0.002027018752414733,0.003862186097516762,0,0.0010819847886832583,0.0019124191139321815,0.003862186097516762,901_GSL_1
73707,67,2026-02-28 01:37:00.030000+00:00,123855.61630276765,426533.07001170743,6.020564898456187,-0.0016917064931476489,-0.021090997266583145,-0.02384324988138875,0,0.01324139957001282,-0.016503253436375504,-0.02384324988138875,904_GSL_1
73708,66,2026-02-28 01:37:07.290000+00:00,124898.93177543065,426720.7861786228,4.078994673157924,-0.005830233028973453,0.011973468004725873,-0.0032918572458404682,0,-8.139841405380044e-05,-0.013317241738833033,-0.0032918572458404682,901_GSL_1
73709,68,2026-02-28 01:37:10.290000+00:00,123928.08780477304,426940.42989900464,7.144624828499583,-0.02114558882021811,-0.017836000595707446,0.025811547459356987,0,0.020552355787941186,-0.01851646606050112,0.025811547459356987,905_GSL_1
73710,71,2026-02-28 01:37:24.290000+00:00,124806.21911394916,426258.5096714541,4.614724922803195,-0.008647986323921941,-0.0054346779943443835,0.023221259653927184,0,-0.006217671591075212,0.00810332970737883,0.023221259653927184,903_GSL_1
73711,69,2026-02-28 01:37:27.180000+00:00,124266.92183973396,427056.31496331777,7.119490847795113,-0.020757462698384188,0.0001249337219633162,0.028989476867680608,0,0.014813279747528949,-0.014541478921730872,0.028989476867680608,906_GSL_1
73712,149,2026-02-28 01:37:34.560000+00:00,124351.04124174999,426607.3958264995,8.010784503514166,-6.994207797106355e-05,-0.0009059659787453711,-0.0014413404536313124,0,0.000905689762909087,-7.343229723119286e-05,-0.0014413404536313124,14_P5_1
73713,147,2026-02-28 01:37:52.120000+00:00,124350.92753751168,426607.509236581,11.371199869303727,0.0010301660950062796,-0.0007561591337434947,-0.0030197723687166445,0,0.000583866313831154,-0.0011367141005624148,-0.0030197723687166445,13_P5_1
73714,159,2026-02-28 01:37:57.570000+00:00,124421.80600822142,426965.61706814956,5.594006335977098,-0.0019424309866735712,-0.001105759118217975,0.004780439427483074,0,-0.0009865453515583082,-0.0020056095419673666,0.004780439427483074,38a_P9_0
73715,156,2026-02-28 01:38:00.170000+00:00,124272.34756445658,426258.4824485572,9.071357939693812,0.0011779985507018864,-0.0007355030975304544,0.0020345276800473044,0,0.0004484759236315009,-0.0013143495493419966,0.0020345276800473044,00a_LHZ_0
73716,162,2026-02-28 01:38:05.870000+00:00,124402.99713821539,426879.6444390459,6.553875607900829,0.00171008707548026,-0.0032945419661700726,0.00920256461026181,0,0.0034305548231396265,-0.0014176382394722007,0.00920256461026181,34a_P7_0
73717,126,2026-02-28 01:38:08.200000+00:00,124339.65711247151,426609.58771513734,6.6677065421321355,0.0002918673708336428,-0.0007750237127766013,-0.00295064700332226,0,0.0006911670853770922,-0.00045621965939085334,-0.00295064700332226,17_P5_1
73718,110,2026-02-28 01:38:13.160000+00:00,124434.14006931192,426963.93324245454,8.748711637624796,-1.653055369388312e-05,0.0011558810947462916,-0.0023487226329930166,0,0.0011271697474270117,-0.0002565593983518025,-0.0023487226329930166,35_P9_0
73719,179,2026-02-28 01:38:13.820000+00:00,124272.34968777081,426258.50576017756,6.4982087144596,0.0014907446166034788,-0.0007292961236089468,0.002325658351022497,0,0.00037130997141954106,-0.0016175046376958888,0.002325658351022497,00c_LHZ_0
73720,104,2026-02-28 01:38:22.070000+00:00,124389.81594928358,426881.44305509486,10.731794918589554,-0.001146926690125838,-0.001284473284613341,0.005883050529346789,0,0.001493857452133334,0.0008565642790322856,0.005883050529346789,33_P7_0
73721,121,2026-02-28 01:38:25.930000+00:00,124329.25914260614,426611.32674213604,11.351556786994738,-0.00040016356797423214,-0.0009743565460667014,-0.002742735079383607,0,0.0010472560191611064,0.00011294419120845615,-0.002742735079383607,15_P5_1
73722,111,2026-02-28 01:38:30.230000+00:00,124434.26118569546,426963.9767742796,6.465447611280707,-0.0005050638574175537,-0.0012894997489638627,0.0041551016659386875,0,-0.0013668783554721647,-0.00022258181414723505,0.0041551016659386875,36_P9_0
73723,102,2026-02-28 01:38:34+00:00,124282.39459825093,426301.7926798018,6.898954216295881,0.0013093051093164831,-0.0008780627977102995,-0.004343767470855298,0,0.0005568252153393111,-0.0014748626463394535,-0.004343767470855298,02_P1_0
73724,105,2026-02-28 01:38:38.200000+00:00,124389.68731526306,426881.470833989,7.068253529356748,-0.0013701743009733036,-0.001119225169532001,0.005957632633958099,0,0.0013816000001647532,0.0011050900572832836,0.005957632633958099,34_P7_0
73725,123,2026-02-28 01:38:40.990000+00:00,124329.15057523742,426611.3885020957,8.075595883582107,0.0008186252962332219,-0.0017759239417500794,-0.002519761471958759,0,0.0014767566763188448,-0.001281890378098607,-0.002519761471958759,16_P5_1
73726,176,2026-02-28 01:38:43.440000+00:00,124446.5640738161,427019.0008509209,7.869452180664946,-0.003172257842379622,-0.0020902211545035243,-0.0489607429822394,0,-0.002722520432653452,-0.0026495521861358996,-0.0489607429822394,41_LHN_0
73727,103,2026-02-28 01:38:51.190000+00:00,124282.3143238548,426301.7963584574,9.292513720047669,0.0026054476329591125,-0.0010856958106160164,-0.005437765743444345,0,0.000462267579062317,-0.002784493032246494,-0.005437765743444345,01_P1_0
73728,65,2026-02-28 01:38:53.470000+00:00,124370.27497739361,426819.4944619947,9.733993555209683,-0.003497097539366223,-0.0039954292005859315,-0.0013857125407703563,0,0.004774085361935612,0.0023240599505365924,-0.0013857125407703563,30_KW_1
73729,109,2026-02-28 01:38:56.340000+00:00,124446.56918642769,427018.96716972213,10.348637040867244,0.0001316137204412371,0.001979253545869142,-0.03718820060072403,0,0.0019613308187629735,-0.00029656060023968025,-0.03718820060072403,40_LHN_0
73730,118,2026-02-28 01:38:56.840000+00:00,124372.25998367686,426775.11075544206,6.164896332194884,-4.368512600194663e-05,-0.0019090567366220057,-0.0006357367954779036,0,0.0014622506604606992,-0.0012280997597336777,-0.0006357367954779036,22_P6_1
73731,100,2026-02-28 01:39:07.590000+00:00,124292.48427265667,426345.92923606647,7.582429129242973,0.0005493833596119657,-0.000998913252260536,-0.0060704397261250875,0,0.0008457871427254955,-0.0007643911764015161,-0.0060704397261250875,06_P2_0
73732,153,2026-02-28 01:39:09.130000+00:00,124370.27497131017,426819.4946224918,9.734298929033146,0.0011325052910251543,-0.004500605398789048,0.008218451920157577,0,0.004044635805177995,-0.002275728101790995,0.008218451920157577,29_KW_1
73733,167,2026-02-28 01:39:12.510000+00:00,124669.37415885377,426931.3059042073,13.812634920260898,-0.0020741341868415475,-0.0005164098693057895,0.0032629554441143682,0,-0.0020972081116803296,0.00041283158120896855,0.0032629554441143682,908_GSL_1
73734,74,2026-02-28 01:39:14.740000+00:00,124369.34590636705,426785.7264353044,7.2287624469075595,-0.0004068422567797825,-3.099231980741024e-05,-0.0012913878495126596,0,0.0003793766362859476,-0.00015018160216574824,-0.0012913878495126596,21_P6_1
73735,101,2026-02-28 01:39:22.880000+00:00,124292.40623553468,426345.8821213063,10.210698240831134,0.0009166638483293355,-0.0012722195824608207,-0.0049202567691502,0,0.0010265024140360506,-0.0011853725451556958,-0.0049202567691502,05_P2_0
73736,163,2026-02-28 01:39:26.070000+00:00,124091.05745999272,427154.2063837877,9.870332937357494,-0.02585467669996433,0.00340008590137586,0.013562864361986726,0,0.022772577474966298,-0.012705691895488062,0.013562864361986726,907_GSL_1
73737,151,2026-02-28 01:39:30.560000+00:00,124403.0355761964,426812.8400386173,6.571652595940591,-0.001409149044775404,0.0023546915617771447,-0.03709270653513741,0,-0.002027283917765777,0.0018494305335059668,-0.03709270653513741,27_KW_1
73738,73,2026-02-28 01:39:32.230000+00:00,124369.48847836614,426785.6957739452,11.405365700983976,-0.0008611982921138406,-0.0006927089998498559,-0.0006889150790989618,0,0.0006159261102918514,-0.0009176836510876357,-0.0006889150790989618,20_P6_1
73739,98,2026-02-28 01:39:37.900000+00:00,124302.66090190012,426390.0769465036,7.974292158442431,5.6266566389240324e-05,-0.0009655049652792513,-0.004758636688439566,0,0.000925352071439892,-0.00028122821400781284,-0.004758636688439566,10_P3_0
73740,108,2026-02-28 01:39:43.160000+00:00,124422.71232590402,427023.8340395143,10.326295689973877,0.0016010640392778441,-0.00477998040150851,-0.0020267943687795054,0,-0.004275116853176584,0.0026711410648559333,-0.0020267943687795054,39_LHN_0
73741,113,2026-02-28 01:39:45.820000+00:00,124414.07873219541,426875.91546525573,7.30010193097884,0.0014975812373450026,0.0002331175492145121,-0.0032480141464361623,0,-0.0005812293993356239,-0.0013997377395596358,-0.0032480141464361623,32_P7_0
73742,99,2026-02-28 01:39:55.270000+00:00,124302.53800469487,426390.13392551854,11.083072078901978,-7.559629739262164e-05,-0.0008907734300009906,-0.004683123847389226,0,0.0008832973369395838,-0.00013776036560144114,-0.004683123847389226,09_P3_0
73743,177,2026-02-28 01:39:56.570000+00:00,124422.72769203731,427023.8946021996,7.790921417111474,0.0011862002575071529,-0.004817337903659791,-0.002211202621680286,0,-0.004408119748492327,0.002276465640395058,-0.002211202621680286,42_LHN_0
73744,112,2026-02-28 01:40:01.340000+00:00,124413.9525033395,426875.86778379895,10.665908521630538,0.0017687146901153028,0.0005177335115149617,-0.0033570852901263493,0,-0.0009259612529888917,-0.0015934225434386595,-0.0033570852901263493,31_P7_0
73745,107,2026-02-28 01:40:12.140000+00:00,124409.92125940118,426969.52333870815,6.295459786469524,0.00044189387699589133,-0.001072344952262938,0.006379463039491107,0,-0.000936485792505755,0.0006842428337988868,0.006379463039491107,38_P9_0
73746,152,2026-02-28 01:40:13.230000+00:00,124370.2720099233,426819.496505616,9.726931254766868,-0.003761738567845896,-0.0026644219178706408,-0.0019896964610115475,0,-0.0017270965710728164,-0.004273986270852689,-0.0019896964610115475,29_KW_1
73747,166,2026-02-28 01:40:14.180000+00:00,124091.05208347162,427154.20493564295,9.831367475383992,-0.02019736407964956,0.015907663386315107,0.00151385632118739,0,0.02122446972009242,-0.014508933636870376,0.00151385632118739,907_GSL_1
73748,161,2026-02-28 01:40:18.070000+00:00,124402.99049273011,426879.6456517009,6.545672982410013,-0.0009110164828598499,-0.0018551860703155398,0.004048661586290692,0,0.0020647569108858004,-9.189823983338253e-05,0.004048661586290692,34a_P7_0
73749,106,2026-02-28 01:40:27.610000+00:00,124410.03247053918,426969.44864272105,8.930553392605695,0.0002667209628270939,-0.0009186198585666716,0.006666168267164707,0,-0.0008275121191078798,0.00047981893386365017,0.006666168267164707,37_P9_0
73750,117,2026-02-28 01:40:30.230000+00:00,124377.67917408263,426815.90361639956,7.616598099364839,-0.0008430614543613046,-0.002089638961479068,-0.0008369408076207563,0,-0.0020553058935997254,-0.0009236131705943515,-0.0008369408076207563,26_KW_0
73751,125,2026-02-28 01:40:30.280000+00:00,124339.65552431151,426609.5897007064,6.66925351040802,-0.002341252111364156,-0.0015331400209106505,-0.004262427721093864,0,-0.0018566506787495317,-0.0020939980968911914,-0.004262427721093864,17_P5_1
73752,146,2026-02-28 01:40:45.880000+00:00,124350.92247808949,426607.51129979064,11.373502863719901,-0.0037884854536969215,-0.0005656061694025993,-0.00581864950418165,0,-0.0013529974640597404,-0.003583563901200502,-0.00581864950418165,13_P5_1
73753,160,2026-02-28 01:40:46.440000+00:00,124421.81228357567,426965.6156122318,5.602582824941617,0.001077415028703399,-0.003025806858204305,0.010401595054278623,0,-0.0021104818983697206,0.002421197316181788,0.010401595054278623,38a_P9_0
73754,116,2026-02-28 01:40:50.430000+00:00,124377.68628362176,426815.8978209889,10.004463244463537,-0.0010762698075268418,-0.0022405746858567,-0.0005965108135868036,0,-0.002197316161391786,-0.0011620384281004563,-0.0005965108135868036,25_KW_0
73755,148,2026-02-28 01:41:01.050000+00:00,124351.03829191855,426607.39743123396,8.010445332467116,-0.0028264961147215217,-0.0010246607707813382,-0.005011082745266293,0,-0.0016005527063769189,-0.0025450424389042285,-0.005011082745266293,14_P5_1
73756,115,2026-02-28 01:41:06.340000+00:00,124396.28955021976,426811.63168431335,7.646334129304217,-0.0005405400443123654,-0.002230023092124611,6.183653117020071e-05,0,-0.0021906088103170107,0.0006829491716633942,6.183653117020071e-05,24_KW_0
73757,168,2026-02-28 01:41:17.200000+00:00,124669.36883549635,426931.31076188997,13.794333844305067,-0.00789647499914281,0.003021317592356354,-0.007006175630161593,0,-0.002176339493751176,-0.008169836217079772,-0.007006175630161593,908_GSL_1
73758,114,2026-02-28 01:41:21.830000+00:00,124396.29856356294,426811.6269959466,9.990227575711657,-0.0004570820747176185,-0.0025428092340007424,-0.0004565019385260882,0,-0.00241570587882739,0.0009160610954223478,-0.0004565019385260882,23_KW_0
73759,150,2026-02-28 01:41:37.430000+00:00,124401.10289543563,426812.31894918054,9.180968192152147,-1.9337964419682976,-0.5160945717943832,2.567146629480586,0,-1.6108226878703777,-1.1879278405050226,2.567146629480586,27_KW_1
73760,119,2026-02-28 01:41:52.030000+00:00,124401.10294192864,426812.3188490978,9.181026874183335,-0.00041202617285307497,-0.0013632579939439893,0.007722871918042884,0,-0.001338363711600953,0.00048684751271610985,0.007722871918042884,28_KW_1
73761,170,2026-02-28 01:42:01.690000+00:00,124669.39039064577,426931.33714474936,13.784941855067679,0.0023438292992068455,0.0386477776337415,-0.0012482756037091036,0,0.03177899629110927,-0.022118762319366173,-0.0012482756037091036,908_GSL_1
73762,169,2026-02-28 01:42:09.010000+00:00,124669.37666470323,426931.3047543367,13.80598418082496,-7.512593583669513e-05,-0.0060961475828662515,-0.018464129762469028,0,-0.0028433862214600177,0.005392941132066315,-0.018464129762469028,908_GSL_1
73763,62,2026-02-28 01:42:26.130000+00:00,124390.61103493748,426780.8794128212,7.443645145120734,0.00035472445597406477,0.00016761320875957608,-0.001152728461594421,0,0.0003238200237034893,-0.00022150444615277827,-0.001152728461594421,19_P6_1
73764,72,2026-02-28 01:42:42.230000+00:00,124390.52349735104,426780.8858018532,10.9861415925815,-0.0004623518179869279,-0.0011290785041637719,-0.0009437289852574082,0,-0.0002777135786728805,0.0011880499317710599,-0.0009437289852574082,18_P6_1
73765,139,2026-02-28 01:45:20.030000+00:00,123928.08652633853,426940.4312444697,7.129418452573874,-0.0003435851540416479,0.00014045712305232882,-0.007183378165382059,0,0.00037069133515948386,1.915451726458217e-05,-0.007183378165382059,905_GSL_1
73766,138,2026-02-28 01:45:22.550000+00:00,123928.08242829514,426940.42908079637,7.116649248655267,-0.0041905835387296975,-0.002640355669427663,-0.0012868149426603637,0,0.00047755816671334126,-0.004929949964609835,-0.0012868149426603637,905_GSL_1
73767,133,2026-02-28 01:45:25.530000+00:00,124806.2210474162,426258.5085424775,4.596830320265532,-0.000848677329486236,-0.0029413358424790204,0.008673216080966384,0,0.0020676371711858023,0.002257562020447374,0.008673216080966384,903_GSL_1
73768,143,2026-02-28 01:45:36.710000+00:00,124266.92246764035,427056.3152215264,7.1043198639784215,0.0029002122610108927,0.0009946504142135382,-0.001221874244356158,0,-0.00017879744391693142,0.0030608155905676266,-0.001221874244356158,906_GSL_1
73769,125,2026-02-28 01:45:39.480000+00:00,124339.65543667148,426609.5897122879,6.668699293318835,-0.002428892141324468,-0.0015215585590340197,-0.004816644810278881,0,-0.0018579092047892615,-0.0021823910899554126,-0.004816644810278881,17_P5_1
73770,153,2026-02-28 01:45:42.720000+00:00,124370.27429179887,426819.49469803,9.733760782317288,0.0004529939906205982,-0.004425067221745849,0.007680305204299742,0,0.00415037358046497,-0.0016002570465666716,0.007680305204299742,29_KW_1
73771,132,2026-02-28 01:45:46.060000+00:00,124806.22418027719,426258.5119130832,4.587137300661409,0.010045989416539669,0.006771332758944482,0.004505126451087804,0,-0.0008387218523798722,-0.012085917273584252,0.004505126451087804,903_GSL_1
73772,152,2026-02-28 01:45:52.560000+00:00,124370.27230935541,426819.49642292754,9.72691607912928,-0.0034623064566403627,-0.0027471103821881115,-0.0020048720985990087,0,-0.0018764818241529075,-0.004001624347092445,-0.0020048720985990087,29_KW_1
73773,146,2026-02-28 01:45:56.790000+00:00,124350.92366434807,426607.5110526013,11.373150833043919,-0.0026022268721135333,-0.000812795537058264,-0.006170680180163757,0,-0.0013440658257539882,-0.00237185757056613,-0.006170680180163757,13_P5_1
73774,136,2026-02-28 01:45:59.450000+00:00,123855.6141333644,426533.07536672073,6.037519389062025,-0.0016367473872378469,0.0012581946211867034,0.015226846625286505,0,0.0005913445830740199,0.0019779553327823364,0.015226846625286505,904_GSL_1
73775,135,2026-02-28 01:46:04.050000+00:00,123855.6169746231,426533.0690975844,6.022398137048027,0.003324344870634377,-0.007537336903624237,0.0011996899296695673,0,0.0014809967362851794,-0.008103663682851203,0.0011996899296695673,904_GSL_1
73776,150,2026-02-28 01:46:10.150000+00:00,124401.10269213808,426812.31904166396,9.180908338714287,-1.9339997395145474,-0.5160020883777179,2.5670867760427267,0,-1.6108774306826723,-1.1881443729487149,2.5670867760427267,27_KW_1
73777,148,2026-02-28 01:46:13.080000+00:00,124351.03765143307,426607.397572412,8.010051221009697,-0.003466981594101526,-0.0008834827458485961,-0.005405194202685593,0,-0.0015983577723640626,-0.003200899181101199,-0.005405194202685593,14_P5_1
73778,140,2026-02-28 01:46:15.600000+00:00,123928.08776599681,426940.43024604337,7.144646453183074,0.00024226434470620006,-0.004192633554339409,0.00907274698073035,0,-0.00037881326116766636,-0.004182507459270354,0.00907274698073035,905_GSL_1
73779,129,2026-02-28 01:46:27.080000+00:00,124898.93854415686,426720.7733671533,4.086017611839878,-0.001127541923779063,0.0008644831832498312,-0.005667133405735214,0,-0.0012219202504706796,-0.000724977837930804,-0.005667133405735214,901_GSL_1
73780,145,2026-02-28 01:46:31.800000+00:00,124266.92135762994,427056.3143353035,7.11941848180705,0.0030338771030073985,-0.00041130412137135863,0.011451545515403616,0,-0.0024422773176293842,0.0018463106077262975,0.011451545515403616,906_GSL_1
73781,6,2026-02-28 01:46:32+00:00,124399.03720027662,426925.07360500516,8.57124958347561,-0.001970467754290439,-0.0018442097352817655,0.02394288765405328,11,-0.0026988609722653372,1.4733599168163085e-06,0.02394288765405328,TS5
73782,128,2026-02-28 01:46:32.460000+00:00,124898.93367923415,426720.7822266137,4.080793221248658,-0.00662216535420157,0.012962578912265599,-0.0005987097550210763,0,-0.00036806270886667077,-0.01455149668856926,-0.0005987097550210763,901_GSL_1
73783,149,2026-02-28 01:46:46.060000+00:00,124351.04175685461,426607.3957957109,8.011239687579328,0.0004451625427464023,-0.0009367545717395842,-0.000986156388469439,0,0.0008550718246183396,-0.000586967624220721,-0.000986156388469439,14_P5_1
73784,131,2026-02-28 01:46:50.580000+00:00,124806.21993377843,426258.51128427876,4.605646289472911,0.0013892822753405198,0.005000214267056435,-0.00585818329965182,0,-0.0004367863542951728,-0.005171215102638024,-0.00585818329965182,903_GSL_1
73785,3,2026-02-28 01:46:50.780000+00:00,124314.90194953205,426440.790134446,7.061646467336317,-0.005289819877361879,-0.005942837567999959,-0.016782628154767387,11,-0.007490116850610032,0.002682845925276399,-0.016782628154767387,TS2
73786,147,2026-02-28 01:47:00.910000+00:00,124350.9275014722,426607.50925846334,11.371984003241618,0.0009941266034729779,-0.0007342767785303295,-0.002235638430825304,0,0.0005679540406362987,-0.001097669485294412,-0.002235638430825304,13_P5_1
73787,126,2026-02-28 01:47:17.730000+00:00,124339.65775333658,426609.5875668113,6.668150325723946,0.0009327324369223788,-0.0009233497548848391,-0.0025068634115115174,0,0.000693919573981296,-0.0011140198353614124,-0.0025068634115115174,17_P5_1
73788,121,2026-02-28 01:47:33.390000+00:00,124329.25933347373,426611.3267855197,11.35129804770677,-0.0002092959766741842,-0.0009309728629887104,-0.003001474367351875,0,0.0009524273761565336,-5.828696784854754e-05,-0.003001474367351875,15_P5_1
73789,123,2026-02-28 01:47:48.130000+00:00,124329.15053326776,426611.38861904456,8.075935605673857,0.0007766556373098865,-0.0016589750885032117,-0.0021800393802084983,0,0.001376175541970614,-0.001208938873939188,-0.0021800393802084983,16_P5_1
73790,4,2026-02-28 01:47:48.330000+00:00,124378.9708898205,426782.7384599414,7.774102015750907,-0.0009675980982137844,-0.003682099049910903,-0.01462324627225886,11,-0.003172430063196419,0.0021047059146468115,-0.01462324627225886,TS3
73791,68,2026-02-28 01:51:21.010000+00:00,123928.08628025097,426940.4306979684,7.1308167889749265,-0.0226701108913403,-0.017037036828696728,0.012003507934700508,0,0.015773539497173507,-0.023566713887581824,0.012003507934700508,905_GSL_1
73792,68,2026-02-28 01:51:22.960000+00:00,123928.08147635868,426940.42828061566,7.11627497132224,-0.027474003174575046,-0.01945438957773149,-0.002538309717985854,0,0.0014342513540217927,-0.033633867564289925,-0.002538309717985854,905_GSL_1
73793,71,2026-02-28 01:51:24.480000+00:00,124806.22225721416,426258.5093059999,4.595434500547152,-0.005504721324541606,-0.0058001321740448475,0.003930837397884801,0,0.0020799819509807593,0.007721215265801594,0.003930837397884801,903_GSL_1
73794,69,2026-02-28 01:51:37.410000+00:00,124266.92354650133,427056.31571137416,7.101841168582628,-0.019050695322221145,0.0008729901164770126,0.01133979765519566,0,0.008027172115306413,-0.01729900609384286,0.01133979765519566,906_GSL_1
73795,71,2026-02-28 01:51:40.610000+00:00,124806.22498656984,426258.5120762485,4.5893348306285064,-0.0027753656468121335,-0.0030298836063593626,-0.002168832520760944,0,0.001235399377195962,0.003918754587928922,-0.002168832520760944,903_GSL_1
73796,69,2026-02-28 01:51:42.360000+00:00,124266.94137531715,427056.3176720699,7.066007689493123,-0.0012218795018270612,0.002833685837686062,-0.024493681434309522,0,0.002920039579483306,-0.0009980650269088998,-0.024493681434309522,906_GSL_1
73797,67,2026-02-28 01:51:42.480000+00:00,123855.6153968839,426533.0738276669,6.035749969200072,-0.0025975902390200645,-0.017275037767831236,-0.008658179137503552,0,0.012212827303063938,-0.012490846816584694,-0.008658179137503552,904_GSL_1
73798,66,2026-02-28 01:51:54.610000+00:00,124898.93846844805,426720.7727205712,4.0862077609772705,0.0008627843635622412,-0.0014845835976302624,0.003921230573506129,0,0.0010324006375027964,0.0013720547511102221,0.003921230573506129,901_GSL_1
73799,67,2026-02-28 01:51:57.620000+00:00,123855.61620733337,426533.07040840766,6.022133244087337,-0.001787140776286833,-0.02069429703988135,-0.022274904250238592,0,0.013097646179175686,-0.016121397789715185,-0.022274904250238592,904_GSL_1
73800,68,2026-02-28 01:51:58.680000+00:00,123928.08793583438,426940.4307495705,7.14331256438966,-0.021014527475927025,-0.016985434747766703,0.024499283349434187,0,0.020449119199774456,-0.017662074695814992,0.024499283349434187,905_GSL_1
73801,66,2026-02-28 01:52:00.090000+00:00,124898.93294446776,426720.7830296881,4.0774445418962,-0.004661195926018991,0.008824533317238092,-0.004841988507564565,0,-0.0003884685837681462,-0.009972373232446043,-0.004841988507564565,901_GSL_1
73802,69,2026-02-28 01:52:14.880000+00:00,124266.92221846408,427056.3149055249,7.119136747013498,-0.02037873257359024,6.714084884151816e-05,0.02863537608606581,0,0.014503882785068416,-0.014315538179072666,0.02863537608606581,906_GSL_1
73803,71,2026-02-28 01:52:18.380000+00:00,124806.21969861152,426258.5111259091,4.613058672669171,-0.008063323970418423,-0.003980222973041236,0.0215550095199033,0,-0.006175414203972756,0.0065363313698450975,0.0215550095199033,903_GSL_1
73804,149,2026-02-28 01:52:37.550000+00:00,124351.04133544794,426607.3959131268,8.01099635079056,2.375587064307183e-05,-0.0008193386602215469,-0.0012294931772380835,0,0.0008054026097512943,-0.00015233784076667983,-0.0012294931772380835,14_P5_1
73805,147,2026-02-28 01:52:52.630000+00:00,124350.92731537388,426607.50917244493,11.371278148942386,0.0008080282859737054,-0.0008202951867133379,-0.0029414927300575044,0,0.0006822997889308647,-0.0009275025079769712,-0.0029414927300575044,13_P5_1
73806,162,2026-02-28 01:52:53.110000+00:00,124402.99707526882,426879.6445297265,6.554093163095385,0.0016471405106130987,-0.0032038614153862,0.00942011980481805,0,0.0033347507126929277,-0.0013628050171969777,0.00942011980481805,34a_P7_0
73807,156,2026-02-28 01:52:54.830000+00:00,124272.34772420477,426258.4823506799,9.070521643027424,0.0013377467403188348,-0.0008333804435096681,0.0011982310136602337,0,0.0005074783604270876,-0.001492164541381504,0.0011982310136602337,00a_LHZ_0
73808,159,2026-02-28 01:52:55.190000+00:00,124421.80610966966,426965.6171302637,5.594091136360063,-0.0018409827462164685,-0.001043644966557622,0.004865239810448507,0,-0.0009306653815875224,-0.0019005983888245146,0.004865239810448507,38a_P9_0
73809,179,2026-02-28 01:53:08.170000+00:00,124272.35010647723,426258.5058181269,6.497667980755518,0.0019094510353170335,-0.0006713467882946134,0.0017849246469410218,0,0.00021969320471016023,-0.0020120747158669243,0.0017849246469410218,00c_LHZ_0
73810,126,2026-02-28 01:53:08.770000+00:00,124339.6576801717,426609.5876880699,6.6678203752477145,0.0008595675608376041,-0.0008020911482162774,-0.0028368138877432614,0,0.0005918696872221621,-0.0010158232499006678,-0.0028368138877432614,17_P5_1
73811,104,2026-02-28 01:53:09.090000+00:00,124389.81590160428,426881.44322480354,10.732190127810597,-0.0011946059967158362,-0.0011147646000608802,0.006278259750390092,0,0.0013376749745356881,0.0009383012647541706,0.006278259750390092,33_P7_0
73812,110,2026-02-28 01:53:11.020000+00:00,124434.14006725188,426963.93314063293,8.748576069136238,-1.8590595573186874e-05,0.0010540594812482595,-0.002484291121550797,0,0.001027146044471329,-0.00023739840686074244,-0.002484291121550797,35_P9_0
73813,105,2026-02-28 01:53:24.790000+00:00,124389.68733424255,426881.4708382923,7.068473609079307,-0.0013511948054656386,-0.0011149218189530075,0.0061777123565169845,0,0.0013734143375382403,0.0010874332724996071,0.0061777123565169845,34_P7_0
73814,121,2026-02-28 01:53:25.120000+00:00,124329.25910149868,426611.32670940977,11.349419096245132,-0.0004412710259202868,-0.001007082813885063,-0.004880425828989843,0,0.001090136783205774,0.00014330982604541178,-0.004880425828989843,15_P5_1
73815,111,2026-02-28 01:53:26.900000+00:00,124434.26114861023,426963.9768380498,6.465537335393799,-0.0005421490932349116,-0.0012257295311428607,0.0042448257790308475,0,-0.0013123334605834075,-0.0002722488035681923,0.0042448257790308475,36_P9_0
73816,102,2026-02-28 01:53:28.670000+00:00,124282.39463377417,426301.7928249606,6.899469281054462,0.0013448283425532281,-0.0007329040090553463,-0.003828702712273646,0,0.00040739086923132785,-0.0014763956912328094,-0.003828702712273646,02_P1_0
73817,65,2026-02-28 01:53:40.010000+00:00,124370.27467418245,426819.4947577181,9.73430878499556,-0.0038003086956450716,-0.0036997057613916695,-0.00107048275489241,0,0.004568450361456297,0.0026943329783046645,-0.00107048275489241,30_KW_1
73818,176,2026-02-28 01:53:40.190000+00:00,124446.56381029752,427019.0009042071,7.868931180015353,-0.0034357764234300703,-0.0020369349513202906,-0.049481743631832664,0,-0.0027270501798024676,-0.0029183661429895073,-0.049481743631832664,41_LHN_0
73819,123,2026-02-28 01:53:40.690000+00:00,124329.15077973915,426611.3885985499,8.075427233598447,0.0010231270280200988,-0.0016794697730802,-0.002688411455618933,0,0.0013270434524777362,-0.0014513315642510046,-0.002688411455618933,16_P5_1
73820,103,2026-02-28 01:53:45.720000+00:00,124282.31419336947,426301.79651821003,9.294156138782922,0.0024749623116804287,-0.0009259431972168386,-0.0037953470081912855,0,0.0003365197175391357,-0.002620985259099725,-0.0037953470081912855,01_P1_0
73821,109,2026-02-28 01:53:53.190000+00:00,124446.56870935313,427018.96727334993,10.348717534436371,-0.0003454608377069235,0.002082881343085319,-0.037107707031596604,0,0.0019600744468652323,-0.0007847585886806366,-0.037107707031596604,40_LHN_0
73822,153,2026-02-28 01:53:54.760000+00:00,124370.27512393137,426819.4947385975,9.73428626027649,0.001285126490984112,-0.004384499741718173,0.008205783163500513,0,0.0038924937602675606,-0.0023924632513863137,0.008205783163500513,29_KW_1
73823,118,2026-02-28 01:53:57.130000+00:00,124372.25996716633,426775.1106180706,6.1649774515819615,-6.0195656260475516e-05,-0.0020464282133616507,-0.0005546174084001265,0,0.001576299677851571,-0.0013064345659389986,-0.0005546174084001265,22_P6_1
73824,100,2026-02-28 01:54:00.970000+00:00,124292.48472127046,426345.92897519935,7.582298903885004,0.0009979971509892493,-0.001259780372492969,-0.006200665084094226,0,0.000996487397652416,-0.0012609749270390343,-0.006200665084094226,06_P2_0
73825,167,2026-02-28 01:54:09.280000+00:00,124669.37389239219,426931.3063819024,13.81226516389199,-0.0023405957617796957,-3.871473018079996e-05,0.002893199075206354,0,-0.0023396326957950196,-7.749967200561093e-05,0.002893199075206354,908_GSL_1
73826,163,2026-02-28 01:54:11.560000+00:00,124091.05700360931,427154.2051575799,9.871395718842974,-0.026311060108128004,0.0021738781360909343,0.014625645847466728,0,0.02240676606389688,-0.013961893307209384,0.014625645847466728,907_GSL_1
73827,74,2026-02-28 01:54:15.200000+00:00,124369.34584065856,426785.7263951013,7.228776760800042,-0.00047255074605345726,-7.119541987776756e-05,-0.0012770739570298062,0,0.0004302171717569371,-0.00020805331175617636,-0.0012770739570298062,21_P6_1
73828,101,2026-02-28 01:54:17.870000+00:00,124292.40674541712,426345.88198485,10.210228636532603,0.0014265462814364582,-0.0014086759183555841,-0.005389861067680357,0,0.0010416815111098385,-0.0017129803750910455,-0.005389861067680357,05_P2_0
73829,151,2026-02-28 01:54:25.730000+00:00,124403.03509270458,426812.84023812745,6.571687116249019,-0.0018926408665720373,0.002554201695602387,-0.037058186226709644,0,-0.0021266188748692173,0.002362948986475723,-0.037058186226709644,27_KW_1
73830,177,2026-02-28 01:54:26.710000+00:00,124422.7278233103,427023.8946270948,7.791267352386567,0.0013174732448533177,-0.004792442719917744,-0.0018652673465870961,0,-0.00435331095587341,0.0023983174719101412,-0.0018652673465870961,42_LHN_0
73831,73,2026-02-28 01:54:32.930000+00:00,124369.4892711088,426785.69700577745,11.405558681485164,-6.845562893431634e-05,0.0005391232552938163,-0.0004959345779109725,0,0.00022585178559131095,0.0004942985216209035,-0.0004959345779109725,20_P6_1
73832,98,2026-02-28 01:54:33.710000+00:00,124302.66105120593,426390.07685621764,7.9741371436939446,0.00020557237439788878,-0.0010557909263297915,-0.004913651436925903,0,0.0009780867902958426,-0.0004475496753263058,-0.004913651436925903,10_P3_0
73833,113,2026-02-28 01:54:40.720000+00:00,124414.0786637367,426875.915427324,7.300194800798835,0.0014291225234046578,0.0001951858284883201,-0.0031551443264419277,0,-0.0005281607734015153,-0.0013422126850782935,-0.0031551443264419277,32_P7_0
73834,108,2026-02-28 01:54:41.420000+00:00,124422.712116106,427023.8339957692,10.32642709591351,0.0013912660215282813,-0.004823725495953113,-0.0018953884291459389,0,-0.004366560306543807,0.0024773170754433696,-0.0018953884291459389,39_LHN_0
73835,99,2026-02-28 01:54:49.400000+00:00,124302.53811650752,426390.13373902417,11.083017434214645,3.621635551098734e-05,-0.0010772678069770336,-0.00473776853472252,0,0.0010379633228704288,-0.0002906022930594034,-0.00473776853472252,09_P3_0
73836,112,2026-02-28 01:54:55.500000+00:00,124413.95227507589,426875.86763133924,10.665850957501354,0.0015404510777443647,0.0003652737941592932,-0.003414649419310578,0,-0.0007233057250261729,-0.0014082767113630982,-0.003414649419310578,31_P7_0
73837,107,2026-02-28 01:54:58.150000+00:00,124409.92142573668,426969.5232474931,6.295728976856942,0.0006082293839426711,-0.001163560023996979,0.0066486534269092346,0,-0.0009855262189220966,0.0008674981180107812,0.0066486534269092346,38_P9_0
73838,166,2026-02-28 01:55:08.180000+00:00,124091.04973521219,427154.20420902525,9.828742401756214,-0.02254562350572087,0.015181045688223094,-0.0011112173065903619,0,0.021234157121884086,-0.01696702268439486,-0.0011112173065903619,907_GSL_1
73839,161,2026-02-28 01:55:11.850000+00:00,124402.99051728794,426879.6456369267,6.545696704342718,-0.0008864586561685428,-0.0018699602806009352,0.00407238351899597,0,0.0020659215742635387,-0.00012053401641747268,0.00407238351899597,34a_P7_0
73840,106,2026-02-28 01:55:13.230000+00:00,124410.03251003289,426969.44848369807,8.930897312774427,0.00030621467158198357,-0.001077642838936299,0.007010088435896122,0,-0.0009723700076640137,0.000556397413364076,0.007010088435896122,37_P9_0
73841,152,2026-02-28 01:55:15.330000+00:00,124370.27337376804,426819.496872391,9.727069704040318,-0.0023978938261279836,-0.0022976468899287283,-0.0018512471875613556,0,-0.0016840680683832137,-0.0028623400869278075,-0.0018512471875613556,29_KW_1
73842,125,2026-02-28 01:55:24.770000+00:00,124339.65512405669,426609.58986087824,6.669430467457059,-0.0027415069343987852,-0.001372968195937574,-0.004085470672055003,0,-0.0017562549732476887,-0.0025132589216703203,-0.004085470672055003,17_P5_1
73843,160,2026-02-28 01:55:29.330000+00:00,124421.81235797239,426965.61576054007,5.602968885679948,0.0011518117535160854,-0.002877498569432646,0.010787655792609208,0,-0.0019447425421113042,0.0024134300854856323,0.010787655792609208,38a_P9_0
73844,117,2026-02-28 01:55:32.930000+00:00,124377.67914586996,426815.9035151295,7.616577506248874,-0.0008712741255294532,-0.002190908999182284,-0.0008575339235852297,0,-0.0021554033263657783,-0.0009557391616996596,-0.0008575339235852297,26_KW_0
73845,146,2026-02-28 01:55:40.390000+00:00,124350.92312013617,426607.51124776626,11.374106906346706,-0.003146438772091642,-0.0006176305469125509,-0.0052146068773772924,0,-0.0012682442092337885,-0.002945012914190024,-0.0052146068773772924,13_P5_1
73846,116,2026-02-28 01:55:53.230000+00:00,124377.68621218733,426815.8978663743,10.004492937069829,-0.0011477042426122352,-0.0021951892995275557,-0.0005668182072948724,0,-0.002149204550931652,-0.0012316658993108004,-0.0005668182072948724,25_KW_0
73847,148,2026-02-28 01:55:56.500000+00:00,124351.03727718147,426607.39765178686,8.010365297651235,-0.00384123319236096,-0.0008041078690439463,-0.005091117561146774,0,-0.0016001232869497586,-0.0035834714132688523,-0.005091117561146774,14_P5_1
73848,115,2026-02-28 01:56:09.030000+00:00,124396.28939884077,426811.6315420693,7.646379216371103,-0.0006919190345797688,-0.0023722671321593225,0.00010692359805641871,0,-0.0023904431791062363,0.0006262465203110394,0.00010692359805641871,24_KW_0
73849,168,2026-02-28 01:56:13.270000+00:00,124669.36748444583,426931.31158724247,13.79185022350761,-0.00924752552236896,0.0038466700934804976,-0.009489796427617492,0,-0.0022987242035239245,-0.00974830580824565,-0.009489796427617492,908_GSL_1
73850,114,2026-02-28 01:56:24.940000+00:00,124396.29855238445,426811.62701923936,9.990011721117602,-0.0004682605649577454,-0.002519516448955983,-0.0006723565325810199,0,-0.002401481455306089,0.0008944931039841856,-0.0006723565325810199,23_KW_0
73851,150,2026-02-28 01:56:43.640000+00:00,124401.1028025111,426812.3189503028,9.181092267155478,-1.9338893664971692,-0.5160934495506808,2.567270704483917,0,-1.610879847928646,-1.1880011136599686,2.567270704483917,27_KW_1
73852,119,2026-02-28 01:56:58.330000+00:00,124401.10280257478,426812.318948793,9.181122924214588,-0.0005513800279004499,-0.001263562822714448,0.007818921949295898,0,-0.0013420296061317305,0.0003155431482056237,0.007818921949295898,28_KW_1
73853,169,2026-02-28 01:57:14.830000+00:00,124669.37660950814,426931.3045563826,13.805404150078658,-0.00013032103015575558,-0.006294101709499955,-0.019044160508771668,0,-0.0029826828830905316,0.005544033073435788,-0.019044160508771668,908_GSL_1
73854,62,2026-02-28 01:57:31.750000+00:00,124390.61098749856,426780.8794419852,7.443593620632327,0.00030728553247172385,0.0001967772259376943,-0.0012042529500018162,0,0.0002723723410192861,-0.0002428147091134286,-0.0012042529500018162,19_P6_1
73855,72,2026-02-28 01:57:47.930000+00:00,124390.52344213735,426780.88531666057,10.986060156764912,-0.0005175655096536502,-0.0016142711392603815,-0.0010251648018453352,0,-0.0002553941524834127,0.0016758637160310297,-0.0010251648018453352,18_P6_1
