,Id,Timestamp,Easting,Northing,Height,EastingDiff,NorthingDiff,HeightDiff,Type,LongitudinalDisplacement,TransverseDisplacement,HeightDisplacement,Name
63396,133,2026-02-25 22:00:22.050000+00:00,124806.22389422101,426258.51187571266,4.6114154399702105,0.0019981274817837402,0.0003918993170373142,0.023258335785644846,0,0.0007071865506995578,-0.0019094464356622853,0.023258335785644846,903_GSL_1
63397,130,2026-02-25 22:00:22.540000+00:00,124898.93834825628,426720.76833165815,4.122961104820221,-2.4740977096371353e-05,-0.0013450406258925796,0.03289837235002668,0,0.0004961505737739214,0.0012504323289938542,0.03289837235002668,901_GSL_1
63398,153,2026-02-25 22:00:38.930000+00:00,124370.27540733793,426819.4977179916,9.733032762067301,0.0015685330581618473,-0.0014051056350581348,0.00695228495431266,0,0.000943386103596271,-0.0018827215566195993,0.00695228495431266,29_KW_1
63399,132,2026-02-25 22:00:41.830000+00:00,124806.22148501445,426258.50779361324,4.620957071066534,0.007350726678851061,0.0026518628001213074,0.038324896856212654,0,0.0013803074798564526,-0.007691573979290083,0.038324896856212654,903_GSL_1
63400,136,2026-02-25 22:00:54.650000+00:00,123855.61560329515,426533.0765591481,6.044545424796644,-0.00016681663691997528,0.0024506219779141247,0.022252882359905968,0,-0.0012983992826669391,0.002085074380390063,0.022252882359905968,904_GSL_1
63401,135,2026-02-25 22:00:58.960000+00:00,123855.61491581416,426533.0748140826,6.058348093961025,0.0012655359314521775,-0.0018208387191407382,0.03714964684266775,0,-2.491339646417408e-05,-0.0022172988426450847,0.03714964684266775,904_GSL_1
63402,5,2026-02-25 22:00:59.160000+00:00,124424.61949733975,426919.1449262547,8.789429262151957,-0.000387964173569344,-0.0008112740470096469,-0.01781548425191204,11,-0.0008801854175906748,-0.00018426993782352062,-0.01781548425191204,TS4
63403,140,2026-02-25 22:01:10.570000+00:00,123928.08809988864,426940.4323817755,7.149662761976718,0.0005761561769759282,-0.002056901401374489,0.014089055774374692,0,-0.0006428894508844753,-0.002037030306398339,0.014089055774374692,905_GSL_1
63404,145,2026-02-25 22:01:27.280000+00:00,124266.92116083491,427056.3163479208,7.118433187385878,0.00283708208007738,0.001601313182618469,0.010466251094231716,0,-0.0008843204125289748,0.003135477004525542,0.010466251094231716,906_GSL_1
63405,6,2026-02-25 22:01:27.480000+00:00,124399.03755671451,426925.07680555957,8.569554517050033,-0.0016140298685058951,0.0013563446700572968,0.022247821228475573,11,-0.0021032022388658774,0.00014595760635045723,0.022247821228475573,TS5
63406,66,2026-02-25 22:06:22.970000+00:00,124898.93878545522,426720.7698068774,4.127936786024469,0.0011797915358329192,-0.004398277378641069,0.04565025562070435,0,0.0027854604444046993,0.0036024938695500266,0.04565025562070435,901_GSL_1
63407,71,2026-02-25 22:06:23.760000+00:00,124806.22383427712,426258.51172049996,4.602903318993465,-0.003927658370230347,-0.0033856321242637932,0.011399655844197554,0,0.0008416764197719402,0.005116696781956828,0.011399655844197554,903_GSL_1
63408,67,2026-02-25 22:06:39.800000+00:00,123855.6145957886,426533.077546601,6.041129933296001,-0.0033986855414696038,-0.013556103687733412,-0.0032782150415746614,0,0.01068694266001338,-0.009006012834987528,-0.0032782150415746614,904_GSL_1
63409,71,2026-02-25 22:06:40.960000+00:00,124806.22162902672,426258.5088091665,4.62648816724007,-0.006132908762083389,-0.006296965584624559,0.03498450409080256,0,0.002385019935638956,0.00846026154232776,0.03498450409080256,903_GSL_1
63410,68,2026-02-25 22:06:55.450000+00:00,123928.0880418291,426940.43155597604,7.149472666627975,-0.020908532751491293,-0.01617902918951586,0.030659385587749277,0,0.02036960799411482,-0.016852501223898014,0.030659385587749277,905_GSL_1
63411,67,2026-02-25 22:06:57.390000+00:00,123855.61689246261,426533.0725521664,6.066175885893583,-0.0011020115343853831,-0.018550538283307105,0.021767737556007027,0,0.011327078059205698,-0.014732080730942992,0.021767737556007027,904_GSL_1
63412,69,2026-02-25 22:07:11.440000+00:00,124266.92033688142,427056.31579267094,7.118310194265667,-0.02226031523605343,0.0009542868938297033,0.027808823338234312,0,0.016464141351692198,-0.015012140001868705,0.027808823338234312,906_GSL_1
63413,159,2026-02-25 22:07:34.470000+00:00,124421.80862914349,426965.61810532754,5.626803136941863,0.0006784910801798105,-6.8581139203161e-05,0.03757724039224808,0,-0.00010942853864616619,0.0006731113678045662,0.03757724039224808,38a_P9_0
63414,162,2026-02-25 22:07:48.450000+00:00,124402.99747387966,426879.64743259805,6.552947760343402,0.0020457513455767184,-0.0003009898355230689,0.008274717052835001,0,0.0004774113666353478,-0.002011907511796834,0.008274717052835001,34a_P7_0
63415,110,2026-02-25 22:07:50.760000+00:00,124434.1427850398,426963.93417519506,8.781619645979195,0.0026991973281838,0.0020886216079816222,0.03055928572140587,0,0.0026042118265386725,0.0022059209415385707,0.03055928572140587,35_P9_0
63416,104,2026-02-25 22:08:03.950000+00:00,124389.81632859747,426881.4465452561,10.730658592657376,-0.00076761280070059,0.002205687982495874,0.00474672459716885,0,-0.001999321310391073,0.0012070638697857892,0.00474672459716885,33_P7_0
63417,111,2026-02-25 22:08:07.060000+00:00,124434.26402589476,426963.9776302633,6.4982609946019725,0.0023351354466285557,-0.00043351604836061597,0.036968484987204064,0,6.716219676129427e-05,0.002374085709828848,0.036968484987204064,36_P9_0
63418,105,2026-02-25 22:08:19+00:00,124389.68766107722,426881.47401380044,7.0669118881500435,-0.0010243601427646354,0.002060586295556277,0.004615991427253441,0,-0.001800056662441237,0.001433570924481952,0.004615991427253441,34_P7_0
63419,176,2026-02-25 22:08:20.430000+00:00,124446.56654797321,427019.00189952366,7.901571335055026,-0.0006981007318245247,-0.0010416184086352587,-0.01684158859215934,0,-0.0011671940630722142,-0.0004582265379817733,-0.01684158859215934,41_LHN_0
63420,109,2026-02-25 22:08:33.430000+00:00,124446.57152210678,427018.9682014263,10.381515770663773,0.0024672928120708093,0.003010957734659314,-0.004309470804194859,0,0.0034705785117674086,0.0017630896443628023,-0.004309470804194859,40_LHN_0
63421,153,2026-02-25 22:08:34.100000+00:00,124370.27508971764,426819.4977487723,9.73308615621002,0.0012509127700468525,-0.001374324900098145,0.007005679097030537,0,0.00099717953789506,-0.0015681787712182118,0.007005679097030537,29_KW_1
63422,65,2026-02-25 22:08:49.460000+00:00,124370.27519620821,426819.4977217181,9.733263673329017,-0.0032782829366624355,-0.0007357057766057551,-0.002115594421436384,0,0.001571438968549873,0.0029696770145364415,-0.002115594421436384,30_KW_1
63423,167,2026-02-25 22:08:49.690000+00:00,124669.37591843668,426931.307546245,13.846230539165107,-0.00031455127464141697,0.0011256278376094997,0.03685857434832407,0,-0.00025830231341632715,-0.0011398510639832522,0.03685857434832407,908_GSL_1
63424,163,2026-02-25 22:09:06.180000+00:00,124091.05464953494,427154.2061198213,9.8716267753694,-0.028665134479524568,0.0031361195142380893,0.014856702373892361,0,0.024869917290068974,-0.014594944135622496,0.014856702373892361,907_GSL_1
63425,151,2026-02-25 22:09:07.570000+00:00,124403.03694032218,426812.8412757413,6.604755165523075,-4.502326191868633e-05,0.003591815533582121,-0.0039901369526536,0,-0.003511047774535466,0.0007587551952541535,-0.0039901369526536,27_KW_1
63426,108,2026-02-25 22:09:23.050000+00:00,124422.71195305036,427023.8372095046,10.324967000955763,0.001228210370754823,-0.0016099900822155178,-0.0033554833868940648,0,-0.0012793494672776807,0.0015696603837258376,-0.0033554833868940648,39_LHN_0
63427,113,2026-02-25 22:09:23.690000+00:00,124414.08062616877,426875.9165808147,7.332933518645959,0.003391554593690671,0.0013486765092238784,0.029583573520682194,0,-0.0021138148046341014,-0.002975459268789659,0.029583573520682194,32_P7_0
63428,177,2026-02-25 22:09:36.090000+00:00,124422.72784171508,427023.89769932703,7.789656823299793,0.0013358780270209536,-0.001720210479106754,-0.003475796433361822,0,-0.0013614163439981375,0.0017000705084792302,-0.003475796433361822,42_LHN_0
63429,112,2026-02-25 22:09:40.220000+00:00,124413.95410589398,426875.8691400623,10.698918236127257,0.0033712691656546667,0.0018739968654699624,0.029652629206593062,0,-0.0026264488167723463,-0.0028247277128885004,0.029652629206593062,31_P7_0
63430,107,2026-02-25 22:09:49.620000+00:00,124409.92163780611,426969.5261543623,6.29413967436691,0.0008202988101402298,0.001743309199810028,0.005059350936877038,0,0.0018883798316782561,0.00038215012151058934,0.005059350936877038,38_P9_0
63431,161,2026-02-25 22:09:56.520000+00:00,124402.9926130424,426879.6465822194,6.578534489095508,0.001209295805892907,-0.00092466757632792,0.0369101682717865,0,0.00023022239080160059,-0.0015047937146452732,0.0369101682717865,34a_P7_0
63432,106,2026-02-25 22:10:03.620000+00:00,124410.03290062073,426969.45165114803,8.929141258002675,0.0006968025118112564,0.002089807123411447,0.005254033664144231,0,0.0021960516166763385,0.00017373787848636642,0.005254033664144231,37_P9_0
63433,160,2026-02-25 22:10:18.880000+00:00,124421.8126534169,426965.6187587143,5.60078671887328,0.0014472562615992501,0.00012067565694451332,0.008605488985941712,0,0.0008140099497049631,0.00120270574235702,0.008605488985941712,38a_P9_0
63434,133,2026-02-25 22:15:22.630000+00:00,124806.21954921437,426258.5091841245,4.608949165873779,-0.0023468791623599827,-0.0022996888728812337,0.020792061689212993,0,0.0007390661545235084,0.0032015920936326486,0.020792061689212993,903_GSL_1
63435,130,2026-02-25 22:15:23.160000+00:00,124898.93872077054,426720.7696875852,4.126431809475442,0.00034777328255586326,1.0886404197663069e-05,0.03636907700524805,0,0.0003166424521320453,-0.00014423011947523515,0.03636907700524805,901_GSL_1
63436,153,2026-02-25 22:15:39.140000+00:00,124370.2754054489,426819.4976117026,9.733155861382777,0.0015666440303903073,-0.0015113946283236146,0.007075384269787932,0,0.0010464357549416123,-0.0019088371987319506,0.007075384269787932,29_KW_1
63437,132,2026-02-25 22:15:41.890000+00:00,124806.2221040728,426258.50895865576,4.627984173868766,0.007969785030581988,0.0038169053150340915,0.04535199965844505,0,0.0006810965190100391,-0.00881035454164114,0.04535199965844505,903_GSL_1
63438,136,2026-02-25 22:15:54.850000+00:00,123855.61477870322,426533.077112253,6.042656383377176,-0.000991408567642793,0.0030037268879823387,0.02036384094043786,0,-0.0009532296235286745,0.003016060253113485,0.02036384094043786,904_GSL_1
63439,135,2026-02-25 22:15:58.450000+00:00,123855.61452567125,426533.07606921723,6.06209679359082,0.0008753930160310119,-0.0005657040746882558,0.0408983464724626,0,-0.00040677232183123155,-0.0009596198782991088,0.0408983464724626,904_GSL_1
63440,5,2026-02-25 22:15:58.650000+00:00,124424.61940533895,426919.14439986774,8.788486077570388,-0.00047996497596614063,-0.0013376610004343092,-0.018758668833481096,11,-0.001413838563946103,0.00014409665275750243,-0.018758668833481096,TS4
63441,140,2026-02-25 22:16:10.770000+00:00,123928.08795845245,426940.4333813708,7.147091738142029,0.00043471998651511967,-0.00105730612995103,0.011518031939685258,0,-0.0004689493574499756,-0.0010425757618777569,0.011518031939685258,905_GSL_1
63442,145,2026-02-25 22:16:27.030000+00:00,124266.92076297854,427056.31608331564,7.1186354996735455,0.00243922570371069,0.001336708024609834,0.010668563381899254,0,-0.0007885280949825026,0.002667364583277378,0.010668563381899254,906_GSL_1
63443,6,2026-02-25 22:16:27.230000+00:00,124399.03755968937,426925.0767742498,8.579188677927261,-0.0016110550059238449,0.0013250348856672645,0.0318819821057037,11,-0.0020858401686714863,2.2056089953680837e-05,0.0318819821057037,TS5
63444,71,2026-02-25 22:21:23.080000+00:00,124806.22328032917,426258.51147112134,4.611704730891605,-0.004481606316403486,-0.0036350107402540743,0.02020106774233721,0,0.0007657111747616833,0.005719421706242264,0.02020106774233721,903_GSL_1
63445,66,2026-02-25 22:21:23.840000+00:00,124898.93937125012,426720.77066994284,4.125802011498781,0.0017655864357948303,-0.003535211959388107,0.04351548109501646,0,0.0029928886933482945,0.0025802395875754117,0.04351548109501646,901_GSL_1
63446,67,2026-02-25 22:21:40.680000+00:00,123855.61613847992,426533.0750413349,6.050394052124738,-0.0018559942254796624,-0.01606136979535222,0.00598590378716235,0,0.010901405812442647,-0.011940337749850637,0.00598590378716235,904_GSL_1
63447,71,2026-02-25 22:21:41.540000+00:00,124806.22146856286,426258.508276024,4.629506632267657,-0.0062933726294431835,-0.006830108060967177,0.03800296911838963,0,0.0027664098782352597,0.00886588357486809,0.03800296911838963,903_GSL_1
63448,68,2026-02-25 22:21:56.580000+00:00,123928.0877385314,426940.42982434685,7.159340585949744,-0.02121183046256192,-0.01791065838187933,0.04052730490951806,0,0.020616253413305086,-0.018593104378861552,0.04052730490951806,905_GSL_1
63449,67,2026-02-25 22:21:57.880000+00:00,123855.61604753126,426533.0729935195,6.0601114180158415,-0.0019469428807497025,-0.01810918521368876,0.01570326967826574,0,0.011778465052879597,-0.013892477701356213,0.01570326967826574,904_GSL_1
63450,69,2026-02-25 22:22:13.670000+00:00,124266.92071462964,427056.31592420716,7.127801002251496,-0.021882567016291432,0.0010858231107704341,0.03729963132406322,0,0.016288870638283034,-0.014652591729098635,0.03729963132406322,906_GSL_1
63451,159,2026-02-25 22:22:33.750000+00:00,124421.80856407608,426965.6175849208,5.625923891726895,0.0006134236755315214,-0.0005889878957532346,0.03669799517728034,0,-0.0006249547429898187,0.0005767381695890729,0.03669799517728034,38a_P9_0
63452,110,2026-02-25 22:22:49.780000+00:00,124434.14263698483,426963.9337629359,8.780528413385998,0.0025511423591524363,0.0016763624735176563,0.029468053128208993,0,0.0021701772824308553,0.0021468230113591384,0.029468053128208993,35_P9_0
63453,162,2026-02-25 22:22:51.430000+00:00,124402.99721928309,426879.6474365433,6.5624137091717785,0.0017911547765834257,-0.000297044578474015,0.01774066588121137,0,0.0004513837301656699,-0.001758614125787733,0.01774066588121137,34a_P7_0
63454,111,2026-02-25 22:23:05.450000+00:00,124434.26396201515,426963.9770398836,6.497186015428698,0.002271255827508867,-0.0010238957474939525,0.03589350581392914,0,-0.0005234522495907508,0.002435767492624772,0.03589350581392914,36_P9_0
63455,104,2026-02-25 22:23:07.540000+00:00,124389.81643090934,426881.446440901,10.74027486296407,-0.0006653009331785142,0.0021013328805565834,0.014362994903862614,0,-0.0019183743004219304,0.001085387142948128,0.014362994903862614,33_P7_0
63456,176,2026-02-25 22:23:19.020000+00:00,124446.56651166626,427019.00141276664,7.900704104045627,-0.0007344076875597239,-0.0015283754328265786,-0.017708819601558012,0,-0.0016503973730859199,-0.0003891974127942623,-0.017708819601558012,41_LHN_0
63457,105,2026-02-25 22:23:23.120000+00:00,124389.68758807941,426881.4739469805,7.0765644931606095,-0.0010973579483106732,0.001993766345549375,0.014268596437819525,0,-0.0017194182162323587,0.001490939202333299,0.014268596437819525,34_P7_0
63458,109,2026-02-25 22:23:31.960000+00:00,124446.57129102299,427018.9677110164,10.38023450097148,0.0022362090239766985,0.0025205478304997087,-0.0055907404964887775,0,0.0029419834804995334,0.0016427188941567138,-0.0055907404964887775,40_LHN_0
63459,153,2026-02-25 22:23:39.280000+00:00,124370.2751170151,426819.4976099642,9.742972367484656,0.0012782102276105434,-0.0015131330001167953,0.016891890371667273,0,0.0011239306990039578,-0.0016310035701515573,0.016891890371667273,29_KW_1
63460,167,2026-02-25 22:23:47.850000+00:00,124669.37571477883,426931.30698100827,13.845937967820932,-0.0005182091263122857,0.0005603911122307181,0.036566003004148584,0,-0.0004897589048467328,-0.000585418749600534,0.036566003004148584,908_GSL_1
63461,65,2026-02-25 22:23:54.650000+00:00,124370.27546985414,426819.49756753165,9.74314146272273,-0.0030046370084164664,-0.0008898922242224216,0.007762194972277925,0,0.0016482857549660623,0.002665127725467081,0.007762194972277925,30_KW_1
63462,151,2026-02-25 22:24:04.930000+00:00,124403.03699863792,426812.8407163649,6.603932228062652,1.3292476069182158e-05,0.0030324391555041075,-0.00481307441307699,0,-0.002974457299210674,0.0005903115253210437,-0.00481307441307699,27_KW_1
63463,163,2026-02-25 22:24:11.430000+00:00,124091.05599209879,427154.2079626799,9.883052536191574,-0.027322570633259602,0.004978978133294731,0.02628246319606653,0,0.024892839833423414,-0.012315015805463493,0.02628246319606653,907_GSL_1
63464,113,2026-02-25 22:24:20.490000+00:00,124414.08048966053,426875.9160272842,7.331589778055543,0.003255046351114288,0.0007951460429467261,0.028239832930266218,0,-0.0015437046384107036,-0.0029739804920115996,0.028239832930266218,32_P7_0
63465,108,2026-02-25 22:24:27.670000+00:00,124422.71183220648,427023.83726002043,10.334560643146812,0.0011073664936702698,-0.0015594742726534605,0.006238158804155347,0,-0.0012583935872790186,0.0014403701391887678,0.006238158804155347,39_LHN_0
63466,112,2026-02-25 22:24:35.430000+00:00,124413.9541249494,426875.8685274453,10.697809215975436,0.0033903245930559933,0.0012613798608072102,0.028543609054771935,0,-0.0020362024640941047,-0.002989859448995454,0.028543609054771935,31_P7_0
63467,177,2026-02-25 22:24:41.920000+00:00,124422.72799624562,427023.89768237877,7.799199226433244,0.0014904085692251101,-0.0017371587455272675,0.006066606700089849,0,-0.0013418755852103103,0.0018542945084850993,0.006066606700089849,42_LHN_0
63468,161,2026-02-25 22:24:51.310000+00:00,124402.99254563026,426879.6462724577,6.57755921271005,0.0011418836656957865,-0.0012344292481429875,0.03593489188632848,0,0.0005342886635167877,-0.0015944433193723609,0.03593489188632848,34a_P7_0
63469,107,2026-02-25 22:24:55.950000+00:00,124409.92159441001,426969.52623769036,6.303777776506193,0.000776902714278549,0.001826637249905616,0.014697453076159661,0,0.00195899595209782,0.0003201817138133957,0.014697453076159661,38_P9_0
63470,106,2026-02-25 22:25:10.900000+00:00,124410.03287916128,426969.451523063,8.938751026922041,0.0006753430643584579,0.0019617220968939364,0.014863802583510832,0,0.002066565021860653,0.00018371404530164486,0.014863802583510832,37_P9_0
63471,160,2026-02-25 22:25:26.650000+00:00,124421.81272101052,426965.61878813355,5.610961215703345,0.0015148498787311837,0.0001500949147157371,0.01877998581600604,0,0.0008727631346009653,0.0012472301910220515,0.01877998581600604,38a_P9_0
63472,133,2026-02-25 22:30:22.450000+00:00,124806.2222024359,426258.5105554607,4.6155439848064415,0.0003063423791900277,-0.0009283526451326907,0.027386880621875775,0,0.0009519278651331178,0.00022252556391519376,0.027386880621875775,903_GSL_1
63473,130,2026-02-25 22:30:24.030000+00:00,124898.93827636696,426720.7675964468,4.123132775692592,-9.663030505180359e-05,-0.0020802519866265357,0.033070043222397594,0,0.000713506085687427,0.0019564495417477698,0.033070043222397594,901_GSL_1
63474,153,2026-02-25 22:30:40.210000+00:00,124370.27526247488,426819.49756433547,9.742427742016247,0.0014236700080800802,-0.0015587617526762187,0.016347264903258107,0,0.001129719209170356,-0.0017833420877511072,0.016347264903258107,29_KW_1
63475,132,2026-02-25 22:30:42.630000+00:00,124806.22147636322,426258.50808679766,4.6235955332522245,0.007342075448832475,0.002945047221146524,0.0409633590419034,0,0.0011221029365248054,-0.00783072538344781,0.0409633590419034,903_GSL_1
63476,140,2026-02-25 22:31:20.600000+00:00,123928.08782074697,426940.43342169374,7.154388971769491,0.00029701449966523796,-0.0010169831803068519,0.018815265567146966,0,-0.00033000286856649003,-0.0010067623894327391,0.018815265567146966,905_GSL_1
63477,135,2026-02-25 22:31:30.730000+00:00,123855.61450314599,426533.0751452928,6.0651170473045735,0.0008528677572030574,-0.0014896285138092935,0.04391860018621596,0,0.00013061196773109506,-0.0017115247688291482,0.04391860018621596,904_GSL_1
63478,5,2026-02-25 22:31:30.930000+00:00,124424.6193253477,426919.144032722,8.782784787076148,-0.0005599562282441184,-0.0017048067529685795,-0.024459959327721492,11,-0.0017937516520249777,4.870373059954781e-05,-0.024459959327721492,TS4
63479,145,2026-02-25 22:31:36.790000+00:00,124266.92073738329,427056.3159479053,7.127872652463652,0.0024136304564308375,0.0012012976803816855,0.01990571617200576,0,-0.0008657974076441296,0.0025532573207606114,0.01990571617200576,906_GSL_1
63480,136,2026-02-25 22:31:53.180000+00:00,123855.61566586168,426533.07584804384,6.053403553844416,-0.0001042501098709181,0.0017395177274011075,0.03111101140767758,0,-0.0009331234954790346,0.0014717576402165544,0.03111101140767758,904_GSL_1
63481,6,2026-02-25 22:31:53.380000+00:00,124399.0375895199,426925.07692195347,8.58096902633795,-0.001581224481924437,0.0014727385714650154,0.03366233051639256,11,-0.0021567415244927303,-0.00013302540602002107,0.03366233051639256,TS5
63482,66,2026-02-25 22:36:22.930000+00:00,124898.93954098343,426720.770773598,4.11996073984993,0.0019353197421878576,-0.0034315568045713007,0.037674209446165285,0,0.003109483215187579,0.002419123548305954,0.037674209446165285,901_GSL_1
63483,71,2026-02-25 22:36:23.530000+00:00,124806.22140351484,426258.51000510604,4.6200202343375745,-0.0063584206509403884,-0.00510102603584528,0.028516571188307083,0,0.0010383671378361601,0.008085281286370843,0.028516571188307083,903_GSL_1
63484,67,2026-02-25 22:36:39.940000+00:00,123855.61567951085,426533.0759275074,6.055991918841034,-0.002314963290700689,-0.015175197273492813,0.011583770503458268,0,0.010755216622060155,-0.010953126619339174,0.011583770503458268,904_GSL_1
63485,71,2026-02-25 22:36:41.940000+00:00,124806.22141294506,426258.5076423257,4.622521619464205,-0.006348990427795798,-0.0074638063670136034,0.031017956314937756,0,0.003287316414931567,0.009231014880533826,0.031017956314937756,903_GSL_1
63486,68,2026-02-25 22:36:55.740000+00:00,123928.08785349061,426940.4324039085,7.159184059944579,-0.02109687124902848,-0.015331096714362502,0.04037077890435281,0,0.020585511699322198,-0.016011158953688837,0.04037077890435281,905_GSL_1
63487,67,2026-02-25 22:36:58.070000+00:00,123855.61668772457,426533.0714244706,6.061696321195983,-0.0013067495747236535,-0.01967823412269354,0.017288172858407336,0,0.012129628598173998,-0.01555032484255362,0.017288172858407336,904_GSL_1
63488,69,2026-02-25 22:37:12.450000+00:00,124266.92072165235,427056.31612371985,7.129926782714502,-0.021875544305657968,0.0012853358057327569,0.03942541178706982,0,0.016424515464566844,-0.014506095910220227,0.03942541178706982,906_GSL_1
63489,159,2026-02-25 22:37:35.200000+00:00,124421.80842488186,426965.61720683606,5.6201144760359645,0.00047422945499420166,-0.0009670726140029728,0.0308885794863496,0,-0.0009939433464855438,0.00041496944552070155,0.0308885794863496,38a_P9_0
63490,162,2026-02-25 22:37:49.890000+00:00,124402.9976042532,426879.64761114976,6.564285353766798,0.002176124893594533,-0.0001224381267093122,0.01961231047623091,0,0.0003108469669332516,-0.0021572864461036003,0.01961231047623091,34a_P7_0
63491,110,2026-02-25 22:37:51.690000+00:00,124434.14246737956,426963.9333125762,8.774646547957072,0.002381537080509588,0.0012260027579031885,0.023586187699283556,0,0.001694394994057462,0.002074566757745185,0.023586187699283556,35_P9_0
63492,104,2026-02-25 22:38:06.060000+00:00,124389.81652729416,426881.44662579923,10.742057151133404,-0.0005689161189366132,0.0022862310870550573,0.016145283073196737,0,-0.002119205451616936,0.001029313551664363,0.016145283073196737,33_P7_0
63493,111,2026-02-25 22:38:07.350000+00:00,124434.26387742844,426963.9767790104,6.491540853405951,0.0021866691240575165,-0.0012847689795307815,0.030248343791182464,0,-0.0007962789460931218,0.0024079229698808595,0.030248343791182464,36_P9_0
63494,105,2026-02-25 22:38:20.960000+00:00,124389.68767308093,426881.4741322594,7.078395911797688,-0.001012356427963823,0.0021790452301502228,0.016100015074897556,0,-0.0019183995454076657,0.001446667493399838,0.016100015074897556,34_P7_0
63495,176,2026-02-25 22:38:20.990000+00:00,124446.56654843822,427019.0008622604,7.894540473848462,-0.0006976357253734022,-0.002078881661873311,-0.023872449798723494,0,-0.0021801763217871406,-0.00023510800775198215,-0.023872449798723494,41_LHN_0
63496,109,2026-02-25 22:38:33.630000+00:00,124446.5711045634,427018.9674666418,10.374724084015348,0.0020497494260780513,0.0022761732107028365,-0.011101157452619859,0,0.0026632668383032793,0.0015130918487727756,-0.011101157452619859,40_LHN_0
63497,65,2026-02-25 22:38:35.790000+00:00,124370.27529270295,426819.4978209376,9.744694163594655,-0.0031817881972528994,-0.0006364862783811986,0.009314895844202198,0,0.0014503468536633318,0.002902651360190245,0.009314895844202198,30_KW_1
63498,167,2026-02-25 22:38:49.480000+00:00,124669.37573038797,426931.3068810012,13.839814138121454,-0.0005025999853387475,0.0004603840643540025,0.030442173304670916,0,-0.00047913152976985195,-0.0004847609814682086,0.030442173304670916,908_GSL_1
63499,153,2026-02-25 22:38:51.160000+00:00,124370.27541310183,426819.4976858027,9.744813440453749,0.0015742969553684816,-0.0014372945297509432,0.018732963340760023,0,0.0009729298022692808,-0.0018967430160121098,0.018732963340760023,29_KW_1
63500,151,2026-02-25 22:39:06.220000+00:00,124403.03627583354,426812.8405293841,6.5982978628307745,-0.0007095119071891531,0.0028454583371058106,-0.010447439644954315,0,-0.002647404637695295,0.0012614630311497835,-0.010447439644954315,27_KW_1
63501,163,2026-02-25 22:39:07.980000+00:00,124091.05507706193,427154.20660285215,9.882406141641422,-0.028237607490154915,0.0036191503750160336,0.02563606864591428,0,0.0248152537485723,-0.013952200815606117,0.02563606864591428,907_GSL_1
63502,113,2026-02-25 22:39:22.140000+00:00,124414.0802622066,426875.91568301496,7.32627648464287,0.0030275924218585715,0.0004508767742663622,0.02292653951759327,0,-0.0011553486713502378,-0.00283456790112312,0.02292653951759327,32_P7_0
63503,108,2026-02-25 22:39:24.810000+00:00,124422.71207158732,427023.8373597481,10.336214041403945,0.0013467473327182233,-0.0014597466215491295,0.007891557061288523,0,-0.0011056142156560865,0.0016499108410598807,0.007891557061288523,39_LHN_0
63504,177,2026-02-25 22:39:37.900000+00:00,124422.72805870614,427023.8978734027,7.800944659821812,0.0015528690855717286,-0.0015461348230019212,0.007812040088657213,0,-0.0011415540651992682,0.001870505173489393,0.007812040088657213,42_LHN_0
63505,112,2026-02-25 22:39:38.750000+00:00,124413.95418853064,426875.8681142781,10.691866784860846,0.0034539058251539245,0.0008482126868329942,0.02260117794018157,0,-0.0016502642351091065,-0.0031504853856916103,0.02260117794018157,31_P7_0
63506,107,2026-02-25 22:39:51.570000+00:00,124409.9216525331,426969.52637750853,6.305539417550207,0.0008350257994607091,0.0019664554274640977,0.0164590941201741,0,0.0021086257580430236,0.00034338381803091455,0.0164590941201741,38_P9_0
63507,161,2026-02-25 22:39:55+00:00,124402.99238874314,426879.64587432303,6.5721441300402255,0.0009849965426838025,-0.001632563944440335,0.030519809216503546,0,0.0009588437179041201,-0.0016480600554656475,0.030519809216503546,34a_P7_0
63508,106,2026-02-25 22:40:06.040000+00:00,124410.03287686735,426969.45173339796,8.940141455528407,0.0006730491295456886,0.0021720570512115955,0.016254231189876123,0,0.0022701744604944956,0.0001309002804379984,0.016254231189876123,37_P9_0
63509,160,2026-02-25 22:40:21.550000+00:00,124421.81264463758,426965.6188754889,5.612672211549382,0.0014384769456228241,0.00023745023645460606,0.020490981662043772,0,0.0009115222074069935,0.0011378601861760519,0.020490981662043772,38a_P9_0
63510,133,2026-02-25 22:45:21.760000+00:00,124806.22309497156,426258.5110537949,4.617424365365372,0.0011988780315732583,-0.00043001846643164754,0.029267261180806692,0,0.000991941199324881,-0.000798922445011475,0.029267261180806692,903_GSL_1
63511,130,2026-02-25 22:45:22.660000+00:00,124898.93908544315,426720.7689008128,4.120216909091776,0.0007124458934413269,-0.0007758860010653734,0.03015417662158182,0,0.00095664782437031,0.00044091175745060337,0.03015417662158182,901_GSL_1
63512,153,2026-02-25 22:45:38.630000+00:00,124370.27581025338,426819.4975240945,9.744660036852231,0.0019714485097210854,-0.0015990027459338307,0.018579559739242413,0,0.0010245558783183136,-0.00232243498513711,0.018579559739242413,29_KW_1
63513,132,2026-02-25 22:45:40.920000+00:00,124806.22380705793,426258.5089345264,4.618589435345939,0.009672770160250366,0.0037927759694866836,0.03595726113561781,0,0.0015537827635357553,-0.010272944624180776,0.03595726113561781,903_GSL_1
63514,136,2026-02-25 22:45:54.310000+00:00,123855.61585326275,426533.0756286898,6.051723549959869,8.315095328725874e-05,0.0015201636706478894,0.029431007523130326,0,-0.0009567791265502359,0.001184223530245879,0.029431007523130326,904_GSL_1
63515,135,2026-02-25 22:45:57.790000+00:00,123855.6144414871,426533.07476599916,6.0573084155895005,0.0007912088622106239,-0.0018689221469685435,0.036109968471143006,0,0.00039459182821584114,-0.0019907734035232187,0.036109968471143006,904_GSL_1
63516,5,2026-02-25 22:45:57.990000+00:00,124424.61921881998,426919.14362167334,8.788973465573074,-0.0006664839456789196,-0.002115855400916189,-0.018271280830795433,11,-0.002218177762309856,2.7061822333123963e-05,-0.018271280830795433,TS4
63517,140,2026-02-25 22:46:10.320000+00:00,123928.08778693188,426940.4318133748,7.1582826262380745,0.00026319941389374435,-0.002625302120577544,0.022708920035730884,0,-0.0003486242842836834,-0.002615329092904113,0.022708920035730884,905_GSL_1
63518,145,2026-02-25 22:46:26.410000+00:00,124266.92021295057,427056.31588140945,7.128660720688219,0.0018891977379098535,0.0011348018306307495,0.0206937843965731,0,-0.0005405921701750365,0.002136493246718101,0.0206937843965731,906_GSL_1
63519,6,2026-02-25 22:46:26.610000+00:00,124399.03754455301,426925.07690064685,8.570071962456002,-0.0016261913697235286,0.0014514319482259452,0.022765266634444004,11,-0.0021792234921418803,4.6238972644274746e-05,0.022765266634444004,TS5
63520,66,2026-02-25 22:51:23.080000+00:00,124898.93871515046,426720.7682343826,4.126979439771909,0.001109486780478619,-0.005970772181171924,0.04469290936814474,0,0.0033273156173617346,0.005080359449682084,0.04469290936814474,901_GSL_1
63521,71,2026-02-25 22:51:23.200000+00:00,124806.22081344223,426258.50954177557,4.607752517949714,-0.006948493261006661,-0.005564356513787061,0.016248854800446466,0,0.0011261493550732515,0.008830368601641018,0.016248854800446466,903_GSL_1
63522,67,2026-02-25 22:51:39.470000+00:00,123855.61506940382,426533.0764533181,6.041980120655108,-0.0029250703228171915,-0.014649386575911194,-0.0024280276824679703,0,0.010942419316106478,-0.010169760221087457,-0.0024280276824679703,904_GSL_1
63523,71,2026-02-25 22:51:41.020000+00:00,124806.21885869454,426258.50586704287,4.629998290457851,-0.008903240945073776,-0.009239089209586382,0.03849462730858377,0,0.003546943253184488,0.012330760816244176,0.03849462730858377,903_GSL_1
63524,68,2026-02-25 22:51:55.360000+00:00,123928.0875940046,426940.43189055833,7.147746829552801,-0.021356357261538506,-0.015844446897972375,0.028933548512575236,0,0.020828112297039774,-0.01653270187014317,0.028933548512575236,905_GSL_1
63525,67,2026-02-25 22:51:57.660000+00:00,123855.61215168024,426533.07749756495,6.061537003787377,-0.005842793907504529,-0.013605139742139727,0.01712885544980125,0,0.012473543287718988,-0.007978018920642047,0.01712885544980125,904_GSL_1
63526,69,2026-02-25 22:52:12.340000+00:00,124266.92063585208,427056.31634438835,7.118964869988651,-0.021961344580631703,0.001506004307884723,0.028463499061218478,0,0.01664090645582379,-0.01441002904553391,0.028463499061218478,906_GSL_1
63527,159,2026-02-25 22:52:34.760000+00:00,124421.80820090938,426965.61684013886,5.626321498156033,0.00025025696959346533,-0.001333769818302244,0.037095601606417894,0,-0.001346446841970933,0.00016926718757812268,0.037095601606417894,38a_P9_0
63528,162,2026-02-25 22:52:50.310000+00:00,124402.99736358724,426879.6475781412,6.553267630289662,0.001935458931257017,-0.00015544670168310404,0.0085945869990951,0,0.00032284498955730494,-0.0019146634337043294,0.0085945869990951,34a_P7_0
63529,110,2026-02-25 22:52:51.040000+00:00,124434.14237939815,426963.93294874934,8.781100418650704,0.002293555677169934,0.0008621758897788823,0.030040058392915014,0,0.001320226927657135,0.002064157399202746,0.030040058392915014,35_P9_0
63530,104,2026-02-25 22:53:06.510000+00:00,124389.81635144689,426881.4465259446,10.731081747497281,-0.0007447633834090084,0.002186376426834613,0.005169879437074698,0,-0.001985152091880449,0.00118071399974236,0.005169879437074698,33_P7_0
63531,111,2026-02-25 22:53:07.270000+00:00,124434.26368619718,426963.97643162723,6.497616756517855,0.0019954378658439964,-0.0016321521252393723,0.03632424690308689,0,-0.0011761039441983495,0.0022940079225688232,0.03632424690308689,36_P9_0
63532,176,2026-02-25 22:53:21.680000+00:00,124446.56585024863,427019.0007866582,7.900799717954292,-0.0013958253111923113,-0.002154483867343515,-0.017613205692893708,0,-0.0024038934171946996,-0.0009007915812087565,-0.017613205692893708,41_LHN_0
63533,105,2026-02-25 22:53:23.060000+00:00,124389.68770744698,426881.4740937413,7.067504647307603,-0.000977990377577953,0.0021405271254479885,0.005208750584812627,0,-0.0018879429339400534,0.0014049886232989646,0.005208750584812627,34_P7_0
63534,153,2026-02-25 22:53:38.650000+00:00,124370.27551742579,426819.4977230586,9.733515570858572,0.0016786209162091836,-0.0014000385999679565,0.0074350937455829325,0,0.0009095620518334025,-0.001987604874113516,0.0074350937455829325,29_KW_1
63535,109,2026-02-25 22:53:39.030000+00:00,124446.5707184861,427018.9671665415,10.381021037521046,0.0016636721265967935,0.0019760729046538472,-0.004804203946921604,0,0.0022872550980254478,0.0012004720679294407,-0.004804203946921604,40_LHN_0
63536,65,2026-02-25 22:53:54.860000+00:00,124370.2756535755,426819.4976357869,9.73366468533965,-0.002820915644406341,-0.0008216369897127151,-0.0017145824108038,0,0.0015341433511308462,0.0025058045801501826,-0.0017145824108038,30_KW_1
63537,167,2026-02-25 22:53:55.050000+00:00,124669.3756278711,426931.3062108399,13.84643187141188,-0.0006051168602425605,-0.0002097772667184472,0.03705990659509695,0,-0.0006147827843755551,0.0001794854986262589,0.03705990659509695,908_GSL_1
63538,163,2026-02-25 22:54:12.550000+00:00,124091.05489551638,427154.20648511196,9.870913736914053,-0.02841915303724818,0.0035014101886190474,0.014143663918545712,0,0.024890622700743915,-0.014155035649291369,0.014143663918545712,907_GSL_1
63539,151,2026-02-25 22:54:12.950000+00:00,124403.0366965294,426812.83985224017,6.604776684087204,-0.0002888160524889827,0.0021683144150301814,-0.003968618388524803,0,-0.002067500974090467,0.000714452123475021,-0.003968618388524803,27_KW_1
63540,113,2026-02-25 22:54:28.390000+00:00,124414.0803309961,426875.91533808573,7.3322907391633825,0.0030963819299358875,0.0001059475471265614,0.0289407940381059,0,-0.0008365376737479892,-0.002983120959528113,0.0289407940381059,32_P7_0
63541,108,2026-02-25 22:54:29.380000+00:00,124422.71154641408,427023.83749746904,10.325739402971198,0.0008215740963350981,-0.00132202566601336,-0.002583081371458462,0,-0.0010941024530740197,0.0011071023798837729,-0.002583081371458462,39_LHN_0
63542,177,2026-02-25 22:54:43.250000+00:00,124422.72788546287,427023.8977304466,7.7902824374543975,0.0013796258135698736,-0.001689090917352587,-0.0028501822787569964,0,-0.0013209555612364113,0.0017353593050979206,-0.0028501822787569964,42_LHN_0
63543,112,2026-02-25 22:54:44.050000+00:00,124413.9542293913,426875.86783398973,10.69833774528953,0.003494766482617706,0.0005679242894984782,0.029072138368865907,0,-0.0013879029817364028,-0.0032572467023419776,0.029072138368865907,31_P7_0
63544,107,2026-02-25 22:54:57.120000+00:00,124409.92143092238,426969.5264007111,6.294666887078846,0.0006134150753496215,0.0019896579906344414,0.005586563648813048,0,0.0020784569566379353,0.00012261180108389405,0.005586563648813048,38_P9_0
63545,161,2026-02-25 22:55:01.050000+00:00,124402.99235767612,426879.64538652444,6.577946176003426,0.0009539295278955251,-0.0021203625365160406,0.03632185517970399,0,0.0014016122499528043,-0.0018551015959332128,0.03632185517970399,34a_P7_0
63546,106,2026-02-25 22:55:12.190000+00:00,124410.03287334411,426969.4517493181,8.929740444422894,0.0006695258925901726,0.0021879771957173944,0.0058532200843632864,0,0.002284780054274298,0.00012364963978255965,0.0058532200843632864,37_P9_0
63547,160,2026-02-25 22:55:28.330000+00:00,124421.812705599,426965.61895913037,5.601666657407474,0.001499438367318362,0.00032109173480421305,0.009485427520135481,0,0.0010143027391194715,0.001150045769941645,0.009485427520135481,38a_P9_0
63548,133,2026-02-25 23:00:22.440000+00:00,124806.22372311952,426258.5114805887,4.61017463837066,0.0018270259897690266,-3.224646206945181e-06,0.022017534186094423,0,0.0009551800344555992,-0.001557454804291942,0.022017534186094423,903_GSL_1
63549,130,2026-02-25 23:00:22.890000+00:00,124898.93974685964,426720.77047757717,4.1254680814890765,0.0013738623820245266,0.0008008783916011453,0.03540534901888215,0,0.0009584632194396529,-0.0012689571702217215,0.03540534901888215,901_GSL_1
63550,153,2026-02-25 23:00:39.280000+00:00,124370.27566308226,426819.4975849863,9.733992588687139,0.001824277380364947,-0.0015381108969449997,0.00791211157415006,0,0.0010044915958682303,-0.002164432887765809,0.00791211157415006,29_KW_1
63551,136,2026-02-25 23:00:54.780000+00:00,123855.61579002975,426533.0753987204,6.037354901951262,1.9917963072657585e-05,0.0012901942827738822,0.015062359514523393,0,-0.0007709572831408929,0.001034709079948267,0.015062359514523393,904_GSL_1
63552,135,2026-02-25 23:01:03.190000+00:00,123855.61635588792,426533.07118440437,6.065470719684554,0.0027056096878368407,-0.005450516939163208,0.04427227256619659,0,0.000821327739901763,-0.00602941783513877,0.04427227256619659,904_GSL_1
63553,140,2026-02-25 23:01:11.670000+00:00,123928.0876466954,426940.43200986827,7.148152837000509,0.00012296294153202325,-0.002428808656986803,0.01257913079816575,0,-0.00020205825367726203,-0.00242351064354278,0.01257913079816575,905_GSL_1
63554,132,2026-02-25 23:01:22.460000+00:00,124806.22425426063,426258.5088009887,4.622335546524927,0.010119972852407955,0.0036592382821254432,0.03970337231460608,0,0.0018930988543441188,-0.010593396625564784,0.03970337231460608,903_GSL_1
63555,5,2026-02-25 23:01:22.660000+00:00,124424.61930499076,426919.14397436497,8.781511965439536,-0.0005803131643915549,-0.001763163774739951,-0.025732780964332846,11,-0.0018560562148610298,-2.3773779613660315e-05,-0.025732780964332846,TS4
63556,145,2026-02-25 23:01:28.560000+00:00,124266.92024326796,427056.31572604756,7.1180353402529795,0.0019195151253370568,0.0009794399375095963,0.010068403961333239,0,-0.0006715900641200017,0.0020476346581755813,0.010068403961333239,906_GSL_1
63557,6,2026-02-25 23:01:28.760000+00:00,124399.03763885502,426925.0770350047,8.5697634355689,-0.0015318893565563485,0.0015857897815294564,0.022456739747342525,11,-0.0021988257306039386,-0.00016303262976447293,0.022456739747342525,TS5
63558,66,2026-02-25 23:06:21.400000+00:00,124898.93928472244,426720.76981746504,4.116346178994153,0.0016790587542345747,-0.004387689754366875,0.03405964859038857,0,0.0032419761779406424,0.003400095607834166,0.03405964859038857,901_GSL_1
63559,71,2026-02-25 23:06:23.810000+00:00,124806.2207121904,426258.50972748717,4.608279150989528,-0.007049745079712011,-0.005378644913434982,0.016775487840260617,0,0.00091488721432865,0.008819960781024011,0.016775487840260617,903_GSL_1
63560,71,2026-02-25 23:06:39.100000+00:00,124806.21642856004,426258.5044418847,4.61903166897215,-0.01133337544160895,-0.010664247383829206,0.02752800582288284,0,0.003565482218393999,0.015147901099303796,0.02752800582288284,903_GSL_1
63561,67,2026-02-25 23:06:40.270000+00:00,123855.61449723387,426533.0776091078,6.039804393311572,-0.003497240279102698,-0.013493596925400198,-0.004603755026003853,0,0.010730307106317992,-0.008897660195750877,-0.004603755026003853,904_GSL_1
63562,67,2026-02-25 23:06:55.700000+00:00,123855.61464090706,426533.07430945506,6.053942334531259,-0.0033535670809214935,-0.016793249640613794,0.00953418619368307,0,0.012203631546809503,-0.01201378469625336,0.00953418619368307,904_GSL_1
63563,68,2026-02-25 23:06:56.410000+00:00,123928.08789603985,426940.43385034596,7.148056804378292,-0.021054322001873516,-0.013884659274481237,0.029243523338066346,0,0.020590174316963052,-0.014564098314831858,0.029243523338066346,905_GSL_1
63564,69,2026-02-25 23:07:12.480000+00:00,124266.92079419275,427056.3162563142,7.118375976404125,-0.021803003910463303,0.0014179301797412336,0.027874605476692516,0,0.016466516579981723,-0.01436089611533647,0.027874605476692516,906_GSL_1
63565,159,2026-02-25 23:07:33.130000+00:00,124421.8084072305,426965.6171040599,5.618924297011546,0.0004565780982375145,-0.0010698487749323249,0.02969840046193095,0,-0.0010954659294123497,0.0003911449328715875,0.02969840046193095,38a_P9_0
63566,110,2026-02-25 23:07:49.650000+00:00,124434.14253838987,426963.93323484657,8.773677016498386,0.002452547400025651,0.0011482731206342578,0.022616656240597166,0,0.0016331295789993488,0.002160186956525089,0.022616656240597166,35_P9_0
63567,162,2026-02-25 23:07:49.790000+00:00,124402.99770402315,426879.64768659783,6.552894170685679,0.002275894832564518,-4.699005512520671e-05,0.008221127395112049,0,0.0002443399394969315,-0.0022632285231812496,0.008221127395112049,34a_P7_0
63568,104,2026-02-25 23:08:05.290000+00:00,124389.81654242241,426881.4467463594,10.730857202733956,-0.0005537878605537117,0.0024067912600003183,0.0049453346737493575,0,-0.002240287911281324,0.0010394398675620145,0.0049453346737493575,33_P7_0
63569,111,2026-02-25 23:08:06.180000+00:00,124434.263859355,426963.9767746373,6.490331967859167,0.0021685956744477153,-0.0012891420628875494,0.029039458244398908,0,-0.0008043540012832792,0.0023911731635661367,0.029039458244398908,36_P9_0
63570,176,2026-02-25 23:08:19.780000+00:00,124446.56624035673,427019.0010246748,7.893711581447857,-0.0010057172185042873,-0.001916467270348221,-0.024701342199328735,0,-0.0020876827042080894,-0.0005708720070754571,-0.024701342199328735,41_LHN_0
63571,105,2026-02-25 23:08:20.250000+00:00,124389.68789322452,426881.47421345365,7.067051911981227,-0.0007922128424979746,0.002260239503812045,0.004756015258436719,0,-0.0020439389553799877,0.0012484379636535426,0.004756015258436719,34_P7_0
63572,109,2026-02-25 23:08:32.820000+00:00,124446.57132136439,427018.96719834814,10.373713416552611,0.0022665504220640287,0.002007879549637437,-0.01211182491535645,0,0.0024477935735534207,0.0017824527266891085,-0.01211182491535645,40_LHN_0
63573,65,2026-02-25 23:08:35.250000+00:00,124370.27549886057,426819.4977848736,9.733239693781803,-0.002975630573928356,-0.0006725502898916602,-0.0021395739686500548,0,0.0014309612141716695,0.002694262646526299,-0.0021395739686500548,30_KW_1
63574,167,2026-02-25 23:08:48.730000+00:00,124669.37572904295,426931.3064566269,13.838501462171859,-0.0005039450043113902,3.600976197049022e-05,0.02912949735507553,0,-0.0005015367716568127,-6.097652830098307e-05,0.02912949735507553,908_GSL_1
63575,153,2026-02-25 23:08:50.290000+00:00,124370.27554530044,426819.4978795244,9.733571037734283,0.0017064955609384924,-0.0012435727985575795,0.007490560621294051,0,0.0007512703993840107,-0.0019733710223433652,0.007490560621294051,29_KW_1
63576,151,2026-02-25 23:09:05.490000+00:00,124403.03669793058,426812.84032083297,6.597479219361766,-0.00028741486312355846,0.0026369072147645056,-0.011266083113962821,0,-0.0025270040542438353,0.0008063110272448571,-0.011266083113962821,27_KW_1
63577,163,2026-02-25 23:09:06.890000+00:00,124091.05509341037,427154.20683777775,9.871432983274762,-0.028221259053680114,0.00385407597059384,0.014662910279254149,0,0.02494237551643806,-0.013753954622544817,0.014662910279254149,907_GSL_1
63578,113,2026-02-25 23:09:21.940000+00:00,124414.08042647704,426875.91564097424,7.324711764348914,0.0031918628665152937,0.0004088360583409667,0.021361819223637113,0,-0.001153424132044847,-0.00300412187716404,0.021361819223637113,32_P7_0
63579,108,2026-02-25 23:09:24.150000+00:00,124422.71192326907,427023.83757346217,10.324903894195058,0.001198429090436548,-0.0012460325378924608,-0.003418590147598266,0,-0.0009323599057030449,0.0014558620733190035,-0.003418590147598266,39_LHN_0
63580,177,2026-02-25 23:09:37.290000+00:00,124422.72786088985,427023.89814913686,7.7898147063177525,0.001355052794679068,-0.0012704006512649357,-0.0033179134154019962,0,-0.0009195290182327427,0.0016138625330956332,-0.0033179134154019962,42_LHN_0
63581,112,2026-02-25 23:09:37.400000+00:00,124413.95410156641,426875.8681387934,10.690932008398637,0.003366941600688733,0.0008727279491722584,0.021666401477972386,0,-0.0016532512377957526,-0.0030601813933885742,0.021666401477972386,31_P7_0
63582,107,2026-02-25 23:09:51.020000+00:00,124409.92159953385,426969.52648226765,6.294689202218157,0.0007820265454938635,0.002071214548777789,0.005608878788123661,0,0.002197774057551036,0.00026699141724314065,0.005608878788123661,38_P9_0
63583,161,2026-02-25 23:09:54.340000+00:00,124402.99228385343,426879.64576842985,6.57050819000297,0.000880106832482852,-0.0017384571256116033,0.028883869179248123,0,0.001102101026406542,-0.0016069208262283498,0.028883869179248123,34a_P7_0
63584,106,2026-02-25 23:10:05.660000+00:00,124410.0327828331,426969.4518236558,8.929775490632773,0.0005790148861706257,0.0022623148979619145,0.005888266294242328,0,0.002335167193594004,1.7919651500891158e-05,0.005888266294242328,37_P9_0
63585,160,2026-02-25 23:10:20.930000+00:00,124421.81258663391,426965.61908588646,5.601187749053984,0.001380473273457028,0.0004478478222154081,0.009006519166645077,0,0.0010665524729951135,0.0009842458803267877,0.009006519166645077,38a_P9_0
63586,133,2026-02-25 23:15:21.370000+00:00,124806.22531460783,426258.51267220697,4.605578561661182,0.0034185143013019115,0.001188393624033779,0.017421457476616276,0,0.0007679262088946626,-0.0035367794349580955,0.017421457476616276,903_GSL_1
63587,130,2026-02-25 23:15:23.830000+00:00,124898.93939759274,426720.77005870215,4.117564184214318,0.0010245954763377085,0.00038200337439775467,0.027501451744123884,0,0.0007978614835263932,-0.0007477563248064373,0.027501451744123884,901_GSL_1
63588,153,2026-02-25 23:15:38.980000+00:00,124370.27573401593,426819.49766845984,9.733191827997008,0.001895211054943502,-0.001454637385904789,0.007111350884018819,0,0.0009053067538638828,-0.0022109306973897708,0.007111350884018819,29_KW_1
63589,132,2026-02-25 23:15:42.240000+00:00,124806.22353751842,426258.50866468664,4.618872251519494,0.009403230651514605,0.0035229361965321004,0.03624007730917267,0,0.001652628638800106,-0.009904576957782577,0.03624007730917267,903_GSL_1
63590,136,2026-02-25 23:15:54.680000+00:00,123855.61587790611,426533.075793536,6.0377970101625476,0.00010779431613627821,0.001685009861830622,0.015504467725809157,0,-0.001073205409628083,0.0013034983689298417,0.015504467725809157,904_GSL_1
63591,135,2026-02-25 23:15:59.670000+00:00,123855.61528100328,426533.07318603614,6.054213248190823,0.0016307250480167568,-0.003448885167017579,0.033014801072465794,0,0.0005869704763158592,-0.003769554182849301,0.033014801072465794,904_GSL_1
63592,5,2026-02-25 23:15:59.870000+00:00,124424.61939343902,426919.1442366321,8.788830529424882,-0.0004918649065075442,-0.001500896643847227,-0.018414216978987596,11,-0.001579435891916788,2.0211606974937015e-06,-0.018414216978987596,TS4
63593,140,2026-02-25 23:16:10.560000+00:00,123928.0878513971,426940.43230206857,7.146123181997302,0.00032766463118605316,-0.0021366083528846502,0.01054947579495824,0,-0.00039712707008973723,-0.002124793979271565,0.01054947579495824,905_GSL_1
63594,145,2026-02-25 23:16:26.870000+00:00,124266.92037811836,427056.31612252106,7.118490420765989,0.002054365526419133,0.0013759134453721344,0.010523484474342482,0,-0.0004878550871046717,0.0024239539886889913,0.010523484474342482,906_GSL_1
63595,6,2026-02-25 23:16:27.070000+00:00,124399.03761335708,426925.0768893663,8.570256528612772,-0.001557387295179069,0.001440151419956237,0.02294983279121432,11,-0.00211783027107256,0.00011952507065828866,0.02294983279121432,TS5
63596,66,2026-02-25 23:21:23.120000+00:00,124898.93889360562,426720.7689971369,4.126452183431872,0.0012879419373348355,-0.00520801788661629,0.0441656530281076,0,0.003197659709623852,0.004307808854012596,0.0441656530281076,901_GSL_1
63597,71,2026-02-25 23:21:23.680000+00:00,124806.22205929358,426258.5102607803,4.606042335068331,-0.005702641909010708,-0.00484535179566592,0.01453867191906344,0,0.0011620448849681217,0.007392375156300421,0.01453867191906344,903_GSL_1
63598,67,2026-02-25 23:21:39.820000+00:00,123855.61570003488,426533.0755858808,6.04090002376764,-0.0022944392694626004,-0.015516823914367706,-0.0035081245699357666,0,0.010938427510783078,-0.011242200831780649,-0.0035081245699357666,904_GSL_1
63599,71,2026-02-25 23:21:42.260000+00:00,124806.22116468495,426258.50757094705,4.624927713058881,-0.006597250539925881,-0.007535185024607927,0.03342404990961345,0,0.0032249488435289134,0.009481689353604104,0.03342404990961345,903_GSL_1
63600,68,2026-02-25 23:21:55.710000+00:00,123928.08781618444,426940.431883029,7.146881133749613,-0.021134177412022837,-0.015851976233534515,0.02806785270938672,0,0.020605804761477164,-0.016532979632337432,0.02806785270938672,905_GSL_1
63601,67,2026-02-25 23:21:59.780000+00:00,123855.61491045145,426533.0741296753,6.060840893083949,-0.003084022697294131,-0.016973029414657503,0.016432744746373018,0,0.012081519773106175,-0.01231388661147644,0.016432744746373018,904_GSL_1
63602,69,2026-02-25 23:22:12.080000+00:00,124266.92031926016,427056.3158799201,7.119668295398047,-0.022277936499449424,0.0010415360447950661,0.029166924470614752,0,0.016538143310094403,-0.014962655775659882,0.029166924470614752,906_GSL_1
63603,159,2026-02-25 23:22:37.820000+00:00,124421.80835302026,426965.6173063993,5.626226812301198,0.00040236784843727946,-0.0008675093995407224,0.03700091575158293,0,-0.0008902231943494024,0.0003492493493049001,0.03700091575158293,38a_P9_0
63604,162,2026-02-25 23:22:49.720000+00:00,124402.99748872536,426879.64751833625,6.553524191692743,0.002060597049421631,-0.0002152516390196979,0.008851148402175824,0,0.00039328238124369195,-0.00203413923731614,0.008851148402175824,34a_P7_0
63605,110,2026-02-25 23:22:54+00:00,124434.14256772705,426963.9334074339,8.78092331321814,0.0024818845704430714,0.0013208604650571942,0.02986295296035202,0,0.001808043393929037,0.0021529984846311583,0.02986295296035202,35_P9_0
63606,104,2026-02-25 23:23:05.310000+00:00,124389.81643400011,426881.44668567384,10.731678592850216,-0.00066221016459167,0.0023461056989617646,0.005766724790008837,0,-0.002158496542206604,0.0011329726078204757,0.005766724790008837,33_P7_0
63607,111,2026-02-25 23:23:09.440000+00:00,124434.26383879749,426963.9768598453,6.497735102103073,0.002148038169252686,-0.0012039340799674392,0.036442592488304726,0,-0.0007253748444709268,0.0023531588515190074,0.036442592488304726,36_P9_0
63608,105,2026-02-25 23:23:21.180000+00:00,124389.68774239597,426881.4740419822,7.0675897563965195,-0.0009430413920199499,0.0020887680584564805,0.0052938596737295285,0,-0.0018446583768142316,0.0013599685812326933,0.0052938596737295285,34_P7_0
63609,176,2026-02-25 23:23:23.910000+00:00,124446.5666763829,427019.00126124953,7.900974447524818,-0.0005696910375263542,-0.0016798925353214145,-0.017438476122367597,0,-0.0017630232241199941,-0.0001957956068965916,-0.017438476122367597,41_LHN_0
63610,153,2026-02-25 23:23:35.890000+00:00,124370.27512698898,426819.4976301433,9.733750734845268,0.001288184110308066,-0.00149295391747728,0.00767025773227914,0,0.0011018391749191424,-0.00163532263922886,0.00767025773227914,29_KW_1
63611,109,2026-02-25 23:23:38.010000+00:00,124446.57102423516,427018.9676578504,10.380402256002641,0.0019694211950991303,0.0024673818261362612,-0.005422985465326491,0,0.002832762376305318,0.0013935746262910525,-0.005422985465326491,40_LHN_0
63612,65,2026-02-25 23:23:50.940000+00:00,124370.27536507191,426819.4977217809,9.733843464563988,-0.00310941923817154,-0.0007356429705396295,-0.001535803186465401,0,0.0015269985217166069,0.0028067657710416356,-0.001535803186465401,30_KW_1
63613,167,2026-02-25 23:23:54.480000+00:00,124669.37579011945,426931.3070971135,13.846235128700403,-0.00044286850607022643,0.0006764963618479669,0.036863163883619876,0,-0.0004087484766161907,-0.0006976421175118035,0.036863163883619876,908_GSL_1
63614,163,2026-02-25 23:24:07.680000+00:00,124091.05568049672,427154.20735074894,9.871442679833919,-0.027634172700345516,0.004367047164123505,0.01467260683841154,0,0.02477756158194426,-0.01299196073805491,0.01467260683841154,907_GSL_1
63615,151,2026-02-25 23:24:11.680000+00:00,124403.03623124765,426812.840639394,6.605059866309855,-0.0007540977967437357,0.002955468255095184,-0.003685436165874023,0,-0.002746343977578649,0.001327045911318297,-0.003685436165874023,27_KW_1
63616,108,2026-02-25 23:24:24.340000+00:00,124422.71249459039,427023.8373911076,10.325199860565412,0.0017697504081297666,-0.001428387127816677,-0.003122623777244371,0,-0.0009765187553658908,0.002053951658244785,-0.003122623777244371,39_LHN_0
63617,113,2026-02-25 23:24:26.890000+00:00,124414.0800731536,426875.91604848887,7.332444304142585,0.0028385394252836704,0.0008163506863638759,0.029094359017308058,0,-0.001465626727089493,-0.002564307471591007,0.029094359017308058,32_P7_0
63618,177,2026-02-25 23:24:37.370000+00:00,124422.72798112893,427023.8978660847,7.790353420928339,0.0014752918796148151,-0.0015534528065472841,-0.002779198804815586,0,-0.0011667548502906234,0.0017967706786204945,-0.002779198804815586,42_LHN_0
63619,112,2026-02-25 23:24:42.720000+00:00,124413.95407252951,426875.8684362856,10.698392696488124,0.0033379046944901347,0.001170220144558698,0.02912708956746002,0,-0.001935147458689215,-0.002960781526786286,0.02912708956746002,31_P7_0
63620,107,2026-02-25 23:24:50.910000+00:00,124409.92151096945,426969.5264375684,6.29483875728504,0.0006934621487744153,0.0020265153143554926,0.005758433855007183,0,0.0021332940987695624,0.00019159947613480328,0.005758433855007183,38_P9_0
63621,161,2026-02-25 23:24:59.080000+00:00,124402.99248335019,426879.64608403156,6.57782689391529,0.0010796035930979997,-0.0014228554209694266,0.03620257309156827,0,0.0007294689984608829,-0.0016303178976802876,0.03620257309156827,34a_P7_0
63622,106,2026-02-25 23:25:05.700000+00:00,124410.0329426308,426969.45173934597,8.92974879171615,0.000738812581403181,0.002178005059249699,0.005861567377619892,0,0.002291764268696008,0.0001933044367963896,0.005861567377619892,37_P9_0
63623,160,2026-02-25 23:25:21.090000+00:00,124421.8126834852,426965.6188584029,5.60150174999653,0.0014773245638934895,0.0002203642507083714,0.009320520109191044,0,0.0009156504097349253,0.0011800985540308124,0.009320520109191044,38a_P9_0
63624,133,2026-02-25 23:30:22.060000+00:00,124806.22361246025,426258.5112118173,4.605663310696723,0.001716366721666418,-0.00027199601754546165,0.017506206512157618,0,0.0011268556976406555,-0.0013229107277134425,0.017506206512157618,903_GSL_1
63625,130,2026-02-25 23:30:22.970000+00:00,124898.93909093249,426720.76925762394,4.124416442154171,0.0007179352251114324,-0.00041907484410330653,0.034353709683976774,0,0.0008240387577677148,0.00010961221698631511,0.034353709683976774,901_GSL_1
63626,153,2026-02-25 23:30:38.940000+00:00,124370.27516260557,426819.4976224201,9.733930361672048,0.001323800694081001,-0.0015006771427579224,0.007849884559059106,0,0.001099928598141152,-0.001671716855043539,0.007849884559059106,29_KW_1
63627,132,2026-02-25 23:30:41.460000+00:00,124806.2222532988,426258.5080155828,4.6266653644496465,0.00811901102133561,0.0028738323599100113,0.04403319023932539,0,0.001572371820502794,-0.008467874541791686,0.04403319023932539,903_GSL_1
63628,136,2026-02-25 23:30:54.510000+00:00,123855.61491316235,426533.0768556484,6.039658982790849,-0.0008569494384573773,0.002747122314758599,0.0173664403541105,0,-0.0009121560098037135,0.0027292883259370055,0.0173664403541105,904_GSL_1
63629,135,2026-02-25 23:30:59.210000+00:00,123855.61348650146,426533.0760720795,6.057752619701175,-0.0001637767709325999,-0.0005628418293781579,0.036554172582817124,0,0.0004515382565748546,-0.0003738006934774217,0.036554172582817124,904_GSL_1
63630,5,2026-02-25 23:30:59.410000+00:00,124424.61940299717,426919.143951927,8.790869606886726,-0.0004823067574761808,-0.0017856017220765352,-0.016375139517142756,11,-0.0018470081795939094,9.7745090429488e-05,-0.016375139517142756,TS4
63631,140,2026-02-25 23:31:10.430000+00:00,123928.08784690833,426940.4328817809,7.147490329319795,0.00032317586010321975,-0.0015568960225209594,0.01191662311745123,0,-0.00037374713198250534,-0.0015455358109179777,0.01191662311745123,905_GSL_1
63632,145,2026-02-25 23:31:27.410000+00:00,124266.92064843493,427056.3161354444,7.119224776198945,0.0023246820928761736,0.0013888367684558034,0.011257839907298894,0,-0.0006705273146946579,0.0026236248822196885,0.011257839907298894,906_GSL_1
63633,6,2026-02-25 23:31:27.610000+00:00,124399.03759204471,426925.0768812243,8.569911128168465,-0.0015786996664246544,0.0014320093905553222,0.0226044323469079,11,-0.002131320114257327,2.0447541907919406e-05,0.0226044323469079,TS5
63634,66,2026-02-25 23:36:23.050000+00:00,124898.93991635561,426720.77076845034,4.127546156237325,0.0023106919252313673,-0.003436704457271844,0.04525962583356069,0,0.0034577751741148187,0.002279040487845015,0.04525962583356069,901_GSL_1
63635,71,2026-02-25 23:36:23.480000+00:00,124806.22209945496,426258.51036708616,4.6026204174518455,-0.005662480529281311,-0.004739045922178775,0.01111675430257808,0,0.0010922629485715307,0.0073026846877149955,0.01111675430257808,903_GSL_1
63636,67,2026-02-25 23:36:39.590000+00:00,123855.61532350063,426533.0762407693,6.040607078893535,-0.0026709735102485865,-0.014861935400404036,-0.0038010694440409054,0,0.010860684996693636,-0.010490793332290273,-0.0038010694440409054,904_GSL_1
63637,71,2026-02-25 23:36:41.290000+00:00,124806.22130889047,426258.5072359762,4.628959397434323,-0.006453045018133707,-0.007870155852288008,0.03745573428505544,0,0.003587133788113412,0.009524369497848063,0.03745573428505544,903_GSL_1
63638,68,2026-02-25 23:36:55.550000+00:00,123928.08795852964,426940.43234893377,7.147157585062369,-0.020991832221625373,-0.015386071463581175,0.028344304022143163,0,0.020478733806814257,-0.01606267962616882,0.028344304022143163,905_GSL_1
63639,67,2026-02-25 23:36:58.390000+00:00,123855.61748934582,426533.0700527277,6.0636565208132955,-0.0005051283224020153,-0.021049976989161223,0.019248372475719755,0,0.012236434101772685,-0.017135529356844634,0.019248372475719755,904_GSL_1
63640,69,2026-02-25 23:37:12.300000+00:00,124266.92052024686,427056.31609191786,7.118993013543336,-0.022076949797337875,0.0012535338173620403,0.028491642615903423,0,0.016544977189978206,-0.014670609706775922,0.028491642615903423,906_GSL_1
63641,159,2026-02-25 23:37:35.750000+00:00,124421.80827852125,426965.6173227168,5.628337397232263,0.00032786883821245283,-0.0008511918713338673,0.03911150068264835,0,-0.0008694368007025363,0.0002758717573072183,0.03911150068264835,38a_P9_0
63642,162,2026-02-25 23:37:50.420000+00:00,124402.99748067456,426879.647513232,6.5531364005787704,0.0020525462459772825,-0.00022035586880519986,0.008463357288203355,0,0.00039766958059391546,-0.002025675617038076,0.008463357288203355,34a_P7_0
63643,110,2026-02-25 23:37:51.210000+00:00,124434.14266255974,426963.9333601808,8.782932312577502,0.0025767172628547996,0.0012736073695123196,0.031871952319713515,0,0.001781537964543564,0.002255586412722863,0.031871952319713515,35_P9_0
63644,104,2026-02-25 23:38:05.870000+00:00,124389.81647832431,426881.44659129943,10.730905294835965,-0.0006178859621286392,0.0022517312900163233,0.004993426775758536,0,-0.00207532607067946,0.001070092783356828,0.004993426775758536,33_P7_0
63645,111,2026-02-25 23:38:06.430000+00:00,124434.26399561789,426963.9766432943,6.499723661303818,0.002304858571733348,-0.0014204850303940475,0.03843115168904987,0,-0.0009041157525251613,0.0025520042051889584,0.03843115168904987,36_P9_0
63646,176,2026-02-25 23:38:20.200000+00:00,124446.5667849927,427019.0008554078,7.903353737785624,-0.00046108124661259353,-0.0020857342751696706,-0.01505918586156163,0,-0.002136089096283982,-2.599102163463272e-06,-0.01505918586156163,41_LHN_0
63647,105,2026-02-25 23:38:20.850000+00:00,124389.68768798493,426881.4740394597,7.0672872396413435,-0.000997452429146506,0.0020862455712631345,0.004991342918553521,0,-0.001830786004101401,0.0014126409802960311,0.004991342918553521,34_P7_0
63648,65,2026-02-25 23:38:35.650000+00:00,124370.2753404129,426819.4976097729,9.733395754575735,-0.00313407824432943,-0.0008476509829051793,-0.001983513174717899,0,0.0016415492884568033,0.0028011202337575804,-0.001983513174717899,30_KW_1
63649,109,2026-02-25 23:38:36.600000+00:00,124446.57191625964,427018.9671654287,10.383297489668973,0.002861445667804219,0.0019749600905925035,-0.002527751798995226,0,0.0025433995352907167,0.0023705394898865632,-0.002527751798995226,40_LHN_0
63650,153,2026-02-25 23:38:50.770000+00:00,124370.2756271464,426819.4975853614,9.73356596766081,0.0017883415275719017,-0.0015377358067780733,0.0074854905478218825,0,0.0010135748115875102,-0.002129662633376695,0.0074854905478218825,29_KW_1
63651,167,2026-02-25 23:38:53.030000+00:00,124669.37600266688,426931.30661373545,13.84862133017931,-0.0002303210785612464,0.00019311829237267375,0.03924936536252588,0,-0.00022045262068148827,-0.00020431132154928954,0.03924936536252588,908_GSL_1
63652,163,2026-02-25 23:39:07.640000+00:00,124091.05501676642,427154.20655963273,9.871668207038725,-0.028297903001657687,0.0035759309539571404,0.014898134043217937,0,0.024837828480992162,-0.014022869635973606,0.014898134043217937,907_GSL_1
63653,151,2026-02-25 23:39:10.610000+00:00,124403.03662425959,426812.8403352381,6.6067401193789586,-0.0003610858548199758,0.0026513123302720487,-0.0020051830967702244,0,-0.0025264626844260984,0.000881377541922952,-0.0020051830967702244,27_KW_1
63654,108,2026-02-25 23:39:24.570000+00:00,124422.71163622152,427023.8373636247,10.325659003291165,0.0009113815322052687,-0.0014558699913322926,-0.002663481051492056,0,-0.0012033266492923339,0.0012256340008377693,-0.002663481051492056,39_LHN_0
63655,113,2026-02-25 23:39:25.450000+00:00,124414.08045590798,426875.9157286434,7.334354164461339,0.003221293809474446,0.0004965052357874811,0.031004219336062455,0,-0.0012455769094862755,-0.0030119411379835076,0.031004219336062455,32_P7_0
63656,177,2026-02-25 23:39:37.560000+00:00,124422.72783405677,427023.8979399707,7.79006650101529,0.0013282197178341448,-0.0014795667957514524,-0.003066118717864441,0,-0.001129187669414343,0.0016365270328278234,-0.003066118717864441,42_LHN_0
63657,112,2026-02-25 23:39:40.440000+00:00,124413.95410747097,426875.8681353599,10.700205928056029,0.003372846156707965,0.0008692944538779557,0.030940321135364712,0,-0.001651337742915686,-0.0030667324146695274,0.030940321135364712,31_P7_0
63658,107,2026-02-25 23:39:51.100000+00:00,124409.92143267173,426969.5262876307,6.294471341078832,0.0006151644338387996,0.0018765776185318828,0.0053910176487992345,0,0.0019690371334921773,0.0001512071624094305,0.0053910176487992345,38_P9_0
63659,161,2026-02-25 23:39:56.960000+00:00,124402.99240951386,426879.6457218637,6.580026373417972,0.0010057672625407577,-0.0017850232543423772,0.038402052594250335,0,0.0010825866087709449,-0.001739506263125145,0.038402052594250335,34a_P7_0
63660,106,2026-02-25 23:40:05.580000+00:00,124410.03277069064,426969.4516160427,8.929149411329712,0.0005668724188581109,0.00205470179207623,0.00526218699118175,0,0.0021307276855288514,5.606535243963408e-05,0.00526218699118175,37_P9_0
63661,160,2026-02-25 23:40:21.130000+00:00,124421.81257918042,426965.618676277,5.601282786097169,0.0013730197824770585,3.8238358683884144e-05,0.009101556209830441,0,0.0007057786974120824,0.0011783556022812005,0.009101556209830441,38a_P9_0
63662,130,2026-02-25 23:45:23.020000+00:00,124898.93894452511,426720.76858943136,4.126905093196548,0.0005715278530260548,-0.00108726741746068,0.03684236072635372,0,0.0009467864171164687,0.0007825535152434933,0.03684236072635372,901_GSL_1
63663,133,2026-02-25 23:45:23.620000+00:00,124806.22322547097,426258.51102582284,4.597670502333072,0.0013293774391058832,-0.0004579905071295798,0.009513398148506269,0,0.0010838411267126318,-0.0008957053601887279,0.009513398148506269,903_GSL_1
63664,153,2026-02-25 23:45:41.060000+00:00,124370.27551500984,426819.49766135175,9.732986685147983,0.0016762049635872245,-0.001461745472624898,0.006906208034994421,0,0.0009697330622113465,-0.002001494615218347,0.006906208034994421,29_KW_1
63665,132,2026-02-25 23:45:42.970000+00:00,124806.2169534539,426258.5047246846,4.628243732678532,0.0028191661258460954,-0.0004170658648945391,0.0456115584682113,0,0.0017712155636856633,-0.00223258527446008,0.0456115584682113,903_GSL_1
63666,136,2026-02-25 23:45:56.730000+00:00,123855.61509286475,426533.07639764226,6.03935508242569,-0.0006772470369469374,0.0022891161497682333,0.017062539988951464,0,-0.0007899488966737223,0.0022527088220245235,0.017062539988951464,904_GSL_1
63667,135,2026-02-25 23:46:00.610000+00:00,123855.61152113257,426533.0788761558,6.0598041052138445,-0.0021291456650942564,0.002241234469693154,0.038605658095486994,0,0.0005035206314267426,0.003050059046159276,0.038605658095486994,904_GSL_1
63668,5,2026-02-25 23:46:00.810000+00:00,124424.61934707616,426919.1434366371,8.791130536892041,-0.0005382277595344931,-0.0023008916177786887,-0.016114209511828292,11,-0.002361637141457315,8.038264730072866e-05,-0.016114209511828292,TS4
63669,140,2026-02-25 23:46:12.630000+00:00,123928.08774676,426940.43181704986,7.14527884093473,0.00022302752768155187,-0.0026216270634904504,0.009705134732386433,0,-0.00030835418685276595,-0.002612965256864254,0.009705134732386433,905_GSL_1
63670,145,2026-02-25 23:46:29.500000+00:00,124266.92031750028,427056.31588260096,7.118521485400588,0.001993747442611493,0.0011359933414496481,0.01055454910894138,0,-0.00061392696927194,0.0022110186369948075,0.01055454910894138,906_GSL_1
63671,6,2026-02-25 23:46:29.700000+00:00,124399.03757124708,426925.07666986476,8.570716774043081,-0.0015994972927728668,0.0012206498649902642,0.023410078221523634,11,-0.0020048190999694677,0.00017052289842157188,0.023410078221523634,TS5
63672,66,2026-02-25 23:51:22.390000+00:00,124898.94068517056,426720.7722630188,4.126196825804524,0.003079506874200888,-0.0019421359756961465,0.0439102954007593,0,0.0035903984927930627,0.0006035672284783616,0.0439102954007593,901_GSL_1
63673,71,2026-02-25 23:51:24.670000+00:00,124806.22128046617,426258.5093191045,4.603003173451075,-0.006481469317805022,-0.005787027592305094,0.011499510301807625,0,0.0015596318773092644,0.008547905081306715,0.011499510301807625,903_GSL_1
63674,67,2026-02-25 23:51:40.770000+00:00,123855.61481064437,426533.07672264765,6.039692005545106,-0.0031838297727517784,-0.014380057051312178,-0.004716142792469569,0,0.010994713879228546,-0.009799953037374869,-0.004716142792469569,904_GSL_1
63675,71,2026-02-25 23:51:40.800000+00:00,124806.2242912683,426258.5083295514,4.624924069377474,-0.0034706671867752448,-0.006776580703444779,0.03342040622820619,0,0.004131945870680292,0.006394888589602372,0.03342040622820619,903_GSL_1
63676,68,2026-02-25 23:51:56.590000+00:00,123928.0877573823,426940.4326220248,7.146652506899026,-0.02119297956232913,-0.015112980443518609,0.027839225858800276,0,0.020688675781349947,-0.01579630510688054,0.027839225858800276,905_GSL_1
63677,67,2026-02-25 23:51:57.710000+00:00,123855.61727139037,426533.06987690274,6.062275439018148,-0.0007230837800307199,-0.02122580196009949,0.017867290680571912,0,0.012515501539097319,-0.017158663707502384,0.017867290680571912,904_GSL_1
63678,69,2026-02-25 23:52:13.470000+00:00,124266.92069362968,427056.31614528113,7.119644369038173,-0.02190356697246898,0.0013068970874883235,0.029142998110740947,0,0.01645957635590363,-0.01451056760774359,0.029142998110740947,906_GSL_1
63679,159,2026-02-25 23:52:34.780000+00:00,124421.80854154566,426965.6165691107,5.628501727372412,0.0005908932507736608,-0.0016047979588620365,0.039275830822797175,0,-0.0016375493752920848,0.0004929131425090282,0.039275830822797175,38a_P9_0
63680,110,2026-02-25 23:52:50.310000+00:00,124434.14270330794,426963.93261988665,8.783312291098676,0.0026174654631176963,0.0005333131994120777,0.03225193084088751,0,0.001065892997518323,0.002449371457562631,0.03225193084088751,35_P9_0
63681,162,2026-02-25 23:52:51.930000+00:00,124402.99734964102,426879.6473951972,6.553886722391794,0.0019215127103962004,-0.0003383907023817301,0.009213679101226724,0,0.0005038879118670357,-0.0018848915979299266,0.009213679101226724,34a_P7_0
63682,111,2026-02-25 23:53:05.410000+00:00,124434.26381149578,426963.97615921,6.500055557328355,0.0021207364625297487,-0.0019045693334192038,0.038763047713586296,0,-0.001416094866794686,0.002473779055926742,0.038763047713586296,36_P9_0
63683,104,2026-02-25 23:53:07.570000+00:00,124389.8163475556,426881.44630848075,10.731864937516269,-0.0007486546674044803,0.001968912605661899,0.00595306945606211,0,-0.001771580609128855,0.0011395625498933683,0.00595306945606211,33_P7_0
63684,176,2026-02-25 23:53:19+00:00,124446.56723718089,427019.0001756441,7.903434608986798,-8.89305374585092e-06,-0.0027654979494400322,-0.014978314660387682,0,-0.002702937517659845,0.0005849673242060474,-0.014978314660387682,41_LHN_0
63685,105,2026-02-25 23:53:23.350000+00:00,124389.68766741194,426881.4738261757,7.068147334943892,-0.001018025417579338,0.0018729615258052945,0.005851438221101901,0,-0.0016179276555454267,0.001388045651052501,0.005851438221101901,34_P7_0
63686,109,2026-02-25 23:53:32.050000+00:00,124446.57199645512,427018.96657416807,10.38323465831223,0.0029416411562124267,0.0013836994767189026,-0.0025905831557384573,0,0.0019831560380066536,0.0025758433692118585,-0.0025905831557384573,40_LHN_0
63687,153,2026-02-25 23:53:38.330000+00:00,124370.27534771123,426819.4973902699,9.734156979756373,0.0015089063526829705,-0.0017328273388557136,0.008076502643383776,0,0.0012752576162424702,-0.001911336438115585,0.008076502643383776,29_KW_1
63688,167,2026-02-25 23:53:48.120000+00:00,124669.37581832169,426931.3057868074,13.84857704658172,-0.00041466626862529665,-0.0006338097737170756,0.03920508176493698,0,-0.00044561301973423104,0.0006124475326411701,0.03920508176493698,908_GSL_1
63689,65,2026-02-25 23:53:53.790000+00:00,124370.27586189576,426819.49740833393,9.734398643436917,-0.002612595388200134,-0.0010490899439901114,-0.0009806243135361825,0,0.0016988514154594207,0.0022450274477647946,-0.0009806243135361825,30_KW_1
63690,151,2026-02-25 23:54:04.940000+00:00,124403.03593739116,426812.84000145184,6.606885692667003,-0.0010479542834218591,0.0023175260866992176,-0.0018596098087257928,0,-0.002062688294014795,0.0014881036067451578,-0.0018596098087257928,27_KW_1
63691,163,2026-02-25 23:54:10.620000+00:00,124091.05554490023,427154.20692699257,9.870992186593512,-0.027769769192673266,0.0039432907942682505,0.014222113598004071,0,0.024633390723928707,-0.013412892482412925,0.014222113598004071,907_GSL_1
63692,113,2026-02-25 23:54:20.260000+00:00,124414.08017610933,426875.9150422501,7.335200382176251,0.0029414951568469405,-0.00018988805823028088,0.031850437050974456,0,-0.0005124396541317075,-0.002902732649295462,0.031850437050974456,32_P7_0
63693,108,2026-02-25 23:54:27.460000+00:00,124422.71184835002,427023.8372041739,10.32618924252569,0.0011235100391786546,-0.001615320798009634,-0.0021332418169670575,0,-0.001308939262103946,0.0014690861434036061,-0.0021332418169670575,39_LHN_0
63694,112,2026-02-25 23:54:35.120000+00:00,124413.95405721401,426875.8674210334,10.700660239169192,0.0033225891966139898,0.00015496794367209077,0.0313946322485279,0,-0.0009457510431743893,-0.003188913450904008,0.0313946322485279,31_P7_0
63695,177,2026-02-25 23:54:40.880000+00:00,124422.72806466398,427023.89771963406,7.790856171002049,0.0015588269307045266,-0.0016999034560285509,-0.0022764487311057735,0,-0.001289698456691808,0.0019121430517914382,-0.0022764487311057735,42_LHN_0
63696,161,2026-02-25 23:54:51.410000+00:00,124402.99241308685,426879.64523156773,6.580278436984125,0.0010093402524944395,-0.002275319246109575,0.03865411616040326,0,0.0015109031939957752,-0.0019781347161898625,0.03865411616040326,34a_P7_0
63697,107,2026-02-25 23:54:54.410000+00:00,124409.9214918345,426969.526162333,6.29532698551318,0.0006743271951563656,0.0017512798658572137,0.006246662083146504,0,0.0018614050878299675,0.00023847312990151145,0.006246662083146504,38_P9_0
63698,106,2026-02-25 23:55:08.980000+00:00,124410.03273800986,426969.4514588695,8.929988613923708,0.0005341916403267533,0.0018975285929627717,0.006101389585177586,0,0.0019703079236729833,6.214624379414402e-05,0.006101389585177586,37_P9_0
63699,160,2026-02-25 23:55:24.810000+00:00,124421.81257779546,426965.61858116544,5.602255337987837,0.0013716348184971139,-5.6873192079365253e-05,0.010074108100498691,0,0.0006221740713719278,0.0012237303870556563,0.010074108100498691,38a_P9_0
63700,130,2026-02-26 00:01:48.580000+00:00,124898.94118536834,426720.7731899088,4.126619453444394,0.002812371079926379,0.0035132100456394255,0.036556720974199486,0,0.0012390469019713116,-0.004326296186197073,0.036556720974199486,901_GSL_1
63701,132,2026-02-26 00:02:07.310000+00:00,124806.22559484586,426258.50925980025,4.624285391997231,0.011460558089311235,0.0041180498083122075,0.04165321778690956,0,0.0021663251134143788,-0.011983729029196529,0.04165321778690956,903_GSL_1
63702,135,2026-02-26 00:02:25.200000+00:00,123855.61594092676,426533.0712269805,6.060495552710291,0.0022906485246494412,-0.0054079408291727304,0.03929710559193378,0,0.0011408037986161796,-0.0057612031181320964,0.03929710559193378,904_GSL_1
63703,5,2026-02-26 00:02:25.400000+00:00,124424.61940912057,426919.1427361251,8.79307297117331,-0.0004761833552038297,-0.0030014036456122994,-0.014171775230559902,11,-0.003030971329312767,0.00021997098115882126,-0.014171775230559902,TS4
63704,153,2026-02-26 00:03:54.400000+00:00,124370.27559090043,426819.4972689952,9.733866589743123,0.0017520955589134246,-0.0018541020108386874,0.007786112630133957,0,0.0013283425522146292,-0.002177851964238188,0.007786112630133957,29_KW_1
63705,136,2026-02-26 00:04:10.140000+00:00,123855.61520218299,426533.075581628,6.03968756060336,-0.000567928800592199,0.0014731019036844373,0.01739501816662159,0,-0.0004012132730103642,0.0015269578418349073,0.01739501816662159,904_GSL_1
63706,140,2026-02-26 00:04:26.140000+00:00,123928.08745492225,426940.43110433914,7.147592798220305,-6.881021545268595e-05,-0.0033343377872370183,0.012019092017961697,0,-3.990195043777342e-05,-0.00333480901394646,0.012019092017961697,905_GSL_1
63707,145,2026-02-26 00:04:42.970000+00:00,124266.92008462522,427056.3157429024,7.119449965727736,0.0017608723865123466,0.0009962947806343436,0.011483029436090142,0,-0.0005471581783321962,0.0019477917700270514,0.011483029436090142,906_GSL_1
63708,133,2026-02-26 00:05:03.120000+00:00,124806.22558600447,426258.5120212552,4.600747555516515,0.003689910940011032,0.0005374418688006699,0.012590451331949026,0,0.0014649113867539081,-0.0034290408478919866,0.012590451331949026,903_GSL_1
63709,6,2026-02-26 00:05:03.320000+00:00,124399.03770128654,426925.07664626034,8.570233198518578,-0.00146945784217678,0.001197045436128974,0.022926502697020013,11,-0.0018943624166098173,-6.0126205836202256e-05,0.022926502697020013,TS5
63710,71,2026-02-26 00:06:20.390000+00:00,124806.22307810026,426258.5104456886,4.600113863088754,-0.00468383522820659,-0.004660443461034447,0.008610199939486307,0,0.0015353606971086357,0.006426563096108362,0.008610199939486307,903_GSL_1
63711,66,2026-02-26 00:06:22.770000+00:00,124898.93932478005,426720.76738802175,4.1279613308393355,0.0017191163642564788,-0.006817133049480617,0.04567480043557115,0,0.004216288391810744,0.005625973363361871,0.04567480043557115,901_GSL_1
63712,67,2026-02-26 00:06:37.830000+00:00,123855.6158336559,426533.07497268554,6.035440027351118,-0.002160818243282847,-0.016130019153933972,-0.008968120986457606,0,0.011188782445312559,-0.011817690162559109,-0.008968120986457606,904_GSL_1
63713,71,2026-02-26 00:06:41.240000+00:00,124806.2193625529,426258.5045825925,4.625346712683835,-0.008399382582865655,-0.010523539560381323,0.033843049534567626,0,0.0049111890126276635,0.012536934838089531,0.033843049534567626,903_GSL_1
63714,68,2026-02-26 00:06:54.580000+00:00,123928.08753796226,426940.4326214638,7.146176617500302,-0.021412399597465992,-0.015113541448954493,0.02736333646007605,0,0.020907960078330092,-0.01580402470935117,0.02736333646007605,905_GSL_1
63715,67,2026-02-26 00:06:57.660000+00:00,123855.61345676666,426533.0743778035,6.061082363719596,-0.0045377074857242405,-0.016724901215638965,0.016674215382019852,0,0.01314513140856655,-0.011292414717428543,0.016674215382019852,904_GSL_1
63716,69,2026-02-26 00:07:11.480000+00:00,124266.92091545723,427056.31620783766,7.11859647176422,-0.02168173942482099,0.0013694536173716187,0.028095100836787346,0,0.01634630681028571,-0.014309838621031893,0.028095100836787346,906_GSL_1
63717,159,2026-02-26 00:07:33.140000+00:00,124421.80850189917,426965.6159120144,5.630434750110732,0.0005512467614607885,-0.002261894289404154,0.04120885356111703,0,-0.00229105292072765,0.0004136608307362855,0.04120885356111703,38a_P9_0
63718,110,2026-02-26 00:07:48.570000+00:00,124434.14279144257,426963.9320160634,8.785259030073572,0.0027056000981247053,-7.051002467051148e-05,0.034198669815783234,0,0.0004935797813337716,0.0026611318182326025,0.034198669815783234,35_P9_0
63719,162,2026-02-26 00:07:49.230000+00:00,124402.99742480971,426879.6473164835,6.553405127244142,0.0019966813997598365,-0.00041710439836606383,0.008732083953574943,0,0.0005888232384349099,-0.0019529464624413646,0.008732083953574943,34a_P7_0
63720,111,2026-02-26 00:08:04.160000+00:00,124434.26390051913,426963.975402031,6.502004730455891,0.0022097598121035844,-0.0026617483817972243,0.04071222084112236,0,-0.002137642566893117,0.0027200049873841803,0.04071222084112236,36_P9_0
63721,104,2026-02-26 00:08:04.960000+00:00,124389.81641480558,426881.4462974748,10.731367793997109,-0.0006814046937506646,0.0019579066429287195,0.0054559259369018065,0,-0.0017747136154806335,0.001071495385952503,0.0054559259369018065,33_P7_0
63722,176,2026-02-26 00:08:17.730000+00:00,124446.56698442217,427018.9996443548,7.9051116864046875,-0.00026165177405346185,-0.0032967872684821486,-0.013301237242497876,0,-0.0032761005390000587,0.00045214290092274255,-0.013301237242497876,41_LHN_0
63723,105,2026-02-26 00:08:20.590000+00:00,124389.6877174985,426881.4737684736,7.067665983177834,-0.0009679388604126871,0.0018152594566345215,0.00537008645504411,0,-0.0015720038118735382,0.0013269802364214531,0.00537008645504411,34_P7_0
63724,109,2026-02-26 00:08:30.540000+00:00,124446.5720737369,427018.9659208571,10.385217783078735,0.003018922929186374,0.0007303885067813098,-0.0006074583892328178,0,0.00136167978375231,0.0027916287700419143,-0.0006074583892328178,40_LHN_0
63725,65,2026-02-26 00:08:35.390000+00:00,124370.27539107845,426819.4973896135,9.733613187550581,-0.003083412695559673,-0.0010678104008547962,-0.001766080199871567,0,0.0018406572056637418,0.0026943707901011683,-0.001766080199871567,30_KW_1
63726,167,2026-02-26 00:08:47.770000+00:00,124669.37607123355,426931.3055170816,13.849939435972246,-0.0001617544039618224,-0.0009035355760715902,0.04056747115546244,0,-0.00020640269967026463,0.0008943930623595485,0.04056747115546244,908_GSL_1
63727,153,2026-02-26 00:08:50.590000+00:00,124370.27539301418,426819.4974947721,9.733797921960788,0.001554209302412346,-0.0016283251461572945,0.007717444847799015,0,0.0011625196795935345,-0.0019275781000703943,0.007717444847799015,29_KW_1
63728,151,2026-02-26 00:09:05.360000+00:00,124403.03617480933,426812.83920712845,6.609177294533735,-0.0008105361193884164,0.0015232026926241815,0.0004319920580062586,0,-0.0013314810455621476,0.0010973939442877933,0.0004319920580062586,27_KW_1
63729,163,2026-02-26 00:09:07.330000+00:00,124091.05642945773,427154.20792058547,9.869975168950493,-0.02688521168602165,0.004936883691698313,0.013205095954985424,0,0.02451682124929949,-0.012087717063922735,0.013205095954985424,907_GSL_1
63730,113,2026-02-26 00:09:21+00:00,124414.08041020295,426875.91441736254,7.336709805872394,0.0031755887757753953,-0.0008147756452672184,0.033359860747117054,0,3.917583194967717e-05,-0.0032782142515617152,0.033359860747117054,32_P7_0
63731,108,2026-02-26 00:09:24.240000+00:00,124422.7121345189,427023.8372026153,10.325252832534058,0.0014096789091126993,-0.001616879424545914,-0.003069651808598195,0,-0.001243752448916295,0.0017477338316036037,-0.003069651808598195,39_LHN_0
63732,112,2026-02-26 00:09:36.790000+00:00,124413.95413706679,426875.8668176034,10.702566057648582,0.0034024419728666544,-0.000448462029453367,0.03330045072791776,0,-0.00037899275305250163,-0.0034108787817393703,0.03330045072791776,31_P7_0
63733,177,2026-02-26 00:09:37.330000+00:00,124422.72835259221,427023.8976047235,7.790114532081201,0.0018467551562935114,-0.0018148139934055507,-0.0030180876519532163,0,-0.0013343279628476022,0.0022189239116112663,-0.0030180876519532163,42_LHN_0
63734,107,2026-02-26 00:09:50.840000+00:00,124409.92171902356,426969.52610876615,6.294722801065581,0.0009015162650030106,0.0016977130435407162,0.005642477635547927,0,0.001863406105666205,0.000471888588163741,0.005642477635547927,38_P9_0
63735,161,2026-02-26 00:09:53.940000+00:00,124402.99265671316,426879.6444311306,6.582229837393884,0.0012529665691545233,-0.0030757563654333353,0.04060551657016198,0,0.002095933046970757,-0.0025762894064018534,0.04060551657016198,34a_P7_0
63736,106,2026-02-26 00:10:05.090000+00:00,124410.03302067779,426969.4515985618,8.930114595803763,0.0008168595668394119,0.0020372208673506975,0.006227371465232778,0,0.002173882189717416,0.0003029267890689315,0.006227371465232778,37_P9_0
63737,160,2026-02-26 00:10:20.590000+00:00,124421.81296050777,426965.61864304106,5.601738420463496,0.0017543471331009641,5.0024245865643024e-06,0.00955719057615756,0,0.0008635507630162484,0.0015271014921626432,0.00955719057615756,38a_P9_0
63738,133,2026-02-26 00:15:22.970000+00:00,124806.22317724045,426258.5106829731,4.599954806340667,0.0012811469205189496,-0.000800840265583247,0.011797702156100875,0,0.0013512775478232624,-0.0006758191708463028,0.011797702156100875,903_GSL_1
63739,130,2026-02-26 00:15:23.030000+00:00,124898.94013876854,426720.7697137177,4.1283592529572255,0.001765771274222061,3.7018908187747e-05,0.03829652048703114,0,0.001614755331177586,-0.0007154605599645435,0.03829652048703114,901_GSL_1
63740,153,2026-02-26 00:15:39.690000+00:00,124370.27526150942,426819.4973758291,9.733862088553243,0.001422704546712339,-0.0017472681356593966,0.007781611440254466,0,0.0013118474718463089,-0.0018319635301329213,0.007781611440254466,29_KW_1
63741,132,2026-02-26 00:15:40.900000+00:00,124806.22736302084,426258.5094425227,4.6241363541628875,0.013228733063442633,0.004300772270653397,0.04150417995256639,0,0.002892498084356545,-0.013606229287346117,0.04150417995256639,903_GSL_1
63742,136,2026-02-26 00:15:55.330000+00:00,123855.61434140714,426533.0768531767,6.038109069256109,-0.00142870465060696,0.0027446505846455693,0.015816526819370402,0,-0.00044700906669944333,0.0030617783565682405,0.015816526819370402,904_GSL_1
63743,135,2026-02-26 00:15:58.810000+00:00,123855.61609295846,426533.0703932871,6.062516557158175,0.002442680226522498,-0.006241634197067469,0.04131811003981767,0,0.0014830741740036188,-0.006536449734638029,0.04131811003981767,904_GSL_1
63744,5,2026-02-26 00:15:59.010000+00:00,124424.61937298624,426919.14334262576,8.794174034391858,-0.0005123176815686747,-0.0023949029855430126,-0.013070712012011043,11,-0.0024455962993603377,-0.00013072282725582813,-0.013070712012011043,TS4
63745,140,2026-02-26 00:16:11.530000+00:00,123928.0876383663,426940.43268216774,7.146715412377271,0.00011463383270893246,-0.0017565091839060187,0.011141706174927712,0,-0.00017182266060059796,-0.0017518397192813784,0.011141706174927712,905_GSL_1
63746,145,2026-02-26 00:16:28.160000+00:00,124266.92076144744,427056.31626999564,7.1189896695390225,0.0024376946093980223,0.00152338802581653,0.011022733247376237,0,-0.0006558814360340715,0.0027987292880439947,0.011022733247376237,906_GSL_1
63747,6,2026-02-26 00:16:28.360000+00:00,124399.03783511845,426925.0766561818,8.570164611124175,-0.0013356259296415374,0.0012069668737240136,0.022857915302617826,11,-0.001797821327320873,-9.221785742552046e-05,0.022857915302617826,TS5
63748,66,2026-02-26 00:21:22.780000+00:00,124898.93899406012,426720.7675382411,4.129534569420812,0.0013883964420529082,-0.006666913686785847,0.047248039017047994,0,0.0038532229133531105,0.005614984948098097,0.047248039017047994,901_GSL_1
63749,71,2026-02-26 00:21:23.450000+00:00,124806.22241164927,426258.5096899065,4.607181968357876,-0.005350286213797517,-0.005416225583758205,0.01567830520860891,0,0.0018328971311272412,0.007389286180032156,0.01567830520860891,903_GSL_1
63750,67,2026-02-26 00:21:39.690000+00:00,123855.61573888766,426533.07502621337,6.037985913842893,-0.002255586485262029,-0.016076491330750287,-0.006422234494682932,0,0.011234325751388623,-0.011718838202307949,-0.006422234494682932,904_GSL_1
63751,71,2026-02-26 00:21:40.890000+00:00,124806.21833598029,426258.5045421287,4.629162824244427,-0.009425955198821612,-0.010564003372564912,0.03765916109515999,0,0.004432749125230431,0.013446097346759164,0.03765916109515999,903_GSL_1
63752,68,2026-02-26 00:21:55.690000+00:00,123928.0877583687,426940.43223380146,7.146278511938851,-0.021191993160755374,-0.015501203772146255,0.02746523089862496,0,0.02067502490294583,-0.01618428984458922,0.02746523089862496,905_GSL_1
63753,67,2026-02-26 00:21:57.980000+00:00,123855.61196894631,426533.07701661874,6.064756991996485,-0.006025527836754918,-0.014086085953749716,0.02034884365890921,0,0.012894779635136352,-0.008273418964926546,0.02034884365890921,904_GSL_1
63754,69,2026-02-26 00:22:12.130000+00:00,124266.92036612159,427056.31581794267,7.118900555056733,-0.02223107506870292,0.000979558622930199,0.028399184129300536,0,0.016461217081204668,-0.01497359562735408,0.028399184129300536,906_GSL_1
63755,159,2026-02-26 00:22:34.550000+00:00,124421.80877761162,426965.6164902414,5.631580958894013,0.000826959207188338,-0.0016836673021316528,0.04235506234439779,0,-0.0017305294012007416,0.0007237852624920219,0.04235506234439779,38a_P9_0
63756,162,2026-02-26 00:22:50.100000+00:00,124402.99751118897,426879.647319882,6.553390304621131,0.0020830606517847627,-0.0004137058858759701,0.008717261330564163,0,0.0005929284373421708,-0.0020392964735941052,0.008717261330564163,34a_P7_0
63757,110,2026-02-26 00:22:50.180000+00:00,124434.14287270737,426963.9325464758,8.786313307431499,0.002786864890367724,0.0004599023377522826,0.03525294717370997,0,0.0010293062683415964,0.002630333568843887,0.03525294717370997,35_P9_0
63758,111,2026-02-26 00:23:05.550000+00:00,124434.26395844873,426963.9759815079,6.502972959195258,0.002267689415020868,-0.0020822714432142675,0.041680449580489665,0,-0.0015589293503724356,0.00265480864221335,0.041680449580489665,36_P9_0
63759,104,2026-02-26 00:23:05.680000+00:00,124389.81659169684,426881.4463462649,10.731234698618312,-0.0005045134312240407,0.002006696769967675,0.005322830558105451,0,-0.0018590206908542129,0.0009085195649297164,0.005322830558105451,33_P7_0
63760,176,2026-02-26 00:23:19.110000+00:00,124446.5668882331,427019.00021100516,7.906004236443597,-0.00035784085048362613,-0.0027301369118504226,-0.01240868720358801,0,-0.0027433074803339848,0.00023656225410367544,-0.01240868720358801,41_LHN_0
63761,105,2026-02-26 00:23:20.550000+00:00,124389.6878572656,426881.4737767475,7.067608272577594,-0.0008281717600766569,0.0018235333263874054,0.005312375854804152,0,-0.0016093910976064147,0.0011920581158564392,0.005312375854804152,34_P7_0
63762,65,2026-02-26 00:23:35.520000+00:00,124370.27557055726,426819.4973850151,9.73335540737569,-0.002903933884226717,-0.00107240880606696,-0.002023860374762876,0,0.001797926033584353,0.0025199909978112357,-0.002023860374762876,30_KW_1
63763,109,2026-02-26 00:23:36.070000+00:00,124446.57140399743,427018.96662207093,10.38590645516906,0.0023491834581363946,0.0014316023443825543,8.12137010921532e-05,0,0.0019027050486056637,0.001986922668458391,8.12137010921532e-05,40_LHN_0
63764,153,2026-02-26 00:23:50.630000+00:00,124370.27576394049,426819.49733907863,9.73396751666624,0.0019251356134191155,-0.0017840185901150107,0.00788703955325154,0,0.0012152327352921064,-0.002326387512648099,0.00788703955325154,29_KW_1
63765,167,2026-02-26 00:23:52.230000+00:00,124669.37580646767,426931.3067225925,13.85097150518283,-0.00042652028787415475,0.0003019753494299948,0.04159954036604674,0,-0.0004110065767170999,-0.00032277277073339055,0.04159954036604674,908_GSL_1
63766,163,2026-02-26 00:24:07.290000+00:00,124091.05553727687,427154.2067958017,9.87112386313314,-0.027777392548159696,0.0038120999233797193,0.014353790137633382,0,0.024561200465122533,-0.013522687392395575,0.014353790137633382,907_GSL_1
63767,151,2026-02-26 00:24:10.150000+00:00,124403.03620169433,426812.8398051002,6.610070709716966,-0.0007836511213099584,0.0021211744169704616,0.0013254072412376416,0,-0.001922848223034307,0.0011900187806560625,0.0013254072412376416,27_KW_1
63768,108,2026-02-26 00:24:24.150000+00:00,124422.71251090639,427023.83709899243,10.325407937218289,0.0017860664083855227,-0.0017205022741109133,-0.0029145471243676724,0,-0.0012567897124983055,0.002137905729666865,-0.0029145471243676724,39_LHN_0
63769,113,2026-02-26 00:24:25.930000+00:00,124414.0801917534,426875.91501687135,7.33780933532115,0.0029571392224170268,-0.00021526683121919632,0.03445939019587385,0,-0.0004914931097018982,-0.0029239436917450875,0.03445939019587385,32_P7_0
63770,177,2026-02-26 00:24:37.260000+00:00,124422.72830639266,427023.8977098934,7.790130938121194,0.0018005556048592553,-0.0017096441006287932,-0.0030016816119609047,0,-0.0012428274762845734,0.0021494797745494217,-0.0030016816119609047,42_LHN_0
63771,112,2026-02-26 00:24:40.810000+00:00,124413.95402742561,426875.8673992654,10.703861766660417,0.003292800800409168,0.00013319996651262045,0.03459615973975261,0,-0.000917489128283677,-0.0031652003162099362,0.03459615973975261,31_P7_0
63772,107,2026-02-26 00:24:50.900000+00:00,124409.9219992017,426969.5261532363,6.2950223185036265,0.0011816944024758413,0.001742183172609657,0.005941995073593276,0,0.0019732320095109356,0.0007334570910478811,0.005941995073593276,38_P9_0
63773,161,2026-02-26 00:24:56.830000+00:00,124402.99207283778,426879.6452258815,6.583286524137703,0.0006690911832265556,-0.0022810054942965508,0.041662203313981294,0,0.0016793101551237882,-0.0016824346879985214,0.041662203313981294,34a_P7_0
63774,106,2026-02-26 00:25:05.620000+00:00,124410.03313918306,426969.45156365586,8.929689654331543,0.0009353648347314447,0.0020023149554617703,0.0058024299930128365,0,0.0021685004435469985,0.00042635475985911686,0.0058024299930128365,37_P9_0
63775,160,2026-02-26 00:25:21.290000+00:00,124421.81300000165,426965.61870341154,5.601635047202353,0.0017938410164788365,6.537290755659342e-05,0.00945381731501449,0,0.0009355239864721231,0.0015319706525190144,0.00945381731501449,38a_P9_0
63776,130,2026-02-26 00:30:21.990000+00:00,124898.93951021694,426720.76875783567,4.130153335863099,0.0011372196750016883,-0.000918863108381629,0.04009060339290471,0,0.0014036952144842786,0.0004089226650475972,0.04009060339290471,901_GSL_1
63777,133,2026-02-26 00:30:22.460000+00:00,124806.22109726911,426258.5089529043,4.605951378500645,-0.0007988244178704917,-0.0025309090269729495,0.017794274316079495,0,0.0017433843712195273,0.0020010576922184892,0.017794274316079495,903_GSL_1
63778,153,2026-02-26 00:30:39.280000+00:00,124370.2756775707,426819.49735511094,9.733287221593013,0.0018387658201390877,-0.0017679862794466317,0.007206744480024341,0,0.0012224676776631505,-0.0022388407720720514,0.007206744480024341,29_KW_1
63779,132,2026-02-26 00:30:40.960000+00:00,124806.22072696882,426258.5059955118,4.626855775859412,0.006592681049369276,0.0008537613321095705,0.044223601649091115,0,0.0025581812651674337,-0.006135801532437684,0.044223601649091115,903_GSL_1
63780,136,2026-02-26 00:30:54.820000+00:00,123855.61393509232,426533.0774485576,6.036864972461962,-0.0018350194732192904,0.003340031486004591,0.014572430025223682,0,-0.00046579883386157697,0.0037823456004137477,0.014572430025223682,904_GSL_1
63781,135,2026-02-26 00:30:58.400000+00:00,123855.61388686251,426533.0740991127,6.065001492787632,0.0002365842810831964,-0.0025358085986226797,0.04380304566927418,0,0.0012279733677939108,-0.002231228087599574,0.04380304566927418,904_GSL_1
63782,5,2026-02-26 00:30:58.600000+00:00,124424.61933454126,426919.14347409504,8.792563909620522,-0.0005507626628968865,-0.0022634337074123323,-0.014680836783346862,11,-0.0023285691222297783,-6.509609580953794e-05,-0.014680836783346862,TS4
63783,140,2026-02-26 00:31:11.600000+00:00,123928.08775332618,426940.43190481846,7.144399758309702,0.0002295937156304717,-0.002533858467359096,0.008826052107358429,0,-0.00031205745900730474,-0.0025250291382758923,0.008826052107358429,905_GSL_1
63784,145,2026-02-26 00:31:28.470000+00:00,124266.9207768195,427056.31615954585,7.11881985530994,0.00245306667056866,0.0014129382325336337,0.010852919018294216,0,-0.0007446269390263521,0.0027312014317670387,0.010852919018294216,906_GSL_1
63785,6,2026-02-26 00:31:28.670000+00:00,124399.03767289217,426925.0766770877,8.582303487620432,-0.00149785220855847,0.0012278727954253554,0.03499679179887494,11,-0.0019345635253015868,9.325667269348649e-05,0.03499679179887494,TS5
63786,66,2026-02-26 00:36:22.380000+00:00,124898.94127626339,426720.7725461576,4.12896130567498,0.003670599704491906,-0.0016589972074143589,0.04667477527121555,0,0.004026476409376333,0.00011428757395525518,0.04667477527121555,901_GSL_1
63787,71,2026-02-26 00:36:22.810000+00:00,124806.22114718983,426258.50917662634,4.615630853837674,-0.006614745652768761,-0.005929505743551999,0.024127190688406408,0,0.0016117413834600082,0.008735913697289013,0.024127190688406408,903_GSL_1
63788,67,2026-02-26 00:36:38.950000+00:00,123855.61428471221,426533.0767597637,6.049024659724566,-0.0037097619351698086,-0.014342940994538367,0.004616511386990041,0,0.011399542222631108,-0.009462173487254115,0.004616511386990041,904_GSL_1
63789,71,2026-02-26 00:36:40.870000+00:00,124806.22811927169,426258.51046816143,4.626642848145222,0.0003573362046154216,-0.0046379706473089755,0.03513918499595459,0,0.004194824819662317,0.002010449109222515,0.03513918499595459,903_GSL_1
63790,68,2026-02-26 00:36:55.710000+00:00,123928.08738662503,426940.4318786461,7.157474623538633,-0.02156373682373669,-0.015856359153985977,0.0386613424984068,0,0.021034985179454697,-0.01655138271938915,0.0386613424984068,905_GSL_1
63791,67,2026-02-26 00:36:57.740000+00:00,123855.61655726266,426533.0700759915,6.061143239777113,-0.001437211481970735,-0.0210267131915316,0.01673509143953744,0,0.01299467514212607,-0.016592970271577304,0.01673509143953744,904_GSL_1
63792,69,2026-02-26 00:37:12.670000+00:00,124266.9203171285,427056.315799106,7.129969678903356,-0.022280068151303567,0.0009607219835743308,0.03946830797592327,0,0.01648268886748281,-0.015021497636860734,0.03946830797592327,906_GSL_1
63793,159,2026-02-26 00:37:33.640000+00:00,124421.80842346058,426965.6166935597,5.629831674754794,0.00047280816943384707,-0.0014803489902988076,0.040605778205178744,0,-0.0015061971171490213,0.00038255841704772634,0.040605778205178744,38a_P9_0
63794,110,2026-02-26 00:37:49.200000+00:00,124434.14270363042,426963.9327057243,8.784721784342514,0.002617787948111072,0.0006191508728079498,0.033661424084725056,0,0.0011499227938119756,0.002431838628043827,0.033661424084725056,35_P9_0
63795,162,2026-02-26 00:37:52.310000+00:00,124402.99747596236,426879.6473047923,6.565457699739357,0.0020478340447880328,-0.0004287955816835165,0.020784656448789463,0,0.0006049109887680512,-0.002002891065817579,0.020784656448789463,34a_P7_0
63796,111,2026-02-26 00:38:04.270000+00:00,124434.2639554984,426963.9761111897,6.501477272388186,0.002264739086967893,-0.0019525896641425788,0.04018476277341776,0,-0.0014327630266475196,0.0026246599090222022,0.04018476277341776,36_P9_0
63797,104,2026-02-26 00:38:08.310000+00:00,124389.81654866243,426881.4463348215,10.74322904835807,-0.0005475478392327204,0.001995253376662731,0.017317180297864,0,-0.0018389301743318065,0.000948251278546168,0.017317180297864,33_P7_0
63798,176,2026-02-26 00:38:17.710000+00:00,124446.5666582393,427019.0004355572,7.904370185370327,-0.0005878346419194713,-0.002505584852769971,-0.014042738276858202,0,-0.0025733614987922186,-3.627143786472499e-05,-0.014042738276858202,41_LHN_0
63799,105,2026-02-26 00:38:24.220000+00:00,124389.687737114,426881.47379614617,7.079529085854832,-0.0009483233588980511,0.001842932018917054,0.017233189132041637,0,-0.001603174648150207,0.0013136006497066867,0.017233189132041637,34_P7_0
63800,109,2026-02-26 00:38:34.260000+00:00,124446.5711231112,427018.96691006725,10.384245497656423,0.002068297239020467,0.0017195986583828926,-0.0015797438115452422,0,0.0021236601421958704,0.001650739414717097,-0.0015797438115452422,40_LHN_0
63801,153,2026-02-26 00:38:39.840000+00:00,124370.2754764702,426819.49738820177,9.74557084217608,0.0016376653220504522,-0.001734895457047969,0.019490365063091986,0,0.0012434055062922633,-0.002036112153309432,0.019490365063091986,29_KW_1
63802,167,2026-02-26 00:38:50.660000+00:00,124669.37597374285,426931.3067342717,13.84938666095232,-0.0002592451055534184,0.0003136545419692993,0.0400146961355361,0,-0.00024335806014960646,-0.0003261350196032228,0.0400146961355361,908_GSL_1
63803,65,2026-02-26 00:38:56.170000+00:00,124370.27536828582,426819.4974208516,9.745859233700704,-0.0031062053312780336,-0.0010365722700953484,0.010479965950251469,0,0.0018165067684733493,0.0027245727722491116,0.010479965950251469,30_KW_1
63804,151,2026-02-26 00:39:07.420000+00:00,124403.036463958,426812.8397729488,6.608485223548807,-0.000521387453773059,0.0020890230662189424,-0.000260078926921814,0,-0.0019435209812570828,0.0009266004767753203,-0.000260078926921814,27_KW_1
63805,163,2026-02-26 00:39:13.100000+00:00,124091.05593437138,427154.2074026299,9.882971561037627,-0.027380298037314788,0.004418928117956966,0.02620148804211908,0,0.0246048440243258,-0.012798800602496066,0.02620148804211908,907_GSL_1
63806,113,2026-02-26 00:39:22+00:00,124414.08030135598,426875.91521578986,7.3361826116654925,0.0030667418031953275,-1.6348320059478283e-05,0.03283266654021588,0,-0.0007107112164522151,-0.002983297189661719,0.03283266654021588,32_P7_0
63807,108,2026-02-26 00:39:29.370000+00:00,124422.71185128015,427023.83733560285,10.337905662616494,0.0011264401691732928,-0.0014838918577879667,0.00958317827383759,0,-0.001180449072152187,0.0014412988893326812,0.00958317827383759,39_LHN_0
63808,112,2026-02-26 00:39:37.120000+00:00,124413.95416284192,426875.8674797745,10.70206779366125,0.00342821711092256,0.0002137090777978301,0.03280218674058588,0,-0.0010280659719096026,-0.003277411247762018,0.03280218674058588,31_P7_0
63809,177,2026-02-26 00:39:43.210000+00:00,124422.72800177919,427023.89781914966,7.802624320301239,0.0014959421387175098,-0.0016003878554329276,0.009491700568084127,0,-0.0012075850811232099,0.0018277916845353501,0.009491700568084127,42_LHN_0
63810,161,2026-02-26 00:39:52.720000+00:00,124402.99234231625,426879.64524370106,6.581714274926985,0.0009385696612298489,-0.0022631859173998237,0.040089954103263103,0,0.0015342534443800212,-0.0019102329371325467,0.040089954103263103,34a_P7_0
63811,107,2026-02-26 00:39:57.140000+00:00,124409.92156071642,426969.5262329506,6.306988551655767,0.000743209122447297,0.0018218975164927542,0.01790822822573368,0,0.0019463780301710986,0.00028858780978866747,0.01790822822573368,38_P9_0
63812,106,2026-02-26 00:40:12.150000+00:00,124410.03284957615,426969.45172013843,8.941706678773965,0.000645757929305546,0.0021587975206784904,0.017819454435434423,0,0.0022507400964408477,0.0001076060259559298,0.017819454435434423,37_P9_0
63813,160,2026-02-26 00:40:28.640000+00:00,124421.81288653101,426965.61875067407,5.613723115866669,0.0016803703765617684,0.00011263543274253607,0.02154188597933082,0,0.0009211632496472428,0.001409889928552853,0.02154188597933082,38a_P9_0
63814,130,2026-02-26 00:45:22.980000+00:00,124898.93881763586,426720.7667408844,4.1258395124721545,0.000444638601038605,-0.0029358143801800907,0.03577678000196016,0,0.0015429708729380303,0.0025369175086452124,0.03577678000196016,901_GSL_1
63815,133,2026-02-26 00:45:23.510000+00:00,124806.22239156044,426258.5097762157,4.6130742183882365,0.0004954669129801914,-0.0017075976356863976,0.02491711420367082,0,0.0017155055804916521,0.0004673518487840771,0.02491711420367082,903_GSL_1
63816,153,2026-02-26 00:45:40.810000+00:00,124370.27525472478,426819.49734464666,9.745542375414857,0.0014159199054120108,-0.0017784505616873503,0.019461898301868175,0,0.0013437173382174602,-0.0018336137253745109,0.019461898301868175,29_KW_1
63817,132,2026-02-26 00:45:41.150000+00:00,124806.21943929924,426258.5054649646,4.624956507069972,0.005305011465679854,0.0003232141607441008,0.04232433285965076,0,0.0023735391974165606,-0.004755410152976016,0.04232433285965076,903_GSL_1
63818,136,2026-02-26 00:45:56.560000+00:00,123855.61394834213,426533.07723136945,6.048204562133954,-0.0018217696633655578,0.003122843336313963,0.02591201969721535,0,-0.00034948348549321696,0.0035984519592301206,0.02591201969721535,904_GSL_1
63819,135,2026-02-26 00:45:58.440000+00:00,123855.61278957844,426533.07555209857,6.059417396046373,-0.0008606997871538624,-0.0010828227386809886,0.038218948928015806,0,0.0013201927910834101,-0.00041279559273652103,0.038218948928015806,904_GSL_1
63820,5,2026-02-26 00:45:58.640000+00:00,124424.61929664988,426919.14303143707,8.794522455465332,-0.0005886540457140654,-0.0027060916763730347,-0.012722290938537384,11,-0.0027685453411290606,6.78412896658858e-05,-0.012722290938537384,TS4
63821,140,2026-02-26 00:46:12.450000+00:00,123928.08736474326,426940.43273062224,7.157353713977709,-0.00015898920537438244,-0.00170805468223989,0.02178000777536493,0,0.00010323438579014302,-0.0017123291233106215,0.02178000777536493,905_GSL_1
63822,145,2026-02-26 00:46:29.490000+00:00,124266.92039174048,427056.31594946876,7.13035845056584,0.0020679876470239833,0.0012028611381538212,0.022391514274193725,0,-0.0006194728657049287,0.0023107793478780747,0.022391514274193725,906_GSL_1
63823,6,2026-02-26 00:46:29.690000+00:00,124399.03779803106,426925.0768053025,8.571047184115148,-0.001372713319142349,0.0013560876250267029,0.023740488293590545,11,-0.0019213164156892165,-0.00017849015128154717,0.023740488293590545,TS5
63824,66,2026-02-26 00:51:22.740000+00:00,124898.94145881128,426720.7722880955,4.128951339285703,0.0038531476020580158,-0.001917059300467372,0.046664808881939024,0,0.004294458544565543,0.0002819372514618946,0.046664808881939024,901_GSL_1
63825,71,2026-02-26 00:51:24.560000+00:00,124806.22552213831,426258.5118881112,4.59668926235869,-0.0022397971770260483,-0.003218020894564688,0.00518559920942252,0,0.001578537553317953,0.0035889509699679294,0.00518559920942252,903_GSL_1
63826,71,2026-02-26 00:51:40.600000+00:00,124806.22601489341,426258.5085431107,4.628600453398258,-0.001747042071656324,-0.006563021393958479,0.03709679024899071,0,0.004809162163130389,0.004795556808798009,0.03709679024899071,903_GSL_1
63827,67,2026-02-26 00:51:40.900000+00:00,123855.61501951766,426533.0757945279,6.036512344895673,-0.0029749564855592325,-0.015308176807593554,-0.007895803441902771,0,0.011368277217803825,-0.010674873130987491,-0.007895803441902771,904_GSL_1
63828,68,2026-02-26 00:51:56.650000+00:00,123928.08754158257,426940.4314110697,7.146477122965884,-0.021408779284683987,-0.01632393553154543,0.02766384192565763,0,0.020864861377361838,-0.017013649267627443,0.02766384192565763,905_GSL_1
63829,67,2026-02-26 00:51:57.800000+00:00,123855.61510790055,426533.07154862187,6.061246052268204,-0.0028865735948784277,-0.01955408282810822,0.016837903930627895,0,0.013367232018681667,-0.0145606171066304,0.016837903930627895,904_GSL_1
63830,69,2026-02-26 00:52:13.500000+00:00,124266.92041864453,427056.31605274766,7.119373915883107,-0.02217855212802533,0.0012143636122345924,0.02887254495567415,0,0.016589454342083663,-0.01476999858192877,0.02887254495567415,906_GSL_1
63831,159,2026-02-26 00:52:35+00:00,124421.80844473929,426965.6161567151,5.631829132612172,0.0004940868820995092,-0.0020171935902908444,0.04260323606255678,0,-0.002043346491375023,0.0003713851692766763,0.04260323606255678,38a_P9_0
63832,110,2026-02-26 00:52:50.450000+00:00,124434.14275943724,426963.9322431271,8.786586902467521,0.0026735947612905875,0.00015655363677069545,0.03552654220973217,0,0.0007090362596918325,0.002582612160435403,0.03552654220973217,35_P9_0
63833,162,2026-02-26 00:52:52.200000+00:00,124402.99760394452,426879.6473832776,6.554195510469792,0.002175816203816794,-0.0003503102925606072,0.00952246717922467,0,0.0005378231881227832,-0.0021372037039512795,0.00952246717922467,34a_P7_0
63834,111,2026-02-26 00:53:06.050000+00:00,124434.26381467696,426963.9757444005,6.503485100560708,0.0021239176421659067,-0.0023193788365460932,0.0421925909459393,0,-0.0018209649103699472,0.002564104353048616,0.0421925909459393,36_P9_0
63835,104,2026-02-26 00:53:09.210000+00:00,124389.81660037457,426881.44638153794,10.732079993467675,-0.0004958357021678239,0.0020419697975739837,0.006168125407468139,0,-0.0018953271028646036,0.0009073196079086259,0.006168125407468139,33_P7_0
63836,176,2026-02-26 00:53:19.610000+00:00,124446.56710699196,427018.9998846179,7.906180142555807,-0.00013908198161516339,-0.0030565241468138993,-0.012232781091378264,0,-0.0030151263731290033,0.0005202851254152643,-0.012232781091378264,41_LHN_0
63837,105,2026-02-26 00:53:25.800000+00:00,124389.68786337311,426881.47392173455,7.068342020249585,-0.0008220642484957352,0.001968520402442664,0.006046123526794567,0,-0.001752438524778351,0.0012164791080657995,0.006046123526794567,34_P7_0
63838,109,2026-02-26 00:53:32.370000+00:00,124446.57183235361,427018.9663491403,10.386528111566317,0.0027775396447395906,0.001158671686425805,0.0007028700983493508,0,0.0017281356868757351,0.002463898050401331,0.0007028700983493508,40_LHN_0
63839,65,2026-02-26 00:53:41.330000+00:00,124370.27578178122,426819.4974706438,9.734614918173266,-0.0026927099243039265,-0.0009867800981737673,-0.0007643495771869624,0,0.0016597916990730643,0.0023386990431188102,-0.0007643495771869624,30_KW_1
63840,167,2026-02-26 00:53:49.500000+00:00,124669.37594803708,426931.30528263474,13.850758621852194,-0.00028495087462943047,-0.0011379824136383832,0.041386657035410224,0,-0.0003410828874631423,0.0011224363850936602,0.041386657035410224,908_GSL_1
63841,153,2026-02-26 00:53:57.450000+00:00,124370.27606268844,426819.4973963735,9.734819449730653,0.002223883566330187,-0.0017267237417399883,0.008738972617663876,0,0.001081424686880885,-0.002599567972469002,0.008738972617663876,29_KW_1
63842,151,2026-02-26 00:54:07.480000+00:00,124403.03606928518,426812.8394027248,6.610443970459174,-0.0009160602639894933,0.0017187990597449243,0.0016986679834456453,0,-0.0015021731833104774,0.0012397226876940677,0.0016986679834456453,27_KW_1
63843,163,2026-02-26 00:54:13.940000+00:00,124091.05563001252,427154.20712433505,9.871140895020927,-0.027684656903147697,0.0041406332748010755,0.014370822025419727,0,0.02468291340449578,-0.013203744076115524,0.014370822025419727,907_GSL_1
63844,113,2026-02-26 00:54:23.150000+00:00,124414.08044950633,426875.91457416094,7.338115586175342,0.003214892160031013,-0.0006579772452823818,0.03476564105006563,0,-0.00012245694757772165,-0.0032792483821644574,0.03476564105006563,32_P7_0
63845,108,2026-02-26 00:54:30.860000+00:00,124422.71196165899,427023.837472601,10.326354270801046,0.0012368190073175356,-0.0013468937249854207,-0.001968213541610808,0,-0.0010214973161215266,0.0015167027383187364,-0.001968213541610808,39_LHN_0
63846,112,2026-02-26 00:54:38.350000+00:00,124413.9539411271,426875.8670318488,10.704048384850685,0.0032065022824099287,-0.0002342166262678802,0.034782777930020714,0,-0.0005400966175363865,-0.0031693548174425252,0.034782777930020714,31_P7_0
63847,177,2026-02-26 00:54:44.690000+00:00,124422.72832484944,427023.897895855,7.790853685304985,0.001819012381020002,-0.0015236824983730912,-0.002278934428169954,0,-0.0010576849779263902,0.002124080244628572,-0.002278934428169954,42_LHN_0
63848,161,2026-02-26 00:54:54.900000+00:00,124402.99243287448,426879.64489574486,6.583783339043534,0.0010291278886143118,-0.0026111421175301075,0.04215901821981216,0,0.0017959434016207294,-0.002156792680634448,0.04215901821981216,34a_P7_0
63849,107,2026-02-26 00:54:58.680000+00:00,124409.92182739628,426969.52619159326,6.296117282364627,0.0010098889761138707,0.0017805401585064828,0.007036958934594217,0,0.001969629930666841,0.0005574557707584952,0.007036958934594217,38_P9_0
63850,106,2026-02-26 00:55:13.920000+00:00,124410.03307455708,426969.45156740706,8.930282330522106,0.0008707388624316081,0.0020060661481693387,0.006395106183575194,0,0.0021565995721542154,0.00036272006115448466,0.006395106183575194,37_P9_0
63851,160,2026-02-26 00:55:30.460000+00:00,124421.81291359931,426965.61876195756,5.602471923943815,0.0017074386705644429,0.0001239189296029508,0.010290694056476646,0,0.0009442561766788043,0.0014279646310944609,0.010290694056476646,38a_P9_0
63852,130,2026-02-26 01:00:22.610000+00:00,124898.93965825804,426720.76771431265,4.129349823052988,0.0012852607760578394,-0.0019623861298896372,0.03928709058279356,0,0.0019429076129912598,0.0013145206702964518,0.03928709058279356,901_GSL_1
63853,133,2026-02-26 01:00:23.340000+00:00,124806.22105758596,426258.5090124471,4.601928632669314,-0.0008385075634578243,-0.00247136625694111,0.013771528484748607,0,0.0016718854455509938,0.002003882523222817,0.013771528484748607,903_GSL_1
63854,153,2026-02-26 01:00:39.940000+00:00,124370.27570747369,426819.4974374767,9.73447109214376,0.0018686688126763329,-0.0016856205184012651,0.008390615030771542,0,0.0011351396061543625,-0.002246040457797732,0.008390615030771542,29_KW_1
63855,132,2026-02-26 01:00:46.840000+00:00,124806.22166475587,426258.5059749151,4.628231419011548,0.007530468094046228,0.0008331646677106619,0.04559924480122657,0,0.00304507342280674,-0.006937552949613119,0.04559924480122657,903_GSL_1
63856,136,2026-02-26 01:00:55.690000+00:00,123855.61446765278,426533.0765483935,6.038241173848471,-0.0013024590152781457,0.0024398674140684307,0.015948631411732528,0,-0.0003710885094258624,0.0027407381857602487,0.015948631411732528,904_GSL_1
63857,135,2026-02-26 01:01:05.130000+00:00,123855.61453151864,426533.07203757914,6.06185603525667,0.0008812404121272266,-0.0045973421656526625,0.04065758813831266,0,0.001851978431638691,-0.004299106365373991,0.04065758813831266,904_GSL_1
63858,5,2026-02-26 01:01:05.330000+00:00,124424.6192818793,426919.14325553516,8.79378794735304,-0.0006034246180206537,-0.002481993578840047,-0.01345679905082875,11,-0.0025535389340191066,-6.206695969001708e-05,-0.01345679905082875,TS4
63859,140,2026-02-26 01:01:13.480000+00:00,123928.087548575,426940.4331182761,7.146029141499874,2.4842534912750125e-05,-0.0013204007991589606,0.010455435297529903,0,-6.786457641324483e-05,-0.0013188896167719132,0.010455435297529903,905_GSL_1
63860,145,2026-02-26 01:01:31.330000+00:00,124266.92082239823,427056.31638851983,7.11939812293268,0.0024986453936435282,0.0016419122111983597,0.011431186641034152,0,-0.0006155986372687173,0.0029257721767511576,0.011431186641034152,906_GSL_1
63861,6,2026-02-26 01:01:31.530000+00:00,124399.0377341842,426925.0767698505,8.570963433293825,-0.0014365601819008589,0.0013206356088630855,0.023656737472267153,11,-0.0019500950695039373,7.009127989011975e-05,0.023656737472267153,TS5
63862,66,2026-02-26 01:06:23.050000+00:00,124898.94064134099,426720.7709025415,4.1260710933931195,0.0030356773058883846,-0.0033026132732629776,0.04378456298935518,0,0.0040748829909639395,0.001875611833021785,0.04378456298935518,901_GSL_1
63863,71,2026-02-26 01:06:23.550000+00:00,124806.22311312637,426258.510031172,4.602872998125521,-0.004648809117497876,-0.00507496006321162,0.01136933497625403,0,0.0019073564800207218,0.006612763197956451,0.01136933497625403,903_GSL_1
63864,67,2026-02-26 01:06:40.580000+00:00,123855.61564355622,426533.0745535299,6.035740071152762,-0.002350917930016294,-0.016549174790270627,-0.008668077184814216,0,0.01158817149193164,-0.012046421992699067,-0.008668077184814216,904_GSL_1
63865,71,2026-02-26 01:06:41.360000+00:00,124806.22178219206,426258.5061098139,4.626282005834452,-0.005979743422358297,-0.008996318152640015,0.03477834268518443,0,0.004799030213146238,0.009677829338961661,0.03477834268518443,903_GSL_1
63866,68,2026-02-26 01:06:56.230000+00:00,123928.08726281166,426940.43090586993,7.1462286459963185,-0.021687550193746574,-0.016829135303851217,0.027415364956092425,0,0.0211270017734726,-0.017527675959615813,0.027415364956092425,905_GSL_1
63867,67,2026-02-26 01:06:58.620000+00:00,123855.61538432394,426533.07116330107,6.06081400737205,-0.002610150200780481,-0.019939403631724417,0.016405859034474446,0,0.013354828767388409,-0.015034668265485418,0.016405859034474446,904_GSL_1
63868,69,2026-02-26 01:07:13+00:00,124266.92015773327,427056.31582143024,7.119517809495576,-0.02243946338421665,0.0009830461931414902,0.029016438568143954,0,0.016611507486166653,-0.015117993115042718,0.029016438568143954,906_GSL_1
63869,159,2026-02-26 01:07:34.170000+00:00,124421.80831606299,426965.6164197137,5.631029725046194,0.0003654105821624398,-0.001754194963723421,0.04180382849657871,0,-0.0017730581189030847,0.00025882382290037033,0.04180382849657871,38a_P9_0
63870,110,2026-02-26 01:07:49.610000+00:00,124434.14254852632,426963.9325089167,8.785778912032821,0.0024626838421681896,0.00042234326247125864,0.03471855177503258,0,0.0009251667429585588,0.002321045461759548,0.03471855177503258,35_P9_0
63871,162,2026-02-26 01:07:51.050000+00:00,124402.99747352244,426879.6473941532,6.554069146901682,0.0020453941251616925,-0.00033943471498787403,0.009396103611114981,0,0.0005156725146140852,-0.002008216848514236,0.009396103611114981,34a_P7_0
63872,111,2026-02-26 01:08:05.480000+00:00,124434.26391576421,426963.97603991826,6.502631774861094,0.0022250048932619393,-0.0020238611032254994,0.04133926524632514,0,-0.0015107953669309306,0.0026007994731329716,0.04133926524632514,36_P9_0
63873,104,2026-02-26 01:08:06.800000+00:00,124389.81649469186,426881.4463582958,10.73206423919546,-0.0006015184189891443,0.002018727653194219,0.006152371135252466,0,-0.0018507374461884812,0.0010059108566021029,0.006152371135252466,33_P7_0
63874,176,2026-02-26 01:08:18.780000+00:00,124446.56681588011,427019.00022227183,7.905628095761333,-0.0004301938315620646,-0.002718870237004012,-0.012784827885852224,0,-0.002747834895819247,0.00016347930663643427,-0.012784827885852224,41_LHN_0
63875,105,2026-02-26 01:08:21.900000+00:00,124389.68779557258,426881.47389134276,7.06813604604848,-0.000889864779310301,0.001938128611072898,0.005840149325689659,0,-0.001708509895463543,0.0012763995360464072,0.005840149325689659,34_P7_0
63876,109,2026-02-26 01:08:31.730000+00:00,124446.57217932722,427018.9665011805,10.385323551907634,0.0031245132558979094,0.0013107119011692703,-0.0005016895603340288,0,0.0019511454569861582,0.002770122773421928,-0.0005016895603340288,40_LHN_0
63877,65,2026-02-26 01:08:37.650000+00:00,124370.27597320694,426819.4973180706,9.734916296539518,-0.00250128420884721,-0.0011393532622605562,-0.0004629712109345263,0,0.0017566892395363342,0.002113904317926769,-0.0004629712109345263,30_KW_1
63878,167,2026-02-26 01:08:49.010000+00:00,124669.3760519161,426931.3051162565,13.850067583648794,-0.00018107185314875096,-0.0013043606304563582,0.040695618832010894,0,-0.0002455888226072639,0.001293765744057868,0.040695618832010894,908_GSL_1
63879,153,2026-02-26 01:08:52.900000+00:00,124370.27566773567,426819.4973475941,9.734746856213345,0.0018289307918166742,-0.001775503100361675,0.00866637910035628,0,0.001232308018028117,-0.0022313260741883287,0.00866637910035628,29_KW_1
63880,151,2026-02-26 01:09:05.640000+00:00,124403.03608804315,426812.83962294116,6.6095670669849325,-0.0008973022922873497,0.0019390154047869146,0.0008217645092036818,0,-0.0017217195780954411,0.001265153681632374,0.0008217645092036818,27_KW_1
63881,163,2026-02-26 01:09:09.740000+00:00,124091.05635812978,427154.2080722323,9.870596663734688,-0.026956539644743316,0.005088530539069325,0.013826590739180133,0,0.024664573322949274,-0.012008621713690475,0.013826590739180133,907_GSL_1
63882,113,2026-02-26 01:09:21.100000+00:00,124414.08026923817,426875.9149379021,7.337490567811239,0.0030346239946084097,-0.0002942360588349402,0.034140622685962185,0,-0.0004331261161620227,-0.0030179329705065055,0.034140622685962185,32_P7_0
63883,177,2026-02-26 01:09:25.400000+00:00,124422.72785667039,427023.8980117509,7.791149943514365,0.001350833335891366,-0.0014077866217121482,-0.0019826762187893365,0,-0.0010541162162795896,0.0016417834437597123,-0.0019826762187893365,42_LHN_0
63884,112,2026-02-26 01:09:36.490000+00:00,124413.95427947387,426875.8672685047,10.70323445107474,0.0035448490525595844,2.439250238239765e-06,0.033968844154076194,0,-0.0008508542425067507,-0.003441221848905207,0.033968844154076194,31_P7_0
63885,108,2026-02-26 01:09:39.230000+00:00,124422.7127300472,427023.83729015285,10.326209730241956,0.0020052072213729843,-0.001529341854620725,-0.0021127541007004425,0,-0.0010198118289224236,0.0023064531953913624,-0.0021127541007004425,39_LHN_0
63886,161,2026-02-26 01:09:52.400000+00:00,124402.9923928532,426879.64503075345,6.582848183863026,0.0009891066001728177,-0.002476133522577584,0.041223863039304476,0,0.0016967550002841766,-0.0020568401875567647,0.041223863039304476,34a_P7_0
63887,107,2026-02-26 01:09:53.570000+00:00,124409.92176281614,426969.5262391303,6.29563747730118,0.0009453088423470035,0.0018280771910212934,0.006557153871146859,0,0.0020004448075049957,0.00048342072346770033,0.006557153871146859,38_P9_0
63888,106,2026-02-26 01:10:08.070000+00:00,124410.03296545464,426969.4516960594,8.93040234298926,0.0007616364164277911,0.0021347184665501118,0.006515118650728624,0,0.00225523677235048,0.00022587621144604545,0.006515118650728624,37_P9_0
63889,160,2026-02-26 01:10:23.730000+00:00,124421.8128701112,426965.6188895954,5.602417240177607,0.001663950562942773,0.00025155674666166306,0.010236010290268105,0,0.001034241805272152,0.0013275376307042945,0.010236010290268105,38a_P9_0
63890,133,2026-02-26 01:15:23.250000+00:00,124806.22275225136,426258.50970346486,4.6012063394299405,0.0008561578288208693,-0.0017803484806790948,0.013049235245374824,0,0.001965617348619314,0.00019747247735926127,0.013049235245374824,903_GSL_1
63891,130,2026-02-26 01:15:23.450000+00:00,124898.93969173761,426720.76802138035,4.129993155343857,0.0013187403528718278,-0.0016553184250369668,0.03993042287366233,0,0.0018553154360377287,0.0010183122504219962,0.03993042287366233,901_GSL_1
63892,153,2026-02-26 01:15:39.970000+00:00,124370.2755356089,426819.4974313022,9.73437382465915,0.0016968040290521458,-0.001691795012447983,0.008293347546160845,0,0.0011862747835539892,-0.002081842072553872,0.008293347546160845,29_KW_1
63893,132,2026-02-26 01:15:42.920000+00:00,124806.2215977697,426258.50602219626,4.6232854784758635,0.007463481932063587,0.0008804458193480968,0.04065330426554237,0,0.002970625923993342,-0.006903197013757166,0.04065330426554237,903_GSL_1
63894,136,2026-02-26 01:15:55.900000+00:00,123855.61440695061,426533.076088548,6.0370279714793496,-0.001363161180051975,0.0019800218869931996,0.014735429042611159,0,-5.283466384755102e-05,0.0024033109607516294,0.014735429042611159,904_GSL_1
63895,135,2026-02-26 01:16:00.020000+00:00,123855.61360428442,426533.0736019218,6.061768571026385,-4.5993816456757486e-05,-0.0030329995206557214,0.04057012390802761,0,0.0017409597498945716,-0.002484000940558824,0.04057012390802761,904_GSL_1
63896,5,2026-02-26 01:16:00.220000+00:00,124424.61925180006,426919.14323230815,8.795874059161346,-0.0006335038633551449,-0.0025052205892279744,-0.011370687242523658,11,-0.0025839685996647825,-2.3740714481146765e-05,-0.011370687242523658,TS4
63897,140,2026-02-26 01:16:12.560000+00:00,123928.08731852348,426940.4325428397,7.145455445867133,-0.000205208983970806,-0.0018958371947519481,0.009881739664789002,0,0.00014330962546970125,-0.001901518274262701,0.009881739664789002,905_GSL_1
63898,145,2026-02-26 01:16:29.080000+00:00,124266.92057821872,427056.31624834996,7.1198452497756195,0.002254465885926038,0.0015017423429526389,0.01187831348397328,0,-0.0005411424206227208,0.002654244030985798,0.01187831348397328,906_GSL_1
63899,6,2026-02-26 01:16:29.280000+00:00,124399.03779046053,426925.07699850365,8.570980981480432,-0.0013802838511765003,0.0015492887469008565,0.023674285658874084,11,-0.002064672072725726,-0.0002064179333263273,0.023674285658874084,TS5
63900,66,2026-02-26 01:21:22.950000+00:00,124898.9404958482,426720.7698952499,4.1307137836005134,0.00289018452167511,-0.004309904878027737,0.04842725319674912,0,0.004329304758419693,0.0028610429804010753,0.04842725319674912,901_GSL_1
63901,71,2026-02-26 01:21:24.850000+00:00,124806.2193359654,426258.5077533759,4.601036345459863,-0.008425970081589185,-0.007352756161708385,0.009532682310595675,0,0.0018820984803562366,0.011023506715179947,0.009532682310595675,903_GSL_1
63902,67,2026-02-26 01:21:40.980000+00:00,123855.61421010009,426533.07684022776,6.036861770924628,-0.0037843740574317053,-0.014262476935982704,-0.0075463774129476135,0,0.011412984255416694,-0.009353262839331062,-0.0075463774129476135,904_GSL_1
63903,71,2026-02-26 01:21:42.650000+00:00,124806.22626793642,426258.5086563746,4.625350334319744,-0.0014939990651328117,-0.00644975749310106,0.033846671170477016,0,0.004837655581668679,0.004519789087953204,0.033846671170477016,903_GSL_1
63904,68,2026-02-26 01:21:56.710000+00:00,123928.08725615972,426940.43230957264,7.146638163776854,-0.021694202136131935,-0.015425432589836419,0.027824882736627643,0,0.021179450081799896,-0.016124927011911875,0.027824882736627643,905_GSL_1
63905,67,2026-02-26 01:21:59.140000+00:00,123855.61387067845,426533.07323875173,6.062730448831785,-0.004123795690247789,-0.01786395296221599,0.018322300494209465,0,0.01344213779664888,-0.01246737493569016,0.018322300494209465,904_GSL_1
63906,69,2026-02-26 01:22:13.160000+00:00,124266.92046247651,427056.3163710889,7.119528677650013,-0.0221347201440949,0.0015327048604376614,0.029027306722580803,0,0.01678273733986109,-0.014513261088667915,0.029027306722580803,906_GSL_1
63907,159,2026-02-26 01:22:36.630000+00:00,124421.80843723626,426965.6165104885,5.63318107513958,0.0004865838564001024,-0.0016634201747365296,0.04395517858996545,0,-0.0016897652597751757,0.00038525821715653817,0.04395517858996545,38a_P9_0
63908,162,2026-02-26 01:22:50.840000+00:00,124402.9976897722,426879.6475849544,6.5541217715697755,0.002261643880046904,-0.00014863349497318268,0.009448728279208396,0,0.0003443557134911727,-0.0022402107263754328,0.009448728279208396,34a_P7_0
63909,110,2026-02-26 01:22:52.080000+00:00,124434.14257649651,426963.932524473,8.78791168098642,0.002490654034772888,0.00043789955088868737,0.03685132072863162,0,0.0009462000106148726,0.002345169306790321,0.03685132072863162,35_P9_0
63910,104,2026-02-26 01:23:06.570000+00:00,124389.81676060698,426881.44653675484,10.73196291810084,-0.00033560329757165164,0.0021971866954118013,0.006051050040632333,0,-0.0020803205355055354,0.0007826400305309971,0.006051050040632333,33_P7_0
63911,111,2026-02-26 01:23:08.570000+00:00,124434.26394398052,426963.9759429344,6.5045220543554585,0.002253221202408895,-0.0021208449616096914,0.04322954474069007,0,-0.0015996771366402545,0.002648777490972134,0.04322954474069007,36_P9_0
63912,105,2026-02-26 01:23:21.390000+00:00,124389.68799084169,426881.4740836169,7.06834435667726,-0.0006945956702111289,0.0021304027759470046,0.006048459954469898,0,-0.0019374474582039792,0.0011257781662200104,0.006048459954469898,34_P7_0
63913,176,2026-02-26 01:23:21.920000+00:00,124446.56705134446,427019.0001908659,7.907600632548183,-0.00019472948042675853,-0.002750276180449873,-0.01081229109900228,0,-0.0027279628117536747,0.0004001968727841394,-0.01081229109900228,41_LHN_0
63914,65,2026-02-26 01:23:36.090000+00:00,124370.27589757793,426819.497523508,9.734269292659933,-0.002576913218945265,-0.0009339159005321562,-0.0011099750905199102,0,0.0015783509037898102,0.002240867928225027,-0.0011099750905199102,30_KW_1
63915,109,2026-02-26 01:23:39.510000+00:00,124446.57262929574,427018.96631326777,10.387905863484255,0.003574481772375293,0.0011227991781197488,0.0020806220162867817,0,0.001864252671460886,0.0032499476784066156,0.0020806220162867817,40_LHN_0
63916,153,2026-02-26 01:23:51.340000+00:00,124370.2759636337,426819.4975588741,9.73440868264029,0.002124828824889846,-0.0015642231446690857,0.008328205527300625,0,0.0009506777979444015,-0.0024612808262969082,0.008328205527300625,29_KW_1
63917,167,2026-02-26 01:23:55.760000+00:00,124669.37617102127,426931.3042970368,13.851694369059512,-6.196668255142868e-05,-0.002123580372426659,0.042322404242728595,0,-0.00016729148029219926,0.0021178873975081446,0.042322404242728595,908_GSL_1
63918,163,2026-02-26 01:24:08.190000+00:00,124091.05566649204,427154.20730753295,9.868507130767771,-0.027648177376249805,0.004323831177316606,0.011737057772263526,0,0.024763007176869793,-0.013034980009067977,0.011737057772263526,907_GSL_1
63919,151,2026-02-26 01:24:13.730000+00:00,124403.03546944723,426812.8397699603,6.611666546856069,-0.0015158982132561505,0.002086034568492323,0.002921244380340582,0,-0.0017427225551500968,0.001900632976055414,0.002921244380340582,27_KW_1
63920,108,2026-02-26 01:24:25.170000+00:00,124422.71178386472,427023.83760625543,10.326147571744801,0.0010590247402433306,-0.001213239273056388,-0.002174912597855183,0,-0.0009329665903246619,0.0013126523818101352,-0.002174912597855183,39_LHN_0
63921,113,2026-02-26 01:24:28.780000+00:00,124414.08008593987,426875.9149460504,7.339754187767707,0.0028513256984297186,-0.00028608780121430755,0.036404242642430695,0,-0.0003976125339386994,-0.002837923314923116,0.036404242642430695,32_P7_0
63922,177,2026-02-26 01:24:38.410000+00:00,124422.72796670925,427023.8981256518,7.791290738679248,0.0014608721976401284,-0.0012938856962136924,-0.0018418810539069241,0,-0.0009177023950695016,0.0017222398458948713,-0.0018418810539069241,42_LHN_0
63923,112,2026-02-26 01:24:43.580000+00:00,124413.95390124903,426875.8673774891,10.705204272777534,0.0031666242139181122,0.0001114236656576395,0.03593866585686989,0,-0.0008661381116178424,-0.0030479056607848223,0.03593866585686989,31_P7_0
63924,107,2026-02-26 01:24:51.920000+00:00,124409.9216446922,426969.5265587292,6.295590584648629,0.0008271848928416148,0.0021476760739460588,0.006510261218595659,0,0.002282780661069405,0.0002926769874678909,0.006510261218595659,38_P9_0
63925,161,2026-02-26 01:25:05.690000+00:00,124402.99222545442,426879.6450763776,6.585047511938573,0.0008217078284360468,-0.0024305093684233725,0.04342319111485082,0,0.0017371404890069253,-0.001888100226884062,0.04342319111485082,34a_P7_0
63926,106,2026-02-26 01:25:06.520000+00:00,124410.0330062371,426969.4518253566,8.930440605708704,0.0008024188864510506,0.002264015667606145,0.006553381370173028,0,0.00239054719664858,0.00023436534107042694,0.006553381370173028,37_P9_0
63927,160,2026-02-26 01:25:22.200000+00:00,124421.81288473967,426965.6190419456,5.60264283515734,0.0016785790357971564,0.00040390697540715337,0.010461605270001506,0,0.0011742363721817903,0.0012656766437149788,0.010461605270001506,38a_P9_0
63928,130,2026-02-26 01:30:23.080000+00:00,124898.94032123405,426720.7694822501,4.130521949813083,0.0019482367933960631,-0.00019444868667051196,0.04045921734288882,0,0.0018724010433247204,-0.0005723209133401989,0.04045921734288882,901_GSL_1
63929,133,2026-02-26 01:30:23.750000+00:00,124806.23027844474,426258.5144744824,4.594888688377553,0.008382351210457273,0.0029906690469942987,0.006731584192987583,0,0.0018175566300511615,-0.008712313186557366,0.006731584192987583,903_GSL_1
63930,153,2026-02-26 01:30:41.620000+00:00,124370.27566149224,426819.4975896904,9.734438800855251,0.0018226873653475195,-0.0015334068448282778,0.008358323742262641,0,0.0010003667397005126,-0.002161664212976813,0.008358323742262641,29_KW_1
63931,132,2026-02-26 01:30:54.250000+00:00,124806.2182391103,426258.50407418434,4.634864500810485,0.004104822524823248,-0.0010675661033019423,0.05223232660016386,0,0.0029775517456657927,-0.0030205050814554497,0.05223232660016386,903_GSL_1
63932,136,2026-02-26 01:30:57.140000+00:00,123855.61526699446,426533.0754565186,6.037484303977925,-0.0005031173350289464,0.0013479925110004842,0.015191761541186288,0,-0.0003805835427058918,0.0013875759545125639,0.015191761541186288,904_GSL_1
63933,135,2026-02-26 01:31:12.090000+00:00,123855.61380175642,426533.07359980396,6.0638169585602455,0.0001514781906735152,-0.003035117348190397,0.042618511441887996,0,0.0015787395919951378,-0.0025966255525591395,0.042618511441887996,904_GSL_1
63934,5,2026-02-26 01:31:12.290000+00:00,124424.6191850644,426919.1432827877,8.790329517070454,-0.0007002395286690444,-0.0024547410430386662,-0.016915229333415382,11,-0.0025514992659120507,-7.707452198666192e-05,-0.016915229333415382,TS4
63935,140,2026-02-26 01:31:14.970000+00:00,123928.08733128905,426940.4315419861,7.146604367583334,-0.00019244341820012778,-0.0028966907993890345,0.011030661380990736,0,9.793180135224291e-05,-0.0029014240329116904,0.011030661380990736,905_GSL_1
63936,145,2026-02-26 01:31:31.680000+00:00,124266.92024535191,427056.3161514252,7.119430460268285,0.0019215990760130808,0.001404817565344274,0.011463523976638967,0,-0.00037329254353650845,0.00235089516520286,0.011463523976638967,906_GSL_1
63937,6,2026-02-26 01:31:31.880000+00:00,124399.03775531573,426925.0769008247,8.57068593464089,-0.0014154286473058164,0.0014516097726300359,0.02337923881933257,11,-0.002025410690135602,9.121800202493544e-05,0.02337923881933257,TS5
63938,66,2026-02-26 01:36:23.380000+00:00,124898.9411017548,426720.77171414054,4.123873086593055,0.003496091114357114,-0.002491014252882451,0.041586556189290746,0,0.004186502096323402,0.0009492129821225779,0.041586556189290746,901_GSL_1
63939,71,2026-02-26 01:36:26.230000+00:00,124806.22236719573,426258.5097240732,4.597475122506545,-0.005394739753683098,-0.005382058850955218,0.005971459357277276,0,0.0017805669118084624,0.007409409960157896,0.005971459357277276,903_GSL_1
63940,67,2026-02-26 01:36:42.670000+00:00,123855.61487944545,426533.07575056015,6.038944947578808,-0.003115028695901856,-0.015352144546341151,-0.005463200758767606,0,0.011507602307067427,-0.010628585752131877,-0.005463200758767606,904_GSL_1
63941,71,2026-02-26 01:36:46.310000+00:00,124806.22124026276,426258.5058110315,4.633763943067884,-0.006521672723465599,-0.009295100579038262,0.042260279918616916,0,0.004786681085673342,0.010296542821281798,0.042260279918616916,903_GSL_1
63942,68,2026-02-26 01:36:58.290000+00:00,123928.08735979363,426940.43339366367,7.146279609368348,-0.021590568227111362,-0.014341341564431787,0.02746632832812157,0,0.021111233199664587,-0.015038036674600477,0.02746632832812157,905_GSL_1
63943,67,2026-02-26 01:37:03.110000+00:00,123855.61777095971,426533.0670508861,6.0621981895379236,-0.00022351443476509303,-0.024051818589214236,0.017790041200347773,0,0.013688755670455096,-0.01977771231324805,0.017790041200347773,904_GSL_1
63944,69,2026-02-26 01:37:15.120000+00:00,124266.92077408842,427056.3166256711,7.119521705346017,-0.02182310823991429,0.0017872870666906238,0.029020334418584426,0,0.01674110086348072,-0.014113043264602413,0.029020334418584426,906_GSL_1
63945,159,2026-02-26 01:37:40.660000+00:00,124421.80833413971,426965.6164567119,5.627612386513508,0.0003834873059531674,-0.0017171967774629593,0.03838648996389349,0,-0.0017372183604930996,0.0002791050954784911,0.03838648996389349,38a_P9_0
63946,162,2026-02-26 01:37:53.160000+00:00,124402.99758066448,426879.6475320643,6.553804262489297,0.0021525361662497744,-0.00020152359502390027,0.009131219198730278,0,0.00038757906258495033,-0.0021269241116246727,0.009131219198730278,34a_P7_0
63947,110,2026-02-26 01:37:57.030000+00:00,124434.14238488038,426963.9325503905,8.78238471959297,0.002299037907505408,0.00046381703577935696,0.03132435933518174,0,0.0009317127087121619,0.002152350568854953,0.03132435933518174,35_P9_0
63948,104,2026-02-26 01:38:08.480000+00:00,124389.81658691185,426881.44647364656,10.731774647154408,-0.0005092984210932627,0.0021340784151107073,0.005862779094201187,0,-0.0019826631469662876,0.000939533080434774,0.005862779094201187,33_P7_0
63949,111,2026-02-26 01:38:13.430000+00:00,124434.2636810761,426963.9759863732,6.499015985924784,0.00199031678494066,-0.0020774061558768153,0.03772347631001516,0,-0.0016124832343985215,0.002382619369449324,0.03772347631001516,36_P9_0
63950,105,2026-02-26 01:38:24.110000+00:00,124389.6878012002,426881.4739173926,7.068030249034566,-0.0008842371607897803,0.0019641784601844847,0.005734352311775659,0,-0.0017351608499432205,0.0012763577887091788,0.005734352311775659,34_P7_0
63951,176,2026-02-26 01:38:30.910000+00:00,124446.56679474522,427019.00033185846,7.901784898977048,-0.0004513287276495248,-0.0026092836051248014,-0.016628024670137798,0,-0.0026453397504366473,0.00011931536839232032,-0.016628024670137798,41_LHN_0
63952,153,2026-02-26 01:38:38.830000+00:00,124370.2758295419,426819.4975404682,9.734158368855804,0.00199073702970054,-0.0015826290473341942,0.008077891742814813,0,0.0010036842541063218,-0.002336742720315162,0.008077891742814813,29_KW_1
63953,109,2026-02-26 01:38:44.360000+00:00,124446.57194713858,427018.96655986423,10.38176098723872,0.002892324613640085,0.001369395642541349,-0.004064254229247055,0,0.0019585979105370926,0.002530746988799796,-0.004064254229247055,40_LHN_0
63954,65,2026-02-26 01:38:53.980000+00:00,124370.27595295093,426819.4974557659,9.734225674966012,-0.0025215402129106224,-0.0010016579763032496,-0.0011535927844406046,0,0.0016291581197103147,0.0021696376581814805,-0.0011535927844406046,30_KW_1
63955,167,2026-02-26 01:39:00.680000+00:00,124669.37597227418,426931.3056050721,13.847091454551357,-0.00026071377214975655,-0.0008155450341291726,0.03771948973457384,0,-0.00030087078925087815,0.000801599739182132,0.03771948973457384,908_GSL_1
63956,163,2026-02-26 01:39:10.810000+00:00,124091.05626190179,427154.207797868,9.86966556249912,-0.0270527676329948,0.004814166226424277,0.012895489503613078,0,0.02457800445209879,-0.012286176387024056,0.012895489503613078,907_GSL_1
63957,151,2026-02-26 01:39:18.220000+00:00,124403.03580297188,426812.8396312625,6.606406665319761,-0.0011823735694633797,0.0019473367719911039,-0.0023386371559679375,0,-0.001673157560364725,0.0015461796595184752,-0.0023386371559679375,27_KW_1
63958,108,2026-02-26 01:39:27.590000+00:00,124422.71228314663,427023.8375335477,10.325919592402903,0.0015583066415274516,-0.0012859469861723483,-0.0024028919397540704,0,-0.0008872914117121767,0.0018151289736479121,-0.0024028919397540704,39_LHN_0
63959,113,2026-02-26 01:39:34.540000+00:00,124414.08024056982,426875.91486130486,7.3335647439743665,0.0030059556447668,-0.0003708333242684603,0.030214798849089952,0,-0.00035191066745230386,-0.0030082296413051083,0.030214798849089952,32_P7_0
63960,177,2026-02-26 01:39:40.670000+00:00,124422.72813355437,427023.89802935364,7.790791085641377,0.0016277173126582056,-0.0013901838683523238,-0.0023415340917773975,0,-0.0009724548266010187,0.0019069364037572582,-0.0023415340917773975,42_LHN_0
63961,112,2026-02-26 01:39:50.980000+00:00,124413.9539363312,426875.86724911595,10.699679448554019,0.0032017063931562006,-1.6949488781392574e-05,0.030413841633354366,0,-0.0007498883452436592,-0.0031126963524916733,0.030413841633354366,31_P7_0
63962,107,2026-02-26 01:39:54.430000+00:00,124409.9215720485,426969.5263231086,6.2954420236245365,0.000754541193600744,0.0019120554788969457,0.006361700194503328,0,0.0020366440451742066,0.00027815391508426965,0.006361700194503328,38_P9_0
63963,161,2026-02-26 01:40:08.980000+00:00,124402.99234045947,426879.64508940006,6.5794139893055945,0.0009367128805024549,-0.002417486917693168,0.037789668481872596,0,0.001670484989812467,-0.0019827137757447645,0.037789668481872596,34a_P7_0
63964,106,2026-02-26 01:40:09.140000+00:00,124410.03307140525,426969.45165077364,8.930211546806168,0.0008675870340084657,0.0020894327317364514,0.0063243224676377,0,0.002236761706931759,0.00033960781562705306,0.0063243224676377,37_P9_0
63965,160,2026-02-26 01:40:24.840000+00:00,124421.81288962411,426965.61874036567,5.602224656830783,0.001683463473455049,0.00010232703061774373,0.010043426943444622,0,0.0009136917257119661,0.0014176344796942096,0.010043426943444622,38a_P9_0
63966,130,2026-02-26 01:45:23.250000+00:00,124898.940044231,426720.7685964759,4.126879315253158,0.0016712337383069098,-0.0010802228935062885,0.03681658278296407,0,0.001958617084777444,0.00035174255205802895,0.03681658278296407,901_GSL_1
63967,133,2026-02-26 01:45:27.890000+00:00,124806.2210333917,426258.50874470896,4.605435939391262,-0.0008627018250990659,-0.0027391043840907514,0.01727883520669593,0,0.0018877537129622585,0.0021641010108522296,0.01727883520669593,903_GSL_1
63968,153,2026-02-26 01:45:44.690000+00:00,124370.27537212615,426819.49755808065,9.733854552794694,0.001533321279566735,-0.0015650165732949972,0.007774075681705739,0,0.0011069283802361634,-0.001890783060556638,0.007774075681705739,29_KW_1
63969,132,2026-02-26 01:45:45.080000+00:00,124806.22379268194,426258.50714443665,4.619480247010788,0.009658394163125195,0.0020026862039230764,0.03684807280046698,0,0.0030966840092492773,-0.009365141642737416,0.03684807280046698,903_GSL_1
63970,136,2026-02-26 01:46:00.240000+00:00,123855.61426812613,426533.0766331972,6.0335042432898,-0.0015019856655271724,0.002524671086575836,0.011211700853061224,0,-0.0002588833678232568,0.0029262440835831865,0.011211700853061224,904_GSL_1
63971,135,2026-02-26 01:46:03.010000+00:00,123855.61488736076,426533.07150732714,6.058177250254605,0.001237082527950406,-0.00512759416596964,0.036978803136247684,0,0.0018552326386219167,-0.0049376823478670655,0.036978803136247684,904_GSL_1
63972,5,2026-02-26 01:46:03.210000+00:00,124424.61921465283,426919.1435879769,8.79613977905293,-0.0006706510903313756,-0.0021495518158189952,-0.011104967350938466,11,-0.0022510645579826736,-5.526526619563495e-05,-0.011104967350938466,TS4
63973,140,2026-02-26 01:46:16.120000+00:00,123928.0872290523,426940.4323733038,7.145426013710632,-0.0002946801687357947,-0.002065373118966818,0.009852307508288582,0,0.0002272082321026171,-0.002073880165694653,0.009852307508288582,905_GSL_1
63974,145,2026-02-26 01:46:33.040000+00:00,124266.92031454683,427056.3162289889,7.119068047589035,0.001990794000448659,0.0014823812525719404,0.01110111129738911,0,-0.00036772116073006044,0.002454688590870636,0.01110111129738911,906_GSL_1
63975,6,2026-02-26 01:46:33.240000+00:00,124399.0378050917,426925.0767526248,8.571321220391171,-0.0013656526716658846,0.0013034099247306585,0.024014524569613727,11,-0.0018866066191196291,6.782415652665399e-05,0.024014524569613727,TS5
63976,66,2026-02-26 01:51:22.680000+00:00,124898.93995826345,426720.7686306535,4.132464701849336,0.0023525997676188126,-0.0055745012941770256,0.05017817144557135,0,0.004321275198925228,0.004235135298964503,0.05017817144557135,901_GSL_1
63977,71,2026-02-26 01:51:27.680000+00:00,124806.22319532541,426258.509981145,4.600058423524549,-0.004566610077745281,-0.005124987103044987,0.008554760375282022,0,0.001992899393436028,0.006568696401584148,0.008554760375282022,903_GSL_1
63978,71,2026-02-26 01:51:43.250000+00:00,124806.22197198849,426258.50641546305,4.628955297218118,-0.005789946997538209,-0.008690669026691467,0.03745163406885066,0,0.0046292999297114345,0.009360598085943538,0.03745163406885066,903_GSL_1
63979,67,2026-02-26 01:51:44.080000+00:00,123855.61567207657,426533.07460455777,6.034630399788331,-0.002322397573152557,-0.016498146927915514,-0.009777748549244514,0,0.011535187763901542,-0.012021723079259859,-0.009777748549244514,904_GSL_1
63980,68,2026-02-26 01:51:59.680000+00:00,123928.0873214976,426940.4319765246,7.145814334497216,-0.021628864255035296,-0.015758480643853545,0.02700105345699022,0,0.021103273776208905,-0.01645567735135275,0.02700105345699022,905_GSL_1
63981,67,2026-02-26 01:52:00.470000+00:00,123855.61601793663,426533.0701253133,6.060525694819491,-0.0019765375182032585,-0.02097739139571786,0.016117546481915213,0,0.013413286956819329,-0.016249350243748927,0.016117546481915213,904_GSL_1
63982,69,2026-02-26 01:52:16.480000+00:00,124266.9205470152,427056.3161960464,7.119910620426481,-0.022050181461963803,0.0013576623750850558,0.02940924949904833,0,0.016599382215499364,-0.014577868832377975,0.02940924949904833,906_GSL_1
63983,159,2026-02-26 01:52:37.340000+00:00,124421.80840087803,426965.61682151206,5.6335278179764865,0.00045022561971563846,-0.001352396619040519,0.044301921426871615,0,-0.0013771137387965187,0.00036774648095995503,0.044301921426871615,38a_P9_0
63984,110,2026-02-26 01:52:53.650000+00:00,124434.1425226346,426963.9329348153,8.788187621798137,0.0024367921287193894,0.0008482418488711119,0.0371272615403484,0,0.0013363801683522682,0.002207160655321633,0.0371272615403484,35_P9_0
63985,162,2026-02-26 01:52:54.420000+00:00,124402.99757776152,426879.64733071544,6.554401676480477,0.0021496332046808675,-0.0004028724506497383,0.00972863318991024,0,0.0005879145357008597,-0.0021065577668012586,0.00972863318991024,34a_P7_0
63986,111,2026-02-26 01:53:09.510000+00:00,124434.26368525023,426963.97645604785,6.504931817483838,0.0019944909145124257,-0.0016077315085567534,0.043639307869069555,0,-0.00115242849819531,0.002287947370073466,0.043639307869069555,36_P9_0
63987,104,2026-02-26 01:53:10.100000+00:00,124389.81660460323,426881.4463801582,10.732344641267275,-0.0004916070465696976,0.002040590043179691,0.006432773207068365,0,-0.001894851120020504,0.0009028978045815124,0.006432773207068365,33_P7_0
63988,176,2026-02-26 01:53:23.040000+00:00,124446.5668806051,427019.0005236908,7.907752711088972,-0.0003654688480310142,-0.002417451294604689,-0.010660212558213367,0,-0.0024395483040094692,0.00016199479334696345,-0.010660212558213367,41_LHN_0
63989,105,2026-02-26 01:53:25.880000+00:00,124389.68783322648,426881.4737212649,7.068682026018267,-0.0008522108837496489,0.0017680507735349238,0.00638612929547655,0,-0.0015501031900332274,0.0012039298270362822,0.00638612929547655,34_P7_0
63990,109,2026-02-26 01:53:39.790000+00:00,124446.57206210555,427018.9669789411,10.388884129007504,0.0030072915833443403,0.0017884725239127874,0.0030588875395363146,0,0.002392587622023579,0.0025530297896781853,0.0030588875395363146,40_LHN_0
63991,65,2026-02-26 01:53:40.670000+00:00,124370.27558096866,426819.49736720446,9.73454948557459,-0.0028935224836459383,-0.0010902194189839065,-0.0008297821758631585,0,0.0018123729094491007,0.0025052654913180696,-0.0008297821758631585,30_KW_1
63992,167,2026-02-26 01:53:55.940000+00:00,124669.37607397493,426931.3048901489,13.851864669469983,-0.00015901302685961127,-0.0015304682310670614,0.0424927046531991,0,-0.00023477764197650863,0.0015206898460384834,0.0424927046531991,908_GSL_1
63993,153,2026-02-26 01:53:56.230000+00:00,124370.27590766159,426819.49733425415,9.734932689711602,0.002068856716505252,-0.0017888430738821626,0.008852212598613463,0,0.0011821097821209136,-0.0024663219821059704,0.008852212598613463,29_KW_1
63994,163,2026-02-26 01:54:12.940000+00:00,124091.05632067112,427154.2079939852,9.870801014775106,-0.02699399829725735,0.005010283435694873,0.014030941779598294,0,0.024647919181977028,-0.012093757239876286,0.014030941779598294,907_GSL_1
63995,151,2026-02-26 01:54:14.050000+00:00,124403.03590754872,426812.8399747451,6.612095820503562,-0.001077796725439839,0.0022908193641342223,0.0033505180278332602,0,-0.002030580215888548,0.00151203277983752,0.0033505180278332602,27_KW_1
63996,108,2026-02-26 01:54:29.880000+00:00,124422.71206943717,427023.8373964307,10.326591692702657,0.0013445971853798255,-0.0014230639790184796,-0.0017307916400000067,0,-0.0010704472573183812,0.0016392667106394896,-0.0017307916400000067,39_LHN_0
63997,113,2026-02-26 01:54:30.120000+00:00,124414.08028036397,426875.91530650324,7.339730512457947,0.0030457497923634946,7.436505984514952e-05,0.03638056733267003,0,-0.0007938586963498813,-0.002941412981891137,0.03638056733267003,32_P7_0
63998,177,2026-02-26 01:54:42.870000+00:00,124422.72834925217,427023.89784319216,7.791656369800314,0.0018434151133988053,-0.0015763453557156026,-0.0014762499328409007,0,-0.0011032090375379803,0.0021600865214819066,-0.0014762499328409007,42_LHN_0
63999,112,2026-02-26 01:54:45.550000+00:00,124413.95403484964,426875.8676393204,10.705465147920723,0.0033002248237608,0.00037325493758544326,0.036199541000058844,0,-0.0011523281387455096,-0.0031149547342544525,0.036199541000058844,31_P7_0
64000,107,2026-02-26 01:54:56.500000+00:00,124409.92170612978,426969.52615353843,6.296063099557967,0.0008886224823072553,0.0017424853285774589,0.006982776127934187,0,0.00190382654604621,0.00044871986688730666,0.006982776127934187,38_P9_0
64001,161,2026-02-26 01:55:03.020000+00:00,124402.9924237494,426879.64535775076,6.585357079480107,0.0010200028045801446,-0.002149136213120073,0.04373275865638515,0,0.0013951144487486244,-0.001926875153918455,0.04373275865638515,34a_P7_0
64002,106,2026-02-26 01:55:11.250000+00:00,124410.03314356449,426969.451548281,8.930878955972425,0.0009397462708875537,0.001986940100323409,0.006991731633894105,0,0.0021546310846986107,0.00043430278006334336,0.006991731633894105,37_P9_0
64003,160,2026-02-26 01:55:27.200000+00:00,124421.8129488793,426965.6187084492,5.602951123912055,0.0017427186685381457,7.041054777801037e-05,0.010769894024716287,0,0.0009148814726470314,0.0014849302656747777,0.010769894024716287,38a_P9_0
