,Id,Timestamp,Easting,Northing,Height,EastingDiff,NorthingDiff,HeightDiff,Type,LongitudinalDisplacement,TransverseDisplacement,HeightDisplacement,Name
0,138,2026-02-09 11:00:20.160000+00:00,123928.08191563185,426940.42591359623,7.119831796209622,-0.004703246828285046,-0.005807555804494768,0.0018957326116950668,0,-0.0017129578738098992,-0.0072742017068986265,0.0018957326116950668,905_GSL_1
1,134,2026-02-09 11:00:21.670000+00:00,123855.62989964543,426533.07978025725,6.047665273607706,0.015437504014698789,0.005482195294462144,0.0018223547099252002,0,-0.014034310468666633,0.008450392009814593,0.0018223547099252002,904_GSL_1
2,139,2026-02-09 11:00:22.250000+00:00,123928.0972685544,426940.4240406369,7.132788515274664,0.010398630707641132,-0.007063375669531524,-0.0038133154645914047,0,-0.012147472648244275,-0.0032344558588708948,-0.0038133154645914047,905_GSL_1
3,142,2026-02-09 11:00:36.750000+00:00,124266.93230675471,427056.31561891764,7.075178910838023,0.012815808760933578,0.00046454748371616006,-0.0076218224160324866,0,-0.0005329384007379599,0.01281314696795708,-0.0076218224160324866,906_GSL_1
4,143,2026-02-09 11:00:38.970000+00:00,124266.9284776224,427056.3077509992,7.114272768477163,0.008910194301279262,-0.006475876783952117,0.008731030254385708,0,-0.009370005282788073,0.0057906427629411785,0.008731030254385708,906_GSL_1
5,137,2026-02-09 11:00:39.390000+00:00,123928.09640644539,426940.4261273205,7.126342775233248,0.0070071835070848465,-0.0077012505498714745,0.0034790842677185907,0,-0.010346166145869147,0.001169070919973959,0.0034790842677185907,905_GSL_1
6,152,2026-02-09 11:00:54.930000+00:00,124370.28405815452,426819.492198812,9.736665899539211,0.00828649265167769,-0.006971225899178535,0.0077449483113323225,0,-0.008692930843207533,0.006457314020465251,0.0077449483113323225,29_KW_1
7,141,2026-02-09 11:00:56.400000+00:00,124266.9284484933,427056.31313098076,7.078994655396145,0.0098197418556083,-0.0013873222633264959,-0.005140044866952742,0,-0.0016881715018320816,0.009772516060539829,-0.005140044866952742,906_GSL_1
8,125,2026-02-09 11:00:56.610000+00:00,124339.65989015238,426609.59034720727,6.675122841690836,0.0020245887571945786,-0.0008866391726769507,0.0016069035617221061,0,-0.0005835052181836686,0.0021318091656235055,0.0016069035617221061,17_P5_1
9,150,2026-02-09 11:01:11.950000+00:00,124401.11383155733,426812.31541062094,9.1899946096427,0.010650927404640242,-0.006020968081429601,0.00798058639889021,0,0.0015563060974855178,0.01213557672908214,0.00798058639889021,27_KW_1
10,146,2026-02-09 11:01:13.650000+00:00,124350.92591951114,426607.5116748873,11.38075400060606,-0.00034706380392890424,-0.00019050948321819305,0.001432487381977765,0,-0.0002595086372048487,-0.00029900236522433405,0.001432487381977765,13_P5_1
11,122,2026-02-09 11:01:14.070000+00:00,124329.16472214727,426611.3894374521,8.081473398370148,0.015171244216617197,-0.002601456770207733,-0.0021904400722494444,0,0.0013304414096745717,0.015335062897260106,-0.0021904400722494444,16_P5_1
12,129,2026-02-09 11:01:29.410000+00:00,124898.95066823307,426720.76777542237,4.086057512116027,0.010996534285368398,-0.0047272477531805634,-0.005627233129586351,0,0.0114786597300943,0.0033927877048151424,-0.005627233129586351,901_GSL_1
13,120,2026-02-09 11:01:29.460000+00:00,124329.27094329652,426611.3302290184,11.352080315533826,0.010691461357055232,-0.0009460716973990202,-0.005950851113047051,0,0.0018033785825480552,0.010580653254597833,-0.005950851113047051,15_P5_1
14,148,2026-02-09 11:01:32.320000+00:00,124351.04160281138,426607.3981493385,8.015670209416754,0.00048439671809319407,-0.0003065562341362238,0.0002137942043720642,0,-0.00019691259738936046,0.000538370071769054,0.0002137942043720642,14_P5_1
15,124,2026-02-09 11:01:45.340000+00:00,124339.67161730344,426609.5885543866,6.668150356628685,0.013851580210030079,-0.0016875174478627741,-0.006279839204508697,0,0.0027268128162306437,0.013684972828507135,-0.006279839204508697,17_P5_1
16,149,2026-02-09 11:01:46.630000+00:00,124351.0522042372,426607.3905742962,8.023360507497658,0.01089254513499327,-0.006158169300761074,0.011134663529860589,0,0.0043674117160184085,-0.011725881781660893,0.011134663529860589,14_P5_1
17,128,2026-02-09 11:01:50.680000+00:00,124898.93339262795,426720.78877987026,4.080697065145829,-0.006908771552843973,0.019515835447236896,-0.0006948658578505018,0,0.0022063403967808658,-0.02058472782493242,-0.0006948658578505018,901_GSL_1
18,127,2026-02-09 11:02:00.970000+00:00,124898.9541787197,426720.7704411646,4.076697075552034,0.013825295463902876,0.002269646036438644,9.737283553423737e-05,0,0.013542671416388862,0.003589726828417333,9.737283553423737e-05,901_GSL_1
19,154,2026-02-09 11:02:01.170000+00:00,124285.66535865262,426445.561198982,7.893911572672483,0.0007336526177823544,-0.0026260180165991187,-0.007688427327516401,11,-0.0013174531011044546,-0.002387160261371726,-0.007688427327516401,TS1-1
20,147,2026-02-09 11:02:04.040000+00:00,124350.9375634003,426607.50408134446,11.379610187321553,0.011056054703658447,-0.005911395652219653,0.005390545649110123,0,0.004089221963675772,-0.011851548755296126,0.005390545649110123,13_P5_1
21,131,2026-02-09 11:02:07.270000+00:00,124806.22229136982,426258.5091764545,4.6047564296721735,0.0037468736700247973,0.002892390009947121,-0.006748043100389012,0,0.0025067653661594393,-0.0040151101688235815,-0.006748043100389012,903_GSL_1
22,3,2026-02-09 11:02:07.470000+00:00,124314.90213065357,426440.7929463208,7.076114531139685,-0.0020943464332958683,-0.0012536792200990021,0.02391453113968467,11,0.00011563401073118724,-0.0024381606479330657,0.02391453113968467,TS2
23,126,2026-02-09 11:02:19.770000+00:00,124339.66877125292,426609.58230929566,6.676899582270841,0.01195064878265839,-0.006180865399073809,0.006242393135383217,0,0.003380649959236234,-0.013022761199570479,0.006242393135383217,17_P5_1
24,121,2026-02-09 11:02:34.410000+00:00,124329.27262906279,426611.32088950905,11.360205553034444,0.013086293081869371,-0.006826983531937003,0.005906030960321829,0,0.0029109992344436273,-0.01447013663470355,0.005906030960321829,15_P5_1
25,123,2026-02-09 11:02:49.920000+00:00,124329.1634731527,426611.3829735094,8.083437821349,0.013716540575842373,-0.00730451027629897,0.005322176294933811,0,0.0031835677705259373,-0.01521066244434331,0.005322176294933811,16_P5_1
26,4,2026-02-09 11:02:50.120000+00:00,124378.97054344472,426782.7427135868,7.757990456156161,0.003543444719980471,-0.0006614131852984428,-0.006459543843838844,11,-0.0034200524546115015,0.0011387313524049273,-0.006459543843838844,TS3
27,66,2026-02-09 11:02:53.960000+00:00,124898.91695872135,426720.8427395762,4.129798971658927,-0.020646942328312434,0.06853442138526589,0.04751244125516241,0,-0.045497663418311816,-0.05525600207756493,0.04751244125516241,901_GSL_1
28,71,2026-02-09 11:03:10.660000+00:00,124806.19647611995,426258.5792974401,4.624274003423812,-0.03128581553755794,0.06419130804715678,0.03277034027454473,0,-0.07123321697639504,-0.005015484208817975,0.03277034027454473,903_GSL_1
29,67,2026-02-09 11:03:28.430000+00:00,123855.59042451624,426533.15019465174,6.063327885037857,-0.027569957906962372,0.05909194704145193,0.018919736700281575,0,-0.010369447630857809,0.06437728900763322,0.018919736700281575,904_GSL_1
30,68,2026-02-09 11:06:20.970000+00:00,123928.08739387408,426940.42971205397,7.12116258221364,-0.021556487772613764,-0.01802295126253739,0.00234930117341392,0,-0.0010560427165347706,-0.028078349507823615,0.00234930117341392,905_GSL_1
31,67,2026-02-09 11:06:22.670000+00:00,123855.63048992248,426533.0813793514,6.045393109572163,0.012495448332629167,-0.0097233533160761,0.0009849612345869119,0,-0.014183654445223428,-0.007035891935010571,0.0009849612345869119,904_GSL_1
32,68,2026-02-09 11:06:23.250000+00:00,123928.09802859722,426940.42623988795,7.139344186592534,-0.010921764638624154,-0.02149511728202924,0.020530905552307743,0,0.003212078394811337,-0.02389576452376612,0.020530905552307743,905_GSL_1
33,69,2026-02-09 11:06:36.770000+00:00,124266.94301662708,427056.3164033314,7.076097872533521,0.0004194304201519117,0.001564947364386171,-0.01440349839391164,0,0.00152763421907677,0.0005397368093374214,-0.01440349839391164,906_GSL_1
34,69,2026-02-09 11:06:40.440000+00:00,124266.92911513211,427056.30794824986,7.110136860522063,-0.013482064547133632,-0.006890134187415242,0.019635489594630684,0,-0.0012667569489393025,-0.015087588952711428,0.019635489594630684,906_GSL_1
35,68,2026-02-09 11:06:40.660000+00:00,123928.09768872567,426940.4271097151,7.122540006188397,-0.011261636187555268,-0.020625290111638606,0.003726725148171184,0,-0.010122626280589297,-0.021207533543381098,0.003726725148171184,905_GSL_1
36,69,2026-02-09 11:06:57.360000+00:00,124266.92702480304,427056.3130438579,7.0840177466356895,-0.01557239361864049,-0.001794526120647788,-0.006483624291742984,0,-0.0013161611678892866,-0.015620098808640825,-0.006483624291742984,906_GSL_1
37,66,2026-02-09 11:06:57.420000+00:00,124898.93574002424,426720.7834417404,4.0826702246188145,-0.0018656394386198372,0.009236585581675172,0.00038369421505013435,0,0.0023105262329900927,-0.009135457966035859,0.00038369421505013435,901_GSL_1
38,66,2026-02-09 11:06:57.770000+00:00,124898.95056204387,426720.7671466232,4.088760287313317,0.012956380189280026,-0.0070585315697826445,0.006473756909552542,0,0.013700587175728758,0.005475816520943965,0.006473756909552542,901_GSL_1
39,71,2026-02-09 11:07:14.960000+00:00,124806.2236676548,426258.5129815131,4.608364625872875,-0.004094280680874363,-0.002124618971720338,0.01686096272360782,0,-0.003099620692193173,0.003416063763061652,0.01686096272360782,903_GSL_1
40,66,2026-02-09 11:07:15.450000+00:00,124898.9535876043,426720.7711234015,4.074936740957697,0.01598194061079994,-0.003081753326114267,-0.007349789446067234,0,0.013319183106094735,0.009355158504080691,-0.007349789446067234,901_GSL_1
41,149,2026-02-09 11:07:37.760000+00:00,124351.05049283682,426607.39074043394,8.019841649827097,0.00918114474916365,-0.005992031539790332,0.007615805859298774,0,0.004472647427796242,-0.010009659627857733,0.007615805859298774,14_P5_1
42,164,2026-02-09 11:07:53.290000+00:00,124091.071296391,427154.2049457008,9.827387704763304,-0.02403206036251504,0.010214759386144578,0.012754173133906477,0,0.016213598497110904,-0.020469500686603914,0.012754173133906477,907_GSL_1
43,147,2026-02-09 11:07:53.450000+00:00,124350.93696751926,426607.5040881527,11.380227322449395,0.010460173667524941,-0.005904587393160909,0.006007680776951574,0,0.004176701380942442,-0.011262084665491128,0.006007680776951574,13_P5_1
44,102,2026-02-09 11:07:57.760000+00:00,124282.39543879668,426301.7928403363,6.902393397789111,0.002149850857676938,-0.000717528339009732,-0.0009045859776248832,0,0.00020904618382315494,-0.002256768778711126,-0.0009045859776248832,02_P1_0
45,126,2026-02-09 11:08:07.850000+00:00,124339.6680594015,426609.582429006,6.6754067602131055,0.011238797364057973,-0.006061155057977885,0.00474957107764773,0,0.003421567035577095,-0.012302074859480391,0.00474957107764773,17_P5_1
46,122,2026-02-09 11:08:09.200000+00:00,124329.16567466153,426611.38908743346,8.07879835427522,0.016123758483445272,-0.0029514753841795027,-0.004865484167178025,0,0.0012333850587809587,0.01634519978075113,-0.004865484167178025,16_P5_1
47,103,2026-02-09 11:08:11.320000+00:00,124282.31433333381,426301.79648035526,9.2985805297654,0.002614926648675464,-0.000963797967415303,0.0006290439742873133,0,0.00034136760469117384,-0.00276590239495438,0.0006290439742873133,01_P1_0
48,121,2026-02-09 11:08:22.930000+00:00,124329.27188386221,426611.3210045358,11.360351731017918,0.012341092500719242,-0.006711956753861159,0.006052208943795989,0,0.0030081314974112986,-0.013722393102928264,0.006052208943795989,15_P5_1
49,100,2026-02-09 11:08:25.060000+00:00,124292.4852106667,426345.9295033189,7.592710063247886,0.001487393383285962,-0.0007316608098335564,0.004210494278788168,0,0.00036992236521064283,-0.00161580446249109,0.004210494278788168,06_P2_0
50,120,2026-02-09 11:08:25.460000+00:00,124329.2719826883,426611.32991087134,11.35175102328366,0.011730853133485653,-0.0012642187648452818,-0.006280143363213142,0,0.0017599574977014147,0.011666778215560699,-0.006280143363213142,15_P5_1
51,123,2026-02-09 11:08:39.160000+00:00,124329.16261809813,426611.3831697905,8.0833099767871,0.012861486000474542,-0.007108229154255241,0.005194331733035185,0,0.003233869797078945,-0.014334811822460294,0.005194331733035185,16_P5_1
52,101,2026-02-09 11:08:39.810000+00:00,124292.40926978517,426345.881960084,10.216710937348676,0.003950914338929579,-0.0014334418810904026,0.0010924397483922377,0,0.0004834388353179097,-0.004175016961945162,0.0010924397483922377,05_P2_0
53,124,2026-02-09 11:08:41.520000+00:00,124339.67191464416,426609.58845880115,6.66845863761539,0.014148920934530906,-0.00178310286719352,-0.005971558217803263,0,0.0027289608183491887,0.0139972923202495,-0.005971558217803263,17_P5_1
54,98,2026-02-09 11:08:53.060000+00:00,124302.6642991261,426390.0768675265,7.980919295094857,0.003453492550761439,-0.0010444820509292185,0.0018684999639866362,0,0.00020484598918619137,-0.003602164859302304,0.0018684999639866362,10_P3_0
55,118,2026-02-09 11:08:56.210000+00:00,124372.2704789709,426775.10806513263,6.174492817818305,0.010451608904986642,-0.004599366162437946,0.008960748827943732,0,-0.003461516692383967,-0.010881553197375934,0.008960748827943732,22_P6_1
56,170,2026-02-09 11:08:57.340000+00:00,124669.39877452477,426931.30029056873,13.786401960866748,0.01072770830069203,0.0017935970099642873,0.00021183019535975234,0,0.008057262281035593,0.0073062466529327215,0.00021183019535975234,908_GSL_1
57,99,2026-02-09 11:09:06.910000+00:00,124302.54101669672,426390.1340395621,11.089611695126454,0.002936405551736243,-0.0007767298957332969,0.001856492377086738,0,5.8194199950960986e-05,-0.0030368405177561356,0.001856492377086738,09_P3_0
58,74,2026-02-09 11:09:14.430000+00:00,124369.35787556595,426785.7211309662,7.23859812247167,0.011562356652575545,-0.005335330497473478,0.008544287714597587,0,-0.012624283638678699,-0.0016677246441837645,0.008544287714597587,21_P6_1
59,92,2026-02-09 11:09:14.880000+00:00,124278.32988814187,426395.6353492471,11.094490228016486,0.015912339295027778,-0.0029413781012408435,-0.007298755210733532,0,0.0005871573750723437,-0.016171255152011007,-0.007298755210733532,11_P3_0
60,166,2026-02-09 11:09:24.840000+00:00,124091.05038960402,427154.20336529566,9.825669389683581,-0.021891231677727774,0.014337316097225994,-0.004184229379223581,0,0.020233289979605808,-0.01659513886175439,-0.004184229379223581,907_GSL_1
61,93,2026-02-09 11:09:29.060000+00:00,124278.2839692231,426395.7884694058,7.941438792530919,0.015845643429202028,-0.0028806967311538756,-0.007286727748598842,0,0.0005152031105899609,-0.016097123814431336,-0.007286727748598842,12_P3_0
62,73,2026-02-09 11:09:30.460000+00:00,124369.50072472372,426785.68804243725,11.41459550533044,0.011385159290512092,-0.008424216939602047,0.008540889267365515,0,-0.01337722529958977,-0.004651787441385014,0.008540889267365515,20_P6_1
63,125,2026-02-09 11:09:39.890000+00:00,124339.65874473579,426609.59036306804,6.674888745448354,0.000879172162967734,-0.0008707783999852836,0.0013728073192398327,0,-0.0007340030958036527,0.0009962119098710616,0.0013728073192398327,17_P5_1
64,94,2026-02-09 11:09:43.860000+00:00,124268.23964340297,426351.5532759088,10.206618011422256,0.015420903873746283,-0.0026971116894856095,-0.007875927868704835,0,-0.00016361214091369824,-0.01565413424039249,-0.007875927868704835,07_P2_0
65,165,2026-02-09 11:09:47.250000+00:00,124091.07085640321,427154.1989022815,9.86080194645125,-0.01292422394908499,0.0027504878817126155,0.01006645272522988,0,0.010091256103393226,-0.008530375052087624,0.01006645272522988,907_GSL_1
66,146,2026-02-09 11:09:54.940000+00:00,124350.92590351205,426607.51169730246,11.380024826735816,-0.00036306289257481694,-0.0001680943532846868,0.0007033135117335831,0,-0.00024097790596791204,-0.00031937442666298487,0.0007033135117335831,13_P5_1
67,152,2026-02-09 11:10:04.340000+00:00,124370.28426043227,426819.49251660524,9.73642969214112,0.0084887703997083,-0.006653432676102966,0.007508740913241496,0,-0.008430294446184101,0.006727371316126085,0.007508740913241496,29_KW_1
68,95,2026-02-09 11:10:06.160000+00:00,124268.12471835852,426351.5463272964,7.185917149663531,0.015170456288615242,-0.002863713598344475,-0.0077537085815890805,0,2.7913703471837127e-05,-0.015438355495430439,-0.0077537085815890805,08_P2_0
69,148,2026-02-09 11:10:10.570000+00:00,124351.04084229881,426607.39816482423,8.01497938591839,-0.0002761158539215103,-0.0002910704934038222,-0.00047702929399129346,0,-0.0003429845099092485,-0.00020814327488406128,-0.00047702929399129346,14_P5_1
70,117,2026-02-09 11:10:18.550000+00:00,124377.6914809533,426815.89962242794,7.626249099355429,0.011463809220003895,-0.006083610584028065,0.008814059182969736,0,-0.0065280623042401325,0.01121666804905555,0.008814059182969736,26_KW_0
71,96,2026-02-09 11:10:20.640000+00:00,124258.07751637147,426307.3495241582,9.298919792283062,0.01653817504120525,-0.002885418711230159,-0.005625815892829067,0,-0.00041137946928486674,-0.016782956883842376,-0.005625815892829067,03_P1_0
72,168,2026-02-09 11:10:26.750000+00:00,124669.37208647547,426931.312702437,13.796466812576492,-0.004645495879231021,0.004961864615324885,-0.004873207358736309,0,0.0013006948067604367,-0.006671500988865398,-0.004873207358736309,908_GSL_1
73,116,2026-02-09 11:10:35.840000+00:00,124377.69871392465,426815.8941958181,10.01400755170372,0.011354033078532666,-0.0058657454792410135,0.00894779642659671,0,-0.00630368034871931,0.011116863372229611,0.00894779642659671,25_KW_0
74,97,2026-02-09 11:10:36.180000+00:00,124258.00319337283,426307.3891176459,6.8324650423959,0.015323163956054486,-0.0027350587188266218,-0.004597148200200074,0,-0.0003294988445790766,-0.015561854977186297,-0.004597148200200074,04_P1_0
75,115,2026-02-09 11:10:50.750000+00:00,124396.30078604499,426811.6279994878,7.65569703032352,0.010695285178371705,-0.005914848647080362,0.009424737550473239,0,0.0004216428248090642,0.012214613251873877,0.009424737550473239,24_KW_0
76,114,2026-02-09 11:11:05.040000+00:00,124396.30984263361,426811.6235935441,9.998897691168256,0.010821988587849773,-0.005945211683865637,0.00821361351807326,0,0.00046433213871182173,0.012338775248236046,0.00821361351807326,23_KW_0
77,150,2026-02-09 11:11:20.640000+00:00,124401.1138985782,426812.3152254134,9.190203271231603,0.010717948272940703,-0.006206175603438169,0.008189247987793635,0,0.0014481154547455314,0.0123001622929078,0.008189247987793635,27_KW_1
78,119,2026-02-09 11:11:36.440000+00:00,124400.82520935911,426811.3370705439,3.993338393407184,0.011057972034905106,-0.006058337399736047,0.009804264321001455,0,0.001892984529453429,0.012465905789192933,0.009804264321001455,28_KW_1
79,169,2026-02-09 11:11:52.540000+00:00,124669.38667850512,426931.3030306959,13.813954004354489,0.007601056800922379,0.0008711429545655847,0.002198791481596629,0,0.007163682712275439,0.0026863738637768965,0.002198791481596629,908_GSL_1
80,62,2026-02-09 11:12:09.160000+00:00,124390.62175420462,426780.87500219647,7.453362653341658,0.011073991598095745,-0.004243011528160423,0.008564779759329788,0,0.011604407293644484,0.002444211141863177,0.008564779759329788,19_P6_1
81,72,2026-02-09 11:12:24.140000+00:00,124390.53378911606,426780.8813820811,10.995885830557341,0.009829413203988224,-0.005548850633203983,0.008800508990583822,0,0.010583291349947219,0.003924417343565624,0.008800508990583822,18_P6_1
82,138,2026-02-09 11:15:20.830000+00:00,123928.08622697476,426940.4289986868,7.118829897389564,-0.00039190391544252634,-0.0027224652585573494,0.0008938337916370998,0,-0.0019128013402353724,-0.001976511268823095,0.0008938337916370998,905_GSL_1
83,139,2026-02-09 11:15:21.750000+00:00,123928.09850396431,426940.42744491773,7.138655891103276,0.011634040623903275,-0.0036590948584489524,0.002054060364019783,0,-0.012189760181691444,0.00038681149751399087,0.002054060364019783,905_GSL_1
84,134,2026-02-09 11:15:22.660000+00:00,123855.63019905359,426533.08021433046,6.046035239273094,0.015736912173451856,0.005916268506553024,0.0001923203753131375,0,-0.014241150009984183,0.008935450978529054,0.0001923203753131375,904_GSL_1
85,143,2026-02-09 11:15:40.360000+00:00,124266.93028957173,427056.30848106387,7.109194768093598,0.010722143633756787,-0.00574581214459613,0.00365302987082039,0,-0.009381231447025537,0.007744108589194673,0.00365302987082039,906_GSL_1
86,137,2026-02-09 11:15:40.560000+00:00,123928.09818655573,426940.42741217464,7.125414397795983,0.008787293845671229,-0.006416396412532777,0.002550706830453109,0,-0.01034732938156131,0.0033644391393533916,0.002550706830453109,905_GSL_1
87,142,2026-02-09 11:15:44.430000+00:00,124266.93739481263,427056.31576493965,7.0694312080689485,0.017903866682900116,0.00061056949198246,-0.013369525185106923,0,-0.0007828162521864528,0.01789716279243482,-0.013369525185106923,906_GSL_1
88,152,2026-02-09 11:15:56.140000+00:00,124370.28442890123,426819.4924004875,9.736459957621388,0.008657239362946711,-0.006769550440367311,0.00753900639350924,0,-0.008582104508316514,0.0068645530634094875,0.00753900639350924,29_KW_1
89,141,2026-02-09 11:15:57.190000+00:00,124266.92947178571,427056.3131178855,7.0831791248917115,0.010843034266144969,-0.0014004175318405032,-0.0009555753713863524,0,-0.0017326795548138134,0.010794923942326338,-0.0009555753713863524,906_GSL_1
90,125,2026-02-09 11:15:59.660000+00:00,124339.66039995306,426609.5901220363,6.675669560440336,0.0025343894376419485,-0.0011118101538158953,0.002153622311221959,0,-0.0007323254634527753,0.002668885732911373,0.002153622311221959,17_P5_1
91,122,2026-02-09 11:16:12.860000+00:00,124329.16496793258,426611.3893248901,8.078419878102801,0.015417029528180137,-0.002714018744882196,-0.0052439603395963985,0,0.001283880381489319,0.015601357261032676,-0.0052439603395963985,16_P5_1
92,150,2026-02-09 11:16:13.110000+00:00,124401.11385856492,426812.3152507042,9.19029961957444,0.010677934988052584,-0.0061808848404325545,0.008285596330630085,0,0.001444408053457374,0.01225297181890475,0.008285596330630085,27_KW_1
93,146,2026-02-09 11:16:15.730000+00:00,124350.92445658054,426607.5121328896,11.38119940789099,-0.0018099943990819156,0.00026749278185889125,0.0018778946669080199,0,-0.00012079130511246473,-0.0018256619549258675,0.0018778946669080199,13_P5_1
94,120,2026-02-09 11:16:28.770000+00:00,124329.27198032071,426611.32999087864,11.350427251696601,0.011728485551429912,-0.0011842114618048072,-0.007603914950271573,0,0.0018367335637097958,0.01164414616587717,-0.007603914950271573,15_P5_1
95,129,2026-02-09 11:16:30.420000+00:00,124898.95004226977,426720.7635198847,4.090625276961641,0.010370570991653949,-0.008982785395346582,-0.001059468283972187,0,0.01136066252412851,0.007692497849505598,-0.001059468283972187,901_GSL_1
96,148,2026-02-09 11:16:35.130000+00:00,124351.04117097601,426607.3983933716,8.016206294466873,5.256134318187833e-05,-6.252311868593097e-05,0.0007498792544904376,0,-4.996093422153667e-05,6.461996764939986e-05,0.0007498792544904376,14_P5_1
97,124,2026-02-09 11:16:43.990000+00:00,124339.67151754288,426609.5888687819,6.670626398659313,0.013751819657045417,-0.0013731220969930291,-0.003803797173880241,0,0.002994270490290555,0.01349193656982297,-0.003803797173880241,17_P5_1
98,154,2026-02-09 11:16:44.190000+00:00,124285.66645881247,426445.5601934785,7.894451555446998,0.0018338124646106735,-0.0036315215402282774,-0.007148444553001454,11,-0.0026192276372451993,-0.0031129509210384865,-0.007148444553001454,TS1-1
99,149,2026-02-09 11:16:49.220000+00:00,124351.0512351719,426607.3906742197,8.020792938168684,0.00992347982537467,-0.006058245780877769,0.008567094200886416,0,0.00442122389704389,-0.010753165721700257,0.008567094200886416,14_P5_1
100,131,2026-02-09 11:17:05.800000+00:00,124806.2254504669,426258.51743715425,4.613029800300798,0.006905970745719969,0.011153089755680412,0.0015253275282356427,0,0.00259509541690306,-0.01285882276167504,0.0015253275282356427,903_GSL_1
101,147,2026-02-09 11:17:06.220000+00:00,124350.93714620126,426607.5041870021,11.379040627539133,0.010638855674187653,-0.005805738037452102,0.004820985866690108,0,0.004050847457164966,-0.011422892763853346,0.004820985866690108,13_P5_1
102,126,2026-02-09 11:17:21.840000+00:00,124339.66815300996,426609.5824134307,6.674503006073575,0.011332405818393454,-0.0060767303803004324,0.0038458169381172524,0,0.003416023990989008,-0.012396808211818539,0.0038458169381172524,17_P5_1
103,128,2026-02-09 11:17:25.300000+00:00,124898.93960656403,426720.7752236631,4.079170909387958,-0.0006948354712221771,0.00595962826628238,-0.0022210216157212415,0,0.0019496528935726196,-0.005674400320643968,-0.0022210216157212415,901_GSL_1
104,3,2026-02-09 11:17:25.500000+00:00,124314.90208801687,426440.79289390944,7.073942439325433,-0.002136983137461357,-0.0013060905621387064,0.021742439325432628,11,9.55969461955394e-05,-0.0025026847005126464,0.021742439325432628,TS2
105,121,2026-02-09 11:17:36.630000+00:00,124329.27243987225,426611.32077779557,11.359711613034422,0.012897102540591732,-0.006938697013538331,0.005412090960300375,0,0.0030709965291098548,-0.014319558320926615,0.005412090960300375,15_P5_1
106,123,2026-02-09 11:17:53.030000+00:00,124329.16270619645,426611.38319829863,8.084404349051148,0.012949584328453057,-0.007079721021000296,0.006288703997082479,0,0.0031818942350562702,-0.014411444517876274,0.006288703997082479,16_P5_1
107,4,2026-02-09 11:17:53.230000+00:00,124378.97049372888,426782.7427133201,7.7601405255302485,0.0034937288728542626,-0.0006616798345930874,-0.004309474469751606,11,-0.0033766944330666836,0.0011144040318569928,-0.004309474469751606,TS3
108,68,2026-02-09 11:21:21.410000+00:00,123928.09774750406,426940.42544526776,7.141652787141693,-0.011202857800526544,-0.022289737476967275,0.02283950610146679,0,0.0032150426282335593,-0.024738632148717903,0.02283950610146679,905_GSL_1
109,68,2026-02-09 11:21:21.680000+00:00,123928.07753418612,426940.4219517581,7.123272639492753,-0.03141617574146949,-0.025783247139770538,0.004459358452526985,0,-0.0011569796120754886,-0.040625279438628155,0.004459358452526985,905_GSL_1
110,67,2026-02-09 11:21:24.360000+00:00,123855.63018217184,426533.0796576227,6.047353317797746,0.012187697691842914,-0.01144508202560246,0.002945169460169872,0,-0.014225471452400976,-0.00878440889061105,0.002945169460169872,904_GSL_1
111,69,2026-02-09 11:21:37.800000+00:00,124266.91605223728,427056.3142513907,7.078497122381915,-0.02654495937167667,-0.0005869933520443738,-0.012004248545517626,0,0.0014769429388573642,-0.026510338903806354,-0.012004248545517626,906_GSL_1
112,69,2026-02-09 11:21:38.740000+00:00,124266.93026870265,427056.30847549596,7.110443324389326,-0.0123284940054873,-0.006362888088915497,0.019941953461893647,0,-0.0012160188179476832,-0.01382025352552536,0.019941953461893647,906_GSL_1
113,68,2026-02-09 11:21:40.780000+00:00,123928.0976473698,426940.4270203033,7.123941088784073,-0.011302992061246186,-0.020714701910037547,0.005127807743846802,0,-0.010170879736165072,-0.021293419409544684,0.005127807743846802,905_GSL_1
114,66,2026-02-09 11:21:56.710000+00:00,124898.95025588656,426720.76360403746,4.090932249039268,0.012650222881347872,-0.01060111733386293,0.008645718635503563,0,0.013815773870774841,0.009029740861493284,0.008645718635503563,901_GSL_1
115,66,2026-02-09 11:21:57.240000+00:00,124898.93598695066,426720.78266505286,4.079808504901624,-0.001618713024072349,0.00845989806111902,-0.0024780255021399356,0,0.00219743811833435,-0.008328347541674637,-0.0024780255021399356,901_GSL_1
116,69,2026-02-09 11:21:57.880000+00:00,124266.9295943522,427056.31301993807,7.081913764371874,-0.013002844454604201,-0.0018184459768235683,-0.008587606555558125,0,-0.0014188639431001286,-0.013052491516650274,-0.008587606555558125,906_GSL_1
117,71,2026-02-09 11:22:16.050000+00:00,124806.2233843973,426258.51234665746,4.609494995550969,-0.004377538192784414,-0.0027594746206887066,0.01799133240170203,0,-0.0031443696709226583,0.004109802937379485,0.01799133240170203,903_GSL_1
118,66,2026-02-09 11:22:16.380000+00:00,124898.95289700884,426720.77264795615,4.073900690393096,0.015291345160221681,-0.0015571986441500485,-0.008385840010668666,0,0.013313330282015834,0.007681493424350369,-0.008385840010668666,901_GSL_1
119,71,2026-02-09 11:22:34.190000+00:00,124806.22040192875,426258.508563351,4.633655634333717,-0.00736000674078241,-0.006542781076859683,0.0421519711844498,0,0.0017465771456638764,0.009691602123401491,0.0421519711844498,903_GSL_1
120,149,2026-02-09 11:22:35.350000+00:00,124351.05160827641,426607.39086612256,8.019554113036532,0.010296584339812398,-0.005866342922672629,0.0073282690687346275,0,0.004173000634976297,-0.01109142434738427,0.0073282690687346275,14_P5_1
121,147,2026-02-09 11:22:50.820000+00:00,124350.93765779087,426607.5041288945,11.380191959877939,0.011150445279781707,-0.005863845639396459,0.005972318205495597,0,0.004027347812316402,-0.01193723524182653,0.005972318205495597,13_P5_1
122,67,2026-02-09 11:22:51.210000+00:00,123855.61253833472,426533.0776489442,6.076982181917369,-0.005456139420857653,-0.013453760475385934,0.03257403357979349,0,0.012295683545537783,-0.007719410240224643,0.03257403357979349,904_GSL_1
123,164,2026-02-09 11:22:55.540000+00:00,124091.07249394582,427154.2048939704,9.833816535486742,-0.022834505551145412,0.01016302895732224,0.019183003857344616,0,0.01584661430044357,-0.01932838887661458,0.019183003857344616,907_GSL_1
124,102,2026-02-09 11:22:57.430000+00:00,124282.39356570637,426301.7933282306,6.903898385466499,0.0002767605474218726,-0.00022963399533182383,0.0006004016997627204,0,0.00016056738438943242,-0.00032178608964908184,0.0006004016997627204,02_P1_0
125,126,2026-02-09 11:23:05.160000+00:00,124339.66892952888,426609.58217284316,6.676576282100201,0.01210892474045977,-0.0063173178932629526,0.005919092964743022,0,0.003478660337051691,-0.01320732698141764,0.005919092964743022,17_P5_1
126,68,2026-02-09 11:23:09.560000+00:00,123928.08763529248,426940.4340482753,7.186046134729597,-0.021315069374395534,-0.013686729944311082,0.06723285368937137,0,0.020857166834112685,-0.014374886109384866,0.06723285368937137,905_GSL_1
127,103,2026-02-09 11:23:10.840000+00:00,124282.31259111551,426301.7969947473,9.298775549614163,0.0008727083477424458,-0.0004494059248827398,0.00082406382304967,0,0.0002383017854291787,-0.0009522593158380369,0.00082406382304967,01_P1_0
128,122,2026-02-09 11:23:11.470000+00:00,124329.16506483268,426611.38935035496,8.07911973416181,0.015513929625740275,-0.0026885538827627897,-0.004544104280586936,0,0.001333083379226045,0.015688633564366655,-0.004544104280586936,16_P5_1
129,121,2026-02-09 11:23:20.130000+00:00,124329.27282990982,426611.32069681573,11.36124221569871,0.013287140114698559,-0.007019676850177348,0.006942693624587548,0,0.003040109967582166,-0.014716714541417012,0.006942693624587548,15_P5_1
130,100,2026-02-09 11:23:25.100000+00:00,124292.48568727194,426345.9293617924,7.58767620351543,0.0019639986276160926,-0.0008731873240321875,-0.0008233654536677903,0,0.0003980284935041491,-0.0021121837113488033,-0.0008233654536677903,06_P2_0
131,69,2026-02-09 11:23:26.310000+00:00,124266.91885163242,427056.3144890868,7.15991667195228,-0.023745564234559424,-0.0003492972464300692,0.06941530102484794,0,0.016598934501906068,-0.01698379235581334,0.06941530102484794,906_GSL_1
132,120,2026-02-09 11:23:28.270000+00:00,124329.272578225,426611.3297828285,11.3528577497055,0.012326389842201024,-0.00139226159080863,-0.005173416941373077,0,0.001787540829166833,0.012275299453097636,-0.005173416941373077,15_P5_1
133,123,2026-02-09 11:23:35.610000+00:00,124329.16255847302,426611.3833940566,8.082588069191685,0.01280186089570634,-0.006883963069412857,0.004472424137619058,0,0.0030351757870150375,-0.014214932214962296,0.004472424137619058,16_P5_1
134,101,2026-02-09 11:23:41.390000+00:00,124292.40566976927,426345.882764906,10.216797872982914,0.0003508984373183921,-0.0006286199204623699,0.0011793753826303544,0,0.0005307269056280819,-0.00048643773430630044,0.0011793753826303544,05_P2_0
135,124,2026-02-09 11:23:43.310000+00:00,124339.67218466799,426609.5883786534,6.66963634092879,0.014418944760109298,-0.001863250625319779,-0.004793854904403538,0,0.0027372341068968736,0.014278838199653303,-0.004793854904403538,17_P5_1
136,118,2026-02-09 11:23:53.240000+00:00,124372.27065314156,426775.1079013223,6.174543726075297,0.010625779570546001,-0.004763176490087062,0.00901165708493501,0,-0.0034538170305080784,-0.01112053009875533,0.00901165708493501,22_P6_1
137,98,2026-02-09 11:23:59.830000+00:00,124302.66409705799,426390.076870101,7.981203902506888,0.0032514244376216084,-0.0010419075842946768,0.0021531073760172603,0,0.00024976481160857253,-0.003405135801499831,0.0021531073760172603,10_P3_0
138,170,2026-02-09 11:24:00.600000+00:00,124669.39706681966,426931.3018486769,13.79017120995955,0.009020003184559755,0.0033517052070237696,0.003981079288161382,0,0.008221350906658757,0.00500037743713808,0.003981079288161382,908_GSL_1
139,107,2026-02-09 11:24:09.010000+00:00,124409.92142208174,426969.52432353765,6.338165139800759,0.000299865088891238,-0.0012793116620741785,0.05236490468216726,0,-0.0011713058288094482,0.0005954830439666256,0.05236490468216726,38_P9_0
140,74,2026-02-09 11:24:10.940000+00:00,124369.35766303692,426785.7209369107,7.238507541389651,0.011349827618687414,-0.00552938599139452,0.008453706632578495,0,-0.012478838113136798,-0.0019160625673171523,0.008453706632578495,21_P6_1
141,99,2026-02-09 11:24:13.590000+00:00,124302.54000492157,426390.1341677455,11.089417359706168,0.001924630400026217,-0.0006485464982688427,0.001662156956800942,0,0.00017361309173392702,-0.002023529893898393,0.001662156956800942,09_P3_0
142,92,2026-02-09 11:24:19.960000+00:00,124278.32992983512,426395.6355411627,11.094420072198481,0.01595403254032135,-0.002749462495557964,-0.0073689110287382675,0,0.0003912114181180237,-0.01618448800359302,-0.0073689110287382675,11_P3_0
143,106,2026-02-09 11:24:21.880000+00:00,124410.03287362093,426969.44971723785,8.972892406272392,0.000643196704913862,-0.0011539762490428984,0.05196595599746878,0,-0.0009654459055935931,0.0009018189330124613,0.05196595599746878,37_P9_0
144,73,2026-02-09 11:24:27.040000+00:00,124369.50082487799,426785.68822487636,11.414563159928997,0.011485313560115173,-0.008241777832154185,0.008508543865922036,0,-0.0134185094863527,-0.004447800869352877,0.008508543865922036,20_P6_1
145,166,2026-02-09 11:24:31.190000+00:00,124091.06971086643,427154.20947101316,9.827988256979317,-0.0025699692632770166,0.02044303360162303,-0.0018653620834871987,0,0.02027484023289337,0.003667862917548195,-0.0018653620834871987,907_GSL_1
146,93,2026-02-09 11:24:34.760000+00:00,124278.28395353752,426395.7884209559,7.9412318739249335,0.015829957847017795,-0.002929146634414792,-0.007493646354584271,0,0.0005654350056409336,-0.016088746026296133,-0.007493646354584271,12_P3_0
147,104,2026-02-09 11:24:37.150000+00:00,124389.81620834707,426881.44486121694,10.774825646141828,0.0005489541945280507,-0.0012733791372738779,0.052040381794453694,0,0.0011323089468366506,-0.0008004508628566662,0.052040381794453694,33_P7_0
148,125,2026-02-09 11:24:47.250000+00:00,124339.66200573741,426609.5898352769,6.675344567049425,0.0041401737835258245,-0.0013985695550218225,0.001828628920311104,0,-0.0007830639198165842,0.004299284435288036,0.001828628920311104,17_P5_1
149,94,2026-02-09 11:24:49.570000+00:00,124268.23987358356,426351.55320551526,10.207556539523793,0.015651084468117915,-0.002767505240626633,-0.0069373997671675625,0,-0.0001364257550064797,-0.01589329790504251,-0.0069373997671675625,07_P2_0
150,105,2026-02-09 11:24:50.010000+00:00,124389.68743360751,426881.4727711338,7.111431227049186,0.0005607069033430889,-0.0011939734104089439,0.051517453812818914,0,0.0010498342230009625,-0.0007986318553852744,0.051517453812818914,34_P7_0
151,152,2026-02-09 11:24:52.340000+00:00,124370.28433877091,426819.4925149224,9.736806152511653,0.008567109049181454,-0.006655115517787635,0.007885201283773569,0,-0.00844998183474357,0.00680321446142691,0.007885201283773569,29_KW_1
152,146,2026-02-09 11:25:03.080000+00:00,124350.92855220614,426607.5112622563,11.378681687512431,0.002285631198901683,-0.0006031405064277351,-0.0006398257116515538,0,-0.00010683672300031564,0.002361455983605285,-0.0006398257116515538,13_P5_1
153,95,2026-02-09 11:25:04.440000+00:00,124268.12492646216,426351.5463393654,7.185908728147837,0.01537855992501136,-0.002851644589100033,-0.007762130097283659,0,-2.2181879049862168e-05,-0.015640699798728657,-0.007762130097283659,08_P2_0
154,117,2026-02-09 11:25:07.990000+00:00,124377.6913866715,426815.89971805963,7.626059812058204,0.011369527419446968,-0.005987978889606893,0.008624771885744842,0,-0.006428810312868673,0.011126205232921403,0.008624771885744842,26_KW_0
155,96,2026-02-09 11:25:18.790000+00:00,124258.0775419908,426307.3495199895,9.299012471127918,0.016563794371904805,-0.0028895874274894595,-0.005533137047972758,0,-0.00041231199405147325,-0.016808896403851494,-0.005533137047972758,03_P1_0
156,148,2026-02-09 11:25:21.970000+00:00,124351.04404060115,426607.39777318784,8.015818048624526,0.0029221864824648947,-0.0006827068864367902,0.00036163341214390243,0,-4.7777674322065715e-05,0.0030004965963861957,0.00036163341214390243,14_P5_1
157,116,2026-02-09 11:25:22.550000+00:00,124377.69864894678,426815.89419444324,10.013990804479631,0.011289055211818777,-0.00586712034419179,0.008931049202507424,0,-0.006302522426477258,0.011051881277523438,0.008931049202507424,25_KW_0
158,97,2026-02-09 11:25:33.810000+00:00,124258.00299491572,426307.38910920214,6.832097989993324,0.015124706842470914,-0.002743502496741712,-0.0049642006027763586,0,-0.0002822199807958496,-0.015368926927497382,-0.0049642006027763586,04_P1_0
159,115,2026-02-09 11:25:37.640000+00:00,124396.3007891694,426811.62805592635,7.655701211619633,0.010698409590986557,-0.0058584100916050375,0.009428918846586143,0,0.0004716655969077006,0.012188292257023812,0.009428918846586143,24_KW_0
160,168,2026-02-09 11:25:39.500000+00:00,124669.36440361345,426931.3184301975,13.792647427971097,-0.01232835790142417,0.010689625109080225,-0.008692591964130969,0,0.0014431109385756363,-0.016253428079554464,-0.008692591964130969,908_GSL_1
161,114,2026-02-09 11:25:51.450000+00:00,124396.30991314849,426811.6235819286,9.999256131789604,0.010892503472859971,-0.005956827197223902,0.00857205413942097,0,0.000490621594921101,0.012405229244735866,0.00857205413942097,23_KW_0
162,150,2026-02-09 11:26:06.750000+00:00,124401.1140191126,426812.31526575336,9.190088397745347,0.010838482674444094,-0.006165835657157004,0.008074374501537918,0,0.0015526039288138575,0.012372536404291779,0.008074374501537918,27_KW_1
163,119,2026-02-09 11:26:23.840000+00:00,124400.82508033741,426811.336945465,3.9926016672910514,0.010928950330708176,-0.006183416291605681,0.009067538204868608,0,0.0017152778325230558,0.012439228847627007,0.009067538204868608,28_KW_1
164,65,2026-02-09 11:26:38.590000+00:00,124372.12291866417,426824.9195156877,5.576644765302798,-0.001443793560611084,-0.0003670488949865103,0.05200902466490209,0,0.0007291645222147149,0.0012990703739660285,0.05200902466490209,30_KW_1
165,169,2026-02-09 11:26:40.930000+00:00,124669.38623969028,426931.3038870294,13.813988878431708,0.007162241963669658,0.0017274764832109213,0.002233665558815545,0,0.007163042267155113,0.0017241549887254072,0.002233665558815545,908_GSL_1
166,62,2026-02-09 11:26:57.510000+00:00,124390.62176602511,426780.8750697857,7.453400906368576,0.011085812089731917,-0.0041754223057068884,0.008603032786247411,0,0.01160542496148264,0.0023756036250259863,0.008603032786247411,19_P6_1
167,72,2026-02-09 11:27:12.340000+00:00,124390.53383959162,426780.8813368199,10.995867236724845,0.00987988876295276,-0.005594111804384738,0.008781915158087017,0,0.010640290010196335,0.003961125767656583,0.008781915158087017,18_P6_1
168,165,2026-02-09 11:27:29.130000+00:00,124091.07050226504,427154.1988206866,9.860251959425463,-0.013278362122946419,0.002668892964720726,0.009516465699443089,0,0.010243705605151246,-0.008860270074903297,0.009516465699443089,907_GSL_1
169,139,2026-02-09 11:30:20.540000+00:00,123928.09782357787,426940.4253451807,7.137933003293873,0.0109536541858688,-0.005758831917773932,0.0013311725546172326,0,-0.012240708216692518,-0.0018198207149522096,0.0013311725546172326,905_GSL_1
170,138,2026-02-09 11:30:21.700000+00:00,123928.10098009257,426940.4400403183,7.122258733024745,0.014361213892698288,0.00831916625611484,0.004322669426818138,0,-0.0022134165689736344,0.016448519044610158,0.004322669426818138,905_GSL_1
171,134,2026-02-09 11:30:23.260000+00:00,123855.62976914756,426533.0797458111,6.040754964756624,0.015307006149669178,0.005447749164886773,-0.005087954141156814,0,-0.013913302013156017,0.008390615908277726,-0.005087954141156814,904_GSL_1
172,143,2026-02-09 11:30:38.880000+00:00,124266.92902381298,427056.3079713607,7.1128602411590816,0.009456384883378632,-0.006255515327211469,0.007318502936303872,0,-0.009373118925777591,0.006379602548341036,0.007318502936303872,906_GSL_1
173,137,2026-02-09 11:30:40.470000+00:00,123928.09683873951,426940.42625767173,7.128328632013049,0.0074394776311237365,-0.00757089932449162,0.005464941047518934,0,-0.010493700268472773,0.0015958065926147146,0.005464941047518934,905_GSL_1
174,142,2026-02-09 11:30:44.670000+00:00,124266.94092885827,427056.3159903694,7.0639979551917795,0.021437912320834585,0.0008359992643818259,-0.018802778062275927,0,-0.0008327443504748486,0.021438039002963642,-0.018802778062275927,906_GSL_1
175,152,2026-02-09 11:30:55.810000+00:00,124370.28440646135,426819.4923907943,9.736541601477523,0.008634799480205402,-0.006779243645723909,0.007620650249643646,0,-0.00858636658924098,0.0068404835550280865,0.007620650249643646,29_KW_1
176,141,2026-02-09 11:30:58.690000+00:00,124266.9292231074,427056.3128584257,7.081879677258582,0.010594355961075053,-0.0016598773072473705,-0.0022550230045155217,0,-0.0019843816348002405,0.010538396482983017,-0.0022550230045155217,906_GSL_1
177,125,2026-02-09 11:31:00.850000+00:00,124339.6621390172,426609.58986591006,6.675183543754299,0.004273453567293473,-0.0013679363764822483,0.0016676056251849758,0,-0.0007334170626907764,0.004426709244356435,0.0016676056251849758,17_P5_1
178,150,2026-02-09 11:31:12.120000+00:00,124401.1137599767,426812.3153251814,9.19028497331098,0.01057934676646255,-0.006106407614424825,0.008270950067171157,0,0.001445014845866539,0.012129415651786048,0.008270950067171157,27_KW_1
179,122,2026-02-09 11:31:15.480000+00:00,124329.16490405808,426611.3891912836,8.074323081279982,0.015353155031334609,-0.0028476252336986363,-0.009340757162416224,0,0.0011384440695792768,0.015573448044291033,-0.009340757162416224,16_P5_1
180,146,2026-02-09 11:31:16.930000+00:00,124350.92575022696,426607.5118750592,11.380366071101253,-0.0005163479800103232,9.662413503974676e-06,0.0010445578771705044,0,-9.960251831108729e-05,-0.0005067424760581575,0.0010445578771705044,13_P5_1
181,129,2026-02-09 11:31:28.950000+00:00,124898.9505058367,426720.7674213721,4.090424850325485,0.010834137923666276,-0.005081298004370183,-0.001259894920128346,0,0.011359299984407517,0.0037635671672602796,-0.001259894920128346,901_GSL_1
182,148,2026-02-09 11:31:31.810000+00:00,124351.03820352165,426607.3989347401,8.01619185197566,-0.0029148930188966915,0.00047884538071230054,0.0007354367632785852,0,-0.00014990532862270027,-0.002950156369193453,0.0007354367632785852,14_P5_1
183,120,2026-02-09 11:31:32.900000+00:00,124329.27170266079,426611.3300465088,11.351258902684265,0.01145082562288735,-0.001128581294324249,-0.006772263962607994,0,0.0018199390845023752,0.011361466670829639,-0.006772263962607994,15_P5_1
184,149,2026-02-09 11:31:46.580000+00:00,124351.05203265327,426607.3905976133,8.020647457049133,0.01072096120333299,-0.0061348521849140525,0.008421613081335266,0,0.004371385311275882,-0.011552766374963068,0.008421613081335266,14_P5_1
185,124,2026-02-09 11:31:48.770000+00:00,124339.6718457671,426609.5886990591,6.669405911070784,0.014080043867579661,-0.001542844926007092,-0.005024284762408904,0,0.0029356497315805195,0.013856766088526741,-0.005024284762408904,17_P5_1
186,128,2026-02-09 11:31:48.810000+00:00,124898.94244804657,426720.7693746261,4.07564648693542,0.0021466470643645152,0.00011059129610657692,-0.005745444068259609,0,0.001983524849404996,0.0008282229322544817,-0.005745444068259609,901_GSL_1
187,147,2026-02-09 11:32:02.040000+00:00,124350.93736473094,426607.50416738004,11.37978436410928,0.010857385350391269,-0.005825360072776675,0.005564722436837144,0,0.004035675669994931,-0.011641776432787333,0.005564722436837144,13_P5_1
188,127,2026-02-09 11:32:05.480000+00:00,124898.95355954743,426720.7709628221,4.076464482487632,0.01320612319977954,0.0027913035009987652,-0.00013522022886824914,0,0.013191353205058567,0.0028602912127674014,-0.00013522022886824914,901_GSL_1
189,154,2026-02-09 11:32:05.680000+00:00,124285.66547313253,426445.5611423838,7.899005126002912,0.0008481325203320011,-0.0026826162356883287,-0.0025948739970873547,11,-0.001441875255285566,-0.0024159375795368794,-0.0025948739970873547,TS1-1
190,131,2026-02-09 11:32:05.730000+00:00,124806.22076239384,426258.50556227326,4.609846716659259,0.0022178976942086592,-0.0007217912352643907,-0.0016577561133033214,0,0.0023304655332639927,-9.477957348055849e-05,-0.0016577561133033214,903_GSL_1
191,3,2026-02-09 11:32:05.930000+00:00,124314.90235389918,426440.79287843546,7.073676545021958,-0.0018711008306127042,-0.0013215645449236035,0.02147654502195806,11,-6.450345718971267e-05,-0.002289845075268032,0.02147654502195806,TS2
192,126,2026-02-09 11:32:17.550000+00:00,124339.66879232072,426609.5822553242,6.676567172551237,0.011971716579864733,-0.006234836881048977,0.005909983415778974,0,0.0034286152500045725,-0.013055258950680862,0.005909983415778974,17_P5_1
193,121,2026-02-09 11:32:33.030000+00:00,124329.27264896495,426611.3208644378,11.35928582875766,0.01310619524156209,-0.006852054793853313,0.004986306683537833,0,0.0029295333955407046,-0.014496235466227938,0.004986306683537833,15_P5_1
194,123,2026-02-09 11:32:49.640000+00:00,124329.16262978186,426611.3831208261,8.086766615663022,0.012873169733211398,-0.007157193555030972,0.008650970608956143,0,0.003277623612471986,-0.014359704106255568,0.008650970608956143,16_P5_1
195,4,2026-02-09 11:32:49.840000+00:00,124378.97047450027,426782.74269066093,7.759712438959537,0.003474500263109803,-0.0006843390292488039,-0.004737561040463412,11,-0.0033708563159141015,0.0010852647984548741,-0.004737561040463412,TS3
196,68,2026-02-09 11:36:21.250000+00:00,123928.08493716714,426940.42793666036,7.120317100383559,-0.02401319472119212,-0.019798344874288887,0.0015038193433332125,0,-0.0009560848287056347,-0.031107778485123125,0.0015038193433332125,905_GSL_1
197,68,2026-02-09 11:36:22.740000+00:00,123928.09796127408,426940.4258956067,7.139260869324063,-0.010989087779307738,-0.021839398541487753,0.020447588283836637,0,0.0031619523833375305,-0.024242966732658244,0.020447588283836637,905_GSL_1
198,67,2026-02-09 11:36:23.270000+00:00,123855.63103926954,426533.0843561001,6.046667030575639,0.013044795399764553,-0.006746604572981596,0.0022588822380633644,0,-0.014128276538787211,-0.004009384283085056,0.0022588822380633644,904_GSL_1
199,69,2026-02-09 11:36:37.360000+00:00,124266.93978201336,427056.3158501932,7.079549896017584,-0.002815183295751922,0.0010118091595359147,-0.010951474909848713,0,0.0012274507101568148,-0.0027280724913639953,-0.010951474909848713,906_GSL_1
200,69,2026-02-09 11:36:39.810000+00:00,124266.92965609081,427056.3081690907,7.109831790806748,-0.012941105844220147,-0.006669293332379311,0.019330419879315386,0,-0.001267401266662354,-0.014503288870249072,0.019330419879315386,906_GSL_1
201,68,2026-02-09 11:36:42.070000+00:00,123928.09908219505,426940.42794282135,7.129886783806583,-0.0098681668023346,-0.0197921838844195,0.011073502766357102,0,-0.010263434451304003,-0.019590129458917818,0.011073502766357102,905_GSL_1
202,66,2026-02-09 11:36:54.650000+00:00,124898.94457869972,426720.76472071646,4.077728086359113,0.006973036041017622,-0.009484438342042267,-0.004558444044651111,0,0.002187858067898871,0.011566809385827277,-0.004558444044651111,901_GSL_1
203,66,2026-02-09 11:36:57.340000+00:00,124898.95065315433,426720.7689295287,4.092965499415747,0.01304749064729549,-0.005275626084767282,0.010678969011983064,0,0.013580086882656564,0.0036946560106509794,0.010678969011983064,901_GSL_1
204,69,2026-02-09 11:36:58.870000+00:00,124266.928117033,427056.31267889746,7.085307142431853,-0.014480163648840971,-0.002159486582968384,-0.005194228495579267,0,-0.00171444278318816,-0.014539573843218719,-0.005194228495579267,906_GSL_1
205,71,2026-02-09 11:37:11.730000+00:00,124806.22012349349,426258.50433324795,4.6052294698073,-0.007638441995368339,-0.01077288412488997,0.013725806658032802,0,-0.00341435788572427,0.012757076025214614,0.013725806658032802,903_GSL_1
206,66,2026-02-09 11:37:17.250000+00:00,124898.95422878387,426720.7698037136,4.073996584938552,0.016623120187432505,-0.0044014411978423595,-0.008289945465212334,0,0.013363831342744102,0.010821682920256925,-0.008289945465212334,901_GSL_1
207,149,2026-02-09 11:37:37.040000+00:00,124351.05079898164,426607.390843011,8.019467077926366,0.009487289571552537,-0.005889454507268965,0.0072412339585685714,0,0.0043231738140504525,-0.01029584896845271,0.0072412339585685714,14_P5_1
208,147,2026-02-09 11:37:52.430000+00:00,124350.93719529128,426607.5040414476,11.377276156863157,0.010687945687095635,-0.005951292521785945,0.0030565151907140375,0,0.004186811004746673,-0.011494375985702906,0.0030565151907140375,13_P5_1
209,102,2026-02-09 11:37:54.130000+00:00,124282.3952981912,426301.7926652606,6.904901564322702,0.002009245377848856,-0.0008926040027290583,0.0016035805559662109,0,0.0004115435530578541,-0.002159731649541546,0.0016035805559662109,02_P1_0
210,164,2026-02-09 11:37:57.170000+00:00,124091.07217775514,427154.2049060305,9.835565226575536,-0.02315069623000454,0.010175089060794562,0.02093169494613889,0,0.015941967979703466,-0.019630100108332535,0.02093169494613889,907_GSL_1
211,66,2026-02-09 11:38:02.890000+00:00,124898.91842569108,426720.8460009018,4.129248504481524,-0.01917997260170523,0.0717957469751127,0.04696197407775937,0,-0.04540303718944567,-0.05883081545151642,0.04696197407775937,901_GSL_1
212,126,2026-02-09 11:38:07.030000+00:00,124339.66875595112,426609.58237473125,6.675196407972997,0.011935346978134476,-0.006115429801866412,0.004539218837539494,0,0.0033202282410685065,-0.012993347281483351,0.004539218837539494,17_P5_1
213,103,2026-02-09 11:38:07.470000+00:00,124282.31426021425,426301.7965628776,9.299445134808336,0.0025418070872547105,-0.0008812756277620792,0.001493649017222154,0,0.00027771746563367346,-0.002675874251564847,0.001493649017222154,01_P1_0
214,122,2026-02-09 11:38:15.070000+00:00,124329.16488595732,426611.3893473706,8.077571792115075,0.015335054267779924,-0.002691538247745484,-0.006092046327323075,0,0.0012848402231914204,0.015516360821265453,-0.006092046327323075,16_P5_1
215,71,2026-02-09 11:38:18.900000+00:00,124806.20190933549,426258.58244736947,4.622439719982684,-0.02585259999614209,0.06734123738715425,0.030936056833416714,0,-0.07124328128400949,-0.01129575368362332,0.030936056833416714,903_GSL_1
216,100,2026-02-09 11:38:21.880000+00:00,124292.48686428682,426345.92919451057,7.5890951640959035,0.003141013512504287,-0.0010404691565781832,0.0005955951268052928,0,0.0002900956220931448,-0.003296116879233415,0.0005955951268052928,06_P2_0
217,121,2026-02-09 11:38:21.940000+00:00,124329.27291774924,426611.32063497335,11.359509311222096,0.01337497953500133,-0.007081519230268896,0.00520978914797432,0,0.00307503287023292,-0.014818305065605839,0.00520978914797432,15_P5_1
218,120,2026-02-09 11:38:30.560000+00:00,124329.27195235527,426611.3299118847,11.349610368050078,0.011700520102749579,-0.0012632054276764393,-0.00842079859679501,0,0.0017532252028425828,0.011637184368028025,-0.00842079859679501,15_P5_1
219,101,2026-02-09 11:38:35.770000+00:00,124292.4071475632,426345.8824801039,10.217219617188777,0.0018286923586856574,-0.0009134220308624208,0.0016011195884928497,0,0.000466969854468478,-0.0019900740449033125,0.0016011195884928497,05_P2_0
220,67,2026-02-09 11:38:36.990000+00:00,123855.59627858138,426533.1422672388,6.065028447970333,-0.021715892769861966,0.051164534117560834,0.02062029963275691,0,-0.010761876939728627,0.05453046446706031,0.02062029963275691,904_GSL_1
221,123,2026-02-09 11:38:37.030000+00:00,124329.1623878885,426611.3833445924,8.08529835854606,0.01263127637503203,-0.006933427241165191,0.007182713491994619,0,0.00313030805874523,-0.014064946769480804,0.007182713491994619,16_P5_1
222,124,2026-02-09 11:38:46.010000+00:00,124339.67145361732,426609.588562443,6.669069280316703,0.013687894097529352,-0.001679461041931063,-0.00536091551649065,0,0.002683300011314314,0.013526970661083862,-0.00536091551649065,17_P5_1
223,98,2026-02-09 11:38:49.200000+00:00,124302.66320675336,426390.07713455334,7.981102083695355,0.002361119812121615,-0.0007774552213959396,0.0020512885644841106,0,0.00020163480168412944,-0.0024776333052368388,0.0020512885644841106,10_P3_0
224,118,2026-02-09 11:38:54.620000+00:00,124372.27040920292,426775.108130409,6.174474076367697,0.010381840926129371,-0.004534089821390808,0.008942007377335415,0,-0.003464344744147875,-0.010786051502639392,0.008942007377335415,22_P6_1
225,99,2026-02-09 11:39:02.930000+00:00,124302.54000973812,426390.1341449001,11.089145869320856,0.0019294469529995695,-0.0006713918992318213,0.0013906665714884525,0,0.00019466450624934672,-0.002033626897147098,0.0013906665714884525,09_P3_0
226,170,2026-02-09 11:39:02.940000+00:00,124669.39670801004,426931.3018895955,13.789154433172255,0.00866119356942363,0.0033926237956620753,0.002964302500867433,0,0.008031043161307283,0.004693454591996955,0.002964302500867433,908_GSL_1
227,110,2026-02-09 11:39:10.710000+00:00,124434.11882613414,426964.00650501484,8.78981768658316,-0.021626749716233462,0.07207717292476445,0.04544451410855466,0,0.06597477196954493,-0.036196196259849614,0.04544451410855466,35_P9_0
228,74,2026-02-09 11:39:12.810000+00:00,124369.35763969815,426785.7210350751,7.238532678512089,0.011326488849590532,-0.005431221623439342,0.008478843755017174,0,-0.012427446852469473,-0.00182923008718431,0.008478843755017174,21_P6_1
229,166,2026-02-09 11:39:20.470000+00:00,124091.06543796105,427154.20809763164,9.822941380539703,-0.006842874645371921,0.019069652073085308,-0.0069122385231015215,0,0.020243611253749478,-0.000820223754757268,-0.0069122385231015215,907_GSL_1
230,92,2026-02-09 11:39:20.650000+00:00,124278.33007258076,426395.6356368638,11.09466020053853,0.016096778184873983,-0.002653761359397322,-0.007128782688688773,0,0.000275698820285778,-0.016311735267780625,-0.007128782688688773,11_P3_0
231,111,2026-02-09 11:39:23.730000+00:00,124434.24052265834,426964.05008918606,6.50684776837444,-0.021168100982322358,0.07202540669823065,0.0455552587596717,0,0.06593427561807991,-0.035894554015371186,0.0455552587596717,36_P9_0
232,73,2026-02-09 11:39:29.140000+00:00,124369.50078708188,426785.6881688345,11.414655196452632,0.011447517448686995,-0.008297819702420384,0.008600580389556356,0,-0.013399116104288185,-0.00451255528228454,0.008600580389556356,20_P6_1
233,93,2026-02-09 11:39:35.400000+00:00,124278.28416950416,426395.78838877106,7.941148635620912,0.016045924479840323,-0.0029613314545713365,-0.007576884658605287,0,0.0005654567652253392,-0.016307097689142402,-0.007576884658605287,12_P3_0
234,125,2026-02-09 11:39:35.720000+00:00,124339.66115699772,426609.5900101228,6.675266692088403,0.003291434099082835,-0.0012237236369401217,0.001750753959289142,0,-0.00073321355282573,0.0034341572261857582,0.001750753959289142,17_P5_1
235,165,2026-02-09 11:39:46.930000+00:00,124091.07769645896,427154.20373444667,9.854272388931816,-0.006084168198867701,0.007582653022836894,0.0035368952057961422,0,0.009720436277163276,-0.0001638539546629598,0.0035368952057961422,907_GSL_1
236,94,2026-02-09 11:39:50.370000+00:00,124268.24002315989,426351.55327699153,10.207454907484664,0.01580066079623066,-0.002696028968784958,-0.007039031806296947,0,-0.00023400885379960457,-0.016027310867840917,-0.007039031806296947,07_P2_0
237,146,2026-02-09 11:39:50.470000+00:00,124350.92835286891,426607.5113413437,11.379264758070924,0.002086293970933184,-0.0005240531172603369,-5.675515315850532e-05,0,-7.163095407771983e-05,0.002149912372465526,-5.675515315850532e-05,13_P5_1
238,152,2026-02-09 11:40:03.120000+00:00,124370.2845070962,426819.49234995805,9.736787298759088,0.008735434341360815,-0.006820079870522022,0.007866347531209072,0,-0.0086492911255696,0.00692900177497946,0.007866347531209072,29_KW_1
239,95,2026-02-09 11:40:04.970000+00:00,124268.12500129263,426351.5463795871,7.185461493251679,0.015453390398761258,-0.0028114229207858443,-0.008209364993441604,0,-7.546651342700943e-05,-0.015706867238930805,-0.008209364993441604,08_P2_0
240,148,2026-02-09 11:40:05.360000+00:00,124351.04330772794,426607.3978316766,8.015501238324973,0.002189313279814087,-0.0006242181407287717,4.482311259046412e-05,0,-0.00014596505977420164,0.002271879205792049,4.482311259046412e-05,14_P5_1
241,117,2026-02-09 11:40:18.120000+00:00,124377.69147204145,426815.8996210978,7.62601020175602,0.01145489736518357,-0.00608494074549526,0.008575161583560309,0,-0.006529042301166465,0.011207710923853132,0.008575161583560309,26_KW_0
242,96,2026-02-09 11:40:19.760000+00:00,124258.07771388614,426307.34969006164,9.299055791978022,0.016735689714550972,-0.002719515294302255,-0.005489816197869146,0,-0.0006127716399914351,-0.016944131272357794,-0.005489816197869146,03_P1_0
243,168,2026-02-09 11:40:26.270000+00:00,124669.36653055964,426931.31684317475,13.79180147987572,-0.010201411714660935,0.0091026023728773,-0.00953854005950916,0,0.0014026039270991072,-0.013599958571790539,-0.00953854005950916,908_GSL_1
244,116,2026-02-09 11:40:32.010000+00:00,124377.69867810897,426815.894097761,10.01395406240649,0.011318217395455576,-0.005963802570477128,0.008894307129367007,0,-0.006400267487791714,0.01107725427148529,0.008894307129367007,25_KW_0
245,97,2026-02-09 11:40:35.260000+00:00,124258.00325619518,426307.389057266,6.832045484343285,0.015385986305773258,-0.002795438631437719,-0.0050167062528148065,0,-0.0002826417993767094,-0.01563531788473844,-0.0050167062528148065,04_P1_0
246,115,2026-02-09 11:40:47.160000+00:00,124396.30074265624,426811.62802545895,7.655686359559135,0.010651896431227215,-0.00588887749472633,0.009414066786088249,0,0.00042162723165147333,0.01216404563486241,0.009414066786088249,24_KW_0
247,113,2026-02-09 11:40:59.900000+00:00,124414.05688251484,426875.9894179886,7.342387559533767,-0.021863936315639876,0.07232105312868953,0.04561782267767622,0,-0.06511751985427237,0.03831546743660494,0.04561782267767622,32_P7_0
248,114,2026-02-09 11:41:01.740000+00:00,124396.30990114227,426811.62356266135,9.999597990815177,0.01088049725512974,-0.005976094456855208,0.008913913164994014,0,0.00046792308255334873,0.012404836696424306,0.008913913164994014,23_KW_0
249,112,2026-02-09 11:41:12.370000+00:00,124413.93043271276,426875.9416427231,10.707817355440502,-0.021967436376144178,0.07216263213194907,0.045678962950651325,0,-0.06484304191463373,0.03854080503061661,0.045678962950651325,31_P7_0
250,150,2026-02-09 11:41:18.010000+00:00,124401.11407338252,426812.31521125836,9.190376125682944,0.010892752587096766,-0.006220330658834428,0.008362102439134489,0,0.0015414602696883484,0.0124486333653904,0.008362102439134489,27_KW_1
251,119,2026-02-09 11:41:34.010000+00:00,124400.82506916055,426811.3370669514,3.9924987320278014,0.010917773470282555,-0.006061929918359965,0.008964602941618605,0,0.0018050696216851897,0.012356637711949902,0.008964602941618605,28_KW_1
252,169,2026-02-09 11:41:50.640000+00:00,124669.38656321555,426931.3030960268,13.81518699900737,0.007485767229809426,0.0009364738943986595,0.003431786134477477,0,0.007090800107632817,0.002575703439329402,0.003431786134477477,908_GSL_1
253,62,2026-02-09 11:42:07.730000+00:00,124390.6216557355,426780.8750108898,7.453417041956463,0.01097552246937994,-0.004234318214002997,0.008619168374134567,0,0.011505798971630704,0.002451149574734946,0.008619168374134567,19_P6_1
254,72,2026-02-09 11:42:22.900000+00:00,124390.5338813267,426780.88145448366,10.995973325284591,0.009921623845002614,-0.005476448044646531,0.008888003717833826,0,0.010662890410314424,0.0038383422209414763,0.008888003717833826,18_P6_1
255,134,2026-02-09 11:45:21.740000+00:00,123855.63001799014,426533.0792937268,6.044565583534941,0.015555848731310107,0.0049956648726947606,-0.0012773353628396933,0,-0.014247294416761211,0.007997230712803245,-0.0012773353628396933,904_GSL_1
256,139,2026-02-09 11:45:21.820000+00:00,123928.09794334335,426940.42568873137,7.138211912423412,0.011073419664171524,-0.005415281222667545,0.001610081684155773,0,-0.012240342258402192,-0.0014559928490929662,0.001610081684155773,905_GSL_1
257,142,2026-02-09 11:45:35.520000+00:00,124266.94406052676,427056.3160334891,7.072214815303791,0.024569580811657943,0.0008791189757175744,-0.01058591795026409,0,-0.0010331571418575516,0.024563585604595387,-0.01058591795026409,906_GSL_1
258,137,2026-02-09 11:45:39.210000+00:00,123928.09859755244,426940.4274046847,7.128000960945081,0.009198290557833388,-0.006423886341508478,0.005137269979551107,0,-0.010594115376407882,0.003693180784405782,0.005137269979551107,905_GSL_1
259,143,2026-02-09 11:45:39.660000+00:00,124266.92991482215,427056.30816827,7.110364052257509,0.010347394054406323,-0.0060586060280911624,0.004822314034731434,0,-0.009528636726785064,0.007278760392384728,0.004822314034731434,906_GSL_1
260,141,2026-02-09 11:45:55.780000+00:00,124266.92641403091,427056.31242291396,7.0825636357234325,0.007785279463860206,-0.0020953890634700656,-0.0015710645396653788,0,-0.002333438755386541,0.00771727252548292,-0.0015710645396653788,906_GSL_1
261,152,2026-02-09 11:45:56.130000+00:00,124370.28453553941,426819.49222202227,9.736420737950224,0.008763877543970011,-0.0069480156525969505,0.007499786722345192,0,-0.00878033822405148,0.006927202305815429,0.007499786722345192,29_KW_1
262,125,2026-02-09 11:45:59.070000+00:00,124339.65960221186,426609.59018238774,6.672893870417816,0.0017366482352372259,-0.001051458704750985,-0.0006220677112978024,0,-0.0007883585307483683,0.0018708295827641447,-0.0006220677112978024,17_P5_1
263,122,2026-02-09 11:46:11.880000+00:00,124329.16412207064,426611.38944270444,8.078944956781196,0.014571167586836964,-0.002596204401925206,-0.0047188816612013795,0,0.001183364383989001,0.014753265769820941,-0.0047188816612013795,16_P5_1
264,150,2026-02-09 11:46:12.940000+00:00,124401.11394236733,426812.31531554897,9.190246517932817,0.010761737401480787,-0.006116040050983429,0.008232494689007552,0,0.0015465247073991834,0.01228125397233799,0.008232494689007552,27_KW_1
265,146,2026-02-09 11:46:15.980000+00:00,124350.92773266652,426607.5112035574,11.379878148218452,0.0014660915767308325,-0.0006618393817916512,0.0005566349943695315,0,-0.0003372893893442928,0.0015727974270347749,0.0005566349943695315,13_P5_1
266,120,2026-02-09 11:46:29.860000+00:00,124329.27123918821,426611.3300015019,11.351821022647137,0.010987353045493364,-0.001173588214442134,-0.006210143999735962,0,0.0016585709051340374,0.010924668360917536,-0.006210143999735962,15_P5_1
267,129,2026-02-09 11:46:31.740000+00:00,124898.95058414957,426720.7665031524,4.088489092890522,0.010912450787145644,-0.005999517743475735,-0.0031956523550915605,0,0.011545717793740444,0.004666068576806503,-0.0031956523550915605,901_GSL_1
268,148,2026-02-09 11:46:32.730000+00:00,124351.03756192404,426607.39897403825,8.015766804993566,-0.0035564906283980235,0.0005181435262784362,0.0003103897811840284,0,-0.0002474995543519737,-0.00358550446580433,0.0003103897811840284,14_P5_1
269,124,2026-02-09 11:46:45.060000+00:00,124339.67107023412,426609.5886295387,6.668198788902837,0.013304510895977728,-0.0016123653040267527,-0.00623140693035662,0,0.0026271945117921675,0.013141825636190296,-0.00623140693035662,17_P5_1
270,149,2026-02-09 11:46:49.100000+00:00,124351.05190713273,426607.3906649079,8.0183752208386,0.010595440660836175,-0.006067557551432401,0.006149376870801859,0,0.004324680809276753,-0.011418220235006778,0.006149376870801859,14_P5_1
271,128,2026-02-09 11:46:52.180000+00:00,124898.9393859898,426720.7754038203,4.0855047742708495,-0.0009154097060672939,0.0061397855170071125,0.0041128432671699855,0,0.0018286301183316684,-0.005932204734762853,0.0041128432671699855,901_GSL_1
272,127,2026-02-09 11:47:01.700000+00:00,124898.95261405673,426720.77289551287,4.072703009100625,0.012260632502147928,0.004723994294181466,-0.00389669361587508,0,0.013120033002267686,0.0007099052497284503,-0.00389669361587508,901_GSL_1
273,154,2026-02-09 11:47:01.900000+00:00,124285.66541675641,426445.5612226875,7.895665452006242,0.0007917564071249217,-0.0026023125392384827,-0.005934547993756922,11,-0.0013685547624180674,-0.0023507374635131062,-0.005934547993756922,TS1-1
274,147,2026-02-09 11:47:04.640000+00:00,124350.9371432877,426607.5041461996,11.379495001954556,0.010635942104272544,-0.005846540501806885,0.005275360282112729,0,0.004091597429524604,-0.011426466241118179,0.005275360282112729,13_P5_1
275,131,2026-02-09 11:47:13.380000+00:00,124806.2231207315,426258.51205317193,4.599809835669804,0.004576235354761593,0.0057691074325703084,-0.01169463710275842,0,0.002283668221544335,-0.007000670685342689,-0.01169463710275842,903_GSL_1
276,126,2026-02-09 11:47:20.040000+00:00,124339.66814581779,426609.58239815483,6.677196868862499,0.011325213650707155,-0.00609200622420758,0.006539679727040948,0,0.00343251334680136,-0.012393177808535554,0.006539679727040948,17_P5_1
277,138,2026-02-09 11:47:30.700000+00:00,123928.08040486125,426940.4243010572,7.121425489173897,-0.0062140174268279225,-0.007420094858389348,0.0034894255759700954,0,-0.0020631737061217645,-0.009455957621879707,0.0034894255759700954,905_GSL_1
278,3,2026-02-09 11:47:30.900000+00:00,124314.90229919716,426440.7930264888,7.074710483350693,-0.0019258028478361666,-0.0011735112057067454,0.022510483350693278,11,8.907216327186874e-05,-0.0022534221327534833,0.022510483350693278,TS2
279,121,2026-02-09 11:47:34.630000+00:00,124329.27268016666,426611.3207467424,11.35907101309245,0.013137396948877722,-0.006969750160351396,0.004771491018328078,0,0.0030338767576453996,-0.01455899061437705,0.004771491018328078,15_P5_1
280,123,2026-02-09 11:47:49.720000+00:00,124329.16236458626,426611.38335065875,8.084921875917749,0.012607974131242372,-0.00692736089695245,0.006806230863682927,0,0.0031309902164400848,-0.01404087749947485,0.006806230863682927,16_P5_1
281,4,2026-02-09 11:47:49.920000+00:00,124378.97038782675,426782.7427299014,7.759623219810345,0.003387826742255129,-0.0006450985674746335,-0.004826780189654656,11,-0.0032760242646400384,0.0010775839711069006,-0.004826780189654656,TS3
282,68,2026-02-09 11:51:18.360000+00:00,123928.08101534437,426940.4250264325,7.122779902011635,-0.02793501748237759,-0.022708572738338262,0.003966620971408652,0,-0.0008566400053473273,-0.035990424357798007,0.003966620971408652,905_GSL_1
283,68,2026-02-09 11:51:23.450000+00:00,123928.0988561456,426940.42814604513,7.137912730281252,-0.01009421625349205,-0.01958896010182798,0.019099449241026356,0,0.003060308096986507,-0.02182326909504601,0.019099449241026356,905_GSL_1
284,67,2026-02-09 11:51:24.440000+00:00,123855.63068766013,426533.0821272643,6.046678714622311,0.012693185984971933,-0.008975440403446555,0.002270566284734876,0,-0.01422825431352293,-0.006263567679416007,0.002270566284734876,904_GSL_1
285,69,2026-02-09 11:51:33.840000+00:00,124266.93205308677,427056.3151978498,7.076938564157066,-0.010544109885813668,0.0003594657755456865,-0.013562806770366365,0,0.0011775054326578728,-0.010484319237984095,-0.013562806770366365,906_GSL_1
286,69,2026-02-09 11:51:40.130000+00:00,124266.93006134004,427056.3082340314,7.1127800368483705,-0.012535856614704244,-0.006604352616705,0.022278665920937968,0,-0.0013608854745343238,-0.014103657868631238,0.022278665920937968,906_GSL_1
287,68,2026-02-09 11:51:43.590000+00:00,123928.09642333897,426940.4258260396,7.123056404402586,-0.012527022889116779,-0.021908965660259128,0.004243123362360102,0,-0.010422044157994342,-0.022984996722551113,0.004243123362360102,905_GSL_1
288,66,2026-02-09 11:51:50.860000+00:00,124898.9410652852,426720.77205121756,4.077859011066943,0.0034596215118654072,-0.002153937239199877,-0.004427519336821284,0,0.0021885521970021735,0.003437828663091114,-0.004427519336821284,901_GSL_1
289,66,2026-02-09 11:51:57.720000+00:00,124898.95018332225,426720.7641538846,4.092769040024658,0.012577658562804572,-0.010051270190160722,0.010482509620893588,0,0.013678656124183876,0.008492343256983417,0.010482509620893588,901_GSL_1
290,69,2026-02-09 11:52:00.440000+00:00,124266.9281542634,427056.3128803676,7.0854855170777755,-0.01444293325766921,-0.0019580164225772023,-0.0050158538496569705,0,-0.001514209022607982,-0.014496182960780467,-0.0050158538496569705,906_GSL_1
291,71,2026-02-09 11:52:07.440000+00:00,124806.22194290953,426258.50878093485,4.607093292276001,-0.005819025958771817,-0.006325197231490165,0.015589629126733229,0,-0.0032555854306844895,0.007954265939081117,0.015589629126733229,903_GSL_1
292,66,2026-02-09 11:52:18.660000+00:00,124898.9536977505,426720.77091143007,4.068539662676548,0.01609208682202734,-0.0032937247306108475,-0.01374686772721656,0,0.013332885525018238,0.009593646046496748,-0.01374686772721656,901_GSL_1
293,149,2026-02-09 11:52:39.810000+00:00,124351.05148316498,426607.3906828965,8.019121257075067,0.010171472909860313,-0.006049568997696042,0.006895413107269377,0,0.004373631357169838,-0.010996703822759255,0.006895413107269377,14_P5_1
294,102,2026-02-09 11:52:50.070000+00:00,124282.39470004907,426301.7929089471,6.903826237492204,0.0014111032505752519,-0.0006489175138995051,0.0005282537254682751,0,0.00031048717500474824,-0.001521809461722172,0.0005282537254682751,02_P1_0
295,147,2026-02-09 11:52:55.250000+00:00,124350.9373869089,426607.50406513043,11.379909959320742,0.010879563313210383,-0.005927609687205404,0.005690317648298304,0,0.0041331334013009445,-0.011679840015045375,0.005690317648298304,13_P5_1
296,164,2026-02-09 11:52:56.280000+00:00,124091.07021340904,427154.20417360024,9.830316081463643,-0.025115042328252457,0.00944265880389139,0.015682549834245663,0,0.015755819650793167,-0.021718271191977966,0.015682549834245663,907_GSL_1
297,103,2026-02-09 11:53:03.270000+00:00,124282.31352402887,426301.7965805489,9.299392291629726,0.0018056217086268589,-0.0008636043057776988,0.0014408058386123912,0,0.0004285812161501764,-0.0019550959804535413,0.0014408058386123912,01_P1_0
298,126,2026-02-09 11:53:09.740000+00:00,124339.66851752908,426609.5822719967,6.6756813929898815,0.011696924935677089,-0.006218164344318211,0.005024203854423703,0,0.003473215198692891,-0.012783598747902856,0.005024203854423703,17_P5_1
299,122,2026-02-09 11:53:12.770000+00:00,124329.16514131293,426611.38917596475,8.07848827593028,0.015590409879223444,-0.002862944093067199,-0.005175562512118148,0,0.001183785103429135,0.015806833392906866,-0.005175562512118148,16_P5_1
300,100,2026-02-09 11:53:17.260000+00:00,124292.48606952625,426345.92922187987,7.587991523406579,0.002346252935240045,-0.0010130998562090099,-0.0005080455625190439,0,0.0004462659145587108,-0.002516370578487263,-0.0005080455625190439,06_P2_0
301,121,2026-02-09 11:53:25.600000+00:00,124329.27190676678,426611.32108684565,11.359627983299436,0.012363997069769539,-0.00662964693037793,0.005328461225314385,0,0.0029226993251460507,-0.013721460221766854,0.005328461225314385,15_P5_1
302,120,2026-02-09 11:53:28.120000+00:00,124329.27153435972,426611.3300424979,11.351094265532899,0.011282524559646845,-0.0011325922096148133,-0.006936901113974159,0,0.001773268558236283,0.011199716254114879,-0.006936901113974159,15_P5_1
303,101,2026-02-09 11:53:30.760000+00:00,124292.40721608487,426345.88235239947,10.216961117922787,0.0018972140387631953,-0.001041126437485218,0.0013426203225037625,0,0.0005754246995839371,-0.002086205115231854,0.0013426203225037625,05_P2_0
304,123,2026-02-09 11:53:41.470000+00:00,124329.16277429735,426611.3831816387,8.086072071165123,0.013017685225349851,-0.007096380926668644,0.007956426111057624,0,0.003178874145108035,-0.01448148853026656,0.007956426111057624,16_P5_1
305,124,2026-02-09 11:53:43.640000+00:00,124339.67189895567,426609.5884198886,6.669613299419236,0.014133232441963628,-0.001822015445213765,-0.004816896413957217,0,0.002687094175802173,0.013994553384497154,-0.004816896413957217,17_P5_1
306,98,2026-02-09 11:53:44.060000+00:00,124302.66337458181,426390.0771444145,7.981043856362708,0.0025289482582593337,-0.0007675940869376063,0.001993061231837956,0,0.0001526630447265394,-0.00263846053031485,0.001993061231837956,10_P3_0
307,99,2026-02-09 11:53:57.760000+00:00,124302.54040816119,426390.13420950714,11.089880084577985,0.0023278700246009976,-0.0006067848298698664,0.0021248818286174753,0,3.741330014713574e-05,-0.0024053621195504332,0.0021248818286174753,09_P3_0
308,118,2026-02-09 11:53:59.040000+00:00,124372.2705321325,426775.10801317863,6.174517740338682,0.01050477051467169,-0.004651320166885853,0.008985671348320068,0,-0.0034577003153669107,-0.010955788031442848,0.008985671348320068,22_P6_1
309,170,2026-02-09 11:54:00.460000+00:00,124669.39658218784,426931.30192391126,13.79450660198567,0.008535371365724131,0.003426939540077001,0.008316471314282481,0,0.007979976912261167,0.004573450277629059,0.008316471314282481,908_GSL_1
310,166,2026-02-09 11:54:14.300000+00:00,124091.06703172115,427154.20865147864,9.822583980601108,-0.005249114547041245,0.019623499072622508,-0.007269638461696815,0,0.020294938672028143,0.0008662468930929205,-0.007269638461696815,907_GSL_1
311,74,2026-02-09 11:54:16.430000+00:00,124369.35780451492,426785.7210692165,7.238588452957302,0.011491305616800673,-0.005397080210968852,0.008534618200229716,0,-0.012574732884260427,-0.0017477621325128166,0.008534618200229716,21_P6_1
312,92,2026-02-09 11:54:18.380000+00:00,124278.32996891357,426395.63551815203,11.09415156532844,0.015993110995623283,-0.002772473148070276,-0.007637417898779475,0,0.0004082713438657378,-0.016226506746212357,-0.007637417898779475,11_P3_0
313,125,2026-02-09 11:54:29.550000+00:00,124339.66139468587,426609.58987201523,6.6742759420329545,0.0035291222447995096,-0.0013618312077596784,0.000760003903840456,0,-0.000835373037424663,0.003689368502265775,0.000760003903840456,17_P5_1
314,73,2026-02-09 11:54:33.190000+00:00,124369.50077421872,426785.68801487127,11.414601427512086,0.01143465428322088,-0.008451782923657447,0.00854681144901015,0,-0.013432683516790759,-0.004663364311647452,0.00854681144901015,20_P6_1
315,93,2026-02-09 11:54:33.440000+00:00,124278.28404568149,426395.7884581357,7.941520098552179,0.015922101811156608,-0.0028919668402522802,-0.00720542172733829,0,0.0005150879290461351,-0.016174408264765246,-0.00720542172733829,12_P3_0
316,146,2026-02-09 11:54:44.820000+00:00,124350.92818706685,426607.5112537417,11.378107267753151,0.0019204919080948457,-0.0006116551230661571,-0.0012142454709316297,0,-0.0001922726856425786,0.002006350510999174,-0.0012142454709316297,13_P5_1
317,94,2026-02-09 11:54:47.590000+00:00,124268.23976720634,426351.5532560028,10.206742027256393,0.015544707246590406,-0.00271701771998778,-0.0077519120345677095,0,-0.00016664344502979897,-0.01577949107655746,-0.0077519120345677095,07_P2_0
318,165,2026-02-09 11:54:56.730000+00:00,124091.07050417941,427154.1987712612,9.858063519303004,-0.013276447745738551,0.0026194675592705607,0.007328025576983421,0,0.010203467054779527,-0.008889034542706307,0.007328025576983421,907_GSL_1
319,148,2026-02-09 11:54:59.840000+00:00,124351.04295567723,426607.3978044601,8.015716615224324,0.0018372625636402518,-0.0006514346459880471,0.00026020001194204667,0,-0.0002471872505391148,0.0019335974992015362,0.00026020001194204667,14_P5_1
320,95,2026-02-09 11:55:05.860000+00:00,124268.12504882319,426351.5465160682,7.1864343722927835,0.015500920955673791,-0.0026749417884275317,-0.007236485952336835,0,-0.00021835677697031833,-0.015728515008209577,-0.007236485952336835,08_P2_0
321,152,2026-02-09 11:55:12.940000+00:00,124370.28430027506,426819.4923026974,9.736756191437077,0.008528613194357604,-0.006867340533062816,0.007835240209198346,0,-0.008647627024881435,0.00671685609899143,0.007835240209198346,29_KW_1
322,168,2026-02-09 11:55:17.300000+00:00,124669.3681977194,426931.3163583683,13.748285429503657,-0.008534251945093274,0.008617795945610851,-0.05305459043157157,0,0.0019861514526965537,-0.01196474260606832,-0.05305459043157157,908_GSL_1
323,96,2026-02-09 11:55:20.650000+00:00,124258.07756589894,426307.3494701741,9.299594052385903,0.016587702513788827,-0.002939402824267745,-0.004951555789988404,0,-0.0003681475315858834,-0.016842102928205153,-0.004951555789988404,03_P1_0
324,117,2026-02-09 11:55:27.710000+00:00,124377.69135809212,426815.8996666024,7.625984965969449,0.011340948040015064,-0.006039436149876565,0.008549925796989655,0,-0.00647910840200189,0.011095631832837008,0.008549925796989655,26_KW_0
325,97,2026-02-09 11:55:35.690000+00:00,124258.00332599181,426307.3890959006,6.8318329046764115,0.015455782937351614,-0.0027568040532059968,-0.005229285919688742,0,-0.0003342390988590305,-0.01569616128290915,-0.005229285919688742,04_P1_0
326,116,2026-02-09 11:55:43.050000+00:00,124377.69864558536,426815.89405660494,10.013803039262193,0.0112856937921606,-0.006004958646371961,0.008743283985069183,0,-0.006440125089281127,0.011043151794187266,0.008743283985069183,25_KW_0
327,115,2026-02-09 11:55:59.040000+00:00,124396.3007557337,426811.6281351801,7.6559482239846295,0.010664973888196982,-0.0057791563449427485,0.009675931211583055,0,0.0005224742941087084,0.012118883476096761,0.009675931211583055,24_KW_0
328,114,2026-02-09 11:56:14.090000+00:00,124396.30983038127,426811.62365742045,9.999677076666757,0.010809736253577285,-0.005881335353478789,0.008992999016573577,0,0.0005128213979289098,0.012295426695556716,0.008992999016573577,23_KW_0
329,150,2026-02-09 11:56:30.740000+00:00,124401.11396741193,426812.3152968548,9.190245565129288,0.010786782004288398,-0.006134734197985381,0.008231541885479032,0,0.0015465511424531512,0.012312506213267394,0.008231541885479032,27_KW_1
330,119,2026-02-09 11:56:47.040000+00:00,124400.82518439273,426811.3371420576,3.992776379500496,0.011033005648641847,-0.005986823700368404,0.009242250414313258,0,0.0019346855038990956,0.01240267163409797,0.009242250414313258,28_KW_1
331,169,2026-02-09 11:57:03.610000+00:00,124669.38627123776,426931.30350410304,13.813788999499703,0.00719378943904303,0.0013445501099340618,0.002033786626810752,0,0.007016723083052128,0.00207942748543299,0.002033786626810752,908_GSL_1
332,62,2026-02-09 11:57:19.610000+00:00,124390.62166299202,426780.8747386633,7.4534217067696025,0.010982779000187293,-0.004506544675678015,0.008623833187273888,0,0.011555879577043324,0.0027188281817190738,0.008623833187273888,19_P6_1
333,72,2026-02-09 11:57:35.550000+00:00,124390.53383083784,426780.881340012,10.995900348011329,0.00987113498558756,-0.005590919696260244,0.008815026444571217,0,0.010631141553017394,0.003959358310816075,0.008815026444571217,18_P6_1
334,138,2026-02-09 12:00:21.140000+00:00,123928.09095119344,426940.4327138101,7.120751827727185,0.004332314769271761,0.000992658082395792,0.0028157641292576585,0,-0.0018672156478830844,0.004033339441814497,0.0028157641292576585,905_GSL_1
335,139,2026-02-09 12:00:21.140000+00:00,123928.09785842223,426940.4254687626,7.1406889905119755,0.010988498543156311,-0.00563525001052767,0.004087159772719673,0,-0.012232800787742087,-0.0016916642106272347,0.004087159772719673,905_GSL_1
336,134,2026-02-09 12:00:22.070000+00:00,123855.6299428081,426533.078929912,6.044922760443494,0.015480666683288291,0.0046318500535562634,-0.0009201584542868346,0,-0.014246168182648839,0.007625730652821744,-0.0009201584542868346,904_GSL_1
337,143,2026-02-09 12:00:38.680000+00:00,124266.92975304156,427056.30810297426,7.112812812984414,0.010185613471549004,-0.006123901752289385,0.0072710747616362426,0,-0.009527737690863456,0.007104302144306183,0.0072710747616362426,906_GSL_1
338,142,2026-02-09 12:00:39.410000+00:00,124266.94641608978,427056.31670888263,7.067422306148783,0.026925143829430453,0.0015545124770142138,-0.015378427105272152,0,-0.0005428876709076668,0.026964516540325476,-0.015378427105272152,906_GSL_1
339,137,2026-02-09 12:00:40.150000+00:00,123928.09566465803,426940.4255617525,7.12499964488009,0.006265396150411107,-0.008266818535048515,0.002135953914559785,0,-0.010370125750800551,0.0002365787936212662,0.002135953914559785,905_GSL_1
340,125,2026-02-09 12:00:54.190000+00:00,124339.66253629519,426609.5899845893,6.674026522021356,0.004670731563237496,-0.001249257125891745,0.0005105838922423445,0,-0.0005583517871216016,0.004802563896944256,0.0005105838922423445,17_P5_1
341,152,2026-02-09 12:00:54.840000+00:00,124370.28420227714,426819.4922991455,9.736624590527045,0.008430615271208808,-0.006870892422739416,0.007703639299165843,0,-0.00862850387572466,0.006620676506415459,0.007703639299165843,29_KW_1
342,141,2026-02-09 12:00:56.570000+00:00,124266.92799279028,427056.3127033719,7.085564588561966,0.009364038836793043,-0.0018149311072193086,0.0014298882988681427,0,-0.0021015869286333875,0.009303898679710456,0.0014298882988681427,906_GSL_1
343,150,2026-02-09 12:01:11.240000+00:00,124401.11388704165,426812.31531402026,9.190150216132809,0.010706411718274467,-0.006117568758781999,0.00813619288899936,0,0.0015121687893991658,0.01223786112652033,0.00813619288899936,27_KW_1
344,122,2026-02-09 12:01:12.380000+00:00,124329.16434439995,426611.3893607043,8.079738546599211,0.014793496899073943,-0.0026782045606523752,-0.0039252918431866846,0,0.0011604187769604269,0.014989121336278763,-0.0039252918431866846,16_P5_1
345,146,2026-02-09 12:01:13.510000+00:00,124350.92431737123,426607.51211937814,11.38002617582497,-0.0019492037099553272,0.0002539813285693526,0.0007046626008868628,0,-0.00016339748206089884,-0.001958877964810882,0.0007046626008868628,13_P5_1
346,120,2026-02-09 12:01:28.660000+00:00,124329.27133601873,426611.3303352681,11.35086264094223,0.011084183570346795,-0.000839821994304657,-0.007168525704642548,0,0.0020059882850847963,0.010933454961875786,-0.007168525704642548,15_P5_1
347,129,2026-02-09 12:01:29.510000+00:00,124898.95054429534,426720.7666372084,4.092109709070425,0.010872596554690972,-0.00586546171689406,0.00042496382481171935,0,0.011490280400848091,0.004537670470992138,0.00042496382481171935,901_GSL_1
348,148,2026-02-09 12:01:31.150000+00:00,124351.04136146896,426607.3982788221,8.016048989131022,0.00024305429542437196,-0.0001770726521499455,0.0005925739186398715,0,-0.00012152869877742902,0.0002750652468726618,0.0005925739186398715,14_P5_1
349,124,2026-02-09 12:01:44.280000+00:00,124339.6715440102,426609.58856543206,6.669432494765187,0.013778286971501075,-0.0016764719621278346,-0.004997701068006677,0,0.0027143945917821304,0.013611899651001727,-0.004997701068006677,17_P5_1
350,149,2026-02-09 12:01:46.980000+00:00,124351.05222730066,426607.3907490156,8.020099043925685,0.010915608596405946,-0.005983449867926538,0.007873199957886712,0,0.004191239786439549,-0.011721164293895366,0.007873199957886712,14_P5_1
351,128,2026-02-09 12:01:49.120000+00:00,124898.93442845892,426720.78637942945,4.079461916892857,-0.005872940586414188,0.017115394643042237,-0.0019300141108224977,0,0.00210273422639431,-0.017972386421724294,-0.0019300141108224977,901_GSL_1
352,127,2026-02-09 12:02:00.980000+00:00,124898.95336803561,426720.7721167553,4.075045255654025,0.013014611380640417,0.003945236734580249,-0.001554447062474651,0,0.013489077925859367,0.0017290977390159476,-0.001554447062474651,901_GSL_1
353,154,2026-02-09 12:02:01.180000+00:00,124285.66526427882,426445.56120704586,7.895289408256434,0.0006392788200173527,-0.0026179541600868106,-0.006310591743565297,11,-0.0012237517313714494,-0.0024009983536029335,-0.006310591743565297,TS1-1
354,147,2026-02-09 12:02:02.120000+00:00,124350.93818295862,426607.50400447473,11.381623706194636,0.01167561303009279,-0.005988265387713909,0.00740406452219311,0,0.004067179881579553,-0.012475468319587827,0.00740406452219311,13_P5_1
355,131,2026-02-09 12:02:07.720000+00:00,124806.2231185465,426258.51182315685,4.608307054107032,0.004574050355586223,0.005539092351682484,-0.0031974186655308046,0,0.0023616303632130894,-0.0067842599274685715,-0.0031974186655308046,903_GSL_1
356,3,2026-02-09 12:02:07.920000+00:00,124314.90212921808,426440.79276164406,7.073488294087236,-0.002095781921525486,-0.0014383559464477003,0.02128829408723565,11,-3.73564421734225e-05,-0.002541608582670168,0.02128829408723565,TS2
357,126,2026-02-09 12:02:17.030000+00:00,124339.66870095997,426609.5822546369,6.676865612739294,0.01188035582890734,-0.006235524138901383,0.006208423603836444,0,0.003449519222710063,-0.012966319178565219,0.006208423603836444,17_P5_1
358,121,2026-02-09 12:02:32.920000+00:00,124329.27270913977,426611.3206821828,11.362321553766758,0.01316637005947996,-0.007034309790469706,0.008022031692636489,0,0.0030878088787433117,-0.0146048023300496,0.008022031692636489,15_P5_1
359,123,2026-02-09 12:02:48.530000+00:00,124329.16275245084,426611.38332112017,8.084552820926389,0.012995838711503893,-0.006956899480428547,0.006437175872322953,0,0.0030510421823657977,-0.014421560796170251,0.006437175872322953,16_P5_1
360,4,2026-02-09 12:02:48.730000+00:00,124378.97045606331,426782.74272481125,7.758138325994356,0.0034560633066575974,-0.0006501887110061944,-0.006311674005644363,11,-0.0033381787482570455,0.001106201421184211,-0.006311674005644363,TS3
361,68,2026-02-09 12:06:20.170000+00:00,123928.08586822212,426940.4284625432,7.120042083239383,-0.023082139741745777,-0.019272462057415396,0.0012288021991571085,0,-0.0011101795571510308,-0.03004963344473406,0.0012288021991571085,905_GSL_1
362,68,2026-02-09 12:06:23.940000+00:00,123928.0979545477,426940.42574300856,7.140535409344191,-0.010995814154739492,-0.021991996676661074,0.02172212830396525,0,0.0031179172049427962,-0.024389227930686177,0.02172212830396525,905_GSL_1
363,67,2026-02-09 12:06:24.770000+00:00,123855.62972427759,426533.0783264562,6.043444978180408,0.01172980344563257,-0.012776248506270349,-0.0009631701571679585,0,-0.014042266821130706,-0.010180155072066474,-0.0009631701571679585,904_GSL_1
364,69,2026-02-09 12:06:36.350000+00:00,124266.93808062989,427056.31575819105,7.074115839204806,-0.004516566768870689,0.0009198070038110018,-0.016385531722626467,0,0.0012678996695293524,-0.004431461466597013,-0.016385531722626467,906_GSL_1
365,68,2026-02-09 12:06:41.970000+00:00,123928.09785888423,426940.4271450924,7.123584715813049,-0.011091477630543523,-0.0205899128341116,0.004771434772822936,0,-0.010193604951572968,-0.02104889081724802,0.004771434772822936,905_GSL_1
366,69,2026-02-09 12:06:42.210000+00:00,124266.92981479409,427056.30818142294,7.112444416942055,-0.012782402569428086,-0.006656961108092219,0.021943046014622603,0,-0.0013161340713714025,-0.014351750337423985,0.021943046014622603,906_GSL_1
367,66,2026-02-09 12:06:54.220000+00:00,124898.94254308696,426720.76934273134,4.079998340109791,0.004937423276714981,-0.00486242346232757,-0.0022881902939735355,0,0.0023503011211289445,0.0065190026216025215,-0.0022881902939735355,901_GSL_1
368,69,2026-02-09 12:06:58.570000+00:00,124266.9257256465,427056.3126371605,7.08816536286424,-0.016871550149517134,-0.002201223571319133,-0.002336008063192452,0,-0.0016828292608825767,-0.016931115596360447,-0.002336008063192452,906_GSL_1
369,66,2026-02-09 12:06:59.610000+00:00,124898.9503504092,426720.7649999202,4.092286223971012,0.01274474551610183,-0.009205234586261213,0.009999693567247725,0,0.013744458059827642,0.007632480245630268,0.009999693567247725,901_GSL_1
370,71,2026-02-09 12:07:09.380000+00:00,124806.21977857409,426258.5082953576,4.633629671352487,-0.00798336139996536,-0.006810774502810091,0.04212600820321999,0,0.001650314799849982,0.010363260569530278,0.04212600820321999,903_GSL_1
371,71,2026-02-09 12:07:11.870000+00:00,124806.22094557396,426258.50599249935,4.606346662279263,-0.006816361521487124,-0.009113632724620402,0.014842999129995427,0,-0.003220745947018211,0.010915488141885726,0.014842999129995427,903_GSL_1
372,66,2026-02-09 12:07:16.080000+00:00,124898.95360483279,426720.77130321995,4.072040891446627,0.015999169103452004,-0.0029019348439760506,-0.01024563895713726,0,0.01340852517572541,0.009198156905134496,-0.01024563895713726,901_GSL_1
373,67,2026-02-09 12:07:26.380000+00:00,123855.61217182748,426533.0779600238,6.078199806052748,-0.005822646664455533,-0.013142680923920125,0.03379165771517201,0,0.01241094415058129,-0.007252705794268861,0.03379165771517201,904_GSL_1
374,149,2026-02-09 12:07:39.440000+00:00,124351.05126962985,426607.3906974699,8.019032712134981,0.009957937785657123,-0.006034995603840798,0.006806868167183566,0,0.004392841123838392,-0.01078353577181946,0.006806868167183566,14_P5_1
375,68,2026-02-09 12:07:45.150000+00:00,123928.0874800564,426940.4352987621,7.183941314729972,-0.021470305451657623,-0.01243624312337488,0.06512803368974573,0,0.021053119672618612,-0.013130129902692026,0.06512803368974573,905_GSL_1
376,164,2026-02-09 12:07:54.470000+00:00,124091.07292983729,427154.2055120645,9.835201867784962,-0.022398614077246748,0.010781123070046306,0.020568336155564637,0,0.016327226679415368,-0.018744391059511853,0.020568336155564637,907_GSL_1
377,102,2026-02-09 12:07:54.690000+00:00,124282.39497984816,426301.7929307393,6.903951690011955,0.001690902339760214,-0.0006271253223530948,0.000653706245219432,0,0.00022554383637058033,-0.0017892922819981872,0.000653706245219432,02_P1_0
378,147,2026-02-09 12:07:55.190000+00:00,124350.93789570802,426607.5039672625,11.380048004689638,0.01138836242898833,-0.00602547760354355,0.005828363017194249,0,0.004149335226402692,-0.012197712750500874,0.005828363017194249,13_P5_1
379,69,2026-02-09 12:08:02.220000+00:00,124266.9191116648,427056.3145431561,7.159070269596153,-0.023485531855840236,-0.0002952279173769057,0.06856889866872073,0,0.016452575689707632,-0.016762163322475016,0.06856889866872073,906_GSL_1
380,103,2026-02-09 12:08:07.920000+00:00,124282.31460810399,426301.79635697673,9.299059569890046,0.0028896968287881464,-0.0010871764970943332,0.0011080840989325935,0,0.0003987588997409675,-0.0030615832240884692,0.0011080840989325935,01_P1_0
381,126,2026-02-09 12:08:09.840000+00:00,124339.66842011028,426609.5823228102,6.67616251708796,0.011599506135098636,-0.006167350860778242,0.005505327952501915,0,0.0034452390371873197,-0.012677345431705078,0.005505327952501915,17_P5_1
382,122,2026-02-09 12:08:11.250000+00:00,124329.16568956162,426611.3890614815,8.078172627096441,0.016138658567797393,-0.002977427328005433,-0.00549121134595687,0,0.001212059382185362,0.016366193385010157,-0.00549121134595687,16_P5_1
383,100,2026-02-09 12:08:21.700000+00:00,124292.48655273134,426345.92906293646,7.588133350549318,0.0028294580260990188,-0.0011720432667061687,-0.0003662184197805729,0,0.000489803892542112,-0.0030231788381334663,-0.0003662184197805729,06_P2_0
384,121,2026-02-09 12:08:24.640000+00:00,124329.27264196359,426611.3207101303,11.360244583719492,0.013099193878588267,-0.007006362255197018,0.005945061645370231,0,0.0030796823675792455,-0.01453249974487236,0.005945061645370231,15_P5_1
385,120,2026-02-09 12:08:28.190000+00:00,124329.27238247085,426611.32988904446,11.351623702892713,0.01213063568866346,-0.0012860456481575966,-0.006407463754159792,0,0.0018404947025018794,0.012058972380359913,-0.006407463754159792,15_P5_1
386,101,2026-02-09 12:08:35.350000+00:00,124292.4076149195,426345.8822170848,10.217106869709967,0.002296048667631112,-0.0011764410883188248,0.0014883721096836666,0,0.0006150921481686506,-0.0025054969103306952,0.0014883721096836666,05_P2_0
387,123,2026-02-09 12:08:40.220000+00:00,124329.16243382842,426611.38331073296,8.085147888942124,0.012677216291194782,-0.006967286695726216,0.007032243888058787,0,0.003149991761356233,-0.01411851439414097,0.007032243888058787,16_P5_1
388,124,2026-02-09 12:08:43.770000+00:00,124339.67206800688,426609.5882348616,6.669409521333696,0.014302283656434156,-0.0020070424070581794,-0.005020674499497169,0,0.002564181383831313,0.014212969810832865,-0.005020674499497169,17_P5_1
389,107,2026-02-09 12:08:45.710000+00:00,124409.9215265564,426969.5243149376,6.338199010499363,0.000404339749366045,-0.0012879117275588214,0.05239877538077131,0,-0.0011548151613426756,0.0006990058612301001,0.05239877538077131,38_P9_0
390,98,2026-02-09 12:08:48.870000+00:00,124302.66283943795,426390.0772296561,7.982774046729847,0.001993804398807697,-0.0006823524599894881,0.0037232515989762405,0,0.00019538967578612982,-0.0020982573090435833,0.0037232515989762405,10_P3_0
391,118,2026-02-09 12:08:57.230000+00:00,124372.27055121852,426775.1079193193,6.17454272335724,0.010523856530198827,-0.004745179496239871,0.00901065436687798,0,-0.0033999156518675793,-0.011032173778541094,0.00901065436687798,22_P6_1
392,106,2026-02-09 12:08:58.730000+00:00,124410.03293063652,426969.44966723426,8.972842992464725,0.0007002122874837369,-0.0012039798311889172,0.051916542189802684,0,-0.0010002717329193002,0.0009691858138538352,0.051916542189802684,37_P9_0
393,170,2026-02-09 12:09:00.650000+00:00,124669.39821792298,426931.3007434588,13.788628506454138,0.010171106507186778,0.0022464870708063245,0.0024383757827504127,0,0.008067623060447646,0.006588745699628308,0.0024383757827504127,908_GSL_1
394,99,2026-02-09 12:09:04.650000+00:00,124302.54217013602,426390.1337477601,11.08979021166191,0.00408984484965913,-0.0010685318848118186,0.002035008912542935,0,6.813016237354408e-05,-0.004226576577339841,0.002035008912542935,09_P3_0
395,104,2026-02-09 12:09:14.160000+00:00,124389.81616514278,426881.4448486383,10.774686399233786,0.000505749907460995,-0.0012859577545896173,0.05190113488641224,0,0.0011535512993113906,-0.000760782304830349,0.05190113488641224,33_P7_0
396,74,2026-02-09 12:09:16.940000+00:00,124369.35766307944,426785.721137777,7.238625755224574,0.011349870139383711,-0.005328519677277654,0.008571920467502103,0,-0.01241933017963351,-0.0017242134500268353,0.008571920467502103,21_P6_1
397,92,2026-02-09 12:09:19.480000+00:00,124278.33009364367,426395.63548504614,11.094284634760754,0.01611784109263681,-0.002805579046253115,-0.007504348466465416,0,0.00042281586040668784,-0.016354733321593932,-0.007504348466465416,11_P3_0
398,166,2026-02-09 12:09:21.780000+00:00,124091.05373668954,427154.2045245263,9.822143279586893,-0.018544146150816232,0.015496546751819551,-0.007710339475911709,0,0.020337349316069526,-0.01305452184073886,-0.007710339475911709,907_GSL_1
399,105,2026-02-09 12:09:27.270000+00:00,124389.68743077808,426881.47275929945,7.111363442573251,0.000557877472601831,-0.0012058077845722437,0.05144966933688355,0,0.0010619988048827388,-0.000798347183999082,0.05144966933688355,34_P7_0
400,73,2026-02-09 12:09:33.710000+00:00,124369.50082730941,426785.68810422835,11.414676884561342,0.01148774498142302,-0.008362425840459764,0.008622268498266195,0,-0.0134567570675229,-0.004562251628425534,0.008622268498266195,20_P6_1
401,93,2026-02-09 12:09:33.950000+00:00,124278.28390872777,426395.78845551563,7.941670018287756,0.01578514809079934,-0.0028945868834853172,-0.007055501991761304,0,0.0005378527367803296,-0.01603933439728872,-0.007055501991761304,12_P3_0
402,125,2026-02-09 12:09:36.800000+00:00,124339.65956783213,426609.590218982,6.6745564296141415,0.0017022685060510412,-0.0010148644214496017,0.0010404914850274949,0,-0.0007571397066970513,0.0018315041155182214,0.0010404914850274949,17_P5_1
403,94,2026-02-09 12:09:49.080000+00:00,124268.23954420036,426351.55314882577,10.20663858266445,0.015321701270295307,-0.0028241947293281555,-0.007855356626510712,0,-2.0553590831835928e-05,-0.015579800487658297,-0.007855356626510712,07_P2_0
404,165,2026-02-09 12:09:50.430000+00:00,124091.07174222791,427154.19965048303,9.861500416432582,-0.01203839924710337,0.003498689387924969,0.01076492270656182,0,0.010139985430645771,-0.007371877598829846,0.01076492270656182,907_GSL_1
405,146,2026-02-09 12:09:53.290000+00:00,124350.92977168325,426607.5112741141,11.365214759180882,0.003505108310491778,-0.0005912827327847481,-0.014106754043201164,0,0.00016229371771581035,0.003550923863948354,-0.014106754043201164,13_P5_1
406,95,2026-02-09 12:10:04.480000+00:00,124268.12483573063,426351.5464659846,7.185728801908974,0.015287828398868442,-0.0027250254061073065,-0.007942056336146308,0,-0.00012997707458516024,-0.015528250596163785,-0.007942056336146308,08_P2_0
407,152,2026-02-09 12:10:07.540000+00:00,124370.28437050185,426819.4923303402,9.736784831186176,0.00859883998055011,-0.00683969771489501,0.007863879958296849,0,-0.008636908748666657,0.0067915624939664946,0.007863879958296849,29_KW_1
408,148,2026-02-09 12:10:08.390000+00:00,124351.04244146826,426607.3979424386,8.016014830557443,0.0013230535987531766,-0.0005134561215527356,0.0005584153450612916,0,-0.00022134093497264324,0.0014018260250256253,0.0005584153450612916,14_P5_1
409,96,2026-02-09 12:10:19.920000+00:00,124258.07732954843,426307.3496542617,9.299428793109376,0.01635135199467186,-0.002755315217655152,-0.005116815066514846,0,-0.0005023502277437798,-0.01657426071506621,-0.005116815066514846,03_P1_0
410,117,2026-02-09 12:10:23.710000+00:00,124377.6913809631,426815.89957866643,7.626111268637102,0.011363819008693099,-0.0061273720930330455,0.008676228464642222,0,-0.006567872859348026,0.011115040140829648,0.008676228464642222,26_KW_0
411,168,2026-02-09 12:10:27.520000+00:00,124669.35869420216,426931.32229858084,13.79210573916481,-0.01803776918677613,0.014558008464518934,-0.009234280770417769,0,0.0012343678111617976,-0.023146772211156852,-0.009234280770417769,908_GSL_1
412,116,2026-02-09 12:10:37.750000+00:00,124377.69867791298,426815.89431049256,10.013934134110535,0.01131802141026128,-0.005751071032136679,0.008874378833411356,0,-0.006187689851437093,0.011085347128630515,0.008874378833411356,25_KW_0
413,97,2026-02-09 12:10:39.080000+00:00,124258.0027039977,426307.38920968486,6.831364237229851,0.014833788824034855,-0.0026430197758600116,-0.005697953366249564,0,-0.0003235737224507378,-0.015063935224827138,-0.005697953366249564,04_P1_0
414,115,2026-02-09 12:10:52.730000+00:00,124396.30064281342,426811.62804003747,7.65577617221506,0.010552053616265766,-0.005874298978596926,0.009503879442013918,0,0.00038282884774719974,0.012070901626797597,0.009503879442013918,24_KW_0
415,114,2026-02-09 12:11:06.930000+00:00,124396.30985860278,426811.6235113895,9.999245000253545,0.010837957757757977,-0.00602736632572487,0.008560922603361831,0,0.00040207598238532196,0.012394708874669761,0.008560922603361831,23_KW_0
416,65,2026-02-09 12:11:16.620000+00:00,124372.1229144921,426824.91957919823,5.576859885497477,-0.0014479656383628026,-0.00030353834154084325,0.052224144859581045,0,0.0006689126942657685,0.001319581684517815,0.052224144859581045,30_KW_1
417,150,2026-02-09 12:11:22.640000+00:00,124401.11395744374,426812.3152593401,9.19019166614152,0.01077681381138973,-0.006172248919028789,0.008177642897710058,0,0.0015105375551342781,0.012326988640310392,0.008177642897710058,27_KW_1
418,119,2026-02-09 12:11:39.130000+00:00,124400.8251452598,426811.33698696503,3.992700632126941,0.010993872725521214,-0.006141916266642511,0.00916650304075839,0,0.0017876560544802292,0.012465659178811496,0.00916650304075839,28_KW_1
419,169,2026-02-09 12:11:55.810000+00:00,124669.38680505498,426931.3023689218,13.81633137123719,0.0077276066585909575,0.00020936888176947832,0.004576158364297811,0,0.006974938583454272,0.003333162425624292,0.004576158364297811,908_GSL_1
420,62,2026-02-09 12:12:12.850000+00:00,124390.62171279272,426780.8750381781,7.453348964150292,0.011032579699531198,-0.004207029880490154,0.008551090567963548,0,0.01155784092448898,0.0024152077355897566,0.008551090567963548,19_P6_1
421,72,2026-02-09 12:12:28.140000+00:00,124390.53382892863,426780.88152917754,10.99584263261568,0.009869225774309598,-0.005401754169724882,0.008757311048922745,0,0.010599338433868337,0.003772875595452171,0.008757311048922745,18_P6_1
422,66,2026-02-09 12:15:02.080000+00:00,124898.9180500689,426720.8451896432,4.1292904849504275,-0.019555594786652364,0.07098448841134086,0.047003954546663174,0,-0.04543645740173856,-0.057937442308575615,0.047003954546663174,901_GSL_1
423,71,2026-02-09 12:15:18.870000+00:00,124806.20089275608,426258.5820403931,4.621973500690766,-0.0268691794044571,0.06693426100537181,0.030469837541498457,0,-0.07139933426846486,-0.010211912858233672,0.030469837541498457,903_GSL_1
424,138,2026-02-09 12:15:20.330000+00:00,123928.08356465348,426940.42674217885,7.121109291703231,-0.003054225191590376,-0.004978973185643554,0.003173228105303849,0,-0.0020672679202017293,-0.005463045748518642,0.003173228105303849,905_GSL_1
425,139,2026-02-09 12:15:21.810000+00:00,123928.09779341189,426940.4248177405,7.13796483230847,0.010923488196567632,-0.006286272080615163,0.0013630015692145392,0,-0.01238635791982011,-0.0023276487136558496,0.0013630015692145392,905_GSL_1
426,134,2026-02-09 12:15:22.270000+00:00,123855.63094074302,426533.08184371225,6.045684365127977,0.016478601610288024,0.007545650296378881,-0.00015855376980322688,0,-0.014643039920582156,0.010680006147473282,-0.00015855376980322688,904_GSL_1
427,67,2026-02-09 12:15:36.380000+00:00,123855.59375089922,426533.14623340685,6.0631653101029155,-0.02424357492418494,0.05513070215238258,0.018757161765339703,0,-0.010897487908874952,0.05923166384793876,0.018757161765339703,904_GSL_1
428,142,2026-02-09 12:15:37.190000+00:00,124266.94034338488,427056.3157840075,7.0753516788493265,0.02085243893088773,0.0006296373321674764,-0.007449054404728983,0,-0.0009929774040297217,0.020838297637080328,-0.007449054404728983,906_GSL_1
429,137,2026-02-09 12:15:39.960000+00:00,123928.09865643297,426940.42728926725,7.1233831153891,0.0092571710847551,-0.006539303809404373,0.0005194244235697809,0,-0.010722151118385205,0.0036733072562239273,0.0005194244235697809,905_GSL_1
430,143,2026-02-09 12:15:40.970000+00:00,124266.9297571133,427056.3081066091,7.1136414345299634,0.010189685213845223,-0.006120266916695982,0.008099696307185766,0,-0.009525917471294712,0.007109447813926301,0.008099696307185766,906_GSL_1
431,125,2026-02-09 12:15:54.390000+00:00,124339.66055033496,426609.59007968614,6.6767436669984574,0.002684771330677904,-0.0011541603016667068,0.003227728869343416,0,-0.000752408255472535,0.0028238209782261627,0.003227728869343416,17_P5_1
432,141,2026-02-09 12:15:57.700000+00:00,124266.92919466365,427056.3127401254,7.085452768548459,0.010565912205493078,-0.001778177625965327,0.0013180682853608516,0,-0.002101752846970816,0.010506333869334316,0.0013180682853608516,906_GSL_1
433,152,2026-02-09 12:15:58.010000+00:00,124370.28436947381,426819.49244323553,9.736594191422906,0.008597811945946887,-0.006726802384946495,0.00767324019502702,0,-0.008526814091584787,0.00681657406851418,0.00767324019502702,29_KW_1
434,146,2026-02-09 12:16:10.970000+00:00,124350.92503499513,426607.51192532544,11.379558352018128,-0.0012315798085182905,5.9928628616034985e-05,0.0002368387940450134,0,-0.000201519118854757,-0.0012164581003938236,0.0002368387940450134,13_P5_1
435,122,2026-02-09 12:16:13.950000+00:00,124329.16497767933,426611.38924733177,8.078883151534177,0.015426776284584776,-0.0027915770770050585,-0.004780686908221199,0,0.001211328185256676,0.015630451469458267,-0.004780686908221199,16_P5_1
436,150,2026-02-09 12:16:15.150000+00:00,124401.11380451535,426812.3153712872,9.190243145137478,0.0106238854205003,-0.006060301850084215,0.008229121893668534,0,0.001508611109160744,0.012137474715251513,0.008229121893668534,27_KW_1
437,148,2026-02-09 12:16:26.370000+00:00,124351.04113389298,426607.3981847892,8.014313982625406,1.5478319255635142e-05,-0.0002711054985411465,-0.0011424325869757723,0,-0.0002616640138090156,7.259279291760484e-05,-0.0011424325869757723,14_P5_1
438,120,2026-02-09 12:16:29.080000+00:00,124329.272684778,426611.3296749966,11.353112175875701,0.012432942836312577,-0.001500093494541943,-0.0049189907711717495,0,0.0017103442409005971,0.012405767636103841,-0.0049189907711717495,15_P5_1
439,129,2026-02-09 12:16:33.340000+00:00,124898.9503503921,426720.7664178917,4.089744640116529,0.010678693317458965,-0.006084778404328972,-0.0019401051290843796,0,0.011323691796350685,0.004778391287807139,-0.0019401051290843796,901_GSL_1
440,124,2026-02-09 12:16:45.680000+00:00,124339.67211513116,426609.58844210644,6.671055596248796,0.01434940793842543,-0.0017997975810430944,-0.003374599584397231,0,0.002775771512929422,0.014192951490936788,-0.003374599584397231,17_P5_1
441,128,2026-02-09 12:16:46.250000+00:00,124898.9338090798,426720.78742955194,4.089404785808332,-0.006492319706012495,0.018165517132729292,0.008012854804652747,0,0.001998159460800275,-0.01918706821361132,0.008012854804652747,901_GSL_1
442,149,2026-02-09 12:16:51.140000+00:00,124351.051605225,426607.39074732305,8.020428974867974,0.010293532934156246,-0.00598514243029058,0.008203130900175992,0,0.004290800246521737,-0.011107105087369657,0.008203130900175992,14_P5_1
443,127,2026-02-09 12:17:02+00:00,124898.95399975074,426720.770768046,4.079308072038794,0.013646326508023776,0.002596527396235615,0.002708369322293791,0,0.01351322367708257,0.003218224283068152,0.002708369322293791,901_GSL_1
444,154,2026-02-09 12:17:02.200000+00:00,124285.66502375918,426445.5612442762,7.894403631870252,0.0003987591771874577,-0.002580723841674626,-0.007196368129747555,11,-0.0009811131840774935,-0.002420033336218404,-0.007196368129747555,TS1-1
445,131,2026-02-09 12:17:03.470000+00:00,124806.2235372502,426258.5129556003,4.608017390954035,0.00499275405309163,0.006671535782516003,-0.0034870818185277486,0,0.002360265973623414,-0.007991628574064854,-0.0034870818185277486,903_GSL_1
446,3,2026-02-09 12:17:03.670000+00:00,124314.90201699067,426440.7929233097,7.070378404641196,-0.0022080093331169337,-0.0012766902800649405,0.01817840464119591,11,0.00015940542361395476,-0.002545551648909571,0.01817840464119591,TS2
447,147,2026-02-09 12:17:07.110000+00:00,124350.93716894738,426607.5040694902,11.376911239542057,0.010661601787433028,-0.005923249933402985,0.0026915978696138154,0,0.004163285727326896,-0.011463930146332442,0.0026915978696138154,13_P5_1
448,126,2026-02-09 12:17:22.220000+00:00,124339.66833770026,426609.58229273604,6.675765942712565,0.01151709612167906,-0.0061974250129424036,0.005108753577107272,0,0.0034928178052051825,-0.012603642475359281,0.005108753577107272,17_P5_1
449,121,2026-02-09 12:17:37.410000+00:00,124329.27249848124,426611.320840793,11.35952572231912,0.012955711528775282,-0.006875699560623616,0.0052262002449978695,0,0.0029941652740760657,-0.014358296555522091,0.0052262002449978695,15_P5_1
450,123,2026-02-09 12:17:53.400000+00:00,124329.16261034652,426611.3833607698,8.083665258835188,0.012853734398959205,-0.0069172498770058155,0.005549613781122176,0,0.003052652664277239,-0.014274037465664899,0.005549613781122176,16_P5_1
451,4,2026-02-09 12:17:53.600000+00:00,124378.9704887419,426782.7427044466,7.759508418099918,0.003488741902401671,-0.0006705533596687019,-0.004941581900082426,11,-0.003376632677686918,0.0011042253527759108,-0.004941581900082426,TS3
452,68,2026-02-09 12:21:20.770000+00:00,123928.0828686822,426940.42595084826,7.118187778745614,-0.026081679650815204,-0.021784156968351454,-0.0006255022946124456,0,-0.001260161500461408,-0.0339590268002821,-0.0006255022946124456,905_GSL_1
453,67,2026-02-09 12:21:23.400000+00:00,123855.63082122155,426533.08326698624,6.045913608820618,0.012826747406506911,-0.007835718453861773,0.0015054604830417873,0,-0.014131824137999127,-0.0051201053945389595,0.0015054604830417873,904_GSL_1
454,68,2026-02-09 12:21:24.740000+00:00,123928.0981754314,426940.426367726,7.138800690776,-0.010774930458865128,-0.021367279230616987,0.01998740973577373,0,0.0031156879295305487,-0.02372661452542931,0.01998740973577373,905_GSL_1
455,69,2026-02-09 12:21:38.080000+00:00,124266.93898453943,427056.31577845756,7.074581863590514,-0.003612657223129645,0.0009400735143572092,-0.015919507336918493,0,0.0012178841349378218,-0.0035287092056577097,-0.015919507336918493,906_GSL_1
456,68,2026-02-09 12:21:40.660000+00:00,123928.0996185557,426940.4284871065,7.129337823024996,-0.009331806155387312,-0.019247898715548217,0.010524541984770153,0,-0.010136380165274246,-0.018836613502186694,0.010524541984770153,905_GSL_1
457,69,2026-02-09 12:21:41.950000+00:00,124266.92926093907,427056.30789806065,7.111401688940688,-0.013336257587070577,-0.006940323393791914,0.02090031801325587,0,-0.0013684600058525604,-0.014971679012438613,0.02090031801325587,906_GSL_1
458,66,2026-02-09 12:21:56.870000+00:00,124898.93528920435,426720.7841207527,4.068506331190651,-0.0023164593294495717,0.009915597911458462,-0.013780199213113242,0,0.0021975325292497697,-0.009942631268914807,-0.013780199213113242,901_GSL_1
459,69,2026-02-09 12:21:58.060000+00:00,124266.92915708062,427056.3126941374,7.089423853751966,-0.013440116032143123,-0.00214424665318802,-0.001077517175466447,0,-0.0017311026524853054,-0.013499548002571679,-0.001077517175466447,906_GSL_1
460,66,2026-02-09 12:21:59.340000+00:00,124898.95031712967,426720.7659592342,4.092775446287222,0.012711465984466486,-0.008245920587796718,0.010488915883457572,0,0.013597897016092065,0.006683843995355728,0.010488915883457572,901_GSL_1
461,66,2026-02-09 12:22:16.570000+00:00,124898.95390336502,426720.77017938695,4.074200086033223,0.01629770133877173,-0.0040257678483612835,-0.008086444370541734,0,0.013220752330553162,0.010345703625702531,-0.008086444370541734,901_GSL_1
462,71,2026-02-09 12:22:17.660000+00:00,124806.22381119331,426258.51403898274,4.603721720028611,-0.003950742175220512,-0.001067149336449802,0.012218056879343742,0,-0.003332863864503888,0.0023746978548934523,0.012218056879343742,903_GSL_1
463,149,2026-02-09 12:22:39.630000+00:00,124351.05088487102,426607.3909624461,8.019832036164763,0.009573178947903216,-0.00577001937199384,0.0076061921969650115,0,0.0041917112228224696,-0.010361874142558654,0.0076061921969650115,14_P5_1
464,164,2026-02-09 12:22:54.780000+00:00,124091.07107738864,427154.2048118485,9.829411413092867,-0.02425106272858102,0.0100809070863761,0.01477788146346981,0,0.016142513477370782,-0.020716128735423084,0.01477788146346981,907_GSL_1
465,147,2026-02-09 12:22:54.800000+00:00,124350.93735860218,426607.50406005204,11.38037908316224,0.010851256593014114,-0.00593268807278946,0.00615944148979608,0,0.0041426228985148444,-0.011652692089691165,0.00615944148979608,13_P5_1
466,102,2026-02-09 12:23:00.080000+00:00,124282.39541087158,426301.7928302119,6.903676880388089,0.0021219257614575326,-0.000727652688510716,0.00037889662135270896,0,0.0002252643662637113,-0.0022318833610934534,0.00037889662135270896,02_P1_0
467,126,2026-02-09 12:23:09.420000+00:00,124339.66838901707,426609.58237679454,6.676855661333854,0.011568412926862948,-0.0061133665149100125,0.00619847219839631,0,0.0033994815424953596,-0.012635068382650966,0.00619847219839631,17_P5_1
468,122,2026-02-09 12:23:11.480000+00:00,124329.16444054153,426611.3893370865,8.078373626818134,0.014889638478052802,-0.0027018223190680146,-0.005290211624263463,0,0.0011619509074651862,0.015088109488586217,-0.005290211624263463,16_P5_1
469,103,2026-02-09 12:23:14.030000+00:00,124282.31468561394,426301.79632720846,9.298344220211455,0.0029672067757928744,-0.001116944768000394,0.00039273442034115646,0,0.0004100458065635145,-0.0031438422513851223,0.00039273442034115646,01_P1_0
470,121,2026-02-09 12:23:24.840000+00:00,124329.27232286429,426611.3209232856,11.361029753284582,0.012780094577465206,-0.006793206965085119,0.006730231210459792,0,0.0029638636034977506,-0.014166650656358328,0.006730231210459792,15_P5_1
471,100,2026-02-09 12:23:27.590000+00:00,124292.4864897693,426345.92913203756,7.588630602330413,0.00276649599254597,-0.0011029421584680676,0.0001310333613151471,0,0.0004370376886265722,-0.0029460107841654372,0.0001310333613151471,06_P2_0
472,120,2026-02-09 12:23:28.570000+00:00,124329.27175504065,426611.3299933703,11.35205210031593,0.011503205489134416,-0.0011817198246717453,-0.005979066330942473,0,0.0017818646905631312,0.011425635933890014,-0.005979066330942473,15_P5_1
473,101,2026-02-09 12:23:40.790000+00:00,124292.40777754066,426345.8822039414,10.216328376925462,0.0024586698273196816,-0.0011895844945684075,0.0007098793251785196,0,0.0005903697197667219,-0.00266676436594468,0.0007098793251785196,05_P2_0
474,123,2026-02-09 12:23:41.150000+00:00,124329.16281755418,426611.3833572631,8.086146286230242,0.013060942059382796,-0.0069207565393298864,0.0080306411761768,0,0.002998156907092424,-0.014473981266938475,0.0080306411761768,16_P5_1
475,124,2026-02-09 12:23:43.880000+00:00,124339.67141201283,426609.58844401594,6.668496218873556,0.013646289604366757,-0.001797888078726828,-0.005933976959637377,0,0.002557802442496823,0.01352446923820057,-0.005933976959637377,17_P5_1
476,98,2026-02-09 12:23:54.440000+00:00,124302.6635736476,426390.0770698935,7.980932597331468,0.002728014049353078,-0.000842115085106343,0.0018818022005975266,0,0.00017838606177288636,-0.0028494555415020254,0.0018818022005975266,10_P3_0
477,118,2026-02-09 12:23:57.550000+00:00,124372.27081700867,426775.10785418196,6.174380094534791,0.010789646679768339,-0.004810316837392747,0.008848025544429206,0,-0.003526820670839236,-0.011274624583820128,0.008848025544429206,22_P6_1
478,170,2026-02-09 12:24:01.100000+00:00,124669.39612199357,426931.3024417547,13.790366958862794,0.008075177102000453,0.003944783005863428,0.004176828191406301,0,0.008101067222538965,0.0038913375654042364,0.004176828191406301,908_GSL_1
479,99,2026-02-09 12:24:07.890000+00:00,124302.54051417488,426390.13405862293,11.089268429915636,0.002433883710182272,-0.0007576690404675901,0.0015132271662690044,0,0.0001588516694953253,-0.0025441341231688726,0.0015132271662690044,09_P3_0
480,74,2026-02-09 12:24:15.450000+00:00,124369.35767634152,426785.7208359457,7.238588093933349,0.011363132216501981,-0.005630351020954549,0.008534259176276926,0,-0.012521476561732177,-0.0020085445234947967,0.008534259176276926,21_P6_1
481,92,2026-02-09 12:24:19.380000+00:00,124278.33000559802,426395.63549687463,11.094266997480474,0.01602979544259142,-0.0027937505510635674,-0.00752198574674523,0,0.00042396603692059935,-0.016265904120965135,-0.00752198574674523,11_P3_0
482,166,2026-02-09 12:24:25.280000+00:00,124091.06206358659,427154.20702616853,9.82375509039684,-0.01021724910242483,0.01799818896688521,-0.006098528665964054,0,0.02023146367904725,-0.0043606034802652375,-0.006098528665964054,907_GSL_1
483,73,2026-02-09 12:24:31.350000+00:00,124369.50078958478,426785.68810414325,11.414579027485043,0.011450020349002443,-0.00836251094006002,0.008524411421968026,0,-0.013420769161992748,-0.004573566476580177,0.008524411421968026,20_P6_1
484,93,2026-02-09 12:24:34.300000+00:00,124278.28410817917,426395.7885265863,7.941324034331481,0.01598459949309472,-0.0028235162026248872,-0.007401485948037134,0,0.0004381780284486113,-0.016226141399498347,-0.007401485948037134,12_P3_0
485,125,2026-02-09 12:24:41.210000+00:00,124339.66022865161,426609.5900722935,6.674902104929017,0.002363087987760082,-0.0011615529656410217,0.0013861667999028882,0,-0.0008063963794327415,0.0025066142521583197,0.0013861667999028882,17_P5_1
486,165,2026-02-09 12:24:47.630000+00:00,124091.07118564978,427154.19923370774,9.85891304591816,-0.01259497737919446,0.00308191409567371,0.008177552192139004,0,0.010151521538394053,-0.008067109775567335,0.008177552192139004,907_GSL_1
487,94,2026-02-09 12:24:49.250000+00:00,124268.23986885416,426351.55330739677,10.207259353917268,0.015646355066564865,-0.002665623731445521,-0.0072345853736930366,0,-0.00023573148228205122,-0.015870047492522722,-0.0072345853736930366,07_P2_0
488,146,2026-02-09 12:24:56.290000+00:00,124350.92746788474,426607.5115719763,11.378835206956428,0.0012013098021270707,-0.0002934205112978816,-0.0004863062676552232,0,-3.3099104503605845e-05,0.0012361817368081245,-0.0004863062676552232,13_P5_1
489,95,2026-02-09 12:25:04.060000+00:00,124268.12511561983,426351.5463169328,7.185065201525264,0.015567717593512498,-0.0028740771813318133,-0.00860565671985647,0,-3.4882420146033364e-05,-0.01583075910790053,-0.00860565671985647,08_P2_0
490,152,2026-02-09 12:25:04.070000+00:00,124370.2844835236,426819.4923267627,9.736391305344535,0.008711861737538129,-0.006843275215942413,0.007470354116655642,0,-0.008666431072971974,0.0069007190257637935,0.007470354116655642,29_KW_1
491,148,2026-02-09 12:25:11.780000+00:00,124351.04153182266,426607.3980891654,8.015914566811649,0.00041340799361933023,-0.00036672933492809534,0.00045815159926654303,0,-0.0002707658080275124,0.0004817493658411722,0.00045815159926654303,14_P5_1
492,96,2026-02-09 12:25:18.380000+00:00,124258.07758903089,426307.3495941616,9.298619374110807,0.016610834456514567,-0.002815415326040238,-0.0059262340650843015,0,-0.0004942640787054493,-0.016840489536243754,-0.0059262340650843015,03_P1_0
493,117,2026-02-09 12:25:18.530000+00:00,124377.69144672614,426815.8995803629,7.625902650179359,0.011429582053096965,-0.0061256756307557225,0.008467610006899662,0,-0.006568754124856047,0.011180819160012269,0.008467610006899662,26_KW_0
494,168,2026-02-09 12:25:28.640000+00:00,124669.37479681936,426931.31067411613,13.791260986233567,-0.001935151987709105,0.002933543757535517,-0.010079033701661189,0,0.0012442178054804156,-0.0032867026402514116,-0.010079033701661189,908_GSL_1
495,116,2026-02-09 12:25:32.550000+00:00,124377.69866866161,426815.8941550633,10.014002111106455,0.011308770044706762,-0.005906500271521509,0.00894235582933156,0,-0.006342640602806864,0.011070046773395603,0.00894235582933156,25_KW_0
496,97,2026-02-09 12:25:37.190000+00:00,124258.00304843907,426307.38918717066,6.83195599139818,0.015178230198216625,-0.0026655339752323925,-0.005106199197919992,0,-0.0003691863092818161,-0.015406084667825637,-0.005106199197919992,04_P1_0
497,115,2026-02-09 12:25:48.240000+00:00,124396.30077669701,426811.6280762231,7.655736613712092,0.010685937202651985,-0.005838113371282816,0.009464320939045479,0,0.0004826686365503031,0.012167162883033317,0.009464320939045479,24_KW_0
498,114,2026-02-09 12:26:02.850000+00:00,124396.30984528501,426811.62357127137,9.999329495271002,0.010824639990460128,-0.0059674844378605485,0.008645417620819273,0,0.0004465913608193264,0.012352500054467436,0.008645417620819273,23_KW_0
499,150,2026-02-09 12:26:17.450000+00:00,124401.11387389612,426812.31526307197,9.190114787535945,0.01069326618744526,-0.006168517051264644,0.00810076429213602,0,0.0014634940079511288,0.01225784359730511,0.00810076429213602,27_KW_1
500,119,2026-02-09 12:26:33.650000+00:00,124400.82509121823,426811.33696618554,3.9927097713663655,0.010939831146970391,-0.006162695761304349,0.00917564228018275,0,0.0017383505904378532,0.012435307064779159,0.00917564228018275,28_KW_1
501,169,2026-02-09 12:26:50.230000+00:00,124669.38637552955,426931.30300955795,13.815824857277832,0.007298081225599162,0.0008500050171278417,0.00406964440493951,0,0.006884328279955127,0.0025672012461814427,0.00406964440493951,908_GSL_1
502,62,2026-02-09 12:27:06.860000+00:00,124390.62170013318,426780.87494685705,7.4534219218642725,0.011019920159014873,-0.004298350948374718,0.008624048281943963,0,0.011559735877152979,0.0025073826267481567,0.008624048281943963,19_P6_1
503,72,2026-02-09 12:27:21.820000+00:00,124390.53387534656,426780.8816572816,10.99593796863342,0.009915643706335686,-0.0052736501093022525,0.008852647066662556,0,0.010624911533832682,0.0036390425230501786,0.008852647066662556,18_P6_1
504,138,2026-02-09 12:30:20.230000+00:00,123928.08866539918,426940.430437938,7.123180014861344,0.002046520501608029,-0.0012832140200771391,0.005243951263416591,0,-0.002267494174877269,0.000832679140919337,0.005243951263416591,905_GSL_1
505,139,2026-02-09 12:30:21.560000+00:00,123928.0986434966,426940.4268134817,7.1428970183588785,0.01177357291453518,-0.004290530865546316,0.006295187619622666,0,-0.012529926311802372,-0.0001631591336231673,0.006295187619622666,905_GSL_1
506,134,2026-02-09 12:30:21.580000+00:00,123855.63014131498,426533.0797127177,6.04768801249887,0.015679173564421944,0.005414655723143369,0.0018450936010898644,0,-0.014284594309801469,0.008432398571451944,0.0018450936010898644,904_GSL_1
507,142,2026-02-09 12:30:36.690000+00:00,124266.93977060026,427056.3156389954,7.076875059105025,0.02027965431625489,0.0004846252268180251,-0.0059256741490303355,0,-0.0010930324207312455,0.020255974943815827,-0.0059256741490303355,906_GSL_1
508,137,2026-02-09 12:30:38.370000+00:00,123928.09631933746,426940.4256028277,7.124883448587734,0.006920075582456775,-0.008225743367802352,0.002019757622203855,0,-0.010720269515584533,0.0007912784169227804,0.002019757622203855,905_GSL_1
509,143,2026-02-09 12:30:39.250000+00:00,124266.9293837761,427056.30789430457,7.111386116831971,0.009816348014282994,-0.00633257144363597,0.005844378609193512,0,-0.009580867478107864,0.006683496674137459,0.005844378609193512,906_GSL_1
510,125,2026-02-09 12:30:52.160000+00:00,124339.66096233224,426609.5899633929,6.674311676210795,0.003096768617979251,-0.001270453562028706,0.0007957380816812076,0,-0.0008076933985658469,0.00324833180270823,0.0007957380816812076,17_P5_1
511,141,2026-02-09 12:30:55.180000+00:00,124266.92654867786,427056.312258656,7.085420577440689,0.007919926414615475,-0.0022596470080316067,0.0012858771775912103,0,-0.0025017534289550458,0.007846812651933382,0.0012858771775912103,906_GSL_1
512,152,2026-02-09 12:30:56.650000+00:00,124370.28462541604,426819.4923095232,9.73637936470862,0.008853754174197093,-0.006860514695290476,0.007458413480740944,0,-0.008715899814841815,0.007034821623825967,0.007458413480740944,29_KW_1
513,146,2026-02-09 12:31:07.190000+00:00,124350.92853096328,426607.5113646906,11.37994136029165,0.0022643883421551436,-0.0005007061990909278,0.0006198470675666812,0,-1.1199052814881043e-05,0.002319059258214902,0.0006198470675666812,13_P5_1
514,122,2026-02-09 12:31:11.650000+00:00,124329.16402771717,426611.38928953715,8.079001145649624,0.014476814118097536,-0.002749371691606939,-0.004662692792773981,0,0.0010112781791461506,0.014700833587009295,-0.004662692792773981,16_P5_1
515,150,2026-02-09 12:31:13.050000+00:00,124401.11385152653,426812.3152095299,9.190276125813202,0.010670896605006419,-0.006222059135325253,0.008262102569393193,0,0.001407218156324177,0.01227199214873989,0.008262102569393193,27_KW_1
516,148,2026-02-09 12:31:22.590000+00:00,124351.04326601067,426607.3977153692,8.01550895917514,0.0021475960093084723,-0.0007405255455523729,5.254396275766737e-05,0,-0.00026847232314318817,0.0022557635768225832,5.254396275766737e-05,14_P5_1
517,120,2026-02-09 12:31:26.490000+00:00,124329.2720687737,426611.3298178571,11.351554317590008,0.011816938538686372,-0.0013572329771704972,-0.006476849056864964,0,0.0016918876584853108,0.011773683957558715,-0.006476849056864964,15_P5_1
518,129,2026-02-09 12:31:30.550000+00:00,124898.95042402859,426720.7668162322,4.093450315032728,0.010752329806564376,-0.0056864379439502954,0.001765569787114174,0,0.011349674325179178,0.0043741359686112835,0.001765569787114174,901_GSL_1
519,124,2026-02-09 12:31:41.450000+00:00,124339.67116399475,426609.58859099867,6.670209814053623,0.013398271519690752,-0.0016509053530171514,-0.004220381779570737,0,0.002619893671931091,0.013242934921978302,-0.004220381779570737,17_P5_1
520,128,2026-02-09 12:31:42.790000+00:00,124898.93804514111,426720.7780872001,4.096229755784881,-0.0022562583908438683,0.008823165262583643,0.014837824781201547,0,0.0017794976299396088,-0.008931536002399328,0.014837824781201547,901_GSL_1
521,149,2026-02-09 12:31:48.310000+00:00,124351.05179156084,426607.3907662674,8.019060401590872,0.010479868768015876,-0.005966198106762022,0.006834557623074389,0,0.004242770385762801,-0.011288138407091735,0.006834557623074389,14_P5_1
522,127,2026-02-09 12:31:57.680000+00:00,124898.95286888922,426720.7725848121,4.072619140827282,0.012515464986790903,0.004413293499965221,-0.003980561889218137,0,0.013225319084869975,0.0010977059969765456,-0.003980561889218137,901_GSL_1
523,154,2026-02-09 12:31:57.880000+00:00,124285.66529657993,426445.56135376036,7.894267799167353,0.000671579924528487,-0.002471239655278623,-0.007332200832646407,11,-0.001221474928884644,-0.002250787423760305,-0.007332200832646407,TS1-1
524,131,2026-02-09 12:32:00.790000+00:00,124806.22252286367,426258.51064448815,4.608630113815185,0.003978367516538128,0.004360423656180501,-0.002874358957377865,0,0.0022131473535509875,-0.005471990620377062,-0.002874358957377865,903_GSL_1
525,3,2026-02-09 12:32:00.990000+00:00,124314.90190490587,426440.7928309148,7.062998774279334,-0.0023200941359391436,-0.0013690852210856974,0.010798774279334289,11,0.000144525251853318,-0.002690045277275312,0.010798774279334289,TS2
526,147,2026-02-09 12:32:05.350000+00:00,124350.93720536066,426607.5041825104,11.380216392685238,0.010698015074012801,-0.00581022968981415,0.005996751012794732,0,0.004045930193651682,-0.011482018308655521,0.005996751012794732,13_P5_1
527,126,2026-02-09 12:32:20.250000+00:00,124339.66843114744,426609.58242082305,6.676485689928339,0.011610543297138065,-0.006069338007364422,0.005828500792881108,0,0.0033472157327925334,-0.012666401475577115,0.005828500792881108,17_P5_1
528,121,2026-02-09 12:32:35.760000+00:00,124329.27247168259,426611.3208692686,11.360512298056026,0.01292891288176179,-0.006847223965451121,0.006212775981904173,0,0.002974282846367064,-0.014324625855045596,0.006212775981904173,15_P5_1
529,123,2026-02-09 12:32:52.160000+00:00,124329.16267840347,426611.3835526051,8.085444121740242,0.01292179134907201,-0.0067254145396873355,0.007328476686176089,0,0.002849443923528087,-0.014285816802908363,0.007328476686176089,16_P5_1
530,4,2026-02-09 12:32:52.360000+00:00,124378.97034793312,426782.7426973797,7.759259161014786,0.0033479331177659333,-0.0006776202353648841,-0.005190838985214441,11,-0.0032568898348185327,0.001029802868643117,-0.005190838985214441,TS3
531,68,2026-02-09 12:36:21.260000+00:00,123928.08464653847,426940.42720106157,7.116470831313215,-0.02430382338934578,-0.020533943665213883,-0.002342449727010809,0,-0.001359853536005122,-0.03178788247347254,-0.002342449727010809,905_GSL_1
532,67,2026-02-09 12:36:21.890000+00:00,123855.63016748393,426533.0788198853,6.046806497625972,0.012173009788966738,-0.012282819370739162,0.0023983492883958846,0,-0.014378158555694269,-0.009608245186494823,0.0023983492883958846,904_GSL_1
533,68,2026-02-09 12:36:22.540000+00:00,123928.09874618224,426940.4272410525,7.1384631121575675,-0.010204179619904608,-0.020493952732067555,0.01964983111734142,0,0.0028652972393503873,-0.022713816324644056,0.01964983111734142,905_GSL_1
534,69,2026-02-09 12:36:38.330000+00:00,124266.9391398152,427056.31579062867,7.0730250720167085,-0.0034573814627947286,0.0009522446198388934,-0.017476298910723997,0,0.0012179557602778005,-0.003372957183436348,-0.017476298910723997,906_GSL_1
535,68,2026-02-09 12:36:39.660000+00:00,123928.09751311374,426940.42622414837,7.128445891304805,-0.01143724811845459,-0.021510856866370887,0.009632610264579178,0,-0.010737584138699324,-0.021868513770097436,0.009632610264579178,905_GSL_1
536,69,2026-02-09 12:36:41.740000+00:00,124266.93026881678,427056.3082041677,7.111972847924006,-0.012328379874816164,-0.006634216348174959,0.021471476996573813,0,-0.0014671507392848182,-0.013922975457867479,0.021471476996573813,906_GSL_1
537,66,2026-02-09 12:36:55.560000+00:00,124898.94176590812,426720.77021439257,4.0747588915247785,0.004160244439844973,-0.0039907622267492115,-0.007527638878985776,0,0.0020262968741618457,0.005397030473090853,-0.007527638878985776,901_GSL_1
538,69,2026-02-09 12:36:56.360000+00:00,124266.92663212206,427056.3123175612,7.090259180627511,-0.015965074591804296,-0.002520822861697525,-0.00024219029992167407,0,-0.0020300749535825517,-0.016034866706797685,-0.00024219029992167407,906_GSL_1
539,66,2026-02-09 12:36:59.660000+00:00,124898.95022600106,426720.7646708869,4.0944850149876615,0.012620337380212732,-0.009534267883282155,0.012198484583897162,0,0.013659858376278922,0.007973923049577471,0.012198484583897162,901_GSL_1
540,71,2026-02-09 12:37:13.480000+00:00,124806.22073593407,426258.5057668743,4.613217020557416,-0.007026001418125816,-0.009339257783722132,0.021713357408148504,0,-0.003338816503255813,0.011199943581818037,0.021713357408148504,903_GSL_1
541,66,2026-02-09 12:37:13.480000+00:00,124898.95290138038,426720.7722672907,4.081381170977693,0.015295716701075435,-0.0019378641154617071,-0.0009053594260715059,0,0.013161461157566594,0.008030579488892317,-0.0009053594260715059,901_GSL_1
542,149,2026-02-09 12:37:40.130000+00:00,124351.05095237504,426607.3908513484,8.020455101863257,0.009640682968893088,-0.005881117074750364,0.008229257895459696,0,0.0042908024758112,-0.010446019350317038,0.008229257895459696,14_P5_1
543,164,2026-02-09 12:37:50.590000+00:00,124091.07299986453,427154.2050266828,9.830143793007498,-0.022328586841467768,0.010295741376467049,0.01551026137810041,0,0.015840627622786114,-0.018805387455308888,0.01551026137810041,907_GSL_1
544,102,2026-02-09 12:37:55.570000+00:00,124282.39555376014,426301.7927458615,6.903269356269886,0.0022648143203696236,-0.0008120030979625881,-2.862749684950927e-05,0,0.00027485537748790737,-0.0023902274909133945,-2.862749684950927e-05,02_P1_0
545,147,2026-02-09 12:37:55.580000+00:00,124350.9374409426,426607.5041973878,11.380309989488788,0.010933597004623152,-0.005795352335553616,0.0060903478163449876,0,0.0039939970808506075,-0.01171228583457849,0.0060903478163449876,13_P5_1
546,122,2026-02-09 12:38:07.180000+00:00,124329.1654197304,426611.38907818095,8.080200910190392,0.015868827351368964,-0.0029607278993353248,-0.0034629282520057814,0,0.0011597936094025316,0.016100946245020734,-0.0034629282520057814,16_P5_1
547,103,2026-02-09 12:38:09.280000+00:00,124282.31277548945,426301.7969430388,9.299199990058938,0.0010570822923909873,-0.000501114409416914,0.001248504267824302,0,0.00024655284614448226,-0.0011435691139016926,0.001248504267824302,01_P1_0
548,126,2026-02-09 12:38:10.150000+00:00,124339.66849825058,426609.5823983336,6.677642767805295,0.011677646441967227,-0.006091827468480915,0.006985578669837622,0,0.0033542852920493134,-0.012736819010603475,0.006985578669837622,17_P5_1
549,120,2026-02-09 12:38:22.770000+00:00,124329.27273698122,426611.32965896017,11.350749688376204,0.012485146056860685,-0.001516129937954247,-0.0072814782706682735,0,0.0017081077409653589,0.01246033265989152,-0.0072814782706682735,15_P5_1
550,100,2026-02-09 12:38:23.080000+00:00,124292.48513661907,426345.9294507254,7.588438817281076,0.0014133457589196041,-0.0007842543418519199,-6.075168802244235e-05,0,0.0004381376900483847,-0.0015558394748587288,-6.075168802244235e-05,06_P2_0
551,121,2026-02-09 12:38:25.550000+00:00,124329.27267981564,426611.3207326406,11.359359019280484,0.013137045927578583,-0.006983851955737919,0.005059497206362451,0,0.003047518057132186,-0.01456258210395487,0.005059497206362451,15_P5_1
552,124,2026-02-09 12:38:37.890000+00:00,124339.67237158703,426609.5881905499,6.6698109981951905,0.01460586380562745,-0.002051354094874114,-0.004619197638002781,0,0.002616984151211233,0.014515188771883196,-0.004619197638002781,17_P5_1
553,101,2026-02-09 12:38:37.970000+00:00,124292.40922515451,426345.88189261296,10.217279865603668,0.0039062836731318384,-0.0015009129419922829,0.0016613680033845668,0,0.0005593852191675513,-0.004147153236979936,0.0016613680033845668,05_P2_0
554,123,2026-02-09 12:38:40.840000+00:00,124329.16250476739,426611.3833411881,8.084621041851884,0.01274815526267048,-0.006936831574421376,0.0065053967978183636,0,0.003100938431130783,-0.014178126665373623,0.0065053967978183636,16_P5_1
555,98,2026-02-09 12:38:51.970000+00:00,124302.66391189654,426390.0769934433,7.981214019923173,0.0030662629869766533,-0.0009185652597807348,0.002163224792302465,0,0.00017332084586004054,-0.0031961994190240067,0.002163224792302465,10_P3_0
556,170,2026-02-09 12:38:54.590000+00:00,124669.3970853644,426931.30136075255,13.790479675748276,0.009038547927048057,0.00286378082819283,0.004289545076888501,0,0.007849971248527992,0.005317380996200423,0.004289545076888501,908_GSL_1
557,118,2026-02-09 12:38:56.960000+00:00,124372.2708814021,426775.1078323933,6.174536410248349,0.010854040112462826,-0.004832105478271842,0.009004341257987214,0,-0.003553059638619822,-0.011337336429713444,0.009004341257987214,22_P6_1
558,99,2026-02-09 12:39:06.970000+00:00,124302.54239221537,426390.13361683703,11.089475673046223,0.004311924203648232,-0.001199454942252487,0.0017204702968562913,0,0.00014265150254909534,-0.004473369316893234,0.0017204702968562913,09_P3_0
559,92,2026-02-09 12:39:12.780000+00:00,124278.32986636584,426395.63558941334,11.094599940499693,0.01589056325610727,-0.002701211837120354,-0.00718904272752674,0,0.0003527421464111563,-0.016114655409393365,-0.00718904272752674,11_P3_0
560,74,2026-02-09 12:39:14.570000+00:00,124369.35769514249,426785.7207231155,7.238562776640346,0.011381933189113624,-0.005743181216530502,0.008508941883273557,0,-0.01257288182979601,-0.0021107288080993176,0.008508941883273557,21_P6_1
561,166,2026-02-09 12:39:24.010000+00:00,124091.04247576381,427154.2005286428,9.833208974469008,-0.02980507188476622,0.01150066324044019,0.003355355406203131,0,0.019895873650795613,-0.024995235079864137,0.003355355406203131,907_GSL_1
562,93,2026-02-09 12:39:27.360000+00:00,124278.28390749701,426395.7885058027,7.94127435899549,0.01578391733346507,-0.00284429983003065,-0.007451161284027563,0,0.0004882955159504681,-0.01603070975976654,-0.007451161284027563,12_P3_0
563,73,2026-02-09 12:39:30.750000+00:00,124369.50096451004,426785.6881638224,11.414550329133174,0.011624945604125969,-0.00830283178947866,0.008495713070098887,0,-0.013569987688619545,-0.004464505588973889,0.008495713070098887,20_P6_1
564,125,2026-02-09 12:39:41.320000+00:00,124339.65875854045,426609.5902866361,6.6743310486022285,0.000892976822797209,-0.0009472103556618094,0.0008151104731144443,0,-0.0008076233150267117,0.0010209601583564536,0.0008151104731144443,17_P5_1
565,94,2026-02-09 12:39:42.220000+00:00,124268.23958075895,426351.55335517717,10.207029875758789,0.015358259857748635,-0.0026178433327004313,-0.007464063532172105,0,-0.00023011131159608018,-0.015578071073049217,-0.007464063532172105,07_P2_0
566,152,2026-02-09 12:39:55.660000+00:00,124370.28461836115,426819.49233015894,9.735963932899793,0.008846699289279059,-0.0068398789735510945,0.007042981671913751,0,-0.008694193814299785,0.007032711184681788,0.007042981671913751,29_KW_1
567,95,2026-02-09 12:39:57.270000+00:00,124268.12493512493,426351.54659782397,7.186023997407632,0.015387222694698721,-0.0025931860436685383,-0.007646860837488667,0,-0.0002778327798672068,-0.015601732117292615,-0.007646860837488667,08_P2_0
568,146,2026-02-09 12:39:57.310000+00:00,124350.92403518886,426607.511976903,11.383913288287243,-0.002231386082712561,0.0001115062041208148,0.004591775063159886,0,-0.0003622529207273713,-0.0022046066100565942,0.004591775063159886,13_P5_1
569,117,2026-02-09 12:40:10.150000+00:00,124377.6913474532,426815.8997264309,7.625857346517084,0.01133030912023969,-0.005979607638437301,0.008422306344624708,0,-0.0064189090173990965,0.011087345006636936,0.008422306344624708,26_KW_0
570,96,2026-02-09 12:40:11+00:00,124258.07724203749,426307.34970732016,9.297921784419533,0.016263841054751538,-0.0027022567810490727,-0.0066238237563585045,0,-0.0005372311194900496,-0.016478049043779388,-0.0066238237563585045,03_P1_0
571,148,2026-02-09 12:40:13.210000+00:00,124351.04098249288,426607.3983063658,8.016648514164125,-0.00013592178584076464,-0.00014952890342101455,0.0011920989517424374,0,-0.00017494236303905404,-0.0001011375026325329,0.0011920989517424374,14_P5_1
572,116,2026-02-09 12:40:24.050000+00:00,124377.69861502293,426815.89411976526,10.01449140219328,0.011255131365032867,-0.00594179832842201,0.0094316469161555,0,-0.006375821923448118,0.011015073500447626,0.0094316469161555,25_KW_0
573,97,2026-02-09 12:40:26.270000+00:00,124258.00289827333,426307.38911939226,6.831414397274235,0.015028064459329471,-0.002733312372583896,-0.005647793321864825,0,-0.0002732197615757585,-0.01527216647636367,-0.005647793321864825,04_P1_0
574,168,2026-02-09 12:40:30.710000+00:00,124669.36914984976,426931.3146403047,13.795101390632471,-0.007582121586892754,0.006899732339661568,-0.006238629302757204,0,0.0011513204725013234,-0.01018672348142405,-0.006238629302757204,908_GSL_1
575,115,2026-02-09 12:40:39.770000+00:00,124396.30076302745,426811.62808381114,7.655572909084931,0.01067226764280349,-0.0058305253041908145,0.009300616311884724,0,0.00048215405514887634,0.0121515369163552,0.009300616311884724,24_KW_0
576,114,2026-02-09 12:40:54.150000+00:00,124396.30985019679,426811.6236779596,9.999422932659389,0.010829551771166734,-0.005860796198248863,0.008738855009205793,0,0.0005406256811838399,0.012301863578931177,0.008738855009205793,23_KW_0
577,150,2026-02-09 12:41:09.020000+00:00,124401.11382993167,426812.3152309055,9.19016802933853,0.010649301737430505,-0.006200683536008,0.0081540060947205,0,0.0014114050623553502,0.01224189689380362,0.0081540060947205,27_KW_1
578,119,2026-02-09 12:41:24.450000+00:00,124400.8250537605,426811.3369969986,3.992726492629117,0.010902373425778933,-0.006131882721092552,0.009192363542934068,0,0.0017401189467720617,0.0123868364836002,0.009192363542934068,28_KW_1
579,169,2026-02-09 12:41:41.050000+00:00,124669.38627380329,426931.3033940749,13.816657574032698,0.007196354970801622,0.0012345219729468226,0.004902361159805579,0,0.006968894520284522,0.002178549639695658,0.004902361159805579,908_GSL_1
580,62,2026-02-09 12:41:57.320000+00:00,124390.62174586652,426780.8752562217,7.453282047702112,0.011065653496189043,-0.003988986311014742,0.008484174119783638,0,0.011556127954139434,0.0021946766948097223,0.008484174119783638,19_P6_1
581,72,2026-02-09 12:42:12.220000+00:00,124390.5340477232,426780.88176793366,10.995948663536986,0.010088020339026116,-0.005162998044397682,0.008863341970227978,0,0.010777618169474082,0.0035025204867467985,0.008863341970227978,18_P6_1
582,165,2026-02-09 12:42:29.350000+00:00,124091.07073371297,427154.19887866074,9.85975723416729,-0.013046914187725633,0.0027268670964986086,0.009021740441269799,0,0.010147745260893305,-0.008641819258921159,0.009021740441269799,907_GSL_1
583,139,2026-02-09 12:45:19.860000+00:00,123928.09791540628,426940.42472080217,7.140141912346893,0.011045482591725886,-0.0063832104206085205,0.003540081607637191,0,-0.012533515074999266,-0.002378878059643025,0.003540081607637191,905_GSL_1
584,138,2026-02-09 12:45:20.220000+00:00,123928.09323629086,426940.4336591095,7.131686096834338,0.0066174121893709525,0.0019379574805498123,0.013750033236410886,0,-0.0025186245045898344,0.006418905972619777,0.013750033236410886,905_GSL_1
585,134,2026-02-09 12:45:22.370000+00:00,123855.63073115161,426533.08183219243,6.04641993801751,0.016269010200630873,0.007534130476415157,0.000577019119729627,0,-0.014439954732346737,0.010626924403215457,0.000577019119729627,904_GSL_1
586,143,2026-02-09 12:45:37.040000+00:00,124266.92916569077,427056.3078075314,7.112458724102197,0.009598262680810876,-0.006419344630558044,0.006916985879419357,0,-0.009578501130348985,0.00644879431146818,0.006916985879419357,906_GSL_1
587,142,2026-02-09 12:45:39.450000+00:00,124266.92738600368,427056.31462333613,7.082415549643958,0.00789505772991106,-0.0005310340202413499,-0.0003851836100974282,0,-0.0011430536949481758,0.007829901783531348,-0.0003851836100974282,906_GSL_1
588,137,2026-02-09 12:45:39.480000+00:00,123928.0985516601,426940.427033624,7.126717670626426,0.009152398226433434,-0.006794947083108127,0.0038539796608958454,0,-0.010867995646404883,0.003438658137585946,0.0038539796608958454,905_GSL_1
589,152,2026-02-09 12:45:54.560000+00:00,124370.28469644215,426819.49241126364,9.73671386700332,0.008924780282541178,-0.006758774281479418,0.0077929157754415,0,-0.008633261768511735,0.0071273784883347565,0.0077929157754415,29_KW_1
590,125,2026-02-09 12:45:54.750000+00:00,124339.66034844724,426609.5901584614,6.676118295648629,0.0024828836176311597,-0.0010753850219771266,0.002602357519514875,0,-0.000703758860145582,0.002612639942847183,0.002602357519514875,17_P5_1
591,141,2026-02-09 12:45:56.280000+00:00,124266.92915302255,427056.31233050034,7.0792479413302445,0.010524271099711768,-0.0021878026891499758,-0.004886758932853397,0,-0.002509906243262189,0.010452135352975185,-0.004886758932853397,906_GSL_1
592,146,2026-02-09 12:46:10.630000+00:00,124350.92226177223,426607.51259901834,11.378658866132497,-0.0040048027149168774,0.0007336215348914266,-0.0006626470915858107,0,-0.00012869527858618492,-0.004069408171605752,-0.0006626470915858107,13_P5_1
593,150,2026-02-09 12:46:11.370000+00:00,124401.11370377173,426812.3153366255,9.189933466182676,0.010523141798330471,-0.00609496352262795,0.00791944293886715,0,0.0014205218093897886,0.012077549893872646,0.00791944293886715,27_KW_1
594,122,2026-02-09 12:46:12.670000+00:00,124329.16476723771,426611.38935369294,8.079322368250553,0.015216334664728492,-0.002685215906240046,-0.004341470191844721,0,0.0012608529426423804,0.01539991801761206,-0.004341470191844721,16_P5_1
595,148,2026-02-09 12:46:26.630000+00:00,124351.03471192486,426607.39951722516,8.015893628456455,-0.006406489803339355,0.0010613304330036044,0.0004372132440728649,0,-0.0003207699006686734,-0.006485880091331919,0.0004372132440728649,14_P5_1
596,120,2026-02-09 12:46:27.880000+00:00,124329.27256872386,426611.32979857887,11.351134707587335,0.01231688869302161,-0.0013765112380497158,-0.006896459059538174,0,0.0018003578640318548,0.012262105929495936,-0.006896459059538174,15_P5_1
597,129,2026-02-09 12:46:28.150000+00:00,124898.95041748638,426720.7681117663,4.0920511057247,0.010745787600171752,-0.004390903806779534,0.00036636047908622515,0,0.011189874386883266,0.0030884783622635056,0.00036636047908622515,901_GSL_1
598,124,2026-02-09 12:46:43.410000+00:00,124339.67203233071,426609.58834821143,6.668914116451556,0.01426660748256836,-0.0018936925916932523,-0.00551607938163734,0,0.0026606995203574133,0.01414365012137529,-0.00551607938163734,17_P5_1
599,128,2026-02-09 12:46:43.530000+00:00,124898.93563882544,426720.7830181713,4.076919876854113,-0.004662574065150693,0.01375413651112467,-0.004472054149566418,0,0.0017411739686182949,-0.014418189251451606,-0.004472054149566418,901_GSL_1
600,149,2026-02-09 12:46:45.240000+00:00,124351.05129814881,426607.3907954929,8.019924090486521,0.009986456745536998,-0.005936972564086318,0.007698246518723195,0,0.0042915515971016,-0.010796274655945437,0.007698246518723195,14_P5_1
601,127,2026-02-09 12:47:00+00:00,124898.95377397489,426720.7698961587,4.07702211234041,0.01342055066197645,0.0017246401403099298,0.00042240962391026926,0,0.012950265910193565,0.003921246809309916,0.00042240962391026926,901_GSL_1
602,154,2026-02-09 12:47:00.200000+00:00,124285.66531437944,426445.56111248565,7.894968448305529,0.0006893794343341142,-0.0027125143678858876,-0.006631551694470161,11,-0.0012942406610846194,-0.0024815155271860475,-0.006631551694470161,TS1-1
603,147,2026-02-09 12:47:00.730000+00:00,124350.93732764675,426607.50437261607,11.380559801509994,0.010820301162311807,-0.005620124051347375,0.006340159837550985,0,0.003838883100460477,-0.011572713084521642,0.006340159837550985,13_P5_1
604,131,2026-02-09 12:47:02.140000+00:00,124806.22286181156,426258.5115691301,4.607803573477204,0.0043173154117539525,0.005285065621137619,-0.0037008992953584396,0,0.002209291576030821,-0.006456791905921874,-0.0037008992953584396,903_GSL_1
605,3,2026-02-09 12:47:02.340000+00:00,124314.90229240037,426440.79289143224,7.070412641836715,-0.0019325996399857104,-0.0013085677637718618,0.01821264183671456,11,-1.9629776856199034e-05,-0.0023338606712304754,0.01821264183671456,TS2
606,126,2026-02-09 12:47:14.970000+00:00,124339.66875306192,426609.58224907354,6.675866921963431,0.011932457782677375,-0.00624108751071617,0.0052097328279732125,0,0.0034434053528348348,-0.013018359406156508,0.0052097328279732125,17_P5_1
607,121,2026-02-09 12:47:30.630000+00:00,124329.27263509973,426611.3208676611,11.360212650140081,0.013092330016661435,-0.0068488314864225686,0.005913128065959228,0,0.0029303004060407126,-0.014482021182312392,0.005913128065959228,15_P5_1
608,123,2026-02-09 12:47:45.630000+00:00,124329.16309438291,426611.3834313632,8.085283040195828,0.013337770782527514,-0.006846656440757215,0.007167395141761901,0,0.0028496999852374878,-0.014719104723424735,0.007167395141761901,16_P5_1
609,4,2026-02-09 12:47:45.830000+00:00,124378.97037412944,426782.7426409325,7.758832879044546,0.0033741294319042936,-0.0007340674637816846,-0.005617120955453636,11,-0.00330716051752293,0.0009931232430887586,-0.005617120955453636,TS3
610,66,2026-02-09 12:51:20.120000+00:00,124898.91654894443,426720.8421736371,4.1269509383950975,-0.021056719255284406,0.06796848232625052,0.0446644079913332,0,-0.04565727154380098,-0.05457575991871588,0.0446644079913332,901_GSL_1
611,68,2026-02-09 12:51:21.050000+00:00,123928.09852899834,426940.426784462,7.1417413858938765,-0.010421363520435989,-0.020950543228536844,0.02292810485365049,0,0.0029195457912589177,-0.0232165098920705,0.02292810485365049,905_GSL_1
612,68,2026-02-09 12:51:21.480000+00:00,123928.0893674916,426940.4307295449,7.116551862182196,-0.019582870256272145,-0.01700546033680439,-0.0022614188580298844,0,-0.0014595931309386142,-0.025894865835387762,-0.0022614188580298844,905_GSL_1
613,67,2026-02-09 12:51:21.830000+00:00,123855.63088036608,426533.08255503076,6.045927753453731,0.012885891934274696,-0.008547673933207989,0.0015196051161554536,0,-0.01433177417962763,-0.005805961546066913,0.0015196051161554536,904_GSL_1
614,69,2026-02-09 12:51:37.480000+00:00,124266.93868544174,427056.31545440597,7.07083235313132,-0.003911754916771315,0.0006160219199955463,-0.01966901779611252,0,0.0009180474535460238,-0.003852077154969409,-0.01966901779611252,906_GSL_1
615,71,2026-02-09 12:51:37.900000+00:00,124806.19742316405,426258.58042747824,4.624034628406361,-0.030338771437527612,0.06532134616281837,0.032530965257093314,0,-0.07173806164715339,-0.006400767764144142,0.032530965257093314,903_GSL_1
616,69,2026-02-09 12:51:38.440000+00:00,124266.92957666959,427056.30802796606,7.111648234263686,-0.013020527068874799,-0.006810417980886996,0.02114686333625393,0,-0.001367899866477562,-0.014630268903235544,0.02114686333625393,906_GSL_1
617,68,2026-02-09 12:51:39.670000+00:00,123928.09967684431,426940.42803003645,7.1256209660152425,-0.00927351754216943,-0.019704968784935772,0.0068076849750164925,0,-0.010541000260805636,-0.019057052130954377,0.0068076849750164925,905_GSL_1
618,66,2026-02-09 12:51:55.060000+00:00,124898.93405224162,426720.78602201317,4.102751578064115,-0.003553422066033818,0.01181685837218538,0.020465047660350955,0,0.0019040050312835537,-0.012191788835462606,0.020465047660350955,901_GSL_1
619,67,2026-02-09 12:51:55.980000+00:00,123855.59152290008,426533.1497865594,6.062839771681196,-0.026471574063180014,0.058683854702394456,0.01843162334361992,0,-0.01104914907985581,0.06342282980698111,0.01843162334361992,904_GSL_1
620,69,2026-02-09 12:51:56.280000+00:00,124266.93053962535,427056.31233760854,7.090355612142638,-0.012057571308105253,-0.0025007755029946566,-0.00014575878479483606,0,-0.0021298590028775407,-0.01212858625703271,-0.00014575878479483606,906_GSL_1
621,66,2026-02-09 12:51:56.440000+00:00,124898.9502458031,426720.76609259116,4.094687211593746,0.01264013942272868,-0.008112563635222614,0.012400681189981277,0,0.013511291482855146,0.0065598640097857255,0.012400681189981277,901_GSL_1
622,71,2026-02-09 12:52:11.840000+00:00,124806.22501929449,426258.51748929557,4.59997816959512,-0.0027426409942563623,0.0023831634898670018,0.008474506445852903,0,-0.003400318649063396,-0.001280383117524702,0.008474506445852903,903_GSL_1
623,66,2026-02-09 12:52:12.970000+00:00,124898.95411371074,426720.7693872127,4.077301559590632,0.01650804706150666,-0.0048179420991800725,-0.004984970813132428,0,0.013088315861876403,0.011154558339787589,-0.004984970813132428,901_GSL_1
624,110,2026-02-09 12:52:29.640000+00:00,124434.11893683368,426964.0064965824,8.789917633388649,-0.021516050182981417,0.07206874049734324,0.045544460914044294,0,0.06598963350201699,-0.03608617522846461,0.045544460914044294,35_P9_0
625,149,2026-02-09 12:52:35.350000+00:00,124351.05111651919,426607.39087527245,8.020073408439302,0.009804827117477544,-0.005857193027622998,0.007847564471504143,0,0.004241346984800896,-0.010604353856835353,0.007847564471504143,14_P5_1
626,111,2026-02-09 12:52:42.050000+00:00,124434.24034831606,426964.04993552994,6.50681766365806,-0.021342443258618005,0.07187175058061257,0.045525154043291494,0,0.06574728081959126,-0.03603253364112659,0.045525154043291494,36_P9_0
627,147,2026-02-09 12:52:50.650000+00:00,124350.93714444684,426607.50429056364,11.380071645434029,0.010637101251631975,-0.005702176480554044,0.005852003761585678,0,0.003948865550128317,-0.011404788490799117,0.005852003761585678,13_P5_1
628,164,2026-02-09 12:52:50.860000+00:00,124091.07073929175,427154.20424271596,9.832916723571799,-0.024589159613242373,0.00951177452225238,0.0182831919424018,0,0.015683220018266806,-0.02119285811084278,0.0182831919424018,907_GSL_1
629,102,2026-02-09 12:52:53.170000+00:00,124282.39610873804,426301.79261574725,6.9035803981984145,0.002819792221998796,-0.0009421173599548638,0.0002824144316786459,0,0.00027515480139159854,-0.002960253896280584,0.0002824144316786459,02_P1_0
630,126,2026-02-09 12:53:05.040000+00:00,124339.66864186278,426609.5823745092,6.676242455715027,0.011821258638519794,-0.006115651864092797,0.005585266579569037,0,0.0033457120783368607,-0.012882141289802383,0.005585266579569037,17_P5_1
631,103,2026-02-09 12:53:06.410000+00:00,124282.31505593905,426301.79632371507,9.297147456253697,0.003337531888973899,-0.0011204381589777768,-0.0008040295374165396,0,0.00032890308744132297,-0.003505185235773248,-0.0008040295374165396,01_P1_0
632,122,2026-02-09 12:53:06.560000+00:00,124329.1651831231,426611.3891915632,8.08050194072755,0.015632220049155876,-0.002847345662303269,-0.0031618977148486493,0,0.001209475304036009,0.01584332195200221,-0.0031618977148486493,16_P5_1
633,100,2026-02-09 12:53:19.520000+00:00,124292.48644344283,426345.9291401634,7.588137255649183,0.002720169519307092,-0.0010948163107968867,-0.00036231331991487536,0,0.0004397854354044792,-0.002899057388007414,-0.00036231331991487536,06_P2_0
634,121,2026-02-09 12:53:19.950000+00:00,124329.27299576448,426611.3206885613,11.361624078729765,0.013452994768158533,-0.0070279312785714865,0.007324556655643022,0,0.0030018322177563,-0.014878302645962831,0.007324556655643022,15_P5_1
635,120,2026-02-09 12:53:23.250000+00:00,124329.27226317507,426611.3297061338,11.35197954903505,0.012011339902528562,-0.0014689562958665192,-0.00605161761182238,0,0.0016332634432888245,0.011990102976123978,-0.00605161761182238,15_P5_1
636,101,2026-02-09 12:53:33.020000+00:00,124292.40810026134,426345.88212376146,10.21621804618168,0.002781390503514558,-0.0012697644415311515,0.0005995485813965473,0,0.0005939463041393284,-0.0029992770225201132,0.0005995485813965473,05_P2_0
637,123,2026-02-09 12:53:35.250000+00:00,124329.16267142995,426611.3833465372,8.085542351201257,0.012914817823912017,-0.006931482465006411,0.007426706147191098,0,0.0030492614548733935,-0.01433666534335479,0.007426706147191098,16_P5_1
638,124,2026-02-09 12:53:38.280000+00:00,124339.67239453847,426609.5881893796,6.670672712636919,0.014628815246396698,-0.00205252441810444,-0.003757483196274336,0,0.0026230467042263764,0.014537355948987786,-0.003757483196274336,17_P5_1
639,98,2026-02-09 12:53:45.820000+00:00,124302.66354737825,426390.0771256738,7.980823914065825,0.0027017446991521865,-0.0007863347418606281,0.0017731189349543541,0,0.00013032841413879303,-0.0028108292815683463,0.0017731189349543541,10_P3_0
640,118,2026-02-09 12:53:52.030000+00:00,124372.27091780647,426775.107684074,6.1744475641458045,0.010890444478718564,-0.004980424768291414,0.008915495155442876,0,-0.00346587579214133,-0.011462727284992473,0.008915495155442876,22_P6_1
641,170,2026-02-09 12:53:54.270000+00:00,124669.39546325276,426931.30260049546,13.78866458559227,0.007416436288622208,0.004103523737285286,0.002474454920882607,0,0.007817295255784092,0.003276023377442794,0.002474454920882607,908_GSL_1
642,99,2026-02-09 12:53:59.120000+00:00,124302.54060295601,426390.13409812114,11.089388008790138,0.0025226648431271315,-0.0007181708351708949,0.0016328060407708733,0,9.942554455892167e-05,-0.0026210154177968618,0.0016328060407708733,09_P3_0
643,74,2026-02-09 12:54:10.450000+00:00,124369.35752564043,426785.72034625977,7.238566371889385,0.011212431127205491,-0.006120036938227713,0.008512537132312481,0,-0.012522721725643813,-0.0025208935895207263,0.008512537132312481,21_P6_1
644,92,2026-02-09 12:54:12.480000+00:00,124278.3301362379,426395.6355015638,11.094639176703492,0.016160435319761746,-0.0027890614001080394,-0.007149806523727875,0,0.000400257676016631,-0.016394460253712693,-0.007149806523727875,11_P3_0
645,166,2026-02-09 12:54:16.930000+00:00,124091.06500966132,427154.20773742435,9.824651834320276,-0.007271174370544031,0.018709444790147245,-0.005201784742528304,0,0.02002814255386444,-0.0013367149750446764,-0.005201784742528304,907_GSL_1
646,113,2026-02-09 12:54:18.960000+00:00,124414.05709177976,426875.98945179104,7.34248823392841,-0.02165467139275279,0.07235485559795052,0.04571849707231923,0,-0.06519975808526403,0.03812009269862058,0.04571849707231923,32_P7_0
647,93,2026-02-09 12:54:26.570000+00:00,124278.2839443203,426395.78850057966,7.941496140805211,0.0158207406202564,-0.0028495228616520762,-0.007229379474306796,0,0.0004880374869991215,-0.01606790072547725,-0.007229379474306796,12_P3_0
648,73,2026-02-09 12:54:26.750000+00:00,124369.50063238585,426785.68827873445,11.41460919376462,0.011292821422102861,-0.008187919738702476,0.00855457770154544,0,-0.013218711977787852,-0.004453706205760195,0.00855457770154544,20_P6_1
649,112,2026-02-09 12:54:31.350000+00:00,124413.93029616246,426875.9418784129,10.708058163287543,-0.02210398667375557,0.072398321935907,0.04591977079769194,0,-0.06503937322707813,0.0387296162676269,0.04591977079769194,31_P7_0
650,125,2026-02-09 12:54:31.980000+00:00,124339.66016606592,426609.58998048404,6.674939129120953,0.002300502295838669,-0.0012533623958006501,0.001423190991839185,0,-0.0009063149821308342,0.0024580116479649395,0.001423190991839185,17_P5_1
651,94,2026-02-09 12:54:41.270000+00:00,124268.23944971699,426351.5532238013,10.206905013680949,0.015227217896608636,-0.0027492191875353456,-0.0075889256100118985,0,-7.701918753529121e-05,-0.015473216829627325,-0.0075889256100118985,07_P2_0
652,165,2026-02-09 12:54:42.750000+00:00,124091.07177869906,427154.1995645671,9.859315787918637,-0.01200192810210865,0.0034127734834328294,0.008580294192617188,0,0.010049735618349173,-0.00739568218751263,0.008580294192617188,907_GSL_1
653,146,2026-02-09 12:54:47.740000+00:00,124350.9275413183,426607.51134131587,11.379224300081017,0.001274743364774622,-0.0005240809405222535,-9.72131430660994e-05,0,-0.00024304868710705975,0.0013566719625433222,-9.72131430660994e-05,13_P5_1
654,95,2026-02-09 12:54:55.580000+00:00,124268.12520931705,426351.5464903906,7.186745962603339,0.015661414814530872,-0.002700619399547577,-0.006924895641780893,0,-0.00022260152721715018,-0.015890994547041425,-0.006924895641780893,08_P2_0
655,152,2026-02-09 12:54:59.570000+00:00,124370.28491891286,426819.4922942963,9.736997777888416,0.009147250995738432,-0.006875741644762456,0.00807682666053644,0,-0.00879834098748055,0.0073169132708115515,0.00807682666053644,29_KW_1
656,148,2026-02-09 12:55:02.730000+00:00,124351.0418670762,426607.3980686432,8.01573733630042,0.0007486615359084681,-0.00038725155172869563,0.00028092108803789984,0,-0.00021975802905341388,0.0008137347653453599,0.00028092108803789984,14_P5_1
657,96,2026-02-09 12:55:09.960000+00:00,124258.07770351673,426307.34953653585,9.300205716510687,0.016725320296245627,-0.0028730410849675536,-0.004339891665203766,0,-0.00046019047410526923,-0.016964048125829523,-0.004339891665203766,03_P1_0
658,117,2026-02-09 12:55:13.770000+00:00,124377.69142537922,426815.8994806562,7.626193613907232,0.011408235135604627,-0.006225382327102125,0.008758573734772845,0,-0.006667547956648766,0.011155582381643202,0.008758573734772845,26_KW_0
659,168,2026-02-09 12:55:19.040000+00:00,124669.36630827305,426931.31610047235,13.829162013677502,-0.010423698302474804,0.008359899977222085,0.027821993742273676,0,0.0006704360641205484,-0.013345108819867318,0.027821993742273676,908_GSL_1
660,97,2026-02-09 12:55:23.700000+00:00,124258.0032153295,426307.3891624172,6.830818775039605,0.015345120627898723,-0.0026902874233201146,-0.006243415556495435,0,-0.0003777119474048723,-0.01557458529751675,-0.006243415556495435,04_P1_0
661,116,2026-02-09 12:55:28.550000+00:00,124377.69877994573,426815.89400887635,10.014002591461887,0.011420054157497361,-0.006052687240298837,0.008942836184763436,0,-0.006493052545150204,0.011175550475702197,0.008942836184763436,25_KW_0
662,115,2026-02-09 12:55:43.360000+00:00,124396.3007951815,426811.62794901314,7.655861883237314,0.010704421685659327,-0.005965323303826153,0.009589590464267772,0,0.00038303669787681055,0.01224838800135204,0.009589590464267772,24_KW_0
663,114,2026-02-09 12:55:58.130000+00:00,124396.30987955656,426811.6235920973,9.999549692924393,0.010858911540708505,-0.005946658493485302,0.00886561527421037,0,0.0004820736129732633,0.012371188791654103,0.00886561527421037,23_KW_0
664,150,2026-02-09 12:56:13.060000+00:00,124401.1137524598,426812.3153345665,9.190516167533389,0.01057182987278793,-0.006097022502217442,0.008502144289579405,0,0.0014480295666891242,0.012117775399210499,0.008502144289579405,27_KW_1
665,71,2026-02-09 12:56:29.540000+00:00,124806.22133531826,426258.50967947196,4.639617912338612,-0.006426617226679809,-0.005426660121884197,0.048114249189344704,0,0.0012806974758097515,0.008313234210111034,0.048114249189344704,903_GSL_1
666,119,2026-02-09 12:56:29.650000+00:00,124400.82507671948,426811.3369760642,3.9927007052567336,0.010925332404440269,-0.0061528171063400805,0.009166576170550833,0,0.0017374069495203447,0.012417788192079221,0.009166576170550833,28_KW_1
667,169,2026-02-09 12:56:46.630000+00:00,124669.38703237439,426931.3018815089,13.81738817895241,0.007954926069942303,-0.00027804402634501457,0.005632966079517132,0,0.006955318753933519,0.003870619884464828,0.005632966079517132,908_GSL_1
668,67,2026-02-09 12:56:46.710000+00:00,123855.61487025296,426533.0749299521,6.073999958339176,-0.003124221184407361,-0.0161727525992319,0.02959181000159994,0,0.011995087466774046,-0.01128878032869371,0.02959181000159994,904_GSL_1
669,62,2026-02-09 12:57:03.060000+00:00,124390.62172182613,426780.87542883377,7.453245324244804,0.011041613106499426,-0.003816374228335917,0.008447450662475653,0,0.011505176942278776,0.0020280127640582694,0.008447450662475653,19_P6_1
670,68,2026-02-09 12:57:04.350000+00:00,123928.08791265274,426940.4333379059,7.185180873305208,-0.02103770911344327,-0.014397099323105067,0.06636759226498157,0,0.02055677714493842,-0.015075827906769958,0.06636759226498157,905_GSL_1
671,72,2026-02-09 12:57:18.270000+00:00,124390.53412047382,426780.88179394585,10.995891349357443,0.010160770965740085,-0.005136985855642706,0.008806027790685178,0,0.010845339128475642,0.0034653296362186278,0.008806027790685178,18_P6_1
672,69,2026-02-09 12:57:20.990000+00:00,124266.9186123071,427056.3139807426,7.160096820136876,-0.02398488955805078,-0.0008576414547860622,0.0695954492094435,0,0.016410428349905543,-0.017513089885839033,0.0695954492094435,906_GSL_1
673,107,2026-02-09 12:58:03.710000+00:00,124409.92150660505,426969.52427274943,6.338286905026627,0.00038438840419985354,-0.0013300998834893107,0.052486669908035744,0,-0.0012005375398963037,0.0006896591626603093,0.052486669908035744,38_P9_0
674,106,2026-02-09 12:58:16.600000+00:00,124410.03290738595,426969.4496210717,8.972891369309071,0.0006769617175450549,-0.001250142406206578,0.05196491903414824,0,-0.0010506707942319654,0.0009577181657280465,0.05196491903414824,37_P9_0
675,104,2026-02-09 12:58:31.810000+00:00,124389.81626436481,426881.4449286199,10.774658831173888,0.0006049719377188012,-0.0012059761793352664,0.05187356682651334,0,0.0010547775256179153,-0.0008413168024012569,0.05187356682651334,33_P7_0
676,105,2026-02-09 12:58:44.800000+00:00,124389.6874059503,426881.4729157529,7.111432902754346,0.0005330496933311224,-0.0010493543231859803,0.051519129517978435,0,0.0009142311992119878,-0.0007412609429458166,0.051519129517978435,34_P7_0
677,138,2026-02-09 13:00:20.560000+00:00,123928.09008025087,426940.43185058964,7.12033280406587,0.003461372194578871,0.00012943759793415666,0.002396740467943026,0,-0.0020166147521533534,0.0028162238019305537,0.002396740467943026,905_GSL_1
678,139,2026-02-09 13:00:20.650000+00:00,123928.09833452011,426940.4270245102,7.139492051093943,0.01146459642041009,-0.004079502366948873,0.002890220354687223,0,-0.012168605478955808,-6.59647053199412e-05,0.002890220354687223,905_GSL_1
679,134,2026-02-09 13:00:20.680000+00:00,123855.63026897088,426533.0807768277,6.047033904512082,0.015806829469511285,0.006478765746578574,0.0011909856143015318,0,-0.014197499241281027,0.009500593600984882,0.0011909856143015318,904_GSL_1
680,137,2026-02-09 13:00:37.850000+00:00,123928.09657551312,426940.4264174101,7.130498909557551,0.007176251237979159,-0.007411160971969366,0.007635218592021431,0,-0.010210058207264517,0.001476008193510384,0.007635218592021431,905_GSL_1
681,142,2026-02-09 13:00:37.880000+00:00,124266.94635290245,427056.3164932432,7.0746499936044245,0.02686195650312584,0.0013388730585575104,-0.008150739649630978,0,-0.0007529636853350259,0.02688476025430248,-0.008150739649630978,906_GSL_1
682,143,2026-02-09 13:00:38.530000+00:00,124266.92966820394,427056.30809568136,7.1123785662222225,0.010100775849423371,-0.006131194648332894,0.00683682799944485,0,-0.009502329028433034,0.007023030941939476,0.00683682799944485,906_GSL_1
683,125,2026-02-09 13:00:53.700000+00:00,124339.66326658246,426609.5897891764,6.67401230329255,0.005401018832344562,-0.0014446700224652886,0.0004963651634355415,0,-0.0006457379971393804,0.0055534762392758005,0.0004963651634355415,17_P5_1
684,141,2026-02-09 13:00:54.570000+00:00,124266.92651167077,427056.31256350764,7.087155935788784,0.007882919322582893,-0.0019547953852452338,0.00302123552568645,0,-0.002195909277256443,0.00781918310890504,0.00302123552568645,906_GSL_1
685,152,2026-02-09 13:00:55.340000+00:00,124370.28500929032,426819.4924269314,9.736438803308705,0.009237628459231928,-0.00674310652539134,0.007517852080825449,0,-0.008690098183064945,0.007435419203533735,0.007517852080825449,29_KW_1
686,146,2026-02-09 13:01:11.170000+00:00,124350.92352038302,426607.5124464138,11.380473773968047,-0.002746191923506558,0.0005810169968754053,0.0011522607439644617,0,-1.2053141792855284e-05,-0.0028069566354262912,0.0011522607439644617,13_P5_1
687,122,2026-02-09 13:01:11.270000+00:00,124329.16429764338,426611.3893873072,8.079158843929756,0.014746740329428576,-0.0026516016223467886,-0.004504994512641858,0,0.001174296519655913,0.014937147290937161,-0.004504994512641858,16_P5_1
688,150,2026-02-09 13:01:11.620000+00:00,124401.11385524909,426812.31524243404,9.190269357885203,0.010674619159544818,-0.00618915498489514,0.00825533464139383,0,0.0014357991237061085,0.01225526884669359,0.00825533464139383,27_KW_1
689,148,2026-02-09 13:01:26.700000+00:00,124351.03570156533,426607.3995204864,8.015834330962823,-0.005416849337052554,0.0010645916918292642,0.0003779157504411046,0,-0.00010780877949312964,-0.005519419306204484,0.0003779157504411046,14_P5_1
690,120,2026-02-09 13:01:27.250000+00:00,124329.27246408045,426611.3298430304,11.35097874609335,0.012212245288537815,-0.0013320596772246063,-0.007052420553522509,0,0.001816742490380016,0.012149599363548973,-0.007052420553522509,15_P5_1
691,129,2026-02-09 13:01:28.630000+00:00,124898.95058654729,426720.7660216294,4.09408245209501,0.010914848506217822,-0.006481040734797716,0.0023977068493961085,0,0.011605078450185564,0.0051439246772120775,0.0023977068493961085,901_GSL_1
692,124,2026-02-09 13:01:42.780000+00:00,124339.67154193013,426609.58862820524,6.668712544674891,0.013776206906186417,-0.0016136987833306193,-0.0057176511583021394,0,0.0027733720401952075,0.013590301983842909,-0.0057176511583021394,17_P5_1
693,128,2026-02-09 13:01:43.100000+00:00,124898.93932970794,426720.77627581666,4.07729146459296,-0.0009716915665194392,0.0070117818540893495,-0.00410046641071915,0,0.0021548230262255635,-0.006742848581677463,-0.00410046641071915,901_GSL_1
694,149,2026-02-09 13:01:45.430000+00:00,124351.05143691238,426607.3906443224,8.01932191405055,0.01012522031669505,-0.006088143098168075,0.0070960700827527035,0,0.004419003128507291,-0.010957097434796705,0.0070960700827527035,14_P5_1
695,127,2026-02-09 13:01:59.270000+00:00,124898.95380270138,426720.77071329113,4.079985089306108,0.013449277146719396,0.0025417725555598736,0.003385386589608075,0,0.013311028923744481,0.0031875025466191914,0.003385386589608075,901_GSL_1
696,154,2026-02-09 13:01:59.470000+00:00,124285.66539585749,426445.5611883567,7.895740351963443,0.0007708574848948047,-0.002636643301229924,-0.005859648036556031,11,-0.0013561039590192414,-0.002388951906646786,-0.005859648036556031,TS1-1
697,131,2026-02-09 13:02:00.270000+00:00,124806.22241030344,426258.5095795409,4.612672215204381,0.0038658072880934924,0.0032954764319583774,0.00116774243181883,0,0.0024780581036613417,-0.004434394991106255,0.00116774243181883,903_GSL_1
698,3,2026-02-09 13:02:00.470000+00:00,124314.90230196378,426440.792855571,7.076854991744527,-0.0019230362231610343,-0.0013444289797917008,0.024654991744527344,11,-5.478748436381554e-05,-0.0023457527424795423,0.024654991744527344,TS2
699,147,2026-02-09 13:02:00.610000+00:00,124350.9374640085,426607.50417375646,11.380646757871071,0.010956662910757586,-0.0058189836563542485,0.006427116198628013,0,0.00401368477651154,-0.011738797529887305,0.006427116198628013,13_P5_1
700,126,2026-02-09 13:02:14.750000+00:00,124339.66866889363,426609.58228924917,6.676334382651155,0.011848289490444586,-0.006200911884661764,0.0056771935156971765,0,0.0034228682708807774,-0.012927383526874909,0.0056771935156971765,17_P5_1
701,121,2026-02-09 13:02:29.940000+00:00,124329.27192346455,426611.32089488214,11.360473214463662,0.012380694839521311,-0.006821610440965742,0.006173692389539909,0,0.0031024112194797523,-0.013790975974994976,0.006173692389539909,15_P5_1
702,123,2026-02-09 13:02:45.130000+00:00,124329.16256138199,426611.3834540779,8.085414744751825,0.012804769867216237,-0.006823941774200648,0.007299099697759104,0,0.00297672991529601,-0.014200964463776094,0.007299099697759104,16_P5_1
703,4,2026-02-09 13:02:45.330000+00:00,124378.97024539381,426782.7426584418,7.758829792895976,0.003245393803808838,-0.0007165581337176263,-0.005620207104024111,11,-0.0031860677498936523,0.0009460490441226014,-0.005620207104024111,TS3
704,68,2026-02-09 13:06:20.410000+00:00,123928.08205627998,426940.42544860614,7.121054188035455,-0.026894081878708676,-0.022286399092990905,0.0022409069952287197,0,-0.0011600050304042813,-0.03490887584784404,0.0022409069952287197,905_GSL_1
705,68,2026-02-09 13:06:20.830000+00:00,123928.09816862595,426940.4260884405,7.137630806158233,-0.010781735909404233,-0.021646564709953964,0.01881752511800716,0,0.003029898195316895,-0.023992484445933823,0.01881752511800716,905_GSL_1
706,67,2026-02-09 13:06:22.430000+00:00,123855.63029129051,426533.08009727683,6.045270845925858,0.01229681636323221,-0.011005427862983197,0.0008626975882819465,0,-0.014244712433993813,-0.008331824697580018,0.0008626975882819465,904_GSL_1
707,69,2026-02-09 13:06:36.290000+00:00,124266.93272056527,427056.3152302689,7.075812703919043,-0.009876631389488466,0.00039188488153740764,-0.014688667008389444,0,0.0011579730662152116,-0.009816339426798902,-0.014688667008389444,906_GSL_1
708,69,2026-02-09 13:06:37.920000+00:00,124266.92997232886,427056.3081680576,7.113154334721102,-0.012624867798876949,-0.0066703264601528645,0.022652963793669656,0,-0.0013882047171617465,-0.014211031971232259,0.022652963793669656,906_GSL_1
709,68,2026-02-09 13:06:39.670000+00:00,123928.09738268744,426940.42650005396,7.1258521242734965,-0.011567674417165108,-0.02123495127307251,0.00703884323327042,0,-0.010437561125355245,-0.021812646899121917,0.00703884323327042,905_GSL_1
710,66,2026-02-09 13:06:53.780000+00:00,124898.94214539642,426720.7699918684,4.082221352739422,0.004539732733974233,-0.004213286389131099,-6.51776643421087e-05,0,0.0022723014655035754,0.0057617359834189604,-6.51776643421087e-05,901_GSL_1
711,66,2026-02-09 13:06:55.240000+00:00,124898.95052241826,426720.76683846157,4.09260677222598,0.012916754581965506,-0.007366693229414523,0.010320241822215692,0,0.01369770463525074,0.005786502034256881,0.010320241822215692,901_GSL_1
712,69,2026-02-09 13:06:56.140000+00:00,124266.92809263537,427056.3128618033,7.086877895027052,-0.014504561288049445,-0.0019765807664953172,-0.0036234759003805905,0,-0.0015308748380962586,-0.014558351277371538,-0.0036234759003805905,906_GSL_1
713,71,2026-02-09 13:07:10.950000+00:00,124806.22268509967,426258.5101772569,4.612613106879353,-0.005076835819636472,-0.004928875190671533,0.02110944373008561,0,-0.003045420794465982,0.006386977749248502,0.02110944373008561,903_GSL_1
714,66,2026-02-09 13:07:13.550000+00:00,124898.95345346682,426720.77158948523,4.078238488901711,0.01584780313714873,-0.002615669567603618,-0.004048041502053401,0,0.013387634789911704,0.008875011340424004,-0.004048041502053401,901_GSL_1
715,149,2026-02-09 13:07:34.950000+00:00,124351.05102985074,426607.3907618398,8.020718685418,0.009718158675241284,-0.005970625672489405,0.008492841450202349,0,0.004367004460272774,-0.01053661477905094,0.008492841450202349,14_P5_1
716,164,2026-02-09 13:07:50.370000+00:00,124091.07246476752,427154.2052079202,9.837274557041647,-0.02286368384375237,0.010476978786755353,0.022641025412250215,0,0.016157084171324734,-0.01927339499117663,0.022641025412250215,907_GSL_1
717,147,2026-02-09 13:07:50.750000+00:00,124350.93730929952,426607.50406947895,11.379302793517407,0.0108019539329689,-0.005923261167481542,0.005083151844964107,0,0.004141108731075425,-0.011602519127568286,0.005083151844964107,13_P5_1
718,102,2026-02-09 13:07:53.180000+00:00,124282.39471976063,426301.79279248486,6.903516232064031,0.0014308148092823103,-0.0007653797511011362,0.0002182482972949984,0,0.0004193995016608586,-0.0015675271097699824,0.0002182482972949984,02_P1_0
719,122,2026-02-09 13:08:05.780000+00:00,124329.16543400737,426611.3891408606,8.07928833935793,0.015883104322711006,-0.0028980482602491975,-0.004375499084467549,0,0.0012240449171974628,0.016098863335202815,-0.004375499084467549,16_P5_1
720,103,2026-02-09 13:08:06.280000+00:00,124282.31391847548,426301.7964246724,9.299237054079528,0.0022000683238729835,-0.0010194808128289878,0.0012855682884147512,0,0.0004902905840768248,-0.0023747119616074155,0.0012855682884147512,01_P1_0
721,126,2026-02-09 13:08:06.420000+00:00,124339.66863453446,426609.5822926967,6.677028456104971,0.011813930323114619,-0.006197464361321181,0.0063712669695128454,0,0.003427115928689315,-0.012893114076924055,0.0063712669695128454,17_P5_1
722,100,2026-02-09 13:08:19.640000+00:00,124292.48609239595,426345.9291068926,7.588365588298089,0.002369122637901455,-0.0011280871112830937,-0.00013398067100922617,0,0.000552909720788417,-0.002565075719100288,-0.00013398067100922617,06_P2_0
723,120,2026-02-09 13:08:20.770000+00:00,124329.27238115249,426611.32971588126,11.35315628517475,0.012129317328799516,-0.00145920884096995,-0.004874881472122894,0,0.0016726869436506037,0.012101724988315587,-0.004874881472122894,15_P5_1
724,121,2026-02-09 13:08:21.240000+00:00,124329.2722248601,426611.32089392404,11.362110532592066,0.012682090396992862,-0.0068225685390643775,0.007811010517944084,0,0.003019365708438836,-0.014080706268736426,0.007811010517944084,15_P5_1
725,101,2026-02-09 13:08:32.590000+00:00,124292.40760454866,426345.8821226871,10.216191681773587,0.0022856778232380748,-0.0012708387803286314,0.0005731841733034315,0,0.0007093364014958669,-0.0025171802054565744,0.0005731841733034315,05_P2_0
726,123,2026-02-09 13:08:36.420000+00:00,124329.16232004738,426611.38347062387,8.084591672132259,0.012563435258925892,-0.006807395780924708,0.0064760270781931695,0,0.0030282350494935293,-0.013964610102268975,0.0064760270781931695,16_P5_1
727,124,2026-02-09 13:08:36.450000+00:00,124339.67208477309,426609.5882466946,6.669755424324377,0.014319049863843247,-0.0019952094298787415,-0.004674771508816455,0,0.002580662248185415,0.01422519708239914,-0.004674771508816455,17_P5_1
728,98,2026-02-09 13:08:45.840000+00:00,124302.66339779599,426390.07707384235,7.980767986332497,0.0025521624338580295,-0.0008381662191823125,0.001717191201626278,0,0.00021581637461087942,-0.0026775882790721073,0.001717191201626278,10_P3_0
729,170,2026-02-09 13:08:51.280000+00:00,124669.39659602928,426931.3019269647,13.792355160341849,0.008549212812795304,0.0034299929975531995,0.006165029670460953,0,0.00799095291374476,0.004582418925855811,0.006165029670460953,908_GSL_1
730,118,2026-02-09 13:08:54.950000+00:00,124372.27103380726,426775.1077026792,6.174464707653574,0.011006445274688303,-0.0049618196208029985,0.0089326386632127,0,-0.003556542905899034,-0.011537438801250187,0.0089326386632127,22_P6_1
731,99,2026-02-09 13:08:59.230000+00:00,124302.54019819337,426390.1341576907,11.089343489598043,0.002117902200552635,-0.0006586012896150351,0.0015882868486762902,0,0.00013754605567195216,-0.0022136726208627526,0.0015882868486762902,09_P3_0
732,92,2026-02-09 13:09:09.480000+00:00,124278.32989579672,426395.6354801102,11.094280942919246,0.015919994140858762,-0.002810514997690916,-0.007508040307973474,0,0.0004565785601036075,-0.01615972598826096,-0.007508040307973474,11_P3_0
733,74,2026-02-09 13:09:15.140000+00:00,124369.35749829347,426785.7202811756,7.238549503595231,0.011185084164026193,-0.006185121077578515,0.008495668838158998,0,-0.012515898877447614,-0.0025911591595579497,0.008495668838158998,21_P6_1
734,166,2026-02-09 13:09:16.920000+00:00,124091.06888761584,427154.2095042473,9.82687822099896,-0.0033932198566617444,0.02047626773128286,-0.002975398063844281,0,0.020553004191385747,0.0028923173940111017,-0.002975398063844281,907_GSL_1
735,93,2026-02-09 13:09:23.760000+00:00,124278.28405394468,426395.7883496375,7.941536425607335,0.015930364999803714,-0.003000464988872409,-0.007189094672182428,0,0.0006211853861598907,-0.0161985631428359,-0.007189094672182428,12_P3_0
736,125,2026-02-09 13:09:31.510000+00:00,124339.66093491459,426609.59003150754,6.674655358442738,0.0030693509615957737,-0.0012023388990201056,0.0011394203136241288,0,-0.0007442775970362699,0.0032113213810043514,0.0011394203136241288,17_P5_1
737,73,2026-02-09 13:09:31.820000+00:00,124369.50072100096,426785.68831742933,11.414541669693888,0.01138143653224688,-0.008149224857334048,0.008487053630812369,0,-0.013291784515515518,-0.004390378993442013,0.008487053630812369,20_P6_1
738,94,2026-02-09 13:09:38.160000+00:00,124268.23934958954,426351.55329445255,10.20749639900134,0.01512709044618532,-0.002678567951079458,-0.006997540289621185,0,-0.00012820271943236145,-0.01536187344363803,-0.006997540289621185,07_P2_0
739,146,2026-02-09 13:09:46.720000+00:00,124350.92766483879,426607.5114328592,11.379112090660204,0.001398263848386705,-0.0004325376357883215,-0.00020942256387890268,0,-0.00012748395482543783,0.0014580735363281972,-0.00020942256387890268,13_P5_1
740,165,2026-02-09 13:09:51.150000+00:00,124091.07043461711,427154.1991615408,9.882728211181782,-0.013346010047825985,0.003009747131727636,0.031992717455761266,0,0.010554557143831241,-0.008704934548359097,0.031992717455761266,907_GSL_1
741,95,2026-02-09 13:09:52.270000+00:00,124268.1251931792,426351.5462811847,7.1861218791198835,0.015645276973373257,-0.0029098252998664975,-0.007548979125236777,0,-1.3991667715897556e-05,-0.015913565882056138,-0.007548979125236777,08_P2_0
742,148,2026-02-09 13:10:01.930000+00:00,124351.04252615313,426607.3980921714,8.01571745565006,0.0014077384694246575,-0.00036372331669554114,0.00026104043767816165,0,-5.7059986655513635e-05,0.0014528476889643163,0.00026104043767816165,14_P5_1
743,96,2026-02-09 13:10:06.190000+00:00,124258.07768134217,426307.34963684797,9.298921632843088,0.016703145738574676,-0.0027727289707399905,-0.0056239753328029,0,-0.0005542123143717255,-0.016922646135278163,-0.0056239753328029,03_P1_0
744,152,2026-02-09 13:10:09.150000+00:00,124370.28498314532,426819.49248040747,9.736285880786198,0.009211483455146663,-0.006689630448818207,0.007364929558319133,0,-0.008632036914196655,0.00742229894966126,0.007364929558319133,29_KW_1
745,168,2026-02-09 13:10:20.240000+00:00,124669.36398550484,426931.31872341386,13.790334836570176,-0.012746466512908228,0.010982841486111283,-0.011005183365051963,0,0.0014358719216945978,-0.016764053432813526,-0.011005183365051963,908_GSL_1
746,97,2026-02-09 13:10:21.050000+00:00,124258.00299669405,426307.3890032441,6.831611720455363,0.015126485173823312,-0.002849460521247238,-0.005450470140737629,0,-0.00017867751200133095,-0.015391492888045269,-0.005450470140737629,04_P1_0
747,117,2026-02-09 13:10:24.320000+00:00,124377.69142459672,426815.89940386004,7.62567865876306,0.011407452635467052,-0.006302178488112986,0.008243618590600299,0,-0.006744254502680483,0.011151791808024945,0.008243618590600299,26_KW_0
748,116,2026-02-09 13:10:38.340000+00:00,124377.69865249145,426815.89405136247,10.013680496130574,0.011292599883745424,-0.006010201119352132,0.008620740853450215,0,-0.006445632664546558,0.011049848378288239,0.008620740853450215,25_KW_0
749,115,2026-02-09 13:10:54.330000+00:00,124396.30074617852,426811.62794951524,7.655685345750936,0.010655418707756326,-0.005964821204543114,0.009413052977889969,0,0.0003582869082749958,0.012206091525592022,0.009413052977889969,24_KW_0
750,114,2026-02-09 13:11:08.420000+00:00,124396.30996455906,426811.6236321915,9.99951821247554,0.010943914036033675,-0.0059065642999485135,0.008834134825356443,0,0.0005601639739673024,0.012423484719666634,0.008834134825356443,23_KW_0
751,150,2026-02-09 13:11:23.750000+00:00,124401.11383418436,426812.31529997225,9.190698576927824,0.010653554432792589,-0.006131616770289838,0.008684553684014773,0,0.0014692648138750891,0.012203942280135662,0.008684553684014773,27_KW_1
752,119,2026-02-09 13:11:39.960000+00:00,124400.82501825983,426811.3370582613,3.9927197674907435,0.010866872748010792,-0.00607061997288838,0.00918563840456077,0,0.0017672799563794076,0.012321447631365015,0.00918563840456077,28_KW_1
753,169,2026-02-09 13:11:55.920000+00:00,124669.3872495189,426931.30167115945,13.817513005765196,0.008172070578439161,-0.0004883934743702412,0.005757792892303826,0,0.0070528297668622985,0.004156784575180617,0.005757792892303826,908_GSL_1
754,62,2026-02-09 13:12:13.670000+00:00,124390.62175210608,426780.8752192563,7.453395597822495,0.011071893051848747,-0.004025951668154448,0.008597724240166471,0,0.011568116849503566,0.0022301962115750798,0.008597724240166471,19_P6_1
755,72,2026-02-09 13:12:28.750000+00:00,124390.53405064569,426780.8816785265,10.995921785761645,0.01009094282926526,-0.005252405186183751,0.008836464194887483,0,0.010794644282569451,0.0035903401281968507,0.008836464194887483,18_P6_1
756,138,2026-02-09 13:15:20.080000+00:00,123928.0879009007,426940.4301004848,7.117845270882265,0.001282022029045038,-0.001620667229872197,-9.079271566214686e-05,0,-0.002066319557092242,2.159261254447684e-05,-9.079271566214686e-05,905_GSL_1
757,134,2026-02-09 13:15:21.280000+00:00,123855.63038064177,426533.0808403088,6.047805666289335,0.01591850035765674,0.006542246846947819,0.0019627473915546645,0,-0.014294269137161282,0.009585067411213904,0.0019627473915546645,904_GSL_1
758,139,2026-02-09 13:15:22.780000+00:00,123928.09829873394,426940.4264645746,7.138670523001034,0.011428810248617083,-0.004639438004232943,0.0020686922617780823,0,-0.012319677863756717,-0.000606321719286524,0.0020686922617780823,905_GSL_1
759,142,2026-02-09 13:15:36.350000+00:00,124266.94310598997,427056.316039755,7.07224026450796,0.023615044017788023,0.0008853848557919264,-0.010560468746095175,0,-0.0009527209369567172,0.023612423279308202,-0.010560468746095175,906_GSL_1
760,137,2026-02-09 13:15:38.080000+00:00,123928.09887142543,426940.4275795715,7.128320045465261,0.009472163554164581,-0.006248999561648816,0.005456354499731475,0,-0.01061276666970748,0.004017593997988955,0.005456354499731475,905_GSL_1
761,143,2026-02-09 13:15:39.150000+00:00,124266.92982906554,427056.3081089401,7.112969354987434,0.010261637449730188,-0.0061179359327070415,0.0074276167646560864,0,-0.009551033625500097,0.007176914372554512,0.0074276167646560864,906_GSL_1
762,125,2026-02-09 13:15:51.220000+00:00,124339.66335698037,426609.5896760759,6.6745705835707465,0.005491416741278954,-0.0015577705344185233,0.0010546454416324735,0,-0.0007445256823168416,0.005659327554813556,0.0010546454416324735,17_P5_1
763,141,2026-02-09 13:15:54.960000+00:00,124266.93029642467,427056.3125304228,7.0877562357805575,0.011667673228657804,-0.0019878802122548223,0.0036215355174595842,0,-0.002345184806817246,0.011601136777526843,0.0036215355174595842,906_GSL_1
764,152,2026-02-09 13:15:56.440000+00:00,124370.284867973,426819.4923942109,9.736425557698933,0.009096311128814705,-0.006775827030651271,0.007504606471053776,0,-0.008689377721003031,0.007290365074757152,0.007504606471053776,29_KW_1
765,146,2026-02-09 13:16:08.950000+00:00,124350.92225239557,426607.51258961385,11.379597837610497,-0.004014179372461513,0.0007242170395329595,0.0002763243864141174,0,-0.00013986790456876002,-0.004076587215296262,0.0002763243864141174,13_P5_1
766,122,2026-02-09 13:16:12.080000+00:00,124329.16462771488,426611.389351598,8.07988259847314,0.015076811832841486,-0.0026873108581639826,-0.0037812399692569443,0,0.0012234485103985952,0.015265486183994224,-0.0037812399692569443,16_P5_1
767,150,2026-02-09 13:16:14.270000+00:00,124401.11390037081,426812.3152718125,9.190255947441015,0.01071974087972194,-0.0061597765306942165,0.008241924197205819,0,0.0014863482660400211,0.01227381196973918,0.008241924197205819,27_KW_1
768,148,2026-02-09 13:16:24.150000+00:00,124351.03558147167,426607.39929535124,8.015037956720844,-0.005536942990147509,0.0008394565084017813,-0.0004184584915378764,0,-0.000353284273122189,-0.005589062097347486,-0.0004184584915378764,14_P5_1
769,120,2026-02-09 13:16:27.360000+00:00,124329.27231738534,426611.32983057835,11.3509461315831,0.012065550181432627,-0.0013445117510855198,-0.007085035063772338,0,0.0017674016327308987,0.012010891078437773,-0.007085035063772338,15_P5_1
770,129,2026-02-09 13:16:31.220000+00:00,124898.9506159876,426720.76675081206,4.09307512850143,0.010944288820610382,-0.00575185805791989,0.0013903832558161966,0,0.011548025962967393,0.004416381467448927,0.0013903832558161966,901_GSL_1
771,128,2026-02-09 13:16:40.850000+00:00,124898.9375273002,426720.7793824327,4.081148360867303,-0.0027740993100451306,0.010118397884070873,-0.00024357013637654745,0,0.0018724396132138452,-0.010323350842494427,-0.00024357013637654745,901_GSL_1
772,124,2026-02-09 13:16:42.780000+00:00,124339.67176312998,426609.5885040971,6.668893500718226,0.013997406756971031,-0.0017378069460391998,-0.005536695114967571,0,0.0027246262132609184,0.0138392117152608,-0.005536695114967571,17_P5_1
773,149,2026-02-09 13:16:48.600000+00:00,124351.05168099384,426607.39070968976,8.021353044419458,0.01036930177360773,-0.0060227757203392684,0.009127200451660045,0,0.004316041800975208,-0.011187851885946976,0.009127200451660045,14_P5_1
774,131,2026-02-09 13:16:58.470000+00:00,124806.22193348511,426258.5082982508,4.601636321786702,0.003388988960068673,0.00201418629148975,-0.009868150985860247,0,0.0024767133950575142,-0.0030672599086212535,-0.009868150985860247,903_GSL_1
775,127,2026-02-09 13:16:58.570000+00:00,124898.95369713011,426720.7705022946,4.074213119633673,0.01334370588301681,0.002330776012968272,-0.0023865830828269097,0,0.013128324349249943,0.0033367803787448646,-0.0023865830828269097,901_GSL_1
776,3,2026-02-09 13:16:58.670000+00:00,124314.90242348336,426440.79302082956,7.077513751538209,-0.001801516642444767,-0.0011791704455390573,0.02531375153820914,11,1.5544268020604692e-05,-0.002153059109353468,0.02531375153820914,TS2
777,154,2026-02-09 13:16:58.770000+00:00,124285.66536404322,426445.56115435157,7.894881227169771,0.0007390432147076353,-0.0026706484495662153,-0.006718772830228481,11,-0.00133295507720313,-0.0024293576880595876,-0.006718772830228481,TS1-1
778,147,2026-02-09 13:17:05.690000+00:00,124350.9373774462,426607.5041868925,11.38061203290828,0.010870100610191002,-0.005805847642477602,0.00639239123583657,0,0.004014398471215092,-0.011651247102248043,0.00639239123583657,13_P5_1
779,126,2026-02-09 13:17:20.380000+00:00,124339.66811941775,426609.5823081699,6.676857910443276,0.011298813609755598,-0.006181991135235876,0.0062007213078185686,0,0.003526110503846571,-0.012387362435110879,0.0062007213078185686,17_P5_1
780,121,2026-02-09 13:17:35.650000+00:00,124329.27215316753,426611.3209498953,11.36130613882765,0.012610397825483233,-0.0067665972746908665,0.0070066167535287605,0,0.0029855831406951595,-0.013996258975340622,0.0070066167535287605,15_P5_1
781,123,2026-02-09 13:17:51.230000+00:00,124329.1621706883,426611.3836166806,8.083788128284795,0.012414076176355593,-0.006661339022684842,0.005672483230728886,0,0.0029296973475501625,-0.01378040631981731,0.005672483230728886,16_P5_1
782,4,2026-02-09 13:17:51.430000+00:00,124378.97028116108,426782.74266819976,7.758329294368957,0.003281161072663963,-0.0007068002014420927,-0.006120705631043499,11,-0.003212624910886092,0.0009719185621635382,-0.006120705631043499,TS3
783,68,2026-02-09 13:21:20.620000+00:00,123928.0983044002,426940.42678694066,7.1394935959270835,-0.010645961650880054,-0.020948064571712166,0.02068031488685751,0,0.003132366668336725,-0.023288327287027812,0.02068031488685751,905_GSL_1
784,68,2026-02-09 13:21:20.710000+00:00,123928.09374858375,426940.4346906972,7.1193518550459105,-0.015201778107439168,-0.013044308056123555,0.0005385740056844668,0,-0.001009157505764715,-0.020005739961806594,0.0005385740056844668,905_GSL_1
785,67,2026-02-09 13:21:21.740000+00:00,123855.63015858253,426533.0797056917,6.045736203064285,0.012164108382421546,-0.0113970129750669,0.0013280547267093823,0,-0.014192769077960762,-0.008742010260393332,0.0013280547267093823,904_GSL_1
786,69,2026-02-09 13:21:37.340000+00:00,124266.92954269685,427056.3082044021,7.111551398310567,-0.013054499810095876,-0.006633981945924461,0.021050027383134662,0,-0.001191750051066387,-0.014594842019235022,0.021050027383134662,906_GSL_1
787,69,2026-02-09 13:21:37.630000+00:00,124266.9473774519,427056.31637256517,7.072423267625753,0.004780255243531428,0.0015341811231337488,-0.01807810330167925,0,0.0011581874590015154,0.004884992704365203,-0.01807810330167925,906_GSL_1
788,68,2026-02-09 13:21:38.780000+00:00,123928.09884782344,426940.4276173778,7.123871864727742,-0.010102538421051577,-0.02011762745678425,0.005058583687516105,0,-0.01038996550615331,-0.019970699382338294,0.005058583687516105,905_GSL_1
789,66,2026-02-09 13:21:54.830000+00:00,124898.9503404369,426720.7657269105,4.092726812126292,0.012734773219563067,-0.008478244300931692,0.010440281722527978,0,0.013648531294510005,0.006911777548703548,0.010440281722527978,901_GSL_1
790,69,2026-02-09 13:21:56.450000+00:00,124266.92921222304,427056.31249490567,7.0860493594175,-0.01338497361575719,-0.0023434783797711134,-0.004452011509932241,0,-0.0019319316060580109,-0.013450540876874984,-0.004452011509932241,906_GSL_1
791,66,2026-02-09 13:21:57.440000+00:00,124898.9357616015,426720.78317017,4.080106858593787,-0.0018440621788613498,0.00896501517854631,-0.002179671809977357,0,0.0022125872961076764,-0.008881245404118474,-0.002179671809977357,901_GSL_1
792,66,2026-02-09 13:22:13.170000+00:00,124898.95366183018,426720.77053115604,4.079439190015359,0.016056166496127844,-0.003673998755402863,-0.002847340388405506,0,0.013144416804177586,0.009925878111488875,-0.002847340388405506,901_GSL_1
793,71,2026-02-09 13:22:17.520000+00:00,124806.22254419336,426258.5095173562,4.612060261340202,-0.00521774213120807,-0.005588775908108801,0.020556598190935027,0,-0.0029479958726372495,0.007054684219279755,0.020556598190935027,903_GSL_1
794,149,2026-02-09 13:22:34.640000+00:00,124351.05108557973,426607.3906983172,8.017975096526818,0.009773887664778158,-0.006034148274920881,0.00574925255902059,0,0.004420966229327923,-0.01060164530092265,0.00574925255902059,14_P5_1
795,147,2026-02-09 13:22:49.960000+00:00,124350.93717825072,426607.5043016163,11.379718427706274,0.010670905132428743,-0.005691123835276812,0.005498786033831138,0,0.003932607881044292,-0.011436419986503568,0.005498786033831138,13_P5_1
796,164,2026-02-09 13:22:50.490000+00:00,124091.07108286522,427154.2045770462,9.83441141276796,-0.024245586144388653,0.00984610477462411,0.019777881138562492,0,0.015914642015502446,-0.02077302087411099,0.019777881138562492,907_GSL_1
797,126,2026-02-09 13:23:04.250000+00:00,124339.66845239572,426609.58228659135,6.676420026148756,0.011631791581748985,-0.006203569704666734,0.005762837013298494,0,0.0034734081558899553,-0.012716850563897595,0.005762837013298494,17_P5_1
798,122,2026-02-09 13:23:06.190000+00:00,124329.16525533683,426611.38929063105,8.079684248484051,0.015704433782957494,-0.002748277795035392,-0.003979589958346352,0,0.0013236162921155404,0.015888055613989635,-0.003979589958346352,16_P5_1
799,103,2026-02-09 13:23:15.050000+00:00,124282.31778911359,426301.7955633797,9.29891886249549,0.006070706425816752,-0.00188077351776883,0.0009673767043771875,0,0.0004451856291841695,-0.0063397630309942376,0.0009673767043771875,01_P1_0
800,121,2026-02-09 13:23:18.750000+00:00,124329.27198736263,426611.3210677671,11.36215010292774,0.012444592925021425,-0.006648725480772555,0.007850580853618894,0,0.0029185693902999913,-0.013804180392264201,0.007850580853618894,15_P5_1
801,120,2026-02-09 13:23:22.490000+00:00,124329.27250404836,426611.3296811129,11.350800617396882,0.012252213200554252,-0.0014939772081561387,-0.007230549249991114,0,0.0016703080784998756,0.012229422191306665,-0.007230549249991114,15_P5_1
802,100,2026-02-09 13:23:28.540000+00:00,124292.48568432729,426345.9292656341,7.581246865958923,0.0019610539748100564,-0.0009693456231616437,-0.007252703010174777,0,0.0004922858499755833,-0.0021314357300127006,-0.007252703010174777,06_P2_0
803,123,2026-02-09 13:23:33.960000+00:00,124329.16250860928,426611.3835221094,8.085743028736564,0.012751997157465667,-0.006755910231731832,0.00762738368249849,0,0.00292614161610124,-0.014131293281428694,0.00762738368249849,16_P5_1
804,124,2026-02-09 13:23:37.860000+00:00,124339.67267223982,426609.5882144074,6.670182675190066,0.01490651658969,-0.0020274966373108327,-0.004247520643127167,0,0.002733625092426508,0.014793318535983266,-0.004247520643127167,17_P5_1
805,101,2026-02-09 13:23:43.440000+00:00,124292.41046772497,426345.88146353804,10.216774569126692,0.005148854135768488,-0.001929987862240523,0.0011560715264078425,0,0.0006902686971429498,-0.00545518846471509,0.0011560715264078425,05_P2_0
806,118,2026-02-09 13:23:50.850000+00:00,124372.27112367538,426775.1076961969,6.174439901735268,0.011096313392044976,-0.004968301916960627,0.008907832744906585,0,-0.003611109861154633,-0.011609137797580969,0.008907832744906585,22_P6_1
807,170,2026-02-09 13:23:53.900000+00:00,124669.39770504562,426931.3011243984,13.786306672806173,0.009658229144406505,0.0026274267002008855,0.0001165421347852913,0,0.00804862784181395,0.005950155555510213,0.0001165421347852913,908_GSL_1
808,98,2026-02-09 13:23:56.840000+00:00,124302.66357998976,426390.07703485433,7.981038471566877,0.002734356210567057,-0.0008771542343311012,0.0019876764360065025,0,0.00021095827973208957,-0.002863843578354812,0.0019876764360065025,10_P3_0
809,74,2026-02-09 13:24:08.940000+00:00,124369.35746404414,426785.7201736465,7.23856606181128,0.01115083483455237,-0.006292650185059756,0.008512227054207955,0,-0.012515067129007169,-0.0027040078800631092,0.008512227054207955,21_P6_1
810,99,2026-02-09 13:24:10.540000+00:00,124302.54192906561,426390.13379145635,11.089400748398173,0.0038487744459416717,-0.0010248356265947223,0.001645545648806035,0,8.285102699467784e-05,-0.003982020655973214,0.001645545648806035,09_P3_0
811,92,2026-02-09 13:24:11.580000+00:00,124278.33012761068,426395.63555468054,11.094396334635732,0.016151808100403287,-0.0027359446394257247,-0.007392648591487472,0,0.00034896915471319253,-0.016378172013729566,-0.007392648591487472,11_P3_0
812,73,2026-02-09 13:24:24.840000+00:00,124369.5007344566,426785.6882701791,11.414614798721317,0.011394892164389603,-0.008196475100703537,0.008560182658241544,0,-0.013318699867516262,-0.004431478912681741,0.008560182658241544,20_P6_1
813,93,2026-02-09 13:24:26.060000+00:00,124278.2841437248,426395.7883866174,7.941333319305046,0.016020145121729,-0.002963485138025135,-0.0073922009744720185,0,0.0005713842668764494,-0.01628191677610838,-0.0073922009744720185,12_P3_0
814,166,2026-02-09 13:24:29.440000+00:00,124091.04824582467,427154.2025903,9.81803421388978,-0.024035011025262065,0.013562320440541953,-0.011819405173024933,0,0.02013561379011601,-0.018872608405085426,-0.011819405173024933,907_GSL_1
815,94,2026-02-09 13:24:40.320000+00:00,124268.23952035626,426351.55319453654,10.206793181088829,0.015297857171390206,-0.002778483962174505,-0.007700758202132008,0,-6.114287617379484e-05,-0.015548011728610475,-0.007700758202132008,07_P2_0
816,125,2026-02-09 13:24:44.900000+00:00,124339.65951961662,426609.5902867333,6.673350037059239,0.001654052990488708,-0.000947113148868084,-0.00016590106987468545,0,-0.0006971010537806393,0.001773968639215862,-0.00016590106987468545,17_P5_1
817,152,2026-02-09 13:24:51.140000+00:00,124370.28498061205,426819.4924559451,9.736730261168974,0.009208950184984133,-0.006714092800393701,0.007809309941094966,0,-0.008655257401615149,0.007414197525936572,0.007809309941094966,29_KW_1
818,95,2026-02-09 13:24:54.480000+00:00,124268.12545081053,426351.54638089397,7.186764806878984,0.01590290830063168,-0.002810116042383015,-0.00690605136613609,0,-0.00015933483950419776,-0.01614849395451101,-0.00690605136613609,08_P2_0
819,146,2026-02-09 13:25:00.970000+00:00,124350.92266033673,426607.51231457724,11.382849791064377,-0.003606238213251345,0.000449180428404361,0.0035282778402940806,0,-0.00032254846036704134,-0.003619762367710155,0.0035282778402940806,13_P5_1
820,117,2026-02-09 13:25:06.270000+00:00,124377.69144966578,426815.8997061203,7.625935009779394,0.011432521700044163,-0.00599991821218282,0.008499969606934776,0,-0.006443208421661417,0.01118868339930553,0.008499969606934776,26_KW_0
821,96,2026-02-09 13:25:08.480000+00:00,124258.07755958043,426307.3495578715,9.298793107919195,0.016581383999437094,-0.0028517054161056876,-0.005752500256695825,0,-0.00045290642848093584,-0.016818721559145797,-0.005752500256695825,03_P1_0
822,148,2026-02-09 13:25:18.070000+00:00,124351.04008335462,426607.3985244174,8.014904739331248,-0.0010350600496167317,6.852269871160388e-05,-0.0005516758811339173,0,-0.0001524359515807856,-0.0010260642997478144,-0.0005516758811339173,14_P5_1
823,116,2026-02-09 13:25:20.260000+00:00,124377.69875833216,426815.8939445434,10.013836727828693,0.01139844059071038,-0.006117020209785551,0.008776972551569173,0,-0.0065564945303297865,0.011151446705277053,0.008776972551569173,25_KW_0
824,97,2026-02-09 13:25:22.650000+00:00,124258.00307772336,426307.38909893873,6.830309817550577,0.015207514486974105,-0.0027537659043446183,-0.006752373045523008,0,-0.0002884296165837943,-0.015452136806401099,-0.006752373045523008,04_P1_0
825,115,2026-02-09 13:25:35.360000+00:00,124396.30085801968,426811.62799905863,7.655684730371903,0.010767259867861867,-0.005915277812164277,0.009412437598856904,0,0.0004582593601360377,0.012276579125147178,0.009412437598856904,24_KW_0
826,168,2026-02-09 13:25:37+00:00,124669.36017452928,426931.32118122786,13.793916057247511,-0.016557442068005912,0.013440655486192554,-0.007423962687717278,0,0.001195796330909754,-0.02129249113816588,-0.007423962687717278,908_GSL_1
827,114,2026-02-09 13:25:49.960000+00:00,124396.30979582999,426811.6235689915,9.999377621547564,0.010775184971862473,-0.005969764315523207,0.008693543897381417,0,0.00041921056195590124,0.012311253375082886,0.008693543897381417,23_KW_0
828,102,2026-02-09 13:25:54.140000+00:00,124282.40291535153,426301.7909272806,6.903508105177489,0.009626405706512742,-0.002630584000144154,0.00021012141075349433,0,0.00036905190317055046,-0.009972535269476949,0.00021012141075349433,02_P1_0
829,150,2026-02-09 13:26:04.840000+00:00,124401.11381415908,426812.3152157885,9.19016363083984,0.010633529149345122,-0.006215800531208515,0.008149607596029895,0,0.0013898530452993718,0.012238317977819359,0.008149607596029895,27_KW_1
830,119,2026-02-09 13:26:21.550000+00:00,124400.82510567254,426811.33716565295,3.9926012395550656,0.010954285462503321,-0.005963228351902217,0.009067110468882866,0,0.0019056821916042853,0.01232577939748819,0.009067110468882866,28_KW_1
831,169,2026-02-09 13:26:38.350000+00:00,124669.38691403967,426931.3022308031,13.817177472749641,0.007836591350496747,7.125019328668714e-05,0.005422259876748825,0,0.007009056866674428,0.0035057613188076357,0.005422259876748825,908_GSL_1
832,62,2026-02-09 13:26:54.840000+00:00,124390.62177928851,426780.8753985553,7.453340116953407,0.011099075491074473,-0.0038466526893898845,0.008542243371078229,0,0.011566694030945662,0.002048854036735284,0.008542243371078229,19_P6_1
833,72,2026-02-09 13:27:10.550000+00:00,124390.53410181403,426780.881763275,10.995975277338806,0.010142111175809987,-0.005167656694538891,0.008889955772048097,0,0.010831765014106123,0.003498565633840398,0.008889955772048097,18_P6_1
834,139,2026-02-09 13:30:20.950000+00:00,123928.0986878561,426940.42758130695,7.139713995003728,0.01181793240539264,-0.003522705635987222,0.003112164264472028,0,-0.0123183157491018,0.0005762624763735649,0.003112164264472028,905_GSL_1
835,138,2026-02-09 13:30:21.220000+00:00,123928.08887334324,426940.43079047557,7.115277795418105,0.0022544645617017522,-0.000930676469579339,-0.0026582681798226204,0,-0.0021160328114283042,0.0012129197384644062,-0.0026582681798226204,905_GSL_1
836,134,2026-02-09 13:30:21.360000+00:00,123855.63051190863,426533.08149077115,6.048065702000704,0.016049767218646593,0.0071927091921679676,0.0022227831029235645,0,-0.014293195323706768,0.010248641897061645,0.0022227831029235645,904_GSL_1
837,142,2026-02-09 13:30:37.020000+00:00,124266.94078589774,427056.31590892916,7.076356029287975,0.021294951788149774,0.0007545590051449835,-0.006444703966080212,0,-0.0009028269596253498,0.02128918115928469,-0.006444703966080212,906_GSL_1
838,143,2026-02-09 13:30:37.950000+00:00,124266.93009481321,427056.30822037347,7.114059819753994,0.010527385122259147,-0.0060065025463700294,0.008518081531216026,0,-0.009548646180806388,0.007465069756250405,0.008518081531216026,906_GSL_1
839,137,2026-02-09 13:30:39.250000+00:00,123928.09794388217,426940.4269626211,7.122842178439383,0.008544620286556892,-0.006865949952043593,-2.1512526147127176e-05,0,-0.010569578975908763,0.00290444570571296,-2.1512526147127176e-05,905_GSL_1
840,125,2026-02-09 13:30:52.890000+00:00,124339.66178967718,426609.5899039529,6.673660408753613,0.003924113552784547,-0.0013298935373313725,0.00014447062449907122,0,-0.0007464632370636195,0.004075546175851233,0.00014447062449907122,17_P5_1
841,152,2026-02-09 13:30:55.050000+00:00,124370.28509687124,426819.49239250936,9.736507539242304,0.009325209379312582,-0.006777528556995094,0.007586588014424578,0,-0.008743773377194954,0.007512712588483612,0.007586588014424578,29_KW_1
842,141,2026-02-09 13:30:55.660000+00:00,124266.92744396192,427056.3124966203,7.090631761345954,0.008815210472675972,-0.002021682739723474,0.006497061082856526,0,-0.002291389970828649,0.008748981013767136,0.006497061082856526,906_GSL_1
843,146,2026-02-09 13:31:08.450000+00:00,124350.9286418764,426607.511161214,11.379472275957069,0.002375301453866996,-0.0007041828357614577,0.00015076273298575416,0,-0.00018666269908888128,0.0024704427740169506,0.00015076273298575416,13_P5_1
844,122,2026-02-09 13:31:11.550000+00:00,124329.16490601665,426611.3893830673,8.07897014128682,0.015355113602709025,-0.0026558415265753865,-0.0046936971555773255,0,0.0013244566495590067,0.015526713192102859,-0.0046936971555773255,16_P5_1
845,150,2026-02-09 13:31:13.510000+00:00,124401.11381105758,426812.31525995984,9.190591338129549,0.010630427655996755,-0.006171629182063043,0.00857731488573954,0,0.0014233709362620273,0.012209382215660109,0.00857731488573954,27_KW_1
846,148,2026-02-09 13:31:23.920000+00:00,124351.04347450798,426607.3976280313,8.016166512389187,0.002356093318667263,-0.0008278634049929678,0.0007100971768050357,0,-0.00030963038491604286,0.002478036030474902,0.0007100971768050357,14_P5_1
847,120,2026-02-09 13:31:27.050000+00:00,124329.27231933843,426611.32971687464,11.351413430605737,0.012067503266735002,-0.0014582154690288007,-0.006617736041135913,0,0.001657931123660976,0.012041689741725248,-0.006617736041135913,15_P5_1
848,129,2026-02-09 13:31:31.040000+00:00,124898.95050491382,426720.7657096149,4.094919814276565,0.010833215041202493,-0.006793055217713118,0.0032350690309517205,0,0.01156093996958263,0.005463406843677498,0.0032350690309517205,901_GSL_1
849,128,2026-02-09 13:31:42.030000+00:00,124898.93639671039,426720.7815696467,4.075916092816997,-0.0039046891179168597,0.01230561186093837,-0.005475838186682402,0,0.0017984246981212599,-0.012784379100481684,-0.005475838186682402,901_GSL_1
850,124,2026-02-09 13:31:42.250000+00:00,124339.67190738801,426609.5882493262,6.669334972944433,0.014141664782073349,-0.0019925778033211827,-0.005095222888760631,0,0.002527714431383582,0.014055878089404344,-0.005095222888760631,17_P5_1
851,149,2026-02-09 13:31:50.770000+00:00,124351.05147945428,426607.3906339226,8.016833913426959,0.010167762215132825,-0.0060985428863205016,0.004608069459161257,0,0.004422579015546328,-0.011000745822489602,0.004608069459161257,14_P5_1
852,127,2026-02-09 13:31:58.480000+00:00,124898.95384249678,426720.77002018166,4.071610545732387,0.0134890725457808,0.001848663087002933,-0.004989156984112952,0,0.013063559536288846,0.003836149840194115,-0.004989156984112952,901_GSL_1
853,154,2026-02-09 13:31:58.680000+00:00,124285.66539556572,426445.5612084927,7.894699826703746,0.0007705657189944759,-0.0026165072922594845,-0.006900173296253698,11,-0.0013511929457759267,-0.002369421777780796,-0.006900173296253698,TS1-1
854,131,2026-02-09 13:32:04.670000+00:00,124806.22751136142,426258.52326709236,4.617332000180867,0.008966865265392698,0.01698302786098793,0.005827527408304611,0,0.0024993451674845393,-0.019041564582475096,0.005827527408304611,903_GSL_1
855,3,2026-02-09 13:32:04.870000+00:00,124314.90166707813,426440.79283310415,7.048617006417405,-0.002557921878178604,-0.0013668958563357592,-0.003582993582594618,11,0.00027802983165266894,-0.0028868785962772687,-0.003582993582594618,TS2
856,147,2026-02-09 13:32:06.930000+00:00,124350.93708678575,426607.504182897,11.380618574866375,0.010579440160654485,-0.005809843132738024,0.006398933193931811,0,0.0040642938521710855,-0.011364873374705785,0.006398933193931811,13_P5_1
857,126,2026-02-09 13:32:23.050000+00:00,124339.66764860773,426609.5824172271,6.676512742835425,0.010828003592905588,-0.006072933960240334,0.005855553699967153,0,0.0035240324495977313,-0.011904091060958785,0.005855553699967153,17_P5_1
858,121,2026-02-09 13:32:40.140000+00:00,124329.27218359972,426611.3207690044,11.360550818270562,0.012640830012969673,-0.006947488174773753,0.006251296196440492,0,0.0031508345201755206,-0.01407588068938801,0.006251296196440492,15_P5_1
859,66,2026-02-09 13:32:52.220000+00:00,124898.9149811571,426720.83802669303,4.128057079376809,-0.02262450658599846,0.06382153823506087,0.04577054897304489,0,-0.045503105851175035,-0.050145033640889944,0.04577054897304489,901_GSL_1
860,123,2026-02-09 13:32:55.240000+00:00,124329.16215262678,426611.3835208358,8.085408662152696,0.012396014659316279,-0.00675718387356028,0.0072930170986307274,0,0.0030267730101506203,-0.013789828080150635,0.0072930170986307274,16_P5_1
861,4,2026-02-09 13:32:55.440000+00:00,124378.97026458978,426782.7426894395,7.759043293756632,0.0032645897736074403,-0.000685560458805412,-0.005406706243368475,11,-0.0031878361905155078,0.000982466261537434,-0.005406706243368475,TS3
862,71,2026-02-09 13:33:07.910000+00:00,124806.19537670325,426258.5786133218,4.626442072510334,-0.03238523223262746,0.06350718974135816,0.03493840936106629,0,-0.07119071841197162,-0.003721293806385552,0.03493840936106629,903_GSL_1
863,67,2026-02-09 13:33:25.200000+00:00,123855.59197031033,426533.14861067064,6.066244486102525,-0.026024163817055523,0.05750796594657004,0.021836337764948865,0,-0.010759055522205914,0.06219860106110821,0.021836337764948865,904_GSL_1
864,110,2026-02-09 13:33:58.510000+00:00,124434.11910290217,426964.00644598453,8.790005792939589,-0.021349981689127162,0.0720181426149793,0.04563262046498373,0,0.06597481659986608,-0.035913203121576316,0.04563262046498373,35_P9_0
865,68,2026-02-09 13:36:20.650000+00:00,123928.08153811659,426940.42485798633,7.1193660432048445,-0.0274122452683514,-0.02287701889872551,0.0005527621646184144,0,-0.0013098485649285256,-0.035680155283880875,0.0005527621646184144,905_GSL_1
866,67,2026-02-09 13:36:22.450000+00:00,123855.63050205869,426533.0809240073,6.04725983351399,0.012507584542618133,-0.010178697411902249,0.0028516851764139872,0,-0.014286361522557696,-0.007479667542116327,0.0028516851764139872,904_GSL_1
867,68,2026-02-09 13:36:22.520000+00:00,123928.09882750941,426940.42767494114,7.1390148874905135,-0.010122852443601005,-0.020060064096469432,0.020201606450287457,0,0.0029317908316635888,-0.022277408190109416,0.020201606450287457,905_GSL_1
868,69,2026-02-09 13:36:36.910000+00:00,124266.92708988913,427056.3147412559,7.075749666433377,-0.015507307529333048,-9.712815517559648e-05,-0.014751704494055495,0,0.00110786059238077,-0.015467988414648071,-0.014751704494055495,906_GSL_1
869,68,2026-02-09 13:36:39.890000+00:00,123928.09883183554,426940.4273586553,7.12359759504358,-0.010118526319274679,-0.020376349915750325,0.0047843140033538845,0,-0.010590312424380098,-0.020135180493776886,0.0047843140033538845,905_GSL_1
870,69,2026-02-09 13:36:42.550000+00:00,124266.930426378,427056.30835173716,7.112190214731905,-0.012170818648883142,-0.006486646889243275,0.02168884380447267,0,-0.0013903014489806593,-0.013721241792589087,0.02168884380447267,906_GSL_1
871,66,2026-02-09 13:36:54.150000+00:00,124898.94229139082,426720.7693323817,4.081471631246769,0.004685727137257345,-0.004872773075476289,-0.0008148991569951747,0,0.00211886346284583,0.0064195306585243085,-0.0008148991569951747,901_GSL_1
872,69,2026-02-09 13:36:56.300000+00:00,124266.92922300815,427056.31259876955,7.088716841231724,-0.013374188507441431,-0.0022396144922822714,-0.0017845296957084145,0,-0.0018284472834517369,-0.013436575897089898,-0.0017845296957084145,906_GSL_1
873,66,2026-02-09 13:37:00.550000+00:00,124898.95024439646,426720.76542359946,4.0913758658606785,0.012638732776395045,-0.008781555341556668,0.00908933545691415,0,0.013589056296112963,0.0072243220713792584,0.00908933545691415,901_GSL_1
874,71,2026-02-09 13:37:10.360000+00:00,124806.22039079838,426258.5046931714,4.614033399346551,-0.0073711371078388765,-0.01041296066250652,0.022529736197284045,0,-0.003288935969361943,0.01232665048627991,0.022529736197284045,903_GSL_1
875,66,2026-02-09 13:37:12.890000+00:00,124898.95401814346,426720.76995718805,4.077688620052285,0.016412479773862287,-0.0042479667463339865,-0.004597910351479051,0,0.013234493425626739,0.01059541870680157,-0.004597910351479051,901_GSL_1
876,149,2026-02-09 13:37:40.560000+00:00,124351.05196082674,426607.39061195584,8.019630508271208,0.010649134666891769,-0.006120509642641991,0.0074046643034098025,0,0.004368523981846184,-0.011479577764852871,0.0074046643034098025,14_P5_1
877,65,2026-02-09 13:37:42.240000+00:00,124372.12301180372,426824.91959001875,5.576340448714584,-0.0013506540126400068,-0.0002927178284153342,0.05170470807668792,0,0.0006332087261901025,0.0012284122671194098,0.05170470807668792,30_KW_1
878,164,2026-02-09 13:37:50.400000+00:00,124091.07014038945,427154.2043281928,9.830782333202194,-0.025188061918015592,0.00959725136635825,0.016148801572796856,0,0.01592422905107358,-0.02174774990898591,0.016148801572796856,907_GSL_1
879,102,2026-02-09 13:37:55.670000+00:00,124282.39758766058,426301.79207104555,6.902898286927139,0.004298714760807343,-0.001486819062847644,-0.00039969683959650837,0,0.0004687192130097682,-0.004524365349945292,-0.00039969683959650837,02_P1_0
880,147,2026-02-09 13:37:56.140000+00:00,124350.93798342724,426607.5039429481,11.380852845718378,0.011476081650471315,-0.0060497919912450016,0.006633204045934704,0,0.004159476440382782,-0.012288172725328905,0.006633204045934704,13_P5_1
881,122,2026-02-09 13:38:07.370000+00:00,124329.16503659183,426611.3892453311,8.079068800180057,0.015485688782064244,-0.0027935777325183153,-0.004595038262340978,0,0.0012243309934331632,0.01568794592102776,-0.004595038262340978,16_P5_1
882,103,2026-02-09 13:38:09.400000+00:00,124282.31672531183,426301.7959755503,9.299454311276186,0.0050069046701537445,-0.0014686029171571136,0.0015028254850726341,0,0.0002867617656186759,-0.005209957446473917,0.0015028254850726341,01_P1_0
883,126,2026-02-09 13:38:11.730000+00:00,124339.6685138551,426609.58238426293,6.674973829863814,0.011693250955431722,-0.006105898122768849,0.004316640728355914,0,0.0033645505769006904,-0.012755152261255615,0.004316640728355914,17_P5_1
884,120,2026-02-09 13:38:23.680000+00:00,124329.27281971659,426611.3296161041,11.35241270831849,0.012567881422000937,-0.0015589860267937183,-0.005618458328383369,0,0.0016876959218718472,0.012551245489771582,-0.005618458328383369,15_P5_1
885,100,2026-02-09 13:38:23.820000+00:00,124292.48767574543,426345.9287840463,7.588355801318191,0.003952472121454775,-0.0014509333996102214,-0.0001437676509068453,0,0.0005029077307322083,-0.00418023054571772,-0.0001437676509068453,06_P2_0
886,121,2026-02-09 13:38:26.630000+00:00,124329.27192189496,426611.3210344926,11.35966051641718,0.012379125255392864,-0.00668200000654906,0.0053609943430590334,0,0.0029687651995172633,-0.013750574510410913,0.0053609943430590334,15_P5_1
887,101,2026-02-09 13:38:37.270000+00:00,124292.40874648222,426345.881953496,10.216151362627654,0.0034276113874511793,-0.0014400298823602498,0.0005328650273703772,0,0.0006105580811414813,-0.0036673457315923056,0.0005328650273703772,05_P2_0
888,124,2026-02-09 13:38:39.380000+00:00,124339.6720941291,426609.58822977875,6.667890134827342,0.014328405872220173,-0.002012125274632126,-0.00654006100585125,0,0.0025675185790222602,0.014239371871900195,-0.00654006100585125,17_P5_1
889,123,2026-02-09 13:38:41.730000+00:00,124329.16259024346,426611.38344465615,8.084867020811014,0.012833631335524842,-0.0068333634990267456,0.006751375756948619,0,0.0029777172368229726,-0.014231308795171425,0.006751375756948619,16_P5_1
890,98,2026-02-09 13:38:50.470000+00:00,124302.66366030861,426390.07696247194,7.9809542839159775,0.002814675055560656,-0.0009495366248302162,0.0019034887851070437,0,0.00026246997524954923,-0.0029589060448723006,0.0019034887851070437,10_P3_0
891,170,2026-02-09 13:38:55.150000+00:00,124669.39406970942,426931.30397865304,13.787747685148567,0.006022892950568348,0.0054816813208162785,0.0015575544771788685,0,0.008034916952109247,0.0013282240660744894,0.0015575544771788685,908_GSL_1
892,118,2026-02-09 13:38:59.040000+00:00,124372.27100749243,426775.10757609666,6.1745364345430485,0.010980130435200408,-0.00508840213296935,0.0090043655526868,0,-0.0034441883485769385,-0.011601407986117385,0.0090043655526868,22_P6_1
893,99,2026-02-09 13:39:03.720000+00:00,124302.5407042736,426390.13403288065,11.089327294945939,0.002623982436489314,-0.0007834113202989101,0.0015720921965716173,0,0.0001387770982242817,-0.0027349146313523803,0.0015720921965716173,09_P3_0
894,92,2026-02-09 13:39:14.090000+00:00,124278.32986448941,426395.63546056516,11.094693020937097,0.01588868683029432,-0.002830060024280101,-0.00709596229012277,0,0.000480484153602289,-0.016131606984746853,-0.00709596229012277,11_P3_0
895,74,2026-02-09 13:39:17.050000+00:00,124369.35745719982,426785.7201509031,7.238562227826334,0.01114399051584769,-0.006315393606200814,0.008508393069261544,0,-0.012515272974175314,-0.0027277579438840225,0.008508393069261544,21_P6_1
896,166,2026-02-09 13:39:21.590000+00:00,124091.05987047165,427154.206376696,9.822749946778117,-0.012410364040988497,0.017348716442938894,-0.007103672284687335,0,0.020268323332675208,-0.006647568512583569,-0.007103672284687335,907_GSL_1
897,93,2026-02-09 13:39:29.560000+00:00,124278.28392687347,426395.7885199293,7.941325191882043,0.01580329379066825,-0.0028301732381805778,-0.0074003283974750644,0,0.000471468859026564,-0.016047794001271803,-0.0074003283974750644,12_P3_0
898,73,2026-02-09 13:39:34.280000+00:00,124369.5007018621,426785.6882554895,11.414542063631885,0.011362297664163634,-0.008211164677049965,0.008487447568809259,0,-0.013291958273364228,-0.004455208055953807,0.008487447568809259,20_P6_1
899,125,2026-02-09 13:39:37.290000+00:00,124339.66093546296,426609.5901951547,6.680211289454724,0.0030698993359692395,-0.0010386917274445295,0.006695351325610055,0,-0.0005822825481812927,0.003188120052904153,0.006695351325610055,17_P5_1
900,94,2026-02-09 13:39:44.270000+00:00,124268.23945583247,426351.5533146597,10.207053026952789,0.015233333382639103,-0.0026583608123473823,-0.007440912338172012,0,-0.0001674669982502159,-0.01546264152594078,-0.007440912338172012,07_P2_0
901,146,2026-02-09 13:39:53.610000+00:00,124350.92748626169,426607.5115783708,11.37893564543625,0.0012196867464808747,-0.0002870259922929108,-0.0003858677878323391,0,-2.2967804304541607e-05,0.0012527937419057696,-0.0003858677878323391,13_P5_1
902,95,2026-02-09 13:39:58.580000+00:00,124268.12536964998,426351.5462950424,7.186667336408244,0.01582174774375744,-0.0028959676274098456,-0.0070035218368760255,0,-6.003400133321996e-05,-0.016084487125326175,-0.0070035218368760255,08_P2_0
903,152,2026-02-09 13:40:01.720000+00:00,124370.28485707105,426819.49238447484,9.736558835263995,0.009085409183171578,-0.0067855630768463016,0.007637884036116205,0,-0.008696339919212417,0.007277513195112112,0.007637884036116205,29_KW_1
904,148,2026-02-09 13:40:10.510000+00:00,124351.0352635163,426607.39951279457,8.015896669729603,-0.005854898365214467,0.001056899840477854,0.0004402545172208505,0,-0.0002081790425333477,-0.005945883754837715,0.0004402545172208505,14_P5_1
905,96,2026-02-09 13:40:12.680000+00:00,124258.07773301342,426307.3494675615,9.298334988931103,0.01675481698475778,-0.002942015416920185,-0.0062106192447881625,0,-0.00039833368263831557,-0.017006489266847512,-0.0062106192447881625,03_P1_0
906,117,2026-02-09 13:40:16.640000+00:00,124377.69148096257,426815.899605815,7.625584822004176,0.011463818489573896,-0.006100223516114056,0.008149781831716219,0,-0.006544662845250788,0.011216026459956356,0.008149781831716219,26_KW_0
907,97,2026-02-09 13:40:27.320000+00:00,124258.00327646593,426307.38895240286,6.830930303632353,0.015406257050926797,-0.0029003017698414624,-0.00613188696374678,0,-0.000183806897772534,-0.01567580051224525,-0.00613188696374678,04_P1_0
908,168,2026-02-09 13:40:28.410000+00:00,124669.34861298362,426931.3292811084,13.789977661886603,-0.028118987727793865,0.02154053602134809,-0.01136235804862551,0,0.0009890227838153637,-0.035407541525159736,-0.01136235804862551,908_GSL_1
909,116,2026-02-09 13:40:30.360000+00:00,124377.69864990722,426815.8939833283,10.013942420034741,0.011290015652775764,-0.006078235281165689,0.008882664757617675,0,-0.006513514474649516,0.011044615283551546,0.008882664757617675,25_KW_0
910,115,2026-02-09 13:40:45.540000+00:00,124396.30075044208,426811.62794684287,7.655653919917545,0.010659682273399085,-0.005967493576463312,0.009381627144498417,0,0.0003581852086010354,0.012211122352645928,0.009381627144498417,24_KW_0
911,114,2026-02-09 13:40:59.720000+00:00,124396.30979581233,426811.62360308686,9.999692088632418,0.010775167305837385,-0.0059356689453125,0.009008010982235248,0,0.0004484459174330981,0.012293709470955937,0.009008010982235248,23_KW_0
912,150,2026-02-09 13:41:14.740000+00:00,124401.1138571515,426812.3151804517,9.190229249978218,0.010676521575078368,-0.006251137296203524,0.008215226734408887,0,0.0013872990226991937,0.012293910356787154,0.008215226734408887,27_KW_1
913,119,2026-02-09 13:41:29.980000+00:00,124400.82485911698,426811.33710302087,3.9926171370389723,0.010707729903515428,-0.006025860435329378,0.00908300795278949,0,0.001706307838932119,0.012167784812015097,0.00908300795278949,28_KW_1
914,169,2026-02-09 13:41:46.710000+00:00,124669.38617994914,426931.303627497,13.815421294304791,0.007102500821929425,0.001467944064643234,0.0036660814318985047,0,0.006991652499937178,0.0019279971531492622,0.0036660814318985047,908_GSL_1
915,62,2026-02-09 13:42:03.020000+00:00,124390.6217030192,426780.8752332389,7.453370384849012,0.011022806182154454,-0.004011969082057476,0.008572511266683236,0,0.011517439492064905,0.002224126703079488,0.008572511266683236,19_P6_1
916,72,2026-02-09 13:42:18.430000+00:00,124390.53406049234,426780.8817945854,10.995953155636835,0.01010078948456794,-0.00513634632807225,0.008867834070077407,0,0.010786011433840687,0.0034741846759372965,0.008867834070077407,18_P6_1
917,139,2026-02-09 13:45:20.530000+00:00,123928.09863403835,426940.42711614084,7.1375967262393285,0.011764114664401859,-0.003987871750723571,0.0009948955000727011,0,-0.012421081130034085,0.00011940895496204636,0.0009948955000727011,905_GSL_1
918,138,2026-02-09 13:45:20.870000+00:00,123928.0863488724,426940.4288355179,7.118913974541093,-0.00027000627596862614,-0.0028856341377831995,0.000977910943166016,0,-0.002116445302516891,-0.0019800118806856744,0.000977910943166016,905_GSL_1
919,134,2026-02-09 13:45:21.770000+00:00,123855.63028022571,426533.0798306445,6.047100925075486,0.0158180842990987,0.005532582523301244,0.0012580061777054397,0,-0.014397200340903403,0.00857565639554327,0.0012580061777054397,904_GSL_1
920,142,2026-02-09 13:45:38.150000+00:00,124266.92264729782,427056.3142436635,7.089702757888822,0.0031563518714392558,-0.0009107066434808075,0.006902024634766413,0,-0.001153272290106924,0.0030760212534522093,0.006902024634766413,906_GSL_1
921,143,2026-02-09 13:45:38.520000+00:00,124266.9292161377,427056.3075885281,7.113302439771714,0.009648709601606242,-0.006638347927946597,0.007760701548936488,0,-0.009800283636692254,0.006412464489491028,0.007760701548936488,906_GSL_1
922,137,2026-02-09 13:45:39.060000+00:00,123928.0983616979,426940.4268989408,7.125790756456323,0.008962436026195064,-0.006929630239028484,0.0029270654907929128,0,-0.010865903193650717,0.0032058045104947186,0.0029270654907929128,905_GSL_1
923,125,2026-02-09 13:45:52.610000+00:00,124339.65689644575,426609.59057351906,6.674792512375977,-0.0009691178711364046,-0.000660327379591763,0.0012765742468632268,0,-0.0007939511791202015,-0.000863054587826357,0.0012765742468632268,17_P5_1
924,152,2026-02-09 13:45:53.450000+00:00,124370.28493769601,426819.49242597196,9.73614123223923,0.00916603414225392,-0.006744065962266177,0.007220281011351304,0,-0.008674535926312555,0.007365530127796272,0.007220281011351304,29_KW_1
925,141,2026-02-09 13:45:55.380000+00:00,124266.92557507551,427056.31223230954,7.085399605507668,0.006946324065211229,-0.0022859934833832085,0.0012649052445699027,0,-0.002498194197497092,0.006872860392630932,0.0012649052445699027,906_GSL_1
926,146,2026-02-09 13:46:07.600000+00:00,124350.92441019014,426607.51208794885,11.37899446930467,-0.0018563847988843918,0.000222552043851465,-0.0003270439194125174,0,-0.00017451555684361577,-0.001861515042692664,-0.0003270439194125174,13_P5_1
927,150,2026-02-09 13:46:10.060000+00:00,124401.11364183012,426812.31533901487,9.19028217827492,0.01046120018872898,-0.006092574156355113,0.00826815503111078,0,0.0013853418038648152,0.012026512267728082,0.00826815503111078,27_KW_1
928,122,2026-02-09 13:46:11.870000+00:00,124329.16399198973,426611.38941637444,8.078637363875984,0.014441086677834392,-0.0026225344045087695,-0.005026474566413697,0,0.0011249110655070574,0.01463411241702953,-0.005026474566413697,16_P5_1
929,148,2026-02-09 13:46:22.850000+00:00,124351.03954714407,426607.39848232333,8.015747370640398,-0.0015712705935584381,2.642860636115074e-05,0.00029095542801549357,0,-0.00030723399064599266,-0.0015411674225753076,0.00029095542801549357,14_P5_1
930,129,2026-02-09 13:46:28.220000+00:00,124898.95036420136,426720.7665546012,4.08925377194767,0.010692502575693652,-0.005948068923316896,-0.0024309732979439502,0,0.011321226866716693,0.004641008239604376,-0.0024309732979439502,901_GSL_1
931,120,2026-02-09 13:46:28.670000+00:00,124329.2721333577,426611.3297944979,11.350039698597893,0.01188152254326269,-0.001380592177156359,-0.007991468048979655,0,0.0016857169272924992,0.011842084746645092,-0.007991468048979655,15_P5_1
932,128,2026-02-09 13:46:39.460000+00:00,124898.9387545948,426720.77702920226,4.078836728024971,-0.0015468047058675438,0.0077651674509979784,-0.002555202978708593,0,0.0019618919577546884,-0.007670815490300226,-0.002555202978708593,901_GSL_1
933,124,2026-02-09 13:46:44.370000+00:00,124339.6718130628,426609.5883829271,6.668967146742078,0.014047339573153295,-0.0018589769024401903,-0.0054630490911149465,0,0.002625136184668968,0.013924518096480982,-0.0054630490911149465,17_P5_1
934,149,2026-02-09 13:46:45.350000+00:00,124351.05155389868,426607.3907268711,8.019268675752775,0.0102422066120198,-0.0060055943904444575,0.0070428317849771105,0,0.004319074046966108,-0.011059636505901261,0.0070428317849771105,14_P5_1
935,131,2026-02-09 13:46:56.260000+00:00,124806.22338379953,426258.5132596001,4.60893646377381,0.0048393033794127405,0.006975535594392568,-0.0025680089987520915,0,0.0021106519911373214,-0.008223265908320204,-0.0025680089987520915,903_GSL_1
936,3,2026-02-09 13:46:56.460000+00:00,124314.90231311458,426440.79297978536,7.071540385874329,-0.001911885425215587,-0.0012202146463096142,0.019340385874328625,11,4.24751010131829e-05,-0.002267691673930608,0.019340385874328625,TS2
937,127,2026-02-09 13:47:00.670000+00:00,124898.95379532405,426720.7699924039,4.0796542530222055,0.013441899820463732,0.00182088534347713,0.003054550305705561,0,0.013009148890018418,0.003842178987866823,0.003054550305705561,901_GSL_1
938,154,2026-02-09 13:47:00.870000+00:00,124285.66531721482,426445.56124594464,7.895515714887476,0.0006922148168087006,-0.0025790553772822022,-0.006084285112523347,11,-0.001266332618393114,-0.002350976327250316,-0.006084285112523347,TS1-1
939,147,2026-02-09 13:47:01.750000+00:00,124350.93785542158,426607.50396674086,11.381013042961115,0.01134807599009946,-0.006025999260600656,0.006793401288671674,0,0.004156219154567485,-0.01215801538512918,0.006793401288671674,13_P5_1
940,126,2026-02-09 13:47:17.220000+00:00,124339.66791190182,426609.5823076628,6.676275691010266,0.011091297681559809,-0.006182498240377754,0.005618501874808501,0,0.003572563832283275,-0.012185112080629766,0.005618501874808501,17_P5_1
941,121,2026-02-09 13:47:33.150000+00:00,124329.27205061333,426611.32100685465,11.362602480004007,0.012507843624916859,-0.006709637935273349,0.008302957929885224,0,0.002959449345533807,-0.013881896590129608,0.008302957929885224,15_P5_1
942,123,2026-02-09 13:47:48.920000+00:00,124329.16252464232,426611.3835140474,8.08393416865107,0.012768030195729807,-0.006763972225598991,0.005818523597003633,0,0.002929405649407736,-0.014148939815016557,0.005818523597003633,16_P5_1
943,4,2026-02-09 13:47:49.120000+00:00,124378.97034404588,426782.7426908206,7.758363314854946,0.003344045879202895,-0.0006841793656349182,-0.0060866851450542825,11,-0.003256668394049706,0.0010221815972576349,-0.0060866851450542825,TS3
944,68,2026-02-09 13:51:20.500000+00:00,123928.08191189289,426940.42508440325,7.117532915397253,-0.027038468964747153,-0.022650601982604712,-0.0012803656429731802,0,-0.0013596130555250058,-0.03524599305554062,-0.0012803656429731802,905_GSL_1
945,68,2026-02-09 13:51:22.520000+00:00,123928.0984012354,426940.42645874096,7.139680974096085,-0.010549126454861835,-0.021276264276821166,0.020867693055858894,0,0.0029325982075811465,-0.02356614856718624,0.020867693055858894,905_GSL_1
946,67,2026-02-09 13:51:23.080000+00:00,123855.6304530378,426533.07960708183,6.03190409183834,0.012458563651307486,-0.01149562286445871,-0.012504056499235361,0,-0.0145009755817817,-0.008779912327131566,-0.012504056499235361,904_GSL_1
947,69,2026-02-09 13:51:39.050000+00:00,124266.92923088775,427056.30764176825,7.110430381748701,-0.013366308907279745,-0.007196615799330175,0.019929010821268633,0,-0.0015942456108882417,-0.015096617955693193,0.019929010821268633,906_GSL_1
948,69,2026-02-09 13:51:39.330000+00:00,124266.93515530477,427056.3152194208,7.075695077091609,-0.007441891881171614,0.00038103677798062563,-0.014806293835823325,0,0.0009580134329656199,-0.00738980067792625,-0.014806293835823325,906_GSL_1
949,68,2026-02-09 13:51:40.170000+00:00,123928.09790498525,426940.4266866644,7.122127245142239,-0.011045376610127278,-0.021048340830020607,0.0033139641020127897,0,-0.010592188011842446,-0.021280003507472466,0.0033139641020127897,905_GSL_1
950,66,2026-02-09 13:51:56.650000+00:00,124898.9502385664,426720.7663367736,4.089400305120895,0.012632902711629868,-0.007868381217122078,0.007113774717130816,0,0.013475211585962443,0.006318253446404974,0.007113774717130816,901_GSL_1
951,69,2026-02-09 13:51:57.190000+00:00,124266.92911490318,427056.3123435776,7.087372015378353,-0.013482293477864005,-0.0024948064237833023,-0.003129355549079449,0,-0.002080204211644937,-0.013552455384662198,-0.003129355549079449,906_GSL_1
952,66,2026-02-09 13:51:57.600000+00:00,124898.93646735263,426720.7815827524,4.080142455712622,-0.0011383110540919006,0.007377597619779408,-0.002144074691142528,0,0.002162771470680453,-0.0071447266050460815,-0.002144074691142528,901_GSL_1
953,66,2026-02-09 13:52:14.390000+00:00,124898.95374251832,426720.770549393,4.084932458466385,0.016136854639626108,-0.0036557617713697255,0.0026459280626207615,0,0.013225498642081583,0.009942276271444542,0.0026459280626207615,901_GSL_1
954,71,2026-02-09 13:52:15.510000+00:00,124806.22157061486,426258.5074532601,4.613180984681742,-0.006191320630023256,-0.007652871950995177,0.021677321532474814,0,-0.0031428291886282976,0.009328532839261825,0.021677321532474814,903_GSL_1
955,149,2026-02-09 13:52:37.750000+00:00,124351.05122708503,426607.39062845806,8.02023876077645,0.009915392962284386,-0.006104007421527058,0.008012916808652903,0,0.004467687955100353,-0.010752380598473407,0.008012916808652903,14_P5_1
956,164,2026-02-09 13:52:52.700000+00:00,124091.0714256947,427154.20487312804,9.836399687848786,-0.023902756671304815,0.010142186598386616,0.021766156219388932,0,0.01610937781938117,-0.020364028868485963,0.021766156219388932,907_GSL_1
957,147,2026-02-09 13:52:55.400000+00:00,124350.9369682377,426607.50425230735,11.380608490627216,0.010460892110131681,-0.00574043276719749,0.006388848954772541,0,0.00401449743583311,-0.011236843081231455,0.006388848954772541,13_P5_1
958,102,2026-02-09 13:52:58.580000+00:00,124282.39495315455,426301.79284127883,6.902850708689314,0.0016642087284708396,-0.0007165857823565602,-0.0004472750774215939,0,0.000318732705092568,-0.0017836746727187855,-0.0004472750774215939,02_P1_0
959,122,2026-02-09 13:53:09.070000+00:00,124329.1646194501,426611.38940703525,8.07852995971302,0.015068547043483704,-0.0026318735908716917,-0.005133878729377983,0,0.0012749783612818783,0.015243434612260857,-0.005133878729377983,16_P5_1
960,126,2026-02-09 13:53:10.150000+00:00,124339.66834001319,426609.5823624767,6.6765639320080545,0.011519409046741202,-0.006127684377133846,0.0059067428725967375,0,0.0034242967993619966,-0.012590452416088646,0.0059067428725967375,17_P5_1
961,103,2026-02-09 13:53:12.190000+00:00,124282.31425519132,426301.7965510809,9.299231470005726,0.0025367841590195894,-0.000893072341568768,0.0012799842146122842,0,0.0002903493642359198,-0.0026736771165224204,0.0012799842146122842,01_P1_0
962,121,2026-02-09 13:53:24.930000+00:00,124329.2722813925,426611.3209088401,11.361121721423869,0.012738622797769494,-0.006807652476709336,0.006822199349747038,0,0.0029892908286370925,-0.01413084510456914,0.006822199349747038,15_P5_1
963,120,2026-02-09 13:53:25.390000+00:00,124329.27276582734,426611.32963841164,11.352023656525557,0.012513992172898725,-0.0015366784646175802,-0.006007510121316173,0,0.0016955687722832466,0.012493455380536159,-0.006007510121316173,15_P5_1
964,100,2026-02-09 13:53:25.890000+00:00,124292.48643005587,426345.9291793024,7.5880285183161345,0.002706782557652332,-0.0010556773049756885,-0.0004710506529637115,0,0.0004047750310366903,-0.002877026861345038,-0.0004710506529637115,06_P2_0
965,101,2026-02-09 13:53:39.040000+00:00,124292.40777969641,426345.88214514666,10.216567744786532,0.0024608255771454424,-0.0012483792379498482,0.0009492471862486695,0,0.0006470816646941844,-0.0026824240086336174,0.0009492471862486695,05_P2_0
966,123,2026-02-09 13:53:40.940000+00:00,124329.16272484817,426611.38324822654,8.084289345561547,0.012968236042070203,-0.007029793108813465,0.006173700507481783,0,0.003128744038898738,-0.014415411819806797,0.006173700507481783,16_P5_1
967,124,2026-02-09 13:53:41.200000+00:00,124339.67236890727,426609.5880897446,6.668301534287729,0.014603184041334316,-0.0021521594026125968,-0.006128661545464098,0,0.0025203925054367486,0.014544153322138533,-0.006128661545464098,17_P5_1
968,98,2026-02-09 13:53:51.900000+00:00,124302.66339399088,426390.07713136385,7.981047787338145,0.00254835732630454,-0.000780644710175693,0.0019969922072746726,0,0.00016079427380555586,-0.0026603902773026855,0.0019969922072746726,10_P3_0
969,170,2026-02-09 13:53:57.280000+00:00,124669.39557528996,426931.3027141689,13.788687708524181,0.007528473492129706,0.004217197187244892,0.0024975778527931425,0,0.007975943908418817,0.0032934759764666048,0.0024975778527931425,908_GSL_1
970,118,2026-02-09 13:53:57.540000+00:00,124372.27101351235,426775.1075861179,6.174462869112686,0.01098615035880357,-0.005078380869235843,0.008930800122324278,0,-0.0034556864991895256,-0.011599296650167184,0.008930800122324278,22_P6_1
971,99,2026-02-09 13:54:05.590000+00:00,124302.54212444805,426390.13379584113,11.091992378378695,0.004044156885356642,-0.0010204508434981108,0.004237175629327794,0,3.2255799809292074e-05,-0.004170789421770441,0.004237175629327794,09_P3_0
972,74,2026-02-09 13:54:15.350000+00:00,124369.35742024849,426785.72020033473,7.238559681052267,0.011107039186754264,-0.006265961972530931,0.00850584629519524,0,-0.012465328333792556,-0.002691503012825183,0.00850584629519524,21_P6_1
973,92,2026-02-09 13:54:16.210000+00:00,124278.33006212702,426395.63556673256,11.094433853954799,0.01608632443821989,-0.0027238926268182695,-0.007355129272420768,0,0.0003466048462356973,-0.01631163051490167,-0.007355129272420768,11_P3_0
974,166,2026-02-09 13:54:23.460000+00:00,124091.04398289432,427154.2010643997,9.826009037283283,-0.028297941375058144,0.012036420113872737,-0.0038445817795214055,0,0.019955874626076453,-0.02339683660523759,-0.0038445817795214055,907_GSL_1
975,93,2026-02-09 13:54:31.090000+00:00,124278.28396934028,426395.78836237936,7.941687185064871,0.015845760601223446,-0.002987723157275468,-0.007038335214646807,0,0.0006210448109615228,-0.016113004748915798,-0.007038335214646807,12_P3_0
976,73,2026-02-09 13:54:31.140000+00:00,124369.50070553443,426785.6882626541,11.41454580434085,0.01136597000004258,-0.008204000070691109,0.008491188277774953,0,-0.01329333054252388,-0.004447274928421829,0.008491188277774953,20_P6_1
977,125,2026-02-09 13:54:40.830000+00:00,124339.66001647574,426609.5900672335,6.675610448381326,0.0021509121143026277,-0.0011666129576042295,0.0020945102522116343,0,-0.0008421878547320879,0.0022974177534017736,0.0020945102522116343,17_P5_1
978,94,2026-02-09 13:54:45.190000+00:00,124268.23952855074,426351.5532550984,10.207247289760021,0.015306051645893604,-0.0027179220924153924,-0.007246649530939564,0,-0.00012218293942469963,-0.015545011702038551,-0.007246649530939564,07_P2_0
979,152,2026-02-09 13:54:57.250000+00:00,124370.2847993835,426819.4924616061,9.736784540566704,0.009027721636812203,-0.006708431814331561,0.00786358933882525,0,-0.00860799228283478,0.007239149412600898,0.00786358933882525,29_KW_1
980,146,2026-02-09 13:54:57.430000+00:00,124350.92221271148,426607.51237541274,11.380293885954021,-0.004053863463923335,0.0005100159323774278,0.0009723727299384421,0,-0.0003576186019395851,-0.004070139330656641,0.0009723727299384421,13_P5_1
981,95,2026-02-09 13:54:59.690000+00:00,124268.12547619932,426351.5462811043,7.1858664222809345,0.015928297085338272,-0.002909905684646219,-0.007804435964185785,0,-6.590801227546987e-05,-0.016191783572733733,-0.007804435964185785,08_P2_0
982,148,2026-02-09 13:55:12.820000+00:00,124351.03973927078,426607.3984805824,8.017674956249977,-0.0013791438832413405,2.4687673430889845e-05,0.002218541037594335,0,-0.00026821028729841445,-0.0013530375359496634,0.002218541037594335,14_P5_1
983,117,2026-02-09 13:55:13.460000+00:00,124377.69148013339,426815.8996577465,7.626051415928617,0.011462989306892268,-0.006048292038030922,0.008616375756157701,0,-0.006492738751254723,0.011217232454361906,0.008616375756157701,26_KW_0
984,96,2026-02-09 13:55:13.890000+00:00,124258.07751976833,426307.34971092525,9.29802359384787,0.016541571894777007,-0.002698651689570397,-0.006522014328021797,0,-0.0005951910102180836,-0.016749688634510596,-0.006522014328021797,03_P1_0
985,116,2026-02-09 13:55:28.070000+00:00,124377.69872477543,426815.89403958904,10.013895076388854,0.01136488385964185,-0.0060219745500944555,0.008835321111730465,0,-0.006460213567412798,0.011121618735082979,0.008835321111730465,25_KW_0
986,97,2026-02-09 13:55:28.500000+00:00,124258.0034921407,426307.3890038457,6.83189306763073,0.015621931830537505,-0.0028488589450716972,-0.005169122965369866,0,-0.0002766298888937715,-0.015877160555699075,-0.005169122965369866,04_P1_0
987,168,2026-02-09 13:55:30.620000+00:00,124669.37237066144,426931.312231553,13.794870482494474,-0.004361309911473654,0.0044909806456416845,-0.006469537440754181,0,0.0010854906737955523,-0.006165358164822983,-0.006469537440754181,908_GSL_1
988,115,2026-02-09 13:55:44.070000+00:00,124396.30072906149,426811.6279595978,7.655637105828908,0.010638301682774909,-0.005954738648142666,0.009364813055861454,0,0.0003581407844074789,0.012186226250975296,0.009364813055861454,24_KW_0
989,114,2026-02-09 13:55:58.460000+00:00,124396.30988270971,426811.62356697646,9.999485227877507,0.010862064693355933,-0.00597177934832871,0.008801150227323973,0,0.0004621479033505832,0.012386808196755267,0.008801150227323973,23_KW_0
990,150,2026-02-09 13:56:13.470000+00:00,124401.11384586533,426812.315175575,9.190505260047809,0.010665235400665551,-0.006256014050450176,0.008491236803999769,0,0.0013766347150185653,0.012287792104867556,0.008491236803999769,27_KW_1
991,119,2026-02-09 13:56:28.940000+00:00,124400.82485294479,426811.33703366056,3.9925350891573603,0.010701557708671317,-0.006095220742281526,0.009000960071177566,0,0.0016474267341170129,0.012204959583910057,0.009000960071177566,28_KW_1
992,169,2026-02-09 13:56:46.460000+00:00,124669.38704763987,426931.30174789584,13.817230262934455,0.007970191552885808,-0.0004116570926271379,0.00547505006156257,0,0.006908054645721508,0.0039965229842111516,0.00547505006156257,908_GSL_1
993,62,2026-02-09 13:57:04.160000+00:00,124390.6217191383,426780.8753321963,7.453381781792044,0.011038925280445255,-0.003913011692930013,0.008583908209715219,0,0.01151775702042866,0.0021238655971192464,0.008583908209715219,19_P6_1
994,72,2026-02-09 13:57:19.720000+00:00,124390.53405042503,426780.88172363327,10.995948441756488,0.010090722178574651,-0.005207298439927399,0.008863120189730012,0,0.010787292441024538,0.0035458359972598166,0.008863120189730012,18_P6_1
