,Id,Timestamp,Easting,Northing,Height,EastingDiff,NorthingDiff,HeightDiff,Type,LongitudinalDisplacement,TransverseDisplacement,HeightDisplacement,Name
64004,130,2026-02-26 02:00:24.660000+00:00,124898.93994467234,426720.76903388335,4.130467979998588,0.0015716750785941258,-0.0006428154301829636,0.04040524752839403,0,0.001697997401405535,-1.3381135049382308e-05,0.04040524752839403,901_GSL_1
64005,133,2026-02-26 02:00:26.140000+00:00,124806.22532612355,426258.51107037003,4.596376220021896,0.0034300300176255405,-0.0004134433111175895,0.00821911583733037,0,0.0021408949358900586,-0.0027115696868788832,0.00821911583733037,903_GSL_1
64006,153,2026-02-26 02:00:43+00:00,124370.27535077294,426819.497430822,9.73463177709059,0.0015119680610951036,-0.0016922752256505191,0.008551299977600735,0,0.00123532321990181,-0.0019036332103358638,0.008551299977600735,29_KW_1
64007,132,2026-02-26 02:00:50.150000+00:00,124806.22958821713,426258.51079585537,4.622820270950506,0.01545392935804557,0.005654104927089065,0.04018809674018531,0,0.0028335888057019467,-0.016209984873842304,0.04018809674018531,903_GSL_1
64008,136,2026-02-26 02:00:58.710000+00:00,123855.6144604819,426533.0762835817,6.034720482540263,-0.001309629893512465,0.002175055560655892,0.012427940103524548,0,-0.0002103496103698174,0.0025301680164247697,0.012427940103524548,904_GSL_1
64009,135,2026-02-26 02:01:08.260000+00:00,123855.61318162402,426533.0743638221,6.064875265943092,-0.0004686542088165879,-0.0022710991906933486,0.04367681882473473,0,0.0016629399122997238,-0.001616217543986598,0.04367681882473473,904_GSL_1
64010,5,2026-02-26 02:01:08.460000+00:00,124424.61923229347,426919.1429776949,8.793909554685742,-0.0006530104583362117,-0.0027598338201642036,-0.013335191718127248,11,-0.002829074357089185,0.00019860426903524798,-0.013335191718127248,TS4
64011,140,2026-02-26 02:01:14.720000+00:00,123928.08739040892,426940.4326946829,7.147312180061869,-0.00013332354137673974,-0.001743994012940675,0.0117384738595252,0,7.641128879293329e-05,-0.0017474128301014494,0.0117384738595252,905_GSL_1
64012,145,2026-02-26 02:01:31.550000+00:00,124266.92060256889,427056.31632870936,7.120434076004849,0.0022788160567870364,0.001582101744133979,0.01246713971320279,0,-0.000501786495686589,0.002728416915027608,0.01246713971320279,906_GSL_1
64013,6,2026-02-26 02:01:31.750000+00:00,124399.03773296076,426925.0767470936,8.570378972395515,-0.0014377836196217686,0.0012978786835446954,0.023072276573957495,11,-0.0019361859653294444,5.3802618093119964e-05,0.023072276573957495,TS5
64014,66,2026-02-26 02:06:22.890000+00:00,124898.93902287153,426720.7663308407,4.1272228447811505,0.001417207851773128,-0.007874314091168344,0.04493631437738621,0,0.00434565648600671,0.00671778015471834,0.04493631437738621,901_GSL_1
64015,71,2026-02-26 02:06:31.580000+00:00,124806.22454501518,426258.5105125041,4.595778731776636,-0.0032169203041121364,-0.004593627993017435,0.0042750686273684835,0,0.002243056411349709,0.005139911703205151,0.0042750686273684835,903_GSL_1
64016,67,2026-02-26 02:06:47.710000+00:00,123855.61439176575,426533.07633535156,6.0374019039858435,-0.0036027083988301456,-0.014767353131901473,-0.007006244351732249,0,0.011561007455147633,-0.009869008711684387,-0.007006244351732249,904_GSL_1
64017,71,2026-02-26 02:06:52.950000+00:00,124806.22324282785,426258.5068400338,4.623198641881815,-0.004519107635132968,-0.008266098273452371,0.03169497873254734,0,0.004897317370388053,0.008047794546208594,0.03169497873254734,903_GSL_1
64018,68,2026-02-26 02:07:03.580000+00:00,123928.08722900735,426940.43154969346,7.14706187555182,-0.0217213545111008,-0.016185311775188893,0.028248594511594227,0,0.021181790291630018,-0.016885298904621013,0.028248594511594227,905_GSL_1
64019,67,2026-02-26 02:07:10.250000+00:00,123855.61244920813,426533.07478462055,6.060572781856878,-0.005545266016270034,-0.016318084148224443,0.01616463351930264,0,0.01375049916517792,-0.010390073058846818,0.01616463351930264,904_GSL_1
64020,69,2026-02-26 02:07:20.260000+00:00,124266.92067841212,427056.31646015967,7.118408406528994,-0.021918784535955638,0.0016217756201513112,0.027907035601561603,0,0.016692311837837884,-0.014297901846220038,0.027907035601561603,906_GSL_1
64021,159,2026-02-26 02:07:46.200000+00:00,124421.80830436722,426965.6161514734,5.63125871971104,0.0003537148149916902,-0.002022435248363763,0.04203282316142509,0,-0.0020401024424542605,0.00023095568505876197,0.04203282316142509,38a_P9_0
64022,162,2026-02-26 02:07:58.090000+00:00,124402.99738974261,426879.64736324106,6.553506296780797,0.0019616142963059247,-0.0003703468246385455,0.008833253490229787,0,0.000539196913719432,-0.0019220702656841352,0.008833253490229787,34a_P7_0
64023,110,2026-02-26 02:08:01.700000+00:00,124434.14245030702,426963.93229254463,8.785955691762192,0.0023644645407330245,0.0002059711841866374,0.03489533150440316,0,0.0006931008104298698,0.002269962105340205,0.03489533150440316,35_P9_0
64024,104,2026-02-26 02:08:13.640000+00:00,124389.81655008084,426881.44637707435,10.731526938148349,-0.0005461294349515811,0.0020375062013044953,0.0056150700881421045,0,-0.00188056232125402,0.0009556015047887373,0.0056150700881421045,33_P7_0
64025,111,2026-02-26 02:08:16.760000+00:00,124434.26381119704,426963.97576974327,6.502671932033435,0.0021204377262620255,-0.0022940360940992832,0.04137942241866632,0,-0.0017969174705647522,0.0025553757758820395,0.04137942241866632,36_P9_0
64026,105,2026-02-26 02:08:28.310000+00:00,124389.68771506906,426881.4739318478,7.0676938800918565,-0.0009703683026600629,0.0019786336342804134,0.005397983369066495,0,-0.0017312380006298308,0.001363605766593965,0.005397983369066495,34_P7_0
64027,176,2026-02-26 02:08:29.970000+00:00,124446.56620587106,427019.00001164066,7.905213650836747,-0.0010402028856333345,-0.0029295014101080596,-0.013199272810438423,0,-0.0030845029437891053,-0.0003870944908693063,-0.013199272810438423,41_LHN_0
64028,153,2026-02-26 02:08:43.170000+00:00,124370.27543322407,426819.49738359934,9.733727693334748,0.001594419198227115,-0.001739497878588736,0.007647216221759123,0,0.0012592131110972348,-0.0019955971011531193,0.007647216221759123,29_KW_1
64029,109,2026-02-26 02:08:43.620000+00:00,124446.5715796604,427018.9662944073,10.385363802168724,0.0025248464371543378,0.0011039387318305671,-0.0004614392992436933,0,0.001620413022974212,0.002228854389551325,-0.0004614392992436933,40_LHN_0
64030,65,2026-02-26 02:08:58.320000+00:00,124370.27556364468,426819.4974011114,9.733838095259046,-0.002910846465965733,-0.0010563124669715762,-0.0015411724914073943,0,0.0017842095214116568,0.0025308930360662734,-0.0015411724914073943,30_KW_1
64031,167,2026-02-26 02:08:59.510000+00:00,124669.37591569863,426931.30449891405,13.850351661098504,-0.0003172893193550408,-0.0019217031076550484,0.04097969628172038,0,-0.0004122814790713962,0.0019035859129975083,0.04097969628172038,908_GSL_1
64032,163,2026-02-26 02:09:15.080000+00:00,124091.05639538974,427154.20775990136,9.871111154796456,-0.02691927968407981,0.004776199581101537,0.014341081800948174,0,0.024448240057311173,-0.012236962827773564,0.014341081800948174,907_GSL_1
64033,151,2026-02-26 02:09:17.050000+00:00,124403.0361206665,426812.8393878756,6.609278174795087,-0.0008646789501653984,0.0017039498197846115,0.0005328723193578355,0,-0.0014978443701758348,0.0011864134683725158,0.0005328723193578355,27_KW_1
64034,108,2026-02-26 02:09:31.970000+00:00,124422.71226610163,427023.8373729163,10.32592923598552,0.0015412616485264152,-0.0014465784188359976,-0.0023932483571371677,0,-0.0010474714507822567,0.0018359956837793853,-0.0023932483571371677,39_LHN_0
64035,113,2026-02-26 02:09:32.630000+00:00,124414.08025401011,426875.914697776,7.337772521047904,0.003019395939190872,-0.0005343621596693993,0.0344225759226271,0,-0.00019623029538101783,-0.0030600307884829448,0.0344225759226271,32_P7_0
64036,177,2026-02-26 02:09:45.240000+00:00,124422.72849081432,427023.8978879487,7.790546907601378,0.0019849772652378306,-0.0015315887867473066,-0.0025857121317764964,0,-0.001026684975792379,0.0022873165315896583,-0.0025857121317764964,42_LHN_0
64037,112,2026-02-26 02:09:47.400000+00:00,124413.95388920268,426875.86711959244,10.703207020057317,0.003154577862005681,-0.0001464730012230575,0.03394141313665244,0,-0.0006128576165017651,-0.003097938244936364,0.03394141313665244,31_P7_0
64038,107,2026-02-26 02:09:59.170000+00:00,124409.92181501798,426969.52609454916,6.294942432451226,0.000997510680463165,0.0016834960551932454,0.005862109021192552,0,0.001872426962865889,0.0005685101531389995,0.005862109021192552,38_P9_0
64039,161,2026-02-26 02:10:03.130000+00:00,124402.99217925502,426879.64477441285,6.583170442553406,0.000775508422520943,-0.002732474124059081,0.041546121729684415,0,0.0020241797992570977,-0.0019926174475630937,0.041546121729684415,34a_P7_0
64040,106,2026-02-26 02:10:13.630000+00:00,124410.03301630713,426969.4514554414,8.929682435999789,0.0008124889136524871,0.001894100510980934,0.005795211661258293,0,0.0020339114278174544,0.00033310551526505446,0.005795211661258293,37_P9_0
64041,160,2026-02-26 02:10:29.070000+00:00,124421.81286589088,426965.6187075478,5.60198880497439,0.0016597302455920726,6.950914394110441e-05,0.009807575087051212,0,0.0008734539824003483,0.0014130159765032803,0.009807575087051212,38a_P9_0
64042,130,2026-02-26 02:15:24.300000+00:00,124898.94028078132,426720.7692150932,4.126961513386765,0.0019077840552199632,-0.0004616055521182716,0.036898780916570395,0,0.0019381613740196242,-0.00031024212376191707,0.036898780916570395,901_GSL_1
64043,153,2026-02-26 02:16:18.820000+00:00,124370.27535905506,426819.4974585802,9.733995421026975,0.001520250181783922,-0.001664517039898783,0.007914943913986505,0,0.0012063653244892662,-0.0019043267301588145,0.007914943913986505,29_KW_1
64044,136,2026-02-26 02:16:34.540000+00:00,123855.61382154864,426533.07688592246,6.034851499885768,-0.0019485631491988897,0.002777396352030337,0.012558957449029684,0,-4.4555587042406476e-05,0.003392468664903277,0.012558957449029684,904_GSL_1
64045,135,2026-02-26 02:16:34.560000+00:00,123855.61388575872,426533.0726837072,6.058265955308738,0.00023548048920929432,-0.0039512140792794526,0.03706750819038085,0,0.0020235753784188146,-0.0034018651426756434,0.03706750819038085,904_GSL_1
64046,140,2026-02-26 02:16:52.120000+00:00,123928.08719924984,426940.43349587766,7.14480077954069,-0.0003244826220907271,-0.0009427992627024651,0.009227073338346159,0,0.0002935818697173794,-0.0009528741299691335,0.009227073338346159,905_GSL_1
64047,145,2026-02-26 02:17:08.790000+00:00,124266.9206323999,427056.31620616,7.118875696395321,0.0023086470609996468,0.0014595523825846612,0.010908760103674808,0,-0.0006093148577015556,0.0026624950354798785,0.010908760103674808,906_GSL_1
64048,6,2026-02-26 02:17:08.990000+00:00,124399.03751141002,426925.0768214286,8.570388968566881,-0.0016593343607382849,0.0013722137082368135,0.023082272745323706,11,-0.0021511998221470374,9.32754361786336e-05,0.023082272745323706,TS5
64049,66,2026-02-26 02:21:21.220000+00:00,124898.94010162463,426720.7682502569,4.127730830173464,0.0024959609436336905,-0.005954897904302925,0.04544429976969955,0,0.004600301356067272,0.0045307678726880015,0.04544429976969955,901_GSL_1
64050,67,2026-02-26 02:22:00.040000+00:00,123855.6150309069,426533.070787682,6.062525588292102,-0.0029635672399308532,-0.02031502267345786,0.018117439954526304,0,0.013858171423142749,-0.015147077665856474,0.018117439954526304,904_GSL_1
64051,67,2026-02-26 02:22:06.800000+00:00,123855.61514214441,426533.0748088756,6.036954867314159,-0.0028523297369247302,-0.016293829074129462,-0.007453281023416913,0,0.011845449264689598,-0.011545994220627184,-0.007453281023416913,904_GSL_1
64052,68,2026-02-26 02:22:22.670000+00:00,123928.08684344169,426940.43105384073,7.145532298547481,-0.022106920165242627,-0.016681164503097534,0.02671901750725514,0,0.021550977319445774,-0.01739346270725143,0.02671901750725514,905_GSL_1
64053,69,2026-02-26 02:22:39.570000+00:00,124266.91999407852,427056.3157162208,7.118631167517662,-0.02260311813734006,0.0008778367773629725,0.028129796590229184,0,0.01665344322642471,-0.015307984048936399,0.028129796590229184,906_GSL_1
64054,159,2026-02-26 02:22:57.810000+00:00,124421.80805022489,426965.6161819425,5.631194575076433,9.957248403225094e-05,-0.001991966157220304,0.041968678526818515,0,-0.001994343937480229,-2.0883249824522526e-05,0.041968678526818515,38a_P9_0
64055,110,2026-02-26 02:23:13.410000+00:00,124434.14236939339,426963.9322586227,8.785909865096642,0.0022835509153082967,0.00017204927280545235,0.03484950483885285,0,0.0006430963082886114,0.0021978700765386025,0.03484950483885285,35_P9_0
64056,111,2026-02-26 02:23:29.060000+00:00,124434.26372048212,426963.9757930806,6.502746727901672,0.0020297228038543835,-0.002270698780193925,0.04145421828690399,0,-0.0017931753272038761,0.0024617818458929196,0.04145421828690399,36_P9_0
64057,162,2026-02-26 02:23:46.090000+00:00,124402.99745048989,426879.64740961755,6.553568686716531,0.002022361572016962,-0.00032397033646702766,0.00889564342596394,0,0.0004982769794520484,-0.0019866109731473897,0.00889564342596394,34a_P7_0
64058,176,2026-02-26 02:23:46.700000+00:00,124446.56675671005,427019.0000462603,7.905449723643142,-0.0004893638979410753,-0.002894881763495505,-0.012963200004043607,0,-0.002932444939471954,0.0001434716912573867,-0.012963200004043607,41_LHN_0
64059,109,2026-02-26 02:23:59.710000+00:00,124446.57197464541,427018.9662540706,10.385657008564264,0.0029198314441600814,0.0010636019869707525,-0.00016823290370382438,0,0.0016658438458483041,0.002623285941380278,-0.00016823290370382438,40_LHN_0
64060,104,2026-02-26 02:24:01.710000+00:00,124389.81632915357,426881.44629260554,10.731432382088137,-0.000767056699260138,0.0019530373974703252,0.00552051402793019,0,-0.0017522460205042368,0.0011542811353498696,0.00552051402793019,33_P7_0
64061,167,2026-02-26 02:24:15.860000+00:00,124669.37597107729,426931.30540305347,13.850343883032563,-0.0002619106671772897,-0.0010175636853091419,0.040971918215779723,0,-0.00031209435717352823,0.0010033096049882199,0.040971918215779723,908_GSL_1
64062,105,2026-02-26 02:24:17.270000+00:00,124389.68758135928,426881.4739353058,7.0677292718925795,-0.001104078080970794,0.0019820916349999607,0.005433375169789478,0,-0.0017065960562841118,0.0014950603864367768,0.005433375169789478,34_P7_0
64063,153,2026-02-26 02:24:32.060000+00:00,124370.27536965921,426819.49746595515,9.733668231404309,0.0015308543370338157,-0.0016571420710533857,0.007587754291320081,0,0.0011964663545941314,-0.0019126168218424144,0.007587754291320081,29_KW_1
64064,151,2026-02-26 02:24:33.910000+00:00,124403.03595731547,426812.83941161656,6.609736827256556,-0.001028029975714162,0.0017276908038184047,0.0009915247808276462,0,-0.0014886099925147547,0.0013512222003618677,0.0009915247808276462,27_KW_1
64065,65,2026-02-26 02:24:47.340000+00:00,124370.27546347925,426819.49744456465,9.73404646345773,-0.003011011896887794,-0.0010128592257387936,-0.0013328042927227557,0,0.001768603871727672,0.0026389613106815165,-0.0013328042927227557,30_KW_1
64066,113,2026-02-26 02:24:48.990000+00:00,124414.08030028293,426875.91464520793,7.3374695937889935,0.003065668759518303,-0.0005869302549399436,0.03411964866371697,0,-0.00015612225399345208,-0.0031174409231063804,0.03411964866371697,32_P7_0
64067,112,2026-02-26 02:25:03.720000+00:00,124413.9541635594,426875.867108379,10.703317120525295,0.0034289345931028947,-0.00015768641605973244,0.03405151360463066,0,-0.0006676395866503402,-0.0033670038360424895,0.03405151360463066,31_P7_0
64068,163,2026-02-26 02:25:04.050000+00:00,124091.05591113861,427154.2077386787,9.870020292385838,-0.027403530810261145,0.004754976951517165,0.013250219390330997,0,0.024824081328185057,-0.012543057557471598,0.013250219390330997,907_GSL_1
64069,177,2026-02-26 02:25:19.500000+00:00,124422.72783325482,427023.8980168678,7.790744125035267,0.0013274177617859095,-0.001402669702656567,-0.002388494697887822,0,-0.0010545949379726842,0.0016178225260694594,-0.002388494697887822,42_LHN_0
64070,161,2026-02-26 02:25:19.610000+00:00,124402.99242908608,426879.6446401643,6.583124986248222,0.0010253394866595045,-0.0028667227015830576,0.04150066542450048,0,0.00202193476736862,-0.002276224924558389,0.04150066542450048,34a_P7_0
64071,108,2026-02-26 02:25:33.190000+00:00,124422.71232110604,427023.8373449462,10.325071868303171,0.0015962660545483232,-0.0014745484804734588,-0.003250616039485621,0,-0.0010618454803078732,0.001896007044849675,-0.003250616039485621,39_LHN_0
64072,107,2026-02-26 02:25:47.660000+00:00,124409.92163803223,426969.52631978836,6.295092970316585,0.0008205249323509634,0.0019087352557107806,0.006012646886551565,0,0.002049113411201643,0.0003430242980262731,0.006012646886551565,38_P9_0
64073,106,2026-02-26 02:26:02.260000+00:00,124410.03275543812,426969.45169203554,8.929942327620058,0.0005516199016710743,0.0021306946291588247,0.006055103281527252,0,0.0022008216658496614,2.2980726111011423e-05,0.006055103281527252,37_P9_0
64074,160,2026-02-26 02:26:17.690000+00:00,124421.81278775653,426965.6188823964,5.6021173791298775,0.0015815958904568106,0.00024435773957520723,0.009936149242538939,0,0.0009876380514781448,0.0012592566636204987,0.009936149242538939,38a_P9_0
64075,130,2026-02-26 02:30:22.640000+00:00,124898.94051390182,426720.76939537004,4.126466288776358,0.0021409045584732667,-0.00028132874285802245,0.036403556306163765,0,0.0020836718006188248,-0.0005665068555239142,0.036403556306163765,901_GSL_1
64076,153,2026-02-26 02:30:45.160000+00:00,124370.27511101491,426819.4974353601,9.733903676240175,0.0012722100364044309,-0.0016877371235750616,0.007823199127185987,0,0.0012939727752714879,-0.0016711102392953582,0.007823199127185987,29_KW_1
64077,136,2026-02-26 02:31:02.660000+00:00,123855.61384976628,426533.07626342314,6.0362095876672415,-0.0019203455158276483,0.002154897025320679,0.013917045230503078,0,0.00029673998386495226,0.0028711066632696,0.013917045230503078,904_GSL_1
64078,135,2026-02-26 02:31:04.990000+00:00,123855.61454084588,426533.07133804465,6.061648913915551,0.0008905676513677463,-0.0052968766540288925,0.04045046679719366,0,0.0022370185815601064,-0.004883212149335086,0.04045046679719366,904_GSL_1
64079,140,2026-02-26 02:31:18.710000+00:00,123928.08680476113,426940.432834868,7.144440834472709,-0.0007189713360276073,-0.0016038088942877948,0.008867128270365399,0,0.0006663171507425435,-0.0016263899305063042,0.008867128270365399,905_GSL_1
64080,145,2026-02-26 02:31:34.890000+00:00,124266.9205050275,427056.3165859282,7.118684654463191,0.0021812746708747,0.0018393205828033388,0.010717718171544988,0,-0.00025131004373108644,0.002842165135604091,0.010717718171544988,906_GSL_1
64081,6,2026-02-26 02:31:35.090000+00:00,124399.03754087214,426925.0768103507,8.570672202123603,-0.0016298722330247983,0.0013611358008347452,0.023365506302045702,11,-0.0021234569294980824,-1.0238792207176968e-05,0.023365506302045702,TS5
64082,66,2026-02-26 02:36:22.920000+00:00,124898.94117738667,426720.7708165132,4.1279836919238395,0.003571722991182469,-0.0033886415767483413,0.04569716152007519,0,0.0046026132039092985,0.0017481557586807631,0.04569716152007519,901_GSL_1
64083,67,2026-02-26 02:36:40.060000+00:00,123855.61430038029,426533.0756694471,6.036347906373307,-0.0036940938589395955,-0.015433257620315999,-0.008060241964268577,0,0.012024690100655757,-0.010355607089731076,-0.008060241964268577,904_GSL_1
64084,68,2026-02-26 02:36:56.890000+00:00,123928.08673120393,426940.4312863385,7.145670363363435,-0.022219157923245803,-0.01644866674905643,0.02685708232320927,0,0.021670739562580678,-0.017164750608454873,0.02685708232320927,905_GSL_1
64085,67,2026-02-26 02:37:01.790000+00:00,123855.61556563272,426533.0699908525,6.063760749742688,-0.002428841427899897,-0.021111852198373526,0.01935260140511197,0,0.01386305488229895,-0.01610668442784607,0.01935260140511197,904_GSL_1
64086,69,2026-02-26 02:37:13.650000+00:00,124266.91968207323,427056.3157179597,7.119079011751106,-0.02291512342344504,0.0008795756730251014,0.028577640823673534,0,0.01687600767250745,-0.015526651278165764,0.028577640823673534,906_GSL_1
64087,159,2026-02-26 02:37:59.290000+00:00,124421.80806848155,426965.61613610067,5.631242487816092,0.00011782914225477725,-0.0020378080080263317,0.042016591266476944,0,-0.0020412044785355463,-5.4278123742537865e-06,0.042016591266476944,38a_P9_0
64088,162,2026-02-26 02:38:11.550000+00:00,124402.99741585903,426879.64740039874,6.553684208023149,0.0019877307204296812,-0.0003331891493871808,0.009011164732582344,0,0.0005044540317135465,-0.0019513109839534035,0.009011164732582344,34a_P7_0
64089,110,2026-02-26 02:38:14.890000+00:00,124434.14239097442,426963.93230515317,8.785917073896778,0.002305131944012828,0.00021857972024008632,0.034856713638989234,0,0.0006930970569793652,0.002209304606208736,0.034856713638989234,35_P9_0
64090,104,2026-02-26 02:38:27.250000+00:00,124389.81642426307,426881.44631974265,10.731734288390651,-0.0006719472003169358,0.0019801745074801147,0.005822420330444444,0,-0.001798460301220895,0.0010668386311998318,0.005822420330444444,33_P7_0
64091,111,2026-02-26 02:38:30.490000+00:00,124434.26368119562,426963.9757405957,6.5025563702784055,0.0019904362998204306,-0.002323183638509363,0.041263860663637075,0,-0.001852747222281049,0.002434408883530108,0.041263860663637075,36_P9_0
64092,105,2026-02-26 02:38:43.010000+00:00,124389.68763965671,426881.47371245374,7.068039442220959,-0.0010457806492922828,0.0017592395888641477,0.005743545498169134,0,-0.0015009160245245024,0.0013913418648149154,0.005743545498169134,34_P7_0
64093,176,2026-02-26 02:38:44.130000+00:00,124446.56658252697,427019.00003397744,7.905520429627372,-0.000663546976284124,-0.002907164627686143,-0.012892494019813405,0,-0.0029818323366719336,-2.4014124654282174e-05,-0.012892494019813405,41_LHN_0
64094,153,2026-02-26 02:38:58.700000+00:00,124370.27557221608,426819.49730297964,9.733852270290287,0.0017334112053504214,-0.0018201175844296813,0.007771793177298036,0,0.0013004659214895418,-0.0021508907027157132,0.007771793177298036,29_KW_1
64095,109,2026-02-26 02:39:00.830000+00:00,124446.57179146024,427018.966446542,10.385745852850896,0.0027366462745703757,0.0012560734176076949,-7.938861707224021e-05,0,0.0018144837978946236,0.002403040118208286,-7.938861707224021e-05,40_LHN_0
64096,65,2026-02-26 02:39:14.040000+00:00,124370.27594719407,426819.49725981033,9.734501671014524,-0.0025272970815422013,-0.0011976135428994894,-0.0008775967359291315,0,0.0018197342617910293,0.002123693940513052,-0.0008775967359291315,30_KW_1
64097,167,2026-02-26 02:39:17.290000+00:00,124669.37604056892,426931.30598244735,13.850433973827421,-0.00019241902919020504,-0.0004381698090583086,0.04106200901063772,0,-0.0002139303061786198,0.00042807906800381817,0.04106200901063772,908_GSL_1
64098,163,2026-02-26 02:39:30.900000+00:00,124091.05540069102,427154.20725115953,9.870661478865713,-0.027913978396099992,0.004267457756213844,0.013891405870205986,0,0.024942596769225677,-0.013238891645708857,0.013891405870205986,907_GSL_1
64099,151,2026-02-26 02:39:34.850000+00:00,124403.03657109328,426812.8392326774,6.609897083264923,-0.000414252164773643,0.001548751664813608,0.0011517807891943121,0,-0.001435367064209546,0.0007141134127469114,0.0011517807891943121,27_KW_1
64100,108,2026-02-26 02:39:46.760000+00:00,124422.71214740846,427023.837417976,10.32625640634279,0.0014225684717530385,-0.0014015187043696642,-0.002066077999867133,0,-0.0010313162826307565,0.0017100708934732723,-0.002066077999867133,39_LHN_0
64101,113,2026-02-26 02:39:50.610000+00:00,124414.08040172557,426875.9146202618,7.337475969671267,0.0031671113974880427,-0.0006118763703852892,0.034126024545990674,0,-0.00015592096503021835,-0.0032219056394312017,0.034126024545990674,32_P7_0
64102,177,2026-02-26 02:39:59.850000+00:00,124422.72795495375,427023.8979305533,7.790811090133742,0.0014491166948573664,-0.0014889842132106423,-0.002321529599412564,0,-0.0011101630414255053,0.0017562890433973914,-0.002321529599412564,42_LHN_0
64103,112,2026-02-26 02:40:05.230000+00:00,124413.95408159094,426875.86702405213,10.703284457526003,0.003346966128447093,-0.0002420133096165955,0.03401885060533871,0,-0.0005661441630827017,-0.0033076023784020785,0.03401885060533871,31_P7_0
64104,107,2026-02-26 02:40:13.430000+00:00,124409.92147359186,426969.52625361056,6.295386011403991,0.0006560845649801195,0.0018425574526190758,0.00630568797395803,0,0.0019457252874196087,0.00019904278058531042,0.00630568797395803,38_P9_0
64105,161,2026-02-26 02:40:20.650000+00:00,124402.9925642026,426879.644624606,6.583100869417192,0.001160456013167277,-0.0028822809690609574,0.0414765485934705,0,0.0019706840014965584,-0.002402208631520704,0.0414765485934705,34a_P7_0
64106,106,2026-02-26 02:40:28.030000+00:00,124410.03258312361,426969.4516251741,8.930565086604826,0.00037930539110675454,0.002063833177089691,0.00667786226629552,0,0.0020944799627529765,-0.0001281937916011037,0.00667786226629552,37_P9_0
64107,160,2026-02-26 02:40:43.660000+00:00,124421.81260309876,426965.6188179379,5.6023832990045666,0.001396938125253655,0.0001798992743715644,0.010202069117227985,0,0.000841001694531933,0.001129830086562147,0.010202069117227985,38a_P9_0
64108,130,2026-02-26 02:45:22.930000+00:00,124898.94165839207,426720.7715180617,4.130526418427155,0.003285394806880504,0.0018413629150018096,0.04046368595696048,0,0.002320514738394954,-0.002966420026009996,0.04046368595696048,901_GSL_1
64109,153,2026-02-26 02:45:45.430000+00:00,124370.27538237325,426819.49746479327,9.734437242707385,0.0015435683744726703,-0.0016583039541728795,0.00835676559439591,0,0.001194244813951556,-0.0019251895115669582,0.00835676559439591,29_KW_1
64110,136,2026-02-26 02:46:03.090000+00:00,123855.61443172877,426533.07544729265,6.042553215696529,-0.0013383830228121951,0.0013387665385380387,0.02026067325979053,0,0.000302223629476916,0.0018687498062198778,0.02026067325979053,904_GSL_1
64111,135,2026-02-26 02:46:05.760000+00:00,123855.61645032067,426533.0683350006,6.063162389146747,0.0028000424354104325,-0.008299920707941055,0.04196394202838949,0,0.0023429970869377746,-0.008440336844510949,0.04196394202838949,904_GSL_1
64112,140,2026-02-26 02:46:19.160000+00:00,123928.08653966575,426940.4316336763,7.146581304313418,-0.0009840667189564556,-0.002805000636726618,0.011007598111074657,0,0.000892121739022697,-0.0028355836581130125,0.011007598111074657,905_GSL_1
64113,145,2026-02-26 02:46:36.310000+00:00,124266.91960656401,427056.3157185176,7.11958746145306,0.0012828111794078723,0.0009719099616631866,0.011620525161413653,0,-0.0002251742538233046,0.001593584026968478,0.011620525161413653,906_GSL_1
64114,6,2026-02-26 02:46:36.510000+00:00,124399.03777213972,426925.0767567205,8.57004111138597,-0.0013986046542413533,0.0013075055903755128,0.022734415564412913,11,-0.0019115962828828751,-0.00010707707036134631,0.022734415564412913,TS5
64115,66,2026-02-26 02:51:21.370000+00:00,124898.94208550306,426720.7721216701,4.131754605250515,0.004479839379200712,-0.002083484723698348,0.04946807484675109,0,0.004936836911211412,0.00019367697184322866,0.04946807484675109,901_GSL_1
64116,67,2026-02-26 02:51:40.910000+00:00,123855.61543207451,426533.07417426014,6.039181480017376,-0.0025623996334616095,-0.016928444558288902,-0.005226668320199579,0,0.011981565942742934,-0.012230298631036285,-0.005226668320199579,904_GSL_1
64117,68,2026-02-26 02:51:57.810000+00:00,123928.0870840211,426940.4318817469,7.144928614824657,-0.02186634075769689,-0.015853258315473795,0.026115333784431094,0,0.02133753211861715,-0.016558151480036556,0.026115333784431094,905_GSL_1
64118,67,2026-02-26 02:51:59.600000+00:00,123855.61672105115,426533.0679175913,6.065765439547873,-0.0012734229967463762,-0.023185113386716694,0.021357291210296836,0,0.014070953575181717,-0.018471040966026607,0.021357291210296836,904_GSL_1
64119,69,2026-02-26 02:52:14.080000+00:00,124266.92037678388,427056.31612912926,7.11829011852451,-0.02222041277855169,0.0012907452182844281,0.027788747597077723,0,0.01667298017056116,-0.014745321274893324,0.027788747597077723,906_GSL_1
64120,159,2026-02-26 02:52:57.730000+00:00,124421.80790338351,426965.61628500937,5.63136408981244,-4.7268898924812675e-05,-0.0018888993072323501,0.04213819326282486,0,-0.0018825989143022208,-0.00016123358687480794,0.04213819326282486,38a_P9_0
64121,162,2026-02-26 02:53:11.430000+00:00,124402.99754091652,426879.6474297991,6.553237569974554,0.0021127882064320147,-0.0003037888091057539,0.008564526683986884,0,0.0004860085347887723,-0.0020784507090351153,0.008564526683986884,34a_P7_0
64122,110,2026-02-26 02:53:13.250000+00:00,124434.14227778667,426963.93238034187,8.785945680843989,0.0021919441933277994,0.0002937684184871614,0.03488532058620031,0,0.0007431079324623552,0.0020829569921329218,0.03488532058620031,35_P9_0
64123,104,2026-02-26 02:53:27.130000+00:00,124389.8163323262,426881.4462312676,10.731086542962375,-0.0007638840761501342,0.0018916994449682534,0.005174674902168164,0,-0.001692882497901705,0.001138505388738686,0.005174674902168164,33_P7_0
64124,111,2026-02-26 02:53:28.260000+00:00,124434.26358425037,426963.97587160557,6.5027078136252605,0.0018934910476673394,-0.0021921737934462726,0.04141530401049209,0,-0.001745049427443468,0.0023120849430866945,0.04141530401049209,36_P9_0
64125,176,2026-02-26 02:53:41.370000+00:00,124446.56574107114,427019.0004243836,7.905597676758983,-0.001505002801422961,-0.002516758453566581,-0.012815246888202125,0,-0.0027811577919916414,-0.0009296600894595763,-0.012815246888202125,41_LHN_0
64126,105,2026-02-26 02:53:42.910000+00:00,124389.68776596192,426881.4738329955,7.067461525518118,-0.0009194754384225234,0.00187978136818856,0.00516562879532767,0,-0.0016452504782028749,0.001293121780044075,0.00516562879532767,34_P7_0
64127,109,2026-02-26 02:53:54.310000+00:00,124446.57103535358,427018.96656075027,10.385800166224705,0.0019805396150331944,0.0013702816795557737,-2.5075243263117386e-05,0,0.0017636469075596921,0.0016400483631579775,-2.5075243263117386e-05,40_LHN_0
64128,65,2026-02-26 02:53:57.510000+00:00,124370.2755608382,426819.49736968376,9.733439683901617,-0.0029136529483366758,-0.0010877401218749583,-0.0019395838488360795,0,0.0018152707401540831,0.002525340415870304,-0.0019395838488360795,30_KW_1
64129,167,2026-02-26 02:54:10.260000+00:00,124669.37603776336,426931.3066331257,13.85142819914536,-0.00019522459479048848,0.00021250854479148984,0.042056234328576636,0,-0.00018443616119059495,-0.0002219365370230507,0.042056234328576636,908_GSL_1
64130,153,2026-02-26 02:54:12.690000+00:00,124370.2754111194,426819.4973103895,9.733763527285925,0.0015723145188530907,-0.001812707749195397,0.0076830501729361345,0,0.0013356582805547027,-0.001993514305886698,0.0076830501729361345,29_KW_1
64131,151,2026-02-26 02:54:27.150000+00:00,124403.03681880135,426812.8391378277,6.609582083623524,-0.0001665440940996632,0.0014539019321091473,0.0008367811477949516,0,-0.0013916982411884414,0.00045248620856683323,0.0008367811477949516,27_KW_1
64132,163,2026-02-26 02:54:29.370000+00:00,124091.05663631213,427154.2084599719,9.870694970369705,-0.02667835728789214,0.005476270103827119,0.013924897374197442,0,0.02467284222342609,-0.011531484659332512,0.013924897374197442,907_GSL_1
64133,113,2026-02-26 02:54:41.930000+00:00,124414.08046993487,426875.9145438503,7.33772206216551,0.0032353206916013733,-0.0006882878951728344,0.034372117040233796,0,-9.784573234462468e-05,-0.0033062768209584908,0.034372117040233796,32_P7_0
64134,108,2026-02-26 02:54:46.540000+00:00,124422.71244236636,427023.83740733226,10.32524105290189,0.0017175263783428818,-0.001412162440828979,-0.003081431440767446,0,-0.0009729178561029354,0.001999382520896825,-0.003081431440767446,39_LHN_0
64135,112,2026-02-26 02:54:56.920000+00:00,124413.95425889954,426875.8669307819,10.703329095267483,0.0035242747253505513,-0.0003352835192345083,0.034063488346818716,0,-0.0005180253831938758,-0.0035020818209147856,0.034063488346818716,31_P7_0
64136,177,2026-02-26 02:54:59.660000+00:00,124422.72833536651,427023.8978945113,7.790423929865314,0.0018295294576091692,-0.0015250262222252786,-0.0027086898678403415,0,-0.0010565398023188008,0.002134620964211341,-0.0027086898678403415,42_LHN_0
64137,107,2026-02-26 02:55:13.360000+00:00,124409.92186576263,426969.52622399456,6.294986874467702,0.0010482553334441036,0.0018129414529539645,0.005906551037669239,0,0.002010226229056319,0.0005870148754050893,0.005906551037669239,38_P9_0
64138,161,2026-02-26 02:55:13.480000+00:00,124402.99254338592,426879.64457233256,6.583218759845522,0.0011396393238101155,-0.0029345544171519578,0.041594439021800156,0,0.0020265314938791297,-0.002409057392408173,0.041594439021800156,34a_P7_0
64139,106,2026-02-26 02:55:28.040000+00:00,124410.03320669816,426969.4514762907,8.929693093097352,0.0010028799442807212,0.001914949796628207,0.0058058687588218305,0,0.0020999378509910407,0.0005128956309250869,0.0058058687588218305,37_P9_0
64140,160,2026-02-26 02:55:43.590000+00:00,124421.81296368911,426965.6186833228,5.601638358985742,0.0017575284728081897,4.528416320681572e-05,0.00945712909840335,0,0.0009002287529050495,0.001510147403603982,0.00945712909840335,38a_P9_0
64141,130,2026-02-26 03:00:23.450000+00:00,124898.94183290697,426720.7714211926,4.1303466181626725,0.003459909712546505,0.001744493842124939,0.040283885692478094,0,0.002518892217318671,-0.002944387199693155,0.040283885692478094,901_GSL_1
64142,153,2026-02-26 03:00:44.860000+00:00,124370.2755775732,426819.49726388266,9.733658191488747,0.0017387683183187619,-0.0018592145643197,0.007577714375758049,0,0.0013367751426033353,-0.00216633937301739,0.007577714375758049,29_KW_1
64143,136,2026-02-26 03:01:03.190000+00:00,123855.61265748194,426533.0778433789,6.0401600563861315,-0.0031126298563322052,0.0037348527694121003,0.01786751394939312,0,0.00033937424690805675,0.004849991232182948,0.01786751394939312,904_GSL_1
64144,135,2026-02-26 03:01:05.610000+00:00,123855.61742827827,426533.06693948194,6.069283461855447,0.0037780000420752913,-0.00969543936662376,0.04808501473708926,0,0.0023172551399606492,-0.010144217931714824,0.04808501473708926,904_GSL_1
64145,140,2026-02-26 03:01:19.300000+00:00,123928.08689287407,426940.4340473624,7.148776086399524,-0.0006308583979262039,-0.00039131450466811657,0.013202380197180119,0,0.0006177692524897397,-0.00041166796143972417,0.013202380197180119,905_GSL_1
64146,145,2026-02-26 03:01:35.240000+00:00,124266.9205961974,427056.3162131301,7.1187439175524005,0.002272444558911957,0.0014665224589407444,0.010776981260754326,0,-0.0005787187144386613,0.0026419267676195397,0.010776981260754326,906_GSL_1
64147,6,2026-02-26 03:01:35.440000+00:00,124399.03743726946,426925.0765446913,8.569207946114394,-0.0017334749136352912,0.0010954763856716454,0.02190125029283685,11,-0.002014416561541871,0.00038357490057734086,0.02190125029283685,TS5
64148,66,2026-02-26 03:06:22.020000+00:00,124898.94099711452,426720.77465813054,4.092728459685703,0.0033914508385350928,0.0004529757425189018,0.010441929281938656,0,0.0029540662850433426,-0.001726446696854889,0.010441929281938656,901_GSL_1
64149,67,2026-02-26 03:06:41.900000+00:00,123855.61226534902,426533.0751300102,6.030061073336739,-0.005729125128709711,-0.015972694498486817,-0.01434707500083654,0,0.013990696213446676,-0.009602617546557444,-0.01434707500083654,904_GSL_1
64150,68,2026-02-26 03:06:57.770000+00:00,123928.08643046347,426940.43011953484,7.137847726848008,-0.022519898382597603,-0.01761547039495781,0.01903444580778224,0,0.021933155646396512,-0.018340864314123857,0.01903444580778224,905_GSL_1
64151,67,2026-02-26 03:07:02.520000+00:00,123855.61488901224,426533.06989453407,6.028286253465861,-0.0031054619030328467,-0.021208170626778156,-0.01612189487171456,0,0.014477094914685542,-0.015806458104107645,-0.01612189487171456,904_GSL_1
64152,69,2026-02-26 03:07:14.480000+00:00,124266.91998505374,427056.31376006146,7.109401325044098,-0.02261214291502256,-0.0010783225880004466,0.018899954116665896,0,0.015280962177899704,-0.01670221487500372,0.018899954116665896,906_GSL_1
64153,159,2026-02-26 03:07:59.590000+00:00,124421.80660427481,426965.6178660978,5.592838623298823,-0.001346377597656101,-0.0003078109002672136,0.003612726749207873,0,-0.00022599553952704944,-0.0013624999823513408,0.003612726749207873,38a_P9_0
64154,162,2026-02-26 03:08:11.980000+00:00,124402.99711751823,426879.6447162379,6.543982660048225,0.0016893899155547842,-0.0030173499835655093,-0.000690383242342385,0,0.0031526060852683003,-0.0014210960844468824,-0.000690383242342385,34a_P7_0
64155,110,2026-02-26 03:08:15.090000+00:00,124434.14078925816,426963.93400751916,8.747452553190863,0.0007034156878944486,0.0019209457095712423,-0.003607807066925872,0,0.0020252318561427736,0.0002885515169959784,-0.003607807066925872,35_P9_0
64156,104,2026-02-26 03:08:27.380000+00:00,124389.81610449907,426881.4436583558,10.722021381145396,-0.0009917112038237974,-0.000681212346535176,-0.0038904869148108645,0,0.0008715397120825009,0.0008294334832430855,-0.0038904869148108645,33_P7_0
64157,111,2026-02-26 03:08:30.640000+00:00,124434.26214633927,426963.9774374924,6.464212964236546,0.00045557995326817036,-0.0006262869574129581,0.0029204546217771465,0,-0.0005164755617164442,0.0005770974276455339,0.0029204546217771465,36_P9_0
64158,105,2026-02-26 03:08:42.930000+00:00,124389.68731250339,426881.47125778644,7.058256548338038,-0.0013729339698329568,-0.0006954277050681412,-0.00403934838475184,0,0.0009677987463477471,0.0011966340146700464,-0.00403934838475184,34_P7_0
64159,176,2026-02-26 03:08:47.710000+00:00,124446.56506455854,427019.0018249169,7.867409356561534,-0.002181515403208323,-0.001116225146688521,-0.051003567085651014,0,-0.0015585297973077596,-0.0018910190119189214,-0.051003567085651014,41_LHN_0
64160,65,2026-02-26 03:08:57.880000+00:00,124370.27529329817,426819.49479297793,9.724551378347225,-0.0031811929802643135,-0.0036644459469243884,-0.010827889403227431,0,0.004371710377153142,0.002106252894100102,-0.010827889403227431,30_KW_1
64161,109,2026-02-26 03:09:00.760000+00:00,124446.56997286956,427018.9681486323,10.347100573772893,0.0009180555935017765,0.0029581637354567647,-0.038724667695074544,0,0.0030863062424458685,0.00026129013829664975,-0.038724667695074544,40_LHN_0
64162,153,2026-02-26 03:09:12.890000+00:00,124370.27534588882,426819.49483688973,9.725133158509705,0.001507083943579346,-0.004286207491531968,-0.0009473186032842307,0,0.0037393149825172274,-0.0025807751035263862,-0.0009473186032842307,29_KW_1
64163,167,2026-02-26 03:09:16.660000+00:00,124669.37458038474,426931.3084106336,13.812146141659209,-0.0016526032122783363,0.0019900164334103465,0.0027741768424256463,0,-0.0015518066188772842,-0.0020695794258941995,0.0027741768424256463,908_GSL_1
64164,163,2026-02-26 03:09:29.470000+00:00,124091.055508117,427154.2048757252,9.863612432745063,-0.027806552418041974,0.0018920234288088977,0.006842359749555271,0,0.023438358174266285,-0.015080698794395523,0.006842359749555271,907_GSL_1
64165,151,2026-02-26 03:09:33.450000+00:00,124403.0352270801,426812.8407302239,6.5712905124174945,-0.0017582653526915237,0.0030462981667369604,-0.037454790058234266,0,-0.0026356029961079174,0.002329168610909778,-0.037454790058234266,27_KW_1
64166,177,2026-02-26 03:09:44.070000+00:00,124422.72776542229,427023.8954439758,7.781060987310168,0.0012595852313097566,-0.003975561703555286,-0.012071632422986589,0,-0.0035724264491086323,0.002151607557018275,-0.012071632422986589,42_LHN_0
64167,113,2026-02-26 03:09:48.700000+00:00,124414.079138102,426875.9161945026,7.298931318958422,0.0019034878205275163,0.0009623644291423261,-0.004418626166854622,0,-0.0013858859683609564,-0.0016213362575589441,-0.004418626166854622,32_P7_0
64168,108,2026-02-26 03:09:57.840000+00:00,124422.71207533205,427023.83475937706,10.315937674393485,0.0013504920643754303,-0.0040601176442578435,-0.012384809949171682,0,-0.003633489357977755,0.002259676788086578,-0.012384809949171682,39_LHN_0
64169,112,2026-02-26 03:10:03.570000+00:00,124413.9528043813,426875.8685987312,10.664747887366353,0.002069756490527652,0.0013326657353900373,-0.004517719554311128,0,-0.0017892707272702253,-0.001690680382833459,-0.004517719554311128,31_P7_0
64170,107,2026-02-26 03:10:12.360000+00:00,124409.9213692581,426969.52381932345,6.286068006773133,0.0005517507961485535,-0.0005917296512052417,-0.003012316656899827,0,-0.0004435333330789843,0.0006766469564062831,-0.003012316656899827,38_P9_0
64171,161,2026-02-26 03:10:25.200000+00:00,124402.99112126914,426879.6462292704,6.544684494489006,-0.0002824774564942345,-0.0012776165967807174,0.003060173665284438,0,0.001256292163296586,-0.0003658246605090726,0.003060173665284438,34a_P7_0
64172,106,2026-02-26 03:10:27.120000+00:00,124410.03261156847,426969.44913839945,8.920526089613062,0.0004077502526342869,-0.00042294146260246634,-0.0033611347254680624,0,-0.0003124646191338167,0.000497499357890236,-0.0033611347254680624,37_P9_0
64173,160,2026-02-26 03:10:42.840000+00:00,124421.81239761747,426965.6163396768,5.592695040903164,0.0011914568312931806,-0.0022983618546277285,0.0005138110158258158,0,-0.0014203822753053928,0.0021643823108779266,0.0005138110158258158,38a_P9_0
64174,130,2026-02-26 03:15:23.040000+00:00,124898.94074060944,426720.77405986417,4.092087658303901,0.002367612178204581,0.004383165389299393,0.0020249258337070586,0,0.00049305761550113,-0.0049572795406483865,0.0020249258337070586,901_GSL_1
64175,153,2026-02-26 03:15:44.570000+00:00,124370.27535502096,426819.4947250712,9.7246178710281,0.001516216085292399,-0.004398026037961245,-0.0014626060848890177,0,0.003844800670018777,-0.0026189792010834394,-0.0014626060848890177,29_KW_1
64176,136,2026-02-26 03:16:02.840000+00:00,123855.61315397172,426533.074125977,6.034486414039016,-0.0026161400746786967,1.7450889572501183e-05,0.012193871602277362,0,0.0021115136220998987,0.0015446694298694764,0.012193871602277362,904_GSL_1
64177,135,2026-02-26 03:16:14.360000+00:00,123855.61609635726,426533.0683013882,6.039764265333593,0.002446079030050896,-0.008333533129189163,0.01856581821523573,0,0.002654801864680909,-0.00826940772340044,0.01856581821523573,904_GSL_1
64178,140,2026-02-26 03:16:19.710000+00:00,123928.08654778972,426940.43223868054,7.138444359910515,-0.0009759427484823391,-0.0021999963792040944,0.0028706537081717443,0,0.0009037084952008075,-0.002230641000369239,0.0028706537081717443,905_GSL_1
64179,145,2026-02-26 03:16:36.650000+00:00,124266.91997143326,427056.31375921465,7.110564951887053,0.0016476804303238168,-0.0009873929666355252,0.002598015595406622,0,-0.0018648252663312076,0.0004606760218267519,0.002598015595406622,906_GSL_1
64180,6,2026-02-26 03:16:36.850000+00:00,124399.03731350483,426925.076264656,8.569344595335032,-0.0018572395492810756,0.0008154410752467811,0.022037899513474457,11,-0.0011128499431453487,-0.0016958325078423263,0.022037899513474457,TS5
64181,66,2026-02-26 03:21:22.610000+00:00,124898.94059441627,426720.7734796588,4.09087356927392,0.0029887525888625532,-0.0007254959782585502,0.008587038870155439,0,0.0030372477642267625,-0.00048385170310899685,0.008587038870155439,901_GSL_1
64182,67,2026-02-26 03:21:41.370000+00:00,123855.61024091167,426533.0801280116,6.043038460666315,-0.007753562473226339,-0.010974693112075329,-0.0013696876712607775,0,0.012708675591088705,-0.004364766276780869,-0.0013696876712607775,904_GSL_1
64183,68,2026-02-26 03:21:57.030000+00:00,123928.08652565311,426940.43202714255,7.151010876657917,-0.022424708746257238,-0.015707862679846585,0.0321975956176912,0,0.02190032838875546,-0.016431072052305495,0.0321975956176912,905_GSL_1
64184,67,2026-02-26 03:22:05.580000+00:00,123855.61605080696,426533.0682573715,6.042907468961246,-0.0019436671864241362,-0.022845333209261298,-0.0015006793763294723,0,0.014434877845201784,-0.017813517147600627,-0.0015006793763294723,904_GSL_1
64185,69,2026-02-26 03:22:13.820000+00:00,124266.91979162522,427056.31552047393,7.118568410088122,-0.022805571439675987,0.0006820898852311075,0.028067039160689866,0,0.0166590568400451,-0.015589585000950033,0.028067039160689866,906_GSL_1
64186,159,2026-02-26 03:23:03.640000+00:00,124421.80645907183,426965.6179116868,5.592899837701899,-0.0014915805804776028,-0.00026222190354019403,0.0036739411522841436,0,-0.00017172659515773728,-0.0015046869878049972,0.0036739411522841436,38a_P9_0
64187,162,2026-02-26 03:23:13.010000+00:00,124402.99733467255,426879.6469142439,6.552434105309124,0.0019065442320425063,-0.0008193440153263509,0.0077610620185568635,0,0.0009817388194887772,-0.0018282298582220015,0.0077610620185568635,34a_P7_0
64188,110,2026-02-26 03:23:19.090000+00:00,124434.1405883333,426963.93399910186,8.747343891908553,0.0005024908314226195,0.0019125284161418676,-0.0037164683492356687,0,0.001975213700385027,9.377001666420892e-05,-0.0037164683492356687,35_P9_0
64189,104,2026-02-26 03:23:29.160000+00:00,124389.81622720616,426881.4457143319,10.730363362516162,-0.0008690041140653193,0.0013747637276537716,0.00445149445595483,0,-0.0011653910943537553,0.0011344633331826553,0.00445149445595483,33_P7_0
64190,111,2026-02-26 03:23:34.690000+00:00,124434.26191028327,426963.97753348376,6.4640956483721315,0.00021952395036350936,-0.0005302955978550017,0.002803138757363044,0,-0.00047227223240319937,0.00032613359898742833,0.002803138757363044,36_P9_0
64191,105,2026-02-26 03:23:44.880000+00:00,124389.68746909846,426881.4732559791,7.066738809858186,-0.0012163389037596062,0.0013027649256400764,0.0044429131353957985,0,-0.0010188328916886688,0.0014624145510389384,0.0044429131353957985,34_P7_0
64192,176,2026-02-26 03:23:47.970000+00:00,124446.56415990932,427019.00222313346,7.866803429630165,-0.0030861646228004247,-0.000718008610419929,-0.0516094940170202,0,-0.0013638091941441791,-0.0028600651960453364,-0.0516094940170202,41_LHN_0
64193,153,2026-02-26 03:24:00.380000+00:00,124370.27564465563,426819.49673278985,9.733010430027612,0.0018058507557725534,-0.0023903073742985725,0.006929952914623172,0,0.00183156450068371,-0.0023706618855470875,0.006929952914623172,29_KW_1
64194,109,2026-02-26 03:24:01.100000+00:00,124446.56944385986,427018.96831339225,10.347274538733462,0.00038904589018784463,0.0031229236628860235,-0.038550702734506004,0,0.0031336028984530998,-0.0002907606983274083,-0.038550702734506004,40_LHN_0
64195,65,2026-02-26 03:24:15.690000+00:00,124370.27567887957,426819.4966747109,9.733288867750554,-0.002795611580950208,-0.0017827129922807217,-0.0020903999998989065,0,0.0024547812788935997,0.0022288020542845224,-0.0020903999998989065,30_KW_1
64196,167,2026-02-26 03:24:17.240000+00:00,124669.37465718927,426931.3088336213,13.812258355573505,-0.0015757986839162186,0.002413004171103239,0.0028863907567213687,0,-0.0014541047618859418,-0.0024882343063816047,0.0028863907567213687,908_GSL_1
64197,163,2026-02-26 03:24:32.750000+00:00,124091.05445871291,427154.20556406566,9.871681085743747,-0.028855956508778036,0.002580363885499537,0.014911012748239472,0,0.024691243511287427,-0.015154768150136323,0.014911012748239472,907_GSL_1
64198,151,2026-02-26 03:24:34.790000+00:00,124403.03552367947,426812.8406738932,6.571101360233328,-0.0014616659755120054,0.0029899674700573087,-0.03764394224240064,0,-0.0026394057388317077,0.0020272913559211494,-0.03764394224240064,27_KW_1
64199,108,2026-02-26 03:24:48.960000+00:00,124422.71131050568,427023.83707455324,10.324662481925449,0.0005856656935065985,-0.0017449414590373635,-0.003660002417207764,0,-0.0015603571460122746,0.0009762738227087913,-0.003660002417207764,39_LHN_0
64200,113,2026-02-26 03:24:49.900000+00:00,124414.07922456939,426875.9161115057,7.299240775534044,0.0019899552135029808,0.0008793675224296749,-0.004109169591232309,0,-0.0013257344886634403,-0.0017250034947269193,-0.004109169591232309,32_P7_0
64201,177,2026-02-26 03:25:02.860000+00:00,124422.72773455862,427023.89748948166,7.789921806566927,0.0012287215649848804,-0.00193005584878847,-0.003210813166227844,0,-0.0015904578922893138,0.0016447844711560563,-0.003210813166227844,42_LHN_0
64202,112,2026-02-26 03:25:04.940000+00:00,124413.95294895253,426875.8685145103,10.664814753907041,0.0022143277165014297,0.0012484448379836977,-0.004450853013622691,0,-0.0017420957400459184,-0.0018512061425104557,-0.004450853013622691,31_P7_0
64203,107,2026-02-26 03:25:17.090000+00:00,124409.92117713498,426969.5257508835,6.293560486249005,0.0003596276801545173,0.0013398303999565542,0.004480162818971678,0,0.0013869167030889301,3.0653346864453514e-05,0.004480162818971678,38_P9_0
64204,161,2026-02-26 03:25:20.880000+00:00,124402.99115369275,426879.64615568536,6.544662326272224,-0.00025005383940879256,-0.0013512016157619655,0.00303800544850219,0,0.0013052634953922588,-0.00042960439550498904,0.00303800544850219,34a_P7_0
64205,106,2026-02-26 03:25:32.420000+00:00,124410.03248305508,426969.4511523226,8.929070016426094,0.00027923686138819903,0.001590981672052294,0.005182792087563115,0,0.001611440470776773,-0.00011160427727904003,0.005182792087563115,37_P9_0
64206,160,2026-02-26 03:25:48.520000+00:00,124421.81241840671,426965.61847420654,5.601002049640607,0.0012122460757382214,-0.00016383209731429815,0.008820819753268871,0,0.0004508604649135409,0.0011371483392377025,0.008820819753268871,38a_P9_0
64207,130,2026-02-26 03:30:23.470000+00:00,124898.94102719944,426720.7744002592,4.095733815318993,0.002654202180565335,0.004723560414277017,0.00567108284879847,0,0.0006261160242539106,-0.0053818947339032116,0.00567108284879847,901_GSL_1
64208,153,2026-02-26 03:30:45.090000+00:00,124370.27546523251,426819.4967863008,9.733430692667087,0.0016264276346191764,-0.002336796431336552,0.007350215554097872,0,0.0018270984354830102,-0.002183482475133636,0.007350215554097872,29_KW_1
64209,136,2026-02-26 03:31:15.560000+00:00,123855.61687365852,426533.0712323678,6.049664447099401,0.0011035467323381454,-0.0028761583380401134,0.027371904662662594,0,0.0007876514792668863,-0.0029782053863258912,0.027371904662662594,904_GSL_1
64210,140,2026-02-26 03:31:32.630000+00:00,123928.08644957044,426940.4309120706,7.147594689201718,-0.0010741620208136737,-0.0035266063059680164,0.012020982999374041,0,0.000958646019011985,-0.0035597435152668463,0.012020982999374041,905_GSL_1
64211,145,2026-02-26 03:31:49.650000+00:00,124266.91936514206,427056.31522632093,7.117961136958534,0.0010413892305223271,0.00047971331514418125,0.009994200666887387,0,-0.00040075870289557267,0.0010742480422267304,0.009994200666887387,906_GSL_1
64212,6,2026-02-26 03:31:49.850000+00:00,124399.03758823765,426925.07623698475,8.570328158768517,-0.0015825067239347845,0.0007877698517404497,0.023021462946958948,11,-0.0017656910846980886,-8.511089253239992e-05,0.023021462946958948,TS5
64213,135,2026-02-26 03:32:14.130000+00:00,123855.61444874894,426533.0708536498,6.034801245522324,0.0007984707044670358,-0.005781271494925022,0.01360279840396661,0,0.002585212708424699,-0.005232335120777732,0.01360279840396661,904_GSL_1
64214,66,2026-02-26 03:36:23.600000+00:00,124898.94120696407,426720.77523015684,4.089740544622841,0.0036013003846164793,0.0010250020422972739,0.0074540142190766545,0,0.002926957834370867,-0.002335146993824455,0.0074540142190766545,901_GSL_1
64215,67,2026-02-26 03:36:54.280000+00:00,123855.61428780579,426533.07476649544,6.046980788898316,-0.0037066683580633253,-0.016336209257133305,0.002572640560740247,0,0.012563121088988351,-0.011080573618406761,0.002572640560740247,904_GSL_1
64216,67,2026-02-26 03:37:06.440000+00:00,123855.61489396286,426533.070073701,6.027103418622385,-0.0031005112832644954,-0.021029003721196204,-0.017304729715190703,0,0.014372405290006777,-0.015660974870790118,-0.017304729715190703,904_GSL_1
64217,68,2026-02-26 03:37:10.280000+00:00,123928.08689333538,426940.4340862112,7.143748880580576,-0.022057026479160413,-0.013648794032633305,0.024935599540349962,0,0.021600015101186663,-0.014361105224742909,0.024935599540349962,905_GSL_1
64218,69,2026-02-26 03:37:27.320000+00:00,124266.91999896307,427056.3154916968,7.119171206329498,-0.022598233583266847,0.0006533127743750811,0.02866983540206558,0,0.016491703182261872,-0.015463851551706802,0.02866983540206558,906_GSL_1
64219,159,2026-02-26 03:38:04.830000+00:00,124421.80663328749,426965.6179586135,5.592696778625736,-0.0013173649203963578,-0.00021529517835006118,0.003470882076121562,0,-0.0001353993737821717,-0.0013279568354773745,0.003470882076121562,38a_P9_0
64220,110,2026-02-26 03:38:20.330000+00:00,124434.14067397213,426963.9339808737,8.74723289314765,0.000588129652896896,0.001894300279673189,-0.0038274671101383717,0,0.0019751937778290487,0.00018132726825261558,-0.0038274671101383717,35_P9_0
64221,162,2026-02-26 03:38:25.570000+00:00,124402.99736606627,426879.6468582801,6.553577183066738,0.0019379379518795758,-0.0008753077709116042,0.008904139776171327,0,0.0010402052831736065,-0.0018546536517665944,0.008904139776171327,34a_P7_0
64222,111,2026-02-26 03:38:36.040000+00:00,124434.26187933603,426963.9774963833,6.464241422184198,0.0001885767123894766,-0.0005673960549756885,0.0029489125694297513,0,-0.0005150511040852774,0.0003036804567932131,0.0029489125694297513,36_P9_0
64223,104,2026-02-26 03:38:41.060000+00:00,124389.81631168023,426881.445785152,10.731490596478219,-0.0007845300424378365,0.00144558388274163,0.005578728418011991,0,-0.0012521397018477782,0.001066464400055828,0.005578728418011991,33_P7_0
64224,176,2026-02-26 03:38:52.920000+00:00,124446.56473680124,427019.00189741317,7.8674610942675995,-0.0025092727009905502,-0.0010437289020046592,-0.05095182937958587,0,-0.001558087194606951,-0.002226697959494754,-0.05095182937958587,41_LHN_0
64225,105,2026-02-26 03:38:56.800000+00:00,124389.68761509094,426881.47331027786,7.067629568477672,-0.0010703464213293046,0.0013570637092925608,0.005333671754882197,0,-0.0011025218158815487,0.0013310556029845582,0.005333671754882197,34_P7_0
64226,109,2026-02-26 03:39:06.300000+00:00,124446.56965682936,427018.9683160163,10.347383878707252,0.0006020153959980235,0.0031255477224476635,-0.0384413627607163,0,0.0031819063606495592,-8.332475247074144e-05,-0.0384413627607163,40_LHN_0
64227,153,2026-02-26 03:39:11.650000+00:00,124370.27521337535,426819.4968450932,9.733945646895984,0.001374570478219539,-0.002278004016261548,0.007865169782995451,0,0.0018365718266393641,-0.0019250325252553487,0.007865169782995451,29_KW_1
64228,167,2026-02-26 03:39:22.550000+00:00,124669.37450982271,426931.30949494266,13.812953042016652,-0.001723165245493874,0.0030743255047127604,0.003581077199868332,0,-0.0015684697844940763,-0.0031560542307340726,0.003581077199868332,908_GSL_1
64229,65,2026-02-26 03:39:27.020000+00:00,124370.2756124165,426819.4967911796,9.73421499834442,-0.0028620746452361345,-0.0016662442940287292,-0.0011642694060327585,0,0.0023598805352372586,0.002323532909535639,-0.0011642694060327585,30_KW_1
64230,151,2026-02-26 03:39:40.190000+00:00,124403.03564435469,426812.8406932131,6.571452309794603,-0.001340990755124949,0.0030092873494140804,-0.037292992681125625,0,-0.0026823473335681742,0.0019128720131712704,-0.037292992681125625,27_KW_1
64231,163,2026-02-26 03:39:43.710000+00:00,124091.05612881258,427154.20733098744,9.87217252304538,-0.027185856844880618,0.004347285663243383,0.01540245004987284,0,0.024406066121508745,-0.012740237105357457,0.01540245004987284,907_GSL_1
64232,113,2026-02-26 03:39:55.940000+00:00,124414.07919806235,426875.9161210194,7.299150186962223,0.001963448172318749,0.0008888812153600156,-0.004199758163053957,0,-0.00132869819429115,-0.0016969972448089513,-0.004199758163053957,32_P7_0
64233,177,2026-02-26 03:39:59.300000+00:00,124422.72774581442,427023.8975272862,7.7911986533067115,0.0012399773695506155,-0.001892251311801374,-0.0019339664264430567,0,-0.001551075451971386,0.0016469134301181241,-0.0019339664264430567,42_LHN_0
64234,112,2026-02-26 03:40:10.640000+00:00,124413.95291925808,426875.868627776,10.664879608999454,0.0021846332674613222,0.0013617105432786047,-0.00438599792120975,0,-0.0018449636479355134,-0.0017952680175314568,-0.00438599792120975,31_P7_0
64235,108,2026-02-26 03:40:13.010000+00:00,124422.71240624716,427023.8366979498,10.32552516103719,0.001681407171417959,-0.002121544908732176,-0.0027973233054670033,0,-0.001671177759665857,0.002129612117607656,-0.0027973233054670033,39_LHN_0
64236,107,2026-02-26 03:40:27.780000+00:00,124409.9215626726,426969.52582339675,6.295017440432982,0.0007451653073076159,0.0014123436412774026,0.005937117002948966,0,0.0015490403302515902,0.0003878916749887918,0.005937117002948966,38_P9_0
64237,161,2026-02-26 03:40:32.110000+00:00,124402.99133235484,426879.6460592354,6.54463780426556,-7.139175431802869e-05,-0.0014476515934802592,0.0030134834418378276,0,0.0013040572531858494,-0.0006326346489909615,0.0030134834418378276,34a_P7_0
64238,106,2026-02-26 03:40:42.510000+00:00,124410.03285081912,426969.45110196545,8.930008504054213,0.0006470008956966922,0.0015406245365738869,0.006121279715681993,0,0.001651010324690009,0.00025748597921598863,0.006121279715681993,37_P9_0
64239,160,2026-02-26 03:40:58.110000+00:00,124421.81291798822,426965.6183180145,5.601955450999715,0.0017118275864049792,-0.00032002414809539914,0.00977422111237658,0,0.0005593444137502236,0.001649212832762255,0.00977422111237658,38a_P9_0
64240,130,2026-02-26 03:45:23.220000+00:00,124898.94173573321,426720.7760772791,4.0909499175609625,0.003362735951668583,0.006400580343324691,0.0008871850907681278,0,0.0006327163955950305,-0.007202436516536891,0.0008871850907681278,901_GSL_1
64241,153,2026-02-26 03:45:45.350000+00:00,124370.27524970428,426819.49683371495,9.733811227958725,0.001410899407346733,-0.0022893822751939297,0.007730750845736267,0,0.0018380004508163894,-0.001963074803063359,0.007730750845736267,29_KW_1
64242,135,2026-02-26 03:46:07.500000+00:00,123855.61723174171,426533.06697394466,6.028594198523473,0.0035814634757116437,-0.009660976647865027,0.007395751405115725,0,0.0024605724808688177,-0.010005345245659492,0.007395751405115725,904_GSL_1
64243,136,2026-02-26 03:46:13.180000+00:00,123855.61928811694,426533.0680641389,6.051181876079596,0.0035180051490897313,-0.006044387235306203,0.02888933364285773,0,0.0006830070598449798,-0.006960206795459194,0.02888933364285773,904_GSL_1
64244,140,2026-02-26 03:46:29.300000+00:00,123928.08677061505,426940.43370337744,7.147114369997755,-0.0007531174196628854,-0.0007352994871325791,0.011540663795411632,0,0.0007287510867333253,-0.0007594557506281151,0.011540663795411632,905_GSL_1
64245,145,2026-02-26 03:46:46.200000+00:00,124266.9202550677,427056.31567395834,7.11875462653461,0.001931314865942113,0.0009273507166653872,0.010787690242963777,0,-0.0007166660147052899,0.0020189963562312952,0.010787690242963777,906_GSL_1
64246,6,2026-02-26 03:46:46.400000+00:00,124399.03756997868,426925.07629525295,8.571426299220676,-0.0016007656959118322,0.0008460380486212671,0.024119603399118006,11,-0.0018100532963138257,-4.402564509950435e-05,0.024119603399118006,TS5
64247,66,2026-02-26 03:51:22.490000+00:00,124898.94111003786,426720.77477449673,4.093751780511333,0.003504374180920422,0.0005693419370800257,0.011465250107568714,0,0.003013347297109339,-0.0018773722881260282,0.011465250107568714,901_GSL_1
64248,67,2026-02-26 03:51:56.120000+00:00,123855.61850576423,426533.0691216676,6.048314349260892,0.0005112900835229084,-0.021981037105433643,0.00390620092331595,0,0.01244457399900983,-0.018126223759049428,0.00390620092331595,904_GSL_1
64249,67,2026-02-26 03:52:04.240000+00:00,123855.61772993191,426533.0660644145,6.028197063260402,-0.0002645422355271876,-0.02503829018678516,-0.016211085077173948,0,0.014276613576753555,-0.020570956780181518,-0.016211085077173948,904_GSL_1
64250,68,2026-02-26 03:52:12.100000+00:00,123928.08685157115,426940.433554192,7.146252786229667,-0.02209879070869647,-0.014180813217535615,0.027439505189440716,0,0.021624402621995744,-0.014894201070860627,0.027439505189440716,905_GSL_1
64251,69,2026-02-26 03:52:29.020000+00:00,124266.92052718972,427056.3162357886,7.119707270156539,-0.02207000693306327,0.0013974045286886394,0.029205899229106436,0,0.016641418487080208,-0.01456369239513542,0.029205899229106436,906_GSL_1
64252,159,2026-02-26 03:53:01.980000+00:00,124421.80612754851,426965.617888474,5.592853449904338,-0.0018231038993690163,-0.00028543465305119753,0.0036275533547227568,0,-0.00017488949980427892,-0.00183700692211956,0.0036275533547227568,38a_P9_0
64253,110,2026-02-26 03:53:17.610000+00:00,124434.14056380616,426963.9340043309,8.747423480525416,0.0004779636801686138,0.001917757443152368,-0.0036368797323724777,0,0.001975227669247859,6.86916659013639e-05,-0.0036368797323724777,35_P9_0
64254,162,2026-02-26 03:53:27.150000+00:00,124402.99678064743,426879.64687166584,6.554572842832387,0.0013525191170629114,-0.0008619220461696386,0.009899799541820187,0,0.0009760598188012989,-0.0012726055185388243,0.009899799541820187,34a_P7_0
64255,111,2026-02-26 03:53:32.910000+00:00,124434.26172700424,426963.9775792667,6.464220048707761,3.6244920920580626e-05,-0.00048451265320181847,0.0029275390929921485,0,-0.00046605580475424203,0.00013732513338817693,0.0029275390929921485,36_P9_0
64256,104,2026-02-26 03:53:42.780000+00:00,124389.81588497893,426881.445923488,10.732462388031253,-0.001211231341585517,0.0015839198604226112,0.006550519971046498,0,-0.0012992635103767712,0.0015125467985102694,0.006550519971046498,33_P7_0
64257,176,2026-02-26 03:53:51.240000+00:00,124446.56369169953,427019.00212354906,7.867061465175255,-0.0035543744161259383,-0.000817593012470752,-0.05135145847193012,0,-0.001561587547348941,-0.003295979392535142,-0.05135145847193012,41_LHN_0
64258,105,2026-02-26 03:53:58.400000+00:00,124389.68707491511,426881.4734260142,7.068823069911822,-0.0016105222457554191,0.00147280003875494,0.006527173189032176,0,-0.0011024456891162461,0.0018834902072425639,0.006527173189032176,34_P7_0
64259,109,2026-02-26 03:54:04.550000+00:00,124446.56918419855,427018.9682681005,10.34727393230213,0.00012938458530697972,0.003077631932683289,-0.03855130916583782,0,0.003033599226332791,-0.0005346348454599908,-0.03855130916583782,40_LHN_0
64260,65,2026-02-26 03:54:13.200000+00:00,124370.27421186527,426819.49716892716,9.734835033007283,-0.004262625880073756,-0.0012884967145510018,-0.0005442347431703354,0,0.0023635062019048267,0.003774127927142999,-0.0005442347431703354,30_KW_1
64261,167,2026-02-26 03:54:20.990000+00:00,124669.37454478428,426931.30959613423,13.81101733434533,-0.0016882036725291982,0.003175517078489065,0.0016453695285463255,0,-0.0015285293724310927,-0.0032553860467434905,0.0016453695285463255,908_GSL_1
64262,153,2026-02-26 03:54:28.210000+00:00,124370.27427401984,426819.4972581239,9.735060007584794,0.00043521496991161257,-0.001864973339252174,0.00897953047180522,0,0.001684987307522047,-0.0009101403186576077,0.00897953047180522,29_KW_1
64263,151,2026-02-26 03:54:38.980000+00:00,124403.03565483393,426812.84074996924,6.5710700857198,-0.0013305115135153756,0.0030660434858873487,-0.037675216755928886,0,-0.002740053743293496,0.00191389368273489,-0.037675216755928886,27_KW_1
64264,163,2026-02-26 03:54:45+00:00,124091.05901657659,427154.2111283875,9.873156764992807,-0.024298092830576934,0.008144685707520694,0.016386691997299252,0,0.024356011538897476,-0.007969813196977657,0.016386691997299252,907_GSL_1
64265,113,2026-02-26 03:54:54.340000+00:00,124414.0793666214,426875.91608017066,7.299142957569345,0.0021320072264643386,0.0008480324759148061,-0.004206987555931185,0,-0.0013289417434695161,-0.0018704351729922533,-0.004206987555931185,32_P7_0
64266,108,2026-02-26 03:55:02.050000+00:00,124422.7129500706,427023.8367190947,10.32691744304642,0.0022252306225709617,-0.0021003999863751233,-0.001405041296235865,0,-0.0015238520970608676,0.0026535271268022425,-0.001405041296235865,39_LHN_0
64267,112,2026-02-26 03:55:09.330000+00:00,124413.95293327323,426875.86851481383,10.664734056917416,0.0021986484207445756,0.0012487483909353614,-0.004531550003248341,0,-0.0017386381288184542,-0.0018359098232007297,-0.004531550003248341,31_P7_0
64268,177,2026-02-26 03:55:15.200000+00:00,124422.72904369839,427023.89721287985,7.7915701639979,0.002537861335440539,-0.0022066576639190316,-0.0015624557352547086,0,-0.0015542743075564296,0.0029823329090707855,-0.0015624557352547086,42_LHN_0
64269,107,2026-02-26 03:55:29.180000+00:00,124409.92214382516,426969.5255775619,6.296062765147899,0.0013263178552733734,0.0011665087658911943,0.006982441717865662,0,0.0014484733477465597,0.0010108346625367732,0.006982441717865662,38_P9_0
64270,161,2026-02-26 03:55:30.810000+00:00,124402.99129568295,426879.64613568306,6.544650379443244,-0.00010806364298332483,-0.0013712039217352867,0.0030260586195218764,0,0.0012546153081586,-0.0005637538243339542,0.0030260586195218764,34a_P7_0
64271,106,2026-02-26 03:55:43.880000+00:00,124410.0332819337,426969.4508945148,8.93108552064687,0.0010781154851429164,0.0013331738882698119,0.00719829630833857,0,0.001553333422397432,0.0007258380635737395,0.00719829630833857,37_P9_0
64272,160,2026-02-26 03:55:59.460000+00:00,124421.81315207288,426965.6180613558,5.603043110066856,0.0019459122413536534,-0.0005766828544437885,0.010861880179517058,0,0.00045021686635574775,0.001979000338278962,0.010861880179517058,38a_P9_0
64273,130,2026-02-26 04:00:22.800000+00:00,124898.94144993612,426720.7755018574,4.091870392424467,0.0030769388540647924,0.005825158616062254,0.0018076599542729,0,0.0005910730554195995,-0.006561300043215125,0.0018076599542729,901_GSL_1
64274,153,2026-02-26 04:00:45.440000+00:00,124370.27413682794,426819.4972402035,9.734745036400128,0.0002980230638058856,-0.0018828937318176031,0.008664559287138829,0,0.0017383400206510621,-0.0007824835617961132,0.008664559287138829,29_KW_1
64275,136,2026-02-26 04:01:06.040000+00:00,123855.60963845499,426533.0815470299,6.040974272892806,-0.0061316568026086316,0.007438503787852824,0.018681730456068024,0,0.0006210931433407789,0.009619916686446541,0.018681730456068024,904_GSL_1
64276,140,2026-02-26 04:01:22.210000+00:00,123928.0869138575,426940.43716953736,7.148102437309344,-0.0006098749581724405,0.002730860433075577,0.012528731107000368,0,0.0006985596462161449,0.002709531433702502,0.012528731107000368,905_GSL_1
64277,135,2026-02-26 04:01:28.090000+00:00,123855.61985158725,426533.0631107305,6.028894172450228,0.006201309020980261,-0.013524190813768655,0.007695725331870129,0,0.0024616782338249057,-0.01467310843052788,0.007695725331870129,904_GSL_1
64278,145,2026-02-26 04:01:38.160000+00:00,124266.92154197065,427056.3169058473,7.120000996990839,0.0032182178110815585,0.002159239666070789,0.012034060699193105,0,-0.000761523546367604,0.003799911012566449,0.012034060699193105,906_GSL_1
64279,6,2026-02-26 04:01:38.360000+00:00,124399.03741373289,426925.0762325618,8.569481961977484,-0.0017570114869158715,0.0007833468844182789,0.022175266155926465,11,-0.0019194337821343993,0.00012843544091636845,0.022175266155926465,TS5
64280,66,2026-02-26 04:06:22.590000+00:00,124898.94136909039,426720.77551690786,4.094032962865991,0.0037634267064277083,0.0013117530616000295,0.011746432462226508,0,0.0029658911786243016,-0.0026622483328624528,0.011746432462226508,901_GSL_1
64281,67,2026-02-26 04:06:43.670000+00:00,123855.61044915498,426533.08006279316,6.038346968878526,-0.007545319167547859,-0.011039911536499858,-0.006061179459050159,0,0.01257793885752562,-0.004539486994171794,-0.006061179459050159,904_GSL_1
64282,68,2026-02-26 04:07:00.640000+00:00,123928.08660395304,426940.4340257585,7.147199739796104,-0.022346408819430508,-0.013709246704820544,0.028386458755877975,0,0.02188727092282204,-0.014430966838356441,0.028386458755877975,905_GSL_1
64283,69,2026-02-26 04:07:16.640000+00:00,124266.92011397086,427056.31577754585,7.118218523093725,-0.022483225795440376,0.0009391618077643216,0.02771715216629289,0,0.016611573463390865,-0.0151800228636286,0.02771715216629289,906_GSL_1
64284,162,2026-02-26 04:08:15.290000+00:00,124402.99751440171,426879.6468377635,6.552595744181586,0.002086273394525051,-0.0008958243997767568,0.007922700891018764,0,0.0010735267027388905,-0.002000644508763371,0.007922700891018764,34a_P7_0
64285,104,2026-02-26 04:08:31.040000+00:00,124389.81636591782,426881.44572741,10.73054395858453,-0.0007302924495888874,0.0013878418831154704,0.004632090524323118,0,-0.0012068632732424968,0.0010014555377821017,0.004632090524323118,33_P7_0
64286,105,2026-02-26 04:08:46.650000+00:00,124389.68771327888,426881.47324635874,7.066813036768968,-0.0009721584792714566,0.0012931445962749422,0.004517140046178092,0,-0.0010606117320294144,0.0012216455335227318,0.004517140046178092,34_P7_0
64287,67,2026-02-26 04:08:49.440000+00:00,123855.61463472493,426533.0707687591,6.0332268223666325,-0.0033597492147237062,-0.020333945576567203,-0.011181325970943234,0,0.01419668865782881,-0.014940257315364696,-0.011181325970943234,904_GSL_1
64288,65,2026-02-26 04:09:01.370000+00:00,124370.27559358522,426819.49674403825,9.733340690606571,-0.0028809059294871986,-0.00171338563086465,-0.0020385771438817812,0,0.002410310298592886,0.002329316114035411,-0.0020385771438817812,30_KW_1
64289,153,2026-02-26 04:09:16.670000+00:00,124370.27597480515,426819.4967966227,9.733427789423875,0.0021360002720030025,-0.0023264745250344276,0.007347312310885812,0,0.0016831908100106198,-0.0026724239137395213,0.007347312310885812,29_KW_1
64290,159,2026-02-26 04:09:27.860000+00:00,124421.8063095714,426965.61783546134,5.592650403863551,-0.0016410810058005154,-0.0003384473384357989,0.003424507313936509,0,-0.00023879069428286753,-0.0016585151409671886,0.003424507313936509,38a_P9_0
64291,163,2026-02-26 04:09:33.580000+00:00,124091.05554358015,427154.2065185573,9.872142091557949,-0.027771089269663207,0.003534855495672673,0.015372018562441525,0,0.024390627136897637,-0.01374139405110423,0.015372018562441525,907_GSL_1
64292,110,2026-02-26 04:09:43.460000+00:00,124434.14062483517,426963.9340935915,8.747428894293263,0.0005389926955103874,0.0020070180762559175,-0.003631465964526015,0,0.002075228537630019,0.00010982349856715687,-0.003631465964526015,35_P9_0
64293,108,2026-02-26 04:09:50.120000+00:00,124422.71098108613,427023.8371402799,10.325090661756574,0.00025624614499974996,-0.001679214823525399,-0.0032318225860823446,0,-0.0015732285401243648,0.000640606330684321,-0.0032318225860823446,39_LHN_0
64294,111,2026-02-26 04:09:58.320000+00:00,124434.26182597096,426963.97750208963,6.464128457849708,0.0001352116378257051,-0.0005616897251456976,0.0028359482349396004,0,-0.0005206948030196436,0.00025030872227330305,0.0028359482349396004,36_P9_0
64295,177,2026-02-26 04:10:03.290000+00:00,124422.72716535567,427023.8977186679,7.7898010595071225,0.0006595186132472008,-0.0017008695867843926,-0.003331560226031982,0,-0.0015002729906999134,0.0010378357798052442,-0.003331560226031982,42_LHN_0
64296,176,2026-02-26 04:10:11.610000+00:00,124446.56399496687,427019.0020563616,7.867001084009085,-0.003251107074902393,-0.0008847804856486619,-0.051411839638100254,0,-0.0015621026903600435,-0.0029853590914720777,-0.051411839638100254,41_LHN_0
64297,107,2026-02-26 04:10:17.620000+00:00,124409.9212600292,426969.5257047941,6.29434836597715,0.00044252189400140196,0.0012937409919686615,0.005268042547116991,0,0.001361864435952774,0.00012213369337605876,0.005268042547116991,38_P9_0
64298,109,2026-02-26 04:10:24.960000+00:00,124446.56906287468,427018.9682396731,10.34751884104406,8.060713298618793e-06,0.0030492045334540308,-0.03830640042390776,0,0.002979777825579765,-0.000647021925531603,-0.03830640042390776,40_LHN_0
64299,106,2026-02-26 04:10:32.350000+00:00,124410.03259005878,426969.45106793055,8.929097005214725,0.00038624055741820484,0.0015065896441228688,0.005209780876194614,0,0.0015552608760331654,1.2559118342814196e-05,0.005209780876194614,37_P9_0
64300,167,2026-02-26 04:10:41.020000+00:00,124669.37447997242,426931.31015604705,13.812807431418406,-0.001753015530994162,0.0037354298983700573,0.0034354666016227497,0,-0.001565474103256942,-0.0038178254032335676,0.0034354666016227497,908_GSL_1
64301,160,2026-02-26 04:10:47.870000+00:00,124421.81229748258,426965.61826745165,5.60098145867979,0.0010913219448411837,-0.0003705869894474745,0.00880022879245157,0,0.00021137342976116437,0.0011329781892122585,0.00880022879245157,38a_P9_0
64302,151,2026-02-26 04:10:58.450000+00:00,124403.03590388237,426812.84063857544,6.571547127296137,-0.001081463080481626,0.0029546496807597578,-0.037198175179591786,0,-0.0026804339757396265,0.0016476622324248398,-0.037198175179591786,27_KW_1
64303,113,2026-02-26 04:11:13.320000+00:00,124414.07938587831,426875.9160249954,7.299112943100995,0.002151264139683917,0.0007928572013042867,-0.0042370020242818995,0,-0.0012798986548532311,-0.0019022143343101323,-0.0042370020242818995,32_P7_0
64304,112,2026-02-26 04:11:28.950000+00:00,124413.95303865906,426875.8685001945,10.664991327574077,0.0023040342493914068,0.0012341290712356567,-0.004274279346587306,0,-0.0017496643929147539,-0.0019417319328382727,-0.004274279346587306,31_P7_0
64305,161,2026-02-26 04:11:45.400000+00:00,124402.99125460809,426879.64608547656,6.544929533414406,-0.00014913850463926792,-0.0014214104157872498,0.003305212590683837,0,0.0013183793978017787,-0.0005518384067155338,0.003305212590683837,34a_P7_0
64306,130,2026-02-26 04:15:22.480000+00:00,124898.94054829533,426720.7742941966,4.095636427323304,0.0021752980683231726,0.004617497848812491,0.005573694853109323,0,0.00022521981215540434,-0.0050992630944138575,0.005573694853109323,901_GSL_1
64307,153,2026-02-26 04:15:44.730000+00:00,124370.27551268364,426819.4967118543,9.73312313057728,0.001673878767178394,-0.0024112429236993194,0.007042653464290893,0,0.0018864517935901918,-0.002248835742058777,0.007042653464290893,29_KW_1
64308,136,2026-02-26 04:16:07.070000+00:00,123855.61314624996,426533.0761649994,6.036471552327468,-0.002623861830215901,0.0020564732840284705,0.01417900989072951,0,0.0009248823934760275,0.0032028621310048358,0.01417900989072951,904_GSL_1
64309,140,2026-02-26 04:16:23.210000+00:00,123928.08651610611,426940.4297947488,7.147172830694081,-0.001007626357022673,-0.004643928143195808,0.011599124491737278,0,0.0008557277259599337,-0.004674303106726851,0.011599124491737278,905_GSL_1
64310,135,2026-02-26 04:16:31.780000+00:00,123855.61314045874,426533.07288440585,6.032884667674498,-0.0005098194960737601,-0.003750515461433679,0.011686220556140547,0,0.002527640739349484,-0.0028173239852403876,0.011686220556140547,904_GSL_1
64311,145,2026-02-26 04:16:40.370000+00:00,124266.91891049969,427056.3145005115,7.118711207723365,0.0005867468571523204,-0.00024609611136838794,0.010744271431718744,0,-0.0005897110210358271,0.0002389060109701089,0.010744271431718744,906_GSL_1
64312,6,2026-02-26 04:16:40.570000+00:00,124399.03756817068,426925.0762906593,8.568687060563692,-0.0016025736986193806,0.0008414444164372981,0.021380364742134006,11,-0.001806329626423629,-0.00011595018828953411,0.021380364742134006,TS5
64313,66,2026-02-26 04:21:22.630000+00:00,124898.94172006883,426720.77637662244,4.09316140997978,0.004114405150176026,0.0021714676404371858,0.01087487957601585,0,0.0029579829104011608,-0.0035908130771505667,0.01087487957601585,901_GSL_1
64314,67,2026-02-26 04:21:46.020000+00:00,123855.61089814123,426533.0799855049,6.034990936682899,-0.007096332919900306,-0.011117199785076082,-0.009417211654676905,0,0.01225901550727871,-0.004864834094155382,-0.009417211654676905,904_GSL_1
64315,68,2026-02-26 04:22:02.780000+00:00,123928.08690263702,426940.4321590036,7.144120317679976,-0.02204772483673878,-0.015576001605950296,0.025307036639749647,0,0.021527848085354743,-0.016286981098994447,0.025307036639749647,905_GSL_1
64316,69,2026-02-26 04:22:20.020000+00:00,124266.91949271913,427056.31512593525,7.1174438615024975,-0.023104477528249845,0.00028755120001733303,0.026942490575065037,0,0.01659304600403304,-0.016080124124336743,0.026942490575065037,906_GSL_1
64317,162,2026-02-26 04:23:18.380000+00:00,124402.99727112416,426879.6469619655,6.551794209685717,0.0018429958436172456,-0.0007716224063187838,0.007121166395149814,0,0.000928671420244557,-0.001769068741102106,0.007121166395149814,34a_P7_0
64318,104,2026-02-26 04:23:34.740000+00:00,124389.81662096843,426881.44571340247,10.72975558116347,-0.00047524184628855437,0.0013738343259319663,0.0038437131032633687,0,-0.0012458889176986253,0.0007490236126641416,0.0038437131032633687,33_P7_0
64319,105,2026-02-26 04:23:50.390000+00:00,124389.68780483019,426881.47336458735,7.066149274902083,-0.000880607170984149,0.0014113732031546533,0.0038533781792926547,0,-0.001195402042284544,0.0011569171385512763,0.0038533781792926547,34_P7_0
64320,65,2026-02-26 04:24:05.150000+00:00,124370.27591489296,426819.4968025609,9.732006679957493,-0.0025595981860533357,-0.001654862950090319,-0.0033725877929597914,0,0.0022694014707930047,0.002034682093593913,-0.0033725877929597914,30_KW_1
64321,159,2026-02-26 04:24:10.830000+00:00,124421.80643427181,426965.6178038671,5.5928130532955755,-0.0015163805946940556,-0.0003700415836647153,0.0035871567459606624,0,-0.000277853059465936,-0.0015359487488035553,0.0035871567459606624,38a_P9_0
64322,153,2026-02-26 04:24:20.250000+00:00,124370.27611377888,426819.4968059909,9.732531560969642,0.002274974001920782,-0.0023171063512563705,0.0064510838566533835,0,0.0016376179249184128,-0.0028040499432845306,0.0064510838566533835,29_KW_1
64323,110,2026-02-26 04:24:26.600000+00:00,124434.14060270533,426963.9339449653,8.747550918258487,0.0005168628558749333,0.001858391857240349,-0.003509441999302254,0,0.0019252495893161124,0.00011908621111852425,-0.003509441999302254,35_P9_0
64324,163,2026-02-26 04:24:37.370000+00:00,124091.0547844349,427154.2055063286,9.873083267859238,-0.028530234514619224,0.002522626833524555,0.01631319486373073,0,0.024395460655375945,-0.015006646094727245,0.01631319486373073,907_GSL_1
64325,111,2026-02-26 04:24:42.100000+00:00,124434.26190582506,426963.977489024,6.464208916964264,0.00021506573830265552,-0.0005747553659603,0.002916407349495387,0,-0.0005166753283986111,0.0003311247612547452,0.002916407349495387,36_P9_0
64326,177,2026-02-26 04:24:52.030000+00:00,124422.72732882596,427023.8976207705,7.789059985814671,0.0008229889062931761,-0.0017987670144066215,-0.004072633918483781,0,-0.0015573688302652786,0.0012196211864825516,-0.004072633918483781,42_LHN_0
64327,176,2026-02-26 04:24:55.090000+00:00,124446.56418485125,427019.0019172768,7.867567525297813,-0.003061222698306665,-0.0010238652466796339,-0.05084539834937285,0,-0.0016571799684034156,-0.002770043141236024,-0.05084539834937285,41_LHN_0
64328,108,2026-02-26 04:25:05.870000+00:00,124422.71191027232,427023.8369661519,10.324019327289903,0.0011854323383886367,-0.001853342808317393,-0.004303157052753193,0,-0.0015259721636402602,0.0015847833763118588,-0.004303157052753193,39_LHN_0
64329,109,2026-02-26 04:25:08.850000+00:00,124446.56855550891,427018.96835298155,10.347409764269427,-0.0004993050533812493,0.0031625129631720483,-0.03841547719854077,0,0.002981472272993768,-0.0011668833977448972,-0.03841547719854077,40_LHN_0
64330,107,2026-02-26 04:25:20.790000+00:00,124409.92145249374,426969.5259435489,6.293237098305869,0.0006349864415824413,0.0015324957785196602,0.004156774875835545,0,0.0016395417142224622,0.00025229756142020326,0.004156774875835545,38_P9_0
64331,167,2026-02-26 04:25:25.020000+00:00,124669.3745149378,426931.3110994995,13.811268755697641,-0.0017180501599796116,0.004678882367443293,0.0018967908808580347,0,-0.001483730306924205,-0.004758380074867111,0.0018967908808580347,908_GSL_1
64332,106,2026-02-26 04:25:35.550000+00:00,124410.03259315394,426969.4512157878,8.928209939988616,0.000389335720683448,0.0016544468817301095,0.004322715650085129,0,0.0016995226103654493,-1.999211652607157e-05,0.004322715650085129,37_P9_0
64333,151,2026-02-26 04:25:42.300000+00:00,124403.0358766395,426812.8408431973,6.571792011691277,-0.0011087059538112953,0.00315927155315876,-0.036953290784452086,0,-0.0028755456545113064,0.0017150693360432746,-0.036953290784452086,27_KW_1
64334,160,2026-02-26 04:25:51.150000+00:00,124421.81263349188,426965.6186301553,5.600245883650741,0.0014273312408477068,-7.883354555815458e-06,0.008064653763402596,0,0.0006921589341653247,0.0012482998951510126,0.008064653763402596,38a_P9_0
64335,113,2026-02-26 04:25:57.940000+00:00,124414.07939033263,426875.9160776122,7.299047319048753,0.00215571845183149,0.0008454740163870156,-0.004302626076523985,0,-0.0013320730091722728,-0.001894077573434381,-0.004302626076523985,32_P7_0
64336,112,2026-02-26 04:26:13.460000+00:00,124413.95302910492,426875.868500218,10.664938501407548,0.002294480102136731,0.0012341525871306658,-0.004327105513116436,0,-0.001747400742652915,-0.0019324497902917794,-0.004327105513116436,31_P7_0
64337,161,2026-02-26 04:26:35.030000+00:00,124402.99127028421,426879.6461444359,6.544742459740667,-0.0001334623811999336,-0.0013624510611407459,0.0031181389169452345,0,0.001259136045996757,-0.0005372722949033878,0.0031181389169452345,34a_P7_0
64338,130,2026-02-26 04:30:22.730000+00:00,124898.94168592247,426720.7765677731,4.092582502108706,0.0033129252115031704,0.006891074299346656,0.0025197696385115265,0,0.0003975088075536437,-0.0076357295135466,0.0025197696385115265,901_GSL_1
64339,153,2026-02-26 04:30:45.120000+00:00,124370.27594042178,426819.4968997111,9.732047942468364,0.0021016169048380107,-0.0022233861382119358,0.005967465355375623,0,0.0015927624919434343,-0.0026121537432838874,0.005967465355375623,29_KW_1
64340,136,2026-02-26 04:31:15.790000+00:00,123855.6131147387,426533.0767994579,6.03928277784789,-0.00265537308587227,0.0026909317821264267,0.016990235411151744,0,0.000579261115643178,0.0037358501898679974,0.016990235411151744,904_GSL_1
64341,140,2026-02-26 04:31:32.090000+00:00,123928.08692559764,426940.4311239198,7.1419127648797165,-0.0005981348222121596,-0.0033147571375593543,0.006339058677372833,0,0.000489776940521139,-0.0033324913645915435,0.006339058677372833,905_GSL_1
64342,145,2026-02-26 04:31:48.960000+00:00,124266.91930962275,427056.31451571814,7.117426473600448,0.0009858699195319787,-0.0002308894763700664,0.009459537308801558,0,-0.0008621594424213136,0.0005309713216174706,0.009459537308801558,906_GSL_1
64343,6,2026-02-26 04:31:49.160000+00:00,124399.03722923038,426925.0762125171,8.569808263948314,-0.0019415139977354556,0.0007633022032678127,0.02250156812675641,11,-0.002073810823191634,0.00022674992068233635,0.02250156812675641,TS5
64344,66,2026-02-26 04:36:22.090000+00:00,124898.94208282702,426720.7780678118,4.0911959205101205,0.004477163340197876,0.003862657002173364,0.008909390106356163,0,0.0026401287664834803,-0.00529101415492693,0.008909390106356163,901_GSL_1
64345,67,2026-02-26 04:36:52.780000+00:00,123855.60735695844,426533.0841168277,6.032008518151958,-0.010637515704729594,-0.006985877000261098,-0.012399630185617738,0,0.012714106840301153,0.0005574092612732316,-0.012399630185617738,904_GSL_1
64346,68,2026-02-26 04:37:08.780000+00:00,123928.08664308763,426940.4316709179,7.1476556326716665,-0.022307274222839624,-0.016064087336417288,0.028842351631440444,0,0.021771333157390577,-0.01678327851627664,0.028842351631440444,905_GSL_1
64347,69,2026-02-26 04:37:25.620000+00:00,124266.9190829113,427056.31490403594,7.118432625647058,-0.023514285348937847,6.565189687535167e-05,0.027931254719625542,0,0.016727343282620672,-0.016526400465564223,0.027931254719625542,906_GSL_1
64348,159,2026-02-26 04:38:20.890000+00:00,124421.80653505767,426965.61758362665,5.589705158242062,-0.001415594742866233,-0.0005902820266783237,0.0004792616924467197,0,-0.0005037709406150092,-0.0014486394259586664,0.0004792616924467197,38a_P9_0
64349,162,2026-02-26 04:38:25.230000+00:00,124402.997607636,426879.6469984891,6.552790442843113,0.0021795076900161803,-0.0007350987871177495,0.00811739955254609,0,0.0009215087435160966,-0.0021074737562506054,0.00811739955254609,34a_P7_0
64350,110,2026-02-26 04:38:36.330000+00:00,124434.14061123123,426963.93377369747,8.744500046830806,0.0005253887502476573,0.00168712402228266,-0.006560313426982489,0,0.0017594986097226244,0.00016305044567301586,-0.006560313426982489,35_P9_0
64351,104,2026-02-26 04:38:41.130000+00:00,124389.81638993496,426881.44566837576,10.730972805907472,-0.0007062753138598055,0.0013288076152093709,0.0050609378472650235,0,-0.0011540740397864735,0.0009657471759715952,0.0050609378472650235,33_P7_0
64352,111,2026-02-26 04:38:51.110000+00:00,124434.26180444304,426963.9772782058,6.461130701622125,0.00011368372361175716,-0.0007855735602788627,-0.00016180799264375878,0,-0.0007441005134483698,0.00027634079233677185,-0.00016180799264375878,36_P9_0
64353,105,2026-02-26 04:38:56.960000+00:00,124389.68780891199,426881.47321902757,7.0670924478488875,-0.0008765253733145073,0.0012658134219236672,0.004796551126097448,0,-0.0010539403757833645,0.0011224036856139865,0.004796551126097448,34_P7_0
64354,176,2026-02-26 04:39:08.270000+00:00,124446.56417259666,427019.00154804357,7.86486470686426,-0.003073477288126014,-0.0013930985005572438,-0.053548216782925095,0,-0.002020429929845118,-0.0027027484106863023,-0.053548216782925095,41_LHN_0
64355,65,2026-02-26 04:39:11.690000+00:00,124370.2763792453,426819.4966173309,9.733861852237194,-0.002095245843520388,-0.0018400929984636605,-0.0015174155132591238,0,0.002326073898779628,0.0015379784150632888,-0.0015174155132591238,30_KW_1
64356,109,2026-02-26 04:39:21.670000+00:00,124446.56827300401,427018.968141053,10.344787636520817,-0.0007818099547876045,0.0029505843995139003,-0.04103760494715125,0,0.0027138169138119944,-0.0013972733670859622,-0.04103760494715125,40_LHN_0
64357,153,2026-02-26 04:39:27.030000+00:00,124370.27645725473,426819.49664448906,9.733551956185906,0.0026184498565271497,-0.002478608163073659,0.00747147907291712,0,0.0017031624839606136,-0.0031778948425697697,0.00747147907291712,29_KW_1
64358,167,2026-02-26 04:39:38.160000+00:00,124669.37452580947,426931.31099011126,13.809057059636405,-0.0017071784823201597,0.004569494107272476,-0.0003149051803781333,0,-0.0014782949196408782,-0.004648588914655588,-0.0003149051803781333,908_GSL_1
64359,163,2026-02-26 04:39:43.720000+00:00,124091.05348932215,427154.20383044524,9.870234164435814,-0.029825347271980718,0.0008467434672638774,0.013464091440306802,0,0.024434125838785428,-0.017124304624947555,0.013464091440306802,907_GSL_1
64360,151,2026-02-26 04:39:55.940000+00:00,124403.03657660796,426812.8403438236,6.56809598728963,-0.00040873748366720974,0.0026598978438414633,-0.04064931518609871,0,-0.002525408897164981,0.000929748768403068,-0.04064931518609871,27_KW_1
64361,108,2026-02-26 04:40:00.430000+00:00,124422.71096454526,427023.8369818384,10.325151820618204,0.00023970527399796993,-0.001837656309362501,-0.003170663724452183,0,-0.001731160019253365,0.0006614562097833377,-0.003170663724452183,39_LHN_0
64362,113,2026-02-26 04:40:11.580000+00:00,124414.0796687579,426875.9157900029,7.296324719536239,0.0024341437238035724,0.0005578647251240909,-0.007025225589037731,0,-0.0011186156078891792,-0.002232704154485502,-0.007025225589037731,32_P7_0
64363,177,2026-02-26 04:40:14.090000+00:00,124422.7265107046,427023.8977060248,7.789814816443405,4.86754288431257e-06,-0.0017135126981884241,-0.003317803289749399,0,-0.001665171516467988,0.00040416986598509,-0.003317803289749399,42_LHN_0
64364,112,2026-02-26 04:40:26.260000+00:00,124413.95325595558,426875.86822165473,10.661945148228767,0.0025213307671947405,0.0009555892902426422,-0.007320458691896903,0,-0.0015312317228530071,-0.002219366833166132,-0.007320458691896903,31_P7_0
64365,107,2026-02-26 04:40:27.960000+00:00,124409.92085439197,426969.52580430196,6.294945581220831,3.688466676976532e-05,0.0013932488509453833,0.005865257790797607,0,0.0013620431417324626,-0.00029553564821000865,0.005865257790797607,38_P9_0
64366,161,2026-02-26 04:40:42.390000+00:00,124402.99154607978,426879.6456086588,6.541668959443267,0.00014233318506740034,-0.0018982281908392906,4.463861954473458e-05,0,0.0015966186636996627,-0.0010365026979194706,4.463861954473458e-05,34a_P7_0
64367,106,2026-02-26 04:40:42.810000+00:00,124410.03192143895,426969.4511169207,8.929349668237855,-0.0002823792747221887,0.0015555797726847231,0.005462443899324043,0,0.0014420032548063204,-0.0006482230303733912,0.005462443899324043,37_P9_0
64368,160,2026-02-26 04:40:58.220000+00:00,124421.81188791963,426965.618449248,5.601552870212469,0.0006817589892307296,-0.00018879061099141836,0.009371640325130492,0,0.00016929389684855158,0.0006868600954235522,0.009371640325130492,38a_P9_0
64369,130,2026-02-26 04:45:22.800000+00:00,124898.94164345814,426720.7763549893,4.09020919736181,0.003270460874773562,0.006678290548734367,0.00014646489161584952,0,0.0004404372458528219,-0.007423038058585245,0.00014646489161584952,901_GSL_1
64370,153,2026-02-26 04:45:45.360000+00:00,124370.27628109914,426819.49653490714,9.733361995925742,0.002442294266074896,-0.0025881900801323354,0.007281518812753518,0,0.0018551949750414956,-0.0030367385099113364,0.007281518812753518,29_KW_1
64371,140,2026-02-26 04:46:24.990000+00:00,123928.0865454877,426940.42857683235,7.146572080719211,-0.0009782447596080601,-0.005861844576429576,0.010998374516867138,0,0.0007866648906109902,-0.005890614823411682,0.010998374516867138,905_GSL_1
64372,145,2026-02-26 04:46:41.820000+00:00,124266.91869726434,427056.31444304663,7.118269283172224,0.0003735115024028346,-0.0003035609843209386,0.01030234688057785,0,-0.00047892521775177695,4.7861774210040256e-05,0.01030234688057785,906_GSL_1
64373,6,2026-02-26 04:46:42.020000+00:00,124399.03707685003,426925.0752625523,8.5687615884537,-0.0020938943489454687,-0.0001866625971160829,0.02145489263214273,11,-0.001880405000991138,0.0009398475950681617,0.02145489263214273,TS5
64374,66,2026-02-26 04:51:22.100000+00:00,124898.94310497779,426720.7803049365,4.087383706302744,0.005499314109329134,0.006099781719967723,0.005097175898979955,0,0.0027199700217352333,-0.007749293889457318,0.005097175898979955,901_GSL_1
64375,68,2026-02-26 04:52:03.560000+00:00,123928.08657048782,426940.43281858944,7.142844779039255,-0.022379874033504166,-0.01491641579195857,0.024031497999028595,0,0.021881303737206044,-0.01563863064958815,0.024031497999028595,905_GSL_1
64376,69,2026-02-26 04:52:20.380000+00:00,124266.91981855764,427056.31490733515,7.116332245022903,-0.0227786390169058,6.8951107095927e-05,0.02583087409547069,0,0.016207732741459053,-0.016005641164886498,0.02583087409547069,906_GSL_1
64377,159,2026-02-26 04:53:21.420000+00:00,124421.80628721153,426965.6174792958,5.589867919419358,-0.0016634408821118996,-0.0006946128560230136,0.0006420228697434638,0,-0.0005929533847838591,-0.0017023304237153921,0.0006420228697434638,38a_P9_0
64378,110,2026-02-26 04:53:36.950000+00:00,124434.14032821,426963.93378277426,8.744622879925124,0.00024236751778516918,0.0016962008085101843,-0.006437480332664336,0,0.0017095202390320962,-0.00011567086412572572,-0.006437480332664336,35_P9_0
64379,162,2026-02-26 04:53:40.360000+00:00,124402.99689868305,426879.6457480536,6.551760897323618,0.001470554736442864,-0.0019855342688970268,0.007087854033050789,0,0.0021056930929709504,-0.0012926461867245127,0.007087854033050789,34a_P7_0
64380,111,2026-02-26 04:53:52.030000+00:00,124434.26162898367,426963.97727494425,6.461330349548454,-6.177564500831068e-05,-0.000788835110142827,3.783993368600136e-05,0,-0.000784186684776982,0.00010549078030200176,3.783993368600136e-05,36_P9_0
64381,104,2026-02-26 04:53:55.970000+00:00,124389.8157465967,426881.4447615264,10.729734704985615,-0.001349613579805009,0.00042195827700197697,0.0038228369254085237,0,-0.00013380627500395847,0.001407693675163078,0.0038228369254085237,33_P7_0
64382,176,2026-02-26 04:54:08.820000+00:00,124446.56357639504,427019.00167358475,7.864247573322121,-0.0036696789029520005,-0.0012675573234446347,-0.05416535032506431,0,-0.002025807971253786,-0.003312000435174148,-0.05416535032506431,41_LHN_0
64383,105,2026-02-26 04:54:10.780000+00:00,124389.68715104328,426881.4723772766,7.066050904182292,-0.0015343940758612007,0.0004240624257363379,0.003755007459502302,0,-9.298093615076317e-05,0.0015891974913370152,0.003755007459502302,34_P7_0
64384,109,2026-02-26 04:54:22.180000+00:00,124446.56893402647,427018.96800400276,10.344266872525413,-0.00012078750296495855,0.0028135341708548367,-0.041558368942554935,0,0.0027219351302914395,-0.0007222418555620049,-0.041558368942554935,40_LHN_0
64385,65,2026-02-26 04:54:26.530000+00:00,124370.27495822479,426819.49595951877,9.73266826277134,-0.003516266355291009,-0.0024979051086120307,-0.002711004979113696,0,0.0033342334442396883,0.0027361553962257233,-0.002711004979113696,30_KW_1
64386,167,2026-02-26 04:54:37.910000+00:00,124669.37421573406,426931.3127404429,13.810159188124338,-0.002017253893427551,0.006319825770333409,0.000787223307554541,0,-0.0017011208617883089,-0.006412152435142779,0.000787223307554541,908_GSL_1
64387,153,2026-02-26 04:54:41.880000+00:00,124370.27491471835,426819.4960203025,9.732405767350166,0.0010759134747786447,-0.0031027946970425546,0.006325290237176873,0,0.0027108670643147554,-0.0018536786390362153,0.006325290237176873,29_KW_1
64388,151,2026-02-26 04:54:55.930000+00:00,124403.03745540857,426812.84026172536,6.568375947389571,0.0004700631252489984,0.002577799605205655,-0.04036935508615791,0,-0.0026197876205042137,5.218208284609023e-05,-0.04036935508615791,27_KW_1
64389,163,2026-02-26 04:54:58.820000+00:00,124091.05612727549,427154.2066324864,9.868940079132132,-0.02718739393458236,0.0036487846518866718,0.012170006136624778,0,0.023990305857178117,-0.013301625587463171,0.012170006136624778,907_GSL_1
64390,113,2026-02-26 04:55:11.330000+00:00,124414.07994816605,426875.9156832601,7.295942960201735,0.0027135518757859245,0.0004511218867264688,-0.007406984923541415,0,-0.0010811007575909385,-0.002529445767594407,-0.007406984923541415,32_P7_0
64391,108,2026-02-26 04:55:15.560000+00:00,124422.71254429569,427023.8356654036,10.324255522215385,0.0018194557051174343,-0.0031540911295451224,-0.004066962127271978,0,-0.002643096449787241,0.0025045460813252545,-0.004066962127271978,39_LHN_0
64392,112,2026-02-26 04:55:27.030000+00:00,124413.95360060288,426875.868235707,10.661852155958874,0.002865978065528907,0.0009696415509097278,-0.007413450961790247,0,-0.0016273575615677566,-0.002550635680796394,-0.007413450961790247,31_P7_0
64393,177,2026-02-26 04:55:28.770000+00:00,124422.72789162188,427023.8964411519,7.788925906265579,0.0013857848243787885,-0.0029783856007270515,-0.004206713467575618,0,-0.002573294001247175,0.002041895773354285,-0.004206713467575618,42_LHN_0
64394,107,2026-02-26 04:55:42.730000+00:00,124409.92119305757,426969.5245964781,6.29322410529034,0.0003755502693820745,0.00018542498582974076,0.004143781860307172,0,0.00026942244210170893,0.00032067425511702615,0.004143781860307172,38_P9_0
64395,161,2026-02-26 04:55:43.510000+00:00,124402.9919274097,426879.6456821393,6.5417242972963905,0.0005236631113803014,-0.0018247476546093822,9.997647266857257e-05,0,0.0013490265535888472,-0.0013356849983941332,9.997647266857257e-05,34a_P7_0
64396,106,2026-02-26 04:55:57.460000+00:00,124410.03243624522,426969.4500010444,8.928376853193244,0.0002324270026292652,0.00043970346450805664,0.004489628854713601,0,0.00048269750995363783,0.00011985225127702023,0.004489628854713601,37_P9_0
64397,160,2026-02-26 04:56:13.090000+00:00,124421.81231677331,426965.6171048343,5.600363218674499,0.001110612676711753,-0.0015332043403759599,0.008181988787160144,0,-0.0007928288160914702,0.001719185427868537,0.008181988787160144,38a_P9_0
64398,130,2026-02-26 05:00:22.810000+00:00,124898.94282743416,426720.7795508263,4.091231379532554,0.004454436901141889,0.009874127514194697,0.0011686470623599732,0,0.0002996391803987414,-0.010828232479698673,0.0011686470623599732,901_GSL_1
64399,153,2026-02-26 05:00:45.330000+00:00,124370.27472456716,426819.49606690614,9.731934047747373,0.0008857622888172045,-0.0030561910825781524,0.0058535706343842975,0,0.002715885463959837,-0.0016579640865147147,0.0058535706343842975,29_KW_1
64400,140,2026-02-26 05:01:24.730000+00:00,123928.08644394342,426940.4323383598,7.14642649314598,-0.00107978904270567,-0.0021003170986659825,0.010852786943636339,0,0.0010107535758501138,-0.0021343976903571943,0.010852786943636339,905_GSL_1
64401,145,2026-02-26 05:01:40.800000+00:00,124266.91959544082,427056.31441884214,7.1181328886039115,0.0012716879864456132,-0.00032776547595858574,0.010165952312265247,0,-0.001133206489429457,0.000663674313511848,0.010165952312265247,906_GSL_1
64402,6,2026-02-26 05:01:41+00:00,124399.03737198531,426925.07528631616,8.56828488973239,-0.0017987590690609068,-0.0001628987374715507,0.020978193910831777,11,-0.00180611842209153,2.536253198694643e-06,0.020978193910831777,TS5
64403,66,2026-02-26 05:06:23.520000+00:00,124898.94291921628,426720.77897133445,4.086627994475321,0.005313552595907822,0.0047661796561442316,0.0043414640715564445,0,0.003063144603695174,-0.006447282748644969,0.0043414640715564445,901_GSL_1
64404,68,2026-02-26 05:07:02.620000+00:00,123928.0865739835,426940.43304653134,7.141752898979053,-0.022376378357876092,-0.014688473893329501,0.02293961793882726,0,0.021885247743938994,-0.015410694498180836,0.02293961793882726,905_GSL_1
64405,69,2026-02-26 05:07:18.810000+00:00,124266.91995525183,427056.31463522685,7.116355149208169,-0.02264194482995663,-0.00020315719302743673,0.025853778280736428,0,0.015918997554194233,-0.016102312113402736,0.025853778280736428,906_GSL_1
64406,159,2026-02-26 05:08:22.900000+00:00,124421.80624911166,426965.6174924711,5.590095398267673,-0.0017015407502185553,-0.0006814375519752502,0.0008695017180579967,0,-0.0005775026652106998,-0.0017395656738309377,0.0008695017180579967,38a_P9_0
64407,110,2026-02-26 05:08:38.560000+00:00,124434.14032617441,426963.9336809596,8.744553630916437,0.00024033193767536432,0.0015943861799314618,-0.006506729341351658,0,0.0016095082044864275,-9.648870770256364e-05,-0.006506729341351658,35_P9_0
64408,162,2026-02-26 05:08:39.260000+00:00,124402.99715335028,426879.6460710862,6.551253474283974,0.0017252219695365056,-0.001662501716054976,0.006580430993406772,0,0.0018059765022552104,-0.0015744051808093094,0.006580430993406772,34a_P7_0
64409,111,2026-02-26 05:08:53.660000+00:00,124434.26168035147,426963.9772206627,6.461486409619454,-1.0407849913462996e-05,-0.0008431166643276811,0.0001939000046853323,0,-0.0008264522453802212,0.00016712486084615713,0.0001939000046853323,36_P9_0
64410,104,2026-02-26 05:08:54.540000+00:00,124389.81603848316,426881.4448382848,10.729281091630533,-0.0010577271168585867,0.0004987166612409055,0.0033692235703259854,0,-0.0002692469609888872,0.001137985516575454,0.0033692235703259854,33_P7_0
64411,176,2026-02-26 05:09:06.800000+00:00,124446.56361590986,427019.0016731392,7.865174182632075,-0.0036301640793681145,-0.0012680028448812664,-0.05323874101511006,0,-0.0020177600886183427,-0.003273311271868356,-0.05323874101511006,41_LHN_0
64412,105,2026-02-26 05:09:10.370000+00:00,124389.68731552732,426881.4723818991,7.065457910926555,-0.0013699100381927565,0.00042868492892012,0.00316201420376494,0,-0.0001319728448895441,0.0014293381157851658,0.00316201420376494,34_P7_0
64413,109,2026-02-26 05:09:20.410000+00:00,124446.56799463174,427018.9681593633,10.344267192706829,-0.0010601822286844254,0.002968894725199789,-0.04155804876113933,0,0.0026719129111733683,-0.0016730820788121727,-0.04155804876113933,40_LHN_0
64414,65,2026-02-26 05:09:25.220000+00:00,124370.27518713655,426819.4959395037,9.73128458978865,-0.0032873546006157994,-0.002517920162063092,-0.0040946779618025175,0,0.003293388885736939,0.0025100222827732213,-0.0040946779618025175,30_KW_1
64415,167,2026-02-26 05:09:36.660000+00:00,124669.37452263615,426931.3123338311,13.80840097251443,-0.0017103518039220944,0.005913213943131268,-0.0009709923023528688,0,-0.0014147767375314588,-0.005990810397046583,-0.0009709923023528688,908_GSL_1
64416,153,2026-02-26 05:09:40.170000+00:00,124370.27527879212,426819.49591365096,9.731204359265531,0.0014399872452486306,-0.0032094462658278644,0.005123882152542336,0,0.002718061988366295,-0.0022329907360115553,0.005123882152542336,29_KW_1
64417,151,2026-02-26 05:09:53.970000+00:00,124403.03680656363,426812.84038966097,6.5685602364436315,-0.00017878181824926287,0.0027057352126576006,-0.04018506603209726,0,-0.0026160792478048325,0.0007135091791677849,-0.04018506603209726,27_KW_1
64418,163,2026-02-26 05:09:57.330000+00:00,124091.05627103253,427154.2065248685,9.870519533672937,-0.02704363688826561,0.0035411667195148766,0.013749460677429326,0,0.023810736931525616,-0.013302141356091594,0.013749460677429326,907_GSL_1
64419,113,2026-02-26 05:10:09.190000+00:00,124414.07976540763,426875.9157186549,7.296214741362036,0.002530793455662206,0.00048651674296706915,-0.007135203763240838,0,-0.0010721940621185384,-0.0023435046297303704,-0.007135203763240838,32_P7_0
64420,177,2026-02-26 05:10:12.880000+00:00,124422.72828597963,427023.8963885143,7.788297649359402,0.0017801425710786134,-0.0030310231959447265,-0.0048349703737526895,0,-0.0025325598771512663,0.0024376524888435024,-0.0048349703737526895,42_LHN_0
64421,112,2026-02-26 05:10:23.870000+00:00,124413.95357893473,426875.86814190116,10.661941471568351,0.002844309914507903,0.0008758357143960893,-0.0073241353523130215,0,-0.0015310920345052513,-0.002552047074458901,-0.0073241353523130215,31_P7_0
64422,108,2026-02-26 05:10:26.580000+00:00,124422.71221784048,427023.83595035784,10.323253722356691,0.001493000498157926,-0.0028691368643194437,-0.005068761985965509,0,-0.0024420934106882345,0.0021206547590708236,-0.005068761985965509,39_LHN_0
64423,161,2026-02-26 05:10:39.770000+00:00,124402.99190031516,426879.64564724424,6.54159311800194,0.0004965685657225549,-0.0018596427398733795,-3.120282178148415e-05,0,0.001392646440722011,-0.0013286787992482757,-3.120282178148415e-05,34a_P7_0
64424,107,2026-02-26 05:10:41.530000+00:00,124409.92159033171,426969.52485283767,6.292745497330972,0.0007728244090685621,0.00044178456300869584,0.0036651739009387896,0,0.0006129067687268149,0.0006455822644820807,0.0036651739009387896,38_P9_0
64425,106,2026-02-26 05:10:56.370000+00:00,124410.03266115373,426969.450248705,8.927845712173239,0.00045733551087323576,0.0006873640813864768,0.003958487834708535,0,0.0007771792196301213,0.00027859937268607447,0.003958487834708535,37_P9_0
64426,160,2026-02-26 05:11:12.080000+00:00,124421.81260519319,426965.61747849855,5.599904695879099,0.0013990325533086434,-0.0011595400865189731,0.007723465991760214,0,-0.0003258009152090901,0.0017876462348883934,0.007723465991760214,38a_P9_0
64427,130,2026-02-26 05:15:22.280000+00:00,124898.9425230589,426720.7786306127,4.088389760994758,0.004150061635300517,0.008953913929872215,-0.0016729714754362135,0,0.0003738916162347398,-0.009861835087835441,-0.0016729714754362135,901_GSL_1
64428,153,2026-02-26 05:15:45.470000+00:00,124370.27478884366,426819.4960487956,9.731356044965272,0.0009500387823209167,-0.003074301639571786,0.005275567852283558,0,0.0027164590324830523,-0.0017247476870049197,0.005275567852283558,29_KW_1
64429,140,2026-02-26 05:16:26.870000+00:00,123928.08673876511,426940.43214052916,7.143662912061895,-0.0007849673565942794,-0.0022981477668508887,0.00808920585955164,0,0.0007096402541436802,-0.0023225132117814166,0.00808920585955164,905_GSL_1
64430,145,2026-02-26 05:16:43.100000+00:00,124266.91951805809,427056.314493188,7.117646624846192,0.0011943052522838116,-0.00025341962464153767,0.00967968855454604,0,-0.0010259124054340148,0.0006618838857101375,0.00967968855454604,906_GSL_1
64431,6,2026-02-26 05:16:43.300000+00:00,124399.03775787042,426925.0752597273,8.568882496196476,-0.00141287395672407,-0.00018948758952319622,0.021575800374918686,11,-0.0014242059460473741,6.128447940339017e-05,0.021575800374918686,TS5
64432,66,2026-02-26 05:21:22.910000+00:00,124898.94292998018,426720.779234675,4.08754610805912,0.005324316502083093,0.005029520194511861,0.005259577655356118,0,0.0029714686947283097,-0.006694385214312559,0.005259577655356118,901_GSL_1
64433,68,2026-02-26 05:22:01.910000+00:00,123928.0869614268,426940.4332405421,7.144212252447137,-0.021988935055560432,-0.014494463161099702,0.025398971406911386,0,0.02150433993979647,-0.015204147163185614,0.025398971406911386,905_GSL_1
64434,69,2026-02-26 05:22:19.050000+00:00,124266.92059955282,427056.3149412767,7.117092387797972,-0.021997643838403746,0.0001028926344588399,0.02659101687053944,0,0.01567765767883242,-0.015431071610255557,0.02659101687053944,906_GSL_1
64435,159,2026-02-26 05:23:23.650000+00:00,124421.80628515208,426965.617431452,5.589904473003934,-0.001665500327362679,-0.000742456701118499,0.0006785764543186801,0,-0.0006405857225821851,-0.0017072736235017557,0.0006785764543186801,38a_P9_0
64436,110,2026-02-26 05:23:39.210000+00:00,124434.14043990131,426963.9336567908,8.744611003714624,0.00035405883681960404,0.0015702173695899546,-0.006449356543164697,0,0.0016095182757097286,1.9777963707855068e-05,-0.006449356543164697,35_P9_0
64437,162,2026-02-26 05:23:40.010000+00:00,124402.9975911976,426879.64600077784,6.551806262245293,0.0021630692936014384,-0.0017328100511804223,0.007133218954725962,0,0.0019140078824956572,-0.002004513224735076,0.007133218954725962,34a_P7_0
64438,111,2026-02-26 05:23:54.690000+00:00,124434.26167603598,426963.97722383303,6.461530284264798,-1.4723336789757013e-05,-0.0008399463258683681,0.00023777465002972065,0,-0.0008242603082114433,0.0001622391792791498,0.00023777465002972065,36_P9_0
64439,104,2026-02-26 05:23:55.560000+00:00,124389.81645932372,426881.4447466182,10.729746946773048,-0.0006368865579133853,0.0004070500726811588,0.0038350787128411667,0,-0.00026656714962413193,0.0007072879216145023,0.0038350787128411667,33_P7_0
64440,176,2026-02-26 05:24:08.490000+00:00,124446.56367838416,427019.00160783675,7.865131725456044,-0.0035676897823577747,-0.0013333053211681545,-0.053281198191140966,0,-0.002068128069203378,-0.00319827449603196,-0.053281198191140966,41_LHN_0
64441,105,2026-02-26 05:24:11.260000+00:00,124389.68769267292,426881.4723999681,7.066298728592771,-0.0009927644423441961,0.0004467539256438613,0.004002831869980739,0,-0.00022869552384360627,0.0010643630327266547,0.004002831869980739,34_P7_0
64442,109,2026-02-26 05:24:25.810000+00:00,124446.56820621729,427018.9681111423,10.344373533362818,-0.0008485966827720404,0.002920673694461584,-0.041451708105149976,0,0.0026702601786756995,-0.0014560775177546044,-0.041451708105149976,40_LHN_0
64443,65,2026-02-26 05:24:26.870000+00:00,124370.27581534053,426819.4958550396,9.732620707260473,-0.002659150617546402,-0.002602384251076728,-0.0027585604899798,0,0.0032097845888390147,0.0018816930382772722,-0.0027585604899798,30_KW_1
64444,153,2026-02-26 05:24:42.010000+00:00,124370.27598679875,426819.495854495,9.73210698743517,0.002147993873222731,-0.003268602245952934,0.006026510322181267,0,0.0025890190901040958,-0.0029316579733535617,0.006026510322181267,29_KW_1
64445,167,2026-02-26 05:24:42.100000+00:00,124669.37447008392,426931.31154687004,13.81041456471962,-0.0017629040376050398,0.005126252886839211,0.0010425999028367272,0,-0.001506320373461535,-0.005207427218706585,0.0010425999028367272,908_GSL_1
64446,163,2026-02-26 05:24:58.510000+00:00,124091.05710403298,427154.20710429625,9.87023024913341,-0.0262106364389183,0.0041205944726243615,0.013460176137902735,0,0.02348831228101978,-0.012340014081445354,0.013460176137902735,907_GSL_1
64447,151,2026-02-26 05:24:59.660000+00:00,124403.0370223272,426812.8403445332,6.56862473788845,3.698175714816898e-05,0.0026606074534356594,-0.040120564587279084,0,-0.002614779372013162,0.0004930806296475302,-0.040120564587279084,27_KW_1
64448,108,2026-02-26 05:25:14.490000+00:00,124422.7128251039,427023.83576458634,10.324035065354591,0.002100263911415823,-0.0030549083603546023,-0.0042874189880652835,0,-0.0024812081681230796,0.002754483547636371,-0.0042874189880652835,39_LHN_0
64449,113,2026-02-26 05:25:14.910000+00:00,124414.07968975266,426875.9158446247,7.296079896343377,0.0024551384849473834,0.0006124865030869842,-0.0072700487818995185,0,-0.0011766561245757738,-0.002240161838178612,-0.0072700487818995185,32_P7_0
64450,177,2026-02-26 05:25:27.500000+00:00,124422.72825145394,427023.8965124172,7.7886782692934755,0.0017456168861826882,-0.0029071203316561878,-0.004454350439679011,0,-0.0024201274508038576,0.0023751863206747698,-0.004454350439679011,42_LHN_0
64451,112,2026-02-26 05:25:29.680000+00:00,124413.95335595208,426875.86814354715,10.661901579579645,0.0026213272649329156,0.0008774817106314003,-0.007364027341019153,0,-0.0014793253795810488,-0.0023351503599769916,-0.007364027341019153,31_P7_0
64452,107,2026-02-26 05:25:41.480000+00:00,124409.92191348947,426969.5247391767,6.29335579181249,0.0010959821665892377,0.0003281235694885254,0.0042754683824570705,0,0.0005793541945807228,0.0009865042846117055,0.0042754683824570705,38_P9_0
64453,161,2026-02-26 05:25:45.730000+00:00,124402.99194860413,426879.64556672686,6.541539635485366,0.0005448575393529609,-0.0019401601166464388,-8.468533835603864e-05,0,0.0014400782924296847,-0.0014097040569169442,-8.468533835603864e-05,34a_P7_0
64454,106,2026-02-26 05:25:56.120000+00:00,124410.03297928745,426969.4500324863,8.92848809917266,0.000775469234213233,0.0004711453802883625,0.004600874834128632,0,0.0006438134312725048,0.0006394018832404604,0.004600874834128632,37_P9_0
64455,160,2026-02-26 05:26:11.810000+00:00,124421.81291723603,426965.61724690045,5.600275222336678,0.001711075397906825,-0.001391138182953,0.008093992449339282,0,-0.0003749197439778652,0.0021731266983237188,0.008093992449339282,38a_P9_0
64456,130,2026-02-26 05:30:24.630000+00:00,124898.94369378086,426720.78110731026,4.085580056319874,0.005320783602655865,0.01143061148468405,-0.004482676150320053,0,0.0004983409200457568,-0.012598463135934095,-0.004482676150320053,901_GSL_1
64457,153,2026-02-26 05:30:45+00:00,124370.27529425395,426819.49604346097,9.732134363755216,0.001455449077184312,-0.0030796362552791834,0.006053886642227724,0,0.002588744957397861,-0.0022137956153750514,0.006053886642227724,29_KW_1
64458,140,2026-02-26 05:31:25.100000+00:00,123928.08694074237,426940.43275800126,7.145849085724035,-0.0005829900910612196,-0.0016806756611913443,0.010275379521691441,0,0.0005278972678321708,-0.001698785624795507,0.010275379521691441,905_GSL_1
64459,145,2026-02-26 05:31:42.120000+00:00,124266.92049693518,427056.3148308757,7.116450962461942,0.002173182350816205,8.426810381934047e-05,0.008484026170295422,0,-0.0014824106488298503,0.0015913143345851625,0.008484026170295422,906_GSL_1
64460,6,2026-02-26 05:31:42.320000+00:00,124399.03731948916,426925.0752510414,8.569092136660522,-0.001851255219662562,-0.00019817351130768657,0.02178544083896483,11,-0.0018611695844530274,-4.9662932040341275e-05,0.02178544083896483,TS5
64461,66,2026-02-26 05:36:22.040000+00:00,124898.94327006862,426720.7797516399,4.089121806106164,0.005664404932758771,0.00554648507386446,0.006835275702399279,0,0.003085759336484292,-0.007302538547256232,0.006835275702399279,901_GSL_1
64462,68,2026-02-26 05:37:02.540000+00:00,123928.0864300155,426940.4322236176,7.147772864324029,-0.022520346363307908,-0.015511387609876692,0.028959583283802992,0,0.02200228987978183,-0.016237868885824947,0.028959583283802992,905_GSL_1
64463,69,2026-02-26 05:37:19.440000+00:00,124266.91973741927,427056.3144392318,7.117679749264598,-0.022859777382109314,-0.00039915222441777587,0.0271783783371653,0,0.015935383799626984,-0.016394886020233264,0.0271783783371653,906_GSL_1
64464,159,2026-02-26 05:38:21.510000+00:00,124421.80623800425,426965.6175385629,5.590044801921312,-0.0017126481543527916,-0.0006353457574732602,0.000818905371697376,0,-0.000530824528350594,-0.0017478710628214724,0.000818905371697376,38a_P9_0
64465,110,2026-02-26 05:38:37.310000+00:00,124434.14041360306,426963.93371351215,8.744682107818887,0.000327760586515069,0.0016269386978819966,-0.006378252438901555,0,0.0016595305915807657,-1.7741035659254976e-05,-0.006378252438901555,35_P9_0
64466,162,2026-02-26 05:38:40.600000+00:00,124402.99724956018,426879.6459398377,6.552251237147431,0.0018214318697573617,-0.0017937502125278115,0.007578193856863535,0,0.0019450826792762712,-0.0016588572126288658,0.007578193856863535,34a_P7_0
64467,111,2026-02-26 05:38:52.570000+00:00,124434.261631525,426963.97732655343,6.461348907151997,-5.923431308474392e-05,-0.0007372259278781712,5.6397537228747296e-05,0,-0.000733197125968802,9.712233035476738e-05,5.6397537228747296e-05,36_P9_0
64468,104,2026-02-26 05:38:56.660000+00:00,124389.81614737283,426881.4447131733,10.729996198825518,-0.0009488374489592388,0.0003736051730811596,0.004084330765310895,0,-0.00016935366476859126,0.0010055807606204124,0.004084330765310895,33_P7_0
64469,176,2026-02-26 05:39:06.560000+00:00,124446.56345757893,427019.00175334176,7.864522990713931,-0.0037884950143052265,-0.001187800313346088,-0.05388993293325406,0,-0.001973417894274434,-0.003445168482434216,-0.05388993293325406,41_LHN_0
64470,105,2026-02-26 05:39:11.760000+00:00,124389.68739203236,426881.4722724399,7.066130433582975,-0.0012934050027979538,0.00031922577181831,0.0038345368601850893,0,-4.0985722204023345e-05,0.001331586183929221,0.0038345368601850893,34_P7_0
64471,109,2026-02-26 05:39:19.960000+00:00,124446.56834278298,427018.968175489,10.34487672192792,-0.0007120309892343357,0.002985020400956273,-0.04094851954004852,0,0.0027624359961812726,-0.0013365187206908686,-0.04094851954004852,40_LHN_0
64472,65,2026-02-26 05:39:26.510000+00:00,124370.27532952653,426819.49585807096,9.732721075335618,-0.0031449646194232628,-0.0025993529125116765,-0.0026581924148345593,0,0.003334534783376866,0.0023512370785730738,-0.0026581924148345593,30_KW_1
64473,167,2026-02-26 05:39:36.900000+00:00,124669.37432916542,426931.31252105127,13.81004404648619,-0.001903822529129684,0.006100434111431241,0.0006720816694070209,0,-0.0015987174854686789,-0.00618740163331849,0.0006720816694070209,908_GSL_1
64474,153,2026-02-26 05:39:41.810000+00:00,124370.27531391905,426819.4959089558,9.732249895029558,0.0014751141716260463,-0.0032141414121724665,0.006169417916568776,0,0.00271335932772622,-0.0022681155163296086,0.006169417916568776,29_KW_1
64475,151,2026-02-26 05:39:54.220000+00:00,124403.03708711828,426812.8403279225,6.568793036291755,0.00010177283547818661,0.002643996733240783,-0.03995226618397396,0,-0.002611390769890111,0.0004262800515646224,-0.03995226618397396,27_KW_1
64476,163,2026-02-26 05:39:58.920000+00:00,124091.05591352688,427154.2062551809,9.869913784701335,-0.02740114253538195,0.0032714791013859212,0.013143711705827954,0,0.02393657388282778,-0.013731919694895171,0.013143711705827954,907_GSL_1
64477,113,2026-02-26 05:40:10.150000+00:00,124414.07982316105,426875.9157534381,7.296292801450425,0.0025885468785418198,0.0005212998948991299,-0.007057143674851218,0,-0.0011196684865376763,-0.0023913742917169765,-0.007057143674851218,32_P7_0
64478,177,2026-02-26 05:40:14.370000+00:00,124422.72785145455,427023.89639475493,7.789275772527635,0.0013456174929160625,-0.003024782577995211,-0.00385684720551982,0,-0.0026277808650440413,0.0020136444091977744,-0.00385684720551982,42_LHN_0
64479,112,2026-02-26 05:40:24.820000+00:00,124413.95356936513,426875.8680987666,10.662078595874497,0.002834740313119255,0.000832701160106808,-0.0071870110461667025,0,-0.0014869207439726503,-0.0025530786446975144,-0.0071870110461667025,31_P7_0
64480,108,2026-02-26 05:40:28.080000+00:00,124422.7119010204,427023.83592457644,10.324198589494806,0.001176180419861339,-0.0028949182596988976,-0.004123894847850806,0,-0.0025410129217290508,0.001818572363698866,-0.004123894847850806,39_LHN_0
64481,161,2026-02-26 05:40:41.880000+00:00,124402.99186175075,426879.6456159979,6.541508948003293,0.000458004156826064,-0.001890889077913016,-0.00011537282042883845,0,0.0014385745470814784,-0.001309859757809976,-0.00011537282042883845,34a_P7_0
64482,107,2026-02-26 05:40:43.470000+00:00,124409.92139137056,426969.5247543229,6.293630436844703,0.0005738632607972249,0.00034326978493481874,0.00455011341466971,0,0.00046990084193775864,0.0004757587477789622,0.00455011341466971,38_P9_0
64483,106,2026-02-26 05:40:58.210000+00:00,124410.03267303106,426969.45014676236,8.928554656341182,0.0004692128422902897,0.0005854214541614056,0.00466743200265185,0,0.0006810855743059025,0.0003146448964070224,0.00466743200265185,37_P9_0
64484,160,2026-02-26 05:41:13.860000+00:00,124421.81257126405,426965.6173748991,5.60070609437283,0.0013651034096255898,-0.0012631395366042852,0.008524864485491612,0,-0.00043274132572701567,0.0018088017450545331,0.008524864485491612,38a_P9_0
64485,130,2026-02-26 05:45:22.620000+00:00,124898.9425735345,426720.77794114815,4.089775387206446,0.004200537237920798,0.008264449366834015,-0.0002873452637484064,0,0.0006864838596111069,-0.00924523533148918,-0.0002873452637484064,901_GSL_1
64486,153,2026-02-26 05:45:45.610000+00:00,124370.27519354937,426819.49588876567,9.732144928536876,0.0013547444978030398,-0.0032343315542675555,0.006064451423887007,0,0.002764480081305005,-0.0021572860582978475,0.006064451423887007,29_KW_1
64487,140,2026-02-26 05:46:26.040000+00:00,123928.08646250526,426940.43293706,7.14471946486173,-0.0010612272017169744,-0.0015016169054433703,0.00914575865938616,0,0.001011716745479226,-0.0015354106067414952,0.00914575865938616,905_GSL_1
64488,145,2026-02-26 05:46:42.910000+00:00,124266.91977320887,427056.31453315914,7.116500072600999,0.0014494560309685767,-0.0002134484820999205,0.00853313630935304,0,-0.0011787632199348524,0.0008700576484065632,0.00853313630935304,906_GSL_1
64489,6,2026-02-26 05:46:43.110000+00:00,124399.03719700461,426925.0752792804,8.569658425771765,-0.0019737397669814527,-0.00016993447206914425,0.0223517299502074,11,-0.001980615024951536,-4.1115878899082306e-05,0.0223517299502074,TS5
64490,66,2026-02-26 05:51:22.150000+00:00,124898.94342556296,426720.7804615224,4.085768215498745,0.005819899277412333,0.006256367603782564,0.003481685094980591,0,0.0029553148866592253,-0.008017448291917756,0.003481685094980591,901_GSL_1
64491,68,2026-02-26 05:52:02.710000+00:00,123928.08629672273,426940.4319126635,7.148255579288967,-0.02265363912738394,-0.015822341723833233,0.029442298248740784,0,0.022125367484749806,-0.016553005074737052,0.029442298248740784,905_GSL_1
64492,69,2026-02-26 05:52:20.530000+00:00,124266.91984067795,427056.31475716707,7.117476996293981,-0.02275651870877482,-8.121697464957833e-05,0.026975625366548073,0,0.01608620938538828,-0.01609657129792664,0.026975625366548073,906_GSL_1
64493,159,2026-02-26 05:53:21.220000+00:00,124421.80618589677,426965.61737327056,5.589875532198991,-0.0017647556378506124,-0.0008006381103768945,0.0006496356493759237,0,-0.0006926707404006405,-0.0018098594118069599,0.0006496356493759237,38a_P9_0
64494,110,2026-02-26 05:53:37.220000+00:00,124434.14039387186,426963.9338199582,8.744773309176239,0.0003080293827224523,0.001733384735416621,-0.0062870510815500324,0,0.0017595461901900836,-5.9177243795958505e-05,-0.0062870510815500324,35_P9_0
64495,162,2026-02-26 05:53:42.330000+00:00,124402.9969434178,426879.6459071627,6.55269740219059,0.0015152894920902327,-0.0018264251993969083,0.008024358900023287,0,0.0019510643135482871,-0.0013510289775683798,0.008024358900023287,34a_P7_0
64496,111,2026-02-26 05:53:52.180000+00:00,124434.26163853404,426963.9772159418,6.461218024210494,-5.2225281251594424e-05,-0.0008478375384584069,-7.448540427468231e-05,0,-0.0008398613911313615,0.00012723527540707078,-7.448540427468231e-05,36_P9_0
64497,104,2026-02-26 05:53:57.860000+00:00,124389.81592952178,426881.44476029027,10.730536691979546,-0.00116668849659618,0.00042072212090715766,0.004624823919339605,0,-0.00017041376127792228,0.0012284658322792633,0.004624823919339605,33_P7_0
64498,176,2026-02-26 05:54:08.970000+00:00,124446.56324227554,427019.0017504948,7.864638984333509,-0.0040037983999354765,-0.0011906472500413656,-0.053773939313676244,0,-0.0020224196438599737,-0.0036548408016610313,-0.053773939313676244,41_LHN_0
64499,105,2026-02-26 05:54:12.730000+00:00,124389.68725343826,426881.4723493808,7.066868428125979,-0.0014319991023512557,0.0003961666370742023,0.004572531403188584,0,-8.716651240745186e-05,0.0014832300673126224,0.004572531403188584,34_P7_0
64500,109,2026-02-26 05:54:22.260000+00:00,124446.56796389924,427018.9682026058,10.345189842788733,-0.001090914724045433,0.0030121371964924037,-0.04063539867923538,0,0.0027075457386119017,-0.0017123847403421846,-0.04063539867923538,40_LHN_0
64501,65,2026-02-26 05:54:27.530000+00:00,124370.27520406658,426819.4958321702,9.73300375864855,-0.003270424567745067,-0.002625253691803664,-0.002375509101902651,0,0.003392495708704809,0.0024654830492337057,-0.002375509101902651,30_KW_1
64502,167,2026-02-26 05:54:38.460000+00:00,124669.37422195477,426931.31299639,13.809242252319947,-0.0020110331824980676,0.006575772829819471,-0.00012971249683602082,0,-0.001682205396765088,-0.00666747536730318,-0.00012971249683602082,908_GSL_1
64503,153,2026-02-26 05:54:42.540000+00:00,124370.27522775643,426819.4959332943,9.733360155190237,0.0013889515539631248,-0.0031898029264993966,0.007279678077248164,0,0.0027125281344983054,-0.002178582164784206,0.007279678077248164,29_KW_1
64504,151,2026-02-26 05:54:55.580000+00:00,124403.03709706376,426812.8404381404,6.5682977141279055,0.00011171831283718348,0.0027542146272026002,-0.04044758834782325,0,-0.0027213840434660505,0.0004384610382785612,-0.04044758834782325,27_KW_1
64505,163,2026-02-26 05:54:59.130000+00:00,124091.05561874555,427154.20572831004,9.8684449710262,-0.027695923869032413,0.0027446082676760852,0.01167489803069266,0,0.023858567049340296,-0.01433059146910443,0.01167489803069266,907_GSL_1
64506,113,2026-02-26 05:55:10.680000+00:00,124414.07981332985,426875.91575754044,7.296242168726609,0.0025787156773731112,0.0005254022544249892,-0.0071077763986675535,0,-0.0011213251399032694,-0.0023808511092266223,-0.0071077763986675535,32_P7_0
64507,108,2026-02-26 05:55:16.140000+00:00,124422.7124719351,427023.83578632644,10.324779910400181,0.0017470951133873314,-0.0030331682646647096,-0.003542573942475258,0,-0.0025423743322362195,0.0024059891545427747,-0.003542573942475258,39_LHN_0
64508,112,2026-02-26 05:55:25.440000+00:00,124413.95365524452,426875.868125423,10.661994198097622,0.002920619706856087,0.0008593575330451131,-0.007271408823042336,0,-0.0015333553764745203,-0.002630082913353531,-0.007271408823042336,31_P7_0
64509,177,2026-02-26 05:55:29.390000+00:00,124422.72795445698,427023.896468885,7.789476055387888,0.0014486199215753004,-0.002950652502477169,-0.003656564345266844,0,-0.0025316798366468917,0.0020965321538853575,-0.003656564345266844,42_LHN_0
64510,161,2026-02-26 05:55:41.310000+00:00,124402.99191280261,426879.6455742997,6.541754535067343,0.0005090560152893886,-0.0019325872999615967,0.0001302142436214737,0,0.0014506303559985998,-0.0013746647842039674,0.0001302142436214737,34a_P7_0
64511,107,2026-02-26 05:55:43.610000+00:00,124409.92137322099,426969.524710748,6.294299767624426,0.0005557136901188642,0.000299694889690727,0.005219444194392686,0,0.00042326104473944427,0.00046849207068886035,0.005219444194392686,38_P9_0
64512,106,2026-02-26 05:55:58.340000+00:00,124410.03249708333,426969.4500842194,8.929244616563086,0.0002932651113951579,0.0005228784866631031,0.005357392224555113,0,0.0005780627818521836,0.0001589017231310784,0.005357392224555113,37_P9_0
64513,160,2026-02-26 05:56:14.740000+00:00,124421.81243844998,426965.6171727556,5.601186058656902,0.0012322893453529105,-0.001465283043216914,0.009004828769563211,0,-0.0006740236413077715,0.0017920054571254904,0.009004828769563211,38a_P9_0
