,Id,Timestamp,Easting,Northing,Height,EastingDiff,NorthingDiff,HeightDiff,Type,LongitudinalDisplacement,TransverseDisplacement,HeightDisplacement,Name
59478,130,2026-02-24 18:00:23.330000+00:00,124898.9388752865,426720.7648584178,4.12036233099072,0.000502289243740961,-0.004818280984181911,0.030299598520525883,0,0.002322472785127803,0.004251381691785339,0.030299598520525883,901_GSL_1
59479,133,2026-02-24 18:00:24.040000+00:00,124806.22507720711,426258.5136336614,4.596606216629165,0.0031811135850148275,0.002149848034605384,0.008449112444599116,0,-0.00017631669787469026,-0.0038353934132906217,0.008449112444599116,903_GSL_1
59480,153,2026-02-24 18:00:41.470000+00:00,124370.27692256232,426819.4989309281,9.734260908357168,0.0030837574449833483,-0.00019216910004615784,0.008180431244179331,0,-0.0006252029245198944,-0.003025823895350579,0.008180431244179331,29_KW_1
59481,132,2026-02-24 18:00:51.200000+00:00,124806.22142030476,426258.5051094595,4.610878999963617,0.007286016989382915,-3.22909327223897e-05,0.02824682575329618,0,0.0036722380291384403,-0.006292992462355408,0.02824682575329618,903_GSL_1
59482,136,2026-02-24 18:00:59.260000+00:00,123855.6179798604,426533.07555152505,6.0378308826410105,0.0022097486071288586,0.001442998938728124,0.015538340204272139,0,-0.0026363293270708554,-0.00012248478723724166,0.015538340204272139,904_GSL_1
59483,135,2026-02-24 18:01:11.100000+00:00,123855.614835053,426533.0715924643,6.062984241961471,0.0011847747664432973,-0.0050424570217728615,0.04178579484311307,0,0.0018507045594026424,-0.004837866957392843,0.04178579484311307,904_GSL_1
59484,5,2026-02-24 18:01:11.300000+00:00,124424.61879872181,426919.14062415133,8.780175649968317,-0.0010865821095649153,-0.005113377410452813,-0.027069096435551998,11,-0.0052273937650785945,4.0541921181556846e-05,-0.027069096435551998,TS4
59485,140,2026-02-24 18:01:15.570000+00:00,123928.08862624358,426940.43262321234,7.146600178612284,0.0011025111161870882,-0.0018154645804315805,0.011026472409940702,0,-0.001161091349611049,-0.0017785694481734767,0.011026472409940702,905_GSL_1
59486,145,2026-02-24 18:01:32.790000+00:00,124266.921190512,427056.31691653456,7.117595694613048,0.00286675916868262,0.002169926941860467,0.00962875832140142,0,-0.0005046789668962876,0.0035598019895227715,0.00962875832140142,906_GSL_1
59487,6,2026-02-24 18:01:32.990000+00:00,124399.03845772958,426925.07815780235,8.570680938419455,-0.0007130148005671799,0.0027085874462500215,0.023374242597897776,11,-0.0028008505257509217,-8.508361290847261e-06,0.023374242597897776,TS5
59488,66,2026-02-24 18:06:23.860000+00:00,124898.94056135442,426720.7688472003,4.112424265664887,0.0029556907393271104,-0.005357954476494342,0.030137735261122955,0,0.00479409428075506,0.003802689041449673,0.030137735261122955,901_GSL_1
59489,71,2026-02-24 18:06:25.080000+00:00,124806.22632415463,426258.514555416,4.596752969647983,-0.0014377808547578752,-0.0005507160676643252,0.005249306498715356,0,-0.00027955882114909724,0.0015140504743930009,0.005249306498715356,903_GSL_1
59490,67,2026-02-24 18:06:43.200000+00:00,123855.61633241185,426533.07758735993,6.039492263866929,-0.001662062291870825,-0.013515344762708992,-0.004915884470646503,0,0.009254666995553653,-0.009988900536012667,-0.004915884470646503,904_GSL_1
59491,71,2026-02-24 18:06:46.730000+00:00,124806.22299369134,426258.50528199004,4.610090593392636,-0.004768244150909595,-0.009824142034631222,0.01858693024336855,0,0.0061218161289499215,0.009042858302695021,0.01858693024336855,903_GSL_1
59492,68,2026-02-24 18:06:59.830000+00:00,123928.08858764917,426940.43408062914,7.1483481105114866,-0.020362712690257467,-0.013654376089107245,0.029534829471260515,0,0.019906480238819555,-0.014311327645967816,0.029534829471260515,905_GSL_1
59493,67,2026-02-24 18:07:09.660000+00:00,123855.62203257438,426533.0601020533,6.055242679427673,0.004038100232719444,-0.03100065141916275,0.010834531090097244,0,0.014063525220236999,-0.027920671558572585,0.010834531090097244,904_GSL_1
59494,69,2026-02-24 18:07:16.850000+00:00,124266.92094634521,427056.3171990031,7.118789511367313,-0.021650851442245767,0.0023606190807186067,0.028288140439880927,0,0.017023087334402744,-0.013584785174000552,0.028288140439880927,906_GSL_1
59495,159,2026-02-24 18:07:47.220000+00:00,124421.80829621991,426965.61396354914,5.6173671344025085,0.0003455675032455474,-0.004210359533317387,0.028141237852893575,0,-0.004223541784491101,9.076945385803221e-05,0.028141237852893575,38a_P9_0
59496,162,2026-02-24 18:07:55.830000+00:00,124402.9977658844,426879.64925035124,6.553709142561619,0.002337756086490117,0.0015167633537203074,0.009036099271051867,0,-0.0013081929851577973,-0.0024605498785219516,0.009036099271051867,34a_P7_0
59497,110,2026-02-24 18:08:04.910000+00:00,124434.14231227421,426963.9298761992,8.77243558869817,0.002226431737653911,-0.0022103742230683565,0.021375228440382088,0,-0.001699139064493704,0.002637362115438287,0.021375228440382088,35_P9_0
59498,104,2026-02-24 18:08:13.430000+00:00,124389.81706183037,426881.4476747209,10.73173623029318,-3.4379903809167445e-05,0.003335152752697468,0.005824362232973002,0,-0.0032559712697553867,0.0007232405907710921,0.005824362232973002,33_P7_0
59499,111,2026-02-24 18:08:23.260000+00:00,124434.26333288534,426963.9733832855,6.489107658019801,0.0016421260224888101,-0.004680493846535683,0.02781514840503263,0,-0.004230601078488826,0.002589520232761754,0.02781514840503263,36_P9_0
59500,105,2026-02-24 18:08:30.340000+00:00,124389.68851496333,426881.47552492074,7.068175436308871,-0.00017047402798198164,0.0035717065911740065,0.005879539586080895,0,-0.0034565919699806073,0.0009154896617208888,0.005879539586080895,34_P7_0
59501,176,2026-02-24 18:08:36.770000+00:00,124446.56629844278,427018.99765021505,7.892082955140935,-0.0009476311679463834,-0.005290927016176283,-0.0263299685062508,0,-0.005371007123615704,0.00021022844488045582,-0.0263299685062508,41_LHN_0
59502,65,2026-02-24 18:08:45.910000+00:00,124370.27636258525,426819.4992083455,9.734333400140644,-0.0021119058947078884,0.000750921608414501,-0.0010458676098092923,0,-0.00016946225004864588,0.00223501953367173,-0.0010458676098092923,30_KW_1
59503,109,2026-02-24 18:08:50.160000+00:00,124446.57151117259,427018.9640596914,10.371986714991808,0.0024563586193835363,-0.0011307771783322096,-0.01383852647616024,0,-0.0005768711197078392,0.00264188841651266,-0.01383852647616024,40_LHN_0
59504,153,2026-02-24 18:09:01.310000+00:00,124370.27670598075,426819.49916747597,9.734410841921784,0.0028671758773270994,4.4378743041306734e-05,0.008330364808795565,0,-0.0007964984925128845,-0.002754679134814988,0.008330364808795565,29_KW_1
59505,167,2026-02-24 18:09:06.070000+00:00,124669.3754810821,426931.3028805653,13.837323722887131,-0.000751905856304802,-0.003540051868185401,0.027951758070347665,0,-0.0009267218971215026,0.0034983590684182103,0.027951758070347665,908_GSL_1
59506,163,2026-02-24 18:09:18.560000+00:00,124091.05666301335,427154.2085557701,9.871479561920227,-0.0266516560659511,0.0055720683303661644,0.014709488924719238,0,0.024708650344114638,-0.011438588842523427,0.014709488924719238,907_GSL_1
59507,151,2026-02-24 18:09:22.990000+00:00,124403.03539614075,426812.83773516247,6.59659751523251,-0.0015892046940280125,5.123671144247055e-05,-0.012147787243218744,0,0.000265980255554974,0.001567625996140348,-0.012147787243218744,27_KW_1
59508,108,2026-02-24 18:09:36.560000+00:00,124422.71238087087,427023.8389391091,10.325710235865866,0.0016560308868065476,0.00011961441487073898,-0.002612248476790313,0,0.0005023253885247617,0.0015825343946801274,-0.002612248476790313,39_LHN_0
59509,113,2026-02-24 18:09:38.830000+00:00,124414.08005269394,426875.91239811684,7.3238152911320595,0.002818079767166637,-0.002834021346643567,0.02046534600678296,0,0.0020856383704334976,-0.0034093053772170203,0.02046534600678296,32_P7_0
59510,177,2026-02-24 18:09:49.810000+00:00,124422.72818912218,427023.8995414184,7.790429446282408,0.0016832851251820102,0.00012188090477138758,-0.0027031734507465544,0,0.0005109014897401036,0.0016085034769587074,-0.0027031734507465544,42_LHN_0
59511,112,2026-02-24 18:09:55.550000+00:00,124413.9534780102,426875.8645994289,10.689326351778496,0.002743385382927954,-0.0026666365447454154,0.02006074485783138,0,0.0019324599558891648,-0.003301925550329591,0.02006074485783138,31_P7_0
59512,107,2026-02-24 18:10:03.910000+00:00,124409.92235940816,426969.5277449403,6.295036397150042,0.0015419008559547365,0.003333887201733887,0.0059560737200090585,0,0.0036049292210937798,0.000704803117461289,0.0059560737200090585,38_P9_0
59513,161,2026-02-24 18:10:12.920000+00:00,124402.9923623385,426879.6426112142,6.569180519694622,0.0009585919033270329,-0.0048956727841869,0.027556198870899884,0,0.003833537454290862,-0.0031922564172543527,0.027556198870899884,34a_P7_0
59514,106,2026-02-24 18:10:18.810000+00:00,124410.03359098623,426969.4528510599,8.930078999075743,0.0013871680130250752,0.0032897189958021045,0.006191774737212441,0,0.00352677375046488,0.0005552954895666167,0.006191774737212441,37_P9_0
59515,160,2026-02-24 18:10:34.790000+00:00,124421.81328848077,426965.620558534,5.602061264310715,0.0020823201339226216,0.0019204953568987548,0.009880034423376038,0,0.0026942252342493614,0.0008749342507544065,0.009880034423376038,38a_P9_0
59516,133,2026-02-24 18:15:22.940000+00:00,124806.22505367383,426258.51380850293,4.601687431977574,0.003157580300467089,0.002324689587112516,0.013530327793008112,0,-0.0003377901334029417,-0.0039064552801872455,0.013530327793008112,903_GSL_1
59517,130,2026-02-24 18:15:39.570000+00:00,124898.9380731408,426720.76299318223,4.119390784777138,-0.00029985645960550755,-0.0066835165489465,0.029328052306943242,0,0.0023021157085464238,0.006281685332844417,0.029328052306943242,901_GSL_1
59518,153,2026-02-24 18:15:40.440000+00:00,124370.27697821512,426819.499149717,9.734826062599906,0.0031394102406920865,2.661976031959057e-05,0.008745585486916951,0,-0.0008509249564602634,-0.0030220079400085824,0.008745585486916951,29_KW_1
59519,136,2026-02-24 18:15:57.840000+00:00,123855.61804660296,426533.07530657074,6.0379315414530765,0.0022764911700505763,0.0011980446288362145,0.01563899901633814,0,-0.0025471522267865275,-0.0003601923285940145,0.01563899901633814,904_GSL_1
59520,132,2026-02-24 18:16:04.170000+00:00,124806.21669414022,426258.50171401363,4.6171747480496785,0.002559852451668121,-0.0034277368104085326,0.03454257383935744,0,0.004248534513036726,-0.0005021739810829943,0.03454257383935744,903_GSL_1
59521,140,2026-02-24 18:16:13.670000+00:00,123928.08864346349,426940.43403254775,7.145914782575073,0.0011197310232091695,-0.0004061291692778468,0.010341076372728963,0,-0.0011323718460440055,-0.00036942180331195763,0.010341076372728963,905_GSL_1
59522,135,2026-02-24 18:16:25.410000+00:00,123855.61389493529,426533.0724052864,6.049195519242458,0.0002446570579195395,-0.00422963488381356,0.02799707212410052,0,0.0021722940134659904,-0.003637417634177056,0.02799707212410052,904_GSL_1
59523,5,2026-02-24 18:16:25.610000+00:00,124424.61889566918,426919.14173638227,8.791565424814571,-0.000989634747384116,-0.004001146473456174,-0.015679321589297857,11,-0.004119460813946409,-0.00013635482257988904,-0.015679321589297857,TS4
59524,145,2026-02-24 18:16:30.140000+00:00,124266.92129813072,427056.31762514665,7.118884839396757,0.0029743778868578374,0.0028785390313714743,0.01091790310511076,0,-8.1652711646577e-05,0.0041383865942706075,0.01091790310511076,906_GSL_1
59525,6,2026-02-24 18:16:30.340000+00:00,124399.03845352118,426925.0779480864,8.571119995024697,-0.0007172231998993084,0.002498871472198516,0.023813299203139238,11,-0.0025991280149299883,5.745707134445178e-05,0.023813299203139238,TS5
59526,71,2026-02-24 18:21:23.830000+00:00,124806.22396518497,426258.51289391227,4.599427854593227,-0.0037967505195410922,-0.00221221981337294,0.007924191443959394,0,-9.142640359515833e-05,0.00439327579637803,0.007924191443959394,903_GSL_1
59527,66,2026-02-24 18:21:26.870000+00:00,124898.94180476734,426720.7724938584,4.127099626998912,0.004199103655992076,-0.001711296383291483,0.04481309659514743,0,0.004534235979794585,-4.136308461384153e-05,0.04481309659514743,901_GSL_1
59528,67,2026-02-24 18:21:43.430000+00:00,123855.61633805599,426533.0783016942,6.040306738618761,-0.0016564181569265202,-0.012801010510884225,-0.004101409718814786,0,0.008832189846820299,-0.009412864267590854,-0.004101409718814786,904_GSL_1
59529,68,2026-02-24 18:21:59.820000+00:00,123928.08864290091,426940.43240888714,7.146446313886976,-0.020307460945332423,-0.015326118096709251,0.027633032846750005,0,0.019796719702401405,-0.015980386571827116,0.027633032846750005,905_GSL_1
59530,69,2026-02-24 18:22:16.680000+00:00,124266.92121101198,427056.31733662833,7.11974543904889,-0.021386184671428055,0.0024982442846521735,0.02924406812145719,0,0.01693231690129046,-0.013300630197870141,0.02924406812145719,906_GSL_1
59531,162,2026-02-24 18:22:56.070000+00:00,124402.99784935254,426879.6490963767,6.554196367943787,0.0024212242278736085,0.0013627888401970267,0.00952332465321959,0,-0.0011475553595363347,-0.0025303432339125733,0.00952332465321959,34a_P7_0
59532,104,2026-02-24 18:23:13.230000+00:00,124389.81710178584,426881.4473906878,10.731896279964415,5.575566319748759e-06,0.0030511196819134057,0.005984411904208287,0,-0.002986337138816399,0.0006254221723164543,0.005984411904208287,33_P7_0
59533,71,2026-02-24 18:23:17.880000+00:00,124806.231966892,426258.51137837005,4.625863454224666,0.004204956509056501,-0.0037277620285749435,0.03435979107539833,0,0.005331210063855246,-0.0017765326452926105,0.03435979107539833,903_GSL_1
59534,105,2026-02-24 18:23:29.890000+00:00,124389.68845227033,426881.475337658,7.068326873453337,-0.00023316702572628856,0.0033844438730739057,0.0060309767305470885,0,-0.0032603464870508978,0.0009375329200878306,0.0060309767305470885,34_P7_0
59535,67,2026-02-24 18:23:42.810000+00:00,123855.61895705477,426533.0667239304,6.062014606187586,0.000962580626946874,-0.024378774280194193,0.017606457850010138,0,0.012890780314559567,-0.020714221678590654,0.017606457850010138,904_GSL_1
59536,153,2026-02-24 18:23:45.720000+00:00,124370.27667560345,426819.4989683476,9.735163645080746,0.002836798579664901,-0.00015474960673600435,0.009083167967757433,0,-0.0005963891343352648,-0.0027777137402584485,0.009083167967757433,29_KW_1
59537,65,2026-02-24 18:24:01.570000+00:00,124370.27684567495,426819.49886506645,9.734698673069461,-0.0016288162005366758,0.00040764256846159697,-0.0006805946809915753,0,3.4781556689376025e-05,0.001678691431462901,-0.0006805946809915753,30_KW_1
59538,163,2026-02-24 18:24:18.930000+00:00,124091.05732675067,427154.2094901018,9.872808902618761,-0.02598791875061579,0.006506400008220226,0.016038829623253648,0,0.024733857355237466,-0.010292786910567104,0.016038829623253648,907_GSL_1
59539,159,2026-02-24 18:24:22.200000+00:00,124421.80876746881,426965.61519028497,5.628631380097252,0.0008168164058588445,-0.0029836237081326544,0.039405483547636955,0,-0.0030274934728083853,0.0006352029161724898,0.039405483547636955,38a_P9_0
59540,108,2026-02-24 18:24:36.690000+00:00,124422.7128480634,427023.8386083855,10.326599818704361,0.002123223413946107,-0.00021110923262313008,-0.0017226656382955952,0,0.00028960894394727674,0.002113946885144807,-0.0017226656382955952,39_LHN_0
59541,110,2026-02-24 18:24:46.400000+00:00,124434.14057729092,426963.9314803021,8.784774783851397,0.0004914484452456236,-0.0006062713218852878,0.03371442359360799,0,-0.0004908357937675791,0.0006067674296066207,0.03371442359360799,35_P9_0
59542,177,2026-02-24 18:24:49.820000+00:00,124422.72857660038,427023.89918655594,7.790889862484345,0.0020707633229903877,-0.00023298157611861825,-0.0022427572488092906,0,0.00025613597303027517,0.002068026962583598,-0.0022427572488092906,42_LHN_0
59543,111,2026-02-24 18:25:03.400000+00:00,124434.26407294952,426963.97455824836,6.500424138858076,0.0023821901995688677,-0.0035055309999734163,0.039131629243307486,0,-0.00292629071625583,0.0030660072378667865,0.039131629243307486,36_P9_0
59544,107,2026-02-24 18:25:04.690000+00:00,124409.92240981283,426969.52753257955,6.295685006913464,0.0015923055325401947,0.0031215264461934566,0.0066046834834310175,0,0.0034106475366240726,0.0008042683906280348,0.0066046834834310175,38_P9_0
59545,106,2026-02-24 18:25:19.440000+00:00,124410.03362782187,426969.4526829808,8.930481858587443,0.0014240036543924361,0.003121639892924577,0.006594634248912712,0,0.0033724858249595973,0.0006314755650599328,0.006594634248912712,37_P9_0
59546,176,2026-02-24 18:25:22.280000+00:00,124446.56714772375,427018.998650253,7.903694190442314,-9.835019591264427e-05,-0.004290889075491577,-0.01471873320487127,0,-0.004211971258333471,0.0008250454158298078,-0.01471873320487127,41_LHN_0
59547,160,2026-02-24 18:25:36.100000+00:00,124421.81320675182,426965.6203793918,5.602323146207931,0.0020005911792395636,0.001741353189572692,0.010141916320592692,0,0.002498009173519278,0.0008914180648268624,0.010141916320592692,38a_P9_0
59548,109,2026-02-24 18:25:36.500000+00:00,124446.57185859863,427018.9651670662,10.383437488686289,0.0028037846641382203,-2.340239007025957e-05,-0.002387752781679353,0,0.00057928198272244,0.002743389964844741,-0.002387752781679353,40_LHN_0
59549,151,2026-02-24 18:27:07.150000+00:00,124403.03572818701,426812.838607942,6.607383508434682,-0.0012571584375109524,0.0009240162326022983,-0.0013617940410464158,0,-0.0006554163212549041,0.0014158682074791467,-0.0013617940410464158,27_KW_1
59550,113,2026-02-24 18:27:23.670000+00:00,124414.07974140352,426875.9134017528,7.335269008263349,0.0025067893438972533,-0.001830385357607156,0.0319190631380728,0,0.0011843443774000992,-0.0028690820426994184,0.0319190631380728,32_P7_0
59551,112,2026-02-24 18:27:41.680000+00:00,124413.95333024132,426875.8656205597,10.700789095746355,0.00259561650454998,-0.0016455057193525136,0.031523488825691004,0,0.0009763940719231453,-0.0029140296373625697,0.031523488825691004,31_P7_0
59552,161,2026-02-24 18:27:59.750000+00:00,124402.9916554457,426879.6439192862,6.580856214953155,0.00025169910804834217,-0.003587600775063038,0.03923189412943273,0,0.0030257878637059148,-0.0019439237552114118,0.03923189412943273,34a_P7_0
59553,130,2026-02-24 18:30:21.220000+00:00,124898.93703182918,426720.7617524758,4.126125034346697,-0.0013411680847639218,-0.007924222969450057,0.03606230187650272,0,0.001820163965428356,0.007828093295311787,0.03606230187650272,901_GSL_1
59554,133,2026-02-24 18:30:24.020000+00:00,124806.22528673889,426258.5135844929,4.59935012746024,0.003390645360923372,0.0021006795577704906,0.011193023275674285,0,-2.512869481508472e-05,-0.003988571062007408,0.011193023275674285,903_GSL_1
59555,153,2026-02-24 18:30:42.430000+00:00,124370.27664229204,426819.49882366695,9.73531962351083,0.0028034871647832915,-0.00029943027766421437,0.009239146397840514,0,-0.0004480401012071336,-0.002783605367503991,0.009239146397840514,29_KW_1
59556,132,2026-02-24 18:30:54.730000+00:00,124806.21463326606,426258.50170599733,4.626872764965331,0.0004989782901247963,-0.0034357531112618744,0.044240590755009634,0,0.003224680920453629,0.001286394860384576,0.044240590755009634,903_GSL_1
59557,136,2026-02-24 18:30:59.420000+00:00,123855.61650723101,426533.0771473796,6.037157974389844,0.0007371192186838016,0.003038853465113789,0.014865431953105634,0,-0.0023756360826811206,0.002033304779822887,0.014865431953105634,904_GSL_1
59558,140,2026-02-24 18:31:16.170000+00:00,123928.08864629641,426940.4343668198,7.149893866874268,0.0011225639464100823,-7.185712456703186e-05,0.01432016067192432,0,-0.0011243094727712885,-3.523449400186e-05,0.01432016067192432,905_GSL_1
59559,135,2026-02-24 18:31:20.830000+00:00,123855.61562382271,426533.0719861563,6.06294475093638,0.001973544480279088,-0.004648765025194734,0.041746303818022135,0,0.0009769560019967593,-0.004954942082938646,0.041746303818022135,904_GSL_1
59560,5,2026-02-24 18:31:21.030000+00:00,124424.61875324011,426919.1432432322,8.790447153122415,-0.001132063815020956,-0.0024942965246737003,-0.01679759328145458,11,-0.0026931435989916886,-0.0005000611857455013,-0.01679759328145458,TS4
59561,145,2026-02-24 18:31:32.650000+00:00,124266.92108488567,427056.3172761368,7.1193411843725904,0.0027611328405328095,0.002529529156163335,0.011374248080944227,0,-0.0001763155253257178,0.0037404926347311914,0.011374248080944227,906_GSL_1
59562,6,2026-02-24 18:31:32.850000+00:00,124399.03852290603,426925.07807982806,8.569673432105713,-0.0006478383438661695,0.0026306131621822715,0.02236673628415531,11,-0.002707250170470764,-0.00010303709679475351,0.02236673628415531,TS5
59563,66,2026-02-24 18:36:22.420000+00:00,124898.94060624487,426720.77144457103,4.127296496589236,0.0030005811859155074,-0.0027605837676674128,0.045009966185471484,0,0.0038333696313819234,0.001389095914894914,0.045009966185471484,901_GSL_1
59564,71,2026-02-24 18:36:22.640000+00:00,124806.22603996273,426258.51424417464,4.599075773775933,-0.001721972759696655,-0.000861957436427474,0.00757211062666574,0,-0.00016210560632193272,0.00191882322785319,0.00757211062666574,903_GSL_1
59565,67,2026-02-24 18:36:39.850000+00:00,123855.61674699886,426533.07712265756,6.0365983163189245,-0.0012474752875277773,-0.013980047137010843,-0.007809832018651264,0,0.009190284971403792,-0.01060832572512869,-0.007809832018651264,904_GSL_1
59566,68,2026-02-24 18:36:56.250000+00:00,123928.08856138425,426940.43260790774,7.1459966400920525,-0.020388977602124214,-0.015127097489312291,0.02718335905182645,0,0.019884689470065563,-0.015784125277953948,0.02718335905182645,905_GSL_1
59567,71,2026-02-24 18:37:08.560000+00:00,124806.22476556085,426258.50919977896,4.6266674599759465,-0.002996374634676613,-0.0059063531225547194,0.03516379682667914,0,0.0036156352485683806,0.005548914300018983,0.03516379682667914,903_GSL_1
59568,69,2026-02-24 18:37:13.450000+00:00,124266.92199005828,427056.3180343515,7.11770903910822,-0.020607138372724876,0.0031959674670360982,0.027207668180787792,0,0.016871416279253607,-0.01225657671191755,0.027207668180787792,906_GSL_1
59569,67,2026-02-24 18:37:39.940000+00:00,123855.61828198965,426533.0689483072,6.057846274275505,0.00028751550416927785,-0.02215439750580117,0.013438125937929257,0,0.012200577908183435,-0.018494482764233582,0.013438125937929257,904_GSL_1
59570,162,2026-02-24 18:37:53.290000+00:00,124402.99789836217,426879.64917888696,6.5526871229221175,0.002470233856001869,0.0014452990726567805,0.00801407963155043,0,-0.001225506310468941,-0.00258632538474207,0.00801407963155043,34a_P7_0
59571,104,2026-02-24 18:38:11.190000+00:00,124389.81725432203,426881.4475502062,10.730332322315377,0.00015811175398994237,0.0032106380676850677,0.004420454255170014,0,-0.0031739476007265465,0.0005091686913592389,0.004420454255170014,33_P7_0
59572,159,2026-02-24 18:38:21.850000+00:00,124421.80804568162,426965.61661892914,5.627616504505502,9.50292160268873e-05,-0.0015549795352853835,0.03839060795588711,0,-0.0015578802720820535,9.822996378205466e-07,0.03839060795588711,38a_P9_0
59573,105,2026-02-24 18:38:27.710000+00:00,124389.68846619866,426881.47542870516,7.066921535315683,-0.0002192387037212029,0.0034754910157062113,0.004625638592893111,0,-0.0033522894670364616,0.0009430051636445798,0.004625638592893111,34_P7_0
59574,110,2026-02-24 18:38:38.990000+00:00,124434.14168075235,426963.93256871984,8.782434000063306,0.0015949098742567003,0.0004821463953703642,0.03137363980551733,0,0.0008032472355918895,0.0014597933182763055,0.03137363980551733,35_P9_0
59575,65,2026-02-24 18:38:43.600000+00:00,124370.2766379156,426819.49907547375,9.733539365398515,-0.0018365755531704053,0.0006180498749017715,-0.001839902351937539,0,-0.00011362376376725313,0.001934446962487377,-0.001839902351937539,30_KW_1
59576,111,2026-02-24 18:38:56.140000+00:00,124434.26323371036,426963.9761149249,6.499351621228579,0.0015429510385729373,-0.0019488544785417616,0.03805911161381026,0,-0.001580850987962464,0.0019182392551044536,0.03805911161381026,36_P9_0
59577,153,2026-02-24 18:38:59.720000+00:00,124370.2766265926,426819.49913009885,9.733513551175225,0.0027877877291757613,7.001624908298254e-06,0.007433074062236145,0,-0.0007395695061455639,-0.0026879074372593097,0.007433074062236145,29_KW_1
59578,176,2026-02-24 18:39:10.400000+00:00,124446.56519190465,427019.0005091483,7.903102442341486,-0.0020541692938422784,-0.0024319937801919878,-0.015310481305699675,0,-0.0028162631686625608,-0.0014842058480856737,-0.015310481305699675,41_LHN_0
59579,163,2026-02-24 18:39:17.650000+00:00,124091.0563069507,427154.2080908123,9.868412017896645,-0.027007718716049567,0.005107110540848225,0.01164194490113779,0,0.02471677261496971,-0.012024167323419137,0.01164194490113779,907_GSL_1
59580,109,2026-02-24 18:39:23.360000+00:00,124446.57081996072,427018.96671261045,10.382619630275919,0.0017651467496762052,0.0015221418580040336,-0.003205611192049318,0,0.001865713480181131,0.0013970583715975707,-0.003205611192049318,40_LHN_0
59581,108,2026-02-24 18:39:36.420000+00:00,124422.71271880557,427023.83873656,10.32513977334093,0.0019939655903726816,-8.293468272313476e-05,-0.0031827110017275118,0,0.00038412345402551596,0.0019583733324512386,-0.0031827110017275118,39_LHN_0
59582,167,2026-02-24 18:39:39.760000+00:00,124669.37638265466,426931.30454709096,13.847671676761188,0.00014966671005822718,-0.001873526198323816,0.03829971194440418,0,5.649246130477913e-05,0.0018786455604293943,0.03829971194440418,908_GSL_1
59583,177,2026-02-24 18:39:49.860000+00:00,124422.72825375112,427023.8994117256,7.789367270035302,0.0017479140660725534,-7.811933755874634e-06,-0.0037653496978524714,0,0.00039984521919000996,0.0017015840882466508,-0.0037653496978524714,42_LHN_0
59584,151,2026-02-24 18:39:57.090000+00:00,124403.03597871475,426812.8402332922,6.60654942082673,-0.0010066307004308328,0.0025493664434179664,-0.0021958816489986432,0,-0.002298122817404042,0.001493722245265949,-0.0021958816489986432,27_KW_1
59585,107,2026-02-24 18:40:04.660000+00:00,124409.92240765436,426969.5276784943,6.294173099892768,0.0015901470615062863,0.003267441177740693,0.005092776462734427,0,0.003551862025934897,0.0007674735669286689,0.005092776462734427,38_P9_0
59586,113,2026-02-24 18:40:12.280000+00:00,124414.08004719939,426875.91479079577,7.334404001816226,0.0028125852113589644,-0.00044134241761639714,0.03105405669094985,0,-0.0002375686955032959,-0.002837072402258973,0.03105405669094985,32_P7_0
59587,106,2026-02-24 18:40:19.520000+00:00,124410.03371638193,426969.4528091624,8.929135160112134,0.0015125637146411464,0.003247821470722556,0.005247935773603274,0,0.003516261659721531,0.0006870933247440516,0.005247935773603274,37_P9_0
59588,112,2026-02-24 18:40:27.950000+00:00,124413.95369635077,426875.8671737243,10.700056421090988,0.0029617259569931775,-9.234115714207292e-05,0.0307908141703237,0,-0.0006192209433799565,-0.0028977427347694493,0.0307908141703237,31_P7_0
59589,160,2026-02-24 18:40:35.880000+00:00,124421.81332267009,426965.62036872486,5.600858328388071,0.002116509451298043,0.0017306862282566726,0.008677098500732505,0,0.00254547991260321,0.0009977069172080579,0.008677098500732505,38a_P9_0
59590,161,2026-02-24 18:40:45.230000+00:00,124402.99233145625,426879.6451498765,6.5797262952041375,0.00092770965420641,-0.0023570104967802763,0.038101974380415626,0,0.0016217806560482257,-0.0019457572274330548,0.038101974380415626,34a_P7_0
59591,133,2026-02-24 18:45:22.860000+00:00,124806.22568336886,426258.5139584818,4.600631721612599,0.0037872753309784457,0.002474668435752392,0.012474617428033241,0,-0.00013751947897106117,-0.004522004720525026,0.012474617428033241,903_GSL_1
59592,130,2026-02-24 18:45:23.420000+00:00,124898.9382952485,426720.76591695385,4.127379107977619,-7.774875848554075e-05,-0.003759744926355779,0.03731637550742484,0,0.0013789395965995348,0.0034986072042505686,0.03731637550742484,901_GSL_1
59593,153,2026-02-24 18:45:40.430000+00:00,124370.27697449051,426819.4989814654,9.733328977608165,0.0031356856343336403,-0.0001416318118572235,0.0072485004951765575,0,-0.0006876136192817699,-0.0030626412584686684,0.0072485004951765575,29_KW_1
59594,132,2026-02-24 18:45:50.530000+00:00,124806.22089479491,426258.5068470462,4.6268845820885245,0.006760507138096727,0.0017052957555279136,0.04425240787820339,0,0.0019047625611091133,-0.006707038837212393,0.04425240787820339,903_GSL_1
59595,136,2026-02-24 18:45:58.780000+00:00,123855.61741277979,426533.07611968566,6.035755163728946,0.0016426679940195754,0.0020111595513299108,0.013462621292207544,0,-0.0025088127304028597,0.0006700593729292735,0.013462621292207544,904_GSL_1
59596,140,2026-02-24 18:46:15.170000+00:00,123928.08864963689,426940.43380237627,7.146234605292899,0.0011259044258622453,-0.0006363006541505456,0.010660899090555453,0,-0.0011460432729393575,-0.0005992696514917549,0.010660899090555453,905_GSL_1
59597,135,2026-02-24 18:46:21.530000+00:00,123855.61110512575,426533.0791935436,6.05447084256037,-0.0025451524852542207,0.0025586222764104605,0.03327239544201266,0,0.0006695697493183393,0.0035462692336224785,0.03327239544201266,904_GSL_1
59598,5,2026-02-24 18:46:21.730000+00:00,124424.6187567424,426919.14032610186,8.794290562853359,-0.0011285615182714537,-0.005411426885984838,-0.012954183550510479,11,-0.005394070492125501,0.0012087992260353608,-0.012954183550510479,TS4
59599,145,2026-02-24 18:46:31.650000+00:00,124266.92181853164,427056.317865492,7.118053732571536,0.0034947788080899045,0.0031188844004645944,0.010086796279889398,0,-0.0002814852486722791,0.004675648070130556,0.010086796279889398,906_GSL_1
59600,6,2026-02-24 18:46:31.850000+00:00,124399.03842544585,426925.0780226442,8.570693289534157,-0.0007452985300915316,0.002573429315816611,0.023386593712599435,11,-0.0026769904698959054,0.00010830681671735934,0.023386593712599435,TS5
59601,66,2026-02-24 18:51:22.120000+00:00,124898.94243486052,426720.77345097036,4.129391687851676,0.004829196841455996,-0.0007541844388470054,0.04710515744791177,0,0.004746258219063926,-0.0011674627271547802,0.04710515744791177,901_GSL_1
59602,71,2026-02-24 18:51:22.730000+00:00,124806.22419333186,426258.5130623462,4.599681072692589,-0.003568603628082201,-0.002043785876594484,0.0081774095433218,0,-0.00011622847148132666,0.004110776508902624,0.0081774095433218,903_GSL_1
59603,67,2026-02-24 18:51:40.140000+00:00,123855.6178658043,426533.0754626356,6.037963144767773,-0.00012866983888670802,-0.015640069090295583,-0.006445003569802488,0,0.009254049799078599,-0.01260915855213312,-0.006445003569802488,904_GSL_1
59604,71,2026-02-24 18:51:40.940000+00:00,124806.23140923178,426258.510139361,4.627169635623536,0.0036472962965490296,-0.004966771055478603,0.03566597247426895,0,0.006125148799150152,-0.0006738970104027394,0.03566597247426895,903_GSL_1
59605,68,2026-02-24 18:51:56.680000+00:00,123928.08859417117,426940.43328063365,7.144902458962224,-0.02035619068192318,-0.014454371586907655,0.02608917792199783,0,0.01987386202953442,-0.015110690423744688,0.02608917792199783,905_GSL_1
59606,67,2026-02-24 18:51:58.940000+00:00,123855.62109229936,426533.0614628121,6.059773720392107,0.0030978252179920673,-0.02963989257114008,0.01536557205453093,0,0.01407761924827723,-0.02626671637282603,0.01536557205453093,904_GSL_1
59607,69,2026-02-24 18:52:13.900000+00:00,124266.92163614224,427056.3177838119,7.118174383483961,-0.020961054411600344,0.002945427841041237,0.02767301255652832,0,0.01694590111542529,-0.01268376058584673,0.02767301255652832,906_GSL_1
59608,159,2026-02-24 18:52:36.390000+00:00,124421.80819874653,426965.61377393483,5.631649231845978,0.00024809411843307316,-0.004399973840918392,0.04242333529636344,0,-0.004406926103275497,-1.7966987401248967e-05,0.04242333529636344,38a_P9_0
59609,162,2026-02-24 18:52:52.830000+00:00,124402.99769924743,426879.6491085886,6.553802816741773,0.0022711191122652963,0.0013750006910413504,0.009129773451205914,0,-0.0011727448797718932,-0.0023818644733547933,0.009129773451205914,34a_P7_0
59610,110,2026-02-24 18:52:54.830000+00:00,124434.1415784998,426963.92967405624,8.786176042282134,0.0014926573203410953,-0.002412517205812037,0.035115682024345674,0,-0.002049434110028149,0.00196165363226032,0.035115682024345674,35_P9_0
59611,104,2026-02-24 18:53:09.930000+00:00,124389.81700284453,426881.4475441649,10.73172755509843,-9.3365742941387e-05,0.00320459675276652,0.005815687038223771,0,-0.003116040255104836,0.0007539566554934763,0.005815687038223771,33_P7_0
59612,111,2026-02-24 18:53:11.280000+00:00,124434.26320032447,426963.97310436686,6.503215620436535,0.001509565146989189,-0.004959412501193583,0.041923110821766585,0,-0.004531157790631137,0.00251856474334142,0.041923110821766585,36_P9_0
59613,176,2026-02-24 18:53:24.940000+00:00,124446.5663720199,427018.997330138,7.9065769364789675,-0.0008740540506551042,-0.005611004075035453,-0.011835987168217876,0,-0.0056678283358904055,0.00035079790251490886,-0.011835987168217876,41_LHN_0
59614,105,2026-02-24 18:53:27.030000+00:00,124389.68850621897,426881.47534957546,7.067722781435698,-0.0001792183902580291,0.003396361309569329,0.005426884712908198,0,-0.0032833102498921385,0.0008872785241959756,0.005426884712908198,34_P7_0
59615,109,2026-02-24 18:53:38.490000+00:00,124446.57137823556,427018.9635638937,10.386913348987662,0.002323421591427177,-0.0016265749000012875,0.0010881075196937928,0,-0.0010896504119977928,0.002618529315561931,0.0010881075196937928,40_LHN_0
59616,65,2026-02-24 18:53:42.420000+00:00,124370.27661097197,426819.4991050109,9.734766126582521,-0.0018635191809153184,0.0006475870031863451,-0.0006131411679319854,0,-0.00013504243818734477,0.001968206341881762,-0.0006131411679319854,30_KW_1
59617,167,2026-02-24 18:53:54.820000+00:00,124669.37684203603,426931.30101300456,13.850322117210013,0.000609048074693419,-0.005407612596172839,0.04095015239322919,0,0.0003398337546404378,0.005431180955076152,0.04095015239322919,908_GSL_1
59618,153,2026-02-24 18:53:58.400000+00:00,124370.2769631051,426819.49890710524,9.734917749851125,0.0031243002304108813,-0.0002159919822588563,0.008837272738135837,0,-0.0006128734668026754,-0.0030712034416226592,0.008837272738135837,29_KW_1
59619,151,2026-02-24 18:54:12.320000+00:00,124403.03484463225,426812.8375460052,6.610447720489619,-0.0021407132007880136,-0.00013792054960504174,0.001702418013890039,0,0.000561085719899868,0.0020704728689253248,0.001702418013890039,27_KW_1
59620,163,2026-02-24 18:54:16.930000+00:00,124091.0562991546,427154.2082373092,9.86953889733971,-0.027015514817321673,0.005253607407212257,0.012768824344203011,0,0.024810471837515148,-0.01191129375147427,0.012768824344203011,907_GSL_1
59621,113,2026-02-24 18:54:29.010000+00:00,124414.07964139749,426875.912031319,7.338058163525321,0.0024067833146546036,-0.0032008191919885576,0.03470821840004401,0,0.002539438805873117,-0.003096627193371492,0.03470821840004401,32_P7_0
59622,108,2026-02-24 18:54:33.920000+00:00,124422.71242506123,427023.83873324894,10.325775836846642,0.001700221240753308,-8.624576730653644e-05,-0.0025466474960147423,0,0.0003124360043032606,0.0016734916620951609,-0.0025466474960147423,39_LHN_0
59623,112,2026-02-24 18:54:44.710000+00:00,124413.95325351166,426875.86435879965,10.703723189344846,0.0025188868457917124,-0.0029072657926008105,0.03445758242418151,0,0.002219828290487894,-0.00314155179672068,0.03445758242418151,31_P7_0
59624,177,2026-02-24 18:54:47.330000+00:00,124422.72815503058,427023.8993069038,7.79082772998254,0.0016491935239173472,-0.00011263368651270866,-0.0023048897506141586,0,0.0002749004293446866,0.0016300169878300248,-0.0023048897506141586,42_LHN_0
59625,107,2026-02-24 18:55:02.120000+00:00,124409.9223871645,426969.5275531618,6.295236694347276,0.0015696571936132386,0.0031421086750924587,0.006156370917242526,0,0.0034252538511586545,0.0007773716528635974,0.006156370917242526,38_P9_0
59626,161,2026-02-24 18:55:03.170000+00:00,124402.99210626284,426879.64230946504,6.583416538007871,0.0007025162485660985,-0.005197421938646585,0.04179221718414894,0,0.004221190370664757,-0.003112599515265551,0.04179221718414894,34a_P7_0
59627,106,2026-02-24 18:55:17.190000+00:00,124410.03359099534,426969.45275580924,8.930536134278606,0.0013871771225240082,0.003194468328729272,0.006648909940075498,0,0.003434320822064757,0.0005782116944863924,0.006648909940075498,37_P9_0
59628,160,2026-02-24 18:55:32.890000+00:00,124421.81311748839,426965.6204277625,5.601854190856539,0.0019113277521682903,0.0017897238722071052,0.00967296096920034,0,0.002496466234861048,0.0007898997741203547,0.00967296096920034,38a_P9_0
59629,130,2026-02-24 19:00:22.140000+00:00,124898.93798416044,426720.76245721825,4.127820874220717,-0.0003888368228217587,-0.007219480525236577,0.03775814175052261,0,0.002426816694871895,0.006810481176726309,0.03775814175052261,901_GSL_1
59630,133,2026-02-24 19:00:22.310000+00:00,124806.22663436916,426258.5145454841,4.601029067442111,0.004738275631098077,0.0030616707517765462,0.01287196325754536,0,-0.0001426968115915762,-0.005639567480623265,0.01287196325754536,903_GSL_1
59631,153,2026-02-24 19:00:39.900000+00:00,124370.27677201226,426819.4989550525,9.734544999676485,0.0029332073900150135,-0.00016804470214992762,0.008464522563496502,0,-0.0006089029218735358,-0.002874227173779626,0.008464522563496502,29_KW_1
59632,132,2026-02-24 19:00:40.960000+00:00,124806.21869992452,426258.5026190668,4.628074168560184,0.004565636743791401,-0.0025226836442016065,0.04544199434986318,0,0.004468068857034695,-0.0026917155001554526,0.04544199434986318,903_GSL_1
59633,136,2026-02-24 19:00:57.060000+00:00,123855.61630437577,426533.0773776777,6.036899391025264,0.0005342639778973535,0.0032691516098566353,0.014606848588525345,0,-0.0023458502163091963,0.0023387554401751868,0.014606848588525345,904_GSL_1
59634,135,2026-02-24 19:00:59.590000+00:00,123855.61042273669,426533.0771760323,6.061454393330736,-0.003227541543310508,0.0005411109887063503,0.040255946212378824,0,0.0023670054470717556,0.0022598917517055056,0.040255946212378824,904_GSL_1
59635,5,2026-02-24 19:00:59.790000+00:00,124424.61883030874,426919.1405149032,8.793708949287785,-0.0010549951839493588,-0.005222625564783812,-0.013535797116084325,11,-0.005328012039704662,3.347137361878526e-05,-0.013535797116084325,TS4
59636,140,2026-02-24 19:01:13.140000+00:00,123928.08848220349,426940.43291283987,7.144876812740704,0.0009584710205672309,-0.0015258370549418032,0.009303106538360417,0,-0.0010076888164289124,-0.0014937900336877208,0.009303106538360417,905_GSL_1
59637,145,2026-02-24 19:01:30.700000+00:00,124266.92132042514,427056.31732997374,7.1187065645880265,0.0029966723086545244,0.002583366120234132,0.01073962829638031,0,-0.00030548489345731786,0.003944680521474427,0.01073962829638031,906_GSL_1
59638,6,2026-02-24 19:01:30.900000+00:00,124399.03850154285,426925.07808438275,8.571551291002878,-0.0006692015303997323,0.0026351678534410894,0.024244595181320605,11,-0.00271731338231448,-9.026785913770237e-05,0.024244595181320605,TS5
59639,66,2026-02-24 19:06:21.500000+00:00,124898.94207135575,426720.77206406405,4.129330068334953,0.0044656920654233545,-0.0021410907502286136,0.04704353793118887,0,0.004946010286695139,0.00025230431586776637,0.04704353793118887,901_GSL_1
59640,71,2026-02-24 19:06:22.150000+00:00,124806.22435347956,426258.51305913663,4.600389471909718,-0.003408455930184573,-0.0020469954470172524,0.008885808760450864,0,-3.0003097713300667e-05,0.003975784451180339,0.008885808760450864,903_GSL_1
59641,67,2026-02-24 19:06:39.750000+00:00,123855.61738562885,426533.07619651966,6.04091642423477,-0.0006088452937547117,-0.014906185038853437,-0.0034917241028056267,0,0.00921414836751689,-0.011733052239960884,-0.0034917241028056267,904_GSL_1
59642,71,2026-02-24 19:06:40.250000+00:00,124806.22781415201,426258.5080906287,4.627042959103828,5.221652099862695e-05,-0.007015503360889852,0.0355392959545604,0,0.0061009392193844885,0.0034638929852260454,0.0355392959545604,903_GSL_1
59643,68,2026-02-24 19:06:56.170000+00:00,123928.08866338956,426940.43331789214,7.14777029436118,-0.020286972299800254,-0.014417113095987588,0.02895701332095424,0,0.01980589789308191,-0.015071191185973764,0.02895701332095424,905_GSL_1
59644,67,2026-02-24 19:06:58.050000+00:00,123855.62074994642,426533.0624223233,6.062069745627632,0.002755472276476212,-0.028680381423328072,0.017661597290056008,0,0.013822214723443008,-0.02528049220630497,0.017661597290056008,904_GSL_1
59645,69,2026-02-24 19:07:13.120000+00:00,124266.92152687444,427056.31752142764,7.119428205460727,-0.0210703222110169,0.0026830435963347554,0.028926834533294254,0,0.016838496051948197,-0.012946901240236217,0.028926834533294254,906_GSL_1
59646,159,2026-02-24 19:07:34.690000+00:00,124421.80829376013,426965.6138278526,5.630542083722147,0.0003431077202549204,-0.004346056084614247,0.041316187172531826,0,-0.004358842409698365,8.012019549405715e-05,0.041316187172531826,38a_P9_0
59647,110,2026-02-24 19:07:51.430000+00:00,124434.14188471902,426963.9299156211,8.785561040468972,0.0017988765466725454,-0.002170952328015119,0.03450068021118291,0,-0.0017494801159933639,0.0022109523207040566,0.03450068021118291,35_P9_0
59648,162,2026-02-24 19:07:52.140000+00:00,124402.99789263558,426879.6489813979,6.554620211340316,0.00246450726990588,0.0012478100252337754,0.009947168049748711,0,-0.0010292578352280536,-0.0025634847865970475,0.009947168049748711,34a_P7_0
59649,111,2026-02-24 19:08:08.760000+00:00,124434.26339179152,426963.973373939,6.50270677322707,0.0017010322044370696,-0.00468984036706388,0.04141426361230138,0,-0.004227356405656375,0.0026490698459327045,0.04141426361230138,36_P9_0
59650,104,2026-02-24 19:08:08.780000+00:00,124389.81713752088,426881.44748981844,10.73255779342153,4.131060268264264e-05,0.0031502502970397472,0.006645925361322469,0,-0.003090714162038735,0.0006109578287134236,0.006645925361322469,33_P7_0
59651,176,2026-02-24 19:08:22.470000+00:00,124446.56607679992,427018.9974940097,7.905591140775292,-0.0011692740226862952,-0.0054471323965117335,-0.012821782871893284,0,-0.005571149686110349,2.7281132843296746e-05,-0.012821782871893284,41_LHN_0
59652,105,2026-02-24 19:08:25.380000+00:00,124389.6886167094,426881.475451658,7.068680772929085,-6.87279534759e-05,0.003498443868011236,0.006384876206294798,0,-0.0034062872832940185,0.000800649719217998,0.006384876206294798,34_P7_0
59653,109,2026-02-24 19:08:35.870000+00:00,124446.5715465481,427018.9638980295,10.385543817279094,0.002491734136128798,-0.00129243906121701,-0.000281424188873558,0,-0.0007271652769930894,0.0027111562832202417,-0.000281424188873558,40_LHN_0
59654,153,2026-02-24 19:08:40.060000+00:00,124370.27624120588,426819.49912643415,9.73505231402271,0.002402401005383581,3.3369287848472595e-06,0.00897183690972092,0,-0.000634728229054953,-0.002317037289514892,0.00897183690972092,29_KW_1
59655,167,2026-02-24 19:08:52.010000+00:00,124669.37642026195,426931.3030209958,13.849952011702289,0.00018727399583440274,-0.0033996213460341096,0.04058004688550554,0,1.826994128226199e-05,0.00340472657568447,0.04058004688550554,908_GSL_1
59656,65,2026-02-24 19:08:59.540000+00:00,124370.2766026427,426819.4991854318,9.735232511729851,-0.0018718484498094767,0.0007280079298652709,-0.00014675602060165716,0,-0.00021044588996084668,0.0019973794562875243,-0.00014675602060165716,30_KW_1
59657,151,2026-02-24 19:09:09.650000+00:00,124403.0365381488,426812.83733873774,6.610651581315615,-0.0004471966531127691,-0.00034518801840022206,0.0019062788398862551,0,0.0004272623617494031,0.00036957609342956236,0.0019062788398862551,27_KW_1
59658,163,2026-02-24 19:09:16.670000+00:00,124091.0567798271,427154.20867195574,9.870989973314135,-0.02653484232723713,0.005688253964763135,0.01421990031862741,0,0.024684284194448285,-0.01127564651391171,0.01421990031862741,907_GSL_1
59659,113,2026-02-24 19:09:25.580000+00:00,124414.07984350267,426875.9122878804,7.3375919196320565,0.0026088884915225208,-0.0029442578088492155,0.034241974506779904,0,0.0022422956946954674,-0.003232191705904588,0.034241974506779904,32_P7_0
59660,108,2026-02-24 19:09:33.660000+00:00,124422.71282382848,427023.8387658355,10.326815477002318,0.0020989884942537174,-5.365919787436724e-05,-0.0015070073403382622,0,0.0004370727941672153,0.002053679473804243,-0.0015070073403382622,39_LHN_0
59661,112,2026-02-24 19:09:40.500000+00:00,124413.95359985162,426875.8644849985,10.703246341017906,0.002865226808353327,-0.00278106692712754,0.03398073409724134,0,0.0020143954527965073,-0.0034476178553055977,0.03398073409724134,31_P7_0
59662,177,2026-02-24 19:09:46.660000+00:00,124422.7283241669,427023.89944334445,7.7909472656665,0.001818329852540046,2.380693331360817e-05,-0.0021853540666540994,0,0.00044700748710104773,0.0017626895725531796,-0.0021853540666540994,42_LHN_0
59663,161,2026-02-24 19:09:58.520000+00:00,124402.99240720313,426879.64243442524,6.582770949165184,0.0010034565348178148,-0.005072461732197553,0.04114662834146188,0,0.003967042824119195,-0.0033165289495919637,0.04114662834146188,34a_P7_0
59664,107,2026-02-24 19:10:00.780000+00:00,124409.92225296627,426969.52765505714,6.295873270093885,0.0014354589657159522,0.003244004037696868,0.006792946663852106,0,0.0034923101735852505,0.0006227955445576429,0.006792946663852106,38_P9_0
59665,106,2026-02-24 19:10:15.870000+00:00,124410.03359608914,426969.45278714946,8.930959532209105,0.0013922709185862914,0.003225808555725962,0.007072307870574335,0,0.0034659655156044056,0.0005756233087506255,0.007072307870574335,37_P9_0
59666,160,2026-02-24 19:10:31.790000+00:00,124421.81320397982,426965.6204347448,5.6028289348088,0.001997819184907712,0.0017967061721719801,0.010647704921461276,0,0.002544912316754141,0.0008618908659101075,0.010647704921461276,38a_P9_0
59667,130,2026-02-24 19:15:22.180000+00:00,124898.93902906783,426720.76471596735,4.126956640558548,0.0006560705660376698,-0.004960731428582221,0.03689390808835391,0,0.002519305735254133,0.004323468920491973,0.03689390808835391,901_GSL_1
59668,133,2026-02-24 19:15:23.160000+00:00,124806.2273027045,426258.51480371883,4.600126536704426,0.005406610973295756,0.0033199054887518287,0.01196943251986049,0,-1.4666471030687614e-05,-0.006344525164693896,0.01196943251986049,903_GSL_1
59669,153,2026-02-24 19:15:40.830000+00:00,124370.27692226093,426819.49899551074,9.735305014387514,0.0030834560602670535,-0.00012758647790178657,0.009224537274524991,0,-0.0006874350430420093,-0.003008556571935923,0.009224537274524991,29_KW_1
59670,136,2026-02-24 19:15:56.970000+00:00,123855.61650222396,426533.0770063728,6.038974171447743,0.0007321121665881947,0.002897846687119454,0.01668162901100434,0,-0.0022890821618215358,0.0019218757771890718,0.01668162901100434,904_GSL_1
59671,132,2026-02-24 19:16:02.370000+00:00,124806.2168882207,426258.50148743176,4.627570713424082,0.0027539329312276095,-0.0036543186870403588,0.0449385392137609,0,0.004541811452210151,-0.0005569024948094454,0.0449385392137609,903_GSL_1
59672,140,2026-02-24 19:16:13.260000+00:00,123928.08855410213,426940.4345693911,7.147774788996268,0.0010303696617484093,0.0001307141501456499,0.012201082793924733,0,-0.0010255623934563804,0.00016422425529699145,0.012201082793924733,905_GSL_1
59673,145,2026-02-24 19:16:30.400000+00:00,124266.92131103079,427056.31730379944,7.119397392057336,0.0029872779559809715,0.002557191823143512,0.011430455765689906,0,-0.00031726772687446555,0.0039194898642713446,0.011430455765689906,906_GSL_1
59674,6,2026-02-24 19:16:30.600000+00:00,124399.03847792902,426925.0780847999,8.570980434835278,-0.00069281535979826,0.002635585027746856,0.023673739013720052,11,-0.0027250288842955786,2.2784666128455097e-05,0.023673739013720052,TS5
59675,135,2026-02-24 19:16:36.220000+00:00,123855.61431192215,426533.07159823214,6.068493124095321,0.0006616439204663038,-0.005036689166445285,0.047294676976963324,0,0.002280358265109454,-0.004539380642733579,0.047294676976963324,904_GSL_1
59676,5,2026-02-24 19:16:36.420000+00:00,124424.61882750489,426919.1415110011,8.784422260230347,-0.0010577990324236453,-0.004226527642458677,-0.02282248617352245,11,-0.004352296212697317,-0.00019998095510396732,-0.02282248617352245,TS4
59677,66,2026-02-24 19:21:22.800000+00:00,124898.94061599963,426720.769308479,4.120864338209402,0.0030103359458735213,-0.0048966758185997605,0.038577807805637576,0,0.004666538171376875,0.00335603606574191,0.038577807805637576,901_GSL_1
59678,71,2026-02-24 19:21:23.680000+00:00,124806.22423717317,426258.51287123404,4.602185301842733,-0.003524762316374108,-0.002234898041933775,0.010681638693465167,0,6.971604565625386e-05,0.004172991530994095,0.010681638693465167,903_GSL_1
59679,67,2026-02-24 19:21:41.010000+00:00,123855.61634523935,426533.07745112845,6.037866695794046,-0.0016492347931489348,-0.013651576242409647,-0.006541452543530113,0,0.00932396019771938,-0.010106892476750767,-0.006541452543530113,904_GSL_1
59680,71,2026-02-24 19:21:51.020000+00:00,124806.22351714999,426258.5064824865,4.619066744128635,-0.004244785493938252,-0.008623645582702011,0.027563080979367882,0,0.005344125134817761,0.007989104678811861,0.027563080979367882,903_GSL_1
59681,68,2026-02-24 19:21:57.320000+00:00,123928.08864132868,426940.43348907377,7.148532560461799,-0.02030903317790944,-0.014245931466575712,0.02971927942157304,0,0.019833530860726332,-0.014900820298507547,0.02971927942157304,905_GSL_1
59682,69,2026-02-24 19:22:13.690000+00:00,124266.92132844163,427056.31734764646,7.119056827655952,-0.02126875502290204,0.0025092624127864838,0.02855545672851978,0,0.01685678480881318,-0.01321003951507372,0.02855545672851978,906_GSL_1
59683,67,2026-02-24 19:22:49.160000+00:00,123855.61779000994,426533.0677948097,6.050217674695473,-0.00020446420239750296,-0.023307894996833056,0.005809526357896999,0,0.01325528322574128,-0.019172825597674414,0.005809526357896999,904_GSL_1
59684,162,2026-02-24 19:22:53.030000+00:00,124402.9979366035,426879.6491882298,6.554049643071102,0.0025084751832764596,0.0014546419261023402,0.009376599780535066,0,-0.0012314931778981957,-0.0026252343573629376,0.009376599780535066,34a_P7_0
59685,104,2026-02-24 19:23:10.460000+00:00,124389.81726020748,426881.44761573244,10.732054390927463,0.0001639972033444792,0.003276164294220507,0.006142522867255806,0,-0.003239275233371419,0.0005169560212403971,0.006142522867255806,33_P7_0
59686,159,2026-02-24 19:23:26.480000+00:00,124421.80780451471,426965.61478094436,5.621793483306302,-0.00014613769599236548,-0.003392964310478419,0.03256758675668703,0,-0.0033779537897123658,-0.0003507010592201221,0.03256758675668703,38a_P9_0
59687,105,2026-02-24 19:23:26.990000+00:00,124389.68869428565,426881.47532753466,7.068112632026343,8.848292054608464e-06,0.0033743205131031573,0.005816735303553422,0,-0.0033011866173266974,0.0006987733073065657,0.005816735303553422,34_P7_0
59688,110,2026-02-24 19:23:44.200000+00:00,124434.14207356727,426963.93076878233,8.776542583387629,0.0019877247978001833,-0.0013177911168895662,0.025482223129840165,0,-0.0008756885187128463,0.0022182860315426707,0.025482223129840165,35_P9_0
59689,153,2026-02-24 19:23:46.950000+00:00,124370.27677031276,426819.49887652264,9.734872631160266,0.0029315078863874078,-0.00024657457834109664,0.008792154047277734,0,-0.0005326889075821712,-0.002893230035509546,0.008792154047277734,29_KW_1
59690,65,2026-02-24 19:24:02.010000+00:00,124370.27693774,426819.49909301614,9.735142787776526,-0.0015367511514341459,0.0006355922669172287,-0.00023647997392650666,0,-0.00020935140118839856,0.001649773809350727,-0.00023647997392650666,30_KW_1
59691,111,2026-02-24 19:24:02.380000+00:00,124434.26327921964,426963.9742878726,6.493354284408938,0.0015884603199083358,-0.0037759067490696907,0.03206177479416983,0,-0.0033575102126049273,0.002346870924837356,0.03206177479416983,36_P9_0
59692,176,2026-02-24 19:24:17.250000+00:00,124446.5662335905,427018.9986125678,7.896748798764662,-0.0010124834370799363,-0.004328574286773801,-0.02166412488252334,0,-0.004445010184886342,-5.968687240264512e-05,-0.02166412488252334,41_LHN_0
59693,163,2026-02-24 19:24:19.190000+00:00,124091.05643892821,427154.20807658345,9.870659896148101,-0.026875741212279536,0.005092881678137928,0.013889823152593905,0,0.024602393179951818,-0.011956803892177625,0.013889823152593905,907_GSL_1
59694,109,2026-02-24 19:24:31.150000+00:00,124446.57089245525,427018.9650357966,10.376354780870706,0.00183764127723407,-0.0001546720159240067,-0.009470460597261976,0,0.0002435874867294937,0.0018279808622119842,-0.009470460597261976,40_LHN_0
59695,108,2026-02-24 19:24:36.970000+00:00,124422.71267546609,427023.83890075487,10.326122684502076,0.0019506261014612392,8.126016473397613e-05,-0.0021997998405804964,0,0.000533694397472852,0.0018779551890768201,-0.0021997998405804964,39_LHN_0
59696,167,2026-02-24 19:24:47+00:00,124669.37628087256,426931.3035638585,13.841095655636423,4.7884605010040104e-05,-0.0028567586559802294,0.031723690819639216,0,-9.39857319168866e-05,0.0028556137056876202,0.031723690819639216,908_GSL_1
59697,177,2026-02-24 19:24:49.940000+00:00,124422.72812291996,427023.89953873353,7.790552180856726,0.0016170829039765522,0.00011919601820409298,-0.002580438876428559,0,0.0004928580972729205,0.001544751017167966,-0.002580438876428559,42_LHN_0
59698,151,2026-02-24 19:25:03.500000+00:00,124403.0358413988,426812.8384872096,6.600805826046625,-0.0011439466470619664,0.0008032838231883943,-0.007939476429103642,0,-0.0005596227448139082,0.0012808985968480978,-0.007939476429103642,27_KW_1
59699,107,2026-02-24 19:25:04.220000+00:00,124409.92220278774,426969.5276216266,6.295529111019431,0.001385280440445058,0.0032105735153891146,0.006448787589397931,0,0.0034479057501302797,0.0005820052702649904,0.006448787589397931,38_P9_0
59700,113,2026-02-24 19:25:19+00:00,124414.07992610217,426875.91316677385,7.3281092835742285,0.0026914879999822006,-0.00206536432961002,0.02475933844895195,0,0.0013688737642094746,-0.0031041942731943528,0.02475933844895195,32_P7_0
59701,106,2026-02-24 19:25:19.330000+00:00,124410.03355205408,426969.45284297457,8.930481067465427,0.0013482358626788482,0.0032816336606629193,0.0065938431268968145,0,0.0035095623191819876,0.0005194533203159247,0.0065938431268968145,37_P9_0
59702,112,2026-02-24 19:25:35.180000+00:00,124413.9536195866,426875.8654132531,10.693716109946399,0.002884961781091988,-0.0018528123619034886,0.024450503025734704,0,0.0011084186650962436,-0.0032445841320036845,0.024450503025734704,31_P7_0
59703,160,2026-02-24 19:25:35.570000+00:00,124421.8131357016,426965.62039021665,5.602092120760869,0.0019295409583719447,0.0017521780100651085,0.009910890873530143,0,0.0024726510154770595,0.0008241680924731997,0.009910890873530143,38a_P9_0
59704,161,2026-02-24 19:25:54.090000+00:00,124402.99236718229,426879.64334566536,6.573325082612358,0.0009634356974856928,-0.0041612216155044734,0.031700761788636456,0,0.0031870532750086847,-0.002843706225823585,0.031700761788636456,34a_P7_0
59705,133,2026-02-24 19:30:22.430000+00:00,124806.22544610212,426258.513746655,4.598872103721645,0.0035500085941748694,0.0022628416772931814,0.010714999537078995,0,-8.043842569139514e-05,-0.00420910241439701,0.010714999537078995,903_GSL_1
59706,130,2026-02-24 19:30:26.090000+00:00,124898.93997862833,426720.76730064885,4.119395729239441,0.0016056310705607757,-0.002376049931626767,0.029332996769246833,0,0.002398074053020394,0.0015725473756183135,0.029332996769246833,901_GSL_1
59707,153,2026-02-24 19:30:44.110000+00:00,124370.27709754843,426819.4988934401,9.735091402460277,0.003258743556216359,-0.00022965710377320647,0.009010925347288534,0,-0.0006350303814920469,-0.0032045106280175146,0.009010925347288534,29_KW_1
59708,132,2026-02-24 19:30:54.700000+00:00,124806.21125507755,426258.4988521122,4.623488681960964,-0.0028792102239094675,-0.006289638229645789,0.04085650775064309,0,0.004006250238385118,0.005639092090108637,0.04085650775064309,903_GSL_1
59709,136,2026-02-24 19:31:00.900000+00:00,123855.61675326702,426533.0767176267,6.037391587052127,0.0009831552306422964,0.0026091006002388895,0.015099044615388912,0,-0.002323755242908029,0.001540831503041032,0.015099044615388912,904_GSL_1
59710,140,2026-02-24 19:31:16.660000+00:00,123928.08859101334,426940.4334344117,7.148038099708479,0.0010672808712115511,-0.0010042652138508856,0.012464393506135707,0,-0.00109944274575255,-0.0009689492900132318,0.012464393506135707,905_GSL_1
59711,135,2026-02-24 19:31:18.680000+00:00,123855.61879435935,426533.06533386384,6.050379523386836,0.005144081122125499,-0.011301057471428066,0.0291810762684781,0,0.0020882829777084293,-0.012239875194157058,0.0291810762684781,904_GSL_1
59712,5,2026-02-24 19:31:18.880000+00:00,124424.61888938764,426919.1426300661,8.79143585394825,-0.0009959162853192538,-0.00310746266040951,-0.01580889245561856,11,-0.00325628189075314,-0.00021166407620710787,-0.01580889245561856,TS4
59713,145,2026-02-24 19:31:32.860000+00:00,124266.92136220617,427056.31744840305,7.118678729667508,0.0030384533311007544,0.0027017954271286726,0.010711793375861589,0,-0.000251668429619568,0.004058147382348686,0.010711793375861589,906_GSL_1
59714,6,2026-02-24 19:31:33.060000+00:00,124399.03845457705,426925.07810118987,8.570493972263911,-0.0007161673274822533,0.0026519749662838876,0.02318727644235352,11,-0.0027469130989423883,1.831091500240772e-05,0.02318727644235352,TS5
59715,71,2026-02-24 19:36:22.580000+00:00,124806.22641433678,426258.5140866315,4.606482167205236,-0.0013475987070705742,-0.0010195006034336984,0.014978504055968678,0,0.00016750023481633682,0.0016814718038184377,0.014978504055968678,903_GSL_1
59716,66,2026-02-24 19:36:38.570000+00:00,124898.94007029352,426720.7684566911,4.12786529816151,0.0024646298406878486,-0.005748463678173721,0.045578767757745275,0,0.004491742899937064,0.0043524108987728315,0.045578767757745275,901_GSL_1
59717,67,2026-02-24 19:36:39.980000+00:00,123855.61748550071,426533.07560246415,6.036759084448388,-0.0005089734331704676,-0.015500240551773459,-0.007649063889187957,0,0.009480683072296154,-0.012273270126628552,-0.007649063889187957,904_GSL_1
59718,68,2026-02-24 19:36:56.180000+00:00,123928.08849761402,426940.4312329385,7.14679901856749,-0.02045274783449713,-0.016502066748216748,0.0279857375272643,0,0.019903575685699674,-0.017160442181591733,0.0279857375272643,905_GSL_1
59719,69,2026-02-24 19:37:13.580000+00:00,124266.92126194987,427056.31739627064,7.118958703833966,-0.0213352467835648,0.002557886589784175,0.02845733290653385,0,0.016938224533047757,-0.013222408585044896,0.02845733290653385,906_GSL_1
59720,71,2026-02-24 19:37:34.070000+00:00,124806.22568162857,426258.50889246125,4.623126125328122,-0.0020803069201065227,-0.006213670829311013,0.03162246217885478,0,0.004339954536087619,0.004909396773694931,0.03162246217885478,903_GSL_1
59721,162,2026-02-24 19:37:52.590000+00:00,124402.99771364202,426879.64912714664,6.553794167934267,0.0022855137067381293,0.0013935587485320866,0.009121124643700185,0,-0.0011899857762948049,-0.0023978141590861933,0.009121124643700185,34a_P7_0
59722,67,2026-02-24 19:37:56.230000+00:00,123855.6177841152,426533.06938385975,6.055271935417148,-0.00021035895042587072,-0.021718844946008176,0.010863787079571807,0,0.012368021173839571,-0.017854538048356926,0.010863787079571807,904_GSL_1
59723,104,2026-02-24 19:38:09.190000+00:00,124389.8169059561,426881.44759507757,10.731465584008387,-0.00019025416986551136,0.003255509422160685,0.0055537159481797715,0,-0.0031458190228870245,0.0008592793039346044,0.0055537159481797715,33_P7_0
59724,105,2026-02-24 19:38:26.210000+00:00,124389.68846851733,426881.47537952446,7.067864738937798,-0.0002169200306525454,0.0034263103152625263,0.005568842215008196,0,-0.0033046893387309686,0.000930421974509721,0.005568842215008196,34_P7_0
59725,159,2026-02-24 19:38:35.420000+00:00,124421.8078203498,426965.6159731478,5.628447230318459,-0.00013030260743107647,-0.002200760878622532,0.03922133376884407,0,-0.00218888000264135,-0.00026292878962859797,0.03922133376884407,38a_P9_0
59726,153,2026-02-24 19:38:42.130000+00:00,124370.276596229,426819.499036086,9.734208715285689,0.0027574241248657927,-8.701119804754853e-05,0.008128238172700364,0,-0.000640879580458673,-0.0026833248249752894,0.008128238172700364,29_KW_1
59727,110,2026-02-24 19:38:55.570000+00:00,124434.14269955535,426963.93187020405,8.783945044518234,0.002613712873426266,-0.00021636940073221922,0.032884684260444885,0,0.0003318304678275807,0.002601576299651566,0.032884684260444885,35_P9_0
59728,65,2026-02-24 19:38:57.870000+00:00,124370.27664830266,426819.49907801684,9.734598017619774,-0.0018261884833918884,0.0006205929676070809,-0.0007812501306787567,0,-0.00011880868896311669,0.0019250933753310238,-0.0007812501306787567,30_KW_1
59729,111,2026-02-24 19:39:11.930000+00:00,124434.26344069853,426963.9755769041,6.500104914732347,0.0017499392124591395,-0.002486875280737877,0.03881240511757866,0,-0.002063333248739038,0.002233717039800523,0.03881240511757866,36_P9_0
59730,163,2026-02-24 19:39:15.710000+00:00,124091.05651217212,427154.208478047,9.869552913392173,-0.026802497304743156,0.005494345212355256,0.012782840396665662,0,0.024783273504849983,-0.011590989839832321,0.012782840396665662,907_GSL_1
59731,176,2026-02-24 19:39:31.260000+00:00,124446.56527603036,427019.0002590075,7.903329097139736,-0.0019700435805134475,-0.00268213456729427,-0.015083826507449771,0,-0.0030425096855018715,-0.0013483517196282153,-0.015083826507449771,41_LHN_0
59732,108,2026-02-24 19:39:33.970000+00:00,124422.71295652814,427023.8387374266,10.325878984761257,0.0022316881513688713,-8.206808706745505e-05,-0.0024434995813997773,0,0.0004403785034334982,0.0021893455528054027,-0.0024434995813997773,39_LHN_0
59733,109,2026-02-24 19:39:44.700000+00:00,124446.57160979409,427018.96643427736,10.382493345896497,0.0025549801212036982,0.0012438087724149227,-0.003331895571470511,0,0.0017634966400245024,0.0022282421957015067,-0.003331895571470511,40_LHN_0
59734,177,2026-02-24 19:39:47.310000+00:00,124422.72845716473,427023.89947071235,7.790179188855579,0.0019513276783982292,5.1174836698919535e-05,-0.0029534308775751583,0,0.0005046244506495168,0.0018856438518980345,-0.0029534308775751583,42_LHN_0
59735,107,2026-02-24 19:40:02.370000+00:00,124409.92240851012,426969.5276309421,6.294985188334467,0.0015910028159851208,0.003219889011234045,0.005904864904433538,0,0.0035058788592235986,0.0007796079973854682,0.005904864904433538,38_P9_0
59736,106,2026-02-24 19:40:17.470000+00:00,124410.03365458941,426969.45277735585,8.929960037211632,0.0014507711894111708,0.0032160149421542883,0.006072812873101796,0,0.0034705289529383507,0.0006347581736392138,0.006072812873101796,37_P9_0
59737,160,2026-02-24 19:40:33.320000+00:00,124421.81327085667,426965.6204425206,5.601736850119156,0.002064696032903157,0.0018044819589704275,0.009555620231817663,0,0.0025844455725520703,0.0009163874350141363,0.009555620231817663,38a_P9_0
59738,151,2026-02-24 19:41:22.120000+00:00,124403.03577740045,426812.83925398655,6.606340081516134,-0.0012079449952580035,0.0015700607909820974,-0.0024052209595950558,0,-0.0012983388148406967,0.0014961745622841748,-0.0024052209595950558,27_KW_1
59739,113,2026-02-24 19:41:39.470000+00:00,124414.08021844094,426875.9141244095,7.335190017846168,0.002983826765557751,-0.001107728690840304,0.0318400727208914,0,0.0003692561014292239,-0.003161318546259914,0.0318400727208914,32_P7_0
59740,112,2026-02-24 19:41:55.700000+00:00,124413.95384063628,426875.8663933224,10.70080487144937,0.0031060114706633613,-0.000872743024956435,0.031539264528705147,0,0.00010394358735001597,-0.0032246214311375055,0.031539264528705147,31_P7_0
59741,161,2026-02-24 19:42:13.690000+00:00,124402.99217046642,426879.64438396436,6.580232671659734,0.0007667198224226013,-0.003122922615148127,0.03860835083601177,0,0.002370870715974589,-0.002172435728493136,0.03860835083601177,34a_P7_0
59742,167,2026-02-24 19:43:22.920000+00:00,124669.37734815043,426931.30214155733,13.846758727776738,0.0011151624785270542,-0.004279059823602438,0.03738676295995447,0,0.0009013921046407168,0.0043291376278855485,0.03738676295995447,908_GSL_1
59743,130,2026-02-24 19:45:20.660000+00:00,124898.94164615517,426720.7731529228,4.126969008177685,0.0032731579121900722,0.0034762240247800946,0.03690627570749072,0,0.001678431284977413,-0.00446996248420497,0.03690627570749072,901_GSL_1
59744,133,2026-02-24 19:45:22.700000+00:00,124806.22425247073,426258.5127290398,4.60284709982837,0.0023563771974295378,0.0012452264782041311,0.014689995643804465,0,0.00016573063981266013,-0.0026600067356331697,0.014689995643804465,903_GSL_1
59745,153,2026-02-24 19:45:39.550000+00:00,124370.27673960922,426819.4990540328,9.734678699293834,0.0029008043493377045,-6.906443741172552e-05,0.008598222180845383,0,-0.000695884869726944,-0.002816945157033884,0.008598222180845383,29_KW_1
59746,132,2026-02-24 19:45:40.380000+00:00,124806.2236919697,426258.5074775594,4.6286186411741586,0.009557681929436512,0.002335808938369155,0.04598646696383746,0,0.0027578581514542217,-0.009444548992794732,0.04598646696383746,903_GSL_1
59747,136,2026-02-24 19:45:55.620000+00:00,123855.61766402579,426533.07528074196,6.035022621028421,0.001893913999083452,0.001172215852420777,0.012730078591682847,0,-0.0022217674712494864,-0.00015731987887264922,0.012730078591682847,904_GSL_1
59748,135,2026-02-24 19:46:05.520000+00:00,123855.61966459466,426533.06557510607,6.063427040361711,0.006014316430082545,-0.011059815238695592,0.04222859324335371,0,0.0012327268053875832,-0.012528842718245089,0.04222859324335371,904_GSL_1
59749,5,2026-02-24 19:46:05.720000+00:00,124424.61897605394,426919.1416973778,8.789144860957757,-0.0009092499822145328,-0.004040150961373001,-0.018099885446112296,11,-0.0041248912847367675,0.00036718824864498346,-0.018099885446112296,TS4
59750,140,2026-02-24 19:46:11.430000+00:00,123928.08847012838,426940.43341403274,7.146316645823848,0.0009463959140703082,-0.0010246441815979779,0.010742939621504632,0,-0.000979286113989913,-0.0009932570825310532,0.010742939621504632,905_GSL_1
59751,145,2026-02-24 19:46:27.550000+00:00,124266.92162302881,427056.3178943703,7.118299488575949,0.0032992759806802496,0.0031477626762352884,0.010332552284302743,0,-0.00012242865917671077,0.004558359692477741,0.010332552284302743,906_GSL_1
59752,6,2026-02-24 19:46:27.750000+00:00,124399.03840056107,426925.07801427686,8.570913144549074,-0.0007701833092141896,0.0025650619645603,0.023606448727516494,11,-0.0026771494361247134,7.48071419263853e-05,0.023606448727516494,TS5
59753,71,2026-02-24 19:51:24.140000+00:00,124806.22309464715,426258.50893906347,4.578584675020338,-0.004667288332711905,-0.006167068611830473,-0.012918988128929776,0,0.0028297014100203133,0.007197854233993792,-0.012918988128929776,903_GSL_1
59754,66,2026-02-24 19:51:25.920000+00:00,124898.93823368257,426720.7622059601,4.123104928503275,0.0006280188827076927,-0.011999194684904069,0.04081839809951049,0,0.005209072603475076,0.010827771858281503,0.04081839809951049,901_GSL_1
59755,67,2026-02-24 19:51:42.680000+00:00,123855.61751541951,426533.07418656856,6.017240240426724,-0.00047905463725328445,-0.016916136140935123,-0.027167907910851774,0,0.01028469073222637,-0.013439132852479075,-0.027167907910851774,904_GSL_1
59756,71,2026-02-24 19:51:46.890000+00:00,124806.21666901237,426258.5022548251,4.627933137153236,-0.011092923115938902,-0.01285130699397996,0.036429474003968565,0,0.005579532433399916,0.016033647511851077,0.036429474003968565,903_GSL_1
59757,68,2026-02-24 19:51:58.920000+00:00,123928.08936929674,426940.43067094946,7.123113075624143,-0.019581065120291896,-0.017064055777154863,0.004299794583917382,0,0.01901393344839869,-0.01769379681218335,0.004299794583917382,905_GSL_1
59758,67,2026-02-24 19:52:09.180000+00:00,123855.61208946208,426533.07576362527,6.060125845271889,-0.005905012061703019,-0.015339079429395497,0.015717696934313352,0,0.01349852361567035,-0.009377973415794695,0.015717696934313352,904_GSL_1
59759,69,2026-02-24 19:52:16.030000+00:00,124266.92198819027,427056.3149863688,7.0946555292004385,-0.020609006387530826,0.00014798477059230208,0.004154158273006026,0,0.01472444172061269,-0.014420258658910872,0.004154158273006026,906_GSL_1
59760,159,2026-02-24 19:52:46.460000+00:00,124421.80818166614,426965.61504415167,5.626704134929451,0.00023101373517420143,-0.003129757009446621,0.03747823837983599,0,-0.003137994946682326,4.164130900410666e-05,0.03747823837983599,38a_P9_0
59761,162,2026-02-24 19:53:08.420000+00:00,124402.99864221159,426879.6466714483,6.529221664103399,0.003214083277271129,-0.0010621395776979625,-0.015451379187168435,0,0.0013369828577318263,-0.0031098148873972497,-0.015451379187168435,34a_P7_0
59762,110,2026-02-24 19:53:16.770000+00:00,124434.13691017931,426963.93223659106,8.776719369607163,-0.0031756631651660427,0.00015001761494204402,0.025659009349373818,0,-0.0005135595905498417,-0.003137450935128641,0.025659009349373818,35_P9_0
59763,104,2026-02-24 19:53:25.470000+00:00,124389.81771310503,426881.44509488903,10.707297398072287,0.000616894758422859,0.0007553208852186799,-0.018614469987920046,0,-0.0008665657794492779,-0.0004473617468051925,-0.018614469987920046,33_P7_0
59764,111,2026-02-24 19:53:37.940000+00:00,124434.26340098523,426963.97462968295,6.497999573862103,0.0017102259153034538,-0.0034340964048169553,0.03670706424733439,0,-0.0029977440001573265,0.002394038785916599,0.03670706424733439,36_P9_0
59765,105,2026-02-24 19:53:42.590000+00:00,124389.68938266789,426881.4729451541,7.043215391944894,0.0006972305272938684,0.0009919399744831026,-0.01908050477789569,0,-0.0011160834335452985,-0.0004737436970913287,-0.01908050477789569,34_P7_0
59766,176,2026-02-24 19:53:52.130000+00:00,124446.56637051026,427018.99890881573,7.902025551525604,-0.0008755636808928102,-0.004032326338347048,-0.01638737212158148,0,-0.004126276579282843,1.0442676273858232e-05,-0.01638737212158148,41_LHN_0
59767,65,2026-02-24 19:53:58.280000+00:00,124370.27728218494,426819.4966039037,9.709800507984461,-0.0011923062120331451,-0.0018535201670601964,-0.025578759765991776,0,0.0021017329420600444,0.0006632116956231367,-0.025578759765991776,30_KW_1
59768,109,2026-02-24 19:54:05.040000+00:00,124446.57141553363,427018.96539601113,10.381065089313418,0.002360719663556665,0.00020554254297167063,-0.004760152154549502,0,0.0007077307824882935,0.0022614955685105517,-0.004760152154549502,40_LHN_0
59769,153,2026-02-24 19:54:13.880000+00:00,124370.27775473148,426819.496580175,9.709923144831102,0.003915926601621322,-0.0025429222150705755,-0.016157332281887093,0,0.0014240751860068851,-0.0044466779066831925,-0.016157332281887093,29_KW_1
59770,163,2026-02-24 19:54:32.100000+00:00,124091.0569377162,427154.20557263267,9.845335031350459,-0.02637695321755018,0.002588930889032781,-0.011435041645048827,0,0.02270749254886136,-0.013668065200767254,-0.011435041645048827,907_GSL_1
59771,108,2026-02-24 19:54:50.110000+00:00,124422.71363168827,427023.8363572588,10.301158106908092,0.0029068482836009935,-0.0024622359196655452,-0.027164377434564457,0,-0.001716899611103536,0.0034006805779663875,-0.027164377434564457,39_LHN_0
59772,177,2026-02-24 19:55:03.400000+00:00,124422.72881376758,427023.89711220533,7.765671995431558,0.002307930524693802,-0.002307332179043442,-0.02746062430159668,0,-0.0017058231670107255,0.002782174044547225,-0.02746062430159668,42_LHN_0
59773,107,2026-02-24 19:55:18.060000+00:00,124409.92304745642,426969.52515350777,6.270449426976667,0.0022299491247395054,0.0007424546638503671,-0.018630896453366574,0,0.0012514162206140641,0.0019894394862834254,-0.018630896453366574,38_P9_0
59774,167,2026-02-24 19:55:18.610000+00:00,124669.37774743786,426931.30245882703,13.845719465668349,0.0015144499047892168,-0.003961790120229125,0.036347500851565684,0,0.0013159199862604308,0.004032083091978824,0.036347500851565684,908_GSL_1
59775,106,2026-02-24 19:55:32.710000+00:00,124410.03433856247,426969.4503415117,8.90539968514405,0.0021347442525438964,0.0007801707834005356,-0.018487539194481428,0,0.0012706102931469153,0.0018845023104231298,-0.018487539194481428,37_P9_0
59776,151,2026-02-24 19:55:41.490000+00:00,124403.03610486054,426812.8379736255,6.60617277057402,-0.0008804849057924002,0.00028969976119697094,-0.002572531901709141,0,-0.0001087244143451203,0.0009205208431595367,-0.002572531901709141,27_KW_1
59777,160,2026-02-24 19:55:49.110000+00:00,124421.81410347257,426965.61802051775,5.577208431267198,0.002897311933338642,-0.00061752088367939,-0.014972798620140892,0,0.0008804477444425143,0.0028285261621828358,-0.014972798620140892,38a_P9_0
59778,113,2026-02-24 19:55:56.690000+00:00,124414.08060727897,426875.913225468,7.332767575595003,0.0033726647961884737,-0.0020066701690666378,0.029417630469726674,0,0.0011504535279958075,-0.0037520727171515434,0.029417630469726674,32_P7_0
59779,112,2026-02-24 19:56:12.060000+00:00,124413.95392429504,426875.86551691114,10.698604370748345,0.003189670227584429,-0.0017491542967036366,0.02933876382768119,0,0.0009348318418384623,-0.0035156260241812134,0.02933876382768119,31_P7_0
59780,161,2026-02-24 19:56:29.360000+00:00,124402.99275152141,426879.6433859026,6.57835206722456,0.0013477748143486679,-0.004120984405744821,0.03672774640083798,0,0.0029671563253111134,-0.003161485847469641,0.03672774640083798,34a_P7_0
59781,133,2026-02-24 20:00:23.590000+00:00,124806.22558143659,426258.5104691394,4.5767418360723635,0.003685343064717017,-0.0010146739659830928,-0.01141526811220217,0,0.002787061750077184,-0.0026160282038155437,-0.01141526811220217,903_GSL_1
59782,153,2026-02-24 20:00:41.620000+00:00,124370.27794573201,426819.49647419836,9.709730820057056,0.004106927139218897,-0.0026488988660275936,-0.016349657055933164,0,0.001476114741275748,-0.004658819700297857,-0.016349657055933164,29_KW_1
59783,130,2026-02-24 20:00:44.800000+00:00,124898.94108263476,426720.7698122239,4.122390345393378,0.002709637497900985,0.00013552512973546982,0.03232761292318376,0,0.002447528023941643,-0.001170516553851864,0.03232761292318376,901_GSL_1
59784,136,2026-02-24 20:00:59.780000+00:00,123855.61776671313,426533.07374392275,6.018607528951157,0.00199660133512225,-0.00036460335832089186,-0.0036850134855814787,0,-0.0014059657615663813,-0.0014637666404225397,-0.0036850134855814787,904_GSL_1
59785,132,2026-02-24 20:01:08.590000+00:00,124806.21558667916,426258.50035876175,4.628020925889975,0.001452391385100782,-0.00478298868983984,0.045388751679653616,0,0.004868158215254333,0.0011346616825743902,0.045388751679653616,903_GSL_1
59786,140,2026-02-24 20:01:17.340000+00:00,123928.08941143825,426940.4318508458,7.121898786214958,0.00188770578824915,-0.002587831113487482,-0.013674919987385792,0,-0.001971052946807989,-0.002524926394135629,-0.013674919987385792,905_GSL_1
59787,135,2026-02-24 20:01:32.050000+00:00,123855.61284806265,426533.0743080733,6.05747676703022,-0.0008022155816433951,-0.0023268479853868484,0.03627831991186259,0,0.0019702612944510465,-0.0014750734958361815,0.03627831991186259,904_GSL_1
59788,5,2026-02-24 20:01:32.250000+00:00,124424.61876217707,426919.1423714699,8.790132177,-0.0011231268581468612,-0.003366058866959065,-0.01711256940386896,11,-0.003530518067506543,-0.00035666288051106184,-0.01711256940386896,TS4
59789,145,2026-02-24 20:01:34.640000+00:00,124266.92263619072,427056.31556032976,7.093984548282842,0.004312437886255793,0.0008137221448123455,-0.013982388008804136,0,-0.002486088706338038,0.0036164384684369785,-0.013982388008804136,906_GSL_1
59790,6,2026-02-24 20:01:34.840000+00:00,124399.03825963629,426925.07800743886,8.579934248872014,-0.0009111080871662125,0.0025582239613868296,0.032627553050456726,11,-0.0018478208812878654,0.0019900215510868053,0.032627553050456726,TS5
59791,66,2026-02-24 20:06:22.880000+00:00,124898.94223421418,426720.7741023458,4.124980344562371,0.004628550494089723,-0.00010280899005010724,0.04269381415860707,0,0.0043098213637315815,-0.0016910024179451043,0.04269381415860707,901_GSL_1
59792,71,2026-02-24 20:06:23.220000+00:00,124806.22692328964,426258.51123654644,4.575684669290377,-0.0008386458503082395,-0.003869585634674877,-0.01581899385889063,0,0.002864995192506544,0.00273291463336047,-0.01581899385889063,903_GSL_1
59793,67,2026-02-24 20:06:39.810000+00:00,123855.61841088303,426533.0728934918,6.01201451172828,0.00041640888957772404,-0.0182092129252851,-0.03239363660929584,0,0.010314915876677974,-0.015011706837623295,-0.03239363660929584,904_GSL_1
59794,71,2026-02-24 20:06:46.680000+00:00,124806.23190721736,426258.511682133,4.6287944638508565,0.004145281869568862,-0.0034239990636706352,0.03729080070158908,0,0.005038328092560001,-0.0018768008413026689,0.03729080070158908,903_GSL_1
59795,68,2026-02-24 20:06:56.010000+00:00,123928.08921870671,426940.4293614545,7.125711391741071,-0.019731655149371363,-0.018373550730757415,0.006898110700844562,0,0.019121721550299134,-0.019007507630992956,0.006898110700844562,905_GSL_1
59796,67,2026-02-24 20:07:04.870000+00:00,123855.62030797312,426533.0642153835,6.057236248436553,0.002313498975127004,-0.02688732120441273,0.012828100098976947,0,0.013181306497800251,-0.023548534520607112,0.012828100098976947,904_GSL_1
59797,69,2026-02-24 20:07:12.540000+00:00,124266.92174933727,427056.3148216024,7.095083767408109,-0.0208478593849577,-1.6781617887318134e-05,0.00458239648067682,0,0.014777757896877155,-0.014705488570562785,0.00458239648067682,906_GSL_1
59798,159,2026-02-24 20:07:41.910000+00:00,124421.80790039539,426965.61568345095,5.627240089822838,-5.025701830163598e-05,-0.002490457729436457,0.03801419327322275,0,-0.002482881543950788,-0.00020051111866157078,0.03801419327322275,38a_P9_0
59799,162,2026-02-24 20:07:52.350000+00:00,124402.99857536308,426879.6466691093,6.529143115093569,0.0031472347618546337,-0.0010644785943441093,-0.015529928196998277,0,0.0013335133957492785,-0.0030430155023266365,-0.015529928196998277,34a_P7_0
59800,110,2026-02-24 20:08:03.510000+00:00,124434.1407311776,426963.93184972386,8.782696382014471,0.0006453351234085858,-0.00023684959160163999,0.03163602175668245,0,-9.748695859613206e-05,0.0006804788339473274,0.03163602175668245,35_P9_0
59801,104,2026-02-24 20:08:10.350000+00:00,124389.81780192816,426881.44499458966,10.706684402801468,0.0007057178881950676,0.0006550215184688568,-0.019227465258738974,0,-0.0007868028586932879,-0.0005550064764737641,-0.019227465258738974,33_P7_0
59802,111,2026-02-24 20:08:19.850000+00:00,124434.26316257108,426963.9751969613,6.4987975405062395,0.0014718117599841207,-0.002866818045731634,0.03750503089147106,0,-0.0024932591462344706,0.0020416988989266404,0.03750503089147106,36_P9_0
59803,105,2026-02-24 20:08:27.880000+00:00,124389.68918347661,426881.47298844997,7.043198503906763,0.0004980392550351098,0.0010352358222007751,-0.01909739281602718,0,-0.0011166508541364864,-0.00026990216205117226,-0.01909739281602718,34_P7_0
59804,176,2026-02-24 20:08:34.040000+00:00,124446.56575441876,427018.9996118595,7.902084253021231,-0.0014916551881469786,-0.0033292825683020055,-0.016328670625954445,0,-0.003571877407156977,-0.0007421922986443234,-0.016328670625954445,41_LHN_0
59805,153,2026-02-24 20:08:44.160000+00:00,124370.27734121754,426819.4966418455,9.70999992463594,0.0035024126700591296,-0.002481251722201705,-0.016080552477049537,0,0.001473277338494441,-0.004031495814731598,-0.016080552477049537,29_KW_1
59806,109,2026-02-24 20:08:47.570000+00:00,124446.57090904856,427018.9659340383,10.3817770239159,0.001854234593338333,0.0007435696898028255,-0.0040482175520679675,0,0.0011244381118025685,0.001651278517831537,-0.0040482175520679675,40_LHN_0
59807,65,2026-02-24 20:09:01.140000+00:00,124370.27737411993,426819.49652867863,9.709949722780637,-0.0011003712133970112,-0.0019287452450953424,-0.025429544969815865,0,0.002150149224116848,0.0005547371826193176,-0.025429544969815865,30_KW_1
59808,167,2026-02-24 20:09:03.950000+00:00,124669.37819762007,426931.30228233035,13.845693509734762,0.001964632116141729,-0.004138286807574332,0.03632154491797834,0,0.0017567977321801143,0.004230704289090185,0.03632154491797834,908_GSL_1
59809,163,2026-02-24 20:09:18.550000+00:00,124091.0588976505,427154.20803282957,9.846510863315007,-0.024417018925305456,0.005049127794336528,-0.010259209680500092,0,0.0226036091138259,-0.010524322292272946,-0.010259209680500092,907_GSL_1
59810,151,2026-02-24 20:09:20.660000+00:00,124403.03629772799,426812.8391972749,6.606197432179998,-0.0006876174593344331,0.001513349125161767,-0.0025478702957304478,0,-0.0013462859663993412,0.0009749653540950149,-0.0025478702957304478,27_KW_1
59811,113,2026-02-24 20:09:35.420000+00:00,124414.08004701516,426875.91398393054,7.333757097180312,0.0028124009841121733,-0.0012482076417654753,0.030407152055035525,0,0.0005463542057428603,-0.0030280552660517835,0.030407152055035525,32_P7_0
59812,108,2026-02-24 20:09:41.240000+00:00,124422.71373914984,427023.8363394632,10.300709901130116,0.00301430985564366,-0.002480031515005976,-0.027612583212540898,0,-0.0017091581804615436,0.0035093302117946558,-0.027612583212540898,39_LHN_0
59813,112,2026-02-24 20:09:50.460000+00:00,124413.95378214646,426875.86622332764,10.699556738874827,0.003047521648113616,-0.0010427378001622856,0.03029113195416322,0,0.00028300119860153947,-0.003208520007292849,0.03029113195416322,31_P7_0
59814,177,2026-02-24 20:09:59.250000+00:00,124422.72957026324,427023.8969274947,7.7652465801831,0.003064426186028868,-0.0024920428404584527,-0.02788603955005442,0,-0.0017091148763998414,0.0035608863654388663,-0.02788603955005442,42_LHN_0
59815,161,2026-02-24 20:10:08.060000+00:00,124402.99245507842,426879.64422447095,6.579247840406844,0.0010513318266021088,-0.003282416029833257,0.03762351958312227,0,0.002374062845526443,-0.002498675490739792,0.03762351958312227,34a_P7_0
59816,107,2026-02-24 20:10:14.490000+00:00,124409.92337429519,426969.5251727326,6.270374680262851,0.002556787891080603,0.0007616794900968671,-0.018705643167182373,0,0.0013478083026012672,0.0023023320231994582,-0.018705643167182373,38_P9_0
59817,106,2026-02-24 20:10:30.920000+00:00,124410.03467065701,426969.45041457727,8.905299477535737,0.0024668387923156843,0.0008532363572157919,-0.01858774680279396,0,0.0014213891011787784,0.002189282743639698,-0.01858774680279396,37_P9_0
59818,160,2026-02-24 20:10:47.520000+00:00,124421.81428175324,426965.6179860305,5.5773203770773465,0.0030755925981793553,-0.0006520081078633666,-0.014860852809992053,0,0.000937685426742996,0.0030008549520376703,-0.014860852809992053,38a_P9_0
59819,130,2026-02-24 20:15:23.120000+00:00,124898.93972615582,426720.7668548258,4.123051390529528,0.0013531585573218763,-0.0028218730003573,0.03298865805933371,0,0.002337170656736307,0.002081258905732228,0.03298865805933371,901_GSL_1
59820,153,2026-02-24 20:15:53.380000+00:00,124370.27649127418,426819.4968150855,9.709411963634718,0.0026524693093961105,-0.002308011695276946,-0.016668513478270697,0,0.001529561570938176,-0.0031659047401228894,-0.016668513478270697,29_KW_1
59821,132,2026-02-24 20:16:06.370000+00:00,124806.21819121401,426258.50295767747,4.627715420877824,0.00405692623462528,-0.0021840729750692844,0.045083246667503296,0,0.003920410265123669,-0.0024205802169586965,0.045083246667503296,903_GSL_1
59822,136,2026-02-24 20:16:10.620000+00:00,123855.61531374001,426533.0770764694,6.015894442510113,-0.0004563717811834067,0.0029679432627744973,-0.0063980999266251,0,-0.0013662080500618668,0.0026740302873481435,-0.0063980999266251,904_GSL_1
59823,140,2026-02-24 20:16:28+00:00,123928.08928897952,426940.434216594,7.1217325061783985,0.0017652470560278744,-0.00022208294831216335,-0.013841200023945177,0,-0.001771547861578002,-0.0001644268192373397,-0.013841200023945177,905_GSL_1
59824,135,2026-02-24 20:16:28.950000+00:00,123855.61290238552,426533.0740521568,6.058519964414162,-0.0007478927145712078,-0.00258276448585093,0.037321517295804796,0,0.0020689962869414862,-0.0017173439569590752,0.037321517295804796,904_GSL_1
59825,5,2026-02-24 20:16:29.150000+00:00,124424.61878708922,426919.1415071597,8.790782567052565,-0.0010982147068716586,-0.004230369057040662,-0.01646217935130423,11,-0.004360478668947299,0.00029719299926461755,-0.01646217935130423,TS4
59826,145,2026-02-24 20:16:45.610000+00:00,124266.92301639092,427056.3162273168,7.094025361213725,0.004692638089181855,0.0014807091793045402,-0.013941575077921264,0,-0.0022857803017820623,0.004357586524866966,-0.013941575077921264,906_GSL_1
59827,133,2026-02-24 20:17:05.910000+00:00,124806.22098229142,426258.5076534209,4.57779139509384,-0.0009138021123362705,-0.0038303924375213683,-0.010365709090725872,0,0.0027923939765136215,0.0027765943898707215,-0.010365709090725872,903_GSL_1
59828,6,2026-02-24 20:17:06.110000+00:00,124399.03849748353,426925.07801039814,8.571370660618992,-0.0006732608453603461,0.0025611832388676703,0.024063964797434778,11,-0.001960339746170358,0.0017804515799472768,0.024063964797434778,TS5
59829,71,2026-02-24 20:21:19.710000+00:00,124806.22834695927,426258.5149987383,4.603276721854154,0.0005850237794220448,-0.00010739377466961741,0.011773058704886985,0,0.0003966228931017739,-0.0004432567269592427,0.011773058704886985,903_GSL_1
59830,66,2026-02-24 20:21:23.320000+00:00,124898.9416411698,426720.7714774276,4.12664341753136,0.004035506120999344,-0.002727727172896266,0.04435688712759589,0,0.0047754778056996044,0.0009594878371560114,0.04435688712759589,901_GSL_1
59831,67,2026-02-24 20:21:38.120000+00:00,123855.61705655108,426533.07582339953,6.0377175022803975,-0.0009379230614285916,-0.015279305167496204,-0.006690646057178284,0,0.009699317866746325,-0.01184314565436275,-0.006690646057178284,904_GSL_1
59832,71,2026-02-24 20:21:47.180000+00:00,124806.22769867242,426258.5082969678,4.623088621186288,-6.32630690233782e-05,-0.0068091643042862415,0.03158495803702088,0,0.005864507352800554,0.00346067540338825,0.03158495803702088,903_GSL_1
59833,68,2026-02-24 20:21:54.180000+00:00,123928.08847223256,426940.43060411053,7.147914327779901,-0.020478129299590364,-0.017130894702859223,0.029101046739675063,0,0.019908428257499996,-0.017789767206098206,0.029101046739675063,905_GSL_1
59834,69,2026-02-24 20:22:10.220000+00:00,124266.92215121505,427056.3186558213,7.119987592709258,-0.020445981601369567,0.0038174372748471797,0.02948622178182525,0,0.01719509524219434,-0.011702123337360665,0.02948622178182525,906_GSL_1
59835,162,2026-02-24 20:22:50.110000+00:00,124402.99785262976,426879.64905140846,6.55452039264163,0.0024245014501502737,0.0013178205699659884,0.009847349351062462,0,-0.0011024750588225821,-0.00252970493952959,0.009847349351062462,34a_P7_0
59836,67,2026-02-24 20:22:55.080000+00:00,123855.61569188787,426533.06946965115,6.059150051049812,-0.0023025862756185234,-0.02163305354770273,0.01474190271223641,0,0.014051179835444565,-0.016608890829505642,0.01474190271223641,904_GSL_1
59837,104,2026-02-24 20:23:07.840000+00:00,124389.81719788298,426881.44744636916,10.732235551996212,0.00010167270374950022,0.0031068010139279068,0.006323683936004798,0,-0.0030606847356210234,0.000542916962313455,0.006323683936004798,33_P7_0
59838,105,2026-02-24 20:23:25+00:00,124389.68872633316,426881.4753455212,7.068725730372783,4.089580033905804e-05,0.003392307029571384,0.006429833649993277,0,-0.003325491638129988,0.0006712114525932411,0.006429833649993277,34_P7_0
59839,159,2026-02-24 20:23:31.990000+00:00,124421.8077527017,426965.61496739194,5.6280090683984945,-0.00019795070693362504,-0.0032065167324617505,0.03878317184887958,0,-0.003188718708846152,-0.0003911611353230701,0.03878317184887958,38a_P9_0
59840,65,2026-02-24 20:23:41.370000+00:00,124370.27680809736,426819.49894979753,9.734968062582558,-0.0016663937858538702,0.0004923736560158432,-0.00041120516789483474,0,-3.709396873335718e-05,0.001737217345110971,-0.00041120516789483474,30_KW_1
59841,110,2026-02-24 20:23:50+00:00,124434.14155674128,426963.9310195605,8.782752849618834,0.0014708988019265234,-0.0010670129559002817,0.03169248936104552,0,-0.0007378518916869199,0.0016606126940084409,0.03169248936104552,35_P9_0
59842,153,2026-02-24 20:23:57.720000+00:00,124370.27670599052,426819.4987754938,9.735438025754421,0.0028671856416622177,-0.0003476034034974873,0.009357548641432345,0,-0.00041830591911997067,-0.00285772668180605,0.009357548641432345,29_KW_1
59843,111,2026-02-24 20:24:06.410000+00:00,124434.26304717973,426963.9744849103,6.499832680414109,0.0013564204127760604,-0.0035788690438494086,0.038540170799340245,0,-0.0032136639572576844,0.002078591816360788,0.038540170799340245,36_P9_0
59844,163,2026-02-24 20:24:15.320000+00:00,124091.05645704595,427154.2082525354,9.870949966895667,-0.02685762346663978,0.005268833599984646,0.014179893900159612,0,0.024692886037556042,-0.011804826339950827,0.014179893900159612,907_GSL_1
59845,176,2026-02-24 20:24:20.530000+00:00,124446.56631322428,427018.99863615335,7.90340356179276,-0.0009328496671514586,-0.004304988717194647,-0.015009361854425585,0,-0.00440487986199456,1.3029124014236609e-05,-0.015009361854425585,41_LHN_0
59846,108,2026-02-24 20:24:33.700000+00:00,124422.71290303035,427023.8388360367,10.326079301160794,0.002178190363338217,1.654197694733739e-05,-0.0022431831818625625,0,0.0005238011977467127,0.002114336586539596,-0.0022431831818625625,39_LHN_0
59847,109,2026-02-24 20:24:34.110000+00:00,124446.57147578325,427018.965100642,10.382649144195492,0.0024209692783188075,-8.982658619061112e-05,-0.0031760972724761416,0,0.00043219588920245436,0.002383771754070982,-0.0031760972724761416,40_LHN_0
59848,177,2026-02-24 20:24:47.010000+00:00,124422.72865840996,427023.8993424066,7.791112104271559,0.002152572909835726,-7.713091326877475e-05,-0.002020515461595096,0,0.0004267627067058296,0.0021112538696484214,-0.002020515461595096,42_LHN_0
59849,107,2026-02-24 20:25:01.720000+00:00,124409.92244446867,426969.5277458998,6.295820569675584,0.0016269613697659224,0.003334846696816385,0.006740246245550807,0,0.003626088883225927,0.0007872008644069885,0.006740246245550807,38_P9_0
59850,106,2026-02-24 20:25:18.100000+00:00,124410.03382554068,426969.45291231683,8.930847623421549,0.001621722462004982,0.003350975923240185,0.006960399083018487,0,0.0036426406594200697,0.0007682398116777276,0.006960399083018487,37_P9_0
59851,160,2026-02-24 20:25:34.600000+00:00,124421.81340832697,426965.6204227311,5.602739071942064,0.002202166331699118,0.001784692460205406,0.010557842054725874,0,0.002634516050707248,0.0010459392470641205,0.010557842054725874,38a_P9_0
59852,167,2026-02-24 20:26:19.100000+00:00,124669.37906325745,426931.3006815727,13.848623226212638,0.0028302694990998134,-0.005739044456277043,0.03925126139585444,0,0.0025418903525077133,0.005872465423013334,0.03925126139585444,908_GSL_1
59853,151,2026-02-24 20:26:35.990000+00:00,124403.03557942285,426812.8384330743,6.606835950476491,-0.0014059225941309705,0.0007491485448554158,-0.0019093519992381403,0,-0.00045444720918753955,0.0015268659459849777,-0.0019093519992381403,27_KW_1
59854,113,2026-02-24 20:26:51.130000+00:00,124414.08002814728,426875.9131224056,7.334641637967612,0.00279353310179431,-0.0021097325952723622,0.03129169284233502,0,0.001387804346301032,-0.0032138447241214316,0.03129169284233502,32_P7_0
59855,112,2026-02-24 20:27:06.890000+00:00,124413.95379091213,426875.8654252773,10.700450474351957,0.0030562873143935576,-0.001840788114350289,0.031184867431292673,0,0.0010557389245062618,-0.0034080505209486906,0.031184867431292673,31_P7_0
59856,161,2026-02-24 20:27:24.650000+00:00,124402.99238051327,426879.643405858,6.580054904610817,0.0009767666779225692,-0.004101028956938535,0.038430583787095074,0,0.003127857481109038,-0.0028264853133562334,0.038430583787095074,34a_P7_0
59857,130,2026-02-24 20:30:22.360000+00:00,124898.93969744982,426720.76714940014,4.124077049879829,0.001324452561675571,-0.0025272986385971308,0.034014317409634565,0,0.002197025941563571,0.0018205740877208477,0.034014317409634565,901_GSL_1
59858,133,2026-02-24 20:30:23.410000+00:00,124806.22464371583,426258.5126227164,4.602708310944559,0.0027476223040139303,0.0011389030260033906,0.014551206759993107,0,0.00046041979053793074,-0.0029384591276101673,0.014551206759993107,903_GSL_1
59859,153,2026-02-24 20:30:45.270000+00:00,124370.27711928099,426819.49876682874,9.735462721400372,0.0032804761140141636,-0.00035626848693937063,0.009382244287383656,0,-0.0005185854823912818,-0.0032587604801299123,0.009382244287383656,29_KW_1
59860,132,2026-02-24 20:30:56.580000+00:00,124806.22164287466,426258.5050784274,4.6245494028598095,0.007508586888434365,-6.332306656986475e-05,0.041917228649488436,0,0.003810431158862294,-0.006470201021258894,0.041917228649488436,903_GSL_1
59861,136,2026-02-24 20:31:04.360000+00:00,123855.61637606185,426533.07676394144,6.038151152427542,0.0006059500592527911,0.002655415330082178,0.015858609990803352,0,-0.002044933232896843,0.0017990703495244344,0.015858609990803352,904_GSL_1
59862,140,2026-02-24 20:31:20.330000+00:00,123928.08838682738,426940.4325217203,7.147200282461452,0.0008630949159851298,-0.0019169566221535206,0.011626576259108568,0,-0.0009251099754831761,-0.001887810122464421,0.011626576259108568,905_GSL_1
59863,135,2026-02-24 20:31:32.020000+00:00,123855.61387681054,426533.07252336276,6.055989886396487,0.00022653231280855834,-0.0041115585481747985,0.034791439278129666,0,0.0021210016113235816,-0.003529530103084322,0.034791439278129666,904_GSL_1
59864,5,2026-02-24 20:31:32.220000+00:00,124424.61893143022,426919.1408035751,8.794813027248924,-0.0009538737067487091,-0.004933953634463251,-0.012431719154944787,11,-0.005015336469482879,0.0003165021537598963,-0.012431719154944787,TS4
59865,145,2026-02-24 20:31:36.230000+00:00,124266.92172780393,427056.31893551716,7.11966579320738,0.0034040510945487767,0.004188909544609487,0.011698856915733913,0,0.0005369651487616789,0.005370865428982049,0.011698856915733913,906_GSL_1
59866,6,2026-02-24 20:31:36.430000+00:00,124399.03838611484,426925.0776948763,8.570872321859325,-0.0007846295338822529,0.002245661395136267,0.023565626037767018,11,-0.0023713545753023405,0.00018792574394771382,0.023565626037767018,TS5
59867,71,2026-02-24 20:36:24.930000+00:00,124806.22704247721,426258.51391903416,4.59887357041136,-0.0007194582722149789,-0.0011870979215018451,0.007369907262092745,0,0.0006379755521214401,0.0012328052869727266,0.007369907262092745,903_GSL_1
59868,66,2026-02-24 20:36:27.820000+00:00,124898.94073177846,426720.7683430723,4.1268989817366615,0.0031261147814802825,-0.005862082471139729,0.04461245133289715,0,0.005145832205105341,0.00420202515965027,0.04461245133289715,901_GSL_1
59869,67,2026-02-24 20:36:42.460000+00:00,123855.61714776055,426533.0750113571,6.044153871270902,-0.0008467135921819136,-0.01609134761383757,-0.0002542770666735805,0,0.0101003994857997,-0.012555091483688953,-0.0002542770666735805,904_GSL_1
59870,68,2026-02-24 20:36:58.590000+00:00,123928.08826289682,426940.4317847665,7.146312450453708,-0.020687465032096952,-0.015950238739605993,0.027499169413482072,0,0.020156153895511557,-0.016616581641394124,0.027499169413482072,905_GSL_1
59871,69,2026-02-24 20:37:14.690000+00:00,124266.92132926012,427056.31890964974,7.120176059237446,-0.021267936535878107,0.004071265691891313,0.02967468831001341,0,0.017957075796371156,-0.012101394864704284,0.02967468831001341,906_GSL_1
59872,162,2026-02-24 20:37:53.870000+00:00,124402.99772817976,426879.64863076725,6.5541009391481975,0.0023000514484010637,0.0008971793577075005,0.009427895857630375,0,-0.00069421176463236,-0.002369227192785508,0.009427895857630375,34a_P7_0
59873,104,2026-02-24 20:38:11.270000+00:00,124389.81716910619,426881.44710911746,10.731650911404035,7.289591303560883e-05,0.0027695493190549314,0.005739043343828243,0,-0.0027247714960879133,0.0005013357546811943,0.005739043343828243,33_P7_0
59874,105,2026-02-24 20:38:27.850000+00:00,124389.68852942411,426881.4749530405,7.068023419296033,-0.00015601325139869004,0.0029998263344168663,0.005727522573242716,0,-0.002900451964317696,0.0007814579796499235,0.005727522573242716,34_P7_0
59875,159,2026-02-24 20:38:30.770000+00:00,124421.8080277235,426965.6143566792,5.632550341419602,7.707109034527093e-05,-0.0038172294734977186,0.04332444486998721,0,-0.0038149198398412325,-0.0001535168456307797,0.04332444486998721,38a_P9_0
59876,65,2026-02-24 20:38:43.680000+00:00,124370.27692762265,426819.4984683841,9.734529416538045,-0.001546868501463905,1.0960211511701345e-05,-0.0008498512124077706,0,0.0003959801593471468,0.0014953668447778882,-0.0008498512124077706,30_KW_1
59877,153,2026-02-24 20:38:58.660000+00:00,124370.27726363578,426819.4984827564,9.734734190773523,0.0034248309093527496,-0.0006403408478945494,0.008653713660534024,0,-0.0002824484163089154,-0.003472711628002659,0.008653713660534024,29_KW_1
59878,163,2026-02-24 20:39:16.910000+00:00,124091.05579421687,427154.2074483922,9.870219298275243,-0.027520452553289942,0.004464690398890525,0.0134492252797358,0,0.024744647594530562,-0.012845667928072912,0.0134492252797358,907_GSL_1
59879,108,2026-02-24 20:39:34.940000+00:00,124422.71235623985,427023.8385689316,10.325836187383498,0.0016313998639816418,-0.00025056308368220925,-0.002486296959158807,0,0.00013660256134716644,0.0016448668989729992,-0.002486296959158807,39_LHN_0
59880,177,2026-02-24 20:39:47.930000+00:00,124422.72817630351,427023.8991141256,7.790406794678315,0.0016704664594726637,-0.00030541192973032594,-0.002725825054839426,0,9.239095283646284e-05,0.0016956410442303844,-0.002725825054839426,42_LHN_0
59881,107,2026-02-24 20:40:02.110000+00:00,124409.9223178374,426969.52734000847,6.295497545880986,0.001500330094131641,0.0029289553640410304,0.006417222450952664,0,0.0032017280643899426,0.0007607281496037952,0.006417222450952664,38_P9_0
59882,106,2026-02-24 20:40:17.010000+00:00,124410.0336266002,426969.45251680457,8.930184058004135,0.001422781977453269,0.0029554636566899717,0.006296833665604851,0,0.0032108930041598745,0.0006702537558404802,0.006296833665604851,37_P9_0
59883,176,2026-02-24 20:40:30.670000+00:00,124446.56755728861,427018.9977545415,7.90884075204549,0.00031121466599870473,-0.005186600552406162,-0.00957217160169499,0,-0.004998885814089125,0.0014173286408773013,-0.00957217160169499,41_LHN_0
59884,160,2026-02-24 20:40:32.680000+00:00,124421.81324829774,426965.6201172433,5.602004461011,0.002042137100943364,0.0014792046858929098,0.009823231123661458,0,0.0022897969501681063,0.0010560304772201166,0.009823231123661458,38a_P9_0
59885,109,2026-02-24 20:40:43.630000+00:00,124446.57146335371,427018.9644321925,10.38663827587771,0.0024085397453745827,-0.0007582760881632566,0.0008130344097416753,0,-0.00022333318185169368,0.0025151875915750757,0.0008130344097416753,40_LHN_0
59886,151,2026-02-24 20:41:36.540000+00:00,124403.0351494332,426812.83788756526,6.6113320642899485,-0.001835912247770466,0.00020363950170576572,0.0025867618142196847,0,0.0001657116698984293,0.0018397234766747014,0.0025867618142196847,27_KW_1
59887,113,2026-02-24 20:41:53.770000+00:00,124414.08005440286,426875.91225493985,7.338277363667278,0.0028197886858833954,-0.0029771983390673995,0.034927418542001654,0,0.0022243270443146968,-0.0034448929421844053,0.034927418542001654,32_P7_0
59888,112,2026-02-24 20:42:11.040000+00:00,124413.9536317578,426875.8644651076,10.703979585595786,0.002897132988437079,-0.002800957823637873,0.03471397867512138,0,0.0020260687229858923,-0.0034833589841167514,0.03471397867512138,31_P7_0
59889,161,2026-02-24 20:45:02.090000+00:00,124402.99191976605,426879.64264288015,6.583927981938006,0.0005160194559721276,-0.004864006827119738,0.04230366111428374,0,0.0040183371716637165,-0.002788871611966896,0.04230366111428374,34a_P7_0
59890,130,2026-02-24 20:45:23.790000+00:00,124898.93851145699,426720.76350117935,4.129083844102117,0.0001384597271680832,-0.006175519432872534,0.039021111631922345,0,0.002510489491599164,0.005643904134055072,0.039021111631922345,901_GSL_1
59891,133,2026-02-24 20:45:28.370000+00:00,124806.21406660964,426258.50589990814,4.604591160296145,-0.007829483889508992,-0.0055839052074588835,0.016434056111579665,0,0.0006836633357951521,0.009592362575781669,0.016434056111579665,903_GSL_1
59892,153,2026-02-24 20:45:46.220000+00:00,124370.27695294004,426819.49836447235,9.73513126763695,0.0031141351646510884,-0.0007586248684674501,0.009050790523961183,0,-8.66529443029941e-05,-0.0032040350781502593,0.009050790523961183,29_KW_1
59893,136,2026-02-24 20:46:03.770000+00:00,123855.61707566165,426533.0752345389,6.038301350079518,0.001305549856624566,0.0011260127648711205,0.016008807642779566,0,-0.0017175676036388105,0.00014942122244033357,0.016008807642779566,904_GSL_1
59894,140,2026-02-24 20:46:19.690000+00:00,123928.08817448873,426940.43220551533,7.146997636240837,0.0006507562648039311,-0.0022331615909934044,0.011423930038493069,0,-0.0007231907195516716,-0.0022107667427442666,0.011423930038493069,905_GSL_1
59895,145,2026-02-24 20:46:36.160000+00:00,124266.92084390482,427056.3188383637,7.119417580709266,0.0025201519893016666,0.004091756069101393,0.011450644417619671,0,0.0010956098365198792,0.004679024777058795,0.011450644417619671,906_GSL_1
59896,6,2026-02-24 20:46:36.360000+00:00,124399.03858061957,426925.0775752463,8.570682109945194,-0.0005901248077861965,0.002126031380612403,0.023375414123636418,11,-0.002201698113933932,-0.00014416010270925817,0.023375414123636418,TS5
59897,71,2026-02-24 20:51:23.870000+00:00,124806.22789044055,426258.51408582897,4.597940791957319,0.00012850506755057722,-0.0010203031124547124,0.006437128808051362,0,0.0009376863787153077,0.00042222772154694487,0.006437128808051362,903_GSL_1
59898,66,2026-02-24 20:51:25.740000+00:00,124898.9401577365,426720.76569084986,4.131717636573237,0.0025520728231640533,-0.00851430493639782,0.04943110616947255,0,0.005639548887441184,0.00687036771875143,0.04943110616947255,901_GSL_1
59899,67,2026-02-24 20:51:42.370000+00:00,123855.61680092478,426533.07536336244,6.0341998842728515,-0.0011935493675991893,-0.0157393422559835,-0.010208264064724304,0,0.010175758259985674,-0.012066706202531722,-0.010208264064724304,904_GSL_1
59900,68,2026-02-24 20:51:58.130000+00:00,123928.08832291937,426940.4323176526,7.147999863642861,-0.020627442485420033,-0.015417352609802037,0.029186582602634736,0,0.020113542333968424,-0.01608202598443185,0.029186582602634736,905_GSL_1
59901,69,2026-02-24 20:52:14.400000+00:00,124266.92071158002,427056.3189538027,7.118909709264873,-0.02188561663206201,0.004115418647415936,0.028408338337440497,0,0.018426385801205262,-0.012505406523349383,0.028408338337440497,906_GSL_1
59902,162,2026-02-24 20:52:53.500000+00:00,124402.99786782851,426879.6485586098,6.553865340418815,0.0024397001980105415,0.000825021939817816,0.009192297128247873,0,-0.0006102187725240632,-0.00250208539163088,0.009192297128247873,34a_P7_0
59903,104,2026-02-24 20:53:10.100000+00:00,124389.81721674878,426881.4469223626,10.73154479525045,0.00012053850514348596,0.0025827944627963006,0.005632927190243109,0,-0.002551901438385711,0.00041611995510717304,0.005632927190243109,33_P7_0
59904,105,2026-02-24 20:53:26.510000+00:00,124389.68872548448,426881.4749362649,7.067808351553865,4.004711809102446e-05,0.002983050770126283,0.005512454831075431,0,-0.0029251503240348095,0.0005862518661952874,0.005512454831075431,34_P7_0
59905,159,2026-02-24 20:53:28.950000+00:00,124421.80803500142,426965.6145367457,5.6322387820654,8.434901246801019e-05,-0.00363716296851635,0.04301288551578519,0,-0.003635621137846206,-0.00013538152568519363,0.04301288551578519,38a_P9_0
59906,65,2026-02-24 20:53:42.530000+00:00,124370.27689699625,426819.4984626478,9.734406265858205,-0.0015774948988109827,5.223904736340046e-06,-0.0009730018922482486,0,0.00040956721855525083,0.0015234080669473567,-0.0009730018922482486,30_KW_1
59907,153,2026-02-24 20:53:57.160000+00:00,124370.27722924273,426819.4983202325,9.734398929631602,0.0033904378506122157,-0.0008028647280298173,0.00831845251861374,0,-0.0001166063213691317,-0.0034822497837167185,0.00831845251861374,29_KW_1
59908,163,2026-02-24 20:54:15.500000+00:00,124091.05704358507,427154.20899107604,9.871238703224702,-0.02627108435262926,0.0060073742642998695,0.01446863022919409,0,0.024663152697974946,-0.010862196721230268,0.01446863022919409,907_GSL_1
59909,177,2026-02-24 20:54:30.900000+00:00,124422.7285939936,427023.89888982946,7.790248878399931,0.002088156543322839,-0.0005297080497257411,-0.002883741333223888,0,-2.8366418355943488e-05,0.0021541085658981747,-0.002883741333223888,42_LHN_0
59910,108,2026-02-24 20:54:49.730000+00:00,124422.71311017864,427023.8382087147,10.325850517609407,0.002385338651947677,-0.000610780029091984,-0.0024719667332497863,0,-3.796147448486619e-05,0.002462001554603104,-0.0024719667332497863,39_LHN_0
59911,107,2026-02-24 20:55:04.580000+00:00,124409.92256620686,426969.5271953121,6.295075326782969,0.0017486995639046654,0.0027842589770443738,0.0059950033529361235,0,0.00312024475652301,0.0010363980294477663,0.0059950033529361235,38_P9_0
59912,106,2026-02-24 20:55:19.430000+00:00,124410.03394657826,426969.45241739776,8.930018587405108,0.00174276003963314,0.0028560568462125957,0.006131363066577578,0,0.0031913516584688092,0.0010047625871460004,0.006131363066577578,37_P9_0
59913,160,2026-02-24 20:55:35.530000+00:00,124421.81344533946,426965.61989202275,5.601961276150206,0.0022391788224922493,0.0012539841118268669,0.009780046262867437,0,0.002189929193296825,0.0013381360469542365,0.009780046262867437,38a_P9_0
59914,109,2026-02-24 20:55:55.020000+00:00,124446.57132339478,427018.9646244315,10.38614545912231,0.002268580807140097,-0.0005660370807163417,0.0003202176543428692,0,-6.563672684056592e-05,0.0023372095916626627,0.0003202176543428692,40_LHN_0
59915,151,2026-02-24 20:56:44.270000+00:00,124403.03524275051,426812.83781778836,6.611322291079794,-0.001742594933602959,0.00013386260252445936,0.002576988604065633,0,0.00021552675827097662,0.0017343888016942816,0.002576988604065633,27_KW_1
59916,113,2026-02-24 20:57:00.800000+00:00,124414.08002838568,426875.9121443272,7.338692083501659,0.0027937715058214962,-0.0030878109973855317,0.03534213837638234,0,0.0023379544461270946,-0.003445824283121485,0.03534213837638234,32_P7_0
59917,112,2026-02-24 20:57:17.630000+00:00,124413.95377629227,426875.8644301538,10.703994680771919,0.0030416674562729895,-0.002835911640431732,0.034729073851254455,0,0.00202541026655602,-0.003632058507102531,0.034729073851254455,31_P7_0
59918,133,2026-02-24 21:00:42.580000+00:00,124806.22552572761,426258.51245232945,4.600152377959995,0.003629634084063582,0.0009685161057859659,0.011995273775429638,0,0.0010656155598052239,-0.0036023229325067305,0.011995273775429638,903_GSL_1
59919,153,2026-02-24 21:00:59.360000+00:00,124370.2768472804,426819.49832418404,9.734720839202955,0.0030084755271673203,-0.0007989131845533848,0.008640362089966658,0,-2.0013422593250408e-05,-0.0031126815990290464,0.008640362089966658,29_KW_1
59920,136,2026-02-24 21:01:17.430000+00:00,123855.61443233355,426533.0785748036,6.032133700454949,-0.0013377782452153042,0.004466277488972992,0.009841158018210727,0,-0.0015279573883142735,0.004404841820244407,0.009841158018210727,904_GSL_1
59921,140,2026-02-24 21:01:33.070000+00:00,123928.08836788936,426940.4334568511,7.1454114235294925,0.0008441568934358656,-0.0009818258113227785,0.009837717327148887,0,-0.0008757070165185147,-0.0009537924332553522,0.009837717327148887,905_GSL_1
59922,145,2026-02-24 21:01:50.620000+00:00,124266.92080804677,427056.3194746678,7.11873422760105,0.002484293931047432,0.004728060157503933,0.010767291309403682,0,0.001569472580512237,0.005105195883395218,0.010767291309403682,906_GSL_1
59923,6,2026-02-24 21:01:50.820000+00:00,124399.03862700179,426925.0771865048,8.57109244222452,-0.0005437425861600786,0.0017372898873873055,0.023785746402962715,11,-0.0018194279444953398,5.9279909005582326e-05,0.023785746402962715,TS5
59924,130,2026-02-24 21:02:50.270000+00:00,124898.93839939666,426720.76417836535,4.132980046190263,2.639940066728741e-05,-0.005498333426658064,0.042917313720068684,0,0.0021458221740390283,0.00506239218121862,0.042917313720068684,901_GSL_1
59925,71,2026-02-24 21:06:25.580000+00:00,124806.22484791202,426258.5114270507,4.603647687310794,-0.0029140234692022204,-0.003679081390146166,0.012144024161526268,0,0.0016205185059320814,0.004404667118672289,0.012144024161526268,903_GSL_1
59926,67,2026-02-24 21:06:45.550000+00:00,123855.61544273795,426533.0769140379,6.035801327827716,-0.0025517361937090755,-0.014188666769769043,-0.008606820509859503,0,0.010370102788173985,-0.01001451898338304,-0.008606820509859503,904_GSL_1
59927,68,2026-02-24 21:07:02.520000+00:00,123928.088433757,426940.43230498955,7.147693067647065,-0.02051660485449247,-0.015430015686433762,0.028879786606839097,0,0.020002337396456855,-0.01609108316793122,0.028879786606839097,905_GSL_1
59928,69,2026-02-24 21:07:21.660000+00:00,124266.92031606878,427056.3183375242,7.119723327336021,-0.022281127879978158,0.003499140148051083,0.02922195640858849,0,0.01827259637339787,-0.013221379018639843,0.02922195640858849,906_GSL_1
59929,162,2026-02-24 21:08:00.600000+00:00,124402.99785804126,426879.64816587826,6.554255282379112,0.0024299129436258227,0.0004322903696447611,0.009582239088544497,0,-0.00021981833008627162,-0.002458257874806058,0.009582239088544497,34a_P7_0
59930,104,2026-02-24 21:08:17.640000+00:00,124389.8173541729,426881.44651674625,10.732002916262438,0.0002579626307124272,0.0021771781030111015,0.006091048202231164,0,-0.0021834660315852806,0.00019780116275775467,0.006091048202231164,33_P7_0
59931,105,2026-02-24 21:08:34.260000+00:00,124389.68866768187,426881.47451128415,7.068433812237178,-1.7755490262061357e-05,0.0025580700021237135,0.006137915514387693,0,-0.0024974943639301437,0.000553677970788822,0.006137915514387693,34_P7_0
59932,65,2026-02-24 21:08:49.630000+00:00,124370.2769999053,426819.4979004061,9.734578306017479,-0.0014745858497917652,-0.0005570178036578,-0.0008009617329740593,0,0.0009249967461012159,0.0012763437161282317,-0.0008009617329740593,30_KW_1
59933,159,2026-02-24 21:08:51.420000+00:00,124421.80830416683,426965.61437959323,5.631903589135696,0.0003535144205670804,-0.003794315445702523,0.04267769258608123,0,-0.003808736578220675,0.00012380559264217147,0.04267769258608123,38a_P9_0
59934,153,2026-02-24 21:09:04.660000+00:00,124370.2772756669,426819.49798248976,9.734735336853497,0.003436862025409937,-0.0011406074627302587,0.008654859740508059,0,0.00019705039782591443,-0.0036158231575199444,0.008654859740508059,29_KW_1
59935,163,2026-02-24 21:09:22.590000+00:00,124091.05692617362,427154.20880324,9.871255381225527,-0.02638849579670932,0.005819538200739771,0.014485308230019811,0,0.024645219050827484,-0.011083001092643863,0.014485308230019811,907_GSL_1
59936,108,2026-02-24 21:09:40.120000+00:00,124422.71322934197,427023.8379477814,10.326768184390534,0.002504501986550167,-0.0008717133314348757,-0.0015542999521223066,0,-0.00026393543454674855,0.0026387027909989488,-0.0015542999521223066,39_LHN_0
59937,177,2026-02-24 21:09:53.690000+00:00,124422.72884518719,427023.89866137644,7.79112970168576,0.0023393501323880628,-0.0007581610698252916,-0.0020029180473946084,0,-0.00019197619066467045,0.0024516346367108944,-0.0020029180473946084,42_LHN_0
59938,107,2026-02-24 21:10:08.190000+00:00,124409.92267351307,426969.5268974099,6.295537926283524,0.0018560057651484385,0.0024863567668944597,0.00645760285349084,0,0.002856404247001359,0.0012114793230834395,0.00645760285349084,38_P9_0
59939,106,2026-02-24 21:10:23.270000+00:00,124410.03397600382,426969.4520838749,8.93049024471156,0.0017721855983836576,0.002522533992305398,0.006603020373029622,0,0.002874690242909117,0.0011135418917929284,0.006603020373029622,37_P9_0
59940,160,2026-02-24 21:10:38.920000+00:00,124421.8134832781,426965.61955934827,5.602287730722186,0.00227711746993009,0.0009213096345774829,0.010106500834847765,0,0.0019184538990506172,0.0015341479888992431,0.010106500834847765,38a_P9_0
59941,109,2026-02-24 21:10:48.580000+00:00,124446.57214860311,427018.9645627749,10.38505248612519,0.003093789142440073,-0.0006276936619542539,-0.0007727553427780975,0,5.136445203902278e-05,0.003156404962010476,-0.0007727553427780975,40_LHN_0
59942,151,2026-02-24 21:11:29.860000+00:00,124403.0352905652,426812.83770433295,6.61140437874891,-0.0016947802505455911,2.040719846263528e-05,0.0026590762731810713,0,0.0003172004506697054,0.0016649565836631913,0.0026590762731810713,27_KW_1
59943,113,2026-02-24 21:11:46.080000+00:00,124414.08007409715,426875.9121370511,7.338577252188602,0.0028394829714670777,-0.003095087071415037,0.035227307063325775,0,0.002334192819512031,-0.0034919581048790506,0.035227307063325775,32_P7_0
59944,112,2026-02-24 21:12:02.910000+00:00,124413.95387716487,426875.86436010065,10.704138596988582,0.0031425400520674884,-0.0029059647931717336,0.03487299006791744,0,0.002069281842774979,-0.003746766874675252,0.03487299006791744,31_P7_0
59945,133,2026-02-24 21:15:32.790000+00:00,124806.22597046105,426258.5124073096,4.593553699598717,0.00407436751993373,0.0009234962635673583,0.005396595414151051,0,0.001335874001805252,-0.00395837803748134,0.005396595414151051,903_GSL_1
59946,153,2026-02-24 21:15:49.470000+00:00,124370.27767985743,426819.4977704633,9.734892296762565,0.0038410525594372302,-0.0013526339316740632,0.008811819649576336,0,0.0002953711623687076,-0.004061534093654304,0.008811819649576336,29_KW_1
59947,136,2026-02-24 21:16:07.410000+00:00,123855.61684966297,426533.0750451629,6.036412589705143,0.0010795511770993471,0.0009366368176415563,0.014120047268404434,0,-0.0014234892950820421,0.00012805271931949877,0.014120047268404434,904_GSL_1
59948,140,2026-02-24 21:16:23.300000+00:00,123928.08828373229,426940.4336894418,7.146059206899439,0.0007599998207297176,-0.0007492350996471941,0.010485500697095418,0,-0.0007840149106902025,-0.0007240673876566862,0.010485500697095418,905_GSL_1
59949,145,2026-02-24 21:16:41.370000+00:00,124266.91979063013,427056.31815754133,7.1192008395137405,0.001466877292841673,0.0034109337138943374,0.011233903222094277,0,0.001363086751032065,0.00345372151482953,0.011233903222094277,906_GSL_1
59950,6,2026-02-24 21:16:41.570000+00:00,124399.03866605308,426925.07711747073,8.571060160335888,-0.000504691299283877,0.0016682558343745768,0.023753464514330247,11,-0.0017428464266896512,-1.6648407514750535e-05,0.023753464514330247,TS5
59951,71,2026-02-24 21:21:27.520000+00:00,124806.22506135919,426258.5113608193,4.601355880703103,-0.0027005762967746705,-0.0037453128024935722,0.009852217553835807,0,0.0017883096921213956,0.004257044604921133,0.009852217553835807,903_GSL_1
59952,67,2026-02-24 21:21:45.630000+00:00,123855.61352369108,426533.07935297233,6.041277656426109,-0.004470783067517914,-0.011749732366297394,-0.0031304919114667484,0,0.010499677509684266,-0.006913818345100762,-0.0031304919114667484,904_GSL_1
59953,68,2026-02-24 21:22:01.810000+00:00,123928.08843970274,426940.43410458276,7.145670845689137,-0.020510659116553143,-0.013630422472488135,0.026857564648911314,0,0.020055097952509066,-0.014292256654889065,0.026857564648911314,905_GSL_1
59954,69,2026-02-24 21:22:20.040000+00:00,124266.92045175229,427056.3196341852,7.118907225024595,-0.022145444367197342,0.004795801127329469,0.02840585409716212,0,0.019090224213744476,-0.012205890141341243,0.02840585409716212,906_GSL_1
59955,162,2026-02-24 21:22:59.830000+00:00,124402.99781805616,426879.6480890902,6.554242504394894,0.0023899278457975015,0.00035550229949876666,0.009569461104327104,0,-0.00014679108694723987,-0.0024117606369331193,0.009569461104327104,34a_P7_0
59956,104,2026-02-24 21:23:16.580000+00:00,124389.81704487905,426881.4465185611,10.731914609418055,-5.133122613187879e-05,0.0021789929596707225,0.006002741357848507,0,-0.002121286446197245,0.0005007884046687174,0.006002741357848507,33_P7_0
59957,105,2026-02-24 21:23:33.120000+00:00,124389.68855402598,426881.4745328974,7.068206099828079,-0.00013141137605998665,0.002579683263320476,0.0059102031052891135,0,-0.0024947977365534337,0.0006693421714651051,0.0059102031052891135,34_P7_0
59958,65,2026-02-24 21:23:48.060000+00:00,124370.27700148868,426819.49789400987,9.734601006234323,-0.0014730024704476818,-0.0005634140106849372,-0.0007782615161300299,0,0.0009307525735029661,0.0012731344282119882,-0.0007782615161300299,30_KW_1
59959,153,2026-02-24 21:24:02.820000+00:00,124370.27722296758,426819.4978338728,9.734618923099898,0.003384162700967863,-0.001289224426727742,0.008538445986909338,0,0.00035429190853181246,-0.0036040441246802824,0.008538445986909338,29_KW_1
59960,159,2026-02-24 21:24:18.350000+00:00,124421.80795197978,426965.61440730427,5.631886031973959,1.3273674994707108e-06,-0.0037666044081561267,0.042660135424344325,0,-0.0037598144394129195,-0.00022606616427001475,0.042660135424344325,38a_P9_0
59961,163,2026-02-24 21:24:20.280000+00:00,124091.0573216067,427154.20920552494,9.8725797648349,-0.02599306272168178,0.00622182316146791,0.01580969183939196,0,0.024568098389900806,-0.01052420707749591,0.01580969183939196,907_GSL_1
59962,177,2026-02-24 21:24:35.380000+00:00,124422.72904113143,427023.89839994867,7.7910305905899,0.002535294377594255,-0.0010195888462476432,-0.0021020291432547467,0,-0.0004005294854543819,0.0027031195178414307,-0.0021020291432547467,42_LHN_0
59963,108,2026-02-24 21:24:50.680000+00:00,124422.71353772585,427023.8378284976,10.325930515409105,0.0028128858684794977,-0.0009909971267916262,-0.002391968933551425,0,-0.0003080549102799294,0.0029663958580495187,-0.002391968933551425,39_LHN_0
59964,107,2026-02-24 21:25:05.790000+00:00,124409.9227932962,426969.5267582542,6.29552883849342,0.001975788894924335,0.002347201108932495,0.006448515063386395,0,0.002749724753510257,0.0013609219606624096,0.006448515063386395,38_P9_0
59965,106,2026-02-24 21:25:20.640000+00:00,124410.03420789576,426969.4519158537,8.930419727114629,0.002004077541641891,0.0023545128060504794,0.00653250277609807,0,0.002767365214629194,0.0013790384750359296,0.00653250277609807,37_P9_0
59966,160,2026-02-24 21:25:36.270000+00:00,124421.81368498475,426965.61951676355,5.60229491753023,0.002478824113495648,0.0008787249098531902,0.010113687642891556,0,0.0019801065846441783,0.0017308680961565937,0.010113687642891556,38a_P9_0
59967,176,2026-02-24 21:27:17.280000+00:00,124446.56848380921,427018.99753444234,7.9069892182907475,0.0012377352686598897,-0.0054066997254267335,-0.011423705356437885,0,-0.005014964816169119,0.00236949750132806,-0.011423705356437885,41_LHN_0
59968,109,2026-02-24 21:27:30.810000+00:00,124446.57084286994,427018.9645727472,10.386380885879236,0.0017880559753393754,-0.0006177214090712368,0.0005556444112677639,0,-0.00021931114232262764,0.0018789961503486226,0.0005556444112677639,40_LHN_0
59969,151,2026-02-24 21:28:24.800000+00:00,124403.03599590698,426812.83745363256,6.611668775202634,-0.0009894384711515158,-0.00023029319709166884,0.0029234727269056293,0,0.0004225511943515356,0.0009238365293564885,0.0029234727269056293,27_KW_1
59970,113,2026-02-24 21:28:40.380000+00:00,124414.0798758948,426875.9122421216,7.338421189399896,0.0026412806182634085,-0.0029900165973231196,0.035071244274619495,0,0.0022790746453644245,-0.0032745047438564935,0.035071244274619495,32_P7_0
59971,112,2026-02-24 21:28:58.450000+00:00,124413.9533132878,426875.86458080873,10.704822953583411,0.0025786629848880693,-0.0026852567098103464,0.035557346662747236,0,0.0019899608843365396,-0.003146452298386847,0.035557346662747236,31_P7_0
59972,161,2026-02-24 21:29:14.890000+00:00,124402.99192258975,426879.642720194,6.583538789368086,0.0005188431532587856,-0.004786692967172712,0.041914468544364425,0,0.003949169376744109,-0.002754212957171389,0.041914468544364425,34a_P7_0
59973,133,2026-02-24 21:30:27.540000+00:00,124806.2187087711,426258.50770747825,4.602553275245162,-0.0031873224215814844,-0.003776335099246353,0.01439617106059643,0,0.0015610808297495582,0.004688577358208399,0.01439617106059643,903_GSL_1
59974,153,2026-02-24 21:30:44.010000+00:00,124370.27742543074,426819.4977811051,9.734835425590202,0.0035866258695023134,-0.0013419921160675585,0.00875494847721292,0,0.00035198249003664893,-0.0038132579632223036,0.00875494847721292,29_KW_1
59975,136,2026-02-24 21:31:02.480000+00:00,123855.61360538196,426533.07953705476,6.0349435928702775,-0.0021647298272000626,0.00542852864600718,0.01265105043353909,0,-0.0014202336318103071,0.005669031214975365,0.01265105043353909,904_GSL_1
59976,140,2026-02-24 21:31:18.030000+00:00,123928.08845864903,426940.43604930135,7.14383674662081,0.0009349165629828349,0.0016106244293041527,0.008263040418466261,0,-0.0008819266760742238,0.001640239424608382,0.008263040418466261,905_GSL_1
59977,111,2026-02-24 21:31:19.930000+00:00,124434.2624937776,426963.9738671747,6.500604068330656,0.0008030182798393071,-0.004196604655589908,0.03931155871588743,0,-0.0039339593055795815,0.001667421115111233,0.03931155871588743,36_P9_0
59978,145,2026-02-24 21:31:37.520000+00:00,124266.91975043566,427056.3191453948,7.119301413703346,0.001426682822057046,0.004398787161335349,0.011334477411700128,0,0.0020877767302503064,0.004126250197225889,0.011334477411700128,906_GSL_1
59979,6,2026-02-24 21:31:37.720000+00:00,124399.03866316614,426925.0768137126,8.571974940666339,-0.0005075782391941175,0.0013644977007061243,0.02466824484478103,11,-0.0014530173149419287,9.072114756024958e-05,0.02466824484478103,TS5
59980,130,2026-02-24 21:31:39.300000+00:00,124898.9385450348,426720.76367413934,4.130653638841125,0.00017203754396177828,-0.006002559443004429,0.04059090637093021,0,0.0024747326916081383,0.00547138144241653,0.04059090637093021,901_GSL_1
59981,132,2026-02-24 21:32:11.050000+00:00,124806.218257844,426258.5020861727,4.631600766255927,0.004123556223930791,-0.003055577748455107,0.048968592045605774,0,0.004708396571814453,-0.0020423694649348467,0.048968592045605774,903_GSL_1
59982,135,2026-02-24 21:32:37.030000+00:00,123855.61383351022,426533.0715385372,6.063335515661028,0.00018323198310099542,-0.0050963840913027525,0.04213706854267052,0,0.0027097648230768796,-0.004320171219909002,0.04213706854267052,904_GSL_1
59983,5,2026-02-24 21:32:37.230000+00:00,124424.61916544386,426919.14201726165,8.791567981501691,-0.0007198600651463494,-0.0037202670937404037,-0.015676764902178064,11,-0.0037892724082302424,-6.15130194476527e-07,-0.015676764902178064,TS4
59984,66,2026-02-24 21:36:22.290000+00:00,124898.94023066694,426720.7679407614,4.128648237483728,0.0026250032533425838,-0.006264393392484635,0.046361707079963566,0,0.00483875738021522,0.004766517981847655,0.046361707079963566,901_GSL_1
59985,71,2026-02-24 21:36:23.620000+00:00,124806.22375723554,426258.5104390893,4.602079181185735,-0.004004699949291535,-0.004667042754590511,0.01057551803646728,0,0.0018950373028373128,0.005850448134791598,0.01057551803646728,903_GSL_1
59986,71,2026-02-24 21:36:45.070000+00:00,124806.22313229255,426258.50591595226,4.629403512319443,-0.004629642935469747,-0.009190179815050215,0.037899849170175415,0,0.005642198352331873,0.008605730445223394,0.037899849170175415,903_GSL_1
59987,67,2026-02-24 21:36:48.720000+00:00,123855.61610966081,426533.07569146506,6.0328788497030335,-0.001884813333163038,-0.015411239641252905,-0.011529298634542329,0,0.01054443194881442,-0.011396217945345545,-0.011529298634542329,904_GSL_1
59988,68,2026-02-24 21:37:04.820000+00:00,123928.0884652657,426940.43336531025,7.149024630625386,-0.020485096159973182,-0.014369694981724024,0.030211349585160363,0,0.02000542273040403,-0.015030314698267839,0.030211349585160363,905_GSL_1
59989,67,2026-02-24 21:37:06.300000+00:00,123855.61705790814,426533.0684954522,6.063988760700586,-0.000936566008022055,-0.02260725252563134,0.019580612363010452,0,0.01346774237750873,-0.01818199488224827,0.019580612363010452,904_GSL_1
59990,69,2026-02-24 21:37:23.410000+00:00,124266.91999463615,427056.3188820716,7.120627141654072,-0.02260256050794851,0.004043687542434782,0.0301257707266398,0,0.018884402442948867,-0.013061642118396243,0.0301257707266398,906_GSL_1
59991,159,2026-02-24 21:37:42.350000+00:00,124421.80860877772,426965.6153955679,5.62864158508353,0.0006581253110198304,-0.002778340771328658,0.039415688533915194,0,-0.002813007672654172,0.0004891770642832991,0.039415688533915194,38a_P9_0
59992,162,2026-02-24 21:38:02.620000+00:00,124402.9978942516,426879.6477437094,6.5551184560493025,0.0024661232891958207,1.0121497325599194e-05,0.01044541275873545,0,0.0002039000515859224,-0.002457700407125609,0.01044541275873545,34a_P7_0
59993,104,2026-02-24 21:38:20.670000+00:00,124389.8172317427,426881.44627827033,10.732854487462028,0.00013553242024499923,0.0019387021893635392,0.006942619401820949,0,-0.0019248276600565997,0.0002682791364632786,0.006942619401820949,33_P7_0
59994,110,2026-02-24 21:38:35.110000+00:00,124434.1446081642,426963.9309616374,8.786081007416172,0.004522321731201373,-0.0011249360395595431,0.035020647158383156,0,-0.00016006045851491843,0.004657387205635375,0.035020647158383156,35_P9_0
59995,105,2026-02-24 21:38:36.930000+00:00,124389.68855741095,426881.4740695037,7.069259960142689,-0.00012802641140297055,0.0021162895718589425,0.006964063419898636,0,-0.0020424119881375788,0.0005688809934314303,0.006964063419898636,34_P7_0
59996,153,2026-02-24 21:38:52.100000+00:00,124370.2772648994,426819.4974125416,9.7353781846556,0.003426094524911605,-0.0017105556325986981,0.009297707542611278,0,0.0007497802786363211,-0.0037552568220579068,0.009297707542611278,29_KW_1
59997,111,2026-02-24 21:38:53.480000+00:00,124434.26383558505,426963.97478721885,6.500282151162069,0.0021448257321026176,-0.003276560513768345,0.03898964154730056,0,-0.002752359125053649,0.0027857935078195086,0.03898964154730056,36_P9_0
59998,65,2026-02-24 21:39:06.700000+00:00,124370.27711773105,426819.4975085089,9.735745791567751,-0.0013567600981332362,-0.0009489149670116603,0.00036652381729851413,0,0.0012721492900923158,0.001059657379638752,0.00036652381729851413,30_KW_1
59999,176,2026-02-24 21:39:07.610000+00:00,124446.56626998354,427018.99912672804,7.903087105011997,-0.0009760904067661613,-0.003814414027146995,-0.015325818635188782,0,-0.003935023560853723,-0.0001345229653359269,-0.015325818635188782,41_LHN_0
60000,109,2026-02-24 21:39:20.360000+00:00,124446.5711261824,427018.9655113982,10.383649420464149,0.002071368435281329,0.00032092962646856904,-0.0021758210038189674,0,0.0007582827678207602,0.0019541162360133964,-0.0021758210038189674,40_LHN_0
60001,163,2026-02-24 21:39:25.030000+00:00,124091.05750201219,427154.20891342656,9.870570525681876,-0.025812657229835168,0.005929724778980017,0.013800452686368203,0,0.024248991710561836,-0.010650883073272128,0.013800452686368203,907_GSL_1
60002,108,2026-02-24 21:39:42.940000+00:00,124422.71315843436,427023.8375648723,10.326770652679961,0.0024335943744517863,-0.001254622417036444,-0.0015518316626952355,0,-0.0006528284634188607,0.002658998681091045,-0.0015518316626952355,39_LHN_0
60003,177,2026-02-24 21:39:56.090000+00:00,124422.7289274156,427023.8981753177,7.792089824322515,0.002421578552457504,-0.0012442198349162936,-0.0010427954106395632,0,-0.0006454813420115381,0.0026448968827605156,-0.0010427954106395632,42_LHN_0
60004,107,2026-02-24 21:40:10.830000+00:00,124409.92275191724,426969.52647400164,6.296640531955183,0.001934409941895865,0.0020629485370591283,0.007560208525149825,0,0.002463784441594326,0.0013883316301293782,0.007560208525149825,38_P9_0
60005,106,2026-02-24 21:40:25.710000+00:00,124410.03404655849,426969.4515991021,8.931426064659368,0.0018427402683300897,0.0020377612090669572,0.007538840320837181,0,0.002421108180117036,0.001298613730819775,0.007538840320837181,37_P9_0
60006,160,2026-02-24 21:40:42.130000+00:00,124421.81362525301,426965.6191965855,5.603334150943802,0.0024190923722926527,0.0005585468607023358,0.01115292105646315,0,0.0016716943012334633,0.001835598176210821,0.01115292105646315,38a_P9_0
60007,151,2026-02-24 21:40:48.010000+00:00,124403.03693708105,426812.83864069346,6.607698958417538,-4.826439544558525e-05,0.0009567677043378353,-0.0010463440581904848,0,-0.0009280360926723747,0.00023766131916870886,-0.0010463440581904848,27_KW_1
60008,113,2026-02-24 21:41:03.120000+00:00,124414.0802304701,426875.9136813207,7.335251985074912,0.0029958559316582978,-0.0015508175129070878,0.03190203994963525,0,0.0007968491726267381,-0.003277990103352299,0.03190203994963525,32_P7_0
60009,112,2026-02-24 21:41:19.320000+00:00,124413.95394259211,426875.8659192001,10.700771305530695,0.0032079672964755446,-0.001346865319646895,0.031505698610031274,0,0.000539849110233517,-0.0034371010026916908,0.031505698610031274,31_P7_0
60010,161,2026-02-24 21:41:37.260000+00:00,124402.99255560586,426879.6439735265,6.580780526791806,0.001151859265519306,-0.0035333604901097715,0.03915620596808367,0,0.0025458521779284835,-0.0027074070268004098,0.03915620596808367,34a_P7_0
60011,130,2026-02-24 21:45:20.950000+00:00,124898.94115344589,426720.7696198922,4.129027514555972,0.002780448630801402,-5.680660251528025e-05,0.03896478208577747,0,0.0025870644419994883,-0.0010204014658734062,0.03896478208577747,901_GSL_1
60012,133,2026-02-24 21:45:27.420000+00:00,124806.22691806994,426258.5122192686,4.607708766826132,0.005021976408897899,0.0007354552508331835,0.01955166264156638,0,0.0019903315302388053,-0.004669017228201498,0.01955166264156638,903_GSL_1
60013,153,2026-02-24 21:45:44.090000+00:00,124370.27747091606,426819.4973621901,9.735901728246935,0.003632111183833331,-0.0017609071219339967,0.009821251133946163,0,0.000744205381632953,-0.003967264031263055,0.009821251133946163,29_KW_1
60014,136,2026-02-24 21:46:01.020000+00:00,123855.61181275835,426533.0816044914,6.0396412212046044,-0.003957353445002809,0.007495965284761041,0.017348678767866055,0,-0.0011759056470624686,0.008394485555900662,0.017348678767866055,904_GSL_1
60015,140,2026-02-24 21:46:17.010000+00:00,123928.08841590094,426940.434721458,7.146886135751069,0.0008921684784581885,0.0002827810822054744,0.011312429548725689,0,-0.0008824779538338349,0.00031170883113082666,0.011312429548725689,905_GSL_1
60016,145,2026-02-24 21:46:34.560000+00:00,124266.91936774258,427056.3175382023,7.120329896101986,0.0010439897450851277,0.0027915946557186544,0.01236295981034008,0,0.0012266490260604021,0.0027162929658902644,0.01236295981034008,906_GSL_1
60017,6,2026-02-24 21:46:34.760000+00:00,124399.03862258678,426925.07715093583,8.571384755248127,-0.0005481575935846195,0.001701720932032913,0.02407805942656971,11,-0.001786058344335746,-7.953910077503022e-05,0.02407805942656971,TS5
60018,135,2026-02-24 21:47:36.220000+00:00,123855.61678576417,426533.0685419691,6.063756765142157,0.0031354859384009615,-0.008092952193692327,0.042558318023799835,0,0.001949202370107049,-0.008457408432827912,0.042558318023799835,904_GSL_1
60019,66,2026-02-24 21:51:24.460000+00:00,124898.94062742917,426720.7681996354,4.130428651246155,0.003021765485755168,-0.006005519418977201,0.04814212084239067,0,0.005104915487065003,0.004374604897877899,0.04814212084239067,901_GSL_1
60020,67,2026-02-24 21:52:11.950000+00:00,123855.60757917754,426533.08771907655,6.031328402515982,-0.010415296608698554,-0.0033836281509138644,-0.013079745821594102,0,0.010426511448455387,0.0033489105580849898,-0.013079745821594102,904_GSL_1
60021,67,2026-02-24 21:52:20.460000+00:00,123855.61654855704,426533.0689953631,6.061671379770002,-0.0014459171070484444,-0.02210734161781147,0.01726323143242592,0,0.013608565401329441,-0.017482339014125475,0.01726323143242592,904_GSL_1
60022,68,2026-02-24 21:52:29.380000+00:00,123928.08844036139,426940.4356265514,7.1474550075566565,-0.020510000467766076,-0.01210845384048298,0.028641726516430488,0,0.02010408943253669,-0.012771075196843779,0.028641726516430488,905_GSL_1
60023,69,2026-02-24 21:52:47.690000+00:00,124266.91933190502,427056.31808648916,7.11914679965613,-0.023265291631105356,0.0032481051166541874,0.028645428728697908,0,0.018793838790863885,-0.014093104875513983,0.028645428728697908,906_GSL_1
60024,159,2026-02-24 21:53:24.540000+00:00,124421.80829682406,426965.61543281836,5.628728432034485,0.0003461716551100835,-0.002741090313065797,0.03950253548487037,0,-0.0027569903782636677,0.0001800415878244853,0.03950253548487037,38a_P9_0
60025,110,2026-02-24 21:53:44.650000+00:00,124434.14250816494,426963.9314077768,8.783314440732417,0.0024223224609158933,-0.0006787966703996062,0.032254080474627855,0,-0.00016030750857296865,0.002510520369783593,0.032254080474627855,35_P9_0
60026,162,2026-02-24 21:53:46.500000+00:00,124402.99824284171,426879.64811589743,6.554504705034449,0.0028147133998572826,0.0003823095466941595,0.009831661743882059,0,-0.0001366367149368284,-0.0028372702587101057,0.009831661743882059,34a_P7_0
60027,111,2026-02-24 21:54:01.810000+00:00,124434.26286692797,426963.97507720796,6.500877250443166,0.0011761686473619193,-0.0029865714022889733,0.03958474082839736,0,-0.002672516794398948,0.0017778175979731616,0.03958474082839736,36_P9_0
60028,104,2026-02-24 21:54:03.650000+00:00,124389.81752748576,426881.44644171925,10.73225694861194,0.0004312754899729043,0.002102151105646044,0.006345080551733773,0,-0.0021458974846677325,1.2720240443982182e-05,0.006345080551733773,33_P7_0
60029,176,2026-02-24 21:54:15.520000+00:00,124446.56647620328,427018.99919739,7.904616432497262,-0.0007698706613155082,-0.0037437520804814994,-0.01379649114992354,0,-0.003821741150362493,5.1720932801933e-05,-0.01379649114992354,41_LHN_0
60030,105,2026-02-24 21:54:20.120000+00:00,124389.68902464806,426881.47435069364,7.068620639867057,0.00033921070280484855,0.0023974794894456863,0.006324743144267231,0,-0.0024153133966647177,0.00017097660396104357,0.006324743144267231,34_P7_0
60031,109,2026-02-24 21:54:29.170000+00:00,124446.57061692337,427018.96562267997,10.383693743145335,0.0015621094062225893,0.0004322113818489015,-0.002131498322633263,0,0.0007576010066521107,0.00143284095081364,-0.002131498322633263,40_LHN_0
60032,153,2026-02-24 21:54:35.280000+00:00,124370.2782171438,426819.49737789494,9.734990787853787,0.00437833892647177,-0.0017452022875659168,0.008910310740798622,0,0.0005328974868107297,-0.004683118944478571,0.008910310740798622,29_KW_1
60033,65,2026-02-24 21:54:51.060000+00:00,124370.27807958164,426819.4975754833,9.735411823271301,-0.0003949095116695389,-0.0008819405920803547,3.255552084802105e-05,0,0.0009547271979863972,0.00014922703438440053,3.255552084802105e-05,30_KW_1
60034,163,2026-02-24 21:55:09.200000+00:00,124091.05566570676,427154.2068129796,9.874204277918338,-0.02764896265580319,0.0038292778190225363,0.017434204922830432,0,0.02446844617994196,-0.013432186943924698,0.017434204922830432,907_GSL_1
60035,177,2026-02-24 21:55:24.420000+00:00,124422.72792361792,427023.89879612596,7.79165948457015,0.0014177808625390753,-0.0006234115571714938,-0.00147313516300418,0,-0.0002757554231710685,0.0015240418269813908,-0.00147313516300418,42_LHN_0
60036,108,2026-02-24 21:55:39.520000+00:00,124422.7122876489,427023.838148177,10.32642539975516,0.001562808916787617,-0.0006713176844641566,-0.0018970845874974884,0,-0.00028855615844809485,0.0016762381952714475,-0.0018970845874974884,39_LHN_0
60037,107,2026-02-24 21:55:54.580000+00:00,124409.9222482206,426969.52697709226,6.296068494170722,0.0014307132951216772,0.0025660391547717154,0.006988170740688915,0,0.0028326617670836607,0.0007794387660117628,0.006988170740688915,38_P9_0
60038,151,2026-02-24 21:56:06.620000+00:00,124403.03722674634,426812.83858200145,6.607693270564635,0.0002414008922642097,0.0008980756974779069,-0.0010520319110938203,0,-0.000928150349131819,-5.789022882031132e-05,-0.0010520319110938203,27_KW_1
60039,106,2026-02-24 21:56:09.340000+00:00,124410.03357423392,426969.45209407306,8.930927639481693,0.001370415702695027,0.0025327321491204202,0.007040415143162448,0,0.0027879689301327725,0.0007211106586340048,0.007040415143162448,37_P9_0
60040,113,2026-02-24 21:56:22.710000+00:00,124414.08069581882,426875.9135667821,7.335284360160452,0.0034612046438269317,-0.0016653561033308506,0.03193441503517569,0,0.0007978709155955862,-0.00375722644239033,0.03193441503517569,32_P7_0
60041,160,2026-02-24 21:56:25.180000+00:00,124421.81309035669,426965.61974335724,5.602598277564187,0.0018841960554709658,0.0011053186026401818,0.01041704767684859,0,0.0018864565738374124,0.001101456119788892,0.01041704767684859,38a_P9_0
60042,112,2026-02-24 21:56:38.430000+00:00,124413.95438968392,426875.8658656366,10.700886336283553,0.0036550591030390933,-0.0014004288241267204,0.03162072936288851,0,0.00048483902897261357,-0.0038840171284558966,0.03162072936288851,31_P7_0
60043,161,2026-02-24 21:56:55.910000+00:00,124402.99296047154,426879.6436964484,6.580750682178479,0.0015567249502055347,-0.003810438560321927,0.03912636135475722,0,0.0025944151646478085,-0.003195597682128674,0.03912636135475722,34a_P7_0
